analysis_id	source_analysis_id	source_ancestry_label	assigned_ancestry	ancestry_assignment_method	ancestry_reference_id	af_overlap	dominant_superpop	dominant_proportion	runner_up_margin	nnls_residual	gate_reason	ancestry_prop_AFR	ancestry_prop_AMR	ancestry_prop_EAS	ancestry_prop_EUR	ancestry_prop_MID	ancestry_prop_NAF	ancestry_prop_SAS	source_assigned_mismatch	ancestry_notes
GCST90201021	GCST90201021	African	AFR	af_assigned	ukb-ancestry-mixture-hg38	9547	AFR	0.807446	0.653904	0.0395302	ok	0.807446	0.0027428	0	0.153542	0	0.026443	0.0098256	false	dominant=AFR proportion=0.807 margin=0.654 overlap=9547 residual=0.0395
GCST90201022	GCST90201022	African	AFR	af_assigned	ukb-ancestry-mixture-hg38	10215	AFR	0.820742	0.680604	0.0396251	ok	0.820742	0.0096128	0.0110795	0.140137	0	0	0.0184286	false	dominant=AFR proportion=0.821 margin=0.681 overlap=10215 residual=0.0396
GCST90201023	GCST90201023	African	AFR	af_assigned	ukb-ancestry-mixture-hg38	9189	AFR	0.788992	0.654317	0.0407948	ok	0.788992	0.00552442	0	0.134674	0	0.0515743	0.0192354	false	dominant=AFR proportion=0.789 margin=0.654 overlap=9189 residual=0.0408
GCST90201024	GCST90201024	African	AFR	af_assigned	ukb-ancestry-mixture-hg38	6671	AFR	0.808732	0.666704	0.0396061	ok	0.808732	0.0148233	0.0044761	0.142029	0.0073795	0.00210153	0.0204585	false	dominant=AFR proportion=0.809 margin=0.667 overlap=6671 residual=0.0396
GCST90201025	GCST90201025	African	AFR	af_assigned	ukb-ancestry-mixture-hg38	15280	AFR	0.81135	0.64582	0.0392635	ok	0.81135	0	0.023119	0.165531	0	0	0	false	dominant=AFR proportion=0.811 margin=0.646 overlap=15280 residual=0.0393
GCST90201026	GCST90201026	African	AFR	af_assigned	ukb-ancestry-mixture-hg38	6571	AFR	0.791577	0.631961	0.0433759	ok	0.791577	0.0147839	0.00523986	0.159615	3.29037e-05	0	0.0287511	false	dominant=AFR proportion=0.792 margin=0.632 overlap=6571 residual=0.0434
GCST90201027	GCST90201027	African	AFR	af_assigned	ukb-ancestry-mixture-hg38	16456	AFR	0.826054	0.701791	0.0406833	ok	0.826054	0.0228549	0.00661513	0.124263	0	0	0.0202133	false	dominant=AFR proportion=0.826 margin=0.702 overlap=16456 residual=0.0407
GCST90201028	GCST90201028	African	AFR	af_assigned	ukb-ancestry-mixture-hg38	25329	AFR	0.774987	0.590567	0.044372	ok	0.774987	0	0.0136939	0.18442	0	0	0.0268998	false	dominant=AFR proportion=0.775 margin=0.591 overlap=25329 residual=0.0444
GCST90201029	GCST90201029	African	AFR	af_assigned	ukb-ancestry-mixture-hg38	10346	AFR	0.804005	0.677725	0.0379783	ok	0.804005	0.0233427	0.00676749	0.126279	0.0396057	0	0	false	dominant=AFR proportion=0.804 margin=0.678 overlap=10346 residual=0.0380
GCST90201030	GCST90201030	African	AFR	af_assigned	ukb-ancestry-mixture-hg38	18664	AFR	0.801828	0.644914	0.0405607	ok	0.801828	0.0118705	0.0185763	0.156914	0	0.00947528	0.00133667	false	dominant=AFR proportion=0.802 margin=0.645 overlap=18664 residual=0.0406
GCST90201031	GCST90201031	African	AFR	af_assigned	ukb-ancestry-mixture-hg38	21641	AFR	0.793091	0.691766	0.0422782	ok	0.793091	0.0229705	0.00417933	0.101325	0.012027	0.034706	0.0317007	false	dominant=AFR proportion=0.793 margin=0.692 overlap=21641 residual=0.0423
GCST90201032	GCST90201032	African	AFR	af_assigned	ukb-ancestry-mixture-hg38	6701	AFR	0.811103	0.670853	0.0399201	ok	0.811103	0.0163548	0.00482634	0.140249	0.00555958	0	0.0219071	false	dominant=AFR proportion=0.811 margin=0.671 overlap=6701 residual=0.0399
GCST90201033	GCST90201033	African	AFR	af_assigned	ukb-ancestry-mixture-hg38	29471	AFR	0.780276	0.577806	0.0398433	ok	0.780276	0	0.0147041	0.20247	0	0	0.00254986	false	dominant=AFR proportion=0.780 margin=0.578 overlap=29471 residual=0.0398
GCST90201034	GCST90201034	African	AFR	af_assigned	ukb-ancestry-mixture-hg38	17129	AFR	0.77565	0.600018	0.0512604	ok	0.77565	0	0.00209757	0.175632	0.0466213	0	0	false	dominant=AFR proportion=0.776 margin=0.600 overlap=17129 residual=0.0513
GCST90201035	GCST90201035	African	AFR	af_assigned	ukb-ancestry-mixture-hg38	20491	AFR	0.821926	0.691203	0.0406194	ok	0.821926	0	0.000283243	0.130723	0	0	0.0470684	false	dominant=AFR proportion=0.822 margin=0.691 overlap=20491 residual=0.0406
GCST90201036	GCST90201036	African	AFR	af_assigned	ukb-ancestry-mixture-hg38	16745	AFR	0.82794	0.684093	0.0417048	ok	0.82794	0.0282127	0	0.143847	0	0	0	false	dominant=AFR proportion=0.828 margin=0.684 overlap=16745 residual=0.0417
GCST90201037	GCST90201037	African	AFR	af_assigned	ukb-ancestry-mixture-hg38	34419	AFR	0.789308	0.61618	0.0429905	ok	0.789308	0.0152173	0	0.173128	0	0	0.022346	false	dominant=AFR proportion=0.789 margin=0.616 overlap=34419 residual=0.0430
GCST90201038	GCST90201038	African	AFR	af_assigned	ukb-ancestry-mixture-hg38	6966	AFR	0.812362	0.674001	0.0424529	ok	0.812362	0.0117376	0.00353346	0.138361	0.0112812	0	0.0227242	false	dominant=AFR proportion=0.812 margin=0.674 overlap=6966 residual=0.0425
GCST90201039	GCST90201039	African	AFR	af_assigned	ukb-ancestry-mixture-hg38	80614	AFR	0.78883	0.624281	0.0479609	ok	0.78883	0	0.00224057	0.164549	0.0158441	0.0129267	0.015609	false	dominant=AFR proportion=0.789 margin=0.624 overlap=80614 residual=0.0480
GCST90201040	GCST90201040	African	AFR	af_assigned	ukb-ancestry-mixture-hg38	6761	AFR	0.808343	0.662893	0.040466	ok	0.808343	0.0134762	0.00486693	0.14545	0.00821918	0	0.0196446	false	dominant=AFR proportion=0.808 margin=0.663 overlap=6761 residual=0.0405
GCST90201041	GCST90201041	African	AFR	af_assigned	ukb-ancestry-mixture-hg38	53988	AFR	0.819682	0.669749	0.0402042	ok	0.819682	0.00487462	0.00968132	0.149934	0.0158282	0	0	false	dominant=AFR proportion=0.820 margin=0.670 overlap=53988 residual=0.0402
GCST90201042	GCST90201042	African	AFR	af_assigned	ukb-ancestry-mixture-hg38	31096	AFR	0.774998	0.559155	0.0415129	ok	0.774998	0	0	0.215843	0	0.00915876	0	false	dominant=AFR proportion=0.775 margin=0.559 overlap=31096 residual=0.0415
GCST90201043	GCST90201043	African	AFR	af_assigned	ukb-ancestry-mixture-hg38	6683	AFR	0.8095	0.666423	0.039566	ok	0.8095	0.0145352	0.00486156	0.143077	0.00662831	0.000835455	0.0205626	false	dominant=AFR proportion=0.809 margin=0.666 overlap=6683 residual=0.0396
GCST90201044	GCST90201044	African	AFR	af_assigned	ukb-ancestry-mixture-hg38	20449	AFR	0.809777	0.677333	0.0456314	ok	0.809777	0.0114299	0	0.132444	0	0	0.0463491	false	dominant=AFR proportion=0.810 margin=0.677 overlap=20449 residual=0.0456
GCST90201045	GCST90201045	African	AFR	af_assigned	ukb-ancestry-mixture-hg38	13876	AFR	0.822771	0.703604	0.0427614	ok	0.822771	0.0392219	0.00900135	0.119167	0	0	0.00983871	false	dominant=AFR proportion=0.823 margin=0.704 overlap=13876 residual=0.0428
GCST90201046	GCST90201046	African	AFR	af_assigned	ukb-ancestry-mixture-hg38	6703	AFR	0.809248	0.661865	0.0397624	ok	0.809248	0.0138059	0.00478613	0.147383	0.000728628	0.000377321	0.0236714	false	dominant=AFR proportion=0.809 margin=0.662 overlap=6703 residual=0.0398
GCST90201047	GCST90201047	African	AFR	af_assigned	ukb-ancestry-mixture-hg38	13960	AFR	0.789185	0.648123	0.0437404	ok	0.789185	0.0136904	0.013636	0.141062	0.0149279	0	0.0274986	false	dominant=AFR proportion=0.789 margin=0.648 overlap=13960 residual=0.0437
GCST90201048	GCST90201048	African	AFR	af_assigned	ukb-ancestry-mixture-hg38	15051	AFR	0.812932	0.680202	0.038925	ok	0.812932	0	0.0166069	0.13273	0	0.00619739	0.0315338	false	dominant=AFR proportion=0.813 margin=0.680 overlap=15051 residual=0.0389
GCST90201049	GCST90201049	African	AFR	af_assigned	ukb-ancestry-mixture-hg38	9973	AFR	0.777052	0.647848	0.0387417	ok	0.777052	0.0191289	0.0209017	0.129204	0	0.0537126	0	false	dominant=AFR proportion=0.777 margin=0.648 overlap=9973 residual=0.0387
GCST90201050	GCST90201050	African	AFR	af_assigned	ukb-ancestry-mixture-hg38	10344	AFR	0.804967	0.677535	0.039853	ok	0.804967	0	0.0212609	0.127431	0.0206937	0	0.0256473	false	dominant=AFR proportion=0.805 margin=0.678 overlap=10344 residual=0.0399
GCST90201051	GCST90201051	African	AFR	af_assigned	ukb-ancestry-mixture-hg38	9897	AFR	0.822118	0.680345	0.0382718	ok	0.822118	0	0.00489139	0.141773	0.0151431	0	0.016074	false	dominant=AFR proportion=0.822 margin=0.680 overlap=9897 residual=0.0383
GCST90201052	GCST90201052	African	AFR	af_assigned	ukb-ancestry-mixture-hg38	13139	AFR	0.800628	0.619201	0.0418205	ok	0.800628	0.0162231	0	0.181427	0	0	0.0017216	false	dominant=AFR proportion=0.801 margin=0.619 overlap=13139 residual=0.0418
GCST90201053	GCST90201053	African	AFR	af_assigned	ukb-ancestry-mixture-hg38	9383	AFR	0.800557	0.644139	0.0394721	ok	0.800557	0.00776197	0.0144752	0.156418	0.00219834	0	0.0185897	false	dominant=AFR proportion=0.801 margin=0.644 overlap=9383 residual=0.0395
GCST90201054	GCST90201054	African	AFR	af_assigned	ukb-ancestry-mixture-hg38	21821	AFR	0.794435	0.623799	0.0392446	ok	0.794435	0.000919722	0	0.170636	0	0.00918837	0.0248214	false	dominant=AFR proportion=0.794 margin=0.624 overlap=21821 residual=0.0392
GCST90201055	GCST90201055	African	AFR	af_assigned	ukb-ancestry-mixture-hg38	9203	AFR	0.815354	0.662698	0.0404335	ok	0.815354	0.0120611	0.00234379	0.152656	0	0	0.0175848	false	dominant=AFR proportion=0.815 margin=0.663 overlap=9203 residual=0.0404
GCST90201056	GCST90201056	African	AFR	af_assigned	ukb-ancestry-mixture-hg38	11762	AFR	0.787231	0.611424	0.040709	ok	0.787231	0.0267727	0.00144951	0.175807	0	0	0.00874032	false	dominant=AFR proportion=0.787 margin=0.611 overlap=11762 residual=0.0407
GCST90201057	GCST90201057	African	AFR	af_assigned	ukb-ancestry-mixture-hg38	6657	AFR	0.809515	0.666696	0.0395924	ok	0.809515	0.0135782	0.00528247	0.142819	0.00705174	0.000986858	0.0207674	false	dominant=AFR proportion=0.810 margin=0.667 overlap=6657 residual=0.0396
GCST90201058	GCST90201058	African	AFR	af_assigned	ukb-ancestry-mixture-hg38	20262	AFR	0.795457	0.651259	0.0383007	ok	0.795457	0.0434637	0.00947109	0.144198	0	0	0.00741087	false	dominant=AFR proportion=0.795 margin=0.651 overlap=20262 residual=0.0383
GCST90201059	GCST90201059	African	AFR	af_assigned	ukb-ancestry-mixture-hg38	16720	AFR	0.805718	0.618699	0.0426135	ok	0.805718	0	0	0.187018	0	0	0.00726403	false	dominant=AFR proportion=0.806 margin=0.619 overlap=16720 residual=0.0426
GCST90201060	GCST90201060	African	AFR	af_assigned	ukb-ancestry-mixture-hg38	22938	AFR	0.815959	0.65342	0.0399345	ok	0.815959	0	0.0170712	0.162538	0	0	0.0044318	false	dominant=AFR proportion=0.816 margin=0.653 overlap=22938 residual=0.0399
GCST90201061	GCST90201061	African	AFR	af_assigned	ukb-ancestry-mixture-hg38	9402	AFR	0.795271	0.682657	0.0394371	ok	0.795271	0.0167765	0	0.112614	0.0562511	0.0076965	0.0113905	false	dominant=AFR proportion=0.795 margin=0.683 overlap=9402 residual=0.0394
GCST90201062	GCST90201062	African	AFR	af_assigned	ukb-ancestry-mixture-hg38	12476	AFR	0.76441	0.558625	0.0419301	ok	0.76441	0	0.00883995	0.205785	0	0	0.0209649	false	dominant=AFR proportion=0.764 margin=0.559 overlap=12476 residual=0.0419
GCST90201063	GCST90201063	African	AFR	af_assigned	ukb-ancestry-mixture-hg38	10805	AFR	0.786114	0.607905	0.0396946	ok	0.786114	0.0118715	0.00117748	0.17821	0	0	0.0226269	false	dominant=AFR proportion=0.786 margin=0.608 overlap=10805 residual=0.0397
GCST90201064	GCST90201064	African	AFR	af_assigned	ukb-ancestry-mixture-hg38	10050	AFR	0.798388	0.645044	0.0389362	ok	0.798388	0.0176664	0	0.153344	0	0	0.0306019	false	dominant=AFR proportion=0.798 margin=0.645 overlap=10050 residual=0.0389
GCST90201065	GCST90201065	African	AFR	af_assigned	ukb-ancestry-mixture-hg38	12783	AFR	0.792472	0.671619	0.0386704	ok	0.792472	0.0157516	0.016203	0.120854	0	0.0294781	0.0252413	false	dominant=AFR proportion=0.792 margin=0.672 overlap=12783 residual=0.0387
GCST90201066	GCST90201066	African	AFR	af_assigned	ukb-ancestry-mixture-hg38	9768	AFR	0.764171	0.620423	0.0410474	ok	0.764171	0.00273673	0.0191454	0.143747	0	0.0532995	0.0169004	false	dominant=AFR proportion=0.764 margin=0.620 overlap=9768 residual=0.0410
GCST90201067	GCST90201067	African	AFR	af_assigned	ukb-ancestry-mixture-hg38	10057	AFR	0.816842	0.701963	0.0387157	ok	0.816842	0.0208555	0.00396496	0.114879	0	0	0.0434584	false	dominant=AFR proportion=0.817 margin=0.702 overlap=10057 residual=0.0387
GCST90201068	GCST90201068	African	AFR	af_assigned	ukb-ancestry-mixture-hg38	6679	AFR	0.808892	0.665212	0.0396189	ok	0.808892	0.0135876	0.00564066	0.14368	0.00600417	0.00263809	0.0195565	false	dominant=AFR proportion=0.809 margin=0.665 overlap=6679 residual=0.0396
GCST90201069	GCST90201069	African	AFR	af_assigned	ukb-ancestry-mixture-hg38	12215	AFR	0.778593	0.645935	0.0397804	ok	0.778593	0.0139426	0.00459373	0.132658	0	0.0702132	0	false	dominant=AFR proportion=0.779 margin=0.646 overlap=12215 residual=0.0398
GCST90201070	GCST90201070	African	AFR	af_assigned	ukb-ancestry-mixture-hg38	16283	AFR	0.802156	0.631574	0.0402843	ok	0.802156	0	0.0222964	0.170583	0	0	0.0049645	false	dominant=AFR proportion=0.802 margin=0.632 overlap=16283 residual=0.0403
GCST90201071	GCST90201071	African	AFR	af_assigned	ukb-ancestry-mixture-hg38	77298	AFR	0.798487	0.626323	0.0426324	ok	0.798487	0.00697032	0.00443478	0.172164	0	0	0.0179438	false	dominant=AFR proportion=0.798 margin=0.626 overlap=77298 residual=0.0426
GCST90201072	GCST90201072	African	AFR	af_assigned	ukb-ancestry-mixture-hg38	35900	AFR	0.755414	0.606389	0.0393854	ok	0.755414	0.0190366	0.0020709	0.149025	0	0.0429983	0.0314546	false	dominant=AFR proportion=0.755 margin=0.606 overlap=35900 residual=0.0394
GCST90201073	GCST90201073	African	AFR	af_assigned	ukb-ancestry-mixture-hg38	8561	AFR	0.805006	0.640319	0.0393177	ok	0.805006	0.0156043	0.00442449	0.164688	0	0	0.0102773	false	dominant=AFR proportion=0.805 margin=0.640 overlap=8561 residual=0.0393
GCST90201074	GCST90201074	African	AFR	af_assigned	ukb-ancestry-mixture-hg38	16348	AFR	0.787669	0.621915	0.0398153	ok	0.787669	0.0431121	0.00346557	0.165754	0	0	0	false	dominant=AFR proportion=0.788 margin=0.622 overlap=16348 residual=0.0398
GCST90201075	GCST90201075	African	AFR	af_assigned	ukb-ancestry-mixture-hg38	11149	AFR	0.788883	0.6244	0.039335	ok	0.788883	0.00611514	0	0.164483	0	0	0.0405197	false	dominant=AFR proportion=0.789 margin=0.624 overlap=11149 residual=0.0393
GCST90201076	GCST90201076	African	AFR	af_assigned	ukb-ancestry-mixture-hg38	42502	AFR	0.788514	0.59821	0.0396143	ok	0.788514	0.0171893	0	0.190303	0	0	0.00399371	false	dominant=AFR proportion=0.789 margin=0.598 overlap=42502 residual=0.0396
GCST90201077	GCST90201077	African	AFR	af_assigned	ukb-ancestry-mixture-hg38	12547	AFR	0.780102	0.626722	0.0509622	ok	0.780102	0.0234895	0.026379	0.15338	0	0	0.016649	false	dominant=AFR proportion=0.780 margin=0.627 overlap=12547 residual=0.0510
GCST90201078	GCST90201078	African	AFR	af_assigned	ukb-ancestry-mixture-hg38	10862	AFR	0.816405	0.665976	0.0393347	ok	0.816405	0.0189015	0.0131746	0.150429	0	0	0.0010901	false	dominant=AFR proportion=0.816 margin=0.666 overlap=10862 residual=0.0393
GCST90201079	GCST90201079	African	AFR	af_assigned	ukb-ancestry-mixture-hg38	15593	AFR	0.8091	0.674491	0.0384255	ok	0.8091	0.017045	0.0160379	0.134609	0	0.0140506	0.00915796	false	dominant=AFR proportion=0.809 margin=0.674 overlap=15593 residual=0.0384
GCST90201080	GCST90201080	African	AFR	af_assigned	ukb-ancestry-mixture-hg38	12740	AFR	0.808398	0.705556	0.0382894	ok	0.808398	0.0233588	0.0135927	0.102843	0.0322156	0.0112289	0.00836274	false	dominant=AFR proportion=0.808 margin=0.706 overlap=12740 residual=0.0383
GCST90201081	GCST90201081	African	AFR	af_assigned	ukb-ancestry-mixture-hg38	6694	AFR	0.809887	0.669698	0.0398498	ok	0.809887	0.0132177	0.00586098	0.140189	0.00576821	0.00411322	0.0209637	false	dominant=AFR proportion=0.810 margin=0.670 overlap=6694 residual=0.0398
GCST90201082	GCST90201082	African	AFR	af_assigned	ukb-ancestry-mixture-hg38	35950	AFR	0.79246	0.6	0.0450303	ok	0.79246	0.0108647	0.00421606	0.19246	0	0	0	false	dominant=AFR proportion=0.792 margin=0.600 overlap=35950 residual=0.0450
GCST90201083	GCST90201083	African	AFR	af_assigned	ukb-ancestry-mixture-hg38	15812	AFR	0.808117	0.700545	0.0387722	ok	0.808117	0.0398745	0	0.107571	0.0197557	0.0184619	0.00621983	false	dominant=AFR proportion=0.808 margin=0.701 overlap=15812 residual=0.0388
GCST90201084	GCST90201084	African	AFR	af_assigned	ukb-ancestry-mixture-hg38	15178	AFR	0.817888	0.64122	0.0433506	ok	0.817888	0	0.00450359	0.176669	0	0	0.000939024	false	dominant=AFR proportion=0.818 margin=0.641 overlap=15178 residual=0.0434
GCST90201085	GCST90201085	African	AFR	af_assigned	ukb-ancestry-mixture-hg38	6694	AFR	0.809189	0.665253	0.0396021	ok	0.809189	0.0134504	0.00536765	0.143936	0.00478808	0.00257132	0.0206969	false	dominant=AFR proportion=0.809 margin=0.665 overlap=6694 residual=0.0396
GCST90201086	GCST90201086	African	AFR	af_assigned	ukb-ancestry-mixture-hg38	52445	AFR	0.810777	0.640337	0.0444704	ok	0.810777	0.016027	0.000789308	0.17044	0	0	0.00196653	false	dominant=AFR proportion=0.811 margin=0.640 overlap=52445 residual=0.0445
GCST90201087	GCST90201087	African	AFR	af_assigned	ukb-ancestry-mixture-hg38	12593	AFR	0.783331	0.635257	0.0386718	ok	0.783331	0.0120791	0.00704329	0.148074	0	0.0240996	0.0253724	false	dominant=AFR proportion=0.783 margin=0.635 overlap=12593 residual=0.0387
GCST90201088	GCST90201088	African	AFR	af_assigned	ukb-ancestry-mixture-hg38	25145	AFR	0.791652	0.628335	0.0397284	ok	0.791652	0.0189047	0.00793312	0.163317	0	0.0181925	0	false	dominant=AFR proportion=0.792 margin=0.628 overlap=25145 residual=0.0397
GCST90201089	GCST90201089	African	AFR	af_assigned	ukb-ancestry-mixture-hg38	6675	AFR	0.809544	0.666483	0.0395958	ok	0.809544	0.0143161	0.00502498	0.143061	0.00504409	0.00188054	0.0211296	false	dominant=AFR proportion=0.810 margin=0.666 overlap=6675 residual=0.0396
GCST90201090	GCST90201090	African	AFR	af_assigned	ukb-ancestry-mixture-hg38	19706	AFR	0.821595	0.686492	0.0396439	ok	0.821595	0.0219663	0	0.135104	0.0213349	0	0	false	dominant=AFR proportion=0.822 margin=0.686 overlap=19706 residual=0.0396
GCST90201091	GCST90201091	African	AFR	af_assigned	ukb-ancestry-mixture-hg38	15917	AFR	0.801691	0.676582	0.0389063	ok	0.801691	0	0.0312624	0.125108	0	0	0.0419384	false	dominant=AFR proportion=0.802 margin=0.677 overlap=15917 residual=0.0389
GCST90201092	GCST90201092	African	AFR	af_assigned	ukb-ancestry-mixture-hg38	22638	AFR	0.816182	0.670214	0.0420945	ok	0.816182	0	0.0213348	0.145968	0	0	0.0165158	false	dominant=AFR proportion=0.816 margin=0.670 overlap=22638 residual=0.0421
GCST90201093	GCST90201093	African	AFR	af_assigned	ukb-ancestry-mixture-hg38	19670	AFR	0.799032	0.650533	0.0377965	ok	0.799032	0.0198445	0.0164176	0.148498	0	0	0.0162079	false	dominant=AFR proportion=0.799 margin=0.651 overlap=19670 residual=0.0378
GCST90201094	GCST90201094	African	AFR	af_assigned	ukb-ancestry-mixture-hg38	10295	AFR	0.800163	0.639313	0.0389591	ok	0.800163	0	0	0.160851	0.00250277	0	0.0364834	false	dominant=AFR proportion=0.800 margin=0.639 overlap=10295 residual=0.0390
GCST90201095	GCST90201095	African	AFR	af_assigned	ukb-ancestry-mixture-hg38	9816	AFR	0.7956	0.619081	0.0401679	ok	0.7956	0.00210511	0.0103122	0.176519	0	0	0.015463	false	dominant=AFR proportion=0.796 margin=0.619 overlap=9816 residual=0.0402
GCST90201096	GCST90201096	African	AFR	af_assigned	ukb-ancestry-mixture-hg38	6696	AFR	0.810031	0.669163	0.0400104	ok	0.810031	0.0154373	0.00493664	0.140868	0.00527504	0.00171294	0.0217396	false	dominant=AFR proportion=0.810 margin=0.669 overlap=6696 residual=0.0400
GCST90201097	GCST90201097	African	AFR	af_assigned	ukb-ancestry-mixture-hg38	9427	AFR	0.821878	0.691787	0.0392109	ok	0.821878	0	0.013911	0.130091	0.00397788	0.00552064	0.0246208	false	dominant=AFR proportion=0.822 margin=0.692 overlap=9427 residual=0.0392
GCST90201098	GCST90201098	African	AFR	af_assigned	ukb-ancestry-mixture-hg38	6737	AFR	0.81343	0.677331	0.040427	ok	0.81343	0.0139995	0.00489624	0.1361	0.00738028	0.00678342	0.0174106	false	dominant=AFR proportion=0.813 margin=0.677 overlap=6737 residual=0.0404
GCST90201099	GCST90201099	African	AFR	af_assigned	ukb-ancestry-mixture-hg38	17337	AFR	0.763801	0.583727	0.0478186	ok	0.763801	0.00609623	0.0212845	0.180075	0	0.0287432	0	false	dominant=AFR proportion=0.764 margin=0.584 overlap=17337 residual=0.0478
GCST90201100	GCST90201100	African	AFR	af_assigned	ukb-ancestry-mixture-hg38	30715	AFR	0.803623	0.672626	0.0410477	ok	0.803623	0.0099536	0	0.130997	0	0	0.055426	false	dominant=AFR proportion=0.804 margin=0.673 overlap=30715 residual=0.0410
GCST90201101	GCST90201101	African	AFR	af_assigned	ukb-ancestry-mixture-hg38	12528	AFR	0.821702	0.685688	0.0401789	ok	0.821702	0.000958768	0.000358693	0.136014	0	0	0.0409666	false	dominant=AFR proportion=0.822 margin=0.686 overlap=12528 residual=0.0402
GCST90201102	GCST90201102	African	AFR	af_assigned	ukb-ancestry-mixture-hg38	10071	AFR	0.793124	0.627681	0.0396599	ok	0.793124	0.0251317	0.00166672	0.165443	0	0	0.0146352	false	dominant=AFR proportion=0.793 margin=0.628 overlap=10071 residual=0.0397
GCST90201103	GCST90201103	African	AFR	af_assigned	ukb-ancestry-mixture-hg38	13242	AFR	0.794441	0.648755	0.0396925	ok	0.794441	0.0325573	0.0078051	0.145687	0	0.0195095	0	false	dominant=AFR proportion=0.794 margin=0.649 overlap=13242 residual=0.0397
GCST90201104	GCST90201104	African	AFR	af_assigned	ukb-ancestry-mixture-hg38	25959	AFR	0.814683	0.657808	0.0435688	ok	0.814683	0.0100102	0.0112058	0.156875	0	0.00722634	0	false	dominant=AFR proportion=0.815 margin=0.658 overlap=25959 residual=0.0436
GCST90201105	GCST90201105	African	AFR	af_assigned	ukb-ancestry-mixture-hg38	19699	AFR	0.817455	0.708375	0.0424655	ok	0.817455	0	0.0159417	0.109079	0	0.0344602	0.0230645	false	dominant=AFR proportion=0.817 margin=0.708 overlap=19699 residual=0.0425
GCST90201106	GCST90201106	African	AFR	af_assigned	ukb-ancestry-mixture-hg38	26571	AFR	0.815213	0.653993	0.0451957	ok	0.815213	0	0	0.16122	0	0	0.0235672	false	dominant=AFR proportion=0.815 margin=0.654 overlap=26571 residual=0.0452
GCST90201107	GCST90201107	African	AFR	af_assigned	ukb-ancestry-mixture-hg38	6676	AFR	0.809753	0.666564	0.0396201	ok	0.809753	0.0139856	0.00506369	0.143189	0.0051986	0.0013901	0.0214201	false	dominant=AFR proportion=0.810 margin=0.667 overlap=6676 residual=0.0396
GCST90201108	GCST90201108	African	AFR	af_assigned	ukb-ancestry-mixture-hg38	13586	AFR	0.788031	0.650712	0.0401887	ok	0.788031	0	0.00073473	0.137319	0.0032973	0.0706181	0	false	dominant=AFR proportion=0.788 margin=0.651 overlap=13586 residual=0.0402
GCST90201109	GCST90201109	African	AFR	af_assigned	ukb-ancestry-mixture-hg38	18615	AFR	0.840481	0.712415	0.0393233	ok	0.840481	0.0118329	0.00896602	0.128066	0	0	0.010654	false	dominant=AFR proportion=0.840 margin=0.712 overlap=18615 residual=0.0393
GCST90201110	GCST90201110	African	AFR	af_assigned	ukb-ancestry-mixture-hg38	10236	AFR	0.750108	0.586571	0.0421315	ok	0.750108	0.0189466	0	0.163537	0	0.0356669	0.0317416	false	dominant=AFR proportion=0.750 margin=0.587 overlap=10236 residual=0.0421
GCST90201111	GCST90201111	African	AFR	af_assigned	ukb-ancestry-mixture-hg38	19908	AFR	0.823722	0.705191	0.0433912	ok	0.823722	0	0.0117344	0.118532	0	0.0460115	0	false	dominant=AFR proportion=0.824 margin=0.705 overlap=19908 residual=0.0434
GCST90201112	GCST90201112	African	AFR	af_assigned	ukb-ancestry-mixture-hg38	6674	AFR	0.809289	0.666749	0.0395768	ok	0.809289	0.0136636	0.00528042	0.14254	0.0057206	0.00292433	0.0205827	false	dominant=AFR proportion=0.809 margin=0.667 overlap=6674 residual=0.0396
GCST90201113	GCST90201113	African	AFR	af_assigned	ukb-ancestry-mixture-hg38	10646	AFR	0.786734	0.661421	0.0379684	ok	0.786734	0.0157074	0	0.125314	0	0.0451774	0.0270674	false	dominant=AFR proportion=0.787 margin=0.661 overlap=10646 residual=0.0380
GCST90201114	GCST90201114	African	AFR	af_assigned	ukb-ancestry-mixture-hg38	53312	AFR	0.783779	0.625649	0.0386503	ok	0.783779	0.00500601	0.00171046	0.158131	0	0.030869	0.020505	false	dominant=AFR proportion=0.784 margin=0.626 overlap=53312 residual=0.0387
GCST90201115	GCST90201115	African	AFR	af_assigned	ukb-ancestry-mixture-hg38	10883	AFR	0.803615	0.699162	0.0429961	ok	0.803615	0	0	0.104454	0.0705853	0.0198333	0.00151266	false	dominant=AFR proportion=0.804 margin=0.699 overlap=10883 residual=0.0430
GCST90201116	GCST90201116	African	AFR	af_assigned	ukb-ancestry-mixture-hg38	9771	AFR	0.822695	0.708352	0.0410689	ok	0.822695	0.0340425	0.0148375	0.114344	0	0	0.0140812	false	dominant=AFR proportion=0.823 margin=0.708 overlap=9771 residual=0.0411
GCST90201117	GCST90201117	African	AFR	af_assigned	ukb-ancestry-mixture-hg38	6703	AFR	0.809806	0.667871	0.0400203	ok	0.809806	0.0141435	0.00567383	0.141936	0.0075887	0.000996581	0.0198551	false	dominant=AFR proportion=0.810 margin=0.668 overlap=6703 residual=0.0400
GCST90201118	GCST90201118	African	AFR	af_assigned	ukb-ancestry-mixture-hg38	24593	AFR	0.809924	0.68412	0.0387543	ok	0.809924	0.0334285	0	0.125804	0	0	0.030843	false	dominant=AFR proportion=0.810 margin=0.684 overlap=24593 residual=0.0388
GCST90201119	GCST90201119	African	AFR	af_assigned	ukb-ancestry-mixture-hg38	10938	AFR	0.792863	0.670938	0.0401251	ok	0.792863	0	0.0164709	0.121926	0	0.0592563	0.00948394	false	dominant=AFR proportion=0.793 margin=0.671 overlap=10938 residual=0.0401
GCST90201120	GCST90201120	African	AFR	af_assigned	ukb-ancestry-mixture-hg38	12848	AFR	0.815478	0.704583	0.0433369	ok	0.815478	0	0.0136699	0.110895	0	0.0173076	0.0426497	false	dominant=AFR proportion=0.815 margin=0.705 overlap=12848 residual=0.0433
GCST90201121	GCST90201121	African	AFR	af_assigned	ukb-ancestry-mixture-hg38	32898	AFR	0.815581	0.669749	0.0464597	ok	0.815581	0	0	0.145832	0	0	0.038587	false	dominant=AFR proportion=0.816 margin=0.670 overlap=32898 residual=0.0465
GCST90201122	GCST90201122	African	AFR	af_assigned	ukb-ancestry-mixture-hg38	11928	AFR	0.784674	0.680688	0.0401168	ok	0.784674	0.00745395	0.010479	0.0934062	0	0.103987	0	false	dominant=AFR proportion=0.785 margin=0.681 overlap=11928 residual=0.0401
GCST90201123	GCST90201123	African	AFR	af_assigned	ukb-ancestry-mixture-hg38	12470	AFR	0.776225	0.654419	0.0394146	ok	0.776225	0.0232711	0.0087208	0.121806	0	0.0384302	0.0315462	false	dominant=AFR proportion=0.776 margin=0.654 overlap=12470 residual=0.0394
GCST90201124	GCST90201124	African	AFR	af_assigned	ukb-ancestry-mixture-hg38	10678	AFR	0.796269	0.642653	0.0399013	ok	0.796269	0.029723	0	0.153616	0.0167483	0.00364412	0	false	dominant=AFR proportion=0.796 margin=0.643 overlap=10678 residual=0.0399
GCST90201125	GCST90201125	African	AFR	af_assigned	ukb-ancestry-mixture-hg38	9805	AFR	0.823751	0.669024	0.0387457	ok	0.823751	0.0170063	0.00451538	0.154727	0	0	0	false	dominant=AFR proportion=0.824 margin=0.669 overlap=9805 residual=0.0387
GCST90201126	GCST90201126	African	AFR	af_assigned	ukb-ancestry-mixture-hg38	11626	AFR	0.835088	0.733242	0.039882	ok	0.835088	0	0	0.101846	0.0505121	0	0.0125535	false	dominant=AFR proportion=0.835 margin=0.733 overlap=11626 residual=0.0399
GCST90201127	GCST90201127	African	AFR	af_assigned	ukb-ancestry-mixture-hg38	13095	AFR	0.830155	0.681104	0.0415965	ok	0.830155	0.00440313	0.0163901	0.149052	0	0	0	false	dominant=AFR proportion=0.830 margin=0.681 overlap=13095 residual=0.0416
GCST90201128	GCST90201128	African	AFR	af_assigned	ukb-ancestry-mixture-hg38	8450	AFR	0.818885	0.662368	0.0397173	ok	0.818885	0.00302347	0.0126626	0.156518	0	0	0.00891091	false	dominant=AFR proportion=0.819 margin=0.662 overlap=8450 residual=0.0397
GCST90201129	GCST90201129	African	AFR	af_assigned	ukb-ancestry-mixture-hg38	50843	AFR	0.794498	0.626166	0.0470021	ok	0.794498	0.0066168	0.00672765	0.168332	0	0.0147613	0.00906456	false	dominant=AFR proportion=0.794 margin=0.626 overlap=50843 residual=0.0470
GCST90201130	GCST90201130	African	AFR	af_assigned	ukb-ancestry-mixture-hg38	6662	AFR	0.809755	0.666085	0.0395897	ok	0.809755	0.0136004	0.00508041	0.14367	0.00573202	0.00153953	0.0206234	false	dominant=AFR proportion=0.810 margin=0.666 overlap=6662 residual=0.0396
GCST90201131	GCST90201131	African	AFR	af_assigned	ukb-ancestry-mixture-hg38	18525	AFR	0.771466	0.574944	0.0384023	ok	0.771466	0.0171007	0.00334133	0.196522	0	0	0.0115708	false	dominant=AFR proportion=0.771 margin=0.575 overlap=18525 residual=0.0384
GCST90201132	GCST90201132	African	AFR	af_assigned	ukb-ancestry-mixture-hg38	34042	AFR	0.775529	0.582709	0.0422493	ok	0.775529	0.00773637	0.0192145	0.192819	0	0.00199652	0.00270434	false	dominant=AFR proportion=0.776 margin=0.583 overlap=34042 residual=0.0422
GCST90201133	GCST90201133	African	AFR	af_assigned	ukb-ancestry-mixture-hg38	9315	AFR	0.798171	0.709286	0.0410377	ok	0.798171	0.0549944	0.00223482	0.0888856	0	0	0.055714	false	dominant=AFR proportion=0.798 margin=0.709 overlap=9315 residual=0.0410
GCST90201134	GCST90201134	African	AFR	af_assigned	ukb-ancestry-mixture-hg38	11460	AFR	0.808937	0.656427	0.0389149	ok	0.808937	0	0.00188681	0.152509	0	0.00704275	0.0296244	false	dominant=AFR proportion=0.809 margin=0.656 overlap=11460 residual=0.0389
GCST90201135	GCST90201135	African	AFR	af_assigned	ukb-ancestry-mixture-hg38	13506	AFR	0.835631	0.709267	0.0400385	ok	0.835631	0.037315	0	0.126364	0	0	0.000689737	false	dominant=AFR proportion=0.836 margin=0.709 overlap=13506 residual=0.0400
GCST90201136	GCST90201136	African	AFR	af_assigned	ukb-ancestry-mixture-hg38	11329	AFR	0.801502	0.65283	0.0397678	ok	0.801502	0.0221464	0	0.148672	0	0	0.0276795	false	dominant=AFR proportion=0.802 margin=0.653 overlap=11329 residual=0.0398
GCST90201137	GCST90201137	African	AFR	af_assigned	ukb-ancestry-mixture-hg38	41644	AFR	0.81989	0.686843	0.040199	ok	0.81989	0.00022677	0.0208062	0.133047	0	0	0.0260298	false	dominant=AFR proportion=0.820 margin=0.687 overlap=41644 residual=0.0402
GCST90201138	GCST90201138	African	AFR	af_assigned	ukb-ancestry-mixture-hg38	23049	AFR	0.819191	0.674547	0.0389045	ok	0.819191	0.0327201	0.00344558	0.144644	0	0	0	false	dominant=AFR proportion=0.819 margin=0.675 overlap=23049 residual=0.0389
GCST90201139	GCST90201139	African	AFR	af_assigned	ukb-ancestry-mixture-hg38	21210	AFR	0.824905	0.712225	0.0396746	ok	0.824905	0.0253249	0	0.11268	0.0148119	0	0.0222782	false	dominant=AFR proportion=0.825 margin=0.712 overlap=21210 residual=0.0397
GCST90201140	GCST90201140	African	AFR	af_assigned	ukb-ancestry-mixture-hg38	20295	AFR	0.828232	0.712549	0.0415135	ok	0.828232	0	0.0170647	0.115683	0	0	0.0390194	false	dominant=AFR proportion=0.828 margin=0.713 overlap=20295 residual=0.0415
GCST90201141	GCST90201141	African	AFR	af_assigned	ukb-ancestry-mixture-hg38	70139	AFR	0.816489	0.661495	0.0418761	ok	0.816489	0	0.0103008	0.154994	0	0	0.0182154	false	dominant=AFR proportion=0.816 margin=0.661 overlap=70139 residual=0.0419
GCST90201142	GCST90201142	African	AFR	af_assigned	ukb-ancestry-mixture-hg38	12592	AFR	0.805392	0.625395	0.0383286	ok	0.805392	0	0.00201907	0.179998	0	0	0.012591	false	dominant=AFR proportion=0.805 margin=0.625 overlap=12592 residual=0.0383
GCST90201143	GCST90201143	African	AFR	af_assigned	ukb-ancestry-mixture-hg38	14037	AFR	0.819531	0.712196	0.0408159	ok	0.819531	0.00718245	0.0137312	0.107335	0	0.0152572	0.0369632	false	dominant=AFR proportion=0.820 margin=0.712 overlap=14037 residual=0.0408
GCST90201144	GCST90201144	African	AFR	af_assigned	ukb-ancestry-mixture-hg38	9003	AFR	0.813454	0.648503	0.0412517	ok	0.813454	0	0.014533	0.164951	0	0	0.0070622	false	dominant=AFR proportion=0.813 margin=0.649 overlap=9003 residual=0.0413
GCST90201145	GCST90201145	African	AFR	af_assigned	ukb-ancestry-mixture-hg38	22135	AFR	0.802747	0.663346	0.0385374	ok	0.802747	0.00400849	0.000910654	0.139401	0.0138276	0.00778302	0.031323	false	dominant=AFR proportion=0.803 margin=0.663 overlap=22135 residual=0.0385
GCST90201146	GCST90201146	African	AFR	af_assigned	ukb-ancestry-mixture-hg38	6680	AFR	0.810029	0.668488	0.0396232	ok	0.810029	0.0141207	0.00489249	0.14154	0.00757012	0.000828031	0.0210193	false	dominant=AFR proportion=0.810 margin=0.668 overlap=6680 residual=0.0396
GCST90201147	GCST90201147	African	AFR	af_assigned	ukb-ancestry-mixture-hg38	16193	AFR	0.79622	0.700809	0.039173	ok	0.79622	0	0.0350069	0.0954113	0	0.0627875	0.0105745	false	dominant=AFR proportion=0.796 margin=0.701 overlap=16193 residual=0.0392
GCST90201148	GCST90201148	African	AFR	af_assigned	ukb-ancestry-mixture-hg38	12883	AFR	0.767108	0.608217	0.0403898	ok	0.767108	0.0180473	0.0171898	0.158891	0.012597	0.0261664	0	false	dominant=AFR proportion=0.767 margin=0.608 overlap=12883 residual=0.0404
GCST90201149	GCST90201149	African	AFR	af_assigned	ukb-ancestry-mixture-hg38	21504	AFR	0.796393	0.642894	0.0399416	ok	0.796393	0.0172149	0.00720989	0.153499	0	0.00765781	0.0180257	false	dominant=AFR proportion=0.796 margin=0.643 overlap=21504 residual=0.0399
GCST90201150	GCST90201150	African	AFR	af_assigned	ukb-ancestry-mixture-hg38	9713	AFR	0.7702	0.613045	0.040381	ok	0.7702	0	0	0.157155	0	0.0557272	0.0169181	false	dominant=AFR proportion=0.770 margin=0.613 overlap=9713 residual=0.0404
GCST90201151	GCST90201151	African	AFR	af_assigned	ukb-ancestry-mixture-hg38	59192	AFR	0.794402	0.660884	0.0447526	ok	0.794402	0.00851845	0.0129197	0.133518	0.0258978	0	0.0247441	false	dominant=AFR proportion=0.794 margin=0.661 overlap=59192 residual=0.0448
GCST90201152	GCST90201152	African	AFR	af_assigned	ukb-ancestry-mixture-hg38	6680	AFR	0.809109	0.666907	0.0395459	ok	0.809109	0.0141818	0.00491804	0.142202	0.00488449	0.00314703	0.0215576	false	dominant=AFR proportion=0.809 margin=0.667 overlap=6680 residual=0.0395
GCST90201153	GCST90201153	African	AFR	af_assigned	ukb-ancestry-mixture-hg38	17566	AFR	0.768025	0.649154	0.0389982	ok	0.768025	0.00475624	0.00723832	0.118871	0	0.0753024	0.0258072	false	dominant=AFR proportion=0.768 margin=0.649 overlap=17566 residual=0.0390
GCST90201154	GCST90201154	African	AFR	af_assigned	ukb-ancestry-mixture-hg38	6684	AFR	0.814186	0.676442	0.0399629	ok	0.814186	0.0131959	0.00500333	0.137744	0.00395522	0.00451193	0.0214036	false	dominant=AFR proportion=0.814 margin=0.676 overlap=6684 residual=0.0400
GCST90201155	GCST90201155	African	AFR	af_assigned	ukb-ancestry-mixture-hg38	12658	AFR	0.857326	0.777512	0.0439858	ok	0.857326	0.00218946	0.0278404	0.0798142	0.00223534	0.0199731	0.0106211	false	dominant=AFR proportion=0.857 margin=0.778 overlap=12658 residual=0.0440
GCST90201156	GCST90201156	African	AFR	af_assigned	ukb-ancestry-mixture-hg38	6674	AFR	0.80947	0.667127	0.0396655	ok	0.80947	0.0142445	0.00517967	0.142343	0.00836339	0.00108213	0.0193168	false	dominant=AFR proportion=0.809 margin=0.667 overlap=6674 residual=0.0397
GCST90201157	GCST90201157	African	AFR	af_assigned	ukb-ancestry-mixture-hg38	19343	AFR	0.81884	0.680628	0.0443086	ok	0.81884	0	0.00818456	0.138212	0.0236294	0	0.0111339	false	dominant=AFR proportion=0.819 margin=0.681 overlap=19343 residual=0.0443
GCST90201158	GCST90201158	African	AFR	af_assigned	ukb-ancestry-mixture-hg38	36723	AFR	0.791916	0.606842	0.0398263	ok	0.791916	0	0.00629912	0.185074	0.00705588	0.00965475	0	false	dominant=AFR proportion=0.792 margin=0.607 overlap=36723 residual=0.0398
GCST90201159	GCST90201159	African	AFR	af_assigned	ukb-ancestry-mixture-hg38	33392	AFR	0.7976	0.631374	0.0422996	ok	0.7976	0.0155031	0.00906146	0.166226	0	0	0.0116095	false	dominant=AFR proportion=0.798 margin=0.631 overlap=33392 residual=0.0423
GCST90201160	GCST90201160	African	AFR	af_assigned	ukb-ancestry-mixture-hg38	21964	AFR	0.790701	0.645207	0.0517256	ok	0.790701	0.0205336	0.0091694	0.145494	0	0	0.0341012	false	dominant=AFR proportion=0.791 margin=0.645 overlap=21964 residual=0.0517
GCST90201161	GCST90201161	African	AFR	af_assigned	ukb-ancestry-mixture-hg38	26355	AFR	0.767587	0.602403	0.0462214	ok	0.767587	0	0.0177267	0.165184	0	0	0.0495025	false	dominant=AFR proportion=0.768 margin=0.602 overlap=26355 residual=0.0462
GCST90201162	GCST90201162	African	AFR	af_assigned	ukb-ancestry-mixture-hg38	77383	AFR	0.769312	0.583735	0.0418874	ok	0.769312	0.0179424	0.00908651	0.185577	0.000471149	0	0.0176116	false	dominant=AFR proportion=0.769 margin=0.584 overlap=77383 residual=0.0419
GCST90201163	GCST90201163	African	AFR	af_assigned	ukb-ancestry-mixture-hg38	6701	AFR	0.806838	0.660405	0.039952	ok	0.806838	0.0141417	0.00520111	0.146433	0.00765007	0	0.0197358	false	dominant=AFR proportion=0.807 margin=0.660 overlap=6701 residual=0.0400
GCST90201164	GCST90201164	African	AFR	af_assigned	ukb-ancestry-mixture-hg38	16143	AFR	0.805492	0.663263	0.0429883	ok	0.805492	0	0.017882	0.14223	0	0	0.0343959	false	dominant=AFR proportion=0.805 margin=0.663 overlap=16143 residual=0.0430
GCST90201165	GCST90201165	African	AFR	af_assigned	ukb-ancestry-mixture-hg38	29480	AFR	0.750965	0.647026	0.0491009	ok	0.750965	0.0272696	0	0.103939	0	0.0384696	0.0793566	false	dominant=AFR proportion=0.751 margin=0.647 overlap=29480 residual=0.0491
GCST90201166	GCST90201166	African	AFR	af_assigned	ukb-ancestry-mixture-hg38	17734	AFR	0.789778	0.638027	0.0440285	ok	0.789778	0.0267504	0.0157947	0.151751	0	0.0159255	0	false	dominant=AFR proportion=0.790 margin=0.638 overlap=17734 residual=0.0440
GCST90201167	GCST90201167	African	AFR	af_assigned	ukb-ancestry-mixture-hg38	13345	AFR	0.794715	0.638553	0.0376296	ok	0.794715	0.00384533	0.0135443	0.156162	0.00713937	0.00592597	0.018668	false	dominant=AFR proportion=0.795 margin=0.639 overlap=13345 residual=0.0376
GCST90201168	GCST90201168	African	AFR	af_assigned	ukb-ancestry-mixture-hg38	96762	AFR	0.783959	0.613031	0.0421936	ok	0.783959	0.0194483	0.00473624	0.170928	0	0	0.0209278	false	dominant=AFR proportion=0.784 margin=0.613 overlap=96762 residual=0.0422
GCST90201169	GCST90201169	African	AFR	af_assigned	ukb-ancestry-mixture-hg38	21048	AFR	0.791986	0.670749	0.0417162	ok	0.791986	0	0.00912354	0.121237	0.0612951	0	0.0163588	false	dominant=AFR proportion=0.792 margin=0.671 overlap=21048 residual=0.0417
GCST90201170	GCST90201170	African	AFR	af_assigned	ukb-ancestry-mixture-hg38	12251	AFR	0.80812	0.645103	0.0378499	ok	0.80812	0	0.0097811	0.163017	0.0145156	0	0.00456563	false	dominant=AFR proportion=0.808 margin=0.645 overlap=12251 residual=0.0378
GCST90201171	GCST90201171	African	AFR	af_assigned	ukb-ancestry-mixture-hg38	13933	AFR	0.805696	0.665463	0.0382118	ok	0.805696	0	0.0226765	0.140232	0.00227283	0	0.0291228	false	dominant=AFR proportion=0.806 margin=0.665 overlap=13933 residual=0.0382
GCST90201172	GCST90201172	African	AFR	af_assigned	ukb-ancestry-mixture-hg38	15859	AFR	0.805219	0.652826	0.0399117	ok	0.805219	0	0.0078113	0.152393	0.00976454	0	0.0248123	false	dominant=AFR proportion=0.805 margin=0.653 overlap=15859 residual=0.0399
GCST90201173	GCST90201173	African	AFR	af_assigned	ukb-ancestry-mixture-hg38	10161	AFR	0.802109	0.675348	0.0403055	ok	0.802109	0	0	0.126761	0.013656	0	0.0574738	false	dominant=AFR proportion=0.802 margin=0.675 overlap=10161 residual=0.0403
GCST90201174	GCST90201174	African	AFR	af_assigned	ukb-ancestry-mixture-hg38	10450	AFR	0.796108	0.627546	0.0395902	ok	0.796108	0	0.000754246	0.168563	0.00388321	0	0.0306916	false	dominant=AFR proportion=0.796 margin=0.628 overlap=10450 residual=0.0396
GCST90201175	GCST90201175	African	AFR	af_assigned	ukb-ancestry-mixture-hg38	14930	AFR	0.797149	0.616162	0.0440855	ok	0.797149	0	0	0.180988	0	0.0218634	0	false	dominant=AFR proportion=0.797 margin=0.616 overlap=14930 residual=0.0441
GCST90201176	GCST90201176	African	AFR	af_assigned	ukb-ancestry-mixture-hg38	17237	AFR	0.821873	0.671738	0.0400532	ok	0.821873	0.000171153	0	0.150135	0	0	0.0278209	false	dominant=AFR proportion=0.822 margin=0.672 overlap=17237 residual=0.0401
GCST90201177	GCST90201177	African	AFR	af_assigned	ukb-ancestry-mixture-hg38	6696	AFR	0.812186	0.673808	0.0400353	ok	0.812186	0.015072	0.00458656	0.138378	0.00527702	0.00548943	0.0190102	false	dominant=AFR proportion=0.812 margin=0.674 overlap=6696 residual=0.0400
GCST90201178	GCST90201178	African	AFR	af_assigned	ukb-ancestry-mixture-hg38	26086	AFR	0.791705	0.661607	0.0409082	ok	0.791705	0.0199147	0.0105879	0.130098	0	0.0476939	0	false	dominant=AFR proportion=0.792 margin=0.662 overlap=26086 residual=0.0409
GCST90201179	GCST90201179	African	AFR	af_assigned	ukb-ancestry-mixture-hg38	6916	AFR	0.808836	0.664582	0.0413433	ok	0.808836	0.0118945	0.00340867	0.144254	0.0128806	0	0.0187269	false	dominant=AFR proportion=0.809 margin=0.665 overlap=6916 residual=0.0413
GCST90201180	GCST90201180	African	AFR	af_assigned	ukb-ancestry-mixture-hg38	60741	AFR	0.82327	0.678798	0.0424575	ok	0.82327	0	0.00402703	0.144472	0	0	0.0282304	false	dominant=AFR proportion=0.823 margin=0.679 overlap=60741 residual=0.0425
GCST90201181	GCST90201181	African	AFR	af_assigned	ukb-ancestry-mixture-hg38	37252	AFR	0.795029	0.667039	0.039379	ok	0.795029	0.0119609	0.0220323	0.127989	0	0.0292311	0.0137575	false	dominant=AFR proportion=0.795 margin=0.667 overlap=37252 residual=0.0394
GCST90201182	GCST90201182	African	AFR	af_assigned	ukb-ancestry-mixture-hg38	16608	AFR	0.813448	0.683547	0.0388075	ok	0.813448	0.0240661	0	0.129902	0	0	0.0325836	false	dominant=AFR proportion=0.813 margin=0.684 overlap=16608 residual=0.0388
GCST90201183	GCST90201183	African	AFR	af_assigned	ukb-ancestry-mixture-hg38	12481	AFR	0.798659	0.64246	0.0402473	ok	0.798659	0.024032	0.02111	0.156199	0	0	0	false	dominant=AFR proportion=0.799 margin=0.642 overlap=12481 residual=0.0402
GCST90201184	GCST90201184	African	AFR	af_assigned	ukb-ancestry-mixture-hg38	9866	AFR	0.76633	0.661136	0.0396003	ok	0.76633	0.0198913	0.00285163	0.105194	0	0.0707258	0.0350068	false	dominant=AFR proportion=0.766 margin=0.661 overlap=9866 residual=0.0396
GCST90201185	GCST90201185	African	AFR	af_assigned	ukb-ancestry-mixture-hg38	25065	AFR	0.798591	0.639363	0.0381574	ok	0.798591	0.022924	0.0179207	0.159228	0	0	0.00133605	false	dominant=AFR proportion=0.799 margin=0.639 overlap=25065 residual=0.0382
GCST90201186	GCST90201186	African	AFR	af_assigned	ukb-ancestry-mixture-hg38	23221	AFR	0.804331	0.678858	0.0403684	ok	0.804331	0.0347344	0.0146207	0.125473	0	0	0.0208415	false	dominant=AFR proportion=0.804 margin=0.679 overlap=23221 residual=0.0404
GCST90201187	GCST90201187	African	AFR	af_assigned	ukb-ancestry-mixture-hg38	15727	AFR	0.837111	0.733924	0.0400627	ok	0.837111	0.0276689	0.00729833	0.103187	0	0.00852646	0.0162081	false	dominant=AFR proportion=0.837 margin=0.734 overlap=15727 residual=0.0401
GCST90201188	GCST90201188	African	AFR	af_assigned	ukb-ancestry-mixture-hg38	14338	AFR	0.816098	0.648897	0.0395123	ok	0.816098	0.00177028	0	0.167202	0	0.0149299	0	false	dominant=AFR proportion=0.816 margin=0.649 overlap=14338 residual=0.0395
GCST90201189	GCST90201189	African	AFR	af_assigned	ukb-ancestry-mixture-hg38	23641	AFR	0.793061	0.640089	0.03872	ok	0.793061	0.0342416	0.0123433	0.152973	0	0	0.00738076	false	dominant=AFR proportion=0.793 margin=0.640 overlap=23641 residual=0.0387
GCST90201190	GCST90201190	African	AFR	af_assigned	ukb-ancestry-mixture-hg38	16298	AFR	0.805738	0.655632	0.0381253	ok	0.805738	0.0246762	0	0.150106	0	0	0.0194802	false	dominant=AFR proportion=0.806 margin=0.656 overlap=16298 residual=0.0381
GCST90201191	GCST90201191	African	AFR	af_assigned	ukb-ancestry-mixture-hg38	6691	AFR	0.80824	0.666242	0.0396174	ok	0.80824	0.015189	0.00464632	0.141998	0.00700811	0.00339294	0.0195259	false	dominant=AFR proportion=0.808 margin=0.666 overlap=6691 residual=0.0396
GCST90201192	GCST90201192	African	AFR	af_assigned	ukb-ancestry-mixture-hg38	27801	AFR	0.808857	0.67376	0.0381824	ok	0.808857	0.0167426	0.000791077	0.135097	0	0	0.0385123	false	dominant=AFR proportion=0.809 margin=0.674 overlap=27801 residual=0.0382
GCST90201193	GCST90201193	African	AFR	af_assigned	ukb-ancestry-mixture-hg38	23396	AFR	0.787912	0.633979	0.0482434	ok	0.787912	0	0.0183618	0.153933	0.0397936	0	0	false	dominant=AFR proportion=0.788 margin=0.634 overlap=23396 residual=0.0482
GCST90201194	GCST90201194	African	AFR	af_assigned	ukb-ancestry-mixture-hg38	21138	AFR	0.789946	0.669501	0.0387152	ok	0.789946	0.0221139	0	0.120445	0.0413052	0	0.0261896	false	dominant=AFR proportion=0.790 margin=0.670 overlap=21138 residual=0.0387
GCST90201195	GCST90201195	African	AFR	af_assigned	ukb-ancestry-mixture-hg38	6668	AFR	0.809125	0.666888	0.0395695	ok	0.809125	0.0141354	0.00462998	0.142237	0.00560293	0.00233587	0.0219338	false	dominant=AFR proportion=0.809 margin=0.667 overlap=6668 residual=0.0396
GCST90201196	GCST90201196	African	AFR	af_assigned	ukb-ancestry-mixture-hg38	17515	AFR	0.801436	0.617007	0.0391795	ok	0.801436	0	0	0.18443	0	0.00100109	0.0131332	false	dominant=AFR proportion=0.801 margin=0.617 overlap=17515 residual=0.0392
GCST90201197	GCST90201197	African	AFR	af_assigned	ukb-ancestry-mixture-hg38	16678	AFR	0.82032	0.696569	0.0400597	ok	0.82032	0.0427935	0	0.123751	0	0	0.0131352	false	dominant=AFR proportion=0.820 margin=0.697 overlap=16678 residual=0.0401
GCST90201198	GCST90201198	African	AFR	af_assigned	ukb-ancestry-mixture-hg38	15836	AFR	0.815661	0.678461	0.0375887	ok	0.815661	0.00368394	0.0043567	0.1372	0.00778304	0.0135177	0.0177982	false	dominant=AFR proportion=0.816 margin=0.678 overlap=15836 residual=0.0376
GCST90201199	GCST90201199	African	AFR	af_assigned	ukb-ancestry-mixture-hg38	14050	AFR	0.809049	0.647477	0.0416811	ok	0.809049	0	0	0.161572	0	0	0.0293792	false	dominant=AFR proportion=0.809 margin=0.647 overlap=14050 residual=0.0417
GCST90201200	GCST90201200	African	AFR	af_assigned	ukb-ancestry-mixture-hg38	6663	AFR	0.810718	0.669071	0.0404473	ok	0.810718	0.0138354	0.00514128	0.141647	0.00933579	0.00073538	0.0185867	false	dominant=AFR proportion=0.811 margin=0.669 overlap=6663 residual=0.0404
GCST90201201	GCST90201201	African	AFR	af_assigned	ukb-ancestry-mixture-hg38	9959	AFR	0.808996	0.656862	0.0390363	ok	0.808996	0.00806795	0.00839721	0.152134	0	0	0.0224046	false	dominant=AFR proportion=0.809 margin=0.657 overlap=9959 residual=0.0390
GCST90201202	GCST90201202	African	AFR	af_assigned	ukb-ancestry-mixture-hg38	20020	AFR	0.825565	0.660405	0.0425368	ok	0.825565	0	0.009274	0.165161	0	0	0	false	dominant=AFR proportion=0.826 margin=0.660 overlap=20020 residual=0.0425
GCST90201203	GCST90201203	African	AFR	af_assigned	ukb-ancestry-mixture-hg38	6751	AFR	0.805617	0.661863	0.040696	ok	0.805617	0.0125005	0.00722187	0.143754	0.00880862	0.00517359	0.0169238	false	dominant=AFR proportion=0.806 margin=0.662 overlap=6751 residual=0.0407
GCST90201204	GCST90201204	African	AFR	af_assigned	ukb-ancestry-mixture-hg38	10019	AFR	0.842348	0.706109	0.039913	ok	0.842348	0	0.0174697	0.136239	0.00394343	0	0	false	dominant=AFR proportion=0.842 margin=0.706 overlap=10019 residual=0.0399
GCST90201205	GCST90201205	African	AFR	af_assigned	ukb-ancestry-mixture-hg38	14879	AFR	0.778696	0.600089	0.0409966	ok	0.778696	0.0154023	0	0.178608	0	0	0.0272938	false	dominant=AFR proportion=0.779 margin=0.600 overlap=14879 residual=0.0410
GCST90201206	GCST90201206	African	AFR	af_assigned	ukb-ancestry-mixture-hg38	13182	AFR	0.799342	0.61646	0.0381707	ok	0.799342	0.00371017	0	0.182881	0	0	0.0140667	false	dominant=AFR proportion=0.799 margin=0.616 overlap=13182 residual=0.0382
GCST90201207	GCST90201207	African	AFR	af_assigned	ukb-ancestry-mixture-hg38	18529	AFR	0.812926	0.704955	0.0392828	ok	0.812926	0.0216617	0.000302006	0.10797	0.0219761	0.00165656	0.0335077	false	dominant=AFR proportion=0.813 margin=0.705 overlap=18529 residual=0.0393
GCST90201208	GCST90201208	African	AFR	af_assigned	ukb-ancestry-mixture-hg38	9006	AFR	0.799643	0.64681	0.0503265	ok	0.799643	0	0.0093087	0.152833	0.0114343	0.00786618	0.0189145	false	dominant=AFR proportion=0.800 margin=0.647 overlap=9006 residual=0.0503
GCST90201209	GCST90201209	African	AFR	af_assigned	ukb-ancestry-mixture-hg38	6686	AFR	0.812177	0.673323	0.0400762	ok	0.812177	0.0150183	0.00464677	0.138854	0.00364027	0.00603778	0.0196261	false	dominant=AFR proportion=0.812 margin=0.673 overlap=6686 residual=0.0401
GCST90201210	GCST90201210	African	AFR	af_assigned	ukb-ancestry-mixture-hg38	23290	AFR	0.849721	0.736421	0.0413918	ok	0.849721	0.0170868	0.0116298	0.1133	0	0	0.00826238	false	dominant=AFR proportion=0.850 margin=0.736 overlap=23290 residual=0.0414
GCST90201211	GCST90201211	African	AFR	af_assigned	ukb-ancestry-mixture-hg38	13155	AFR	0.798729	0.631386	0.0401154	ok	0.798729	0.0200491	0	0.167343	0	0.00992112	0.00395788	false	dominant=AFR proportion=0.799 margin=0.631 overlap=13155 residual=0.0401
GCST90201212	GCST90201212	African	AFR	af_assigned	ukb-ancestry-mixture-hg38	57662	AFR	0.800609	0.677042	0.043519	ok	0.800609	0.0349493	0.00215439	0.123567	0	0.0267238	0.0119969	false	dominant=AFR proportion=0.801 margin=0.677 overlap=57662 residual=0.0435
GCST90201213	GCST90201213	African	AFR	af_assigned	ukb-ancestry-mixture-hg38	9282	AFR	0.801772	0.661449	0.0390851	ok	0.801772	0.0108434	0.0100199	0.140323	0	0.0257417	0.0113006	false	dominant=AFR proportion=0.802 margin=0.661 overlap=9282 residual=0.0391
GCST90201214	GCST90201214	African	AFR	af_assigned	ukb-ancestry-mixture-hg38	10466	AFR	0.813146	0.650177	0.038545	ok	0.813146	0	0	0.162969	0	0	0.0238848	false	dominant=AFR proportion=0.813 margin=0.650 overlap=10466 residual=0.0385
GCST90201215	GCST90201215	African	AFR	af_assigned	ukb-ancestry-mixture-hg38	9709	AFR	0.832907	0.683062	0.0368461	ok	0.832907	0.00304161	0	0.149846	0	0	0.0142052	false	dominant=AFR proportion=0.833 margin=0.683 overlap=9709 residual=0.0368
GCST90201216	GCST90201216	African	AFR	af_assigned	ukb-ancestry-mixture-hg38	23669	AFR	0.803701	0.618997	0.0426494	ok	0.803701	0	0	0.184704	0	0	0.0115958	false	dominant=AFR proportion=0.804 margin=0.619 overlap=23669 residual=0.0426
GCST90201217	GCST90201217	African	AFR	af_assigned	ukb-ancestry-mixture-hg38	12438	AFR	0.806145	0.683162	0.0393649	ok	0.806145	0	0.0215937	0.122983	0.0115457	0	0.037733	false	dominant=AFR proportion=0.806 margin=0.683 overlap=12438 residual=0.0394
GCST90201218	GCST90201218	African	AFR	af_assigned	ukb-ancestry-mixture-hg38	9721	AFR	0.787845	0.637811	0.0426903	ok	0.787845	0.025084	0	0.150034	0.00743091	0.0252607	0.00434545	false	dominant=AFR proportion=0.788 margin=0.638 overlap=9721 residual=0.0427
GCST90201219	GCST90201219	African	AFR	af_assigned	ukb-ancestry-mixture-hg38	27428	AFR	0.805762	0.660896	0.0401221	ok	0.805762	0	0.00374615	0.144866	0	0	0.0456253	false	dominant=AFR proportion=0.806 margin=0.661 overlap=27428 residual=0.0401
GCST90201220	GCST90201220	African	AFR	af_assigned	ukb-ancestry-mixture-hg38	11750	AFR	0.774772	0.68175	0.0409636	ok	0.774772	0	0	0.0739533	0.042533	0.0930223	0.0157191	false	dominant=AFR proportion=0.775 margin=0.682 overlap=11750 residual=0.0410
GCST90201221	GCST90201221	African	AFR	af_assigned	ukb-ancestry-mixture-hg38	54162	AFR	0.802836	0.691378	0.0405087	ok	0.802836	0.0111446	0.0126651	0.111458	0	0.0384639	0.0234324	false	dominant=AFR proportion=0.803 margin=0.691 overlap=54162 residual=0.0405
GCST90201222	GCST90201222	African	AFR	af_assigned	ukb-ancestry-mixture-hg38	22214	AFR	0.774133	0.609214	0.0415763	ok	0.774133	0.000406089	0.0192409	0.164919	0	0	0.0413016	false	dominant=AFR proportion=0.774 margin=0.609 overlap=22214 residual=0.0416
GCST90201223	GCST90201223	African	AFR	af_assigned	ukb-ancestry-mixture-hg38	8737	AFR	0.813509	0.664346	0.0382242	ok	0.813509	0.000545949	0.000672364	0.149162	0	0.0129736	0.0231374	false	dominant=AFR proportion=0.814 margin=0.664 overlap=8737 residual=0.0382
GCST90201224	GCST90201224	African	AFR	af_assigned	ukb-ancestry-mixture-hg38	17453	AFR	0.798999	0.634428	0.0407171	ok	0.798999	0.0214773	0.0066939	0.164571	0	0	0.00825847	false	dominant=AFR proportion=0.799 margin=0.634 overlap=17453 residual=0.0407
GCST90201225	GCST90201225	African	AFR	af_assigned	ukb-ancestry-mixture-hg38	28944	AFR	0.815759	0.66933	0.0394766	ok	0.815759	0	0	0.146429	0.0106541	0	0.0271578	false	dominant=AFR proportion=0.816 margin=0.669 overlap=28944 residual=0.0395
GCST90201226	GCST90201226	African	AFR	af_assigned	ukb-ancestry-mixture-hg38	6697	AFR	0.808425	0.665782	0.039605	ok	0.808425	0.0146845	0.00479879	0.142643	0.00539811	0.00381614	0.020235	false	dominant=AFR proportion=0.808 margin=0.666 overlap=6697 residual=0.0396
GCST90201227	GCST90201227	African	AFR	af_assigned	ukb-ancestry-mixture-hg38	6668	AFR	0.809511	0.664907	0.0396259	ok	0.809511	0.0131054	0.00541768	0.144604	0.00640922	0.000445336	0.0205079	false	dominant=AFR proportion=0.810 margin=0.665 overlap=6668 residual=0.0396
GCST90201228	GCST90201228	African	AFR	af_assigned	ukb-ancestry-mixture-hg38	18660	AFR	0.806823	0.691567	0.0384989	ok	0.806823	0.0279032	0.00294058	0.115256	0.0110182	0.0194674	0.0165917	false	dominant=AFR proportion=0.807 margin=0.692 overlap=18660 residual=0.0385
GCST90201229	GCST90201229	African	AFR	af_assigned	ukb-ancestry-mixture-hg38	23426	AFR	0.800555	0.648805	0.0393133	ok	0.800555	0.00667539	0	0.15175	0	0.019677	0.0213426	false	dominant=AFR proportion=0.801 margin=0.649 overlap=23426 residual=0.0393
GCST90201230	GCST90201230	African	AFR	af_assigned	ukb-ancestry-mixture-hg38	20304	AFR	0.779032	0.647444	0.0381065	ok	0.779032	0.014463	0	0.131589	0	0.0480334	0.0268823	false	dominant=AFR proportion=0.779 margin=0.647 overlap=20304 residual=0.0381
GCST90201231	GCST90201231	African	AFR	af_assigned	ukb-ancestry-mixture-hg38	9882	AFR	0.827577	0.694877	0.0389949	ok	0.827577	0.00528425	0.00458924	0.1327	0	0	0.0298492	false	dominant=AFR proportion=0.828 margin=0.695 overlap=9882 residual=0.0390
GCST90201232	GCST90201232	African	AFR	af_assigned	ukb-ancestry-mixture-hg38	20670	AFR	0.814409	0.716077	0.0387343	ok	0.814409	0.013014	0	0.0983323	0	0	0.0742445	false	dominant=AFR proportion=0.814 margin=0.716 overlap=20670 residual=0.0387
GCST90201233	GCST90201233	African	AFR	af_assigned	ukb-ancestry-mixture-hg38	138408	AFR	0.78439	0.636526	0.0385402	ok	0.78439	0.00467608	0.0203644	0.147864	0.0225292	0.00701224	0.0131646	false	dominant=AFR proportion=0.784 margin=0.637 overlap=138408 residual=0.0385
GCST90201234	GCST90201234	African	AFR	af_assigned	ukb-ancestry-mixture-hg38	18943	AFR	0.792969	0.649489	0.040426	ok	0.792969	0.00796797	0.0366822	0.14348	0	0.0189014	0	false	dominant=AFR proportion=0.793 margin=0.649 overlap=18943 residual=0.0404
GCST90201235	GCST90201235	African	AFR	af_assigned	ukb-ancestry-mixture-hg38	81953	AFR	0.806745	0.636413	0.0422609	ok	0.806745	0	0.0125571	0.170332	0	0	0.0103652	false	dominant=AFR proportion=0.807 margin=0.636 overlap=81953 residual=0.0423
GCST90201236	GCST90201236	African	AFR	af_assigned	ukb-ancestry-mixture-hg38	102191	AFR	0.788054	0.599033	0.0474131	ok	0.788054	0.00730429	0.0156214	0.18902	0	0	0	false	dominant=AFR proportion=0.788 margin=0.599 overlap=102191 residual=0.0474
GCST90201237	GCST90201237	African	AFR	af_assigned	ukb-ancestry-mixture-hg38	9161	AFR	0.803357	0.657107	0.0375845	ok	0.803357	0.0148059	0.0111767	0.14625	0	0	0.0244109	false	dominant=AFR proportion=0.803 margin=0.657 overlap=9161 residual=0.0376
GCST90201238	GCST90201238	African	AFR	af_assigned	ukb-ancestry-mixture-hg38	25612	AFR	0.81128	0.673662	0.0401528	ok	0.81128	0.0183531	0.00716326	0.137617	0	0.0255863	0	false	dominant=AFR proportion=0.811 margin=0.674 overlap=25612 residual=0.0402
GCST90201239	GCST90201239	African	AFR	af_assigned	ukb-ancestry-mixture-hg38	18393	AFR	0.790571	0.613443	0.0382938	ok	0.790571	0	0.000687328	0.177128	0.0214777	0	0.010136	false	dominant=AFR proportion=0.791 margin=0.613 overlap=18393 residual=0.0383
GCST90201240	GCST90201240	African	AFR	af_assigned	ukb-ancestry-mixture-hg38	9604	AFR	0.820877	0.680569	0.0391359	ok	0.820877	0.00244534	0.0143942	0.140308	0	0.00797835	0.0139969	false	dominant=AFR proportion=0.821 margin=0.681 overlap=9604 residual=0.0391
GCST90201241	GCST90201241	African	AFR	af_assigned	ukb-ancestry-mixture-hg38	18099	AFR	0.811685	0.644722	0.0385427	ok	0.811685	0	0	0.166963	0	0	0.0213517	false	dominant=AFR proportion=0.812 margin=0.645 overlap=18099 residual=0.0385
GCST90201242	GCST90201242	African	AFR	af_assigned	ukb-ancestry-mixture-hg38	16163	AFR	0.795305	0.657998	0.0391966	ok	0.795305	0	0.0102809	0.137308	0	0	0.0571059	false	dominant=AFR proportion=0.795 margin=0.658 overlap=16163 residual=0.0392
GCST90201243	GCST90201243	African	AFR	af_assigned	ukb-ancestry-mixture-hg38	6669	AFR	0.809292	0.667303	0.0395956	ok	0.809292	0.0136667	0.00511957	0.141989	0.00483965	0.00268828	0.0224043	false	dominant=AFR proportion=0.809 margin=0.667 overlap=6669 residual=0.0396
GCST90201244	GCST90201244	African	AFR	af_assigned	ukb-ancestry-mixture-hg38	12705	AFR	0.771214	0.632472	0.0393398	ok	0.771214	0.000404335	0.017237	0.138742	0	0.0724033	0	false	dominant=AFR proportion=0.771 margin=0.632 overlap=12705 residual=0.0393
GCST90201245	GCST90201245	African	AFR	af_assigned	ukb-ancestry-mixture-hg38	62805	AFR	0.83038	0.73105	0.0552537	ok	0.83038	0.0250396	0.0120921	0.0993293	0.0122033	0.0209562	0	false	dominant=AFR proportion=0.830 margin=0.731 overlap=62805 residual=0.0553
GCST90201246	GCST90201246	African	AFR	af_assigned	ukb-ancestry-mixture-hg38	9990	AFR	0.793954	0.655329	0.0399745	ok	0.793954	0.0167008	0	0.138626	0	0.0382876	0.0124319	false	dominant=AFR proportion=0.794 margin=0.655 overlap=9990 residual=0.0400
GCST90201247	GCST90201247	African	AFR	af_assigned	ukb-ancestry-mixture-hg38	13805	AFR	0.777653	0.628983	0.0391922	ok	0.777653	0	0.00565842	0.14867	0	0.056205	0.0118132	false	dominant=AFR proportion=0.778 margin=0.629 overlap=13805 residual=0.0392
GCST90201248	GCST90201248	African	AFR	af_assigned	ukb-ancestry-mixture-hg38	9384	AFR	0.853607	0.736191	0.0408119	ok	0.853607	0	0	0.117416	0.0057076	0	0.0232698	false	dominant=AFR proportion=0.854 margin=0.736 overlap=9384 residual=0.0408
GCST90201249	GCST90201249	African	AFR	af_assigned	ukb-ancestry-mixture-hg38	8937	AFR	0.805194	0.684244	0.0400199	ok	0.805194	0	0	0.120951	0.0125038	0.0397651	0.021586	false	dominant=AFR proportion=0.805 margin=0.684 overlap=8937 residual=0.0400
GCST90201250	GCST90201250	African	AFR	af_assigned	ukb-ancestry-mixture-hg38	17152	AFR	0.80197	0.700427	0.0401921	ok	0.80197	0.0270844	0.0232132	0.101543	0	0.04619	0	false	dominant=AFR proportion=0.802 margin=0.700 overlap=17152 residual=0.0402
GCST90201251	GCST90201251	African	AFR	af_assigned	ukb-ancestry-mixture-hg38	10644	AFR	0.792754	0.641686	0.0380463	ok	0.792754	0.0204364	0.0172187	0.151068	0.0185233	0	0	false	dominant=AFR proportion=0.793 margin=0.642 overlap=10644 residual=0.0380
GCST90201252	GCST90201252	African	AFR	af_assigned	ukb-ancestry-mixture-hg38	18256	AFR	0.796476	0.645755	0.0376349	ok	0.796476	0.00684172	0	0.150721	0.0313406	0	0.0146214	false	dominant=AFR proportion=0.796 margin=0.646 overlap=18256 residual=0.0376
GCST90201253	GCST90201253	African	AFR	af_assigned	ukb-ancestry-mixture-hg38	16970	AFR	0.817648	0.686083	0.0378496	ok	0.817648	0	0.0176892	0.131564	0	0.00385529	0.0292432	false	dominant=AFR proportion=0.818 margin=0.686 overlap=16970 residual=0.0378
GCST90201254	GCST90201254	African	AFR	af_assigned	ukb-ancestry-mixture-hg38	27074	AFR	0.820555	0.70014	0.0385152	ok	0.820555	0	0.0170174	0.120415	0	0.0212199	0.0207922	false	dominant=AFR proportion=0.821 margin=0.700 overlap=27074 residual=0.0385
GCST90201255	GCST90201255	African	AFR	af_assigned	ukb-ancestry-mixture-hg38	9748	AFR	0.795999	0.621168	0.0389196	ok	0.795999	0.00269787	0.00522975	0.174831	0.0084584	0	0.0127834	false	dominant=AFR proportion=0.796 margin=0.621 overlap=9748 residual=0.0389
GCST90201256	GCST90201256	African	AFR	af_assigned	ukb-ancestry-mixture-hg38	23584	AFR	0.761827	0.646841	0.0495937	ok	0.761827	0.0337024	0.0225403	0.114986	0.0285154	0.0384281	0	false	dominant=AFR proportion=0.762 margin=0.647 overlap=23584 residual=0.0496
GCST90201257	GCST90201257	African	AFR	af_assigned	ukb-ancestry-mixture-hg38	13294	AFR	0.824373	0.699869	0.0381201	ok	0.824373	0.0210123	0.0149293	0.124504	0	0.00238059	0.0128009	false	dominant=AFR proportion=0.824 margin=0.700 overlap=13294 residual=0.0381
GCST90201258	GCST90201258	African	AFR	af_assigned	ukb-ancestry-mixture-hg38	12284	AFR	0.792082	0.637813	0.0404242	ok	0.792082	0.0125068	0.0242572	0.154269	0	0	0.0168849	false	dominant=AFR proportion=0.792 margin=0.638 overlap=12284 residual=0.0404
GCST90201259	GCST90201259	African	AFR	af_assigned	ukb-ancestry-mixture-hg38	20555	AFR	0.828221	0.714171	0.0376672	ok	0.828221	0	0.00998195	0.11405	0.0314274	0.0163191	0	false	dominant=AFR proportion=0.828 margin=0.714 overlap=20555 residual=0.0377
GCST90201260	GCST90201260	African	AFR	af_assigned	ukb-ancestry-mixture-hg38	63026	AFR	0.801993	0.625132	0.0536067	ok	0.801993	0	0.000571563	0.176861	0	0	0.0205738	false	dominant=AFR proportion=0.802 margin=0.625 overlap=63026 residual=0.0536
GCST90201261	GCST90201261	African	AFR	af_assigned	ukb-ancestry-mixture-hg38	17024	AFR	0.783057	0.672019	0.041413	ok	0.783057	0.0219689	0	0.111037	0	0.0486116	0.0353253	false	dominant=AFR proportion=0.783 margin=0.672 overlap=17024 residual=0.0414
GCST90201262	GCST90201262	African	AFR	af_assigned	ukb-ancestry-mixture-hg38	9712	AFR	0.787932	0.653327	0.0399882	ok	0.787932	0.012304	0.00661823	0.134605	0.00717417	0.0412841	0.0100824	false	dominant=AFR proportion=0.788 margin=0.653 overlap=9712 residual=0.0400
GCST90201263	GCST90201263	African	AFR	af_assigned	ukb-ancestry-mixture-hg38	12364	AFR	0.773175	0.653634	0.044795	ok	0.773175	0.0150431	0.00982995	0.119541	0.045468	0	0.0369426	false	dominant=AFR proportion=0.773 margin=0.654 overlap=12364 residual=0.0448
GCST90201264	GCST90201264	African	AFR	af_assigned	ukb-ancestry-mixture-hg38	16002	AFR	0.809255	0.682614	0.040749	ok	0.809255	0.0292242	0	0.126641	0	0	0.0348798	false	dominant=AFR proportion=0.809 margin=0.683 overlap=16002 residual=0.0407
GCST90201265	GCST90201265	African	AFR	af_assigned	ukb-ancestry-mixture-hg38	16031	AFR	0.77936	0.589826	0.0402034	ok	0.77936	0	0.0157683	0.189534	0	0	0.0153383	false	dominant=AFR proportion=0.779 margin=0.590 overlap=16031 residual=0.0402
GCST90201266	GCST90201266	African	AFR	af_assigned	ukb-ancestry-mixture-hg38	6942	AFR	0.804242	0.653527	0.0419179	ok	0.804242	0.0129942	0.00427797	0.150715	0.00768295	0	0.0200882	false	dominant=AFR proportion=0.804 margin=0.654 overlap=6942 residual=0.0419
GCST90201267	GCST90201267	African	AFR	af_assigned	ukb-ancestry-mixture-hg38	26992	AFR	0.81533	0.670911	0.0393683	ok	0.81533	0	0.014771	0.144419	0	0	0.0254799	false	dominant=AFR proportion=0.815 margin=0.671 overlap=26992 residual=0.0394
GCST90201268	GCST90201268	African	AFR	af_assigned	ukb-ancestry-mixture-hg38	17075	AFR	0.826215	0.68802	0.0422923	ok	0.826215	0.035589	0	0.138196	0	0	0	false	dominant=AFR proportion=0.826 margin=0.688 overlap=17075 residual=0.0423
GCST90201269	GCST90201269	African	AFR	af_assigned	ukb-ancestry-mixture-hg38	15835	AFR	0.806211	0.688292	0.0385283	ok	0.806211	0.0092198	0.000320582	0.117919	0	0.024424	0.0419062	false	dominant=AFR proportion=0.806 margin=0.688 overlap=15835 residual=0.0385
GCST90201270	GCST90201270	African	AFR	af_assigned	ukb-ancestry-mixture-hg38	11669	AFR	0.777161	0.679914	0.0403535	ok	0.777161	0.0203425	0.0335061	0.0717421	0	0.0972479	0	false	dominant=AFR proportion=0.777 margin=0.680 overlap=11669 residual=0.0404
GCST90201271	GCST90201271	African	AFR	af_assigned	ukb-ancestry-mixture-hg38	20715	AFR	0.787366	0.637777	0.0390088	ok	0.787366	0	0	0.149589	0	0.032988	0.0300576	false	dominant=AFR proportion=0.787 margin=0.638 overlap=20715 residual=0.0390
GCST90201272	GCST90201272	African	AFR	af_assigned	ukb-ancestry-mixture-hg38	6661	AFR	0.809129	0.665731	0.0395998	ok	0.809129	0.0141816	0.00478558	0.143398	0.00526505	0.00195804	0.0212827	false	dominant=AFR proportion=0.809 margin=0.666 overlap=6661 residual=0.0396
GCST90201273	GCST90201273	African	AFR	af_assigned	ukb-ancestry-mixture-hg38	13845	AFR	0.788802	0.627201	0.041223	ok	0.788802	0.00342809	0.0130903	0.161601	0	0	0.0330785	false	dominant=AFR proportion=0.789 margin=0.627 overlap=13845 residual=0.0412
GCST90201274	GCST90201274	African	AFR	af_assigned	ukb-ancestry-mixture-hg38	14607	AFR	0.781308	0.635827	0.0392619	ok	0.781308	0.0127106	0	0.145481	0.0120695	0	0.0484309	false	dominant=AFR proportion=0.781 margin=0.636 overlap=14607 residual=0.0393
GCST90201275	GCST90201275	African	AFR	af_assigned	ukb-ancestry-mixture-hg38	9036	AFR	0.772992	0.656983	0.0390042	ok	0.772992	0.0396654	0.00471529	0.116009	0	0.0445704	0.0220476	false	dominant=AFR proportion=0.773 margin=0.657 overlap=9036 residual=0.0390
GCST90201276	GCST90201276	African	AFR	af_assigned	ukb-ancestry-mixture-hg38	16017	AFR	0.820263	0.692943	0.0388431	ok	0.820263	0.00966322	0.0200434	0.12732	0	0.0107504	0.0119597	false	dominant=AFR proportion=0.820 margin=0.693 overlap=16017 residual=0.0388
GCST90201277	GCST90201277	African	AFR	af_assigned	ukb-ancestry-mixture-hg38	10297	AFR	0.797737	0.649188	0.0382816	ok	0.797737	0	0.00248924	0.148549	0.0106288	0	0.040596	false	dominant=AFR proportion=0.798 margin=0.649 overlap=10297 residual=0.0383
GCST90201278	GCST90201278	African	AFR	af_assigned	ukb-ancestry-mixture-hg38	76558	AFR	0.80603	0.670795	0.0427294	ok	0.80603	0.00599024	0	0.135235	0	0	0.0527452	false	dominant=AFR proportion=0.806 margin=0.671 overlap=76558 residual=0.0427
GCST90201279	GCST90201279	African	AFR	af_assigned	ukb-ancestry-mixture-hg38	22052	AFR	0.784857	0.587668	0.0405499	ok	0.784857	0	0.0179546	0.197189	0	0	0	false	dominant=AFR proportion=0.785 margin=0.588 overlap=22052 residual=0.0405
GCST90201280	GCST90201280	African	AFR	af_assigned	ukb-ancestry-mixture-hg38	18990	AFR	0.824009	0.679028	0.0394896	ok	0.824009	0	0.00130067	0.144981	0	0	0.0297089	false	dominant=AFR proportion=0.824 margin=0.679 overlap=18990 residual=0.0395
GCST90201281	GCST90201281	African	AFR	af_assigned	ukb-ancestry-mixture-hg38	19546	AFR	0.77723	0.670303	0.0407299	ok	0.77723	0.0269373	0	0.106927	0.0351954	0.0537099	0	false	dominant=AFR proportion=0.777 margin=0.670 overlap=19546 residual=0.0407
GCST90201282	GCST90201282	African	AFR	af_assigned	ukb-ancestry-mixture-hg38	14565	AFR	0.794229	0.638949	0.0406073	ok	0.794229	0.021993	0.00433027	0.15528	0	0	0.0241683	false	dominant=AFR proportion=0.794 margin=0.639 overlap=14565 residual=0.0406
GCST90201283	GCST90201283	African	AFR	af_assigned	ukb-ancestry-mixture-hg38	11437	AFR	0.871718	0.74701	0.0507701	ok	0.871718	0.00357376	0	0.124708	0	0	0	false	dominant=AFR proportion=0.872 margin=0.747 overlap=11437 residual=0.0508
GCST90201284	GCST90201284	African	AFR	af_assigned	ukb-ancestry-mixture-hg38	24875	AFR	0.779773	0.657297	0.0453678	ok	0.779773	0.04381	0.00263215	0.122475	0	0.0513101	0	false	dominant=AFR proportion=0.780 margin=0.657 overlap=24875 residual=0.0454
GCST90201285	GCST90201285	African	AFR	af_assigned	ukb-ancestry-mixture-hg38	15977	AFR	0.796828	0.66743	0.0376604	ok	0.796828	0.00298886	4.58469e-05	0.129398	0.0566328	0	0.0141057	false	dominant=AFR proportion=0.797 margin=0.667 overlap=15977 residual=0.0377
GCST90201286	GCST90201286	African	AFR	af_assigned	ukb-ancestry-mixture-hg38	19114	AFR	0.829729	0.678041	0.0394598	ok	0.829729	0	0	0.151688	0	0	0.0185823	false	dominant=AFR proportion=0.830 margin=0.678 overlap=19114 residual=0.0395
GCST90201287	GCST90201287	African	AFR	af_assigned	ukb-ancestry-mixture-hg38	22563	AFR	0.78132	0.614374	0.0406281	ok	0.78132	0	0.0211137	0.166946	0	0.0147969	0.0158233	false	dominant=AFR proportion=0.781 margin=0.614 overlap=22563 residual=0.0406
GCST90201288	GCST90201288	African	AFR	af_assigned	ukb-ancestry-mixture-hg38	13421	AFR	0.82861	0.687118	0.039902	ok	0.82861	0.00439951	0	0.141492	0	0	0.025499	false	dominant=AFR proportion=0.829 margin=0.687 overlap=13421 residual=0.0399
GCST90201289	GCST90201289	African	AFR	af_assigned	ukb-ancestry-mixture-hg38	9625	AFR	0.795699	0.661911	0.0403271	ok	0.795699	0	0.00672211	0.133788	0	0	0.0637909	false	dominant=AFR proportion=0.796 margin=0.662 overlap=9625 residual=0.0403
GCST90201290	GCST90201290	African	AFR	af_assigned	ukb-ancestry-mixture-hg38	15701	AFR	0.821524	0.678833	0.0397241	ok	0.821524	0.0135189	0.0079577	0.142692	0	0	0.0143074	false	dominant=AFR proportion=0.822 margin=0.679 overlap=15701 residual=0.0397
GCST90201291	GCST90201291	African	AFR	af_assigned	ukb-ancestry-mixture-hg38	12300	AFR	0.787407	0.638877	0.0377181	ok	0.787407	0.00765038	0	0.14853	0.00303757	0.0261463	0.0272283	false	dominant=AFR proportion=0.787 margin=0.639 overlap=12300 residual=0.0377
GCST90201292	GCST90201292	African	AFR	af_assigned	ukb-ancestry-mixture-hg38	9951	AFR	0.811414	0.674071	0.0386637	ok	0.811414	0.0243512	0.0116828	0.137342	0.00934486	0	0.00586554	false	dominant=AFR proportion=0.811 margin=0.674 overlap=9951 residual=0.0387
GCST90201293	GCST90201293	African	AFR	af_assigned	ukb-ancestry-mixture-hg38	10517	AFR	0.777103	0.563894	0.0437387	ok	0.777103	0	0.00968719	0.213209	0	0	0	false	dominant=AFR proportion=0.777 margin=0.564 overlap=10517 residual=0.0437
GCST90201294	GCST90201294	African	AFR	af_assigned	ukb-ancestry-mixture-hg38	16304	AFR	0.80056	0.612981	0.0385011	ok	0.80056	0.0118601	0	0.187579	0	0	0	false	dominant=AFR proportion=0.801 margin=0.613 overlap=16304 residual=0.0385
GCST90201295	GCST90201295	African	AFR	af_assigned	ukb-ancestry-mixture-hg38	6723	AFR	0.814248	0.676455	0.0402138	ok	0.814248	0.0152668	0.00422527	0.137794	0.00702425	0	0.0214419	false	dominant=AFR proportion=0.814 margin=0.676 overlap=6723 residual=0.0402
GCST90201296	GCST90201296	African	AFR	af_assigned	ukb-ancestry-mixture-hg38	12557	AFR	0.800301	0.678465	0.0422622	ok	0.800301	0.0140782	0.00354112	0.121837	0	0	0.0602427	false	dominant=AFR proportion=0.800 margin=0.678 overlap=12557 residual=0.0423
GCST90201297	GCST90201297	African	AFR	af_assigned	ukb-ancestry-mixture-hg38	31500	AFR	0.795029	0.618811	0.0371169	ok	0.795029	0	0.00877815	0.176218	0	0	0.0199745	false	dominant=AFR proportion=0.795 margin=0.619 overlap=31500 residual=0.0371
GCST90201298	GCST90201298	African	AFR	af_assigned	ukb-ancestry-mixture-hg38	6715	AFR	0.806794	0.661221	0.0403221	ok	0.806794	0.0146809	0.00553832	0.145573	0.00638108	0.000460234	0.0205724	false	dominant=AFR proportion=0.807 margin=0.661 overlap=6715 residual=0.0403
GCST90201299	GCST90201299	African	AFR	af_assigned	ukb-ancestry-mixture-hg38	25184	AFR	0.822112	0.673762	0.0390614	ok	0.822112	0	0.0245918	0.14835	0.00494588	0	0	false	dominant=AFR proportion=0.822 margin=0.674 overlap=25184 residual=0.0391
GCST90201300	GCST90201300	African	AFR	af_assigned	ukb-ancestry-mixture-hg38	9745	AFR	0.830995	0.723145	0.0408878	ok	0.830995	0	0.0107376	0.10785	0.0229821	0	0.0274353	false	dominant=AFR proportion=0.831 margin=0.723 overlap=9745 residual=0.0409
GCST90201301	GCST90201301	African	AFR	af_assigned	ukb-ancestry-mixture-hg38	9484	AFR	0.782926	0.637328	0.0404996	ok	0.782926	0.0074754	0.00483681	0.145598	0.0166818	0.00358072	0.0389013	false	dominant=AFR proportion=0.783 margin=0.637 overlap=9484 residual=0.0405
GCST90201302	GCST90201302	African	AFR	af_assigned	ukb-ancestry-mixture-hg38	41439	AFR	0.81202	0.665004	0.0399909	ok	0.81202	0.0113187	0.0178873	0.147016	0	0	0.0117584	false	dominant=AFR proportion=0.812 margin=0.665 overlap=41439 residual=0.0400
GCST90201303	GCST90201303	African	AFR	af_assigned	ukb-ancestry-mixture-hg38	9548	AFR	0.787385	0.635264	0.0380281	ok	0.787385	0.00344991	0.0221401	0.152121	0.0184604	0.00552002	0.0109227	false	dominant=AFR proportion=0.787 margin=0.635 overlap=9548 residual=0.0380
GCST90201304	GCST90201304	African	AFR	af_assigned	ukb-ancestry-mixture-hg38	13548	AFR	0.791537	0.633461	0.0392934	ok	0.791537	0.00315129	0	0.158076	0	0.0323427	0.0148934	false	dominant=AFR proportion=0.792 margin=0.633 overlap=13548 residual=0.0393
GCST90201305	GCST90201305	African	AFR	af_assigned	ukb-ancestry-mixture-hg38	9214	AFR	0.817562	0.651288	0.0393007	ok	0.817562	0.00273976	0	0.166274	0	0.00306624	0.0103584	false	dominant=AFR proportion=0.818 margin=0.651 overlap=9214 residual=0.0393
GCST90201306	GCST90201306	African	AFR	af_assigned	ukb-ancestry-mixture-hg38	13147	AFR	0.81072	0.656552	0.0402831	ok	0.81072	0.0237863	0	0.154168	0	0	0.0113264	false	dominant=AFR proportion=0.811 margin=0.657 overlap=13147 residual=0.0403
GCST90201307	GCST90201307	African	AFR	af_assigned	ukb-ancestry-mixture-hg38	12337	AFR	0.836734	0.70041	0.0377109	ok	0.836734	0.0140966	0.00408002	0.136323	0	0	0.00876672	false	dominant=AFR proportion=0.837 margin=0.700 overlap=12337 residual=0.0377
GCST90201308	GCST90201308	African	AFR	af_assigned	ukb-ancestry-mixture-hg38	25210	AFR	0.765883	0.606792	0.0382016	ok	0.765883	0.0201763	0.0156754	0.15909	0.0155174	0.0108625	0.0127956	false	dominant=AFR proportion=0.766 margin=0.607 overlap=25210 residual=0.0382
GCST90201309	GCST90201309	African	AFR	af_assigned	ukb-ancestry-mixture-hg38	22668	AFR	0.805656	0.633839	0.0396468	ok	0.805656	0	0.000684192	0.171817	0	0	0.0218427	false	dominant=AFR proportion=0.806 margin=0.634 overlap=22668 residual=0.0396
GCST90201310	GCST90201310	African	AFR	af_assigned	ukb-ancestry-mixture-hg38	10060	AFR	0.790271	0.657406	0.0395596	ok	0.790271	0.000565574	0.0139179	0.132865	0.0274347	0.033682	0.00126399	false	dominant=AFR proportion=0.790 margin=0.657 overlap=10060 residual=0.0396
GCST90201311	GCST90201311	African	AFR	af_assigned	ukb-ancestry-mixture-hg38	10074	AFR	0.779295	0.636061	0.0437818	ok	0.779295	0	0	0.0468239	0	0.143233	0.0306483	false	dominant=AFR proportion=0.779 margin=0.636 overlap=10074 residual=0.0438
GCST90201312	GCST90201312	African	AFR	af_assigned	ukb-ancestry-mixture-hg38	19392	AFR	0.794859	0.631615	0.042394	ok	0.794859	0.0174579	0.0185675	0.163244	0	0	0.00587203	false	dominant=AFR proportion=0.795 margin=0.632 overlap=19392 residual=0.0424
GCST90201313	GCST90201313	African	AFR	af_assigned	ukb-ancestry-mixture-hg38	13496	AFR	0.79969	0.66077	0.0427453	ok	0.79969	0	0.0219659	0.13892	0	0.0039908	0.0354335	false	dominant=AFR proportion=0.800 margin=0.661 overlap=13496 residual=0.0427
GCST90201314	GCST90201314	African	AFR	af_assigned	ukb-ancestry-mixture-hg38	6700	AFR	0.809151	0.665341	0.0399958	ok	0.809151	0.0138895	0.00602159	0.14381	0.00342937	0.000976235	0.0227218	false	dominant=AFR proportion=0.809 margin=0.665 overlap=6700 residual=0.0400
GCST90201315	GCST90201315	African	AFR	af_assigned	ukb-ancestry-mixture-hg38	6678	AFR	0.810443	0.665943	0.0395963	ok	0.810443	0.0136277	0.00491231	0.1445	0.00565698	0.000274513	0.0205861	false	dominant=AFR proportion=0.810 margin=0.666 overlap=6678 residual=0.0396
GCST90201316	GCST90201316	African	AFR	af_assigned	ukb-ancestry-mixture-hg38	18430	AFR	0.819885	0.71814	0.0396657	ok	0.819885	0	0	0.101745	0.00835581	0.0362902	0.0337241	false	dominant=AFR proportion=0.820 margin=0.718 overlap=18430 residual=0.0397
GCST90201317	GCST90201317	African	AFR	af_assigned	ukb-ancestry-mixture-hg38	6696	AFR	0.811489	0.667669	0.0400239	ok	0.811489	0.0121591	0.00548831	0.14382	0.00397147	6.56394e-05	0.0230061	false	dominant=AFR proportion=0.811 margin=0.668 overlap=6696 residual=0.0400
GCST90201318	GCST90201318	African	AFR	af_assigned	ukb-ancestry-mixture-hg38	9759	AFR	0.793181	0.683171	0.0391876	ok	0.793181	0.0242449	0	0.11001	0.00814861	0.020073	0.0443424	false	dominant=AFR proportion=0.793 margin=0.683 overlap=9759 residual=0.0392
GCST90201319	GCST90201319	African	AFR	af_assigned	ukb-ancestry-mixture-hg38	24205	AFR	0.790438	0.609694	0.0401383	ok	0.790438	0.00109305	0.0165224	0.180744	0	0.011203	0	false	dominant=AFR proportion=0.790 margin=0.610 overlap=24205 residual=0.0401
GCST90201320	GCST90201320	African	AFR	af_assigned	ukb-ancestry-mixture-hg38	10109	AFR	0.838536	0.734565	0.0393013	ok	0.838536	0.017606	0	0.10397	0	0	0.0398877	false	dominant=AFR proportion=0.839 margin=0.735 overlap=10109 residual=0.0393
GCST90201321	GCST90201321	African	AFR	af_assigned	ukb-ancestry-mixture-hg38	23372	AFR	0.7818	0.651167	0.0409365	ok	0.7818	0	0	0.130633	0.0509309	0	0.0366359	false	dominant=AFR proportion=0.782 margin=0.651 overlap=23372 residual=0.0409
GCST90201322	GCST90201322	African	AFR	af_assigned	ukb-ancestry-mixture-hg38	22321	AFR	0.812855	0.661226	0.0417635	ok	0.812855	0.000638985	0	0.151629	0	0	0.0348765	false	dominant=AFR proportion=0.813 margin=0.661 overlap=22321 residual=0.0418
GCST90201323	GCST90201323	African	AFR	af_assigned	ukb-ancestry-mixture-hg38	19713	AFR	0.779437	0.607856	0.0438837	ok	0.779437	0	0.00328863	0.171581	0	0.0445673	0.00112606	false	dominant=AFR proportion=0.779 margin=0.608 overlap=19713 residual=0.0439
GCST90201324	GCST90201324	African	AFR	af_assigned	ukb-ancestry-mixture-hg38	18030	AFR	0.802824	0.675675	0.0409888	ok	0.802824	0.0395001	0.019585	0.127149	0.00648936	0	0.00445157	false	dominant=AFR proportion=0.803 margin=0.676 overlap=18030 residual=0.0410
GCST90201325	GCST90201325	African	AFR	af_assigned	ukb-ancestry-mixture-hg38	9380	AFR	0.796706	0.62284	0.0403557	ok	0.796706	0.000979744	0	0.173867	0	0	0.0284475	false	dominant=AFR proportion=0.797 margin=0.623 overlap=9380 residual=0.0404
GCST90201326	GCST90201326	African	AFR	af_assigned	ukb-ancestry-mixture-hg38	15583	AFR	0.791335	0.667747	0.0397497	ok	0.791335	0.0342414	0.00547319	0.123589	0	0.00805794	0.0373033	false	dominant=AFR proportion=0.791 margin=0.668 overlap=15583 residual=0.0397
GCST90201327	GCST90201327	African	AFR	af_assigned	ukb-ancestry-mixture-hg38	22340	AFR	0.785214	0.636922	0.0399107	ok	0.785214	0	0.00190368	0.148292	0	0.0290742	0.0355164	false	dominant=AFR proportion=0.785 margin=0.637 overlap=22340 residual=0.0399
GCST90201328	GCST90201328	African	AFR	af_assigned	ukb-ancestry-mixture-hg38	14867	AFR	0.822528	0.691159	0.0388072	ok	0.822528	0.0192508	0.00968677	0.131369	0	0.0171659	0	false	dominant=AFR proportion=0.823 margin=0.691 overlap=14867 residual=0.0388
GCST90201329	GCST90201329	African	AFR	af_assigned	ukb-ancestry-mixture-hg38	8884	AFR	0.794991	0.646455	0.0423443	ok	0.794991	0.0215395	0.00593578	0.148536	0	0	0.028998	false	dominant=AFR proportion=0.795 margin=0.646 overlap=8884 residual=0.0423
GCST90201330	GCST90201330	African	AFR	af_assigned	ukb-ancestry-mixture-hg38	31138	AFR	0.743616	0.591066	0.0449747	ok	0.743616	0.0179422	0.0358406	0.15255	0	0.0225485	0.0275028	false	dominant=AFR proportion=0.744 margin=0.591 overlap=31138 residual=0.0450
GCST90201331	GCST90201331	African	AFR	af_assigned	ukb-ancestry-mixture-hg38	45498	AFR	0.798046	0.659562	0.0406023	ok	0.798046	0.00661444	0.0146162	0.138483	0	0.036031	0.006209	false	dominant=AFR proportion=0.798 margin=0.660 overlap=45498 residual=0.0406
GCST90201332	GCST90201332	African	AFR	af_assigned	ukb-ancestry-mixture-hg38	19802	AFR	0.787521	0.629146	0.0426342	ok	0.787521	0	0.012168	0.158375	0	0.0339264	0.00800929	false	dominant=AFR proportion=0.788 margin=0.629 overlap=19802 residual=0.0426
GCST90201333	GCST90201333	African	AFR	af_assigned	ukb-ancestry-mixture-hg38	25764	AFR	0.80656	0.693283	0.0396659	ok	0.80656	0.034879	0.00745421	0.113277	0	0.0332792	0.00455047	false	dominant=AFR proportion=0.807 margin=0.693 overlap=25764 residual=0.0397
GCST90201334	GCST90201334	African	AFR	af_assigned	ukb-ancestry-mixture-hg38	16331	AFR	0.813212	0.686124	0.0385867	ok	0.813212	0	0.0169917	0.127088	0	0.0250121	0.0176965	false	dominant=AFR proportion=0.813 margin=0.686 overlap=16331 residual=0.0386
GCST90201335	GCST90201335	African	AFR	af_assigned	ukb-ancestry-mixture-hg38	14298	AFR	0.879571	0.782685	0.0435671	ok	0.879571	0	0.003407	0.0968859	0	0	0.0201366	false	dominant=AFR proportion=0.880 margin=0.783 overlap=14298 residual=0.0436
GCST90201336	GCST90201336	African	AFR	af_assigned	ukb-ancestry-mixture-hg38	6767	AFR	0.81511	0.683146	0.0408906	ok	0.81511	0.012004	0.00676324	0.131964	0.000680208	0.00897764	0.0245006	false	dominant=AFR proportion=0.815 margin=0.683 overlap=6767 residual=0.0409
GCST90201337	GCST90201337	African	AFR	af_assigned	ukb-ancestry-mixture-hg38	9860	AFR	0.825566	0.690118	0.039263	ok	0.825566	0.00365814	0.00295617	0.135448	0	0	0.032371	false	dominant=AFR proportion=0.826 margin=0.690 overlap=9860 residual=0.0393
GCST90201338	GCST90201338	African	AFR	af_assigned	ukb-ancestry-mixture-hg38	8549	AFR	0.794414	0.671324	0.0410243	ok	0.794414	0.00709721	0.0164346	0.123089	0	0.0331277	0.0258377	false	dominant=AFR proportion=0.794 margin=0.671 overlap=8549 residual=0.0410
GCST90201339	GCST90201339	African	AFR	af_assigned	ukb-ancestry-mixture-hg38	18050	AFR	0.810904	0.668276	0.0397277	ok	0.810904	0.0225865	0.00388507	0.142628	0	0	0.0199959	false	dominant=AFR proportion=0.811 margin=0.668 overlap=18050 residual=0.0397
GCST90201340	GCST90201340	African	AFR	af_assigned	ukb-ancestry-mixture-hg38	22070	AFR	0.805443	0.610886	0.039451	ok	0.805443	0	0	0.194557	0	0	0	false	dominant=AFR proportion=0.805 margin=0.611 overlap=22070 residual=0.0395
GCST90201341	GCST90201341	African	AFR	af_assigned	ukb-ancestry-mixture-hg38	37047	AFR	0.811457	0.666104	0.0420182	ok	0.811457	0	0.00591803	0.145352	0.0174811	0.00167423	0.0181174	false	dominant=AFR proportion=0.811 margin=0.666 overlap=37047 residual=0.0420
GCST90201342	GCST90201342	African	AFR	af_assigned	ukb-ancestry-mixture-hg38	6599	AFR	0.815415	0.686494	0.0437316	ok	0.815415	0.0166779	0.0056593	0.128921	0	0.00744712	0.0258795	false	dominant=AFR proportion=0.815 margin=0.686 overlap=6599 residual=0.0437
GCST90201343	GCST90201343	African	AFR	af_assigned	ukb-ancestry-mixture-hg38	10859	AFR	0.784499	0.624431	0.0380931	ok	0.784499	0	0.0227295	0.160068	0	0.0273574	0.00534659	false	dominant=AFR proportion=0.784 margin=0.624 overlap=10859 residual=0.0381
GCST90201344	GCST90201344	African	AFR	af_assigned	ukb-ancestry-mixture-hg38	20577	AFR	0.809212	0.695007	0.0548689	ok	0.809212	0	0.0235847	0.114205	0	0.00933234	0.0436663	false	dominant=AFR proportion=0.809 margin=0.695 overlap=20577 residual=0.0549
GCST90201345	GCST90201345	African	AFR	af_assigned	ukb-ancestry-mixture-hg38	11308	AFR	0.795996	0.654794	0.0444577	ok	0.795996	0.0309396	0.00633945	0.141202	0	0	0.0255227	false	dominant=AFR proportion=0.796 margin=0.655 overlap=11308 residual=0.0445
GCST90201346	GCST90201346	African	AFR	af_assigned	ukb-ancestry-mixture-hg38	24809	AFR	0.80027	0.637236	0.0407265	ok	0.80027	0.0260725	0	0.163034	0	0	0.0106233	false	dominant=AFR proportion=0.800 margin=0.637 overlap=24809 residual=0.0407
GCST90201347	GCST90201347	African	AFR	af_assigned	ukb-ancestry-mixture-hg38	16613	AFR	0.820453	0.691826	0.0439796	ok	0.820453	0	0.0115494	0.128627	0	0.0393699	0	false	dominant=AFR proportion=0.820 margin=0.692 overlap=16613 residual=0.0440
GCST90201348	GCST90201348	African	AFR	af_assigned	ukb-ancestry-mixture-hg38	34738	AFR	0.788693	0.627453	0.0397618	ok	0.788693	0	0.0129489	0.16124	0.0215251	0	0.0155933	false	dominant=AFR proportion=0.789 margin=0.627 overlap=34738 residual=0.0398
GCST90201349	GCST90201349	African	AFR	af_assigned	ukb-ancestry-mixture-hg38	9124	AFR	0.804526	0.643798	0.0394873	ok	0.804526	0	0.0178796	0.160729	0	0	0.0168654	false	dominant=AFR proportion=0.805 margin=0.644 overlap=9124 residual=0.0395
GCST90201350	GCST90201350	African	AFR	af_assigned	ukb-ancestry-mixture-hg38	21354	AFR	0.794423	0.637061	0.0413575	ok	0.794423	0.034036	0.0141796	0.157362	0	0	0	false	dominant=AFR proportion=0.794 margin=0.637 overlap=21354 residual=0.0414
GCST90201351	GCST90201351	African	AFR	af_assigned	ukb-ancestry-mixture-hg38	17343	AFR	0.785104	0.613014	0.0414019	ok	0.785104	0.0287698	0	0.17209	0	0.0140363	0	false	dominant=AFR proportion=0.785 margin=0.613 overlap=17343 residual=0.0414
GCST90201352	GCST90201352	African	AFR	af_assigned	ukb-ancestry-mixture-hg38	11506	AFR	0.786304	0.663611	0.0386653	ok	0.786304	0.013258	0.00333592	0.122693	0	0.0507312	0.023678	false	dominant=AFR proportion=0.786 margin=0.664 overlap=11506 residual=0.0387
GCST90201353	GCST90201353	African	AFR	af_assigned	ukb-ancestry-mixture-hg38	12146	AFR	0.801439	0.661559	0.0383648	ok	0.801439	0.00761135	0.0175294	0.13988	0.0335404	0	0	false	dominant=AFR proportion=0.801 margin=0.662 overlap=12146 residual=0.0384
GCST90201354	GCST90201354	African	AFR	af_assigned	ukb-ancestry-mixture-hg38	19550	AFR	0.807988	0.702296	0.0392664	ok	0.807988	0.0201453	0.00972422	0.105692	0	0.0455183	0.0109317	false	dominant=AFR proportion=0.808 margin=0.702 overlap=19550 residual=0.0393
GCST90201355	GCST90201355	African	AFR	af_assigned	ukb-ancestry-mixture-hg38	14167	AFR	0.828428	0.694576	0.0385555	ok	0.828428	0.00699762	0.0175892	0.133853	0	0	0.0131318	false	dominant=AFR proportion=0.828 margin=0.695 overlap=14167 residual=0.0386
GCST90201356	GCST90201356	African	AFR	af_assigned	ukb-ancestry-mixture-hg38	12331	AFR	0.833493	0.666985	0.0407268	ok	0.833493	0	0	0.166507	0	0	0	false	dominant=AFR proportion=0.833 margin=0.667 overlap=12331 residual=0.0407
GCST90201357	GCST90201357	African	AFR	af_assigned	ukb-ancestry-mixture-hg38	16822	AFR	0.796414	0.623329	0.0396101	ok	0.796414	0	0.00169505	0.173085	0	0	0.0288065	false	dominant=AFR proportion=0.796 margin=0.623 overlap=16822 residual=0.0396
GCST90201358	GCST90201358	African	AFR	af_assigned	ukb-ancestry-mixture-hg38	6687	AFR	0.809013	0.666539	0.0395494	ok	0.809013	0.0148934	0.00451595	0.142474	0.00594517	0.00291149	0.0202472	false	dominant=AFR proportion=0.809 margin=0.667 overlap=6687 residual=0.0395
GCST90201359	GCST90201359	African	AFR	af_assigned	ukb-ancestry-mixture-hg38	13483	AFR	0.808488	0.699763	0.0376751	ok	0.808488	0.0353024	0	0.108725	0	0.013174	0.0343101	false	dominant=AFR proportion=0.808 margin=0.700 overlap=13483 residual=0.0377
GCST90201360	GCST90201360	African	AFR	af_assigned	ukb-ancestry-mixture-hg38	10259	AFR	0.79503	0.637837	0.0416017	ok	0.79503	0	0	0.157193	0	0.00302766	0.0447494	false	dominant=AFR proportion=0.795 margin=0.638 overlap=10259 residual=0.0416
GCST90201361	GCST90201361	African	AFR	af_assigned	ukb-ancestry-mixture-hg38	416769	AFR	0.821535	0.673314	0.0476529	ok	0.821535	0.00727329	0.00680451	0.148221	0.00327065	0.00989025	0.0030047	false	dominant=AFR proportion=0.822 margin=0.673 overlap=416769 residual=0.0477
GCST90201362	GCST90201362	African	AFR	af_assigned	ukb-ancestry-mixture-hg38	12816	AFR	0.805721	0.6576	0.0402719	ok	0.805721	0.0141802	0.011179	0.148121	0	0	0.0207992	false	dominant=AFR proportion=0.806 margin=0.658 overlap=12816 residual=0.0403
GCST90201363	GCST90201363	African	AFR	af_assigned	ukb-ancestry-mixture-hg38	6813	AFR	0.78116	0.607797	0.0480487	ok	0.78116	0.0187428	0.0067932	0.173363	0	0	0.0199413	false	dominant=AFR proportion=0.781 margin=0.608 overlap=6813 residual=0.0480
GCST90201364	GCST90201364	African	AFR	af_assigned	ukb-ancestry-mixture-hg38	11840	AFR	0.822585	0.648201	0.0388706	ok	0.822585	0	0.00303135	0.174384	0	0	0	false	dominant=AFR proportion=0.823 margin=0.648 overlap=11840 residual=0.0389
GCST90201365	GCST90201365	African	AFR	af_assigned	ukb-ancestry-mixture-hg38	13922	AFR	0.815543	0.677941	0.0393038	ok	0.815543	0.000414499	0	0.137602	0.0464405	0	0	false	dominant=AFR proportion=0.816 margin=0.678 overlap=13922 residual=0.0393
GCST90201366	GCST90201366	African	AFR	af_assigned	ukb-ancestry-mixture-hg38	23602	AFR	0.770543	0.640752	0.0378998	ok	0.770543	0	0.0215446	0.129791	0	0.0676362	0.0104849	false	dominant=AFR proportion=0.771 margin=0.641 overlap=23602 residual=0.0379
GCST90201367	GCST90201367	African	AFR	af_assigned	ukb-ancestry-mixture-hg38	6709	AFR	0.809929	0.670052	0.0399555	ok	0.809929	0.0133174	0.004894	0.139876	0.00538823	0.00417072	0.0224248	false	dominant=AFR proportion=0.810 margin=0.670 overlap=6709 residual=0.0400
GCST90201368	GCST90201368	African	AFR	af_assigned	ukb-ancestry-mixture-hg38	14174	AFR	0.812498	0.65175	0.0404731	ok	0.812498	0	0.0130049	0.160749	0	0	0.0137481	false	dominant=AFR proportion=0.812 margin=0.652 overlap=14174 residual=0.0405
GCST90201369	GCST90201369	African	AFR	af_assigned	ukb-ancestry-mixture-hg38	15939	AFR	0.813636	0.668386	0.0361278	ok	0.813636	6.17714e-05	0.0215108	0.145251	0	0	0.0195405	false	dominant=AFR proportion=0.814 margin=0.668 overlap=15939 residual=0.0361
GCST90201370	GCST90201370	African	AFR	af_assigned	ukb-ancestry-mixture-hg38	28280	AFR	0.800588	0.635283	0.0427707	ok	0.800588	0	0.000439006	0.165305	0	0	0.0336676	false	dominant=AFR proportion=0.801 margin=0.635 overlap=28280 residual=0.0428
GCST90201371	GCST90201371	African	AFR	af_assigned	ukb-ancestry-mixture-hg38	13513	AFR	0.87418	0.748359	0.0441854	ok	0.87418	0	0	0.12582	0	0	0	false	dominant=AFR proportion=0.874 margin=0.748 overlap=13513 residual=0.0442
GCST90201372	GCST90201372	African	AFR	af_assigned	ukb-ancestry-mixture-hg38	10801	AFR	0.804915	0.642028	0.0442532	ok	0.804915	0	0.0252045	0.162886	0	0	0.00699427	false	dominant=AFR proportion=0.805 margin=0.642 overlap=10801 residual=0.0443
GCST90201373	GCST90201373	African	AFR	af_assigned	ukb-ancestry-mixture-hg38	12798	AFR	0.832673	0.694197	0.0399112	ok	0.832673	0	0.00108515	0.138475	0	0	0.027767	false	dominant=AFR proportion=0.833 margin=0.694 overlap=12798 residual=0.0399
GCST90201374	GCST90201374	African	AFR	af_assigned	ukb-ancestry-mixture-hg38	6778	AFR	0.803574	0.654105	0.0399323	ok	0.803574	0.0129719	0.0057449	0.149469	0.00956429	0	0.0186766	false	dominant=AFR proportion=0.804 margin=0.654 overlap=6778 residual=0.0399
GCST90201375	GCST90201375	African	AFR	af_assigned	ukb-ancestry-mixture-hg38	13254	AFR	0.820644	0.684993	0.0386287	ok	0.820644	0	0.000247912	0.135651	0	0.00144742	0.04201	false	dominant=AFR proportion=0.821 margin=0.685 overlap=13254 residual=0.0386
GCST90201376	GCST90201376	African	AFR	af_assigned	ukb-ancestry-mixture-hg38	16661	AFR	0.796647	0.645885	0.0450302	ok	0.796647	0	0.00116393	0.150762	0	0.0387452	0.0126815	false	dominant=AFR proportion=0.797 margin=0.646 overlap=16661 residual=0.0450
GCST90201377	GCST90201377	African	AFR	af_assigned	ukb-ancestry-mixture-hg38	20586	AFR	0.804998	0.650035	0.0425587	ok	0.804998	0	0.00999561	0.154963	0	0	0.0300437	false	dominant=AFR proportion=0.805 margin=0.650 overlap=20586 residual=0.0426
GCST90201378	GCST90201378	African	AFR	af_assigned	ukb-ancestry-mixture-hg38	11747	AFR	0.809763	0.678618	0.0386849	ok	0.809763	0.0186766	0	0.131145	0	0	0.0404151	false	dominant=AFR proportion=0.810 margin=0.679 overlap=11747 residual=0.0387
GCST90201379	GCST90201379	African	AFR	af_assigned	ukb-ancestry-mixture-hg38	28681	AFR	0.799404	0.602822	0.041402	ok	0.799404	0	0	0.196583	0	0	0.00401282	false	dominant=AFR proportion=0.799 margin=0.603 overlap=28681 residual=0.0414
GCST90201380	GCST90201380	African	AFR	af_assigned	ukb-ancestry-mixture-hg38	13184	AFR	0.812456	0.661239	0.0397937	ok	0.812456	0	0.00637746	0.151217	0	0	0.0299501	false	dominant=AFR proportion=0.812 margin=0.661 overlap=13184 residual=0.0398
GCST90201381	GCST90201381	African	AFR	af_assigned	ukb-ancestry-mixture-hg38	9303	AFR	0.801691	0.64949	0.03992	ok	0.801691	0.00415519	0.00839855	0.152201	0	0	0.0335534	false	dominant=AFR proportion=0.802 margin=0.649 overlap=9303 residual=0.0399
GCST90201382	GCST90201382	African	AFR	af_assigned	ukb-ancestry-mixture-hg38	13098	AFR	0.796292	0.644219	0.0383323	ok	0.796292	0.0155608	0.0138882	0.152073	0	0.0105497	0.0116363	false	dominant=AFR proportion=0.796 margin=0.644 overlap=13098 residual=0.0383
GCST90201383	GCST90201383	African	AFR	af_assigned	ukb-ancestry-mixture-hg38	6678	AFR	0.809585	0.666608	0.039566	ok	0.809585	0.0140364	0.0048924	0.142977	0.00635998	0.00181955	0.0203299	false	dominant=AFR proportion=0.810 margin=0.667 overlap=6678 residual=0.0396
GCST90201384	GCST90201384	African	AFR	af_assigned	ukb-ancestry-mixture-hg38	32988	AFR	0.814221	0.679166	0.0388928	ok	0.814221	0	0	0.135055	0	0.0324869	0.0182369	false	dominant=AFR proportion=0.814 margin=0.679 overlap=32988 residual=0.0389
GCST90201385	GCST90201385	African	AFR	af_assigned	ukb-ancestry-mixture-hg38	9806	AFR	0.819621	0.668842	0.042416	ok	0.819621	0.0289381	0	0.150779	0	0	0.000662598	false	dominant=AFR proportion=0.820 margin=0.669 overlap=9806 residual=0.0424
GCST90201386	GCST90201386	African	AFR	af_assigned	ukb-ancestry-mixture-hg38	15935	AFR	0.817291	0.698369	0.0416361	ok	0.817291	0.0325705	0.00593328	0.118922	0	0.00239832	0.0228844	false	dominant=AFR proportion=0.817 margin=0.698 overlap=15935 residual=0.0416
GCST90201387	GCST90201387	African	AFR	af_assigned	ukb-ancestry-mixture-hg38	17908	AFR	0.830283	0.71	0.0411121	ok	0.830283	0.0310218	0.00948483	0.120282	0	0	0.00892846	false	dominant=AFR proportion=0.830 margin=0.710 overlap=17908 residual=0.0411
GCST90201388	GCST90201388	African	AFR	af_assigned	ukb-ancestry-mixture-hg38	10105	AFR	0.779612	0.581775	0.0405366	ok	0.779612	0.00146895	0	0.197837	0	0	0.0210827	false	dominant=AFR proportion=0.780 margin=0.582 overlap=10105 residual=0.0405
GCST90201389	GCST90201389	African	AFR	af_assigned	ukb-ancestry-mixture-hg38	8839	AFR	0.81729	0.666585	0.0391168	ok	0.81729	0	0.00535297	0.150704	0.00336699	0	0.0232861	false	dominant=AFR proportion=0.817 margin=0.667 overlap=8839 residual=0.0391
GCST90201390	GCST90201390	African	AFR	af_assigned	ukb-ancestry-mixture-hg38	12120	AFR	0.776691	0.676646	0.0386204	ok	0.776691	0.0460609	0.00200286	0.100045	0	0.0334874	0.0417131	false	dominant=AFR proportion=0.777 margin=0.677 overlap=12120 residual=0.0386
GCST90201391	GCST90201391	African	AFR	af_assigned	ukb-ancestry-mixture-hg38	15298	AFR	0.76477	0.652325	0.0407444	ok	0.76477	0.0351137	0.00523811	0.112444	0	0.0479016	0.0345326	false	dominant=AFR proportion=0.765 margin=0.652 overlap=15298 residual=0.0407
GCST90201392	GCST90201392	African	AFR	af_assigned	ukb-ancestry-mixture-hg38	13130	AFR	0.751381	0.622621	0.0458748	ok	0.751381	0.0111452	0.00152443	0.128761	0.0502246	0.0457086	0.0112551	false	dominant=AFR proportion=0.751 margin=0.623 overlap=13130 residual=0.0459
GCST90201393	GCST90201393	African	AFR	af_assigned	ukb-ancestry-mixture-hg38	17115	AFR	0.812385	0.658765	0.0408512	ok	0.812385	0.0261532	0.00784148	0.15362	0	0	0	false	dominant=AFR proportion=0.812 margin=0.659 overlap=17115 residual=0.0409
GCST90201394	GCST90201394	African	AFR	af_assigned	ukb-ancestry-mixture-hg38	30754	AFR	0.816762	0.704977	0.0485722	ok	0.816762	0.0252043	0	0.111785	0	0	0.0462496	false	dominant=AFR proportion=0.817 margin=0.705 overlap=30754 residual=0.0486
GCST90201395	GCST90201395	African	AFR	af_assigned	ukb-ancestry-mixture-hg38	16555	AFR	0.798431	0.659657	0.0416216	ok	0.798431	0	0.00577787	0.138774	0	0.0570178	0	false	dominant=AFR proportion=0.798 margin=0.660 overlap=16555 residual=0.0416
GCST90201396	GCST90201396	African	AFR	af_assigned	ukb-ancestry-mixture-hg38	10739	AFR	0.792465	0.658451	0.0391237	ok	0.792465	0.000679741	0.0153469	0.134014	0.0423517	0.0112759	0.00386677	false	dominant=AFR proportion=0.792 margin=0.658 overlap=10739 residual=0.0391
GCST90201397	GCST90201397	African	AFR	af_assigned	ukb-ancestry-mixture-hg38	16759	AFR	0.794935	0.656995	0.0447125	ok	0.794935	0.0652209	0	0.137939	0	0.00190495	0	false	dominant=AFR proportion=0.795 margin=0.657 overlap=16759 residual=0.0447
GCST90201398	GCST90201398	African	AFR	af_assigned	ukb-ancestry-mixture-hg38	9195	AFR	0.807928	0.655379	0.0417908	ok	0.807928	0.0246746	0.00756654	0.152549	0	0.0072814	0	false	dominant=AFR proportion=0.808 margin=0.655 overlap=9195 residual=0.0418
GCST90201399	GCST90201399	African	AFR	af_assigned	ukb-ancestry-mixture-hg38	11406	AFR	0.787268	0.612931	0.0390357	ok	0.787268	0.0242206	0.00589157	0.174337	0	0	0.0082826	false	dominant=AFR proportion=0.787 margin=0.613 overlap=11406 residual=0.0390
GCST90201400	GCST90201400	African	AFR	af_assigned	ukb-ancestry-mixture-hg38	39741	AFR	0.795261	0.622873	0.040189	ok	0.795261	0.0140458	0.0183049	0.172388	0	0	0	false	dominant=AFR proportion=0.795 margin=0.623 overlap=39741 residual=0.0402
GCST90201401	GCST90201401	African	AFR	af_assigned	ukb-ancestry-mixture-hg38	15453	AFR	0.825476	0.686547	0.0397842	ok	0.825476	0.0127131	0.00463233	0.138929	0	0	0.018249	false	dominant=AFR proportion=0.825 margin=0.687 overlap=15453 residual=0.0398
GCST90201402	GCST90201402	African	AFR	af_assigned	ukb-ancestry-mixture-hg38	12960	AFR	0.825701	0.716202	0.0408777	ok	0.825701	0	0.0367229	0.1095	0	0	0.0280761	false	dominant=AFR proportion=0.826 margin=0.716 overlap=12960 residual=0.0409
GCST90201403	GCST90201403	African	AFR	af_assigned	ukb-ancestry-mixture-hg38	106497	AFR	0.752565	0.560317	0.0527435	ok	0.752565	0.0152713	0.0120594	0.192248	0.0110567	0	0.0168003	false	dominant=AFR proportion=0.753 margin=0.560 overlap=106497 residual=0.0527
GCST90201404	GCST90201404	African	AFR	af_assigned	ukb-ancestry-mixture-hg38	26545	AFR	0.862632	0.754669	0.0436303	ok	0.862632	0	0.0118911	0.107963	0	0	0.0175135	false	dominant=AFR proportion=0.863 margin=0.755 overlap=26545 residual=0.0436
GCST90201405	GCST90201405	African	AFR	af_assigned	ukb-ancestry-mixture-hg38	20614	AFR	0.821523	0.678948	0.0420269	ok	0.821523	0.0261182	0.00978476	0.142574	0	0	0	false	dominant=AFR proportion=0.822 margin=0.679 overlap=20614 residual=0.0420
GCST90201406	GCST90201406	African	AFR	af_assigned	ukb-ancestry-mixture-hg38	42732	AFR	0.79203	0.653665	0.0409023	ok	0.79203	0	0.00200747	0.138365	0	0.0444921	0.0231055	false	dominant=AFR proportion=0.792 margin=0.654 overlap=42732 residual=0.0409
GCST90201407	GCST90201407	African	AFR	af_assigned	ukb-ancestry-mixture-hg38	25413	AFR	0.775428	0.632242	0.0388888	ok	0.775428	0.0192261	0.00212352	0.143186	0.0350239	0	0.0250126	false	dominant=AFR proportion=0.775 margin=0.632 overlap=25413 residual=0.0389
GCST90201408	GCST90201408	African	AFR	af_assigned	ukb-ancestry-mixture-hg38	11941	AFR	0.809515	0.685298	0.0406055	ok	0.809515	0	0.0258598	0.124217	0.0373681	0	0.00303934	false	dominant=AFR proportion=0.810 margin=0.685 overlap=11941 residual=0.0406
GCST90201409	GCST90201409	African	AFR	af_assigned	ukb-ancestry-mixture-hg38	10208	AFR	0.806867	0.684709	0.0397861	ok	0.806867	0	0.0229505	0.122158	0.040454	0	0.00756962	false	dominant=AFR proportion=0.807 margin=0.685 overlap=10208 residual=0.0398
GCST90201410	GCST90201410	African	AFR	af_assigned	ukb-ancestry-mixture-hg38	6670	AFR	0.810286	0.667417	0.0396382	ok	0.810286	0.0137813	0.00508735	0.14287	0.00804401	0.000508976	0.0194222	false	dominant=AFR proportion=0.810 margin=0.667 overlap=6670 residual=0.0396
GCST90201411	GCST90201411	African	AFR	af_assigned	ukb-ancestry-mixture-hg38	19322	AFR	0.79782	0.639034	0.0363159	ok	0.79782	0	0.0197264	0.158787	0	0.00345607	0.0202107	false	dominant=AFR proportion=0.798 margin=0.639 overlap=19322 residual=0.0363
GCST90201412	GCST90201412	African	AFR	af_assigned	ukb-ancestry-mixture-hg38	22095	AFR	0.801107	0.649945	0.0383268	ok	0.801107	0.0113557	0	0.151162	0	0.00727211	0.0291039	false	dominant=AFR proportion=0.801 margin=0.650 overlap=22095 residual=0.0383
GCST90201413	GCST90201413	African	AFR	af_assigned	ukb-ancestry-mixture-hg38	14380	AFR	0.770094	0.601666	0.0387417	ok	0.770094	0.0150075	0.0190796	0.168427	0.00799765	0.0193942	0	false	dominant=AFR proportion=0.770 margin=0.602 overlap=14380 residual=0.0387
GCST90201414	GCST90201414	African	AFR	af_assigned	ukb-ancestry-mixture-hg38	14670	AFR	0.78497	0.651502	0.0383785	ok	0.78497	0.0118885	0	0.133469	0	0.0392748	0.0303978	false	dominant=AFR proportion=0.785 margin=0.652 overlap=14670 residual=0.0384
GCST90201415	GCST90201415	African	AFR	af_assigned	ukb-ancestry-mixture-hg38	9801	AFR	0.826974	0.69264	0.0385789	ok	0.826974	0.00576946	0.00330485	0.134334	0	0	0.0296173	false	dominant=AFR proportion=0.827 margin=0.693 overlap=9801 residual=0.0386
GCST90201416	GCST90201416	African	AFR	af_assigned	ukb-ancestry-mixture-hg38	12963	AFR	0.79993	0.669363	0.0461893	ok	0.79993	0.0298163	0.00512891	0.130567	0	0.0345578	0	false	dominant=AFR proportion=0.800 margin=0.669 overlap=12963 residual=0.0462
GCST90201417	GCST90201417	African	AFR	af_assigned	ukb-ancestry-mixture-hg38	30981	AFR	0.854233	0.752963	0.0396718	ok	0.854233	0.0156485	0.0185246	0.10127	0.00239293	0	0.00793083	false	dominant=AFR proportion=0.854 margin=0.753 overlap=30981 residual=0.0397
GCST90201418	GCST90201418	African	AFR	af_assigned	ukb-ancestry-mixture-hg38	16796	AFR	0.788986	0.651991	0.0397643	ok	0.788986	0	0.0117311	0.136995	0.053224	0	0.00906457	false	dominant=AFR proportion=0.789 margin=0.652 overlap=16796 residual=0.0398
GCST90201419	GCST90201419	African	AFR	af_assigned	ukb-ancestry-mixture-hg38	13352	AFR	0.812044	0.662313	0.0395346	ok	0.812044	0.00340855	0	0.149731	0	0.00573899	0.0290778	false	dominant=AFR proportion=0.812 margin=0.662 overlap=13352 residual=0.0395
GCST90201420	GCST90201420	African	AFR	af_assigned	ukb-ancestry-mixture-hg38	14356	AFR	0.792417	0.614395	0.0398606	ok	0.792417	0.022322	0.00723966	0.178022	0	0	0	false	dominant=AFR proportion=0.792 margin=0.614 overlap=14356 residual=0.0399
GCST90201421	GCST90201421	African	AFR	af_assigned	ukb-ancestry-mixture-hg38	14358	AFR	0.801888	0.639254	0.0398543	ok	0.801888	0.00327854	0.00367224	0.162634	0	0.00995989	0.0185674	false	dominant=AFR proportion=0.802 margin=0.639 overlap=14358 residual=0.0399
GCST90201422	GCST90201422	African	AFR	af_assigned	ukb-ancestry-mixture-hg38	18877	AFR	0.774486	0.603955	0.0405946	ok	0.774486	0	0	0.17053	0	0.00278868	0.0521951	false	dominant=AFR proportion=0.774 margin=0.604 overlap=18877 residual=0.0406
GCST90201423	GCST90201423	African	AFR	af_assigned	ukb-ancestry-mixture-hg38	6662	AFR	0.783177	0.621556	0.0436022	ok	0.783177	0.0189381	0.00626863	0.16162	0.00669689	0	0.0232993	false	dominant=AFR proportion=0.783 margin=0.622 overlap=6662 residual=0.0436
GCST90201424	GCST90201424	African	AFR	af_assigned	ukb-ancestry-mixture-hg38	9559	AFR	0.794848	0.645254	0.0427354	ok	0.794848	0.00383354	0.00173957	0.149594	0	0.0424629	0.00752251	false	dominant=AFR proportion=0.795 margin=0.645 overlap=9559 residual=0.0427
GCST90201425	GCST90201425	African	AFR	af_assigned	ukb-ancestry-mixture-hg38	24867	AFR	0.792949	0.670162	0.045418	ok	0.792949	0.0198073	0	0.122786	0	0.0239143	0.0405436	false	dominant=AFR proportion=0.793 margin=0.670 overlap=24867 residual=0.0454
GCST90201426	GCST90201426	African	AFR	af_assigned	ukb-ancestry-mixture-hg38	30448	AFR	0.795961	0.649601	0.0445428	ok	0.795961	0	0.0308019	0.146359	0.0167546	0	0.0101232	false	dominant=AFR proportion=0.796 margin=0.650 overlap=30448 residual=0.0445
GCST90201427	GCST90201427	African	AFR	af_assigned	ukb-ancestry-mixture-hg38	37592	AFR	0.794293	0.685068	0.0406877	ok	0.794293	0	0.000552331	0.109224	0.00408775	0.0605187	0.0313241	false	dominant=AFR proportion=0.794 margin=0.685 overlap=37592 residual=0.0407
GCST90201428	GCST90201428	African	AFR	af_assigned	ukb-ancestry-mixture-hg38	25931	AFR	0.835136	0.670272	0.0392147	ok	0.835136	0	0	0.164864	0	0	0	false	dominant=AFR proportion=0.835 margin=0.670 overlap=25931 residual=0.0392
GCST90201429	GCST90201429	African	AFR	af_assigned	ukb-ancestry-mixture-hg38	25060	AFR	0.808877	0.685429	0.0379049	ok	0.808877	0.00728071	0.00268403	0.123448	0	0	0.0577105	false	dominant=AFR proportion=0.809 margin=0.685 overlap=25060 residual=0.0379
GCST90201430	GCST90201430	African	AFR	af_assigned	ukb-ancestry-mixture-hg38	23471	AFR	0.82054	0.682984	0.0382369	ok	0.82054	0.0153155	0.00585507	0.137555	0.0118162	0	0.00891834	false	dominant=AFR proportion=0.821 margin=0.683 overlap=23471 residual=0.0382
GCST90201431	GCST90201431	African	AFR	af_assigned	ukb-ancestry-mixture-hg38	9545	AFR	0.820835	0.706027	0.0398425	ok	0.820835	0.0209051	0	0.114808	0	0	0.0434525	false	dominant=AFR proportion=0.821 margin=0.706 overlap=9545 residual=0.0398
GCST90201432	GCST90201432	African	AFR	af_assigned	ukb-ancestry-mixture-hg38	16463	AFR	0.803866	0.660062	0.0371596	ok	0.803866	0.00197472	0.00873346	0.143805	0	0.023857	0.0177637	false	dominant=AFR proportion=0.804 margin=0.660 overlap=16463 residual=0.0372
GCST90201433	GCST90201433	African	AFR	af_assigned	ukb-ancestry-mixture-hg38	12404	AFR	0.79237	0.646915	0.0392559	ok	0.79237	0.0301328	0.00777062	0.145455	0	0	0.0242709	false	dominant=AFR proportion=0.792 margin=0.647 overlap=12404 residual=0.0393
GCST90201434	GCST90201434	African	AFR	af_assigned	ukb-ancestry-mixture-hg38	18421	AFR	0.813718	0.656122	0.05354	ok	0.813718	0	0	0.157596	0	0	0.0286863	false	dominant=AFR proportion=0.814 margin=0.656 overlap=18421 residual=0.0535
GCST90201435	GCST90201435	African	AFR	af_assigned	ukb-ancestry-mixture-hg38	46858	AFR	0.813821	0.67978	0.0398602	ok	0.813821	0	0	0.134041	0	0.016908	0.0352301	false	dominant=AFR proportion=0.814 margin=0.680 overlap=46858 residual=0.0399
GCST90201436	GCST90201436	African	AFR	af_assigned	ukb-ancestry-mixture-hg38	31979	AFR	0.790162	0.63292	0.0411171	ok	0.790162	0.005435	0	0.157242	0	0	0.0471616	false	dominant=AFR proportion=0.790 margin=0.633 overlap=31979 residual=0.0411
GCST90201437	GCST90201437	African	AFR	af_assigned	ukb-ancestry-mixture-hg38	13193	AFR	0.846195	0.735537	0.0434087	ok	0.846195	0	0.00861689	0.110658	0	0	0.0345304	false	dominant=AFR proportion=0.846 margin=0.736 overlap=13193 residual=0.0434
GCST90201438	GCST90201438	African	AFR	af_assigned	ukb-ancestry-mixture-hg38	15128	AFR	0.776363	0.586909	0.0413565	ok	0.776363	0.00832596	0.00161474	0.189454	0	0.00134797	0.0228939	false	dominant=AFR proportion=0.776 margin=0.587 overlap=15128 residual=0.0414
GCST90201439	GCST90201439	African	AFR	af_assigned	ukb-ancestry-mixture-hg38	9951	AFR	0.76558	0.607615	0.0403697	ok	0.76558	0.0161548	0.00722964	0.157965	0	0.0339732	0.0190974	false	dominant=AFR proportion=0.766 margin=0.608 overlap=9951 residual=0.0404
GCST90201440	GCST90201440	African	AFR	af_assigned	ukb-ancestry-mixture-hg38	12112	AFR	0.793189	0.618719	0.0389045	ok	0.793189	0.00416977	0.00231895	0.17447	0	0	0.0258522	false	dominant=AFR proportion=0.793 margin=0.619 overlap=12112 residual=0.0389
GCST90201441	GCST90201441	African	AFR	af_assigned	ukb-ancestry-mixture-hg38	12408	AFR	0.782314	0.594845	0.0381901	ok	0.782314	0	0.0194465	0.187469	0	0	0.0107705	false	dominant=AFR proportion=0.782 margin=0.595 overlap=12408 residual=0.0382
GCST90201442	GCST90201442	African	AFR	af_assigned	ukb-ancestry-mixture-hg38	10500	AFR	0.779022	0.583917	0.0417112	ok	0.779022	0.0163621	0.00594419	0.195105	0	0	0.00356651	false	dominant=AFR proportion=0.779 margin=0.584 overlap=10500 residual=0.0417
GCST90201443	GCST90201443	African	AFR	af_assigned	ukb-ancestry-mixture-hg38	12196	AFR	0.814505	0.66426	0.0388325	ok	0.814505	0.0183994	0.00487476	0.150246	0	0	0.0119749	false	dominant=AFR proportion=0.815 margin=0.664 overlap=12196 residual=0.0388
GCST90201444	GCST90201444	African	AFR	af_assigned	ukb-ancestry-mixture-hg38	18432	AFR	0.796093	0.629256	0.0470781	ok	0.796093	0.0255661	0	0.166837	0	0	0.0115036	false	dominant=AFR proportion=0.796 margin=0.629 overlap=18432 residual=0.0471
GCST90201445	GCST90201445	African	AFR	af_assigned	ukb-ancestry-mixture-hg38	12250	AFR	0.818782	0.697787	0.0375887	ok	0.818782	0.0238169	0.00801895	0.120994	0	0.0283882	0	false	dominant=AFR proportion=0.819 margin=0.698 overlap=12250 residual=0.0376
GCST90201446	GCST90201446	African	AFR	af_assigned	ukb-ancestry-mixture-hg38	6676	AFR	0.809304	0.66595	0.039587	ok	0.809304	0.0146845	0.00440095	0.143354	0.00570752	0.0020059	0.020544	false	dominant=AFR proportion=0.809 margin=0.666 overlap=6676 residual=0.0396
GCST90201447	GCST90201447	African	AFR	af_assigned	ukb-ancestry-mixture-hg38	9051	AFR	0.797259	0.662892	0.0381267	ok	0.797259	0.0290078	0.00812624	0.134367	0.00570937	0.0255311	0	false	dominant=AFR proportion=0.797 margin=0.663 overlap=9051 residual=0.0381
GCST90201448	GCST90201448	African	AFR	af_assigned	ukb-ancestry-mixture-hg38	11901	AFR	0.783102	0.646764	0.0385615	ok	0.783102	0.0109828	0	0.136338	0.0290329	0	0.0405444	false	dominant=AFR proportion=0.783 margin=0.647 overlap=11901 residual=0.0386
GCST90201449	GCST90201449	African	AFR	af_assigned	ukb-ancestry-mixture-hg38	13681	AFR	0.807535	0.646967	0.0382479	ok	0.807535	0	0	0.160568	0	0	0.0318974	false	dominant=AFR proportion=0.808 margin=0.647 overlap=13681 residual=0.0382
GCST90201450	GCST90201450	African	AFR	af_assigned	ukb-ancestry-mixture-hg38	17809	AFR	0.791656	0.659907	0.0375455	ok	0.791656	0.030403	0.00155759	0.131748	0.0120586	0.0130948	0.0194817	false	dominant=AFR proportion=0.792 margin=0.660 overlap=17809 residual=0.0375
GCST90201451	GCST90201451	African	AFR	af_assigned	ukb-ancestry-mixture-hg38	9631	AFR	0.796581	0.656294	0.040098	ok	0.796581	0.00499089	0	0.140287	0.0155861	0.0200026	0.022552	false	dominant=AFR proportion=0.797 margin=0.656 overlap=9631 residual=0.0401
GCST90201452	GCST90201452	African	AFR	af_assigned	ukb-ancestry-mixture-hg38	12948	AFR	0.803151	0.660308	0.0387127	ok	0.803151	0.0117886	0.00637275	0.142843	0.00492354	0	0.0309211	false	dominant=AFR proportion=0.803 margin=0.660 overlap=12948 residual=0.0387
GCST90201453	GCST90201453	African	AFR	af_assigned	ukb-ancestry-mixture-hg38	16569	AFR	0.77857	0.672064	0.0401093	ok	0.77857	0.0225057	0.0103641	0.106506	0	0.0717569	0.0102969	false	dominant=AFR proportion=0.779 margin=0.672 overlap=16569 residual=0.0401
GCST90201454	GCST90201454	African	AFR	af_assigned	ukb-ancestry-mixture-hg38	22085	AFR	0.783799	0.645168	0.0403193	ok	0.783799	0.0153531	0.00708984	0.138631	0.0281386	0	0.0269887	false	dominant=AFR proportion=0.784 margin=0.645 overlap=22085 residual=0.0403
GCST90201455	GCST90201455	African	AFR	af_assigned	ukb-ancestry-mixture-hg38	6680	AFR	0.809118	0.667013	0.0396216	ok	0.809118	0.0134765	0.00496858	0.142104	0.00675959	0.00316213	0.0204109	false	dominant=AFR proportion=0.809 margin=0.667 overlap=6680 residual=0.0396
GCST90201456	GCST90201456	African	AFR	af_assigned	ukb-ancestry-mixture-hg38	11413	AFR	0.795572	0.665619	0.039765	ok	0.795572	0.00108158	0	0.129953	0.00253022	0.0469541	0.0239094	false	dominant=AFR proportion=0.796 margin=0.666 overlap=11413 residual=0.0398
GCST90201457	GCST90201457	African	AFR	af_assigned	ukb-ancestry-mixture-hg38	29834	AFR	0.779296	0.632548	0.0392357	ok	0.779296	0.0107032	0.0301234	0.146747	0	0.0331301	0	false	dominant=AFR proportion=0.779 margin=0.633 overlap=29834 residual=0.0392
GCST90201458	GCST90201458	African	AFR	af_assigned	ukb-ancestry-mixture-hg38	6673	AFR	0.810295	0.666412	0.0395917	ok	0.810295	0.0140406	0.00482328	0.143883	0.00615987	2.74019e-06	0.0207955	false	dominant=AFR proportion=0.810 margin=0.666 overlap=6673 residual=0.0396
GCST90201459	GCST90201459	African	AFR	af_assigned	ukb-ancestry-mixture-hg38	9800	AFR	0.812095	0.668507	0.039409	ok	0.812095	0.0025714	0.0075718	0.143588	0	0	0.034174	false	dominant=AFR proportion=0.812 margin=0.669 overlap=9800 residual=0.0394
GCST90201460	GCST90201460	African	AFR	af_assigned	ukb-ancestry-mixture-hg38	17924	AFR	0.802263	0.617646	0.0408229	ok	0.802263	0.00113529	0.0119841	0.184617	0	0	0	false	dominant=AFR proportion=0.802 margin=0.618 overlap=17924 residual=0.0408
GCST90201461	GCST90201461	African	AFR	af_assigned	ukb-ancestry-mixture-hg38	19423	AFR	0.814978	0.64358	0.0370505	ok	0.814978	0.0113359	0.00228783	0.171398	0	0	0	false	dominant=AFR proportion=0.815 margin=0.644 overlap=19423 residual=0.0371
GCST90201462	GCST90201462	African	AFR	af_assigned	ukb-ancestry-mixture-hg38	12071	AFR	0.806192	0.638819	0.0390055	ok	0.806192	0	0.0202342	0.167373	0	0	0.00620043	false	dominant=AFR proportion=0.806 margin=0.639 overlap=12071 residual=0.0390
GCST90201463	GCST90201463	African	AFR	af_assigned	ukb-ancestry-mixture-hg38	9231	AFR	0.817596	0.684682	0.0394276	ok	0.817596	0.000456841	0.00629325	0.132914	0.00971565	0.0177105	0.0153139	false	dominant=AFR proportion=0.818 margin=0.685 overlap=9231 residual=0.0394
GCST90201464	GCST90201464	African	AFR	af_assigned	ukb-ancestry-mixture-hg38	22234	AFR	0.784315	0.59081	0.0399136	ok	0.784315	0	0.0150417	0.193505	0	0	0.00713795	false	dominant=AFR proportion=0.784 margin=0.591 overlap=22234 residual=0.0399
GCST90201465	GCST90201465	African	AFR	af_assigned	ukb-ancestry-mixture-hg38	15821	AFR	0.796792	0.668563	0.0391459	ok	0.796792	0.0142321	0.0225822	0.128229	0	0.0297914	0.00837289	false	dominant=AFR proportion=0.797 margin=0.669 overlap=15821 residual=0.0391
GCST90201466	GCST90201466	African	AFR	af_assigned	ukb-ancestry-mixture-hg38	30287	AFR	0.80068	0.706806	0.0396744	ok	0.80068	0	0.0125004	0.0938743	0.0514348	0	0.0415106	false	dominant=AFR proportion=0.801 margin=0.707 overlap=30287 residual=0.0397
GCST90201467	GCST90201467	African	AFR	af_assigned	ukb-ancestry-mixture-hg38	10298	AFR	0.808861	0.666412	0.0392682	ok	0.808861	0	0.00829524	0.142449	0	0.00974883	0.0306468	false	dominant=AFR proportion=0.809 margin=0.666 overlap=10298 residual=0.0393
GCST90201468	GCST90201468	African	AFR	af_assigned	ukb-ancestry-mixture-hg38	6671	AFR	0.809945	0.665939	0.0396175	ok	0.809945	0.013804	0.00475916	0.144006	0.00629053	0	0.0211962	false	dominant=AFR proportion=0.810 margin=0.666 overlap=6671 residual=0.0396
GCST90201469	GCST90201469	African	AFR	af_assigned	ukb-ancestry-mixture-hg38	9742	AFR	0.80775	0.644094	0.0392382	ok	0.80775	0.0178244	0.0107698	0.163656	0	0	0	false	dominant=AFR proportion=0.808 margin=0.644 overlap=9742 residual=0.0392
GCST90201470	GCST90201470	African	AFR	af_assigned	ukb-ancestry-mixture-hg38	9380	AFR	0.797965	0.612696	0.0407263	ok	0.797965	0	0.00693668	0.185269	0	0.00398018	0.00584939	false	dominant=AFR proportion=0.798 margin=0.613 overlap=9380 residual=0.0407
GCST90201471	GCST90201471	African	AFR	af_assigned	ukb-ancestry-mixture-hg38	9178	AFR	0.822985	0.694421	0.0385871	ok	0.822985	0.011723	0	0.128565	0.0292511	0.00169136	0.00578461	false	dominant=AFR proportion=0.823 margin=0.694 overlap=9178 residual=0.0386
GCST90201472	GCST90201472	African	AFR	af_assigned	ukb-ancestry-mixture-hg38	8342	AFR	0.811814	0.679968	0.0395125	ok	0.811814	0.0257166	0.00272603	0.131846	0	0	0.0278968	false	dominant=AFR proportion=0.812 margin=0.680 overlap=8342 residual=0.0395
GCST90201473	GCST90201473	African	AFR	af_assigned	ukb-ancestry-mixture-hg38	23328	AFR	0.765134	0.614544	0.043869	ok	0.765134	0.024977	0.0044919	0.15059	0	0.0295986	0.0252088	false	dominant=AFR proportion=0.765 margin=0.615 overlap=23328 residual=0.0439
GCST90201474	GCST90201474	African	AFR	af_assigned	ukb-ancestry-mixture-hg38	10199	AFR	0.812479	0.64107	0.037969	ok	0.812479	0.00316546	0.00386686	0.17141	0	0	0.00907853	false	dominant=AFR proportion=0.812 margin=0.641 overlap=10199 residual=0.0380
GCST90201475	GCST90201475	African	AFR	af_assigned	ukb-ancestry-mixture-hg38	10001	AFR	0.778605	0.627855	0.0394415	ok	0.778605	0.000574208	0.0262201	0.150749	0.0119778	0.0201204	0.0117535	false	dominant=AFR proportion=0.779 margin=0.628 overlap=10001 residual=0.0394
GCST90201476	GCST90201476	African	AFR	af_assigned	ukb-ancestry-mixture-hg38	11345	AFR	0.818643	0.692202	0.0446745	ok	0.818643	0.0147718	0.00262424	0.126441	0	0	0.03752	false	dominant=AFR proportion=0.819 margin=0.692 overlap=11345 residual=0.0447
GCST90201477	GCST90201477	African	AFR	af_assigned	ukb-ancestry-mixture-hg38	14529	AFR	0.813431	0.701177	0.0374339	ok	0.813431	0.00776716	0.00522809	0.112253	0	0.0196474	0.0416731	false	dominant=AFR proportion=0.813 margin=0.701 overlap=14529 residual=0.0374
GCST90201478	GCST90201478	African	AFR	af_assigned	ukb-ancestry-mixture-hg38	6685	AFR	0.807676	0.664032	0.0399286	ok	0.807676	0.0153616	0.00479597	0.143644	0.00688157	0.00176889	0.0198718	false	dominant=AFR proportion=0.808 margin=0.664 overlap=6685 residual=0.0399
GCST90201479	GCST90201479	African	AFR	af_assigned	ukb-ancestry-mixture-hg38	17206	AFR	0.780876	0.611465	0.0408184	ok	0.780876	0.00489572	0.0146655	0.169411	0	0	0.0301519	false	dominant=AFR proportion=0.781 margin=0.611 overlap=17206 residual=0.0408
GCST90201480	GCST90201480	African	AFR	af_assigned	ukb-ancestry-mixture-hg38	6672	AFR	0.808964	0.666331	0.0396322	ok	0.808964	0.0137922	0.00577729	0.142634	0.0077337	0.00247215	0.0186264	false	dominant=AFR proportion=0.809 margin=0.666 overlap=6672 residual=0.0396
GCST90201481	GCST90201481	African	AFR	af_assigned	ukb-ancestry-mixture-hg38	33173	AFR	0.767415	0.60474	0.037976	ok	0.767415	0	0.0140805	0.162674	0	0.0381652	0.0176653	false	dominant=AFR proportion=0.767 margin=0.605 overlap=33173 residual=0.0380
GCST90201482	GCST90201482	African	AFR	af_assigned	ukb-ancestry-mixture-hg38	8800	AFR	0.801419	0.639134	0.0405826	ok	0.801419	0.0115939	0	0.162285	0	0	0.024702	false	dominant=AFR proportion=0.801 margin=0.639 overlap=8800 residual=0.0406
GCST90201483	GCST90201483	African	AFR	af_assigned	ukb-ancestry-mixture-hg38	9017	AFR	0.80119	0.679691	0.0407084	ok	0.80119	0.00320216	0.0140145	0.1215	0.0287337	0	0.0313592	false	dominant=AFR proportion=0.801 margin=0.680 overlap=9017 residual=0.0407
GCST90201484	GCST90201484	African	AFR	af_assigned	ukb-ancestry-mixture-hg38	12565	AFR	0.78281	0.640687	0.03634	ok	0.78281	0.00628588	0.0219706	0.142124	0	0.015583	0.0312267	false	dominant=AFR proportion=0.783 margin=0.641 overlap=12565 residual=0.0363
GCST90201485	GCST90201485	African	AFR	af_assigned	ukb-ancestry-mixture-hg38	9029	AFR	0.816618	0.689109	0.0383746	ok	0.816618	0.0169582	0.00256404	0.12751	0	0.0165627	0.0197868	false	dominant=AFR proportion=0.817 margin=0.689 overlap=9029 residual=0.0384
GCST90201486	GCST90201486	African	AFR	af_assigned	ukb-ancestry-mixture-hg38	13770	AFR	0.797273	0.632658	0.0417437	ok	0.797273	0.017627	0	0.164615	0	0.0204852	0	false	dominant=AFR proportion=0.797 margin=0.633 overlap=13770 residual=0.0417
GCST90201487	GCST90201487	African	AFR	af_assigned	ukb-ancestry-mixture-hg38	18332	AFR	0.805673	0.666357	0.0384481	ok	0.805673	0.0328414	0.0177511	0.139316	0	0	0.00441889	false	dominant=AFR proportion=0.806 margin=0.666 overlap=18332 residual=0.0384
GCST90201488	GCST90201488	African	AFR	af_assigned	ukb-ancestry-mixture-hg38	15340	AFR	0.807667	0.665712	0.0382073	ok	0.807667	0.0274561	0.0140067	0.141954	0	0	0.00891625	false	dominant=AFR proportion=0.808 margin=0.666 overlap=15340 residual=0.0382
GCST90201489	GCST90201489	African	AFR	af_assigned	ukb-ancestry-mixture-hg38	9378	AFR	0.792372	0.66885	0.0392158	ok	0.792372	0.0311056	0.00227808	0.123523	0.0146227	0	0.0360988	false	dominant=AFR proportion=0.792 margin=0.669 overlap=9378 residual=0.0392
GCST90201490	GCST90201490	African	AFR	af_assigned	ukb-ancestry-mixture-hg38	8770	AFR	0.832098	0.70229	0.0394257	ok	0.832098	0.0150908	0.003642	0.129808	0	0.00270307	0.0166584	false	dominant=AFR proportion=0.832 margin=0.702 overlap=8770 residual=0.0394
GCST90201491	GCST90201491	African	AFR	af_assigned	ukb-ancestry-mixture-hg38	24120	AFR	0.810168	0.675782	0.0393599	ok	0.810168	0	0.00832451	0.134385	0.0406641	0.00645844	0	false	dominant=AFR proportion=0.810 margin=0.676 overlap=24120 residual=0.0394
GCST90201492	GCST90201492	African	AFR	af_assigned	ukb-ancestry-mixture-hg38	9391	AFR	0.829901	0.677432	0.0396254	ok	0.829901	0.00882448	0.00880496	0.152469	0	0	0	false	dominant=AFR proportion=0.830 margin=0.677 overlap=9391 residual=0.0396
GCST90201493	GCST90201493	African	AFR	af_assigned	ukb-ancestry-mixture-hg38	9116	AFR	0.815314	0.684286	0.0402277	ok	0.815314	0.00911118	0.00389741	0.131027	0.0250849	0	0.0155657	false	dominant=AFR proportion=0.815 margin=0.684 overlap=9116 residual=0.0402
GCST90201494	GCST90201494	African	AFR	af_assigned	ukb-ancestry-mixture-hg38	11042	AFR	0.795726	0.653266	0.0373534	ok	0.795726	0.0160339	0.0137704	0.14246	0	0.00943236	0.0225779	false	dominant=AFR proportion=0.796 margin=0.653 overlap=11042 residual=0.0374
GCST90201495	GCST90201495	African	AFR	af_assigned	ukb-ancestry-mixture-hg38	15580	AFR	0.814458	0.688051	0.0399896	ok	0.814458	0.003166	0.0249103	0.126406	0	0.0237711	0.00728872	false	dominant=AFR proportion=0.814 margin=0.688 overlap=15580 residual=0.0400
GCST90201496	GCST90201496	African	AFR	af_assigned	ukb-ancestry-mixture-hg38	12652	AFR	0.818984	0.664702	0.0398361	ok	0.818984	0	0.0126785	0.154282	0	0	0.0140557	false	dominant=AFR proportion=0.819 margin=0.665 overlap=12652 residual=0.0398
GCST90201497	GCST90201497	African	AFR	af_assigned	ukb-ancestry-mixture-hg38	6713	AFR	0.811453	0.674816	0.0399448	ok	0.811453	0.0138906	0.00457135	0.136637	0.00520158	0.00790861	0.0203387	false	dominant=AFR proportion=0.811 margin=0.675 overlap=6713 residual=0.0399
GCST90201498	GCST90201498	African	AFR	af_assigned	ukb-ancestry-mixture-hg38	11371	AFR	0.805668	0.649308	0.040506	ok	0.805668	0	0.0243999	0.156361	0	0.00113296	0.0124381	false	dominant=AFR proportion=0.806 margin=0.649 overlap=11371 residual=0.0405
GCST90201499	GCST90201499	African	AFR	af_assigned	ukb-ancestry-mixture-hg38	14802	AFR	0.797972	0.664033	0.0392288	ok	0.797972	0.0243353	0.0195346	0.133939	0	0.010768	0.0134518	false	dominant=AFR proportion=0.798 margin=0.664 overlap=14802 residual=0.0392
GCST90201500	GCST90201500	African	AFR	af_assigned	ukb-ancestry-mixture-hg38	11756	AFR	0.817665	0.718427	0.0403472	ok	0.817665	0	0	0.0992388	0	0.0530126	0.0300831	false	dominant=AFR proportion=0.818 margin=0.718 overlap=11756 residual=0.0403
GCST90201501	GCST90201501	African	AFR	af_assigned	ukb-ancestry-mixture-hg38	18206	AFR	0.849729	0.765905	0.0480981	ok	0.849729	0.0313921	0.00407401	0.0838234	0	0	0.0309818	false	dominant=AFR proportion=0.850 margin=0.766 overlap=18206 residual=0.0481
GCST90201502	GCST90201502	African	AFR	af_assigned	ukb-ancestry-mixture-hg38	16438	AFR	0.829742	0.672208	0.0422603	ok	0.829742	0	0.0127239	0.157534	0	0	0	false	dominant=AFR proportion=0.830 margin=0.672 overlap=16438 residual=0.0423
GCST90201503	GCST90201503	African	AFR	af_assigned	ukb-ancestry-mixture-hg38	6830	AFR	0.808219	0.664141	0.0419817	ok	0.808219	0.0152491	0.00526314	0.144078	0.0049276	0.0053287	0.0169345	false	dominant=AFR proportion=0.808 margin=0.664 overlap=6830 residual=0.0420
GCST90201504	GCST90201504	African	AFR	af_assigned	ukb-ancestry-mixture-hg38	12756	AFR	0.831775	0.677144	0.0417078	ok	0.831775	0.0125636	0	0.154631	0.00103113	0	0	false	dominant=AFR proportion=0.832 margin=0.677 overlap=12756 residual=0.0417
GCST90201505	GCST90201505	African	AFR	af_assigned	ukb-ancestry-mixture-hg38	10886	AFR	0.789609	0.669995	0.0397523	ok	0.789609	0	0.0216964	0.119614	0	0.0572078	0.011873	false	dominant=AFR proportion=0.790 margin=0.670 overlap=10886 residual=0.0398
GCST90201506	GCST90201506	African	AFR	af_assigned	ukb-ancestry-mixture-hg38	17431	AFR	0.795804	0.692101	0.0379307	ok	0.795804	0.0121766	0.0109871	0.103703	0.0446897	0.0203553	0.012284	false	dominant=AFR proportion=0.796 margin=0.692 overlap=17431 residual=0.0379
GCST90201507	GCST90201507	African	AFR	af_assigned	ukb-ancestry-mixture-hg38	8932	AFR	0.807759	0.668135	0.0406593	ok	0.807759	0.016177	0.00214361	0.139624	0	0	0.0342964	false	dominant=AFR proportion=0.808 margin=0.668 overlap=8932 residual=0.0407
GCST90201508	GCST90201508	African	AFR	af_assigned	ukb-ancestry-mixture-hg38	10404	AFR	0.811851	0.660606	0.0398565	ok	0.811851	0.0114509	0.000244613	0.151246	0	0	0.0252072	false	dominant=AFR proportion=0.812 margin=0.661 overlap=10404 residual=0.0399
GCST90201509	GCST90201509	African	AFR	af_assigned	ukb-ancestry-mixture-hg38	15952	AFR	0.80869	0.678109	0.0406094	ok	0.80869	0	0.0230838	0.130581	0.0117489	0.0258962	0	false	dominant=AFR proportion=0.809 margin=0.678 overlap=15952 residual=0.0406
GCST90201510	GCST90201510	African	AFR	af_assigned	ukb-ancestry-mixture-hg38	8937	AFR	0.812486	0.6491	0.0394739	ok	0.812486	0.0112168	0.00717499	0.163386	0.00539591	0.000339947	0	false	dominant=AFR proportion=0.812 margin=0.649 overlap=8937 residual=0.0395
GCST90201511	GCST90201511	African	AFR	af_assigned	ukb-ancestry-mixture-hg38	16898	AFR	0.79143	0.6091	0.0397193	ok	0.79143	0	0.0127107	0.182331	0	0.0021765	0.0113514	false	dominant=AFR proportion=0.791 margin=0.609 overlap=16898 residual=0.0397
GCST90201512	GCST90201512	African	AFR	af_assigned	ukb-ancestry-mixture-hg38	27706	AFR	0.79958	0.681496	0.04155	ok	0.79958	0.0112875	0.00352706	0.118084	0.000387452	0.0517402	0.0153938	false	dominant=AFR proportion=0.800 margin=0.681 overlap=27706 residual=0.0416
GCST90201513	GCST90201513	African	AFR	af_assigned	ukb-ancestry-mixture-hg38	12737	AFR	0.784936	0.589953	0.0389763	ok	0.784936	0.00174886	0.00989134	0.194983	0	0	0.00844042	false	dominant=AFR proportion=0.785 margin=0.590 overlap=12737 residual=0.0390
GCST90201514	GCST90201514	African	AFR	af_assigned	ukb-ancestry-mixture-hg38	9874	AFR	0.7934	0.650066	0.0422123	ok	0.7934	0.0170295	0.00254763	0.143334	0	0.0296139	0.0140755	false	dominant=AFR proportion=0.793 margin=0.650 overlap=9874 residual=0.0422
GCST90201515	GCST90201515	African	AFR	af_assigned	ukb-ancestry-mixture-hg38	26357	AFR	0.816607	0.72346	0.046138	ok	0.816607	0	0.0145515	0.0931477	0	0.0144965	0.0611971	false	dominant=AFR proportion=0.817 margin=0.723 overlap=26357 residual=0.0461
GCST90201516	GCST90201516	African	AFR	af_assigned	ukb-ancestry-mixture-hg38	13392	AFR	0.814744	0.658638	0.038791	ok	0.814744	0.015685	0.00339067	0.156107	0	0.00136806	0.00870546	false	dominant=AFR proportion=0.815 margin=0.659 overlap=13392 residual=0.0388
GCST90201517	GCST90201517	African	AFR	af_assigned	ukb-ancestry-mixture-hg38	20510	AFR	0.788546	0.614945	0.0434674	ok	0.788546	0	0	0.173601	0	0	0.0378524	false	dominant=AFR proportion=0.789 margin=0.615 overlap=20510 residual=0.0435
GCST90201518	GCST90201518	African	AFR	af_assigned	ukb-ancestry-mixture-hg38	15131	AFR	0.775381	0.581766	0.0405499	ok	0.775381	0.0162961	0.0147088	0.193614	0	0	0	false	dominant=AFR proportion=0.775 margin=0.582 overlap=15131 residual=0.0405
GCST90201519	GCST90201519	African	AFR	af_assigned	ukb-ancestry-mixture-hg38	92831	AFR	0.792621	0.625037	0.0438982	ok	0.792621	0.00234824	0.0181429	0.167584	0.00837332	0	0.0109313	false	dominant=AFR proportion=0.793 margin=0.625 overlap=92831 residual=0.0439
GCST90201520	GCST90201520	African	AFR	af_assigned	ukb-ancestry-mixture-hg38	40740	AFR	0.831162	0.747127	0.0470688	ok	0.831162	0.00176057	0	0.0830418	0	0.0840355	0	false	dominant=AFR proportion=0.831 margin=0.747 overlap=40740 residual=0.0471
GCST90201521	GCST90201521	African	AFR	af_assigned	ukb-ancestry-mixture-hg38	26238	AFR	0.821367	0.6589	0.039883	ok	0.821367	0	0.00420057	0.162466	0	0	0.0119664	false	dominant=AFR proportion=0.821 margin=0.659 overlap=26238 residual=0.0399
GCST90201522	GCST90201522	African	AFR	af_assigned	ukb-ancestry-mixture-hg38	17384	AFR	0.80756	0.660325	0.0468624	ok	0.80756	0.010369	0	0.147235	0	0	0.0348363	false	dominant=AFR proportion=0.808 margin=0.660 overlap=17384 residual=0.0469
GCST90201523	GCST90201523	African	AFR	af_assigned	ukb-ancestry-mixture-hg38	18256	AFR	0.830935	0.688403	0.0404451	ok	0.830935	0	0.026533	0.142532	0	0	0	false	dominant=AFR proportion=0.831 margin=0.688 overlap=18256 residual=0.0404
GCST90201524	GCST90201524	African	AFR	af_assigned	ukb-ancestry-mixture-hg38	10042	AFR	0.776473	0.639518	0.0407871	ok	0.776473	0.0281089	0	0.136955	0	0.033044	0.0254186	false	dominant=AFR proportion=0.776 margin=0.640 overlap=10042 residual=0.0408
GCST90201525	GCST90201525	African	AFR	af_assigned	ukb-ancestry-mixture-hg38	9565	AFR	0.796697	0.656696	0.0414628	ok	0.796697	0.0419593	0.0150816	0.140001	0	0	0.00626155	false	dominant=AFR proportion=0.797 margin=0.657 overlap=9565 residual=0.0415
GCST90201526	GCST90201526	African	AFR	af_assigned	ukb-ancestry-mixture-hg38	12506	AFR	0.814562	0.670073	0.0372668	ok	0.814562	0.0137333	0.00848755	0.144489	0	0	0.0187275	false	dominant=AFR proportion=0.815 margin=0.670 overlap=12506 residual=0.0373
GCST90201527	GCST90201527	African	AFR	af_assigned	ukb-ancestry-mixture-hg38	15809	AFR	0.786234	0.6226	0.0379901	ok	0.786234	0.00251666	0.00533915	0.163634	0.0258986	0	0.0163772	false	dominant=AFR proportion=0.786 margin=0.623 overlap=15809 residual=0.0380
GCST90201528	GCST90201528	African	AFR	af_assigned	ukb-ancestry-mixture-hg38	13297	AFR	0.814967	0.703171	0.0407143	ok	0.814967	0.0227924	0	0.111796	0	0	0.0504444	false	dominant=AFR proportion=0.815 margin=0.703 overlap=13297 residual=0.0407
GCST90201529	GCST90201529	African	AFR	af_assigned	ukb-ancestry-mixture-hg38	20325	AFR	0.808523	0.640932	0.0411045	ok	0.808523	0	0	0.167591	0	0	0.0238862	false	dominant=AFR proportion=0.809 margin=0.641 overlap=20325 residual=0.0411
GCST90201530	GCST90201530	African	AFR	af_assigned	ukb-ancestry-mixture-hg38	9504	AFR	0.765973	0.650536	0.0434941	ok	0.765973	0.0299053	0.0372828	0.115437	0.0391632	0.0122395	0	false	dominant=AFR proportion=0.766 margin=0.651 overlap=9504 residual=0.0435
GCST90201531	GCST90201531	African	AFR	af_assigned	ukb-ancestry-mixture-hg38	27721	AFR	0.753202	0.646163	0.0541627	ok	0.753202	0	0	0.107038	0	0.0941004	0.0456593	false	dominant=AFR proportion=0.753 margin=0.646 overlap=27721 residual=0.0542
GCST90201532	GCST90201532	African	AFR	af_assigned	ukb-ancestry-mixture-hg38	10550	AFR	0.794246	0.599354	0.0374014	ok	0.794246	0	0.0108616	0.194892	0	0	0	false	dominant=AFR proportion=0.794 margin=0.599 overlap=10550 residual=0.0374
GCST90201533	GCST90201533	African	AFR	af_assigned	ukb-ancestry-mixture-hg38	6672	AFR	0.808948	0.665186	0.0396187	ok	0.808948	0.0139971	0.00474571	0.143762	0.00404395	0.00359769	0.0209053	false	dominant=AFR proportion=0.809 margin=0.665 overlap=6672 residual=0.0396
GCST90201534	GCST90201534	African	AFR	af_assigned	ukb-ancestry-mixture-hg38	12456	AFR	0.803952	0.646183	0.0389338	ok	0.803952	0.0149152	0	0.157769	0.0233643	0	0	false	dominant=AFR proportion=0.804 margin=0.646 overlap=12456 residual=0.0389
GCST90201535	GCST90201535	African	AFR	af_assigned	ukb-ancestry-mixture-hg38	6706	AFR	0.808558	0.66674	0.0395914	ok	0.808558	0.0141057	0.00529346	0.141819	0.00517798	0.00403274	0.0210135	false	dominant=AFR proportion=0.809 margin=0.667 overlap=6706 residual=0.0396
GCST90201536	GCST90201536	African	AFR	af_assigned	ukb-ancestry-mixture-hg38	16437	AFR	0.82297	0.680598	0.0406028	ok	0.82297	0.0183614	0.0162976	0.142371	0	0	0	false	dominant=AFR proportion=0.823 margin=0.681 overlap=16437 residual=0.0406
GCST90201537	GCST90201537	African	AFR	af_assigned	ukb-ancestry-mixture-hg38	8086	AFR	0.803096	0.656498	0.0393736	ok	0.803096	0	0.0165603	0.146598	0	0	0.033746	false	dominant=AFR proportion=0.803 margin=0.656 overlap=8086 residual=0.0394
GCST90201538	GCST90201538	African	AFR	af_assigned	ukb-ancestry-mixture-hg38	9546	AFR	0.78395	0.641288	0.040699	ok	0.78395	0.0021739	0	0.142663	0.0247385	0	0.0464743	false	dominant=AFR proportion=0.784 margin=0.641 overlap=9546 residual=0.0407
GCST90201539	GCST90201539	African	AFR	af_assigned	ukb-ancestry-mixture-hg38	24943	AFR	0.781337	0.600843	0.0483684	ok	0.781337	0	0.00394424	0.180493	0	0	0.0342257	false	dominant=AFR proportion=0.781 margin=0.601 overlap=24943 residual=0.0484
GCST90201540	GCST90201540	African	AFR	af_assigned	ukb-ancestry-mixture-hg38	12368	AFR	0.83258	0.69389	0.0390075	ok	0.83258	0	0.0183124	0.13869	0	0.0104184	0	false	dominant=AFR proportion=0.833 margin=0.694 overlap=12368 residual=0.0390
GCST90201541	GCST90201541	African	AFR	af_assigned	ukb-ancestry-mixture-hg38	9253	AFR	0.81451	0.678953	0.0390087	ok	0.81451	0.0094188	0	0.135557	0.00695907	0	0.0335556	false	dominant=AFR proportion=0.815 margin=0.679 overlap=9253 residual=0.0390
GCST90201542	GCST90201542	African	AFR	af_assigned	ukb-ancestry-mixture-hg38	15628	AFR	0.771118	0.631027	0.0388171	ok	0.771118	0.0240924	0.0244991	0.140092	0	0.0385831	0.00161537	false	dominant=AFR proportion=0.771 margin=0.631 overlap=15628 residual=0.0388
GCST90201543	GCST90201543	African	AFR	af_assigned	ukb-ancestry-mixture-hg38	12408	AFR	0.816807	0.688347	0.0434263	ok	0.816807	0.013136	0	0.128461	0.0142881	0.0273078	0	false	dominant=AFR proportion=0.817 margin=0.688 overlap=12408 residual=0.0434
GCST90201544	GCST90201544	African	AFR	af_assigned	ukb-ancestry-mixture-hg38	12237	AFR	0.816221	0.68923	0.0403293	ok	0.816221	0.0307256	0.00475371	0.126991	0	0.0153459	0.00596362	false	dominant=AFR proportion=0.816 margin=0.689 overlap=12237 residual=0.0403
GCST90201545	GCST90201545	African	AFR	af_assigned	ukb-ancestry-mixture-hg38	24778	AFR	0.789821	0.607575	0.0389004	ok	0.789821	0	0.000865771	0.182246	0	0	0.0270674	false	dominant=AFR proportion=0.790 margin=0.608 overlap=24778 residual=0.0389
GCST90201546	GCST90201546	African	AFR	af_assigned	ukb-ancestry-mixture-hg38	13670	AFR	0.803085	0.661103	0.0369446	ok	0.803085	0	0.00816586	0.141982	0	0	0.0467672	false	dominant=AFR proportion=0.803 margin=0.661 overlap=13670 residual=0.0369
GCST90201547	GCST90201547	African	AFR	af_assigned	ukb-ancestry-mixture-hg38	20032	AFR	0.756082	0.636415	0.040929	ok	0.756082	0.0141164	0.0261602	0.119667	0	0.0839739	0	false	dominant=AFR proportion=0.756 margin=0.636 overlap=20032 residual=0.0409
GCST90201548	GCST90201548	African	AFR	af_assigned	ukb-ancestry-mixture-hg38	12334	AFR	0.797957	0.655831	0.0390968	ok	0.797957	0.00477407	0.0231915	0.142126	0	0	0.0319508	false	dominant=AFR proportion=0.798 margin=0.656 overlap=12334 residual=0.0391
GCST90201549	GCST90201549	African	AFR	af_assigned	ukb-ancestry-mixture-hg38	16287	AFR	0.774722	0.588892	0.038141	ok	0.774722	0.0171573	0.00914285	0.18583	0.00581312	0	0.00733519	false	dominant=AFR proportion=0.775 margin=0.589 overlap=16287 residual=0.0381
GCST90201550	GCST90201550	African	AFR	af_assigned	ukb-ancestry-mixture-hg38	11636	AFR	0.820321	0.689169	0.0390361	ok	0.820321	0.0105199	0.00400543	0.131152	0	0	0.0340014	false	dominant=AFR proportion=0.820 margin=0.689 overlap=11636 residual=0.0390
GCST90201551	GCST90201551	African	AFR	af_assigned	ukb-ancestry-mixture-hg38	14159	AFR	0.810387	0.689215	0.0418388	ok	0.810387	0	0	0.121172	0.0458949	0	0.0225467	false	dominant=AFR proportion=0.810 margin=0.689 overlap=14159 residual=0.0418
GCST90201552	GCST90201552	African	AFR	af_assigned	ukb-ancestry-mixture-hg38	6671	AFR	0.80912	0.666585	0.0395549	ok	0.80912	0.0140485	0.00460901	0.142535	0.00620335	0.00170228	0.0217824	false	dominant=AFR proportion=0.809 margin=0.667 overlap=6671 residual=0.0396
GCST90201553	GCST90201553	African	AFR	af_assigned	ukb-ancestry-mixture-hg38	21271	AFR	0.806039	0.652954	0.0370902	ok	0.806039	0	0.00954284	0.153085	0	0	0.0313334	false	dominant=AFR proportion=0.806 margin=0.653 overlap=21271 residual=0.0371
GCST90201554	GCST90201554	African	AFR	af_assigned	ukb-ancestry-mixture-hg38	8717	AFR	0.796141	0.673375	0.0410604	ok	0.796141	0.0319853	0.00676004	0.122766	0	0	0.0423479	false	dominant=AFR proportion=0.796 margin=0.673 overlap=8717 residual=0.0411
GCST90201555	GCST90201555	African	AFR	af_assigned	ukb-ancestry-mixture-hg38	23800	AFR	0.800309	0.624329	0.0403713	ok	0.800309	0	0.0222842	0.17598	0	0	0.00142609	false	dominant=AFR proportion=0.800 margin=0.624 overlap=23800 residual=0.0404
GCST90201556	GCST90201556	African	AFR	af_assigned	ukb-ancestry-mixture-hg38	25600	AFR	0.761433	0.620356	0.0410179	ok	0.761433	0	0.0091868	0.141077	0.0322347	0.0413563	0.0147119	false	dominant=AFR proportion=0.761 margin=0.620 overlap=25600 residual=0.0410
GCST90201557	GCST90201557	African	AFR	af_assigned	ukb-ancestry-mixture-hg38	23822	AFR	0.82256	0.660079	0.0416364	ok	0.82256	0	0.0093262	0.162481	0	0	0.00563261	false	dominant=AFR proportion=0.823 margin=0.660 overlap=23822 residual=0.0416
GCST90201558	GCST90201558	African	AFR	af_assigned	ukb-ancestry-mixture-hg38	25175	AFR	0.799557	0.643625	0.0453832	ok	0.799557	0.037117	0	0.155931	0.00183337	0.00227508	0.00328659	false	dominant=AFR proportion=0.800 margin=0.644 overlap=25175 residual=0.0454
GCST90201559	GCST90201559	African	AFR	af_assigned	ukb-ancestry-mixture-hg38	23168	AFR	0.827132	0.658087	0.0528453	ok	0.827132	0	0.00382195	0.169046	0	0	0	false	dominant=AFR proportion=0.827 margin=0.658 overlap=23168 residual=0.0528
GCST90201560	GCST90201560	African	AFR	af_assigned	ukb-ancestry-mixture-hg38	6726	AFR	0.808315	0.668966	0.0403305	ok	0.808315	0.0145552	0.00424834	0.13935	0.00628768	0.00546835	0.0217754	false	dominant=AFR proportion=0.808 margin=0.669 overlap=6726 residual=0.0403
GCST90201561	GCST90201561	African	AFR	af_assigned	ukb-ancestry-mixture-hg38	16453	AFR	0.799375	0.654764	0.0395068	ok	0.799375	0.0231745	0.00843618	0.144611	0	0	0.0244033	false	dominant=AFR proportion=0.799 margin=0.655 overlap=16453 residual=0.0395
GCST90201562	GCST90201562	African	AFR	af_assigned	ukb-ancestry-mixture-hg38	28329	AFR	0.788885	0.705016	0.047912	ok	0.788885	0	0.0246401	0.0838686	0.0153031	0.0681402	0.0191634	false	dominant=AFR proportion=0.789 margin=0.705 overlap=28329 residual=0.0479
GCST90201563	GCST90201563	African	AFR	af_assigned	ukb-ancestry-mixture-hg38	9981	AFR	0.80812	0.660771	0.0401559	ok	0.80812	0.0265942	0	0.147348	0	0	0.0179382	false	dominant=AFR proportion=0.808 margin=0.661 overlap=9981 residual=0.0402
GCST90201564	GCST90201564	African	AFR	af_assigned	ukb-ancestry-mixture-hg38	8293	AFR	0.793039	0.657396	0.0433705	ok	0.793039	0	0.000782123	0.135643	0.023598	0	0.0469383	false	dominant=AFR proportion=0.793 margin=0.657 overlap=8293 residual=0.0434
GCST90201565	GCST90201565	African	AFR	af_assigned	ukb-ancestry-mixture-hg38	10774	AFR	0.817169	0.689712	0.0389223	ok	0.817169	0.00612011	0.00786796	0.127457	0	0	0.0413861	false	dominant=AFR proportion=0.817 margin=0.690 overlap=10774 residual=0.0389
GCST90201566	GCST90201566	African	AFR	af_assigned	ukb-ancestry-mixture-hg38	17472	AFR	0.77215	0.631285	0.0383833	ok	0.77215	0.0323757	0	0.140865	0.0064178	0	0.0481917	false	dominant=AFR proportion=0.772 margin=0.631 overlap=17472 residual=0.0384
GCST90201567	GCST90201567	African	AFR	af_assigned	ukb-ancestry-mixture-hg38	15700	AFR	0.802263	0.678579	0.0402273	ok	0.802263	0	0.000314974	0.123684	0	0.0521616	0.0215771	false	dominant=AFR proportion=0.802 margin=0.679 overlap=15700 residual=0.0402
GCST90201568	GCST90201568	African	AFR	af_assigned	ukb-ancestry-mixture-hg38	11253	AFR	0.836264	0.683474	0.0446185	ok	0.836264	0	0.000694829	0.15279	0	0	0.0102513	false	dominant=AFR proportion=0.836 margin=0.683 overlap=11253 residual=0.0446
GCST90201569	GCST90201569	African	AFR	af_assigned	ukb-ancestry-mixture-hg38	13005	AFR	0.80786	0.680099	0.0383947	ok	0.80786	0.030247	0	0.127761	0.0263367	0	0.0077956	false	dominant=AFR proportion=0.808 margin=0.680 overlap=13005 residual=0.0384
GCST90201570	GCST90201570	African	AFR	af_assigned	ukb-ancestry-mixture-hg38	6687	AFR	0.808291	0.6628	0.0399415	ok	0.808291	0.0140091	0.00506323	0.145491	0.00745195	0.000307766	0.0193859	false	dominant=AFR proportion=0.808 margin=0.663 overlap=6687 residual=0.0399
GCST90201571	GCST90201571	African	AFR	af_assigned	ukb-ancestry-mixture-hg38	9954	AFR	0.792201	0.662558	0.0393294	ok	0.792201	0.00613463	0.000600974	0.129643	0.0124626	0	0.0589578	false	dominant=AFR proportion=0.792 margin=0.663 overlap=9954 residual=0.0393
GCST90201572	GCST90201572	African	AFR	af_assigned	ukb-ancestry-mixture-hg38	30053	AFR	0.819437	0.677264	0.039923	ok	0.819437	0.00560148	0.0119699	0.142173	0.0103927	0	0.0104252	false	dominant=AFR proportion=0.819 margin=0.677 overlap=30053 residual=0.0399
GCST90201573	GCST90201573	African	AFR	af_assigned	ukb-ancestry-mixture-hg38	18956	AFR	0.811069	0.674907	0.03995	ok	0.811069	0.0225582	0.00313694	0.136162	0	0.027074	0	false	dominant=AFR proportion=0.811 margin=0.675 overlap=18956 residual=0.0399
GCST90201574	GCST90201574	African	AFR	af_assigned	ukb-ancestry-mixture-hg38	49530	AFR	0.790742	0.681787	0.0428429	ok	0.790742	0.0246556	0.0181667	0.108955	0	0.042014	0.0154667	false	dominant=AFR proportion=0.791 margin=0.682 overlap=49530 residual=0.0428
GCST90201575	GCST90201575	African	AFR	af_assigned	ukb-ancestry-mixture-hg38	7332	AFR	0.815018	0.669035	0.0395926	ok	0.815018	0.0109534	0	0.145983	0.00217978	0	0.0258658	false	dominant=AFR proportion=0.815 margin=0.669 overlap=7332 residual=0.0396
GCST90201576	GCST90201576	African	AFR	af_assigned	ukb-ancestry-mixture-hg38	16072	AFR	0.785539	0.61468	0.043759	ok	0.785539	0.0154408	0	0.170859	0	0	0.0281611	false	dominant=AFR proportion=0.786 margin=0.615 overlap=16072 residual=0.0438
GCST90201577	GCST90201577	African	AFR	af_assigned	ukb-ancestry-mixture-hg38	15411	AFR	0.787786	0.625228	0.0398912	ok	0.787786	0.00773948	0.0101678	0.162559	0	0.0242457	0.00750245	false	dominant=AFR proportion=0.788 margin=0.625 overlap=15411 residual=0.0399
GCST90201578	GCST90201578	African	AFR	af_assigned	ukb-ancestry-mixture-hg38	42169	AFR	0.800402	0.713366	0.0519338	ok	0.800402	0	0	0.0870355	0.0708444	0.0189044	0.0228139	false	dominant=AFR proportion=0.800 margin=0.713 overlap=42169 residual=0.0519
GCST90201579	GCST90201579	African	AFR	af_assigned	ukb-ancestry-mixture-hg38	31105	AFR	0.815833	0.678328	0.0403201	ok	0.815833	0.00829529	0.0206299	0.137505	0	0	0.0177367	false	dominant=AFR proportion=0.816 margin=0.678 overlap=31105 residual=0.0403
GCST90201580	GCST90201580	African	AFR	af_assigned	ukb-ancestry-mixture-hg38	17743	AFR	0.796583	0.678731	0.0418035	ok	0.796583	0.0271991	0	0.117852	0	0	0.0583652	false	dominant=AFR proportion=0.797 margin=0.679 overlap=17743 residual=0.0418
GCST90201581	GCST90201581	African	AFR	af_assigned	ukb-ancestry-mixture-hg38	9251	AFR	0.797554	0.698562	0.0390639	ok	0.797554	0.0159855	0.0133769	0.0989914	0.0400367	0	0.0340558	false	dominant=AFR proportion=0.798 margin=0.699 overlap=9251 residual=0.0391
GCST90201582	GCST90201582	African	AFR	af_assigned	ukb-ancestry-mixture-hg38	21235	AFR	0.837765	0.78513	0.043619	ok	0.837765	0.0363887	0	0.0526351	0.0469185	0.0130765	0.0132159	false	dominant=AFR proportion=0.838 margin=0.785 overlap=21235 residual=0.0436
GCST90201583	GCST90201583	African	AFR	af_assigned	ukb-ancestry-mixture-hg38	10051	AFR	0.774748	0.551214	0.0429397	ok	0.774748	0	0	0.223534	0	0	0.00171757	false	dominant=AFR proportion=0.775 margin=0.551 overlap=10051 residual=0.0429
GCST90201584	GCST90201584	African	AFR	af_assigned	ukb-ancestry-mixture-hg38	24981	AFR	0.860795	0.72159	0.0408015	ok	0.860795	0	0	0.139205	0	0	0	false	dominant=AFR proportion=0.861 margin=0.722 overlap=24981 residual=0.0408
GCST90201585	GCST90201585	African	AFR	af_assigned	ukb-ancestry-mixture-hg38	50769	AFR	0.779628	0.662147	0.0416819	ok	0.779628	0.0133058	0.00664314	0.117481	0	0.0529013	0.0300405	false	dominant=AFR proportion=0.780 margin=0.662 overlap=50769 residual=0.0417
GCST90201586	GCST90201586	African	AFR	af_assigned	ukb-ancestry-mixture-hg38	13320	AFR	0.778572	0.615035	0.0382499	ok	0.778572	0	0.00397147	0.163536	0	0.0393756	0.0145453	false	dominant=AFR proportion=0.779 margin=0.615 overlap=13320 residual=0.0382
GCST90201587	GCST90201587	African	AFR	af_assigned	ukb-ancestry-mixture-hg38	14201	AFR	0.769554	0.660241	0.0424797	ok	0.769554	0.0264964	0.00519417	0.109312	0	0.0495074	0.039936	false	dominant=AFR proportion=0.770 margin=0.660 overlap=14201 residual=0.0425
GCST90201588	GCST90201588	African	AFR	af_assigned	ukb-ancestry-mixture-hg38	10988	AFR	0.771434	0.608609	0.0483662	ok	0.771434	0	0.00845511	0.162825	0	0.0210289	0.0362574	false	dominant=AFR proportion=0.771 margin=0.609 overlap=10988 residual=0.0484
GCST90201589	GCST90201589	African	AFR	af_assigned	ukb-ancestry-mixture-hg38	6660	AFR	0.809747	0.668205	0.039617	ok	0.809747	0.0140378	0.00493067	0.141542	0.00613471	0.00255678	0.021051	false	dominant=AFR proportion=0.810 margin=0.668 overlap=6660 residual=0.0396
GCST90201590	GCST90201590	African	AFR	af_assigned	ukb-ancestry-mixture-hg38	17553	AFR	0.770709	0.639311	0.0396045	ok	0.770709	0.024676	0	0.131398	0.0180966	0	0.0551204	false	dominant=AFR proportion=0.771 margin=0.639 overlap=17553 residual=0.0396
GCST90201591	GCST90201591	African	AFR	af_assigned	ukb-ancestry-mixture-hg38	28773	AFR	0.790281	0.623264	0.0427917	ok	0.790281	0.00837412	0.0242491	0.167018	0	0	0.0100774	false	dominant=AFR proportion=0.790 margin=0.623 overlap=28773 residual=0.0428
GCST90201592	GCST90201592	African	AFR	af_assigned	ukb-ancestry-mixture-hg38	17446	AFR	0.783601	0.678669	0.0388018	ok	0.783601	0.0190842	0.00274984	0.104932	0.0600367	0	0.0295961	false	dominant=AFR proportion=0.784 margin=0.679 overlap=17446 residual=0.0388
GCST90201593	GCST90201593	African	AFR	af_assigned	ukb-ancestry-mixture-hg38	19451	AFR	0.795277	0.63687	0.0416826	ok	0.795277	0	0.0192888	0.158407	0	0	0.0270278	false	dominant=AFR proportion=0.795 margin=0.637 overlap=19451 residual=0.0417
GCST90201594	GCST90201594	African	AFR	af_assigned	ukb-ancestry-mixture-hg38	23879	AFR	0.797251	0.632926	0.0405385	ok	0.797251	0.0255766	0	0.164324	0	0.0070677	0.00578093	false	dominant=AFR proportion=0.797 margin=0.633 overlap=23879 residual=0.0405
GCST90201595	GCST90201595	African	AFR	af_assigned	ukb-ancestry-mixture-hg38	30173	AFR	0.770387	0.616948	0.0392535	ok	0.770387	0.03446	0.0172758	0.153438	0.0153873	0.00905205	0	false	dominant=AFR proportion=0.770 margin=0.617 overlap=30173 residual=0.0393
GCST90201596	GCST90201596	African	AFR	af_assigned	ukb-ancestry-mixture-hg38	16286	AFR	0.779589	0.586751	0.0387649	ok	0.779589	0	0.0187943	0.192837	0	0.00877947	0	false	dominant=AFR proportion=0.780 margin=0.587 overlap=16286 residual=0.0388
GCST90201597	GCST90201597	African	AFR	af_assigned	ukb-ancestry-mixture-hg38	10223	AFR	0.774976	0.666168	0.0372126	ok	0.774976	0.00168328	0.0212861	0.108809	0.00891471	0.0700984	0.0142327	false	dominant=AFR proportion=0.775 margin=0.666 overlap=10223 residual=0.0372
GCST90201598	GCST90201598	African	AFR	af_assigned	ukb-ancestry-mixture-hg38	23608	AFR	0.807379	0.67434	0.0427335	ok	0.807379	0	0.0265958	0.133039	0	0.0254592	0.00752709	false	dominant=AFR proportion=0.807 margin=0.674 overlap=23608 residual=0.0427
GCST90201599	GCST90201599	African	AFR	af_assigned	ukb-ancestry-mixture-hg38	10758	AFR	0.797108	0.62801	0.0402581	ok	0.797108	0	0.0084678	0.169098	0	0	0.0253269	false	dominant=AFR proportion=0.797 margin=0.628 overlap=10758 residual=0.0403
GCST90201600	GCST90201600	African	AFR	af_assigned	ukb-ancestry-mixture-hg38	17817	AFR	0.80427	0.656566	0.0394452	ok	0.80427	0.0175519	0.00400109	0.147704	0.0227208	0	0.00375274	false	dominant=AFR proportion=0.804 margin=0.657 overlap=17817 residual=0.0394
GCST90201601	GCST90201601	African	AFR	af_assigned	ukb-ancestry-mixture-hg38	17511	AFR	0.849248	0.718964	0.0389618	ok	0.849248	0	0.00444864	0.130284	0.0022337	0	0.0137859	false	dominant=AFR proportion=0.849 margin=0.719 overlap=17511 residual=0.0390
GCST90201602	GCST90201602	African	AFR	af_assigned	ukb-ancestry-mixture-hg38	13185	AFR	0.820935	0.659468	0.0368115	ok	0.820935	0	0.0175974	0.161467	0	0	0	false	dominant=AFR proportion=0.821 margin=0.659 overlap=13185 residual=0.0368
GCST90201603	GCST90201603	African	AFR	af_assigned	ukb-ancestry-mixture-hg38	13319	AFR	0.834678	0.72313	0.0379994	ok	0.834678	0	0.00402512	0.111548	0	0.0322979	0.0174509	false	dominant=AFR proportion=0.835 margin=0.723 overlap=13319 residual=0.0380
GCST90201604	GCST90201604	African	AFR	af_assigned	ukb-ancestry-mixture-hg38	24121	AFR	0.792913	0.639381	0.0417838	ok	0.792913	0	0.0268484	0.153532	0.0035947	0.0182619	0.00484966	false	dominant=AFR proportion=0.793 margin=0.639 overlap=24121 residual=0.0418
GCST90201605	GCST90201605	African	AFR	af_assigned	ukb-ancestry-mixture-hg38	47896	AFR	0.808298	0.691881	0.0419141	ok	0.808298	0.0247902	0.00615326	0.116416	0	0.013378	0.0309647	false	dominant=AFR proportion=0.808 margin=0.692 overlap=47896 residual=0.0419
GCST90201606	GCST90201606	African	AFR	af_assigned	ukb-ancestry-mixture-hg38	6933	AFR	0.810455	0.672194	0.0420794	ok	0.810455	0.012306	0.0052488	0.138261	0.0160911	0.00533071	0.012307	false	dominant=AFR proportion=0.810 margin=0.672 overlap=6933 residual=0.0421
GCST90201607	GCST90201607	African	AFR	af_assigned	ukb-ancestry-mixture-hg38	9559	AFR	0.796124	0.69818	0.0459057	ok	0.796124	0.0232021	0.0268414	0.0979447	0.0425803	0	0.0133072	false	dominant=AFR proportion=0.796 margin=0.698 overlap=9559 residual=0.0459
GCST90201608	GCST90201608	African	AFR	af_assigned	ukb-ancestry-mixture-hg38	12045	AFR	0.789313	0.605453	0.0389234	ok	0.789313	0	0.000975441	0.18386	0	0.0188433	0.00700849	false	dominant=AFR proportion=0.789 margin=0.605 overlap=12045 residual=0.0389
GCST90201609	GCST90201609	African	AFR	af_assigned	ukb-ancestry-mixture-hg38	29565	AFR	0.789436	0.643997	0.0379915	ok	0.789436	0	0.00677628	0.145438	0	0.0517261	0.00662372	false	dominant=AFR proportion=0.789 margin=0.644 overlap=29565 residual=0.0380
GCST90201610	GCST90201610	African	AFR	af_assigned	ukb-ancestry-mixture-hg38	15217	AFR	0.824455	0.724173	0.038256	ok	0.824455	0.0330532	0.00474995	0.100283	0.0108265	0.0266321	0	false	dominant=AFR proportion=0.824 margin=0.724 overlap=15217 residual=0.0383
GCST90201611	GCST90201611	African	AFR	af_assigned	ukb-ancestry-mixture-hg38	6977	AFR	0.798185	0.642362	0.0417422	ok	0.798185	0.0125282	0.00585375	0.155822	0.00509178	0.00218443	0.0203346	false	dominant=AFR proportion=0.798 margin=0.642 overlap=6977 residual=0.0417
GCST90201612	GCST90201612	African	AFR	af_assigned	ukb-ancestry-mixture-hg38	15935	AFR	0.809688	0.696904	0.0405976	ok	0.809688	0.0541516	0	0.112783	0	0.0233774	0	false	dominant=AFR proportion=0.810 margin=0.697 overlap=15935 residual=0.0406
GCST90201613	GCST90201613	African	AFR	af_assigned	ukb-ancestry-mixture-hg38	20704	AFR	0.824195	0.6856	0.0429533	ok	0.824195	0.0186186	0.0185919	0.138595	0	0	0	false	dominant=AFR proportion=0.824 margin=0.686 overlap=20704 residual=0.0430
GCST90201614	GCST90201614	African	AFR	af_assigned	ukb-ancestry-mixture-hg38	18854	AFR	0.791584	0.697502	0.0400915	ok	0.791584	0	0	0.0940821	0.0118082	0.0524332	0.0500925	false	dominant=AFR proportion=0.792 margin=0.698 overlap=18854 residual=0.0401
GCST90201615	GCST90201615	African	AFR	af_assigned	ukb-ancestry-mixture-hg38	9223	AFR	0.804795	0.653428	0.0399027	ok	0.804795	0.0101811	0.00901749	0.151366	0	0	0.0246408	false	dominant=AFR proportion=0.805 margin=0.653 overlap=9223 residual=0.0399
GCST90201616	GCST90201616	African	AFR	af_assigned	ukb-ancestry-mixture-hg38	23854	AFR	0.796468	0.660334	0.0447343	ok	0.796468	0	0	0.136134	0.0181781	0	0.0492197	false	dominant=AFR proportion=0.796 margin=0.660 overlap=23854 residual=0.0447
GCST90201617	GCST90201617	African	AFR	af_assigned	ukb-ancestry-mixture-hg38	12495	AFR	0.803009	0.654348	0.0378137	ok	0.803009	0.0256798	0	0.148662	0	0	0.0226492	false	dominant=AFR proportion=0.803 margin=0.654 overlap=12495 residual=0.0378
GCST90201618	GCST90201618	African	AFR	af_assigned	ukb-ancestry-mixture-hg38	9991	AFR	0.808756	0.669766	0.0399038	ok	0.808756	0.0151923	0.0130869	0.13899	0.00579818	0.00356522	0.0146113	false	dominant=AFR proportion=0.809 margin=0.670 overlap=9991 residual=0.0399
GCST90201619	GCST90201619	African	AFR	af_assigned	ukb-ancestry-mixture-hg38	16360	AFR	0.785128	0.620874	0.0449189	ok	0.785128	0.0397498	0	0.164255	0	0	0.010867	false	dominant=AFR proportion=0.785 margin=0.621 overlap=16360 residual=0.0449
GCST90201620	GCST90201620	African	AFR	af_assigned	ukb-ancestry-mixture-hg38	61278	AFR	0.804025	0.666136	0.0423842	ok	0.804025	0.0163275	0	0.137889	0	0.0188394	0.0229187	false	dominant=AFR proportion=0.804 margin=0.666 overlap=61278 residual=0.0424
GCST90201621	GCST90201621	African	AFR	af_assigned	ukb-ancestry-mixture-hg38	6703	AFR	0.813442	0.673128	0.0398923	ok	0.813442	0.0138007	0.00146923	0.140314	0.00462718	0.00355474	0.0227927	false	dominant=AFR proportion=0.813 margin=0.673 overlap=6703 residual=0.0399
GCST90201622	GCST90201622	African	AFR	af_assigned	ukb-ancestry-mixture-hg38	10314	AFR	0.754482	0.610401	0.04171	ok	0.754482	0.0226093	0.000290968	0.144081	0	0.0554902	0.0230462	false	dominant=AFR proportion=0.754 margin=0.610 overlap=10314 residual=0.0417
GCST90201623	GCST90201623	African	AFR	af_assigned	ukb-ancestry-mixture-hg38	9665	AFR	0.827098	0.672556	0.038945	ok	0.827098	0.00572984	0.00313953	0.154542	0	0	0.00949077	false	dominant=AFR proportion=0.827 margin=0.673 overlap=9665 residual=0.0389
GCST90201624	GCST90201624	African	AFR	af_assigned	ukb-ancestry-mixture-hg38	15022	AFR	0.757981	0.620531	0.0437076	ok	0.757981	0.0139304	0	0.13745	0	0.0289437	0.0616948	false	dominant=AFR proportion=0.758 margin=0.621 overlap=15022 residual=0.0437
GCST90201625	GCST90201625	African	AFR	af_assigned	ukb-ancestry-mixture-hg38	7015	AFR	0.800848	0.646546	0.0422531	ok	0.800848	0.0125074	0.00655296	0.154303	0.00318045	0	0.0226081	false	dominant=AFR proportion=0.801 margin=0.647 overlap=7015 residual=0.0423
GCST90201626	GCST90201626	African	AFR	af_assigned	ukb-ancestry-mixture-hg38	21963	AFR	0.809797	0.695008	0.0412013	ok	0.809797	0.0500252	0.0158645	0.114789	0	0	0.00952478	false	dominant=AFR proportion=0.810 margin=0.695 overlap=21963 residual=0.0412
GCST90201627	GCST90201627	African	AFR	af_assigned	ukb-ancestry-mixture-hg38	21060	AFR	0.790568	0.629804	0.040185	ok	0.790568	0	0.00732737	0.160764	0.0126262	0.0189333	0.00978075	false	dominant=AFR proportion=0.791 margin=0.630 overlap=21060 residual=0.0402
GCST90201628	GCST90201628	African	AFR	af_assigned	ukb-ancestry-mixture-hg38	22193	AFR	0.790375	0.665638	0.040131	ok	0.790375	0.00697767	0	0.124737	0.0514752	0	0.026436	false	dominant=AFR proportion=0.790 margin=0.666 overlap=22193 residual=0.0401
GCST90201629	GCST90201629	African	AFR	af_assigned	ukb-ancestry-mixture-hg38	12608	AFR	0.8207	0.676956	0.0403226	ok	0.8207	0	0.0177681	0.143744	0.0101786	0	0.00760904	false	dominant=AFR proportion=0.821 margin=0.677 overlap=12608 residual=0.0403
GCST90201630	GCST90201630	African	AFR	af_assigned	ukb-ancestry-mixture-hg38	16428	AFR	0.803064	0.67146	0.0426246	ok	0.803064	0	0.0217929	0.131605	0.00348558	0.0148441	0.0252088	false	dominant=AFR proportion=0.803 margin=0.671 overlap=16428 residual=0.0426
GCST90201631	GCST90201631	African	AFR	af_assigned	ukb-ancestry-mixture-hg38	6786	AFR	0.81432	0.680749	0.0409513	ok	0.81432	0.0141276	0.00373734	0.13357	0.00382912	0.0102731	0.0201429	false	dominant=AFR proportion=0.814 margin=0.681 overlap=6786 residual=0.0410
GCST90201632	GCST90201632	African	AFR	af_assigned	ukb-ancestry-mixture-hg38	28951	AFR	0.817159	0.687998	0.0390425	ok	0.817159	0.0241353	0.00812724	0.129161	0	0.0214179	0	false	dominant=AFR proportion=0.817 margin=0.688 overlap=28951 residual=0.0390
GCST90201633	GCST90201633	African	AFR	af_assigned	ukb-ancestry-mixture-hg38	13123	AFR	0.793015	0.64536	0.0389365	ok	0.793015	0.00198263	0	0.147655	0	0	0.0573475	false	dominant=AFR proportion=0.793 margin=0.645 overlap=13123 residual=0.0389
GCST90201634	GCST90201634	African	AFR	af_assigned	ukb-ancestry-mixture-hg38	15402	AFR	0.796315	0.637317	0.0398033	ok	0.796315	0.019214	0.0117669	0.158998	0	0	0.0137066	false	dominant=AFR proportion=0.796 margin=0.637 overlap=15402 residual=0.0398
GCST90201635	GCST90201635	African	AFR	af_assigned	ukb-ancestry-mixture-hg38	41557	AFR	0.788404	0.652775	0.0377922	ok	0.788404	0.00822335	0.00908063	0.135628	0	0.0394045	0.0192594	false	dominant=AFR proportion=0.788 margin=0.653 overlap=41557 residual=0.0378
GCST90201636	GCST90201636	African	AFR	af_assigned	ukb-ancestry-mixture-hg38	15434	AFR	0.810849	0.67972	0.0389207	ok	0.810849	0.0228427	0.00157722	0.131129	0	0	0.0336025	false	dominant=AFR proportion=0.811 margin=0.680 overlap=15434 residual=0.0389
GCST90201637	GCST90201637	African	AFR	af_assigned	ukb-ancestry-mixture-hg38	10224	AFR	0.770322	0.614152	0.047045	ok	0.770322	0.0404577	0	0.15617	0	0.0186265	0.0144233	false	dominant=AFR proportion=0.770 margin=0.614 overlap=10224 residual=0.0470
GCST90201638	GCST90201638	African	AFR	af_assigned	ukb-ancestry-mixture-hg38	6730	AFR	0.806109	0.659114	0.0401885	ok	0.806109	0.0149185	0.00588643	0.146995	0.00533711	0	0.0207539	false	dominant=AFR proportion=0.806 margin=0.659 overlap=6730 residual=0.0402
GCST90201639	GCST90201639	African	AFR	af_assigned	ukb-ancestry-mixture-hg38	18121	AFR	0.765889	0.598325	0.0468911	ok	0.765889	0	0	0.167565	0.0389957	0	0.0275508	false	dominant=AFR proportion=0.766 margin=0.598 overlap=18121 residual=0.0469
GCST90201640	GCST90201640	African	AFR	af_assigned	ukb-ancestry-mixture-hg38	22394	AFR	0.763211	0.555878	0.0445511	ok	0.763211	0.0294569	0	0.207333	0	0	0	false	dominant=AFR proportion=0.763 margin=0.556 overlap=22394 residual=0.0446
GCST90201641	GCST90201641	African	AFR	af_assigned	ukb-ancestry-mixture-hg38	16517	AFR	0.815593	0.653215	0.0389698	ok	0.815593	0.00300435	0.00391047	0.162377	0	0	0.0151148	false	dominant=AFR proportion=0.816 margin=0.653 overlap=16517 residual=0.0390
GCST90201642	GCST90201642	African	AFR	af_assigned	ukb-ancestry-mixture-hg38	9262	AFR	0.815363	0.694928	0.0376463	ok	0.815363	0.0121519	0.00595714	0.120435	0	0.0281499	0.0179438	false	dominant=AFR proportion=0.815 margin=0.695 overlap=9262 residual=0.0376
GCST90201643	GCST90201643	African	AFR	af_assigned	ukb-ancestry-mixture-hg38	9315	AFR	0.784637	0.645364	0.0390768	ok	0.784637	0.00510131	0	0.139273	0	0.0334608	0.0375282	false	dominant=AFR proportion=0.785 margin=0.645 overlap=9315 residual=0.0391
GCST90201644	GCST90201644	African	AFR	af_assigned	ukb-ancestry-mixture-hg38	21329	AFR	0.804068	0.635697	0.0421945	ok	0.804068	0	0.000125397	0.168371	0	0.0274353	0	false	dominant=AFR proportion=0.804 margin=0.636 overlap=21329 residual=0.0422
GCST90201645	GCST90201645	African	AFR	af_assigned	ukb-ancestry-mixture-hg38	22521	AFR	0.770906	0.649334	0.0425548	ok	0.770906	0.0144295	0	0.121572	0	0.0330382	0.060054	false	dominant=AFR proportion=0.771 margin=0.649 overlap=22521 residual=0.0426
GCST90201646	GCST90201646	African	AFR	af_assigned	ukb-ancestry-mixture-hg38	9970	AFR	0.809939	0.644249	0.041253	ok	0.809939	0.015989	0.00838213	0.16569	0	0	0	false	dominant=AFR proportion=0.810 margin=0.644 overlap=9970 residual=0.0413
GCST90201647	GCST90201647	African	AFR	af_assigned	ukb-ancestry-mixture-hg38	22831	AFR	0.80338	0.641162	0.0399156	ok	0.80338	0	0	0.162218	0	0.0100917	0.0243106	false	dominant=AFR proportion=0.803 margin=0.641 overlap=22831 residual=0.0399
GCST90201648	GCST90201648	African	AFR	af_assigned	ukb-ancestry-mixture-hg38	18886	AFR	0.804178	0.629015	0.043773	ok	0.804178	5.66866e-05	0.0111891	0.175163	0	0	0.00941318	false	dominant=AFR proportion=0.804 margin=0.629 overlap=18886 residual=0.0438
GCST90201649	GCST90201649	African	AFR	af_assigned	ukb-ancestry-mixture-hg38	25431	AFR	0.812965	0.663222	0.0409937	ok	0.812965	0	0.00473319	0.149743	0	0	0.0325584	false	dominant=AFR proportion=0.813 margin=0.663 overlap=25431 residual=0.0410
GCST90201650	GCST90201650	African	AFR	af_assigned	ukb-ancestry-mixture-hg38	6667	AFR	0.809425	0.665924	0.0396471	ok	0.809425	0.014233	0.00474332	0.143501	0.00496386	0.00193688	0.021197	false	dominant=AFR proportion=0.809 margin=0.666 overlap=6667 residual=0.0396
GCST90201651	GCST90201651	African	AFR	af_assigned	ukb-ancestry-mixture-hg38	7853	AFR	0.813162	0.679211	0.0389904	ok	0.813162	0.00723498	0.00557441	0.133951	0.0193358	0.0125469	0.00819547	false	dominant=AFR proportion=0.813 margin=0.679 overlap=7853 residual=0.0390
GCST90201652	GCST90201652	African	AFR	af_assigned	ukb-ancestry-mixture-hg38	8899	AFR	0.802705	0.648369	0.039428	ok	0.802705	0.0151885	0	0.154336	0	0.00734228	0.0204288	false	dominant=AFR proportion=0.803 margin=0.648 overlap=8899 residual=0.0394
GCST90201653	GCST90201653	African	AFR	af_assigned	ukb-ancestry-mixture-hg38	10132	AFR	0.801466	0.663136	0.0397725	ok	0.801466	0.0447698	0.00237288	0.13833	0	0	0.0130607	false	dominant=AFR proportion=0.801 margin=0.663 overlap=10132 residual=0.0398
GCST90201654	GCST90201654	African	AFR	af_assigned	ukb-ancestry-mixture-hg38	47425	AFR	0.816852	0.66561	0.0501118	ok	0.816852	0.0080714	0	0.151242	0.0123391	0	0.011496	false	dominant=AFR proportion=0.817 margin=0.666 overlap=47425 residual=0.0501
GCST90201655	GCST90201655	African	AFR	af_assigned	ukb-ancestry-mixture-hg38	30993	AFR	0.825827	0.678994	0.0433449	ok	0.825827	0	0.00232021	0.146832	0	0.0205205	0.00450033	false	dominant=AFR proportion=0.826 margin=0.679 overlap=30993 residual=0.0433
GCST90201656	GCST90201656	African	AFR	af_assigned	ukb-ancestry-mixture-hg38	11793	AFR	0.791623	0.657229	0.0409564	ok	0.791623	0.0326793	0	0.134394	0.00487335	0	0.0364299	false	dominant=AFR proportion=0.792 margin=0.657 overlap=11793 residual=0.0410
GCST90201657	GCST90201657	African	AFR	af_assigned	ukb-ancestry-mixture-hg38	8638	AFR	0.802769	0.638771	0.0392843	ok	0.802769	0	0.00504296	0.163998	0	0	0.0281903	false	dominant=AFR proportion=0.803 margin=0.639 overlap=8638 residual=0.0393
GCST90201658	GCST90201658	African	AFR	af_assigned	ukb-ancestry-mixture-hg38	8931	AFR	0.82369	0.688604	0.0405558	ok	0.82369	0.0229239	0	0.135086	0.0152911	0	0.00300916	false	dominant=AFR proportion=0.824 margin=0.689 overlap=8931 residual=0.0406
GCST90201659	GCST90201659	African	AFR	af_assigned	ukb-ancestry-mixture-hg38	9487	AFR	0.830846	0.71259	0.0379759	ok	0.830846	0.00356034	0	0.118256	0	0	0.0473377	false	dominant=AFR proportion=0.831 margin=0.713 overlap=9487 residual=0.0380
GCST90201660	GCST90201660	African	AFR	af_assigned	ukb-ancestry-mixture-hg38	19590	AFR	0.779916	0.660447	0.0406862	ok	0.779916	0	0.015078	0.11947	0.00108235	0.0614226	0.0230307	false	dominant=AFR proportion=0.780 margin=0.660 overlap=19590 residual=0.0407
GCST90201661	GCST90201661	African	AFR	af_assigned	ukb-ancestry-mixture-hg38	6747	AFR	0.80304	0.65735	0.0405769	ok	0.80304	0.0153217	0.00454801	0.14569	0.0002366	0.00586958	0.0252943	false	dominant=AFR proportion=0.803 margin=0.657 overlap=6747 residual=0.0406
GCST90201662	GCST90201662	African	AFR	af_assigned	ukb-ancestry-mixture-hg38	17939	AFR	0.798316	0.69524	0.037546	ok	0.798316	0.0207053	0.00722125	0.103075	0.0227135	0	0.047969	false	dominant=AFR proportion=0.798 margin=0.695 overlap=17939 residual=0.0375
GCST90201663	GCST90201663	African	AFR	af_assigned	ukb-ancestry-mixture-hg38	32957	AFR	0.803772	0.648853	0.0403946	ok	0.803772	0	0.00726875	0.154919	0.0274891	0	0.00655093	false	dominant=AFR proportion=0.804 margin=0.649 overlap=32957 residual=0.0404
GCST90201664	GCST90201664	African	AFR	af_assigned	ukb-ancestry-mixture-hg38	9163	AFR	0.795181	0.678193	0.038419	ok	0.795181	0.0155621	0	0.116988	0.0301883	0.000425803	0.0416551	false	dominant=AFR proportion=0.795 margin=0.678 overlap=9163 residual=0.0384
GCST90201665	GCST90201665	African	AFR	af_assigned	ukb-ancestry-mixture-hg38	20999	AFR	0.810847	0.670578	0.0375933	ok	0.810847	0.016573	0.0186984	0.14027	0.0136116	0	0	false	dominant=AFR proportion=0.811 margin=0.671 overlap=20999 residual=0.0376
GCST90201666	GCST90201666	African	AFR	af_assigned	ukb-ancestry-mixture-hg38	26179	AFR	0.789693	0.694985	0.0415099	ok	0.789693	0.0222955	0.0200942	0.094708	0	0.0732091	0	false	dominant=AFR proportion=0.790 margin=0.695 overlap=26179 residual=0.0415
GCST90201667	GCST90201667	African	AFR	af_assigned	ukb-ancestry-mixture-hg38	23721	AFR	0.777962	0.656783	0.0416805	ok	0.777962	0.0225845	0.011693	0.12118	0	0.0379345	0.0286461	false	dominant=AFR proportion=0.778 margin=0.657 overlap=23721 residual=0.0417
GCST90201668	GCST90201668	African	AFR	af_assigned	ukb-ancestry-mixture-hg38	12210	AFR	0.812484	0.65135	0.0374857	ok	0.812484	0	0.00696037	0.161134	0	0.000245911	0.0191765	false	dominant=AFR proportion=0.812 margin=0.651 overlap=12210 residual=0.0375
GCST90201669	GCST90201669	African	AFR	af_assigned	ukb-ancestry-mixture-hg38	12593	AFR	0.805365	0.625795	0.0383213	ok	0.805365	0	0.00169538	0.179571	0	0	0.0133684	false	dominant=AFR proportion=0.805 margin=0.626 overlap=12593 residual=0.0383
GCST90201670	GCST90201670	African	AFR	af_assigned	ukb-ancestry-mixture-hg38	9883	AFR	0.829393	0.675154	0.0394215	ok	0.829393	0.00251371	0.006675	0.154239	0	0	0.00717863	false	dominant=AFR proportion=0.829 margin=0.675 overlap=9883 residual=0.0394
GCST90201671	GCST90201671	African	AFR	af_assigned	ukb-ancestry-mixture-hg38	37540	AFR	0.817668	0.661777	0.0381506	ok	0.817668	0	0	0.155891	0	0	0.0264413	false	dominant=AFR proportion=0.818 margin=0.662 overlap=37540 residual=0.0382
GCST90201672	GCST90201672	African	AFR	af_assigned	ukb-ancestry-mixture-hg38	14865	AFR	0.803434	0.651441	0.0385248	ok	0.803434	0.00834124	0.018877	0.151994	0.011674	0	0.00567952	false	dominant=AFR proportion=0.803 margin=0.651 overlap=14865 residual=0.0385
GCST90201673	GCST90201673	African	AFR	af_assigned	ukb-ancestry-mixture-hg38	19408	AFR	0.83037	0.699984	0.0400557	ok	0.83037	0.0194513	0.00651215	0.130386	0	0	0.0132811	false	dominant=AFR proportion=0.830 margin=0.700 overlap=19408 residual=0.0401
GCST90201674	GCST90201674	African	AFR	af_assigned	ukb-ancestry-mixture-hg38	21136	AFR	0.800297	0.678979	0.0414348	ok	0.800297	0.0454265	0.0106993	0.121318	0	0	0.0222592	false	dominant=AFR proportion=0.800 margin=0.679 overlap=21136 residual=0.0414
GCST90201675	GCST90201675	African	AFR	af_assigned	ukb-ancestry-mixture-hg38	6673	AFR	0.810626	0.66704	0.0396277	ok	0.810626	0.0131645	0.00498024	0.143586	0.00404898	0.00172827	0.0218667	false	dominant=AFR proportion=0.811 margin=0.667 overlap=6673 residual=0.0396
GCST90201676	GCST90201676	African	AFR	af_assigned	ukb-ancestry-mixture-hg38	6811	AFR	0.805276	0.659607	0.0404475	ok	0.805276	0.0123957	0.00710298	0.145669	0.0100701	0	0.0194865	false	dominant=AFR proportion=0.805 margin=0.660 overlap=6811 residual=0.0404
GCST90201677	GCST90201677	African	AFR	af_assigned	ukb-ancestry-mixture-hg38	14836	AFR	0.826165	0.679902	0.0382651	ok	0.826165	0.0275725	0	0.146263	0	0	0	false	dominant=AFR proportion=0.826 margin=0.680 overlap=14836 residual=0.0383
GCST90201678	GCST90201678	African	AFR	af_assigned	ukb-ancestry-mixture-hg38	6702	AFR	0.806281	0.662915	0.0399412	ok	0.806281	0.0147685	0.00434753	0.143366	0.0069054	0.00399126	0.0203405	false	dominant=AFR proportion=0.806 margin=0.663 overlap=6702 residual=0.0399
GCST90201679	GCST90201679	African	AFR	af_assigned	ukb-ancestry-mixture-hg38	9739	AFR	0.815639	0.7017	0.0396117	ok	0.815639	0.00732608	0.00446466	0.113939	0.0168892	0	0.0417426	false	dominant=AFR proportion=0.816 margin=0.702 overlap=9739 residual=0.0396
GCST90201680	GCST90201680	African	AFR	af_assigned	ukb-ancestry-mixture-hg38	16374	AFR	0.820729	0.691626	0.0397247	ok	0.820729	0.0041528	0.000119409	0.129103	0.000897909	0	0.0449982	false	dominant=AFR proportion=0.821 margin=0.692 overlap=16374 residual=0.0397
GCST90201681	GCST90201681	African	AFR	af_assigned	ukb-ancestry-mixture-hg38	6674	AFR	0.809614	0.666875	0.0396032	ok	0.809614	0.0142797	0.00463166	0.142739	0.00600036	0.00195628	0.0207789	false	dominant=AFR proportion=0.810 margin=0.667 overlap=6674 residual=0.0396
GCST90201682	GCST90201682	African	AFR	af_assigned	ukb-ancestry-mixture-hg38	6674	AFR	0.809346	0.667335	0.0395638	ok	0.809346	0.0141844	0.00472152	0.142011	0.00608945	0.00236461	0.0212829	false	dominant=AFR proportion=0.809 margin=0.667 overlap=6674 residual=0.0396
GCST90201683	GCST90201683	African	AFR	af_assigned	ukb-ancestry-mixture-hg38	6671	AFR	0.810583	0.666928	0.0396401	ok	0.810583	0.013348	0.00495443	0.143655	0.00443682	0.00148129	0.0215416	false	dominant=AFR proportion=0.811 margin=0.667 overlap=6671 residual=0.0396
GCST90201684	GCST90201684	African	AFR	af_assigned	ukb-ancestry-mixture-hg38	14920	AFR	0.785232	0.681193	0.0386578	ok	0.785232	0	0.00668087	0.104039	0.087081	0.0169667	0	false	dominant=AFR proportion=0.785 margin=0.681 overlap=14920 residual=0.0387
GCST90201685	GCST90201685	African	AFR	af_assigned	ukb-ancestry-mixture-hg38	12669	AFR	0.82824	0.696431	0.0392818	ok	0.82824	0.000660062	0.00924676	0.131809	0	0	0.030044	false	dominant=AFR proportion=0.828 margin=0.696 overlap=12669 residual=0.0393
GCST90201686	GCST90201686	African	AFR	af_assigned	ukb-ancestry-mixture-hg38	9928	AFR	0.813076	0.658671	0.0394653	ok	0.813076	0.00821195	0.0118127	0.154405	0.00411897	0	0.0083746	false	dominant=AFR proportion=0.813 margin=0.659 overlap=9928 residual=0.0395
GCST90201687	GCST90201687	African	AFR	af_assigned	ukb-ancestry-mixture-hg38	13352	AFR	0.82201	0.694948	0.0388682	ok	0.82201	0.00873667	0.0121706	0.127062	0.00830721	0	0.0217134	false	dominant=AFR proportion=0.822 margin=0.695 overlap=13352 residual=0.0389
GCST90201688	GCST90201688	African	AFR	af_assigned	ukb-ancestry-mixture-hg38	25756	AFR	0.824021	0.687816	0.0392485	ok	0.824021	0	0	0.136205	0.025413	0	0.0143602	false	dominant=AFR proportion=0.824 margin=0.688 overlap=25756 residual=0.0392
GCST90201689	GCST90201689	African	AFR	af_assigned	ukb-ancestry-mixture-hg38	14726	AFR	0.806405	0.648255	0.0377606	ok	0.806405	0.0102692	0.0251751	0.15815	0	0	0	false	dominant=AFR proportion=0.806 margin=0.648 overlap=14726 residual=0.0378
GCST90201690	GCST90201690	African	AFR	af_assigned	ukb-ancestry-mixture-hg38	12152	AFR	0.82386	0.656571	0.0385325	ok	0.82386	0	0.000124928	0.167288	0	0	0.00872674	false	dominant=AFR proportion=0.824 margin=0.657 overlap=12152 residual=0.0385
GCST90201691	GCST90201691	African	AFR	af_assigned	ukb-ancestry-mixture-hg38	13472	AFR	0.778116	0.674244	0.0405988	ok	0.778116	0	0.0337216	0.103872	0	0.0797853	0.00450536	false	dominant=AFR proportion=0.778 margin=0.674 overlap=13472 residual=0.0406
GCST90201692	GCST90201692	African	AFR	af_assigned	ukb-ancestry-mixture-hg38	16031	AFR	0.815448	0.664554	0.0393661	ok	0.815448	0	0.00090794	0.150894	0.00140538	0.00187612	0.0294689	false	dominant=AFR proportion=0.815 margin=0.665 overlap=16031 residual=0.0394
GCST90201693	GCST90201693	African	AFR	af_assigned	ukb-ancestry-mixture-hg38	9807	AFR	0.796138	0.620847	0.0401756	ok	0.796138	0.00253111	0.00987494	0.175291	0	0	0.016165	false	dominant=AFR proportion=0.796 margin=0.621 overlap=9807 residual=0.0402
GCST90201694	GCST90201694	African	AFR	af_assigned	ukb-ancestry-mixture-hg38	6688	AFR	0.813052	0.677235	0.0398558	ok	0.813052	0.0138668	0.00386196	0.135817	0.00491775	0.00723849	0.0212465	false	dominant=AFR proportion=0.813 margin=0.677 overlap=6688 residual=0.0399
GCST90201695	GCST90201695	African	AFR	af_assigned	ukb-ancestry-mixture-hg38	6702	AFR	0.807339	0.665429	0.0399928	ok	0.807339	0.0136732	0.00578019	0.141911	0.00731013	0.00169828	0.0222883	false	dominant=AFR proportion=0.807 margin=0.665 overlap=6702 residual=0.0400
GCST90201696	GCST90201696	African	AFR	af_assigned	ukb-ancestry-mixture-hg38	20094	AFR	0.784961	0.624463	0.0396376	ok	0.784961	0	0.0105843	0.160498	0	0.00656547	0.0373914	false	dominant=AFR proportion=0.785 margin=0.624 overlap=20094 residual=0.0396
GCST90201697	GCST90201697	African	AFR	af_assigned	ukb-ancestry-mixture-hg38	63577	AFR	0.821725	0.688865	0.0386378	ok	0.821725	0.0117315	0	0.132861	0	0.00131294	0.0323698	false	dominant=AFR proportion=0.822 margin=0.689 overlap=63577 residual=0.0386
GCST90201698	GCST90201698	African	AFR	af_assigned	ukb-ancestry-mixture-hg38	24079	AFR	0.821881	0.689429	0.039553	ok	0.821881	0.00144301	0.00814453	0.132453	0.0154152	0.0206632	0	false	dominant=AFR proportion=0.822 margin=0.689 overlap=24079 residual=0.0396
GCST90201699	GCST90201699	African	AFR	af_assigned	ukb-ancestry-mixture-hg38	23049	AFR	0.779491	0.620561	0.0399177	ok	0.779491	0.019506	0.00491907	0.158929	0	0	0.0371547	false	dominant=AFR proportion=0.779 margin=0.621 overlap=23049 residual=0.0399
GCST90201700	GCST90201700	African	AFR	af_assigned	ukb-ancestry-mixture-hg38	8796	AFR	0.793664	0.64136	0.0393208	ok	0.793664	0.0262159	0.00140411	0.152304	0	0	0.0264118	false	dominant=AFR proportion=0.794 margin=0.641 overlap=8796 residual=0.0393
GCST90201701	GCST90201701	African	AFR	af_assigned	ukb-ancestry-mixture-hg38	10757	AFR	0.801278	0.667309	0.0400301	ok	0.801278	0	0.0105543	0.133969	0.0541982	0	0	false	dominant=AFR proportion=0.801 margin=0.667 overlap=10757 residual=0.0400
GCST90201702	GCST90201702	African	AFR	af_assigned	ukb-ancestry-mixture-hg38	10964	AFR	0.762591	0.633449	0.04449	ok	0.762591	0.0149055	0	0.129142	0	0.0424485	0.0509123	false	dominant=AFR proportion=0.763 margin=0.633 overlap=10964 residual=0.0445
GCST90201703	GCST90201703	African	AFR	af_assigned	ukb-ancestry-mixture-hg38	6721	AFR	0.807649	0.663208	0.0400097	ok	0.807649	0.0151432	0.00367877	0.144441	0.00611558	0.000554718	0.0224172	false	dominant=AFR proportion=0.808 margin=0.663 overlap=6721 residual=0.0400
GCST90201704	GCST90201704	African	AFR	af_assigned	ukb-ancestry-mixture-hg38	27607	AFR	0.792365	0.611399	0.0400549	ok	0.792365	0	0.0121464	0.180966	0	0	0.0145227	false	dominant=AFR proportion=0.792 margin=0.611 overlap=27607 residual=0.0401
GCST90201705	GCST90201705	African	AFR	af_assigned	ukb-ancestry-mixture-hg38	40903	AFR	0.800529	0.619443	0.0406799	ok	0.800529	0.0133067	0.00507855	0.181086	0	0	0	false	dominant=AFR proportion=0.801 margin=0.619 overlap=40903 residual=0.0407
GCST90201706	GCST90201706	African	AFR	af_assigned	ukb-ancestry-mixture-hg38	60508	AFR	0.777622	0.615441	0.038363	ok	0.777622	0.00686271	0	0.162181	0	0	0.0533335	false	dominant=AFR proportion=0.778 margin=0.615 overlap=60508 residual=0.0384
GCST90201707	GCST90201707	African	AFR	af_assigned	ukb-ancestry-mixture-hg38	11901	AFR	0.799408	0.636312	0.0399066	ok	0.799408	0.0270118	0.0104846	0.163096	0	0	0	false	dominant=AFR proportion=0.799 margin=0.636 overlap=11901 residual=0.0399
GCST90201708	GCST90201708	African	AFR	af_assigned	ukb-ancestry-mixture-hg38	15347	AFR	0.79511	0.644032	0.0418611	ok	0.79511	0.0252983	0	0.151077	0	0	0.0285148	false	dominant=AFR proportion=0.795 margin=0.644 overlap=15347 residual=0.0419
GCST90201709	GCST90201709	African	AFR	af_assigned	ukb-ancestry-mixture-hg38	6702	AFR	0.808516	0.665013	0.0396738	ok	0.808516	0.0137104	0.00532201	0.143503	0.00482372	0.00372188	0.0204026	false	dominant=AFR proportion=0.809 margin=0.665 overlap=6702 residual=0.0397
GCST90201710	GCST90201710	African	AFR	af_assigned	ukb-ancestry-mixture-hg38	9207	AFR	0.809766	0.68807	0.0398762	ok	0.809766	0.0352716	0.00416855	0.121696	0.0280381	0	0.00105993	false	dominant=AFR proportion=0.810 margin=0.688 overlap=9207 residual=0.0399
GCST90201711	GCST90201711	African	AFR	af_assigned	ukb-ancestry-mixture-hg38	27698	AFR	0.808762	0.642686	0.0448043	ok	0.808762	0	0.00895156	0.166076	0	0	0.0162103	false	dominant=AFR proportion=0.809 margin=0.643 overlap=27698 residual=0.0448
GCST90201712	GCST90201712	African	AFR	af_assigned	ukb-ancestry-mixture-hg38	34193	AFR	0.808581	0.639806	0.039475	ok	0.808581	0	0.0139676	0.168775	0	0.00756693	0.00110983	false	dominant=AFR proportion=0.809 margin=0.640 overlap=34193 residual=0.0395
GCST90201713	GCST90201713	African	AFR	af_assigned	ukb-ancestry-mixture-hg38	13503	AFR	0.775294	0.659558	0.044893	ok	0.775294	0	0.0224215	0.115736	0	0.0701668	0.0163808	false	dominant=AFR proportion=0.775 margin=0.660 overlap=13503 residual=0.0449
GCST90201714	GCST90201714	African	AFR	af_assigned	ukb-ancestry-mixture-hg38	13949	AFR	0.762347	0.647895	0.0415152	ok	0.762347	0.02023	0.0411812	0.114452	0.00906411	0.0527256	0	false	dominant=AFR proportion=0.762 margin=0.648 overlap=13949 residual=0.0415
GCST90201715	GCST90201715	African	AFR	af_assigned	ukb-ancestry-mixture-hg38	6691	AFR	0.81021	0.66861	0.0399933	ok	0.81021	0.014064	0.00502702	0.1416	0.00669841	0.000864591	0.0215365	false	dominant=AFR proportion=0.810 margin=0.669 overlap=6691 residual=0.0400
GCST90201716	GCST90201716	African	AFR	af_assigned	ukb-ancestry-mixture-hg38	26806	AFR	0.779748	0.652668	0.0422607	ok	0.779748	0.0595297	0.00723415	0.12708	0	0.0149544	0.0114532	false	dominant=AFR proportion=0.780 margin=0.653 overlap=26806 residual=0.0423
GCST90201717	GCST90201717	African	AFR	af_assigned	ukb-ancestry-mixture-hg38	9344	AFR	0.820968	0.723223	0.0417331	ok	0.820968	0.0298681	0.00784023	0.0977458	0.00173424	0.0178077	0.0240355	false	dominant=AFR proportion=0.821 margin=0.723 overlap=9344 residual=0.0417
GCST90201718	GCST90201718	African	AFR	af_assigned	ukb-ancestry-mixture-hg38	15239	AFR	0.812785	0.66855	0.0378175	ok	0.812785	0.00235732	0.00890533	0.144235	0	0	0.0317172	false	dominant=AFR proportion=0.813 margin=0.669 overlap=15239 residual=0.0378
GCST90201719	GCST90201719	African	AFR	af_assigned	ukb-ancestry-mixture-hg38	30547	AFR	0.815233	0.691606	0.0473342	ok	0.815233	0	0	0.123627	0	0.0195612	0.0415791	false	dominant=AFR proportion=0.815 margin=0.692 overlap=30547 residual=0.0473
GCST90201720	GCST90201720	African	AFR	af_assigned	ukb-ancestry-mixture-hg38	12027	AFR	0.816526	0.696443	0.0393926	ok	0.816526	0.0199614	0.000235987	0.120083	0	0.0251661	0.0180272	false	dominant=AFR proportion=0.817 margin=0.696 overlap=12027 residual=0.0394
GCST90201721	GCST90201721	African	AFR	af_assigned	ukb-ancestry-mixture-hg38	17009	AFR	0.803826	0.671524	0.0390777	ok	0.803826	0.0177811	0.00221105	0.132302	0	0	0.0438807	false	dominant=AFR proportion=0.804 margin=0.672 overlap=17009 residual=0.0391
GCST90201722	GCST90201722	African	AFR	af_assigned	ukb-ancestry-mixture-hg38	6666	AFR	0.8094	0.668633	0.039657	ok	0.8094	0.0145019	0.00473432	0.140768	0.00775091	0.00217434	0.0206707	false	dominant=AFR proportion=0.809 margin=0.669 overlap=6666 residual=0.0397
GCST90201723	GCST90201723	African	AFR	af_assigned	ukb-ancestry-mixture-hg38	9879	AFR	0.78004	0.642108	0.038528	ok	0.78004	0	0.00826505	0.137932	0.0109547	0.0628084	0	false	dominant=AFR proportion=0.780 margin=0.642 overlap=9879 residual=0.0385
GCST90201724	GCST90201724	African	AFR	af_assigned	ukb-ancestry-mixture-hg38	9060	AFR	0.801525	0.670673	0.039395	ok	0.801525	0.0153781	0.00542615	0.130851	0	0	0.0468199	false	dominant=AFR proportion=0.802 margin=0.671 overlap=9060 residual=0.0394
GCST90201725	GCST90201725	African	AFR	af_assigned	ukb-ancestry-mixture-hg38	35186	AFR	0.804741	0.652273	0.0398327	ok	0.804741	0.00210497	0.00749213	0.152468	0	0	0.0331939	false	dominant=AFR proportion=0.805 margin=0.652 overlap=35186 residual=0.0398
GCST90201726	GCST90201726	African	AFR	af_assigned	ukb-ancestry-mixture-hg38	18029	AFR	0.782126	0.675401	0.0388505	ok	0.782126	0.0199369	0.0148299	0.106724	0.0322641	0.035918	0.00820093	false	dominant=AFR proportion=0.782 margin=0.675 overlap=18029 residual=0.0389
GCST90201727	GCST90201727	African	AFR	af_assigned	ukb-ancestry-mixture-hg38	15825	AFR	0.830129	0.669582	0.0466485	ok	0.830129	0	0.00398953	0.160548	0	0.00533377	0	false	dominant=AFR proportion=0.830 margin=0.670 overlap=15825 residual=0.0466
GCST90201728	GCST90201728	African	AFR	af_assigned	ukb-ancestry-mixture-hg38	9255	AFR	0.818114	0.688564	0.0387488	ok	0.818114	0.0182957	0.00363213	0.12955	0	0.01491	0.0154989	false	dominant=AFR proportion=0.818 margin=0.689 overlap=9255 residual=0.0387
GCST90201729	GCST90201729	African	AFR	af_assigned	ukb-ancestry-mixture-hg38	21906	AFR	0.785048	0.6235	0.0388531	ok	0.785048	0.0074818	0.0161496	0.161547	0	0.0297733	0	false	dominant=AFR proportion=0.785 margin=0.624 overlap=21906 residual=0.0389
GCST90201730	GCST90201730	African	AFR	af_assigned	ukb-ancestry-mixture-hg38	10013	AFR	0.813315	0.673501	0.0377535	ok	0.813315	0.00791874	0.00705035	0.139814	0	0.0149446	0.0169564	false	dominant=AFR proportion=0.813 margin=0.674 overlap=10013 residual=0.0378
GCST90201731	GCST90201731	African	AFR	af_assigned	ukb-ancestry-mixture-hg38	6674	AFR	0.809833	0.666335	0.0396439	ok	0.809833	0.0134634	0.00540542	0.143498	0.00604168	0.00111168	0.020647	false	dominant=AFR proportion=0.810 margin=0.666 overlap=6674 residual=0.0396
GCST90201732	GCST90201732	African	AFR	af_assigned	ukb-ancestry-mixture-hg38	18532	AFR	0.788501	0.628367	0.0402152	ok	0.788501	0.0271301	0	0.160134	0	0	0.0242351	false	dominant=AFR proportion=0.789 margin=0.628 overlap=18532 residual=0.0402
GCST90201733	GCST90201733	African	AFR	af_assigned	ukb-ancestry-mixture-hg38	17478	AFR	0.796649	0.638047	0.0398746	ok	0.796649	0	0.0160597	0.158602	0	0	0.0286898	false	dominant=AFR proportion=0.797 margin=0.638 overlap=17478 residual=0.0399
GCST90201734	GCST90201734	African	AFR	af_assigned	ukb-ancestry-mixture-hg38	8803	AFR	0.783324	0.596593	0.0388134	ok	0.783324	0	0.0183256	0.186731	0	0.00657387	0.00504492	false	dominant=AFR proportion=0.783 margin=0.597 overlap=8803 residual=0.0388
GCST90201735	GCST90201735	African	AFR	af_assigned	ukb-ancestry-mixture-hg38	12250	AFR	0.797692	0.677249	0.038467	ok	0.797692	0.0252247	0.0130098	0.120443	0.00212109	0.0415093	0	false	dominant=AFR proportion=0.798 margin=0.677 overlap=12250 residual=0.0385
GCST90201736	GCST90201736	African	AFR	af_assigned	ukb-ancestry-mixture-hg38	16930	AFR	0.802141	0.663172	0.0439268	ok	0.802141	0.0158098	0	0.138969	0	0.0362212	0.00685827	false	dominant=AFR proportion=0.802 margin=0.663 overlap=16930 residual=0.0439
GCST90201737	GCST90201737	African	AFR	af_assigned	ukb-ancestry-mixture-hg38	11220	AFR	0.805603	0.65906	0.0389589	ok	0.805603	0	0.0222733	0.146543	0	0.0150817	0.0104983	false	dominant=AFR proportion=0.806 margin=0.659 overlap=11220 residual=0.0390
GCST90201738	GCST90201738	African	AFR	af_assigned	ukb-ancestry-mixture-hg38	12652	AFR	0.800101	0.648412	0.0380029	ok	0.800101	0.00691865	0.0114776	0.151689	0	0.0155982	0.0142161	false	dominant=AFR proportion=0.800 margin=0.648 overlap=12652 residual=0.0380
GCST90201739	GCST90201739	African	AFR	af_assigned	ukb-ancestry-mixture-hg38	12254	AFR	0.809558	0.657961	0.0386917	ok	0.809558	0.0117194	0.0152163	0.151596	0	0.00860488	0.00330534	false	dominant=AFR proportion=0.810 margin=0.658 overlap=12254 residual=0.0387
GCST90201740	GCST90201740	African	AFR	af_assigned	ukb-ancestry-mixture-hg38	15899	AFR	0.79306	0.637378	0.0377087	ok	0.79306	0.0012074	0.00643493	0.155682	0	0	0.043616	false	dominant=AFR proportion=0.793 margin=0.637 overlap=15899 residual=0.0377
GCST90201741	GCST90201741	African	AFR	af_assigned	ukb-ancestry-mixture-hg38	9193	AFR	0.796645	0.700182	0.0401007	ok	0.796645	0.0213742	0	0.0964635	0	0.0488753	0.0366416	false	dominant=AFR proportion=0.797 margin=0.700 overlap=9193 residual=0.0401
GCST90201742	GCST90201742	African	AFR	af_assigned	ukb-ancestry-mixture-hg38	12583	AFR	0.778556	0.595682	0.0393657	ok	0.778556	0.0106157	0.0124445	0.182874	0	0	0.0155096	false	dominant=AFR proportion=0.779 margin=0.596 overlap=12583 residual=0.0394
GCST90201743	GCST90201743	African	AFR	af_assigned	ukb-ancestry-mixture-hg38	9504	AFR	0.81003	0.653706	0.0386176	ok	0.81003	0.0166386	0.0132158	0.156324	0	0	0.00379103	false	dominant=AFR proportion=0.810 margin=0.654 overlap=9504 residual=0.0386
GCST90201744	GCST90201744	African	AFR	af_assigned	ukb-ancestry-mixture-hg38	19157	AFR	0.822391	0.704106	0.0391373	ok	0.822391	0	0.0207152	0.118285	0	0.0162384	0.0223702	false	dominant=AFR proportion=0.822 margin=0.704 overlap=19157 residual=0.0391
GCST90201745	GCST90201745	African	AFR	af_assigned	ukb-ancestry-mixture-hg38	6673	AFR	0.809299	0.66581	0.0395543	ok	0.809299	0.0137193	0.00506947	0.143489	0.00619445	0.00168025	0.0205491	false	dominant=AFR proportion=0.809 margin=0.666 overlap=6673 residual=0.0396
GCST90201746	GCST90201746	African	AFR	af_assigned	ukb-ancestry-mixture-hg38	31548	AFR	0.805289	0.634727	0.0386043	ok	0.805289	0	0.0241486	0.170562	0	0	0	false	dominant=AFR proportion=0.805 margin=0.635 overlap=31548 residual=0.0386
GCST90201747	GCST90201747	African	AFR	af_assigned	ukb-ancestry-mixture-hg38	15224	AFR	0.80412	0.684908	0.0396192	ok	0.80412	0.0321158	0.0149331	0.119212	0.0296196	0	0	false	dominant=AFR proportion=0.804 margin=0.685 overlap=15224 residual=0.0396
GCST90201748	GCST90201748	African	AFR	af_assigned	ukb-ancestry-mixture-hg38	11543	AFR	0.819154	0.721744	0.0409504	ok	0.819154	0.0115196	0.00335995	0.0974103	0.0411739	0	0.0273824	false	dominant=AFR proportion=0.819 margin=0.722 overlap=11543 residual=0.0410
GCST90201749	GCST90201749	African	AFR	af_assigned	ukb-ancestry-mixture-hg38	53040	AFR	0.775171	0.628633	0.0520619	ok	0.775171	0	0.0177974	0.146538	0.0172456	0	0.0432474	false	dominant=AFR proportion=0.775 margin=0.629 overlap=53040 residual=0.0521
GCST90201750	GCST90201750	African	AFR	af_assigned	ukb-ancestry-mixture-hg38	18981	AFR	0.808482	0.655786	0.0382151	ok	0.808482	0	0.0044981	0.152695	0.0113389	0	0.0229856	false	dominant=AFR proportion=0.808 margin=0.656 overlap=18981 residual=0.0382
GCST90201751	GCST90201751	African	AFR	af_assigned	ukb-ancestry-mixture-hg38	10687	AFR	0.809028	0.682881	0.0393162	ok	0.809028	0.00718116	0	0.126147	0	0.0118135	0.0458312	false	dominant=AFR proportion=0.809 margin=0.683 overlap=10687 residual=0.0393
GCST90201752	GCST90201752	African	AFR	af_assigned	ukb-ancestry-mixture-hg38	15458	AFR	0.78653	0.670543	0.0383169	ok	0.78653	0.0190118	0	0.115987	0.0197973	0.0435918	0.0150817	false	dominant=AFR proportion=0.787 margin=0.671 overlap=15458 residual=0.0383
GCST90201753	GCST90201753	African	AFR	af_assigned	ukb-ancestry-mixture-hg38	28201	AFR	0.800205	0.683712	0.0380293	ok	0.800205	4.32794e-05	0.0137662	0.116493	0	0.0513459	0.0181469	false	dominant=AFR proportion=0.800 margin=0.684 overlap=28201 residual=0.0380
GCST90201754	GCST90201754	African	AFR	af_assigned	ukb-ancestry-mixture-hg38	6799	AFR	0.818708	0.683473	0.0411519	ok	0.818708	0.0114394	0.00548217	0.135235	0.00429565	0.00303632	0.0218031	false	dominant=AFR proportion=0.819 margin=0.683 overlap=6799 residual=0.0412
GCST90201755	GCST90201755	African	AFR	af_assigned	ukb-ancestry-mixture-hg38	14023	AFR	0.816382	0.65964	0.0426115	ok	0.816382	0.0139455	0.0111159	0.156742	0	0	0.00181402	false	dominant=AFR proportion=0.816 margin=0.660 overlap=14023 residual=0.0426
GCST90201756	GCST90201756	African	AFR	af_assigned	ukb-ancestry-mixture-hg38	37519	AFR	0.788051	0.689798	0.0386732	ok	0.788051	0.00918413	0.0160992	0.0982532	0	0.0434233	0.044989	false	dominant=AFR proportion=0.788 margin=0.690 overlap=37519 residual=0.0387
GCST90201757	GCST90201757	African	AFR	af_assigned	ukb-ancestry-mixture-hg38	20287	AFR	0.787362	0.637395	0.0377203	ok	0.787362	0.00850883	0.00188835	0.149966	0	0.0206159	0.0316588	false	dominant=AFR proportion=0.787 margin=0.637 overlap=20287 residual=0.0377
GCST90201758	GCST90201758	African	AFR	af_assigned	ukb-ancestry-mixture-hg38	40813	AFR	0.816825	0.674463	0.0385648	ok	0.816825	0.0225085	0.0183036	0.142363	0	0	0	false	dominant=AFR proportion=0.817 margin=0.674 overlap=40813 residual=0.0386
GCST90201759	GCST90201759	African	AFR	af_assigned	ukb-ancestry-mixture-hg38	48388	AFR	0.807398	0.644114	0.044681	ok	0.807398	0.00435777	0.00596149	0.163284	0	0	0.0189993	false	dominant=AFR proportion=0.807 margin=0.644 overlap=48388 residual=0.0447
GCST90201760	GCST90201760	African	AFR	af_assigned	ukb-ancestry-mixture-hg38	6674	AFR	0.809105	0.665414	0.0396915	ok	0.809105	0.0125303	0.00494728	0.143691	0.00594071	0.00138812	0.0223975	false	dominant=AFR proportion=0.809 margin=0.665 overlap=6674 residual=0.0397
GCST90201761	GCST90201761	African	AFR	af_assigned	ukb-ancestry-mixture-hg38	50654	AFR	0.811537	0.660664	0.0395453	ok	0.811537	0.0224336	0.00771286	0.150873	0	0	0.00744322	false	dominant=AFR proportion=0.812 margin=0.661 overlap=50654 residual=0.0395
GCST90201762	GCST90201762	African	AFR	af_assigned	ukb-ancestry-mixture-hg38	19362	AFR	0.820574	0.67361	0.0399325	ok	0.820574	0	0	0.146965	0	0	0.0324609	false	dominant=AFR proportion=0.821 margin=0.674 overlap=19362 residual=0.0399
GCST90201763	GCST90201763	African	AFR	af_assigned	ukb-ancestry-mixture-hg38	40373	AFR	0.785588	0.700968	0.0505527	ok	0.785588	0.00710716	0.00674242	0.0846198	0.0544701	0.0393789	0.0220938	false	dominant=AFR proportion=0.786 margin=0.701 overlap=40373 residual=0.0506
GCST90201764	GCST90201764	African	AFR	af_assigned	ukb-ancestry-mixture-hg38	9312	AFR	0.796541	0.669896	0.039544	ok	0.796541	0.0226259	0	0.126645	0	0.0402797	0.0139085	false	dominant=AFR proportion=0.797 margin=0.670 overlap=9312 residual=0.0395
GCST90201765	GCST90201765	African	AFR	af_assigned	ukb-ancestry-mixture-hg38	18617	AFR	0.817243	0.681944	0.0390938	ok	0.817243	0.0334071	0.00356176	0.135299	0	0	0.0104885	false	dominant=AFR proportion=0.817 margin=0.682 overlap=18617 residual=0.0391
GCST90201766	GCST90201766	African	AFR	af_assigned	ukb-ancestry-mixture-hg38	22964	AFR	0.794177	0.647304	0.0421814	ok	0.794177	0.0288781	0.00489623	0.146873	0	0	0.0251752	false	dominant=AFR proportion=0.794 margin=0.647 overlap=22964 residual=0.0422
GCST90201767	GCST90201767	African	AFR	af_assigned	ukb-ancestry-mixture-hg38	6674	AFR	0.809982	0.667979	0.0395892	ok	0.809982	0.014597	0.00488639	0.142003	0.00579045	0.00132636	0.021415	false	dominant=AFR proportion=0.810 margin=0.668 overlap=6674 residual=0.0396
GCST90201768	GCST90201768	African	AFR	af_assigned	ukb-ancestry-mixture-hg38	9679	AFR	0.785337	0.609891	0.0379719	ok	0.785337	0.00700515	0.0022589	0.175446	0.0126526	0	0.0173003	false	dominant=AFR proportion=0.785 margin=0.610 overlap=9679 residual=0.0380
GCST90201769	GCST90201769	African	AFR	af_assigned	ukb-ancestry-mixture-hg38	10764	AFR	0.802961	0.656036	0.0388284	ok	0.802961	0.0105954	0.00281633	0.146925	0	0	0.0367023	false	dominant=AFR proportion=0.803 margin=0.656 overlap=10764 residual=0.0388
GCST90201770	GCST90201770	African	AFR	af_assigned	ukb-ancestry-mixture-hg38	17456	AFR	0.785911	0.589636	0.0427205	ok	0.785911	0.000557759	0	0.196275	0	0	0.0172563	false	dominant=AFR proportion=0.786 margin=0.590 overlap=17456 residual=0.0427
GCST90201771	GCST90201771	African	AFR	af_assigned	ukb-ancestry-mixture-hg38	43929	AFR	0.805963	0.64465	0.041334	ok	0.805963	0	0.00586675	0.161314	0	0	0.0268561	false	dominant=AFR proportion=0.806 margin=0.645 overlap=43929 residual=0.0413
GCST90201772	GCST90201772	African	AFR	af_assigned	ukb-ancestry-mixture-hg38	21806	AFR	0.811492	0.669491	0.0384136	ok	0.811492	0	0.0254601	0.142001	0	0	0.0210474	false	dominant=AFR proportion=0.811 margin=0.669 overlap=21806 residual=0.0384
GCST90201773	GCST90201773	African	AFR	af_assigned	ukb-ancestry-mixture-hg38	21825	AFR	0.804796	0.655904	0.0407623	ok	0.804796	0.00980423	0	0.148892	0	0.0224842	0.0140241	false	dominant=AFR proportion=0.805 margin=0.656 overlap=21825 residual=0.0408
GCST90201774	GCST90201774	African	AFR	af_assigned	ukb-ancestry-mixture-hg38	9811	AFR	0.790302	0.652066	0.0391105	ok	0.790302	0	0.0224142	0.138236	0.0490482	0	0	false	dominant=AFR proportion=0.790 margin=0.652 overlap=9811 residual=0.0391
GCST90201775	GCST90201775	African	AFR	af_assigned	ukb-ancestry-mixture-hg38	25640	AFR	0.833359	0.717901	0.0403381	ok	0.833359	0.00747702	0.0010405	0.115458	0	0	0.0426649	false	dominant=AFR proportion=0.833 margin=0.718 overlap=25640 residual=0.0403
GCST90201776	GCST90201776	African	AFR	af_assigned	ukb-ancestry-mixture-hg38	11708	AFR	0.758446	0.611393	0.0394566	ok	0.758446	0.00759865	0.00417091	0.147053	0	0.0225774	0.0601547	false	dominant=AFR proportion=0.758 margin=0.611 overlap=11708 residual=0.0395
GCST90201777	GCST90201777	African	AFR	af_assigned	ukb-ancestry-mixture-hg38	11812	AFR	0.80879	0.709098	0.0386715	ok	0.80879	0.0123201	0.0154594	0.0996917	0.0600408	0	0.00369829	false	dominant=AFR proportion=0.809 margin=0.709 overlap=11812 residual=0.0387
GCST90201778	GCST90201778	African	AFR	af_assigned	ukb-ancestry-mixture-hg38	14675	AFR	0.772839	0.616977	0.0385322	ok	0.772839	0	0.0164284	0.155862	0	0.0548705	0	false	dominant=AFR proportion=0.773 margin=0.617 overlap=14675 residual=0.0385
GCST90201779	GCST90201779	African	AFR	af_assigned	ukb-ancestry-mixture-hg38	70367	AFR	0.797933	0.650897	0.0395587	ok	0.797933	0	0.00459933	0.147036	0	0.0197433	0.0306888	false	dominant=AFR proportion=0.798 margin=0.651 overlap=70367 residual=0.0396
GCST90201780	GCST90201780	African	AFR	af_assigned	ukb-ancestry-mixture-hg38	27936	AFR	0.778465	0.611799	0.0379214	ok	0.778465	0.0231155	0	0.166665	0	0	0.031754	false	dominant=AFR proportion=0.778 margin=0.612 overlap=27936 residual=0.0379
GCST90201781	GCST90201781	African	AFR	af_assigned	ukb-ancestry-mixture-hg38	9408	AFR	0.849568	0.727313	0.0399859	ok	0.849568	0	0	0.122255	0.00566468	0	0.0225123	false	dominant=AFR proportion=0.850 margin=0.727 overlap=9408 residual=0.0400
GCST90201782	GCST90201782	African	AFR	af_assigned	ukb-ancestry-mixture-hg38	14875	AFR	0.785501	0.621985	0.0377281	ok	0.785501	0	0.0124042	0.163516	0.0170951	0	0.0214832	false	dominant=AFR proportion=0.786 margin=0.622 overlap=14875 residual=0.0377
GCST90201783	GCST90201783	African	AFR	af_assigned	ukb-ancestry-mixture-hg38	29355	AFR	0.800769	0.636244	0.0426815	ok	0.800769	0.0278673	0.00310178	0.164525	0	0	0.00373696	false	dominant=AFR proportion=0.801 margin=0.636 overlap=29355 residual=0.0427
GCST90201784	GCST90201784	African	AFR	af_assigned	ukb-ancestry-mixture-hg38	92586	AFR	0.794707	0.620217	0.0405119	ok	0.794707	0.0148387	0	0.17449	0	0	0.0159643	false	dominant=AFR proportion=0.795 margin=0.620 overlap=92586 residual=0.0405
GCST90201785	GCST90201785	African	AFR	af_assigned	ukb-ancestry-mixture-hg38	18574	AFR	0.782259	0.667304	0.0371076	ok	0.782259	0.0258311	0.000840249	0.114955	0	0.0603776	0.0157378	false	dominant=AFR proportion=0.782 margin=0.667 overlap=18574 residual=0.0371
GCST90201786	GCST90201786	African	AFR	af_assigned	ukb-ancestry-mixture-hg38	6673	AFR	0.810053	0.667199	0.0395919	ok	0.810053	0.0135379	0.00532886	0.142854	0.00647942	0.000760695	0.0209857	false	dominant=AFR proportion=0.810 margin=0.667 overlap=6673 residual=0.0396
GCST90201787	GCST90201787	African	AFR	af_assigned	ukb-ancestry-mixture-hg38	15275	AFR	0.834883	0.674261	0.038696	ok	0.834883	0.000940548	0	0.160622	0	0	0.00355508	false	dominant=AFR proportion=0.835 margin=0.674 overlap=15275 residual=0.0387
GCST90201788	GCST90201788	African	AFR	af_assigned	ukb-ancestry-mixture-hg38	9184	AFR	0.833468	0.703691	0.0388392	ok	0.833468	0	0.00777042	0.129777	0	0.00930861	0.0196761	false	dominant=AFR proportion=0.833 margin=0.704 overlap=9184 residual=0.0388
GCST90201789	GCST90201789	African	AFR	af_assigned	ukb-ancestry-mixture-hg38	15791	AFR	0.827408	0.676397	0.0403326	ok	0.827408	0	0.0215803	0.151011	0	0	0	false	dominant=AFR proportion=0.827 margin=0.676 overlap=15791 residual=0.0403
GCST90201790	GCST90201790	African	AFR	af_assigned	ukb-ancestry-mixture-hg38	20349	AFR	0.799133	0.674465	0.0379956	ok	0.799133	0.0110071	0.0108448	0.124668	0	0	0.0543475	false	dominant=AFR proportion=0.799 margin=0.674 overlap=20349 residual=0.0380
GCST90201791	GCST90201791	African	AFR	af_assigned	ukb-ancestry-mixture-hg38	15536	AFR	0.792754	0.630147	0.0374626	ok	0.792754	0.0228114	0.00200359	0.162607	0	0.0023656	0.0174587	false	dominant=AFR proportion=0.793 margin=0.630 overlap=15536 residual=0.0375
GCST90201792	GCST90201792	African	AFR	af_assigned	ukb-ancestry-mixture-hg38	11191	AFR	0.821402	0.66772	0.0387352	ok	0.821402	0	0	0.153682	0.0249163	0	0	false	dominant=AFR proportion=0.821 margin=0.668 overlap=11191 residual=0.0387
GCST90201793	GCST90201793	African	AFR	af_assigned	ukb-ancestry-mixture-hg38	16420	AFR	0.822367	0.667412	0.0400535	ok	0.822367	0	0.018992	0.154955	0	0	0.00368609	false	dominant=AFR proportion=0.822 margin=0.667 overlap=16420 residual=0.0401
GCST90201794	GCST90201794	African	AFR	af_assigned	ukb-ancestry-mixture-hg38	92299	AFR	0.797585	0.643379	0.0401582	ok	0.797585	0	0.012773	0.154206	0.0250188	0.0104169	0	false	dominant=AFR proportion=0.798 margin=0.643 overlap=92299 residual=0.0402
GCST90201795	GCST90201795	African	AFR	af_assigned	ukb-ancestry-mixture-hg38	12614	AFR	0.838142	0.703623	0.0378287	ok	0.838142	0.0117439	0	0.134519	0	0	0.0155947	false	dominant=AFR proportion=0.838 margin=0.704 overlap=12614 residual=0.0378
GCST90201796	GCST90201796	African	AFR	af_assigned	ukb-ancestry-mixture-hg38	34729	AFR	0.821076	0.679828	0.0500927	ok	0.821076	0	0	0.141248	0	0.037676	0	false	dominant=AFR proportion=0.821 margin=0.680 overlap=34729 residual=0.0501
GCST90201797	GCST90201797	African	AFR	af_assigned	ukb-ancestry-mixture-hg38	28515	AFR	0.822173	0.671122	0.0399532	ok	0.822173	0	0.00980312	0.151051	0	0	0.0169729	false	dominant=AFR proportion=0.822 margin=0.671 overlap=28515 residual=0.0400
GCST90201798	GCST90201798	African	AFR	af_assigned	ukb-ancestry-mixture-hg38	6724	AFR	0.811446	0.669934	0.0399384	ok	0.811446	0.0119444	0.00462141	0.141512	0.00782764	0.00184473	0.020804	false	dominant=AFR proportion=0.811 margin=0.670 overlap=6724 residual=0.0399
GCST90201799	GCST90201799	African	AFR	af_assigned	ukb-ancestry-mixture-hg38	9035	AFR	0.837499	0.68836	0.0392605	ok	0.837499	0	0.00299189	0.149139	0	0	0.01037	false	dominant=AFR proportion=0.837 margin=0.688 overlap=9035 residual=0.0393
GCST90201800	GCST90201800	African	AFR	af_assigned	ukb-ancestry-mixture-hg38	14636	AFR	0.82834	0.67132	0.0390548	ok	0.82834	0.00447896	0.00727956	0.15702	0	0	0.00288055	false	dominant=AFR proportion=0.828 margin=0.671 overlap=14636 residual=0.0391
GCST90201801	GCST90201801	African	AFR	af_assigned	ukb-ancestry-mixture-hg38	17698	AFR	0.771796	0.600496	0.0392783	ok	0.771796	0.0176105	0	0.171301	0.0259677	0	0.0133251	false	dominant=AFR proportion=0.772 margin=0.600 overlap=17698 residual=0.0393
GCST90201802	GCST90201802	African	AFR	af_assigned	ukb-ancestry-mixture-hg38	6693	AFR	0.808086	0.663775	0.0399059	ok	0.808086	0.0148677	0.00483221	0.144311	0.00689093	0.00141465	0.019597	false	dominant=AFR proportion=0.808 margin=0.664 overlap=6693 residual=0.0399
GCST90201803	GCST90201803	African	AFR	af_assigned	ukb-ancestry-mixture-hg38	12916	AFR	0.822886	0.696671	0.0402501	ok	0.822886	0.0050144	0	0.126215	0.0458854	0	0	false	dominant=AFR proportion=0.823 margin=0.697 overlap=12916 residual=0.0403
GCST90201804	GCST90201804	African	AFR	af_assigned	ukb-ancestry-mixture-hg38	16743	AFR	0.775593	0.633403	0.0394048	ok	0.775593	0.000817248	0.00384083	0.142189	0	0.0452284	0.0323316	false	dominant=AFR proportion=0.776 margin=0.633 overlap=16743 residual=0.0394
GCST90201805	GCST90201805	African	AFR	af_assigned	ukb-ancestry-mixture-hg38	10186	AFR	0.769678	0.6317	0.0418498	ok	0.769678	0	0.0172498	0.137978	0	0.0750936	0	false	dominant=AFR proportion=0.770 margin=0.632 overlap=10186 residual=0.0418
GCST90201806	GCST90201806	African	AFR	af_assigned	ukb-ancestry-mixture-hg38	9041	AFR	0.810129	0.718777	0.0391161	ok	0.810129	0.0190179	0	0.0913517	0.00379832	0.0197711	0.0559317	false	dominant=AFR proportion=0.810 margin=0.719 overlap=9041 residual=0.0391
GCST90201807	GCST90201807	African	AFR	af_assigned	ukb-ancestry-mixture-hg38	13486	AFR	0.829767	0.683946	0.0372005	ok	0.829767	0	0	0.14582	0	0	0.024413	false	dominant=AFR proportion=0.830 margin=0.684 overlap=13486 residual=0.0372
GCST90201808	GCST90201808	African	AFR	af_assigned	ukb-ancestry-mixture-hg38	6759	AFR	0.806404	0.660826	0.0402643	ok	0.806404	0.0116552	0.00578426	0.145578	0.0105318	0.000590176	0.0194571	false	dominant=AFR proportion=0.806 margin=0.661 overlap=6759 residual=0.0403
GCST90201809	GCST90201809	African	AFR	af_assigned	ukb-ancestry-mixture-hg38	16046	AFR	0.772462	0.588731	0.0407621	ok	0.772462	0	0.0148965	0.18373	0	0.0289116	0	false	dominant=AFR proportion=0.772 margin=0.589 overlap=16046 residual=0.0408
GCST90201810	GCST90201810	African	AFR	af_assigned	ukb-ancestry-mixture-hg38	9406	AFR	0.797274	0.644834	0.0384438	ok	0.797274	0.0174795	0.0035641	0.15244	0	0	0.0292429	false	dominant=AFR proportion=0.797 margin=0.645 overlap=9406 residual=0.0384
GCST90201811	GCST90201811	African	AFR	af_assigned	ukb-ancestry-mixture-hg38	11956	AFR	0.818517	0.660062	0.039445	ok	0.818517	0.0163368	0.00669158	0.158455	0	0	0	false	dominant=AFR proportion=0.819 margin=0.660 overlap=11956 residual=0.0394
GCST90201812	GCST90201812	African	AFR	af_assigned	ukb-ancestry-mixture-hg38	18773	AFR	0.783249	0.620642	0.0398971	ok	0.783249	0.0335235	0.00320869	0.162607	0	0	0.0174111	false	dominant=AFR proportion=0.783 margin=0.621 overlap=18773 residual=0.0399
GCST90201813	GCST90201813	African	AFR	af_assigned	ukb-ancestry-mixture-hg38	14220	AFR	0.820166	0.702216	0.0394717	ok	0.820166	0.0112164	0	0.117951	0.0104638	0	0.040203	false	dominant=AFR proportion=0.820 margin=0.702 overlap=14220 residual=0.0395
GCST90201814	GCST90201814	African	AFR	af_assigned	ukb-ancestry-mixture-hg38	17080	AFR	0.812038	0.62752	0.0396048	ok	0.812038	0	0.0034446	0.184518	0	0	0	false	dominant=AFR proportion=0.812 margin=0.628 overlap=17080 residual=0.0396
GCST90201815	GCST90201815	African	AFR	af_assigned	ukb-ancestry-mixture-hg38	21268	AFR	0.793485	0.63824	0.0392067	ok	0.793485	0.0200982	0.005469	0.155245	0	0	0.0257025	false	dominant=AFR proportion=0.793 margin=0.638 overlap=21268 residual=0.0392
GCST90201816	GCST90201816	African	AFR	af_assigned	ukb-ancestry-mixture-hg38	15443	AFR	0.809412	0.681791	0.0393628	ok	0.809412	0.0319253	0.00727457	0.127622	0	0	0.0237665	false	dominant=AFR proportion=0.809 margin=0.682 overlap=15443 residual=0.0394
GCST90201817	GCST90201817	African	AFR	af_assigned	ukb-ancestry-mixture-hg38	20878	AFR	0.770495	0.623122	0.0504709	ok	0.770495	0	0.0012821	0.147373	0	0.0397085	0.0411406	false	dominant=AFR proportion=0.770 margin=0.623 overlap=20878 residual=0.0505
GCST90201818	GCST90201818	African	AFR	af_assigned	ukb-ancestry-mixture-hg38	6710	AFR	0.80837	0.66525	0.0399428	ok	0.80837	0.0148451	0.0052548	0.14312	0.00427993	0.00118077	0.0229485	false	dominant=AFR proportion=0.808 margin=0.665 overlap=6710 residual=0.0399
GCST90201819	GCST90201819	African	AFR	af_assigned	ukb-ancestry-mixture-hg38	9334	AFR	0.800008	0.622278	0.0396125	ok	0.800008	0	0.0164578	0.17773	0	0	0.00580497	false	dominant=AFR proportion=0.800 margin=0.622 overlap=9334 residual=0.0396
GCST90201820	GCST90201820	African	AFR	af_assigned	ukb-ancestry-mixture-hg38	37526	AFR	0.786721	0.618376	0.0409172	ok	0.786721	0	0.0281895	0.168345	0	0.00966185	0.00708267	false	dominant=AFR proportion=0.787 margin=0.618 overlap=37526 residual=0.0409
GCST90201821	GCST90201821	African	AFR	af_assigned	ukb-ancestry-mixture-hg38	166723	AFR	0.801799	0.663389	0.039382	ok	0.801799	0.0110488	0.00757154	0.13841	0.00456594	0.0242374	0.012367	false	dominant=AFR proportion=0.802 margin=0.663 overlap=166723 residual=0.0394
GCST90201822	GCST90201822	African	AFR	af_assigned	ukb-ancestry-mixture-hg38	45834	AFR	0.792709	0.619443	0.0395453	ok	0.792709	0.000379384	0.0141313	0.173266	0.0167869	0	0.00272732	false	dominant=AFR proportion=0.793 margin=0.619 overlap=45834 residual=0.0395
GCST90201823	GCST90201823	African	AFR	af_assigned	ukb-ancestry-mixture-hg38	6709	AFR	0.808487	0.663515	0.0399849	ok	0.808487	0.0132416	0.00598828	0.144972	0.00297427	0.0016019	0.022735	false	dominant=AFR proportion=0.808 margin=0.664 overlap=6709 residual=0.0400
GCST90201824	GCST90201824	African	AFR	af_assigned	ukb-ancestry-mixture-hg38	6694	AFR	0.807643	0.665678	0.0396148	ok	0.807643	0.0142554	0.00497768	0.141965	0.00588089	0.00451421	0.0207634	false	dominant=AFR proportion=0.808 margin=0.666 overlap=6694 residual=0.0396
GCST90201825	GCST90201825	African	AFR	af_assigned	ukb-ancestry-mixture-hg38	12200	AFR	0.809672	0.673076	0.0394724	ok	0.809672	0.000325658	0.0112587	0.136596	0	0	0.0421482	false	dominant=AFR proportion=0.810 margin=0.673 overlap=12200 residual=0.0395
GCST90201826	GCST90201826	African	AFR	af_assigned	ukb-ancestry-mixture-hg38	20791	AFR	0.775122	0.69327	0.0403412	ok	0.775122	0.0584971	0.0143036	0.0818517	0	0.0539174	0.0163084	false	dominant=AFR proportion=0.775 margin=0.693 overlap=20791 residual=0.0403
GCST90201827	GCST90201827	African	AFR	af_assigned	ukb-ancestry-mixture-hg38	12026	AFR	0.78145	0.623759	0.0437403	ok	0.78145	0.0362861	0.000420733	0.15769	0.0120853	0	0.0120679	false	dominant=AFR proportion=0.781 margin=0.624 overlap=12026 residual=0.0437
GCST90201828	GCST90201828	African	AFR	af_assigned	ukb-ancestry-mixture-hg38	20435	AFR	0.805122	0.65118	0.0383836	ok	0.805122	0.00402144	0.0057585	0.153941	0	0.000648541	0.0305085	false	dominant=AFR proportion=0.805 margin=0.651 overlap=20435 residual=0.0384
GCST90201829	GCST90201829	African	AFR	af_assigned	ukb-ancestry-mixture-hg38	29704	AFR	0.802191	0.664362	0.0425129	ok	0.802191	0.0107824	0.00418387	0.137829	0.0120079	0	0.0330056	false	dominant=AFR proportion=0.802 margin=0.664 overlap=29704 residual=0.0425
GCST90201830	GCST90201830	African	AFR	af_assigned	ukb-ancestry-mixture-hg38	10012	AFR	0.79864	0.691586	0.0385783	ok	0.79864	0.0290115	0	0.107054	0	0.0384545	0.0268398	false	dominant=AFR proportion=0.799 margin=0.692 overlap=10012 residual=0.0386
GCST90201831	GCST90201831	African	AFR	af_assigned	ukb-ancestry-mixture-hg38	13141	AFR	0.81744	0.662821	0.0399428	ok	0.81744	0	0	0.15462	0	0.00322429	0.0247155	false	dominant=AFR proportion=0.817 margin=0.663 overlap=13141 residual=0.0399
GCST90201832	GCST90201832	African	AFR	af_assigned	ukb-ancestry-mixture-hg38	16400	AFR	0.812547	0.672616	0.0458242	ok	0.812547	0.0138927	0	0.139931	0	0	0.03363	false	dominant=AFR proportion=0.813 margin=0.673 overlap=16400 residual=0.0458
GCST90201833	GCST90201833	African	AFR	af_assigned	ukb-ancestry-mixture-hg38	10648	AFR	0.798879	0.665544	0.0398815	ok	0.798879	0.0177826	0	0.133335	0.0331022	0	0.0169011	false	dominant=AFR proportion=0.799 margin=0.666 overlap=10648 residual=0.0399
GCST90201834	GCST90201834	African	AFR	af_assigned	ukb-ancestry-mixture-hg38	16779	AFR	0.806431	0.643429	0.0408297	ok	0.806431	0	0.023829	0.163002	0	0	0.00673838	false	dominant=AFR proportion=0.806 margin=0.643 overlap=16779 residual=0.0408
GCST90201835	GCST90201835	African	AFR	af_assigned	ukb-ancestry-mixture-hg38	18270	AFR	0.801675	0.60335	0.0381417	ok	0.801675	0	0	0.198325	0	0	0	false	dominant=AFR proportion=0.802 margin=0.603 overlap=18270 residual=0.0381
GCST90201836	GCST90201836	African	AFR	af_assigned	ukb-ancestry-mixture-hg38	21604	AFR	0.775877	0.606691	0.0397916	ok	0.775877	0.0373693	0.0071869	0.169185	0	0	0.0103817	false	dominant=AFR proportion=0.776 margin=0.607 overlap=21604 residual=0.0398
GCST90201837	GCST90201837	African	AFR	af_assigned	ukb-ancestry-mixture-hg38	6678	AFR	0.809515	0.666623	0.0395891	ok	0.809515	0.0138763	0.00533878	0.142892	0.00732787	0.00107733	0.0199726	false	dominant=AFR proportion=0.810 margin=0.667 overlap=6678 residual=0.0396
GCST90201838	GCST90201838	African	AFR	af_assigned	ukb-ancestry-mixture-hg38	27980	AFR	0.806076	0.621883	0.0393746	ok	0.806076	0	0.00304644	0.184193	0	0	0.00668406	false	dominant=AFR proportion=0.806 margin=0.622 overlap=27980 residual=0.0394
GCST90201839	GCST90201839	African	AFR	af_assigned	ukb-ancestry-mixture-hg38	16152	AFR	0.793581	0.625798	0.0393809	ok	0.793581	0	0.0164081	0.167783	0	0	0.0222283	false	dominant=AFR proportion=0.794 margin=0.626 overlap=16152 residual=0.0394
GCST90201840	GCST90201840	African	AFR	af_assigned	ukb-ancestry-mixture-hg38	17098	AFR	0.836826	0.705103	0.0402977	ok	0.836826	0	0	0.131723	0	0	0.0314512	false	dominant=AFR proportion=0.837 margin=0.705 overlap=17098 residual=0.0403
GCST90201841	GCST90201841	African	AFR	af_assigned	ukb-ancestry-mixture-hg38	11849	AFR	0.844524	0.740579	0.0395087	ok	0.844524	0	0.00483205	0.103945	0.0378466	0	0.008853	false	dominant=AFR proportion=0.845 margin=0.741 overlap=11849 residual=0.0395
GCST90201842	GCST90201842	African	AFR	af_assigned	ukb-ancestry-mixture-hg38	9559	AFR	0.808908	0.688739	0.0390541	ok	0.808908	0.00120448	0.0154196	0.120169	0.0402554	0.000587835	0.0134566	false	dominant=AFR proportion=0.809 margin=0.689 overlap=9559 residual=0.0391
GCST90201843	GCST90201843	African	AFR	af_assigned	ukb-ancestry-mixture-hg38	9756	AFR	0.806916	0.633371	0.0394937	ok	0.806916	0	0.0182046	0.173545	0	0	0.00133415	false	dominant=AFR proportion=0.807 margin=0.633 overlap=9756 residual=0.0395
GCST90201844	GCST90201844	African	AFR	af_assigned	ukb-ancestry-mixture-hg38	12979	AFR	0.835637	0.706711	0.0389823	ok	0.835637	0	0.00546912	0.128927	0.0299671	0	0	false	dominant=AFR proportion=0.836 margin=0.707 overlap=12979 residual=0.0390
GCST90201845	GCST90201845	African	AFR	af_assigned	ukb-ancestry-mixture-hg38	19472	AFR	0.786245	0.633317	0.0391078	ok	0.786245	0	0.0140809	0.152928	0.0238449	0.000724063	0.0221774	false	dominant=AFR proportion=0.786 margin=0.633 overlap=19472 residual=0.0391
GCST90201846	GCST90201846	African	AFR	af_assigned	ukb-ancestry-mixture-hg38	6748	AFR	0.806437	0.663709	0.0403321	ok	0.806437	0.014825	0.00451038	0.142728	0.00498882	0.00381596	0.0226952	false	dominant=AFR proportion=0.806 margin=0.664 overlap=6748 residual=0.0403
GCST90201847	GCST90201847	African	AFR	af_assigned	ukb-ancestry-mixture-hg38	14381	AFR	0.803326	0.633639	0.0406926	ok	0.803326	0.0123255	0.0029659	0.169687	0	0	0.0116959	false	dominant=AFR proportion=0.803 margin=0.634 overlap=14381 residual=0.0407
GCST90201848	GCST90201848	African	AFR	af_assigned	ukb-ancestry-mixture-hg38	6657	AFR	0.836545	0.726601	0.0457741	ok	0.836545	0.00988176	0.00615994	0.109944	0.00474238	0.00418631	0.0285408	false	dominant=AFR proportion=0.837 margin=0.727 overlap=6657 residual=0.0458
GCST90201849	GCST90201849	African	AFR	af_assigned	ukb-ancestry-mixture-hg38	9446	AFR	0.799411	0.649775	0.0391528	ok	0.799411	0.0141966	0.00718253	0.149636	0	0.0108904	0.0186844	false	dominant=AFR proportion=0.799 margin=0.650 overlap=9446 residual=0.0392
GCST90201850	GCST90201850	African	AFR	af_assigned	ukb-ancestry-mixture-hg38	10210	AFR	0.809195	0.624264	0.0423853	ok	0.809195	0	0.00587397	0.184931	0	0	0	false	dominant=AFR proportion=0.809 margin=0.624 overlap=10210 residual=0.0424
GCST90201851	GCST90201851	African	AFR	af_assigned	ukb-ancestry-mixture-hg38	28935	AFR	0.812327	0.628265	0.0411164	ok	0.812327	0	0.00361009	0.184063	0	0	0	false	dominant=AFR proportion=0.812 margin=0.628 overlap=28935 residual=0.0411
GCST90201852	GCST90201852	African	AFR	af_assigned	ukb-ancestry-mixture-hg38	6679	AFR	0.810405	0.667503	0.0395744	ok	0.810405	0.0143213	0.00468845	0.142902	0.00593004	0.00029314	0.0214603	false	dominant=AFR proportion=0.810 margin=0.668 overlap=6679 residual=0.0396
GCST90201853	GCST90201853	African	AFR	af_assigned	ukb-ancestry-mixture-hg38	16983	AFR	0.842451	0.718316	0.0406443	ok	0.842451	0	0.0324029	0.124135	0	0	0.00101158	false	dominant=AFR proportion=0.842 margin=0.718 overlap=16983 residual=0.0406
GCST90201854	GCST90201854	African	AFR	af_assigned	ukb-ancestry-mixture-hg38	28226	AFR	0.785479	0.641072	0.0398323	ok	0.785479	0.00185554	0.0127376	0.144407	0.014958	0.0255503	0.0150121	false	dominant=AFR proportion=0.785 margin=0.641 overlap=28226 residual=0.0398
GCST90201855	GCST90201855	African	AFR	af_assigned	ukb-ancestry-mixture-hg38	9608	AFR	0.816362	0.678888	0.0389702	ok	0.816362	0.015557	0.0105346	0.137474	0	0	0.0200731	false	dominant=AFR proportion=0.816 margin=0.679 overlap=9608 residual=0.0390
GCST90201856	GCST90201856	African	AFR	af_assigned	ukb-ancestry-mixture-hg38	23632	AFR	0.796555	0.654978	0.042951	ok	0.796555	0.0293231	0	0.141578	0	0.0031683	0.0293756	false	dominant=AFR proportion=0.797 margin=0.655 overlap=23632 residual=0.0430
GCST90201857	GCST90201857	African	AFR	af_assigned	ukb-ancestry-mixture-hg38	12861	AFR	0.780699	0.654633	0.0376733	ok	0.780699	0.016444	0.00897286	0.126066	0.0216536	0.0225052	0.0236596	false	dominant=AFR proportion=0.781 margin=0.655 overlap=12861 residual=0.0377
GCST90201858	GCST90201858	African	AFR	af_assigned	ukb-ancestry-mixture-hg38	20042	AFR	0.825253	0.676468	0.0416106	ok	0.825253	0	0.0259615	0.148785	0	0	0	false	dominant=AFR proportion=0.825 margin=0.676 overlap=20042 residual=0.0416
GCST90201859	GCST90201859	African	AFR	af_assigned	ukb-ancestry-mixture-hg38	9660	AFR	0.798698	0.678973	0.0384449	ok	0.798698	0.0237607	0.0113432	0.119725	0.00826514	0.0173512	0.0208574	false	dominant=AFR proportion=0.799 margin=0.679 overlap=9660 residual=0.0384
GCST90201860	GCST90201860	African	AFR	af_assigned	ukb-ancestry-mixture-hg38	8968	AFR	0.773993	0.613533	0.0411268	ok	0.773993	0.0119198	0.0185664	0.16046	0	0.0109509	0.0241098	false	dominant=AFR proportion=0.774 margin=0.614 overlap=8968 residual=0.0411
GCST90201861	GCST90201861	African	AFR	af_assigned	ukb-ancestry-mixture-hg38	11722	AFR	0.787479	0.667927	0.0375776	ok	0.787479	0.0026312	0.0156559	0.119553	0.0412023	0.0334786	0	false	dominant=AFR proportion=0.787 margin=0.668 overlap=11722 residual=0.0376
GCST90201862	GCST90201862	African	AFR	af_assigned	ukb-ancestry-mixture-hg38	24726	AFR	0.773473	0.639765	0.0368762	ok	0.773473	0.0185556	0	0.133708	0	0.0563672	0.0178957	false	dominant=AFR proportion=0.773 margin=0.640 overlap=24726 residual=0.0369
GCST90201863	GCST90201863	African	AFR	af_assigned	ukb-ancestry-mixture-hg38	14434	AFR	0.807844	0.642376	0.039034	ok	0.807844	0	0.00887788	0.165468	0.0178108	0	0	false	dominant=AFR proportion=0.808 margin=0.642 overlap=14434 residual=0.0390
GCST90201864	GCST90201864	African	AFR	af_assigned	ukb-ancestry-mixture-hg38	10369	AFR	0.814003	0.705547	0.0384727	ok	0.814003	0.0330167	0	0.108455	0	0	0.044525	false	dominant=AFR proportion=0.814 margin=0.706 overlap=10369 residual=0.0385
GCST90201865	GCST90201865	African	AFR	af_assigned	ukb-ancestry-mixture-hg38	9071	AFR	0.824108	0.685351	0.0402696	ok	0.824108	0	0.00757085	0.138757	0	0	0.029564	false	dominant=AFR proportion=0.824 margin=0.685 overlap=9071 residual=0.0403
GCST90201866	GCST90201866	African	AFR	af_assigned	ukb-ancestry-mixture-hg38	9764	AFR	0.793601	0.690122	0.0390626	ok	0.793601	0.01772	0	0.10348	0	0.0411903	0.0440085	false	dominant=AFR proportion=0.794 margin=0.690 overlap=9764 residual=0.0391
GCST90201867	GCST90201867	African	AFR	af_assigned	ukb-ancestry-mixture-hg38	26756	AFR	0.807211	0.644962	0.0407577	ok	0.807211	0.00416279	0	0.162249	0	0	0.0263777	false	dominant=AFR proportion=0.807 margin=0.645 overlap=26756 residual=0.0408
GCST90201868	GCST90201868	African	AFR	af_assigned	ukb-ancestry-mixture-hg38	11610	AFR	0.792568	0.611941	0.0377557	ok	0.792568	0.0032938	0.00406629	0.180628	0.0093684	0	0.0100759	false	dominant=AFR proportion=0.793 margin=0.612 overlap=11610 residual=0.0378
GCST90201869	GCST90201869	African	AFR	af_assigned	ukb-ancestry-mixture-hg38	14712	AFR	0.810565	0.664364	0.0397708	ok	0.810565	0	0.0223143	0.1462	0	0	0.0209209	false	dominant=AFR proportion=0.811 margin=0.664 overlap=14712 residual=0.0398
GCST90201870	GCST90201870	African	AFR	af_assigned	ukb-ancestry-mixture-hg38	9202	AFR	0.818907	0.675424	0.0393306	ok	0.818907	0.012595	0.00274888	0.143484	0.00501667	0	0.0172485	false	dominant=AFR proportion=0.819 margin=0.675 overlap=9202 residual=0.0393
GCST90201871	GCST90201871	African	AFR	af_assigned	ukb-ancestry-mixture-hg38	44500	AFR	0.792045	0.642231	0.0414481	ok	0.792045	0.0219759	0	0.149814	0.011054	0	0.0251116	false	dominant=AFR proportion=0.792 margin=0.642 overlap=44500 residual=0.0414
GCST90201872	GCST90201872	African	AFR	af_assigned	ukb-ancestry-mixture-hg38	9405	AFR	0.808621	0.659321	0.038507	ok	0.808621	0	0.013003	0.1493	0	0	0.0290756	false	dominant=AFR proportion=0.809 margin=0.659 overlap=9405 residual=0.0385
GCST90201873	GCST90201873	African	AFR	af_assigned	ukb-ancestry-mixture-hg38	13339	AFR	0.792209	0.606052	0.0436469	ok	0.792209	0	0.00172286	0.186157	0	0.00361038	0.0163014	false	dominant=AFR proportion=0.792 margin=0.606 overlap=13339 residual=0.0436
GCST90201874	GCST90201874	African	AFR	af_assigned	ukb-ancestry-mixture-hg38	13423	AFR	0.756066	0.533017	0.0417833	ok	0.756066	0	0.00575934	0.223049	0	0	0.0151266	false	dominant=AFR proportion=0.756 margin=0.533 overlap=13423 residual=0.0418
GCST90201875	GCST90201875	African	AFR	af_assigned	ukb-ancestry-mixture-hg38	9599	AFR	0.830407	0.696485	0.0448825	ok	0.830407	0	0.0295831	0.133922	0	0	0.00608805	false	dominant=AFR proportion=0.830 margin=0.696 overlap=9599 residual=0.0449
GCST90201876	GCST90201876	African	AFR	af_assigned	ukb-ancestry-mixture-hg38	47528	AFR	0.786637	0.615504	0.0510904	ok	0.786637	0	0	0.171133	0	0	0.0422291	false	dominant=AFR proportion=0.787 margin=0.616 overlap=47528 residual=0.0511
GCST90201877	GCST90201877	African	AFR	af_assigned	ukb-ancestry-mixture-hg38	94551	AFR	0.802726	0.643552	0.0395425	ok	0.802726	0.0152273	0.0228726	0.159174	0	0	0	false	dominant=AFR proportion=0.803 margin=0.644 overlap=94551 residual=0.0395
GCST90201878	GCST90201878	African	AFR	af_assigned	ukb-ancestry-mixture-hg38	19101	AFR	0.816027	0.721949	0.0472316	ok	0.816027	0	0.00180141	0.0940786	0.0348706	0	0.0532222	false	dominant=AFR proportion=0.816 margin=0.722 overlap=19101 residual=0.0472
GCST90201879	GCST90201879	African	AFR	af_assigned	ukb-ancestry-mixture-hg38	11166	AFR	0.789764	0.643068	0.0409638	ok	0.789764	1.25661e-05	0.000247381	0.146696	0	0.00320738	0.0600731	false	dominant=AFR proportion=0.790 margin=0.643 overlap=11166 residual=0.0410
GCST90201880	GCST90201880	African	AFR	af_assigned	ukb-ancestry-mixture-hg38	9643	AFR	0.811392	0.646624	0.0405261	ok	0.811392	0	0	0.164768	0	0	0.0238405	false	dominant=AFR proportion=0.811 margin=0.647 overlap=9643 residual=0.0405
GCST90201881	GCST90201881	African	AFR	af_assigned	ukb-ancestry-mixture-hg38	31103	AFR	0.798465	0.648721	0.0436175	ok	0.798465	0	0.015633	0.149744	0	0	0.0361575	false	dominant=AFR proportion=0.798 margin=0.649 overlap=31103 residual=0.0436
GCST90201882	GCST90201882	African	AFR	af_assigned	ukb-ancestry-mixture-hg38	11022	AFR	0.852086	0.711058	0.0407809	ok	0.852086	0	0	0.141028	0	0.00688508	0	false	dominant=AFR proportion=0.852 margin=0.711 overlap=11022 residual=0.0408
GCST90201883	GCST90201883	African	AFR	af_assigned	ukb-ancestry-mixture-hg38	12492	AFR	0.800169	0.670249	0.0402735	ok	0.800169	0	0.0229546	0.12992	0	0.0469559	0	false	dominant=AFR proportion=0.800 margin=0.670 overlap=12492 residual=0.0403
GCST90201884	GCST90201884	African	AFR	af_assigned	ukb-ancestry-mixture-hg38	13503	AFR	0.777366	0.657561	0.0451285	ok	0.777366	0.0172452	0	0.119805	0.0317159	0.0538681	0	false	dominant=AFR proportion=0.777 margin=0.658 overlap=13503 residual=0.0451
GCST90201885	GCST90201885	African	AFR	af_assigned	ukb-ancestry-mixture-hg38	14597	AFR	0.77689	0.627083	0.0410667	ok	0.77689	0.0095505	0.0109994	0.149807	0	0.0509947	0.00175792	false	dominant=AFR proportion=0.777 margin=0.627 overlap=14597 residual=0.0411
GCST90201886	GCST90201886	African	AFR	af_assigned	ukb-ancestry-mixture-hg38	35424	AFR	0.792757	0.700929	0.0502006	ok	0.792757	0.065135	8.93683e-05	0.0918278	0	0.050191	0	false	dominant=AFR proportion=0.793 margin=0.701 overlap=35424 residual=0.0502
GCST90201887	GCST90201887	African	AFR	af_assigned	ukb-ancestry-mixture-hg38	12111	AFR	0.801953	0.718734	0.0413892	ok	0.801953	0.022813	0.00800766	0.0832191	0.0797467	0	0.00426093	false	dominant=AFR proportion=0.802 margin=0.719 overlap=12111 residual=0.0414
GCST90201888	GCST90201888	African	AFR	af_assigned	ukb-ancestry-mixture-hg38	14440	AFR	0.812519	0.659722	0.0412621	ok	0.812519	0.0293411	0	0.152797	0	0	0.00534225	false	dominant=AFR proportion=0.813 margin=0.660 overlap=14440 residual=0.0413
GCST90201889	GCST90201889	African	AFR	af_assigned	ukb-ancestry-mixture-hg38	17206	AFR	0.783913	0.677383	0.0437839	ok	0.783913	0.0219345	0.0130427	0.10653	0	0.0483336	0.0262464	false	dominant=AFR proportion=0.784 margin=0.677 overlap=17206 residual=0.0438
GCST90201890	GCST90201890	African	AFR	af_assigned	ukb-ancestry-mixture-hg38	15855	AFR	0.808978	0.680515	0.0457975	ok	0.808978	0.0233857	0.0193388	0.128463	0	0	0.0198336	false	dominant=AFR proportion=0.809 margin=0.681 overlap=15855 residual=0.0458
GCST90201891	GCST90201891	African	AFR	af_assigned	ukb-ancestry-mixture-hg38	12041	AFR	0.808402	0.66691	0.0437216	ok	0.808402	0	0.0177276	0.141492	0	0	0.032378	false	dominant=AFR proportion=0.808 margin=0.667 overlap=12041 residual=0.0437
GCST90201892	GCST90201892	African	AFR	af_assigned	ukb-ancestry-mixture-hg38	7021	AFR	0.81121	0.668639	0.0433481	ok	0.81121	0.0137669	0.00572356	0.142571	0	0.00377966	0.0229487	false	dominant=AFR proportion=0.811 margin=0.669 overlap=7021 residual=0.0433
GCST90201893	GCST90201893	African	AFR	af_assigned	ukb-ancestry-mixture-hg38	35764	AFR	0.777299	0.609403	0.0441038	ok	0.777299	0.0143622	0.00554846	0.167896	0.00649177	0	0.0284023	false	dominant=AFR proportion=0.777 margin=0.609 overlap=35764 residual=0.0441
GCST90201894	GCST90201894	African	AFR	af_assigned	ukb-ancestry-mixture-hg38	16979	AFR	0.839597	0.741549	0.0464122	ok	0.839597	0.0443929	0	0.0980481	0	0	0.017962	false	dominant=AFR proportion=0.840 margin=0.742 overlap=16979 residual=0.0464
GCST90201895	GCST90201895	African	AFR	af_assigned	ukb-ancestry-mixture-hg38	425051	AFR	0.803536	0.648995	0.0416936	ok	0.803536	0.0224509	0.0116466	0.154541	0	0	0.00782532	false	dominant=AFR proportion=0.804 margin=0.649 overlap=425051 residual=0.0417
GCST90201896	GCST90201896	African	AFR	af_assigned	ukb-ancestry-mixture-hg38	33223	AFR	0.812321	0.721256	0.0505275	ok	0.812321	0.0498213	0	0.0910648	0	0.0467932	0	false	dominant=AFR proportion=0.812 margin=0.721 overlap=33223 residual=0.0505
GCST90201897	GCST90201897	African	AFR	af_assigned	ukb-ancestry-mixture-hg38	10640	AFR	0.824714	0.680376	0.0404567	ok	0.824714	0.0123193	0.00829623	0.144337	0	0	0.0103331	false	dominant=AFR proportion=0.825 margin=0.680 overlap=10640 residual=0.0405
GCST90201898	GCST90201898	African	AFR	af_assigned	ukb-ancestry-mixture-hg38	25572	AFR	0.781982	0.638537	0.0492985	ok	0.781982	0.0194767	0.0185786	0.143445	0	0.0173062	0.0192113	false	dominant=AFR proportion=0.782 margin=0.639 overlap=25572 residual=0.0493
GCST90201899	GCST90201899	African	AFR	af_assigned	ukb-ancestry-mixture-hg38	36182	AFR	0.850821	0.745159	0.0455388	ok	0.850821	0	0.00149134	0.105661	0	0	0.0420267	false	dominant=AFR proportion=0.851 margin=0.745 overlap=36182 residual=0.0455
GCST90201900	GCST90201900	African	AFR	af_assigned	ukb-ancestry-mixture-hg38	13402	AFR	0.847908	0.714456	0.0411673	ok	0.847908	0	0.00648085	0.133452	0	0	0.0121593	false	dominant=AFR proportion=0.848 margin=0.714 overlap=13402 residual=0.0412
GCST90201901	GCST90201901	African	AFR	af_assigned	ukb-ancestry-mixture-hg38	12526	AFR	0.792858	0.672612	0.037244	ok	0.792858	0.0301098	0	0.120246	0.0412984	0	0.0154874	false	dominant=AFR proportion=0.793 margin=0.673 overlap=12526 residual=0.0372
GCST90201902	GCST90201902	African	AFR	af_assigned	ukb-ancestry-mixture-hg38	15093	AFR	0.794657	0.688936	0.0380763	ok	0.794657	0	0.0224357	0.105721	0	0.0771872	0	false	dominant=AFR proportion=0.795 margin=0.689 overlap=15093 residual=0.0381
GCST90201903	GCST90201903	African	AFR	af_assigned	ukb-ancestry-mixture-hg38	27014	AFR	0.769814	0.639941	0.04314	ok	0.769814	0	0.0173814	0.129874	0.00783275	0.0368282	0.0382696	false	dominant=AFR proportion=0.770 margin=0.640 overlap=27014 residual=0.0431
GCST90201904	GCST90201904	African	AFR	af_assigned	ukb-ancestry-mixture-hg38	17347	AFR	0.799434	0.623662	0.039048	ok	0.799434	0	0.00222999	0.175773	0.0107508	0	0.0118122	false	dominant=AFR proportion=0.799 margin=0.624 overlap=17347 residual=0.0390
GCST90201905	GCST90201905	African	AFR	af_assigned	ukb-ancestry-mixture-hg38	6678	AFR	0.809829	0.667226	0.0395907	ok	0.809829	0.0138409	0.00463849	0.142602	0.00620978	0.00223542	0.020644	false	dominant=AFR proportion=0.810 margin=0.667 overlap=6678 residual=0.0396
GCST90201906	GCST90201906	African	AFR	af_assigned	ukb-ancestry-mixture-hg38	6744	AFR	0.811974	0.672856	0.0405469	ok	0.811974	0.0135474	0.00500414	0.139118	0.00668419	0.00276754	0.0209045	false	dominant=AFR proportion=0.812 margin=0.673 overlap=6744 residual=0.0405
GCST90201907	GCST90201907	African	AFR	af_assigned	ukb-ancestry-mixture-hg38	14284	AFR	0.793953	0.630617	0.039707	ok	0.793953	0.0285124	0	0.163336	0	0	0.0141991	false	dominant=AFR proportion=0.794 margin=0.631 overlap=14284 residual=0.0397
GCST90201908	GCST90201908	African	AFR	af_assigned	ukb-ancestry-mixture-hg38	10933	AFR	0.788116	0.615461	0.0412079	ok	0.788116	0	0.00495586	0.172654	0	0.0170581	0.0172157	false	dominant=AFR proportion=0.788 margin=0.615 overlap=10933 residual=0.0412
GCST90201909	GCST90201909	African	AFR	af_assigned	ukb-ancestry-mixture-hg38	12667	AFR	0.840247	0.708525	0.0399372	ok	0.840247	0	0	0.131722	0	0	0.0280305	false	dominant=AFR proportion=0.840 margin=0.709 overlap=12667 residual=0.0399
GCST90201910	GCST90201910	African	AFR	af_assigned	ukb-ancestry-mixture-hg38	46818	AFR	0.817799	0.665574	0.0528837	ok	0.817799	0.0044698	0	0.152224	0	0	0.0255072	false	dominant=AFR proportion=0.818 margin=0.666 overlap=46818 residual=0.0529
GCST90201911	GCST90201911	African	AFR	af_assigned	ukb-ancestry-mixture-hg38	13502	AFR	0.793791	0.655496	0.0390102	ok	0.793791	0	0.00821537	0.138295	0	0	0.0596982	false	dominant=AFR proportion=0.794 margin=0.655 overlap=13502 residual=0.0390
GCST90201912	GCST90201912	African	AFR	af_assigned	ukb-ancestry-mixture-hg38	6924	AFR	0.809454	0.662591	0.0424674	ok	0.809454	0.0143671	0.00233695	0.146864	0.000348345	0	0.0266296	false	dominant=AFR proportion=0.809 margin=0.663 overlap=6924 residual=0.0425
GCST90201913	GCST90201913	African	AFR	af_assigned	ukb-ancestry-mixture-hg38	6711	AFR	0.808309	0.659334	0.0398191	ok	0.808309	0.012666	0.00476024	0.148975	0.0041374	0	0.021153	false	dominant=AFR proportion=0.808 margin=0.659 overlap=6711 residual=0.0398
GCST90201914	GCST90201914	African	AFR	af_assigned	ukb-ancestry-mixture-hg38	6710	AFR	0.808944	0.665397	0.0399858	ok	0.808944	0.0137337	0.00589784	0.143547	0.00364998	0.00187648	0.022351	false	dominant=AFR proportion=0.809 margin=0.665 overlap=6710 residual=0.0400
GCST90201915	GCST90201915	African	AFR	af_assigned	ukb-ancestry-mixture-hg38	14904	AFR	0.806425	0.642392	0.0390389	ok	0.806425	0	0.0132749	0.164033	0	0	0.0162678	false	dominant=AFR proportion=0.806 margin=0.642 overlap=14904 residual=0.0390
GCST90201916	GCST90201916	African	AFR	af_assigned	ukb-ancestry-mixture-hg38	16189	AFR	0.821946	0.6762	0.0402964	ok	0.821946	0.0138868	0.0184217	0.145746	0	0	0	false	dominant=AFR proportion=0.822 margin=0.676 overlap=16189 residual=0.0403
GCST90201917	GCST90201917	African	AFR	af_assigned	ukb-ancestry-mixture-hg38	36928	AFR	0.814155	0.675123	0.0484451	ok	0.814155	0.00381812	0.0199845	0.139032	0	0.0162418	0.00676792	false	dominant=AFR proportion=0.814 margin=0.675 overlap=36928 residual=0.0484
GCST90201918	GCST90201918	African	AFR	af_assigned	ukb-ancestry-mixture-hg38	58673	AFR	0.837185	0.724708	0.0535928	ok	0.837185	0.00394084	0	0.112476	0	0	0.0463983	false	dominant=AFR proportion=0.837 margin=0.725 overlap=58673 residual=0.0536
GCST90201919	GCST90201919	African	AFR	af_assigned	ukb-ancestry-mixture-hg38	16593	AFR	0.8174	0.680083	0.0403133	ok	0.8174	0.0209598	0	0.137317	0	0	0.0243238	false	dominant=AFR proportion=0.817 margin=0.680 overlap=16593 residual=0.0403
GCST90201920	GCST90201920	African	AFR	af_assigned	ukb-ancestry-mixture-hg38	9726	AFR	0.797101	0.683183	0.038809	ok	0.797101	0.0264499	0.00479997	0.113919	0.00710807	0.0362044	0.0144174	false	dominant=AFR proportion=0.797 margin=0.683 overlap=9726 residual=0.0388
GCST90201921	GCST90201921	African	AFR	af_assigned	ukb-ancestry-mixture-hg38	23173	AFR	0.820767	0.682734	0.0405184	ok	0.820767	0.0148777	0.0199005	0.138033	0	0	0.00642129	false	dominant=AFR proportion=0.821 margin=0.683 overlap=23173 residual=0.0405
GCST90201922	GCST90201922	African	AFR	af_assigned	ukb-ancestry-mixture-hg38	36858	AFR	0.794159	0.634128	0.0436685	ok	0.794159	0.0458102	0	0.160031	0	0	0	false	dominant=AFR proportion=0.794 margin=0.634 overlap=36858 residual=0.0437
GCST90201923	GCST90201923	African	AFR	af_assigned	ukb-ancestry-mixture-hg38	14372	AFR	0.785726	0.607836	0.0415855	ok	0.785726	0	0.0206317	0.17789	0	0	0.015753	false	dominant=AFR proportion=0.786 margin=0.608 overlap=14372 residual=0.0416
GCST90201924	GCST90201924	African	AFR	af_assigned	ukb-ancestry-mixture-hg38	13218	AFR	0.824533	0.678465	0.0397773	ok	0.824533	0.0258562	0	0.146068	0	0.00354227	0	false	dominant=AFR proportion=0.825 margin=0.678 overlap=13218 residual=0.0398
GCST90201925	GCST90201925	African	AFR	af_assigned	ukb-ancestry-mixture-hg38	9613	AFR	0.831621	0.69406	0.0404846	ok	0.831621	0.0138777	0.00597374	0.13756	0	0	0.0109676	false	dominant=AFR proportion=0.832 margin=0.694 overlap=9613 residual=0.0405
GCST90201926	GCST90201926	African	AFR	af_assigned	ukb-ancestry-mixture-hg38	28781	AFR	0.792892	0.646617	0.0439431	ok	0.792892	0.0242719	0.0274007	0.146275	0	0.00443053	0.00472988	false	dominant=AFR proportion=0.793 margin=0.647 overlap=28781 residual=0.0439
GCST90201927	GCST90201927	African	AFR	af_assigned	ukb-ancestry-mixture-hg38	8464	AFR	0.786751	0.645142	0.038053	ok	0.786751	0.0134924	0.00118273	0.141609	0	0.0258431	0.0311222	false	dominant=AFR proportion=0.787 margin=0.645 overlap=8464 residual=0.0381
GCST90201928	GCST90201928	African	AFR	af_assigned	ukb-ancestry-mixture-hg38	13727	AFR	0.826114	0.676394	0.0423325	ok	0.826114	0.0121724	0	0.14972	0	0	0.011994	false	dominant=AFR proportion=0.826 margin=0.676 overlap=13727 residual=0.0423
GCST90201929	GCST90201929	African	AFR	af_assigned	ukb-ancestry-mixture-hg38	35557	AFR	0.826524	0.704512	0.0385673	ok	0.826524	0.0205243	0.0114526	0.122012	0.0194868	0	0	false	dominant=AFR proportion=0.827 margin=0.705 overlap=35557 residual=0.0386
GCST90201930	GCST90201930	African	AFR	af_assigned	ukb-ancestry-mixture-hg38	98847	AFR	0.775741	0.585046	0.0465744	ok	0.775741	0	0.0134959	0.190695	0	0	0.0200678	false	dominant=AFR proportion=0.776 margin=0.585 overlap=98847 residual=0.0466
GCST90201931	GCST90201931	African	AFR	af_assigned	ukb-ancestry-mixture-hg38	100146	AFR	0.793094	0.644343	0.0450489	ok	0.793094	0	0.0154969	0.14875	0	0.0168627	0.0257968	false	dominant=AFR proportion=0.793 margin=0.644 overlap=100146 residual=0.0450
GCST90201932	GCST90201932	African	AFR	af_assigned	ukb-ancestry-mixture-hg38	10667	AFR	0.79597	0.646191	0.0388985	ok	0.79597	0	0.00939898	0.14978	0	0.00874235	0.0361087	false	dominant=AFR proportion=0.796 margin=0.646 overlap=10667 residual=0.0389
GCST90201933	GCST90201933	African	AFR	af_assigned	ukb-ancestry-mixture-hg38	23373	AFR	0.828528	0.693643	0.0402573	ok	0.828528	0.012869	0	0.134884	0	0	0.0237192	false	dominant=AFR proportion=0.829 margin=0.694 overlap=23373 residual=0.0403
GCST90201934	GCST90201934	African	AFR	af_assigned	ukb-ancestry-mixture-hg38	9992	AFR	0.791282	0.676745	0.0384923	ok	0.791282	0.0166728	0.00614171	0.114537	0.0639224	0.00744472	0	false	dominant=AFR proportion=0.791 margin=0.677 overlap=9992 residual=0.0385
GCST90201935	GCST90201935	African	AFR	af_assigned	ukb-ancestry-mixture-hg38	64530	AFR	0.829338	0.749903	0.0504659	ok	0.829338	0.0144444	0.0060653	0.0794346	0.0345501	0.0270253	0.00914268	false	dominant=AFR proportion=0.829 margin=0.750 overlap=64530 residual=0.0505
GCST90201936	GCST90201936	African	AFR	af_assigned	ukb-ancestry-mixture-hg38	74917	AFR	0.801238	0.652293	0.0521822	ok	0.801238	0.00444803	0.00347008	0.148945	0	0	0.0418984	false	dominant=AFR proportion=0.801 margin=0.652 overlap=74917 residual=0.0522
GCST90201937	GCST90201937	African	AFR	af_assigned	ukb-ancestry-mixture-hg38	12011	AFR	0.749383	0.564636	0.0443748	ok	0.749383	0.0270464	0.0120448	0.184746	0.00800635	0.0187731	0	false	dominant=AFR proportion=0.749 margin=0.565 overlap=12011 residual=0.0444
GCST90201938	GCST90201938	African	AFR	af_assigned	ukb-ancestry-mixture-hg38	9369	AFR	0.811222	0.666576	0.0402591	ok	0.811222	0	0.0180404	0.144646	0.00749587	0.0110158	0.00758001	false	dominant=AFR proportion=0.811 margin=0.667 overlap=9369 residual=0.0403
GCST90201939	GCST90201939	African	AFR	af_assigned	ukb-ancestry-mixture-hg38	17466	AFR	0.797375	0.621359	0.038889	ok	0.797375	0	0.0239392	0.176015	0	0	0.00267087	false	dominant=AFR proportion=0.797 margin=0.621 overlap=17466 residual=0.0389
GCST90201940	GCST90201940	African	AFR	af_assigned	ukb-ancestry-mixture-hg38	12749	AFR	0.806504	0.656771	0.0396757	ok	0.806504	0.0070338	0.00974465	0.149734	0	0	0.0269835	false	dominant=AFR proportion=0.807 margin=0.657 overlap=12749 residual=0.0397
GCST90201941	GCST90201941	African	AFR	af_assigned	ukb-ancestry-mixture-hg38	43083	AFR	0.784877	0.618992	0.0410662	ok	0.784877	0.00304138	0.0232378	0.165886	0	0.0229577	0	false	dominant=AFR proportion=0.785 margin=0.619 overlap=43083 residual=0.0411
GCST90201942	GCST90201942	African	AFR	af_assigned	ukb-ancestry-mixture-hg38	110914	AFR	0.809666	0.64686	0.0434901	ok	0.809666	0.00072431	0.0192952	0.162806	0	0.00328774	0.00422083	false	dominant=AFR proportion=0.810 margin=0.647 overlap=110914 residual=0.0435
GCST90201943	GCST90201943	African	AFR	af_assigned	ukb-ancestry-mixture-hg38	22590	AFR	0.790547	0.659004	0.0413139	ok	0.790547	0	0.0165464	0.131543	0.0169602	0	0.0444037	false	dominant=AFR proportion=0.791 margin=0.659 overlap=22590 residual=0.0413
GCST90201944	GCST90201944	African	AFR	af_assigned	ukb-ancestry-mixture-hg38	27539	AFR	0.842121	0.701992	0.0428477	ok	0.842121	0	0.0113935	0.140129	0	0	0.00635623	false	dominant=AFR proportion=0.842 margin=0.702 overlap=27539 residual=0.0428
GCST90201945	GCST90201945	African	AFR	af_assigned	ukb-ancestry-mixture-hg38	10956	AFR	0.793032	0.64334	0.0386102	ok	0.793032	0	0	0.149691	0.000397897	0.0274021	0.0294771	false	dominant=AFR proportion=0.793 margin=0.643 overlap=10956 residual=0.0386
GCST90201946	GCST90201946	African	AFR	af_assigned	ukb-ancestry-mixture-hg38	24513	AFR	0.784893	0.688819	0.0457455	ok	0.784893	0	0	0.0960733	0	0.0764903	0.0425437	false	dominant=AFR proportion=0.785 margin=0.689 overlap=24513 residual=0.0457
GCST90201947	GCST90201947	African	AFR	af_assigned	ukb-ancestry-mixture-hg38	8542	AFR	0.779178	0.64113	0.0413451	ok	0.779178	0.025408	0	0.138048	0.0375709	0.0197956	0	false	dominant=AFR proportion=0.779 margin=0.641 overlap=8542 residual=0.0413
GCST90201948	GCST90201948	African	AFR	af_assigned	ukb-ancestry-mixture-hg38	13087	AFR	0.795822	0.655856	0.0375651	ok	0.795822	0.00171751	0.0142877	0.139966	0.0286545	0.0195528	0	false	dominant=AFR proportion=0.796 margin=0.656 overlap=13087 residual=0.0376
GCST90201949	GCST90201949	African	AFR	af_assigned	ukb-ancestry-mixture-hg38	14266	AFR	0.776939	0.653325	0.0381921	ok	0.776939	0.0323667	0.00516831	0.123614	0.0584049	0.00350755	0	false	dominant=AFR proportion=0.777 margin=0.653 overlap=14266 residual=0.0382
GCST90201950	GCST90201950	African	AFR	af_assigned	ukb-ancestry-mixture-hg38	9091	AFR	0.785977	0.62667	0.0401291	ok	0.785977	0.00891384	0	0.159306	0.0373329	0	0.00847003	false	dominant=AFR proportion=0.786 margin=0.627 overlap=9091 residual=0.0401
GCST90201951	GCST90201951	African	AFR	af_assigned	ukb-ancestry-mixture-hg38	24991	AFR	0.776801	0.626943	0.0490957	ok	0.776801	0.00201171	0.0107355	0.149858	0	0.0254668	0.0351273	false	dominant=AFR proportion=0.777 margin=0.627 overlap=24991 residual=0.0491
GCST90201952	GCST90201952	African	AFR	af_assigned	ukb-ancestry-mixture-hg38	48824	AFR	0.772238	0.60149	0.042818	ok	0.772238	0.0153208	9.4094e-05	0.170748	0.0339358	0.00684536	0.000817733	false	dominant=AFR proportion=0.772 margin=0.601 overlap=48824 residual=0.0428
GCST90201953	GCST90201953	African	AFR	af_assigned	ukb-ancestry-mixture-hg38	6781	AFR	0.801389	0.651392	0.0403648	ok	0.801389	0.0126083	0.00590828	0.149997	0.0123966	0	0.0177008	false	dominant=AFR proportion=0.801 margin=0.651 overlap=6781 residual=0.0404
GCST90201954	GCST90201954	African	AFR	af_assigned	ukb-ancestry-mixture-hg38	9702	AFR	0.796095	0.664635	0.0414036	ok	0.796095	0.0160327	0.00949303	0.13146	0.015077	0.0318425	0	false	dominant=AFR proportion=0.796 margin=0.665 overlap=9702 residual=0.0414
GCST90201955	GCST90201955	African	AFR	af_assigned	ukb-ancestry-mixture-hg38	16699	AFR	0.804816	0.631939	0.0412681	ok	0.804816	0	0.0164293	0.172876	0	0	0.00587894	false	dominant=AFR proportion=0.805 margin=0.632 overlap=16699 residual=0.0413
GCST90201956	GCST90201956	African	AFR	af_assigned	ukb-ancestry-mixture-hg38	9231	AFR	0.780331	0.67978	0.0405243	ok	0.780331	0.0301763	0	0.100551	0.0396116	0.0332781	0.0160513	false	dominant=AFR proportion=0.780 margin=0.680 overlap=9231 residual=0.0405
GCST90201957	GCST90201957	African	AFR	af_assigned	ukb-ancestry-mixture-hg38	15580	AFR	0.806609	0.620592	0.0381851	ok	0.806609	0	0.00737426	0.186017	0	0	0	false	dominant=AFR proportion=0.807 margin=0.621 overlap=15580 residual=0.0382
GCST90201958	GCST90201958	African	AFR	af_assigned	ukb-ancestry-mixture-hg38	12577	AFR	0.791265	0.617071	0.0401728	ok	0.791265	0	0.0184648	0.174194	0	0	0.0160754	false	dominant=AFR proportion=0.791 margin=0.617 overlap=12577 residual=0.0402
GCST90201959	GCST90201959	African	AFR	af_assigned	ukb-ancestry-mixture-hg38	27120	AFR	0.794826	0.613057	0.0448779	ok	0.794826	0	0.0213381	0.181769	0	0	0.0020669	false	dominant=AFR proportion=0.795 margin=0.613 overlap=27120 residual=0.0449
GCST90201960	GCST90201960	African	AFR	af_assigned	ukb-ancestry-mixture-hg38	20542	AFR	0.78144	0.66752	0.042486	ok	0.78144	0.0297652	0.0133542	0.113919	0.0300387	0	0.0314827	false	dominant=AFR proportion=0.781 margin=0.668 overlap=20542 residual=0.0425
GCST90201961	GCST90201961	African	AFR	af_assigned	ukb-ancestry-mixture-hg38	14261	AFR	0.811845	0.669083	0.0381452	ok	0.811845	0.0105753	0	0.142762	0.0348181	0	0	false	dominant=AFR proportion=0.812 margin=0.669 overlap=14261 residual=0.0381
GCST90201962	GCST90201962	African	AFR	af_assigned	ukb-ancestry-mixture-hg38	20063	AFR	0.792849	0.628988	0.0387394	ok	0.792849	0	0.00710221	0.16386	0	0.00559402	0.0305949	false	dominant=AFR proportion=0.793 margin=0.629 overlap=20063 residual=0.0387
GCST90201963	GCST90201963	African	AFR	af_assigned	ukb-ancestry-mixture-hg38	9945	AFR	0.826299	0.702583	0.0416306	ok	0.826299	0	0.00580722	0.123715	0	0.00219005	0.0419887	false	dominant=AFR proportion=0.826 margin=0.703 overlap=9945 residual=0.0416
GCST90201964	GCST90201964	African	AFR	af_assigned	ukb-ancestry-mixture-hg38	12524	AFR	0.808093	0.635419	0.0435192	ok	0.808093	0.00778593	0.00141431	0.172675	0.0100318	0	0	false	dominant=AFR proportion=0.808 margin=0.635 overlap=12524 residual=0.0435
GCST90201965	GCST90201965	African	AFR	af_assigned	ukb-ancestry-mixture-hg38	18442	AFR	0.789315	0.6631	0.0423417	ok	0.789315	0.0320609	0.0195747	0.126216	0	0.0328339	0	false	dominant=AFR proportion=0.789 margin=0.663 overlap=18442 residual=0.0423
GCST90201966	GCST90201966	African	AFR	af_assigned	ukb-ancestry-mixture-hg38	45607	AFR	0.814034	0.651887	0.0536321	ok	0.814034	0.0219474	0	0.162147	0.0013016	0	0.000570302	false	dominant=AFR proportion=0.814 margin=0.652 overlap=45607 residual=0.0536
GCST90201967	GCST90201967	African	AFR	af_assigned	ukb-ancestry-mixture-hg38	11876	AFR	0.793543	0.689231	0.0406925	ok	0.793543	0.031816	0	0.104312	0	0.0703284	0	false	dominant=AFR proportion=0.794 margin=0.689 overlap=11876 residual=0.0407
GCST90201968	GCST90201968	African	AFR	af_assigned	ukb-ancestry-mixture-hg38	9396	AFR	0.803007	0.683372	0.03906	ok	0.803007	0.00217498	0.0210978	0.119635	0	0.0299644	0.0241206	false	dominant=AFR proportion=0.803 margin=0.683 overlap=9396 residual=0.0391
GCST90201969	GCST90201969	African	AFR	af_assigned	ukb-ancestry-mixture-hg38	33089	AFR	0.811585	0.662074	0.04658	ok	0.811585	0.00297652	0.0242748	0.14951	0	0	0.0116539	false	dominant=AFR proportion=0.812 margin=0.662 overlap=33089 residual=0.0466
GCST90201970	GCST90201970	African	AFR	af_assigned	ukb-ancestry-mixture-hg38	6712	AFR	0.806864	0.659139	0.0398732	ok	0.806864	0.0139482	0.0058898	0.147726	0.00501535	0	0.0205565	false	dominant=AFR proportion=0.807 margin=0.659 overlap=6712 residual=0.0399
GCST90201971	GCST90201971	African	AFR	af_assigned	ukb-ancestry-mixture-hg38	6713	AFR	0.806927	0.663299	0.0399626	ok	0.806927	0.0142774	0.00534935	0.143627	0.006396	0.00373027	0.0196931	false	dominant=AFR proportion=0.807 margin=0.663 overlap=6713 residual=0.0400
GCST90201972	GCST90201972	African	AFR	af_assigned	ukb-ancestry-mixture-hg38	13548	AFR	0.750559	0.57701	0.0445945	ok	0.750559	0	0.0228517	0.173549	0.0491149	0.00392497	0	false	dominant=AFR proportion=0.751 margin=0.577 overlap=13548 residual=0.0446
GCST90201973	GCST90201973	African	AFR	af_assigned	ukb-ancestry-mixture-hg38	21273	AFR	0.812841	0.682416	0.0379524	ok	0.812841	0	0.000154246	0.130425	0.0122964	0.0260906	0.0181934	false	dominant=AFR proportion=0.813 margin=0.682 overlap=21273 residual=0.0380
GCST90201974	GCST90201974	African	AFR	af_assigned	ukb-ancestry-mixture-hg38	22926	AFR	0.808641	0.708724	0.0388341	ok	0.808641	0.0466361	0.00326163	0.0999171	0.041544	0	0	false	dominant=AFR proportion=0.809 margin=0.709 overlap=22926 residual=0.0388
GCST90201975	GCST90201975	African	AFR	af_assigned	ukb-ancestry-mixture-hg38	14475	AFR	0.780767	0.682747	0.0379988	ok	0.780767	0.00939714	0.00907302	0.0980201	0.0234946	0.0523304	0.026918	false	dominant=AFR proportion=0.781 margin=0.683 overlap=14475 residual=0.0380
GCST90201976	GCST90201976	African	AFR	af_assigned	ukb-ancestry-mixture-hg38	17319	AFR	0.822303	0.661629	0.040315	ok	0.822303	0	0.0123467	0.160674	0	0	0.00467583	false	dominant=AFR proportion=0.822 margin=0.662 overlap=17319 residual=0.0403
GCST90201977	GCST90201977	African	AFR	af_assigned	ukb-ancestry-mixture-hg38	18093	AFR	0.784849	0.650173	0.0392739	ok	0.784849	0	0.0117934	0.134676	0	0.0424667	0.026215	false	dominant=AFR proportion=0.785 margin=0.650 overlap=18093 residual=0.0393
GCST90201978	GCST90201978	African	AFR	af_assigned	ukb-ancestry-mixture-hg38	9291	AFR	0.78901	0.690138	0.0380857	ok	0.78901	0.0542869	0	0.0988724	0	0.0330835	0.0247468	false	dominant=AFR proportion=0.789 margin=0.690 overlap=9291 residual=0.0381
GCST90201979	GCST90201979	African	AFR	af_assigned	ukb-ancestry-mixture-hg38	10111	AFR	0.805693	0.657854	0.037288	ok	0.805693	0.00771748	0.00332821	0.147839	0	0	0.0354228	false	dominant=AFR proportion=0.806 margin=0.658 overlap=10111 residual=0.0373
GCST90201980	GCST90201980	African	AFR	af_assigned	ukb-ancestry-mixture-hg38	14007	AFR	0.783861	0.630261	0.0406436	ok	0.783861	0.0395561	0.00207774	0.153599	0	0	0.0209061	false	dominant=AFR proportion=0.784 margin=0.630 overlap=14007 residual=0.0406
GCST90201981	GCST90201981	African	AFR	af_assigned	ukb-ancestry-mixture-hg38	9228	AFR	0.810981	0.696164	0.0423172	ok	0.810981	0.0270632	0.00602515	0.114818	0	0	0.0411127	false	dominant=AFR proportion=0.811 margin=0.696 overlap=9228 residual=0.0423
GCST90201982	GCST90201982	African	AFR	af_assigned	ukb-ancestry-mixture-hg38	23461	AFR	0.781995	0.635812	0.0433155	ok	0.781995	0.0122925	0.00594265	0.146183	0.00865411	0	0.0449329	false	dominant=AFR proportion=0.782 margin=0.636 overlap=23461 residual=0.0433
GCST90201983	GCST90201983	African	AFR	af_assigned	ukb-ancestry-mixture-hg38	11245	AFR	0.776809	0.608166	0.0401301	ok	0.776809	0.0113872	0.00958076	0.168643	0	0	0.0335807	false	dominant=AFR proportion=0.777 margin=0.608 overlap=11245 residual=0.0401
GCST90201984	GCST90201984	African	AFR	af_assigned	ukb-ancestry-mixture-hg38	16584	AFR	0.806127	0.659002	0.0410609	ok	0.806127	0.00756485	0.0214227	0.147125	0	0	0.0177604	false	dominant=AFR proportion=0.806 margin=0.659 overlap=16584 residual=0.0411
GCST90201985	GCST90201985	African	AFR	af_assigned	ukb-ancestry-mixture-hg38	16608	AFR	0.812944	0.640867	0.0389414	ok	0.812944	0.00913976	0	0.172076	0	0	0.00584043	false	dominant=AFR proportion=0.813 margin=0.641 overlap=16608 residual=0.0389
GCST90201986	GCST90201986	African	AFR	af_assigned	ukb-ancestry-mixture-hg38	13452	AFR	0.794625	0.626955	0.0492976	ok	0.794625	0.0183324	0.015323	0.167671	0	0	0.0040481	false	dominant=AFR proportion=0.795 margin=0.627 overlap=13452 residual=0.0493
GCST90201987	GCST90201987	African	AFR	af_assigned	ukb-ancestry-mixture-hg38	9358	AFR	0.814182	0.657644	0.0394677	ok	0.814182	0.0292801	0	0.156538	0	0	0	false	dominant=AFR proportion=0.814 margin=0.658 overlap=9358 residual=0.0395
GCST90201988	GCST90201988	African	AFR	af_assigned	ukb-ancestry-mixture-hg38	17735	AFR	0.807332	0.665085	0.040241	ok	0.807332	0	0.0151503	0.142248	0	0.014837	0.0204325	false	dominant=AFR proportion=0.807 margin=0.665 overlap=17735 residual=0.0402
GCST90201989	GCST90201989	African	AFR	af_assigned	ukb-ancestry-mixture-hg38	12651	AFR	0.792232	0.648887	0.0383372	ok	0.792232	0.000152091	0.0206998	0.143345	0	0.0174161	0.0261552	false	dominant=AFR proportion=0.792 margin=0.649 overlap=12651 residual=0.0383
GCST90201990	GCST90201990	African	AFR	af_assigned	ukb-ancestry-mixture-hg38	24391	AFR	0.79683	0.697507	0.048065	ok	0.79683	0.0170341	0	0.0993232	0	0.0847553	0.00205764	false	dominant=AFR proportion=0.797 margin=0.698 overlap=24391 residual=0.0481
GCST90201991	GCST90201991	African	AFR	af_assigned	ukb-ancestry-mixture-hg38	9805	AFR	0.795803	0.639232	0.0396041	ok	0.795803	0.00344774	0.000889289	0.156571	0	0.0312054	0.0120836	false	dominant=AFR proportion=0.796 margin=0.639 overlap=9805 residual=0.0396
GCST90201992	GCST90201992	African	AFR	af_assigned	ukb-ancestry-mixture-hg38	17882	AFR	0.820533	0.702628	0.0430597	ok	0.820533	0.0215214	0.0224686	0.117904	0	0	0.0175732	false	dominant=AFR proportion=0.821 margin=0.703 overlap=17882 residual=0.0431
GCST90201993	GCST90201993	African	AFR	af_assigned	ukb-ancestry-mixture-hg38	18016	AFR	0.781679	0.61636	0.0404322	ok	0.781679	0.0063642	0.013691	0.165319	0	0	0.0329462	false	dominant=AFR proportion=0.782 margin=0.616 overlap=18016 residual=0.0404
GCST90201994	GCST90201994	African	AFR	af_assigned	ukb-ancestry-mixture-hg38	13786	AFR	0.808958	0.644638	0.0452979	ok	0.808958	0.0267221	0	0.16432	0	0	0	false	dominant=AFR proportion=0.809 margin=0.645 overlap=13786 residual=0.0453
GCST90201995	GCST90201995	African	AFR	af_assigned	ukb-ancestry-mixture-hg38	15775	AFR	0.782131	0.646357	0.0375646	ok	0.782131	0	0.0114612	0.135774	0	0.0477847	0.0228494	false	dominant=AFR proportion=0.782 margin=0.646 overlap=15775 residual=0.0376
GCST90201996	GCST90201996	African	AFR	af_assigned	ukb-ancestry-mixture-hg38	42823	AFR	0.80394	0.635199	0.0523692	ok	0.80394	0	0.0114132	0.168741	0	5.52947e-05	0.0158502	false	dominant=AFR proportion=0.804 margin=0.635 overlap=42823 residual=0.0524
GCST90201997	GCST90201997	African	AFR	af_assigned	ukb-ancestry-mixture-hg38	10024	AFR	0.779989	0.599411	0.0434079	ok	0.779989	0	0.0135925	0.180578	0	0	0.0258409	false	dominant=AFR proportion=0.780 margin=0.599 overlap=10024 residual=0.0434
GCST90201998	GCST90201998	African	AFR	af_assigned	ukb-ancestry-mixture-hg38	8573	AFR	0.820622	0.673197	0.0398334	ok	0.820622	0.00805799	0.00677597	0.147426	0	0	0.0171183	false	dominant=AFR proportion=0.821 margin=0.673 overlap=8573 residual=0.0398
GCST90201999	GCST90201999	African	AFR	af_assigned	ukb-ancestry-mixture-hg38	12019	AFR	0.818132	0.673421	0.0385363	ok	0.818132	0.00882141	0	0.144711	0	0	0.028336	false	dominant=AFR proportion=0.818 margin=0.673 overlap=12019 residual=0.0385
GCST90202000	GCST90202000	African	AFR	af_assigned	ukb-ancestry-mixture-hg38	28569	AFR	0.834856	0.669713	0.0418614	ok	0.834856	0	0	0.165144	0	0	0	false	dominant=AFR proportion=0.835 margin=0.670 overlap=28569 residual=0.0419
GCST90202001	GCST90202001	African	AFR	af_assigned	ukb-ancestry-mixture-hg38	12466	AFR	0.802986	0.665027	0.0402754	ok	0.802986	0.0395963	0.0107076	0.137959	0	0.00793041	0.000820787	false	dominant=AFR proportion=0.803 margin=0.665 overlap=12466 residual=0.0403
GCST90202002	GCST90202002	African	AFR	af_assigned	ukb-ancestry-mixture-hg38	60964	AFR	0.75092	0.578822	0.0533158	ok	0.75092	0	0.0181305	0.172098	0.0344266	0	0.0244256	false	dominant=AFR proportion=0.751 margin=0.579 overlap=60964 residual=0.0533
GCST90202003	GCST90202003	African	AFR	af_assigned	ukb-ancestry-mixture-hg38	11128	AFR	0.793958	0.661376	0.038556	ok	0.793958	0.0128316	0	0.132582	0.0378666	0	0.0227621	false	dominant=AFR proportion=0.794 margin=0.661 overlap=11128 residual=0.0386
GCST90202004	GCST90202004	African	AFR	af_assigned	ukb-ancestry-mixture-hg38	7095	AFR	0.808651	0.670024	0.0437984	ok	0.808651	0.0138715	0.00542867	0.138627	0.0148908	0	0.0185303	false	dominant=AFR proportion=0.809 margin=0.670 overlap=7095 residual=0.0438
GCST90202005	GCST90202005	African	AFR	af_assigned	ukb-ancestry-mixture-hg38	25265	AFR	0.816083	0.632166	0.0396113	ok	0.816083	0	0	0.183917	0	0	0	false	dominant=AFR proportion=0.816 margin=0.632 overlap=25265 residual=0.0396
GCST90202006	GCST90202006	African	AFR	af_assigned	ukb-ancestry-mixture-hg38	12922	AFR	0.794837	0.659722	0.0376854	ok	0.794837	0.0216791	0.00963785	0.135115	0	0.0148608	0.023871	false	dominant=AFR proportion=0.795 margin=0.660 overlap=12922 residual=0.0377
GCST90202007	GCST90202007	African	AFR	af_assigned	ukb-ancestry-mixture-hg38	18496	AFR	0.826858	0.701224	0.0402443	ok	0.826858	0.00952227	0.0178439	0.125635	0	0	0.0201406	false	dominant=AFR proportion=0.827 margin=0.701 overlap=18496 residual=0.0402
GCST90202008	GCST90202008	African	AFR	af_assigned	ukb-ancestry-mixture-hg38	15577	AFR	0.795065	0.667549	0.0386823	ok	0.795065	0.0203195	0	0.127516	0	0.0192853	0.0378136	false	dominant=AFR proportion=0.795 margin=0.668 overlap=15577 residual=0.0387
GCST90202009	GCST90202009	African	AFR	af_assigned	ukb-ancestry-mixture-hg38	32533	AFR	0.790684	0.623884	0.0427808	ok	0.790684	0	0.00592464	0.166799	0.0287204	0	0.00787197	false	dominant=AFR proportion=0.791 margin=0.624 overlap=32533 residual=0.0428
GCST90202010	GCST90202010	African	AFR	af_assigned	ukb-ancestry-mixture-hg38	17575	AFR	0.81356	0.692511	0.0383723	ok	0.81356	0	0.0288025	0.121049	0.00503681	0	0.0315518	false	dominant=AFR proportion=0.814 margin=0.693 overlap=17575 residual=0.0384
GCST90202011	GCST90202011	African	AFR	af_assigned	ukb-ancestry-mixture-hg38	13266	AFR	0.804286	0.664087	0.042521	ok	0.804286	0.0233097	0	0.140199	0.0253793	0	0.00682642	false	dominant=AFR proportion=0.804 margin=0.664 overlap=13266 residual=0.0425
GCST90202012	GCST90202012	African	AFR	af_assigned	ukb-ancestry-mixture-hg38	22109	AFR	0.814802	0.668513	0.0395971	ok	0.814802	0	0	0.146289	0	0	0.0389095	false	dominant=AFR proportion=0.815 margin=0.669 overlap=22109 residual=0.0396
GCST90202013	GCST90202013	African	AFR	af_assigned	ukb-ancestry-mixture-hg38	6718	AFR	0.814127	0.676949	0.0402566	ok	0.814127	0.0140973	0.00219672	0.137178	0.00736378	0.00299826	0.0220387	false	dominant=AFR proportion=0.814 margin=0.677 overlap=6718 residual=0.0403
GCST90202014	GCST90202014	African	AFR	af_assigned	ukb-ancestry-mixture-hg38	31829	AFR	0.794847	0.701617	0.0443569	ok	0.794847	0.0205869	0	0.0932296	0	0.089619	0.00171779	false	dominant=AFR proportion=0.795 margin=0.702 overlap=31829 residual=0.0444
GCST90202015	GCST90202015	African	AFR	af_assigned	ukb-ancestry-mixture-hg38	25624	AFR	0.793186	0.685674	0.0394128	ok	0.793186	0	0.000214725	0.107513	0	0.0385726	0.0605135	false	dominant=AFR proportion=0.793 margin=0.686 overlap=25624 residual=0.0394
GCST90202016	GCST90202016	African	AFR	af_assigned	ukb-ancestry-mixture-hg38	18922	AFR	0.781544	0.595129	0.0408638	ok	0.781544	0.00852531	0.0235154	0.186415	0	0	0	false	dominant=AFR proportion=0.782 margin=0.595 overlap=18922 residual=0.0409
GCST90202017	GCST90202017	African	AFR	af_assigned	ukb-ancestry-mixture-hg38	6717	AFR	0.81217	0.671719	0.0404299	ok	0.81217	0.0147267	0.00615122	0.140451	0.00375692	0.00211829	0.0206252	false	dominant=AFR proportion=0.812 margin=0.672 overlap=6717 residual=0.0404
GCST90202018	GCST90202018	African	AFR	af_assigned	ukb-ancestry-mixture-hg38	22477	AFR	0.805446	0.686191	0.0432651	ok	0.805446	0	0.0221326	0.119255	0.0171521	0.0303006	0.00571445	false	dominant=AFR proportion=0.805 margin=0.686 overlap=22477 residual=0.0433
GCST90202019	GCST90202019	African	AFR	af_assigned	ukb-ancestry-mixture-hg38	19539	AFR	0.805972	0.63602	0.0428321	ok	0.805972	0	0.00608941	0.169952	0	0	0.0179867	false	dominant=AFR proportion=0.806 margin=0.636 overlap=19539 residual=0.0428
GCST90202020	GCST90202020	African	AFR	af_assigned	ukb-ancestry-mixture-hg38	32644	AFR	0.796151	0.651079	0.0395512	ok	0.796151	7.23813e-05	0	0.145072	0.00422227	0	0.0544818	false	dominant=AFR proportion=0.796 margin=0.651 overlap=32644 residual=0.0396
GCST90202021	GCST90202021	African	AFR	af_assigned	ukb-ancestry-mixture-hg38	21528	AFR	0.793246	0.64106	0.0446651	ok	0.793246	0	0	0.152186	0.0187042	0	0.0358642	false	dominant=AFR proportion=0.793 margin=0.641 overlap=21528 residual=0.0447
GCST90202022	GCST90202022	African	AFR	af_assigned	ukb-ancestry-mixture-hg38	61627	AFR	0.831693	0.70438	0.0484538	ok	0.831693	0.0260317	0.0149628	0.127313	0	0	0	false	dominant=AFR proportion=0.832 margin=0.704 overlap=61627 residual=0.0485
GCST90202023	GCST90202023	African	AFR	af_assigned	ukb-ancestry-mixture-hg38	23063	AFR	0.759713	0.62533	0.0415168	ok	0.759713	0.001399	0.00594982	0.134383	0	0.0403182	0.0582374	false	dominant=AFR proportion=0.760 margin=0.625 overlap=23063 residual=0.0415
GCST90202024	GCST90202024	African	AFR	af_assigned	ukb-ancestry-mixture-hg38	6827	AFR	0.811341	0.667236	0.040198	ok	0.811341	0.0120575	0.00248138	0.144105	0.00596544	0.0020944	0.0219555	false	dominant=AFR proportion=0.811 margin=0.667 overlap=6827 residual=0.0402
GCST90202025	GCST90202025	African	AFR	af_assigned	ukb-ancestry-mixture-hg38	16600	AFR	0.791737	0.642417	0.0377215	ok	0.791737	0.00639491	0.00249917	0.14932	0	0.0130296	0.0370199	false	dominant=AFR proportion=0.792 margin=0.642 overlap=16600 residual=0.0377
GCST90202026	GCST90202026	African	AFR	af_assigned	ukb-ancestry-mixture-hg38	106693	AFR	0.82309	0.710797	0.0521406	ok	0.82309	0.0120723	0.00617785	0.112293	0	0.0246907	0.0216756	false	dominant=AFR proportion=0.823 margin=0.711 overlap=106693 residual=0.0521
GCST90202027	GCST90202027	African	AFR	af_assigned	ukb-ancestry-mixture-hg38	34907	AFR	0.826857	0.687611	0.0447276	ok	0.826857	0.0139826	0.0199151	0.139246	0	0	0	false	dominant=AFR proportion=0.827 margin=0.688 overlap=34907 residual=0.0447
GCST90202028	GCST90202028	African	AFR	af_assigned	ukb-ancestry-mixture-hg38	12648	AFR	0.796263	0.639183	0.0400981	ok	0.796263	0.0402933	0.00636335	0.15708	0	0	0	false	dominant=AFR proportion=0.796 margin=0.639 overlap=12648 residual=0.0401
GCST90202029	GCST90202029	African	AFR	af_assigned	ukb-ancestry-mixture-hg38	25024	AFR	0.797674	0.667071	0.0381806	ok	0.797674	0.00246432	0.0217212	0.130603	0	0.00138901	0.0461487	false	dominant=AFR proportion=0.798 margin=0.667 overlap=25024 residual=0.0382
GCST90202030	GCST90202030	African	AFR	af_assigned	ukb-ancestry-mixture-hg38	12124	AFR	0.786398	0.662485	0.0385239	ok	0.786398	0.00745761	0.0191326	0.123912	0	0.0431306	0.0199691	false	dominant=AFR proportion=0.786 margin=0.662 overlap=12124 residual=0.0385
GCST90202031	GCST90202031	African	AFR	af_assigned	ukb-ancestry-mixture-hg38	15685	AFR	0.798316	0.667947	0.0404131	ok	0.798316	0.004901	0.0140449	0.130369	0.0163817	0	0.0359879	false	dominant=AFR proportion=0.798 margin=0.668 overlap=15685 residual=0.0404
GCST90202032	GCST90202032	African	AFR	af_assigned	ukb-ancestry-mixture-hg38	6786	AFR	0.804511	0.656667	0.0399102	ok	0.804511	0.0142459	0.00531934	0.147843	0.0108141	0	0.0172666	false	dominant=AFR proportion=0.805 margin=0.657 overlap=6786 residual=0.0399
GCST90202033	GCST90202033	African	AFR	af_assigned	ukb-ancestry-mixture-hg38	27985	AFR	0.790957	0.665419	0.0382784	ok	0.790957	0	0.0111507	0.125538	0	0.0122773	0.0600773	false	dominant=AFR proportion=0.791 margin=0.665 overlap=27985 residual=0.0383
GCST90202034	GCST90202034	African	AFR	af_assigned	ukb-ancestry-mixture-hg38	12805	AFR	0.826152	0.681773	0.0393841	ok	0.826152	0.00365193	0.00364674	0.144379	0	0	0.0221704	false	dominant=AFR proportion=0.826 margin=0.682 overlap=12805 residual=0.0394
GCST90202035	GCST90202035	African	AFR	af_assigned	ukb-ancestry-mixture-hg38	10305	AFR	0.791282	0.592315	0.0385194	ok	0.791282	0	0.00652173	0.198967	0.00249201	0.00073766	0	false	dominant=AFR proportion=0.791 margin=0.592 overlap=10305 residual=0.0385
GCST90202036	GCST90202036	African	AFR	af_assigned	ukb-ancestry-mixture-hg38	14301	AFR	0.804869	0.620996	0.039771	ok	0.804869	0.000908595	0.0103492	0.183873	0	0	0	false	dominant=AFR proportion=0.805 margin=0.621 overlap=14301 residual=0.0398
GCST90202037	GCST90202037	African	AFR	af_assigned	ukb-ancestry-mixture-hg38	9009	AFR	0.820901	0.679046	0.0401661	ok	0.820901	0.0135058	0.023739	0.141855	0	0	0	false	dominant=AFR proportion=0.821 margin=0.679 overlap=9009 residual=0.0402
GCST90202038	GCST90202038	African	AFR	af_assigned	ukb-ancestry-mixture-hg38	20927	AFR	0.822154	0.701059	0.0400205	ok	0.822154	0.0144299	0.00375074	0.121095	0	0	0.0385699	false	dominant=AFR proportion=0.822 margin=0.701 overlap=20927 residual=0.0400
GCST90202039	GCST90202039	African	AFR	af_assigned	ukb-ancestry-mixture-hg38	10320	AFR	0.808612	0.680912	0.0388648	ok	0.808612	0	0.0107303	0.127701	0.0218939	0.0105904	0.0204727	false	dominant=AFR proportion=0.809 margin=0.681 overlap=10320 residual=0.0389
GCST90202040	GCST90202040	African	AFR	af_assigned	ukb-ancestry-mixture-hg38	10110	AFR	0.820304	0.667221	0.041433	ok	0.820304	0.00461377	0.00456703	0.153083	0	0	0.0174326	false	dominant=AFR proportion=0.820 margin=0.667 overlap=10110 residual=0.0414
GCST90202041	GCST90202041	African	AFR	af_assigned	ukb-ancestry-mixture-hg38	6667	AFR	0.810051	0.66634	0.039692	ok	0.810051	0.0143656	0.00498834	0.143712	0.00589047	0	0.0209925	false	dominant=AFR proportion=0.810 margin=0.666 overlap=6667 residual=0.0397
GCST90202042	GCST90202042	African	AFR	af_assigned	ukb-ancestry-mixture-hg38	14322	AFR	0.827473	0.688718	0.0412082	ok	0.827473	0.0172658	0.016506	0.138755	0	0	0	false	dominant=AFR proportion=0.827 margin=0.689 overlap=14322 residual=0.0412
GCST90202043	GCST90202043	African	AFR	af_assigned	ukb-ancestry-mixture-hg38	9453	AFR	0.794726	0.626484	0.0417676	ok	0.794726	0.0112774	0	0.168241	0	0	0.0257555	false	dominant=AFR proportion=0.795 margin=0.626 overlap=9453 residual=0.0418
GCST90202044	GCST90202044	African	AFR	af_assigned	ukb-ancestry-mixture-hg38	14633	AFR	0.787054	0.654141	0.0391826	ok	0.787054	0	0.0170887	0.132913	0.0443391	0	0.0186055	false	dominant=AFR proportion=0.787 margin=0.654 overlap=14633 residual=0.0392
GCST90202045	GCST90202045	African	AFR	af_assigned	ukb-ancestry-mixture-hg38	10861	AFR	0.794099	0.648882	0.0384166	ok	0.794099	0.0217024	0.00534734	0.145217	0	0	0.033634	false	dominant=AFR proportion=0.794 margin=0.649 overlap=10861 residual=0.0384
GCST90202046	GCST90202046	African	AFR	af_assigned	ukb-ancestry-mixture-hg38	6722	AFR	0.805893	0.659858	0.0404813	ok	0.805893	0.0141675	0.00447659	0.146035	0.00357339	0.0027805	0.0230744	false	dominant=AFR proportion=0.806 margin=0.660 overlap=6722 residual=0.0405
GCST90202047	GCST90202047	African	AFR	af_assigned	ukb-ancestry-mixture-hg38	19802	AFR	0.782771	0.577703	0.03955	ok	0.782771	0.00298137	0.00917986	0.205068	0	0	0	false	dominant=AFR proportion=0.783 margin=0.578 overlap=19802 residual=0.0395
GCST90202048	GCST90202048	African	AFR	af_assigned	ukb-ancestry-mixture-hg38	16059	AFR	0.78782	0.658288	0.0370254	ok	0.78782	0	0.0329074	0.129531	0	0	0.0497417	false	dominant=AFR proportion=0.788 margin=0.658 overlap=16059 residual=0.0370
GCST90202049	GCST90202049	African	AFR	af_assigned	ukb-ancestry-mixture-hg38	6737	AFR	0.811589	0.671166	0.0405213	ok	0.811589	0.0168149	0.00379289	0.140423	0.00374686	0.00252888	0.0211043	false	dominant=AFR proportion=0.812 margin=0.671 overlap=6737 residual=0.0405
GCST90202050	GCST90202050	African	AFR	af_assigned	ukb-ancestry-mixture-hg38	15559	AFR	0.80505	0.672689	0.0418761	ok	0.80505	0.00947256	0.0206685	0.132362	0	0	0.0324468	false	dominant=AFR proportion=0.805 margin=0.673 overlap=15559 residual=0.0419
GCST90202051	GCST90202051	African	AFR	af_assigned	ukb-ancestry-mixture-hg38	16493	AFR	0.795385	0.673392	0.0399976	ok	0.795385	0.016631	0	0.121993	0	0	0.0659908	false	dominant=AFR proportion=0.795 margin=0.673 overlap=16493 residual=0.0400
GCST90202052	GCST90202052	African	AFR	af_assigned	ukb-ancestry-mixture-hg38	21147	AFR	0.807317	0.646543	0.0391269	ok	0.807317	0.00658822	0.0171562	0.160774	0	0	0.0081642	false	dominant=AFR proportion=0.807 margin=0.647 overlap=21147 residual=0.0391
GCST90202053	GCST90202053	African	AFR	af_assigned	ukb-ancestry-mixture-hg38	19723	AFR	0.792313	0.626328	0.0448182	ok	0.792313	0.00607917	0.00043907	0.165986	0	0.000563645	0.0346188	false	dominant=AFR proportion=0.792 margin=0.626 overlap=19723 residual=0.0448
GCST90202054	GCST90202054	African	AFR	af_assigned	ukb-ancestry-mixture-hg38	41185	AFR	0.80808	0.662459	0.0467398	ok	0.80808	0.00908617	0.00286138	0.145621	0	0	0.0343517	false	dominant=AFR proportion=0.808 margin=0.662 overlap=41185 residual=0.0467
