analysis_id	status	error	attempt	retry_count	source_url	downloaded_bytes	input_rows	retained_rows	retained_fraction	cis_rows	significant_trans_regions	significant_trans_rows	suggestive_leads	qc_panel_rows	output_file	output_bytes	checksum_algorithm	checksum	download_seconds	filter_seconds	total_seconds
GCST90201021	ok	""	1	0	http://ftp.ebi.ac.uk/pub/databases/gwas/summary_statistics/GCST90201001-GCST90202000/GCST90201021/harmonised/GCST90201021.h.tsv.gz	150934858	7317643	11773	0.001609	0	1	5034	60	6683	/data/opengwasdb/metabolome-plasma-2023/releases/2023-chen-full-african/filtered/GCST90201021_GCST90201021.filtered.tsv.gz	287920	sha256	0c208e7e2bf5efc4d656dc3d6be958e4a7c6b8639be84727f93fbbdc79a338e7	9	19.5	28.5
GCST90201022	ok	""	1	0	http://ftp.ebi.ac.uk/pub/databases/gwas/summary_statistics/GCST90201001-GCST90202000/GCST90201022/harmonised/GCST90201022.h.tsv.gz	157606464	7278494	12890	0.001771	0	1	6194	66	6636	/data/opengwasdb/metabolome-plasma-2023/releases/2023-chen-full-african/filtered/GCST90201022_GCST90201022.filtered.tsv.gz	306532	sha256	82c16dda9c792111fe03b928f3d422ea6f6f6402ab45fc7d074920c3ccbccfc4	9.2	20	29.3
GCST90201023	ok	""	1	0	http://ftp.ebi.ac.uk/pub/databases/gwas/summary_statistics/GCST90201001-GCST90202000/GCST90201023/harmonised/GCST90201023.h.tsv.gz	151590595	7378767	12047	0.001633	0	1	5220	82	6750	/data/opengwasdb/metabolome-plasma-2023/releases/2023-chen-full-african/filtered/GCST90201023_GCST90201023.filtered.tsv.gz	288301	sha256	1513f6db6c3d4969c8caa6970a64065849d8e50ddfcaea7fe227eac59c644670	8.9	19.7	28.6
GCST90201024	ok	""	1	0	http://ftp.ebi.ac.uk/pub/databases/gwas/summary_statistics/GCST90201001-GCST90202000/GCST90201024/harmonised/GCST90201024.h.tsv.gz	157486824	7278494	6703	0.000921	0	0	0	67	6636	/data/opengwasdb/metabolome-plasma-2023/releases/2023-chen-full-african/filtered/GCST90201024_GCST90201024.filtered.tsv.gz	184871	sha256	f1cb86af39ffb334b337c37b472f14ffc2c0e8ef423a84ad8311837ffa82cc09	11.7	18.7	30.4
GCST90201025	ok	""	1	0	http://ftp.ebi.ac.uk/pub/databases/gwas/summary_statistics/GCST90201001-GCST90202000/GCST90201025/harmonised/GCST90201025.h.tsv.gz	157569458	7278494	22889	0.003145	0	3	16187	81	6636	/data/opengwasdb/metabolome-plasma-2023/releases/2023-chen-full-african/filtered/GCST90201025_GCST90201025.filtered.tsv.gz	515712	sha256	4099ce1d797dd04c49fd2d4adcffac910e3ba96ea3714960418d32430c7d55d7	6.7	19.1	25.8
GCST90201026	ok	""	1	0	http://ftp.ebi.ac.uk/pub/databases/gwas/summary_statistics/GCST90201001-GCST90202000/GCST90201026/harmonised/GCST90201026.h.tsv.gz	145915067	7212352	6627	0.000919	0	0	0	92	6535	/data/opengwasdb/metabolome-plasma-2023/releases/2023-chen-full-african/filtered/GCST90201026_GCST90201026.filtered.tsv.gz	181958	sha256	8d82111026ca126bd4b734bff83c4bd2757066434bab06d8650512301b4ae4fb	8	17.8	25.8
GCST90201027	ok	""	1	0	http://ftp.ebi.ac.uk/pub/databases/gwas/summary_statistics/GCST90201001-GCST90202000/GCST90201027/harmonised/GCST90201027.h.tsv.gz	150342549	7278494	25248	0.003469	0	3	18531	93	6636	/data/opengwasdb/metabolome-plasma-2023/releases/2023-chen-full-african/filtered/GCST90201027_GCST90201027.filtered.tsv.gz	571754	sha256	0dd968d798327bffd007d6764083234946e6c4cab474bf989c2586b84994f040	8.3	19.8	28.1
GCST90201028	ok	""	1	0	http://ftp.ebi.ac.uk/pub/databases/gwas/summary_statistics/GCST90201001-GCST90202000/GCST90201028/harmonised/GCST90201028.h.tsv.gz	160148643	7489150	41856	0.005589	0	6	34868	153	6867	/data/opengwasdb/metabolome-plasma-2023/releases/2023-chen-full-african/filtered/GCST90201028_GCST90201028.filtered.tsv.gz	872344	sha256	3f04f4fc061ba54c5cdaa3142a4a0e2b7d54500be1a5cfa3a2aeabeabf67e7ff	5.5	19.1	24.6
GCST90201029	ok	""	1	0	http://ftp.ebi.ac.uk/pub/databases/gwas/summary_statistics/GCST90201001-GCST90202000/GCST90201029/harmonised/GCST90201029.h.tsv.gz	150342712	7278494	13584	0.001866	0	1	6802	151	6636	/data/opengwasdb/metabolome-plasma-2023/releases/2023-chen-full-african/filtered/GCST90201029_GCST90201029.filtered.tsv.gz	323963	sha256	6c8a4a5365095ad70875a27ca3644ca6087cc07b98998e7e902888f021d2d858	11	19.5	30.5
GCST90201030	ok	""	1	0	http://ftp.ebi.ac.uk/pub/databases/gwas/summary_statistics/GCST90201001-GCST90202000/GCST90201030/harmonised/GCST90201030.h.tsv.gz	160234032	7461308	29558	0.003962	0	4	22608	109	6863	/data/opengwasdb/metabolome-plasma-2023/releases/2023-chen-full-african/filtered/GCST90201030_GCST90201030.filtered.tsv.gz	629863	sha256	35bfa5f82fa5216263286ee6481a405d634a3c7f3a0318a15e592452c914828a	9.1	19.1	28.2
GCST90201031	ok	""	1	0	http://ftp.ebi.ac.uk/pub/databases/gwas/summary_statistics/GCST90201001-GCST90202000/GCST90201031/harmonised/GCST90201031.h.tsv.gz	159769739	7510626	37515	0.004995	0	6	30439	194	6905	/data/opengwasdb/metabolome-plasma-2023/releases/2023-chen-full-african/filtered/GCST90201031_GCST90201031.filtered.tsv.gz	781497	sha256	fdeb17870d90fcecf6618a318425fcaf47ae2738df9bca1d553badb1557cbcee	9.3	20.3	29.6
GCST90201032	ok	""	1	0	http://ftp.ebi.ac.uk/pub/databases/gwas/summary_statistics/GCST90201001-GCST90202000/GCST90201032/harmonised/GCST90201032.h.tsv.gz	157816609	7300215	6777	0.000928	0	0	0	127	6650	/data/opengwasdb/metabolome-plasma-2023/releases/2023-chen-full-african/filtered/GCST90201032_GCST90201032.filtered.tsv.gz	187055	sha256	37f5cb46eec3004b064e7cd0c3caebc9306a0f660bc7c8c885a74ecb2fd4804a	11.7	18.1	29.8
GCST90201033	ok	""	1	0	http://ftp.ebi.ac.uk/pub/databases/gwas/summary_statistics/GCST90201001-GCST90202000/GCST90201033/harmonised/GCST90201033.h.tsv.gz	157597048	7278494	49877	0.006853	0	7	43148	131	6636	/data/opengwasdb/metabolome-plasma-2023/releases/2023-chen-full-african/filtered/GCST90201033_GCST90201033.filtered.tsv.gz	1014516	sha256	aa68f744eebbb99b44c2746da007e410351fff6ec1b24ec7002a572b94b0bb0e	9.4	20.3	29.6
GCST90201034	ok	""	1	0	http://ftp.ebi.ac.uk/pub/databases/gwas/summary_statistics/GCST90201001-GCST90202000/GCST90201034/harmonised/GCST90201034.h.tsv.gz	153623387	7527209	27027	0.003591	0	3	19841	194	7004	/data/opengwasdb/metabolome-plasma-2023/releases/2023-chen-full-african/filtered/GCST90201034_GCST90201034.filtered.tsv.gz	561113	sha256	8d47bc9d203449f77e5dece2b97b2981a062c30b4260f5d3d87b410addfef749	10.6	18.9	29.6
GCST90201035	ok	""	1	0	http://ftp.ebi.ac.uk/pub/databases/gwas/summary_statistics/GCST90201001-GCST90202000/GCST90201035/harmonised/GCST90201035.h.tsv.gz	158254026	7339656	32767	0.004464	0	4	25989	101	6703	/data/opengwasdb/metabolome-plasma-2023/releases/2023-chen-full-african/filtered/GCST90201035_GCST90201035.filtered.tsv.gz	679088	sha256	60a5e70a32a5e102585d5bb3aaad2c907e9be3ab04fc9ab07a91d332e9ba8f01	9.8	19.7	29.5
GCST90201036	ok	""	1	0	http://ftp.ebi.ac.uk/pub/databases/gwas/summary_statistics/GCST90201001-GCST90202000/GCST90201036/harmonised/GCST90201036.h.tsv.gz	150921474	7317432	24877	0.0034	0	3	18101	105	6686	/data/opengwasdb/metabolome-plasma-2023/releases/2023-chen-full-african/filtered/GCST90201036_GCST90201036.filtered.tsv.gz	546966	sha256	bc81ce893de00ffbdc8b6ee4d085d4a741784b4dc35f21f8210d3cd4acf57507	8.3	19.6	27.9
GCST90201037	ok	""	1	0	http://ftp.ebi.ac.uk/pub/databases/gwas/summary_statistics/GCST90201001-GCST90202000/GCST90201037/harmonised/GCST90201037.h.tsv.gz	159353027	7419083	60900	0.008209	0	9	54011	114	6818	/data/opengwasdb/metabolome-plasma-2023/releases/2023-chen-full-african/filtered/GCST90201037_GCST90201037.filtered.tsv.gz	1234264	sha256	b882f5f85538914d961d00ada56056c2e0c24f3499f276d90d2c473678dd5b96	10.2	21.8	32.1
GCST90201038	ok	""	1	0	http://ftp.ebi.ac.uk/pub/databases/gwas/summary_statistics/GCST90201001-GCST90202000/GCST90201038/harmonised/GCST90201038.h.tsv.gz	160785184	7506741	7006	0.000933	0	0	0	83	6923	/data/opengwasdb/metabolome-plasma-2023/releases/2023-chen-full-african/filtered/GCST90201038_GCST90201038.filtered.tsv.gz	191874	sha256	89ed74d6630ba968fb9ceb5138df882920074f2e31449ad26beaf67860596a77	9.8	19.8	29.6
GCST90201039	ok	""	1	0	http://ftp.ebi.ac.uk/pub/databases/gwas/summary_statistics/GCST90201001-GCST90202000/GCST90201039/harmonised/GCST90201039.h.tsv.gz	160259073	7667029	147031	0.019177	0	22	139685	337	7123	/data/opengwasdb/metabolome-plasma-2023/releases/2023-chen-full-african/filtered/GCST90201039_GCST90201039.filtered.tsv.gz	2864631	sha256	ec5b4cdbab6e533968311ccf2827237e69b81cc2d095182ab2ef8fb682c17c66	11.5	22.1	33.6
GCST90201040	ok	""	1	0	http://ftp.ebi.ac.uk/pub/databases/gwas/summary_statistics/GCST90201001-GCST90202000/GCST90201040/harmonised/GCST90201040.h.tsv.gz	151572471	7361826	6792	0.000923	0	0	0	60	6732	/data/opengwasdb/metabolome-plasma-2023/releases/2023-chen-full-african/filtered/GCST90201040_GCST90201040.filtered.tsv.gz	187144	sha256	e7fd2ff33337d0c3290b97c01183d3573ae3d3515a7b858c049815700c4fd4e8	9	19	28.1
GCST90201041	ok	""	1	0	http://ftp.ebi.ac.uk/pub/databases/gwas/summary_statistics/GCST90201001-GCST90202000/GCST90201041/harmonised/GCST90201041.h.tsv.gz	151860004	7369635	96347	0.013074	0	16	89401	280	6737	/data/opengwasdb/metabolome-plasma-2023/releases/2023-chen-full-african/filtered/GCST90201041_GCST90201041.filtered.tsv.gz	2000707	sha256	062452b5e9d95883cf275d39f4db0b6e2f59f8e14fcc7e2b475636269c2bc317	9.3	22.1	31.3
GCST90201042	ok	""	1	0	http://ftp.ebi.ac.uk/pub/databases/gwas/summary_statistics/GCST90201001-GCST90202000/GCST90201042/harmonised/GCST90201042.h.tsv.gz	157717266	7295565	54492	0.007469	0	7	47791	81	6654	/data/opengwasdb/metabolome-plasma-2023/releases/2023-chen-full-african/filtered/GCST90201042_GCST90201042.filtered.tsv.gz	1147504	sha256	70e9f15b19f42830750b1e7e51f6548c6ca58985889bdac2b6e389c8aefc4f7b	9.2	19.5	28.7
GCST90201043	ok	""	1	0	http://ftp.ebi.ac.uk/pub/databases/gwas/summary_statistics/GCST90201001-GCST90202000/GCST90201043/harmonised/GCST90201043.h.tsv.gz	157564627	7278494	6711	0.000922	0	0	0	75	6636	/data/opengwasdb/metabolome-plasma-2023/releases/2023-chen-full-african/filtered/GCST90201043_GCST90201043.filtered.tsv.gz	185222	sha256	1459ce3cf63761b79b60d6f1f7992bf89b0ca331956fe5c795a14597d966605f	9.4	19	28.4
GCST90201044	ok	""	1	0	http://ftp.ebi.ac.uk/pub/databases/gwas/summary_statistics/GCST90201001-GCST90202000/GCST90201044/harmonised/GCST90201044.h.tsv.gz	146226066	7291975	32066	0.004397	0	5	25327	109	6659	/data/opengwasdb/metabolome-plasma-2023/releases/2023-chen-full-african/filtered/GCST90201044_GCST90201044.filtered.tsv.gz	667291	sha256	b8791de6e971cab6b5f4da41c7dfd7110fa51cb7617351a18ea7c9cef6b7eb1d	10.3	17.8	28.2
GCST90201045	ok	""	1	0	http://ftp.ebi.ac.uk/pub/databases/gwas/summary_statistics/GCST90201001-GCST90202000/GCST90201045/harmonised/GCST90201045.h.tsv.gz	158713674	7385367	21565	0.00292	0	2	14717	106	6754	/data/opengwasdb/metabolome-plasma-2023/releases/2023-chen-full-african/filtered/GCST90201045_GCST90201045.filtered.tsv.gz	484388	sha256	6a938f3463f294b0e6bf1b66e061159ea98cd213fbd79fa0813e91e4953844b3	10.2	19.7	29.9
GCST90201046	ok	""	1	0	http://ftp.ebi.ac.uk/pub/databases/gwas/summary_statistics/GCST90201001-GCST90202000/GCST90201046/harmonised/GCST90201046.h.tsv.gz	150644423	7305430	6753	0.000924	0	0	0	86	6667	/data/opengwasdb/metabolome-plasma-2023/releases/2023-chen-full-african/filtered/GCST90201046_GCST90201046.filtered.tsv.gz	186120	sha256	c35d3c58d9a31231fb0c1fa5d064f388debc2838510f44335c4e61a29fc6ede1	6.8	18.8	25.6
GCST90201047	ok	""	1	0	http://ftp.ebi.ac.uk/pub/databases/gwas/summary_statistics/GCST90201001-GCST90202000/GCST90201047/harmonised/GCST90201047.h.tsv.gz	144163982	7122215	19868	0.00279	0	2	13339	87	6451	/data/opengwasdb/metabolome-plasma-2023/releases/2023-chen-full-african/filtered/GCST90201047_GCST90201047.filtered.tsv.gz	427613	sha256	4d7230c33b02bbe7bbe745eb6a95097c0aa1770f757a06710b288fc0ce275aab	8.8	17.7	26.4
GCST90201048	ok	""	1	0	http://ftp.ebi.ac.uk/pub/databases/gwas/summary_statistics/GCST90201001-GCST90202000/GCST90201048/harmonised/GCST90201048.h.tsv.gz	157968545	7313625	21692	0.002966	0	3	14948	85	6676	/data/opengwasdb/metabolome-plasma-2023/releases/2023-chen-full-african/filtered/GCST90201048_GCST90201048.filtered.tsv.gz	474510	sha256	ce9fb5c09b26d79d1da3d23c1101535f981e8b3f9684c16276e8ef3d4fe4d19c	11.4	18.5	29.9
GCST90201049	ok	""	1	0	http://ftp.ebi.ac.uk/pub/databases/gwas/summary_statistics/GCST90201001-GCST90202000/GCST90201049/harmonised/GCST90201049.h.tsv.gz	151219198	7353867	12406	0.001687	0	1	5612	80	6719	/data/opengwasdb/metabolome-plasma-2023/releases/2023-chen-full-african/filtered/GCST90201049_GCST90201049.filtered.tsv.gz	285098	sha256	487b67621f57ae7e783f8abb28b89d4bae51327a423bcc3e58b76703d9e49df2	8.9	19.5	28.5
GCST90201050	ok	""	1	0	http://ftp.ebi.ac.uk/pub/databases/gwas/summary_statistics/GCST90201001-GCST90202000/GCST90201050/harmonised/GCST90201050.h.tsv.gz	157998686	7308282	13340	0.001825	0	1	6628	50	6665	/data/opengwasdb/metabolome-plasma-2023/releases/2023-chen-full-african/filtered/GCST90201050_GCST90201050.filtered.tsv.gz	311284	sha256	64d4d5ab18a9bf034a4d630abbb2b8c2d0111a4d9b6a6112bb13bac9626f2d2c	9.4	17.6	27
GCST90201051	ok	""	1	0	http://ftp.ebi.ac.uk/pub/databases/gwas/summary_statistics/GCST90201001-GCST90202000/GCST90201051/harmonised/GCST90201051.h.tsv.gz	150263410	7278494	12995	0.001785	0	1	6302	63	6636	/data/opengwasdb/metabolome-plasma-2023/releases/2023-chen-full-african/filtered/GCST90201051_GCST90201051.filtered.tsv.gz	294225	sha256	149dcff54af2489f8297be906106de2c13be2b4cab6295b35272cf396346c28c	8.4	17.7	26.1
GCST90201052	ok	""	1	0	http://ftp.ebi.ac.uk/pub/databases/gwas/summary_statistics/GCST90201001-GCST90202000/GCST90201052/harmonised/GCST90201052.h.tsv.gz	160099335	7450639	18906	0.002538	0	2	11918	151	6846	/data/opengwasdb/metabolome-plasma-2023/releases/2023-chen-full-african/filtered/GCST90201052_GCST90201052.filtered.tsv.gz	436005	sha256	56afb5bf81ab1945c7e4dce69017abb9a0abd7ad4478d5e3d89fa6597abf1505	11.4	17.4	28.8
GCST90201053	ok	""	1	0	http://ftp.ebi.ac.uk/pub/databases/gwas/summary_statistics/GCST90201001-GCST90202000/GCST90201053/harmonised/GCST90201053.h.tsv.gz	150910190	7316643	11994	0.001639	0	1	5229	79	6692	/data/opengwasdb/metabolome-plasma-2023/releases/2023-chen-full-african/filtered/GCST90201053_GCST90201053.filtered.tsv.gz	293085	sha256	d6a125420b44748be7e4cba9a79ef9126b0f5c15b6d92d7c2ef77819b11e5e9b	9	18.9	27.9
GCST90201054	ok	""	1	0	http://ftp.ebi.ac.uk/pub/databases/gwas/summary_statistics/GCST90201001-GCST90202000/GCST90201054/harmonised/GCST90201054.h.tsv.gz	157877900	7304272	35559	0.004868	0	5	28836	73	6672	/data/opengwasdb/metabolome-plasma-2023/releases/2023-chen-full-african/filtered/GCST90201054_GCST90201054.filtered.tsv.gz	763443	sha256	c47b8280be27025d153ab26c959251424cbc0589959c4a2fcdb8646060d7e4be	9.3	19	28.3
GCST90201055	ok	""	1	0	http://ftp.ebi.ac.uk/pub/databases/gwas/summary_statistics/GCST90201001-GCST90202000/GCST90201055/harmonised/GCST90201055.h.tsv.gz	150299110	7278494	11775	0.001618	0	1	5078	67	6636	/data/opengwasdb/metabolome-plasma-2023/releases/2023-chen-full-african/filtered/GCST90201055_GCST90201055.filtered.tsv.gz	293494	sha256	03bcddd20fb2075b7cdbbf36ab015bd8d141a376d4746fc197c89ec6969c7ceb	10.7	19.3	30
GCST90201056	ok	""	1	0	http://ftp.ebi.ac.uk/pub/databases/gwas/summary_statistics/GCST90201001-GCST90202000/GCST90201056/harmonised/GCST90201056.h.tsv.gz	151085483	7347749	16690	0.002271	0	2	9921	66	6709	/data/opengwasdb/metabolome-plasma-2023/releases/2023-chen-full-african/filtered/GCST90201056_GCST90201056.filtered.tsv.gz	389802	sha256	b15b07f564c0296a85d01386493596e84ea75b05f800a1277faa9e69174a80b4	9.2	18	27.3
GCST90201057	ok	""	1	0	http://ftp.ebi.ac.uk/pub/databases/gwas/summary_statistics/GCST90201001-GCST90202000/GCST90201057/harmonised/GCST90201057.h.tsv.gz	157551547	7278494	6710	0.000922	0	0	0	74	6636	/data/opengwasdb/metabolome-plasma-2023/releases/2023-chen-full-african/filtered/GCST90201057_GCST90201057.filtered.tsv.gz	185099	sha256	0bdd552261f9456c6c0068d340c63bffefc96d3673a490e2db0538f169ed55ab	10.9	18	28.9
GCST90201058	ok	""	1	0	http://ftp.ebi.ac.uk/pub/databases/gwas/summary_statistics/GCST90201001-GCST90202000/GCST90201058/harmonised/GCST90201058.h.tsv.gz	157472025	7278494	34530	0.004744	0	5	27839	81	6636	/data/opengwasdb/metabolome-plasma-2023/releases/2023-chen-full-african/filtered/GCST90201058_GCST90201058.filtered.tsv.gz	709976	sha256	092fb0b110cf7b185bc417d185a5ed1a9a1beb0ab0130ccec79394bdaf2113db	7.7	19.5	27.3
GCST90201059	ok	""	1	0	http://ftp.ebi.ac.uk/pub/databases/gwas/summary_statistics/GCST90201001-GCST90202000/GCST90201059/harmonised/GCST90201059.h.tsv.gz	150890488	7328818	25767	0.003516	0	3	18949	142	6692	/data/opengwasdb/metabolome-plasma-2023/releases/2023-chen-full-african/filtered/GCST90201059_GCST90201059.filtered.tsv.gz	584363	sha256	e7d60a7060907bf106b43a33e928157e64074471c128260a2eb7bccdc7bee0dd	9.5	17.8	27.3
GCST90201060	ok	""	1	0	http://ftp.ebi.ac.uk/pub/databases/gwas/summary_statistics/GCST90201001-GCST90202000/GCST90201060/harmonised/GCST90201060.h.tsv.gz	159341946	7374754	37203	0.005045	0	5	30341	117	6769	/data/opengwasdb/metabolome-plasma-2023/releases/2023-chen-full-african/filtered/GCST90201060_GCST90201060.filtered.tsv.gz	790351	sha256	dc066a376c176aeabf594eb1d8767a2f3dfa01d83a55832f4a6a3a57c16ccacf	11.4	18.7	30.2
GCST90201061	ok	""	1	0	http://ftp.ebi.ac.uk/pub/databases/gwas/summary_statistics/GCST90201001-GCST90202000/GCST90201061/harmonised/GCST90201061.h.tsv.gz	157595240	7278494	11542	0.001586	0	1	4822	87	6636	/data/opengwasdb/metabolome-plasma-2023/releases/2023-chen-full-african/filtered/GCST90201061_GCST90201061.filtered.tsv.gz	274717	sha256	5bcfe2e07ce9a4a20d568cea75fab1ce449a9e32cfd9308dc4e02e88bfae1e41	9.5	17.7	27.2
GCST90201062	ok	""	1	0	http://ftp.ebi.ac.uk/pub/databases/gwas/summary_statistics/GCST90201001-GCST90202000/GCST90201062/harmonised/GCST90201062.h.tsv.gz	150835911	7312598	18065	0.00247	0	1	11325	70	6676	/data/opengwasdb/metabolome-plasma-2023/releases/2023-chen-full-african/filtered/GCST90201062_GCST90201062.filtered.tsv.gz	413958	sha256	cba0b31c3b8ed0479a3909cf0c5e67711a8ef2da9a2e560899b06ee0b4535dba	11	18.9	29.9
GCST90201063	ok	""	1	0	http://ftp.ebi.ac.uk/pub/databases/gwas/summary_statistics/GCST90201001-GCST90202000/GCST90201063/harmonised/GCST90201063.h.tsv.gz	158228749	7329727	13947	0.001903	0	1	7189	71	6689	/data/opengwasdb/metabolome-plasma-2023/releases/2023-chen-full-african/filtered/GCST90201063_GCST90201063.filtered.tsv.gz	327384	sha256	f514f2c5da68b1299e91311731bd10822722bfec34aa4f9ed1c08f7226595e46	6	18.9	24.9
GCST90201064	ok	""	1	0	http://ftp.ebi.ac.uk/pub/databases/gwas/summary_statistics/GCST90201001-GCST90202000/GCST90201064/harmonised/GCST90201064.h.tsv.gz	150244638	7278494	12245	0.001682	0	1	5545	70	6636	/data/opengwasdb/metabolome-plasma-2023/releases/2023-chen-full-african/filtered/GCST90201064_GCST90201064.filtered.tsv.gz	295612	sha256	f333538354981ebe5cf14b98632ccb33b7af83d9c7089cb6ed725d3dde186ab3	10.4	17.6	28
GCST90201065	ok	""	1	0	http://ftp.ebi.ac.uk/pub/databases/gwas/summary_statistics/GCST90201001-GCST90202000/GCST90201065/harmonised/GCST90201065.h.tsv.gz	157518675	7278494	18725	0.002573	0	2	12005	93	6636	/data/opengwasdb/metabolome-plasma-2023/releases/2023-chen-full-african/filtered/GCST90201065_GCST90201065.filtered.tsv.gz	419175	sha256	2eb650fb995b77274483ea8217bfb5bc01b515c17e07b03c93581354d219dc54	9.9	18.7	28.6
GCST90201066	ok	""	1	0	http://ftp.ebi.ac.uk/pub/databases/gwas/summary_statistics/GCST90201001-GCST90202000/GCST90201066/harmonised/GCST90201066.h.tsv.gz	157840100	7304115	12219	0.001673	0	1	5503	57	6664	/data/opengwasdb/metabolome-plasma-2023/releases/2023-chen-full-african/filtered/GCST90201066_GCST90201066.filtered.tsv.gz	296779	sha256	c517516752606b46e93c2dc395a6261b3adec76495d8a1c312425e68e7698b16	11.4	18.5	29.9
GCST90201067	ok	""	1	0	http://ftp.ebi.ac.uk/pub/databases/gwas/summary_statistics/GCST90201001-GCST90202000/GCST90201067/harmonised/GCST90201067.h.tsv.gz	150298256	7278494	13111	0.001801	0	1	6391	91	6636	/data/opengwasdb/metabolome-plasma-2023/releases/2023-chen-full-african/filtered/GCST90201067_GCST90201067.filtered.tsv.gz	315649	sha256	4cb90c57996ca5ded376de973ba055927673d44e540dc13455d238c12c2b3dfc	10.8	17.8	28.6
GCST90201068	ok	""	1	0	http://ftp.ebi.ac.uk/pub/databases/gwas/summary_statistics/GCST90201001-GCST90202000/GCST90201068/harmonised/GCST90201068.h.tsv.gz	150596800	7290825	6716	0.000921	0	0	0	62	6655	/data/opengwasdb/metabolome-plasma-2023/releases/2023-chen-full-african/filtered/GCST90201068_GCST90201068.filtered.tsv.gz	185379	sha256	5cd45c992830f681f50400b1997544240b5c65cf52a03ba1afcade95760ff62a	9.3	17	26.2
GCST90201069	ok	""	1	0	http://ftp.ebi.ac.uk/pub/databases/gwas/summary_statistics/GCST90201001-GCST90202000/GCST90201069/harmonised/GCST90201069.h.tsv.gz	157578187	7278494	17194	0.002362	0	2	10473	96	6636	/data/opengwasdb/metabolome-plasma-2023/releases/2023-chen-full-african/filtered/GCST90201069_GCST90201069.filtered.tsv.gz	392421	sha256	4809a5289450439b6ee0c15660da5b29412fa767c8676eea5aad3177c739861c	11.5	19	30.5
GCST90201070	ok	""	1	0	http://ftp.ebi.ac.uk/pub/databases/gwas/summary_statistics/GCST90201001-GCST90202000/GCST90201070/harmonised/GCST90201070.h.tsv.gz	157410759	7278494	26866	0.003691	0	3	20153	96	6636	/data/opengwasdb/metabolome-plasma-2023/releases/2023-chen-full-african/filtered/GCST90201070_GCST90201070.filtered.tsv.gz	567212	sha256	5a0f88f8c6819969a9a708ff09b27eefc294332a38ac36938c5f08bbaf155a5b	11.3	19.5	30.8
GCST90201071	ok	""	1	0	http://ftp.ebi.ac.uk/pub/databases/gwas/summary_statistics/GCST90201001-GCST90202000/GCST90201071/harmonised/GCST90201071.h.tsv.gz	162092155	7601911	140945	0.018541	0	22	133856	185	7028	/data/opengwasdb/metabolome-plasma-2023/releases/2023-chen-full-african/filtered/GCST90201071_GCST90201071.filtered.tsv.gz	2798673	sha256	89c790fb4797720e77a9e3fc6792949b20d6f239be9ca44e150114d80a4dc19e	9.6	22.7	32.3
GCST90201072	ok	""	1	0	http://ftp.ebi.ac.uk/pub/databases/gwas/summary_statistics/GCST90201001-GCST90202000/GCST90201072/harmonised/GCST90201072.h.tsv.gz	158069071	7313625	62261	0.008513	0	9	55438	197	6676	/data/opengwasdb/metabolome-plasma-2023/releases/2023-chen-full-african/filtered/GCST90201072_GCST90201072.filtered.tsv.gz	1287948	sha256	908fa3b161920faebf4b063d1126fa888e576197470de1f429331fe3a829f7a8	11.4	20.2	31.6
GCST90201073	ok	""	1	0	http://ftp.ebi.ac.uk/pub/databases/gwas/summary_statistics/GCST90201001-GCST90202000/GCST90201073/harmonised/GCST90201073.h.tsv.gz	157595486	7278494	11137	0.00153	0	1	4416	92	6636	/data/opengwasdb/metabolome-plasma-2023/releases/2023-chen-full-african/filtered/GCST90201073_GCST90201073.filtered.tsv.gz	265135	sha256	70a791eafed08c189c3ff616e89213fb1e1bf401e6bef008bf76628b5ca1ccf1	9.6	18.5	28
GCST90201074	ok	""	1	0	http://ftp.ebi.ac.uk/pub/databases/gwas/summary_statistics/GCST90201001-GCST90202000/GCST90201074/harmonised/GCST90201074.h.tsv.gz	157630190	7295088	24826	0.003403	0	3	18089	99	6652	/data/opengwasdb/metabolome-plasma-2023/releases/2023-chen-full-african/filtered/GCST90201074_GCST90201074.filtered.tsv.gz	544499	sha256	e0b92444e671ff81b23f5bde05f5b57009200bb8f650d72e1bab1e5fcdaf6bbc	7.4	18	25.4
GCST90201075	ok	""	1	0	http://ftp.ebi.ac.uk/pub/databases/gwas/summary_statistics/GCST90201001-GCST90202000/GCST90201075/harmonised/GCST90201075.h.tsv.gz	157594025	7278494	15678	0.002154	0	1	8974	73	6636	/data/opengwasdb/metabolome-plasma-2023/releases/2023-chen-full-african/filtered/GCST90201075_GCST90201075.filtered.tsv.gz	373022	sha256	22f0e86a75e53abc9d80e3851a02f9f2667cd4911102d696a137f212e0513b27	9.5	17.4	26.9
GCST90201076	ok	""	1	0	http://ftp.ebi.ac.uk/pub/databases/gwas/summary_statistics/GCST90201001-GCST90202000/GCST90201076/harmonised/GCST90201076.h.tsv.gz	157857486	7304115	77241	0.010575	0	11	70457	169	6664	/data/opengwasdb/metabolome-plasma-2023/releases/2023-chen-full-african/filtered/GCST90201076_GCST90201076.filtered.tsv.gz	1600055	sha256	87feb7cb24625069846e3517dd95af664ea0b51cdd45a0925b9d297baf0e0c44	11.7	19.2	31
GCST90201077	ok	""	1	0	http://ftp.ebi.ac.uk/pub/databases/gwas/summary_statistics/GCST90201001-GCST90202000/GCST90201077/harmonised/GCST90201077.h.tsv.gz	148865820	7254968	17949	0.002474	0	2	11185	107	6667	/data/opengwasdb/metabolome-plasma-2023/releases/2023-chen-full-african/filtered/GCST90201077_GCST90201077.filtered.tsv.gz	379873	sha256	a0863ba5e70e5b4cbf17535da8b384c214ab8dcaccc06d025ecf6d3280de47eb	9	18.9	27.9
GCST90201078	ok	""	1	0	http://ftp.ebi.ac.uk/pub/databases/gwas/summary_statistics/GCST90201001-GCST90202000/GCST90201078/harmonised/GCST90201078.h.tsv.gz	157554914	7278494	15850	0.002178	0	2	9156	67	6636	/data/opengwasdb/metabolome-plasma-2023/releases/2023-chen-full-african/filtered/GCST90201078_GCST90201078.filtered.tsv.gz	362240	sha256	d99e51d83435a368379c1a15708aef24904bee6cee5e8bc9a38901d96b5b5a44	11.1	19.8	30.9
GCST90201079	ok	""	1	0	http://ftp.ebi.ac.uk/pub/databases/gwas/summary_statistics/GCST90201001-GCST90202000/GCST90201079/harmonised/GCST90201079.h.tsv.gz	158010993	7313625	23433	0.003204	0	3	16697	70	6676	/data/opengwasdb/metabolome-plasma-2023/releases/2023-chen-full-african/filtered/GCST90201079_GCST90201079.filtered.tsv.gz	513757	sha256	26b1a0fc972e1b3e58fbdd88b2430af8a1c88a929dfeed1f475539cf218e5a07	10.1	17.8	27.9
GCST90201080	ok	""	1	0	http://ftp.ebi.ac.uk/pub/databases/gwas/summary_statistics/GCST90201001-GCST90202000/GCST90201080/harmonised/GCST90201080.h.tsv.gz	158647463	7340420	19177	0.002613	0	2	12395	89	6703	/data/opengwasdb/metabolome-plasma-2023/releases/2023-chen-full-african/filtered/GCST90201080_GCST90201080.filtered.tsv.gz	436406	sha256	8096b0a461d6e3f5b2c9568440b19128ea5ff0e59bb2f09aec2395afc8bb5189	11.4	18.9	30.3
GCST90201081	ok	""	1	0	http://ftp.ebi.ac.uk/pub/databases/gwas/summary_statistics/GCST90201001-GCST90202000/GCST90201081/harmonised/GCST90201081.h.tsv.gz	157759292	7297104	6741	0.000924	0	0	0	83	6658	/data/opengwasdb/metabolome-plasma-2023/releases/2023-chen-full-african/filtered/GCST90201081_GCST90201081.filtered.tsv.gz	185843	sha256	14b2c14e2d118ca5f2d91f1d679271ae978c71bc6cf9b7634253d4d9791a829f	10.3	18.3	28.6
GCST90201082	ok	""	1	0	http://ftp.ebi.ac.uk/pub/databases/gwas/summary_statistics/GCST90201001-GCST90202000/GCST90201082/harmonised/GCST90201082.h.tsv.gz	154070160	7291680	63585	0.00872	0	10	56767	170	6699	/data/opengwasdb/metabolome-plasma-2023/releases/2023-chen-full-african/filtered/GCST90201082_GCST90201082.filtered.tsv.gz	1290186	sha256	28610c0c3801d5392dbd30d55d5b26c47fe8c15f99dce677200c91308053be2d	10.9	20	31
GCST90201083	ok	""	1	0	http://ftp.ebi.ac.uk/pub/databases/gwas/summary_statistics/GCST90201001-GCST90202000/GCST90201083/harmonised/GCST90201083.h.tsv.gz	157545652	7278494	23229	0.003191	0	3	16529	80	6636	/data/opengwasdb/metabolome-plasma-2023/releases/2023-chen-full-african/filtered/GCST90201083_GCST90201083.filtered.tsv.gz	516245	sha256	096f636c5f734bde680e02f4153f3357b6d14e95f9c6b5be5eabf909749f374e	11.6	17.2	28.7
GCST90201084	ok	""	1	0	http://ftp.ebi.ac.uk/pub/databases/gwas/summary_statistics/GCST90201001-GCST90202000/GCST90201084/harmonised/GCST90201084.h.tsv.gz	147744821	7305407	22864	0.00313	0	3	16116	69	6692	/data/opengwasdb/metabolome-plasma-2023/releases/2023-chen-full-african/filtered/GCST90201084_GCST90201084.filtered.tsv.gz	494200	sha256	1fa2c38a91d22ba8f2193eb3c5b728a01de07346de66a9c7d8aadc4f156bf2fd	10.5	18.6	29.2
GCST90201085	ok	""	1	0	http://ftp.ebi.ac.uk/pub/databases/gwas/summary_statistics/GCST90201001-GCST90202000/GCST90201085/harmonised/GCST90201085.h.tsv.gz	150594418	7290825	6731	0.000923	0	0	0	76	6655	/data/opengwasdb/metabolome-plasma-2023/releases/2023-chen-full-african/filtered/GCST90201085_GCST90201085.filtered.tsv.gz	185881	sha256	ca5abf28f291e103df8a6979d08034b8a1e52529345c2a5aedb166fc4239c6e2	11	18.1	29.1
GCST90201086	ok	""	1	0	http://ftp.ebi.ac.uk/pub/databases/gwas/summary_statistics/GCST90201001-GCST90202000/GCST90201086/harmonised/GCST90201086.h.tsv.gz	147584366	7350644	93893	0.012773	0	14	87101	160	6701	/data/opengwasdb/metabolome-plasma-2023/releases/2023-chen-full-african/filtered/GCST90201086_GCST90201086.filtered.tsv.gz	1904260	sha256	205293d556233d4dce16068418adfef9fd79e8072d2bfea406719c6b2e06b4ad	6.3	21.3	27.6
GCST90201087	ok	""	1	0	http://ftp.ebi.ac.uk/pub/databases/gwas/summary_statistics/GCST90201001-GCST90202000/GCST90201087/harmonised/GCST90201087.h.tsv.gz	157580270	7278494	17508	0.002405	0	2	10809	71	6636	/data/opengwasdb/metabolome-plasma-2023/releases/2023-chen-full-african/filtered/GCST90201087_GCST90201087.filtered.tsv.gz	389205	sha256	2fe0ca6330a26d57afcd9e36a317b0d39135c27278afc27b8dd07309ad066049	9.6	18.6	28.2
GCST90201088	ok	""	1	0	http://ftp.ebi.ac.uk/pub/databases/gwas/summary_statistics/GCST90201001-GCST90202000/GCST90201088/harmonised/GCST90201088.h.tsv.gz	157962393	7308282	41236	0.005642	0	6	34461	140	6665	/data/opengwasdb/metabolome-plasma-2023/releases/2023-chen-full-african/filtered/GCST90201088_GCST90201088.filtered.tsv.gz	869558	sha256	06cc7b492075c72ef92f6fd62ee9813e576464a8ee029fdb1dbadd5728959ab3	9.8	19.2	29
GCST90201089	ok	""	1	0	http://ftp.ebi.ac.uk/pub/databases/gwas/summary_statistics/GCST90201001-GCST90202000/GCST90201089/harmonised/GCST90201089.h.tsv.gz	157571255	7278494	6717	0.000923	0	0	0	81	6636	/data/opengwasdb/metabolome-plasma-2023/releases/2023-chen-full-african/filtered/GCST90201089_GCST90201089.filtered.tsv.gz	185474	sha256	575005c18726643ce36d818cd20e1a18be9fbf439b842ed04dd91f08b8c98619	9.9	19.6	29.5
GCST90201090	ok	""	1	0	http://ftp.ebi.ac.uk/pub/databases/gwas/summary_statistics/GCST90201001-GCST90202000/GCST90201090/harmonised/GCST90201090.h.tsv.gz	158331032	7324390	31810	0.004343	0	4	25033	116	6681	/data/opengwasdb/metabolome-plasma-2023/releases/2023-chen-full-african/filtered/GCST90201090_GCST90201090.filtered.tsv.gz	701524	sha256	cfebd57fe66f5929012e996c077c14dad630d25b3ad648313415ce0c11552321	6.1	19.9	26
GCST90201091	ok	""	1	0	http://ftp.ebi.ac.uk/pub/databases/gwas/summary_statistics/GCST90201001-GCST90202000/GCST90201091/harmonised/GCST90201091.h.tsv.gz	157921142	7304115	24658	0.003376	0	3	17919	93	6664	/data/opengwasdb/metabolome-plasma-2023/releases/2023-chen-full-african/filtered/GCST90201091_GCST90201091.filtered.tsv.gz	527640	sha256	cafdcfccfa2eb3714da17715afa43dbde5e91c8a6dda805b616c19ec00c1182a	10.1	18.9	29
GCST90201092	ok	""	1	0	http://ftp.ebi.ac.uk/pub/databases/gwas/summary_statistics/GCST90201001-GCST90202000/GCST90201092/harmonised/GCST90201092.h.tsv.gz	152001848	7161154	37902	0.005293	0	5	31291	115	6522	/data/opengwasdb/metabolome-plasma-2023/releases/2023-chen-full-african/filtered/GCST90201092_GCST90201092.filtered.tsv.gz	771779	sha256	d9fbc8e552f8032c3d44aa01082860235b7ca303c0edba77362999e04ab16718	5.2	19	24.2
GCST90201093	ok	""	1	0	http://ftp.ebi.ac.uk/pub/databases/gwas/summary_statistics/GCST90201001-GCST90202000/GCST90201093/harmonised/GCST90201093.h.tsv.gz	159328588	7382824	30570	0.004141	0	4	23748	78	6767	/data/opengwasdb/metabolome-plasma-2023/releases/2023-chen-full-african/filtered/GCST90201093_GCST90201093.filtered.tsv.gz	642348	sha256	c7f684c9447439b0758f6653c6bc78a6ed691f7ca9431d3ec19c9f5c7e52ea45	9.9	20	30
GCST90201094	ok	""	1	0	http://ftp.ebi.ac.uk/pub/databases/gwas/summary_statistics/GCST90201001-GCST90202000/GCST90201094/harmonised/GCST90201094.h.tsv.gz	150303380	7278494	15457	0.002124	0	2	8764	66	6636	/data/opengwasdb/metabolome-plasma-2023/releases/2023-chen-full-african/filtered/GCST90201094_GCST90201094.filtered.tsv.gz	354030	sha256	75a767f5b577dd0eed182d3b03bb7c9c0dc7f98364d220496cf359262a6b1a89	10.7	17.9	28.6
GCST90201095	ok	""	1	0	http://ftp.ebi.ac.uk/pub/databases/gwas/summary_statistics/GCST90201001-GCST90202000/GCST90201095/harmonised/GCST90201095.h.tsv.gz	157612886	7278494	13604	0.001869	0	1	6899	73	6636	/data/opengwasdb/metabolome-plasma-2023/releases/2023-chen-full-african/filtered/GCST90201095_GCST90201095.filtered.tsv.gz	341276	sha256	fc2ab6096887ff854f97a6504b5e8f6104d61b10d3265918713b0ab0a74bbf16	11.4	17.8	29.2
GCST90201096	ok	""	1	0	http://ftp.ebi.ac.uk/pub/databases/gwas/summary_statistics/GCST90201001-GCST90202000/GCST90201096/harmonised/GCST90201096.h.tsv.gz	157711552	7295565	6738	0.000924	0	0	0	85	6654	/data/opengwasdb/metabolome-plasma-2023/releases/2023-chen-full-african/filtered/GCST90201096_GCST90201096.filtered.tsv.gz	185641	sha256	d079e5bdecac353ae0c51eb9f5d926cd3b0ba3833d6fc921e14fdff0d845c097	10.9	18.4	29.4
GCST90201097	ok	""	1	0	http://ftp.ebi.ac.uk/pub/databases/gwas/summary_statistics/GCST90201001-GCST90202000/GCST90201097/harmonised/GCST90201097.h.tsv.gz	157601070	7278494	11983	0.001646	0	1	5287	64	6636	/data/opengwasdb/metabolome-plasma-2023/releases/2023-chen-full-african/filtered/GCST90201097_GCST90201097.filtered.tsv.gz	294123	sha256	43a9d03ab0cfbb681bf763da2578d2a723999379f53460d489642426fb60893c	8.8	17.6	26.4
GCST90201098	ok	""	1	0	http://ftp.ebi.ac.uk/pub/databases/gwas/summary_statistics/GCST90201001-GCST90202000/GCST90201098/harmonised/GCST90201098.h.tsv.gz	158113133	7325979	6789	0.000927	0	0	0	86	6703	/data/opengwasdb/metabolome-plasma-2023/releases/2023-chen-full-african/filtered/GCST90201098_GCST90201098.filtered.tsv.gz	186909	sha256	3a88dbfbae7ee4ec14e92ace82a07ca09e5ca806d96a2ba3ead5a278acd51565	9.9	18.6	28.4
GCST90201099	ok	""	1	0	http://ftp.ebi.ac.uk/pub/databases/gwas/summary_statistics/GCST90201001-GCST90202000/GCST90201099/harmonised/GCST90201099.h.tsv.gz	137599974	6961554	28154	0.004044	0	4	21825	97	6253	/data/opengwasdb/metabolome-plasma-2023/releases/2023-chen-full-african/filtered/GCST90201099_GCST90201099.filtered.tsv.gz	579427	sha256	71ecaded4e2b316058c004a44bc398a078d4b259eb28d33aebe56071ef24a20f	7.7	18.2	25.9
GCST90201100	ok	""	1	0	http://ftp.ebi.ac.uk/pub/databases/gwas/summary_statistics/GCST90201001-GCST90202000/GCST90201100/harmonised/GCST90201100.h.tsv.gz	159227231	7408662	54718	0.007386	0	9	47873	110	6775	/data/opengwasdb/metabolome-plasma-2023/releases/2023-chen-full-african/filtered/GCST90201100_GCST90201100.filtered.tsv.gz	1125944	sha256	a90d30a0810dc4dca4a7082439d81921866699946d7d0a254933c9513f0bdf3f	9.8	20.6	30.3
GCST90201101	ok	""	1	0	http://ftp.ebi.ac.uk/pub/databases/gwas/summary_statistics/GCST90201001-GCST90202000/GCST90201101/harmonised/GCST90201101.h.tsv.gz	158100681	7321651	18175	0.002482	0	2	11420	80	6684	/data/opengwasdb/metabolome-plasma-2023/releases/2023-chen-full-african/filtered/GCST90201101_GCST90201101.filtered.tsv.gz	415371	sha256	20520b386686388b94391d1a70750152db58dd97efd1835495b9acd3e64b71a9	9.7	17.8	27.5
GCST90201102	ok	""	1	0	http://ftp.ebi.ac.uk/pub/databases/gwas/summary_statistics/GCST90201001-GCST90202000/GCST90201102/harmonised/GCST90201102.h.tsv.gz	150422581	7297104	12942	0.001774	0	1	6183	106	6658	/data/opengwasdb/metabolome-plasma-2023/releases/2023-chen-full-african/filtered/GCST90201102_GCST90201102.filtered.tsv.gz	300208	sha256	36585b4286a175457be776798478cb70a6a7a1a96e7d3ea4857f05d6f7d224c8	9.7	17.5	27.2
GCST90201103	ok	""	1	0	http://ftp.ebi.ac.uk/pub/databases/gwas/summary_statistics/GCST90201001-GCST90202000/GCST90201103/harmonised/GCST90201103.h.tsv.gz	157828179	7303075	19208	0.00263	0	2	12479	75	6662	/data/opengwasdb/metabolome-plasma-2023/releases/2023-chen-full-african/filtered/GCST90201103_GCST90201103.filtered.tsv.gz	430573	sha256	edf06f7d9f4a2ba7bd899e357e63039f4f3b1373e3bbffb326f1e748e0325a2c	11.8	18.6	30.5
GCST90201104	ok	""	1	0	http://ftp.ebi.ac.uk/pub/databases/gwas/summary_statistics/GCST90201001-GCST90202000/GCST90201104/harmonised/GCST90201104.h.tsv.gz	153316407	7234012	42123	0.005823	0	7	35462	88	6610	/data/opengwasdb/metabolome-plasma-2023/releases/2023-chen-full-african/filtered/GCST90201104_GCST90201104.filtered.tsv.gz	860315	sha256	ba453dfc1702c36f9f9ed213b2b83ec1beb2c4e9720f3ae9336a9e3bb8cb6b59	11.2	18.4	29.6
GCST90201105	ok	""	1	0	http://ftp.ebi.ac.uk/pub/databases/gwas/summary_statistics/GCST90201001-GCST90202000/GCST90201105/harmonised/GCST90201105.h.tsv.gz	160290690	7514229	31258	0.00416	0	4	24272	71	6931	/data/opengwasdb/metabolome-plasma-2023/releases/2023-chen-full-african/filtered/GCST90201105_GCST90201105.filtered.tsv.gz	654224	sha256	ce23ac16c5695d8cb9566f64ea389285614ffc42827aaff8b2b48224fc67b3da	9.6	20.7	30.3
GCST90201106	ok	""	1	0	http://ftp.ebi.ac.uk/pub/databases/gwas/summary_statistics/GCST90201001-GCST90202000/GCST90201106/harmonised/GCST90201106.h.tsv.gz	149363089	7238459	48560	0.006709	0	7	41860	120	6623	/data/opengwasdb/metabolome-plasma-2023/releases/2023-chen-full-african/filtered/GCST90201106_GCST90201106.filtered.tsv.gz	927133	sha256	0312a4f54b35f35f7ce5a3f151acaf24e00551db1b124e8f34b0c9421df0ecab	9.1	20	29
GCST90201107	ok	""	1	0	http://ftp.ebi.ac.uk/pub/databases/gwas/summary_statistics/GCST90201001-GCST90202000/GCST90201107/harmonised/GCST90201107.h.tsv.gz	157450151	7278494	6706	0.000921	0	0	0	70	6636	/data/opengwasdb/metabolome-plasma-2023/releases/2023-chen-full-african/filtered/GCST90201107_GCST90201107.filtered.tsv.gz	185136	sha256	39bc2f4c0e8cb7fff6f69315700bef7f3eeda590dcea94f497ae6e5f6207e2bd	9.3	19.2	28.5
GCST90201108	ok	""	1	0	http://ftp.ebi.ac.uk/pub/databases/gwas/summary_statistics/GCST90201001-GCST90202000/GCST90201108/harmonised/GCST90201108.h.tsv.gz	157537719	7278494	18935	0.002601	0	2	12235	77	6636	/data/opengwasdb/metabolome-plasma-2023/releases/2023-chen-full-african/filtered/GCST90201108_GCST90201108.filtered.tsv.gz	410373	sha256	14d6740fd11a9327dd9840214c06554c57cc6202264e042740ee80aa44000415	11.6	18.2	29.8
GCST90201109	ok	""	1	0	http://ftp.ebi.ac.uk/pub/databases/gwas/summary_statistics/GCST90201001-GCST90202000/GCST90201109/harmonised/GCST90201109.h.tsv.gz	158057787	7319295	29789	0.00407	0	5	22942	189	6681	/data/opengwasdb/metabolome-plasma-2023/releases/2023-chen-full-african/filtered/GCST90201109_GCST90201109.filtered.tsv.gz	653838	sha256	693e479cf1fc8e51825f2812a1028601be1f12fce9a86876232f37784c1e9c31	10.6	19.3	29.9
GCST90201110	ok	""	1	0	http://ftp.ebi.ac.uk/pub/databases/gwas/summary_statistics/GCST90201001-GCST90202000/GCST90201110/harmonised/GCST90201110.h.tsv.gz	150371707	7278494	15576	0.00214	0	1	8863	81	6636	/data/opengwasdb/metabolome-plasma-2023/releases/2023-chen-full-african/filtered/GCST90201110_GCST90201110.filtered.tsv.gz	356816	sha256	fb35893cb5baee2d5c2547a8ddb246169623f3c61e2e245b3014db1ef5284eae	8.8	16.9	25.7
GCST90201111	ok	""	1	0	http://ftp.ebi.ac.uk/pub/databases/gwas/summary_statistics/GCST90201001-GCST90202000/GCST90201111/harmonised/GCST90201111.h.tsv.gz	160010518	7485835	32414	0.00433	0	5	25383	152	6907	/data/opengwasdb/metabolome-plasma-2023/releases/2023-chen-full-african/filtered/GCST90201111_GCST90201111.filtered.tsv.gz	686794	sha256	e53de9ff07e790fb0009af9efaefee32a0cf3b9062622069e1b2b475f3e52591	11	19.4	30.4
GCST90201112	ok	""	1	0	http://ftp.ebi.ac.uk/pub/databases/gwas/summary_statistics/GCST90201001-GCST90202000/GCST90201112/harmonised/GCST90201112.h.tsv.gz	157559025	7278494	6722	0.000924	0	0	0	86	6636	/data/opengwasdb/metabolome-plasma-2023/releases/2023-chen-full-african/filtered/GCST90201112_GCST90201112.filtered.tsv.gz	185442	sha256	4995ad80d2e436dcc2233cc5b6335f83403d74d0a46472ec9ca168bfe5ca651d	9.7	18.2	28
GCST90201113	ok	""	1	0	http://ftp.ebi.ac.uk/pub/databases/gwas/summary_statistics/GCST90201001-GCST90202000/GCST90201113/harmonised/GCST90201113.h.tsv.gz	157498147	7278494	13959	0.001918	0	1	7249	80	6636	/data/opengwasdb/metabolome-plasma-2023/releases/2023-chen-full-african/filtered/GCST90201113_GCST90201113.filtered.tsv.gz	326235	sha256	cc7c40cbdb54e338d76bfe2719c5ec5c8f161f4397a688b5e67698fdf077a578	9.4	18.4	27.8
GCST90201114	ok	""	1	0	http://ftp.ebi.ac.uk/pub/databases/gwas/summary_statistics/GCST90201001-GCST90202000/GCST90201114/harmonised/GCST90201114.h.tsv.gz	157592819	7278494	96595	0.013271	0	15	89800	232	6636	/data/opengwasdb/metabolome-plasma-2023/releases/2023-chen-full-african/filtered/GCST90201114_GCST90201114.filtered.tsv.gz	1976929	sha256	6d3e768d5bf33a47cf9ec6ebc49cd72aefaf372f4578d223bacb5ab6a4943e8e	6.3	20.7	27
GCST90201115	ok	""	1	0	http://ftp.ebi.ac.uk/pub/databases/gwas/summary_statistics/GCST90201001-GCST90202000/GCST90201115/harmonised/GCST90201115.h.tsv.gz	159645484	7502438	13912	0.001854	0	1	6934	88	6896	/data/opengwasdb/metabolome-plasma-2023/releases/2023-chen-full-african/filtered/GCST90201115_GCST90201115.filtered.tsv.gz	330702	sha256	90f2fa562f877049518f67019e5f274c49a096aaea7eed0ee1c211f8eb2be6f8	9.2	19	28.2
GCST90201116	ok	""	1	0	http://ftp.ebi.ac.uk/pub/databases/gwas/summary_statistics/GCST90201001-GCST90202000/GCST90201116/harmonised/GCST90201116.h.tsv.gz	157502267	7278494	12079	0.00166	0	1	5363	86	6636	/data/opengwasdb/metabolome-plasma-2023/releases/2023-chen-full-african/filtered/GCST90201116_GCST90201116.filtered.tsv.gz	291366	sha256	a1ac62797cf2bb3584790826c38964ba3596d4c19f3d427ef00d613d74694d85	9.3	18.1	27.4
GCST90201117	ok	""	1	0	http://ftp.ebi.ac.uk/pub/databases/gwas/summary_statistics/GCST90201001-GCST90202000/GCST90201117/harmonised/GCST90201117.h.tsv.gz	157828261	7305273	6736	0.000922	0	0	0	72	6664	/data/opengwasdb/metabolome-plasma-2023/releases/2023-chen-full-african/filtered/GCST90201117_GCST90201117.filtered.tsv.gz	185621	sha256	9d5a02ac6d892363ccca1bff555f7a59440b2f5a7dc109a9369e774e64b2d040	11.3	18.3	29.6
GCST90201118	ok	""	1	0	http://ftp.ebi.ac.uk/pub/databases/gwas/summary_statistics/GCST90201001-GCST90202000/GCST90201118/harmonised/GCST90201118.h.tsv.gz	158163483	7328419	42211	0.00576	0	6	35410	135	6699	/data/opengwasdb/metabolome-plasma-2023/releases/2023-chen-full-african/filtered/GCST90201118_GCST90201118.filtered.tsv.gz	880799	sha256	ad5ea6fba5ceb68065a51ba64eb5f2daaad0e4369a1abd4eb7aae4de99eb25ba	10.3	17.8	28.1
GCST90201119	ok	""	1	0	http://ftp.ebi.ac.uk/pub/databases/gwas/summary_statistics/GCST90201001-GCST90202000/GCST90201119/harmonised/GCST90201119.h.tsv.gz	157857544	7304272	14177	0.001941	0	1	7382	127	6672	/data/opengwasdb/metabolome-plasma-2023/releases/2023-chen-full-african/filtered/GCST90201119_GCST90201119.filtered.tsv.gz	340291	sha256	460c02a60842e4bb217f70e5ab41c151d1dcad1cca9f832773e9eb2d6355bc53	9.9	18.7	28.6
GCST90201120	ok	""	1	0	http://ftp.ebi.ac.uk/pub/databases/gwas/summary_statistics/GCST90201001-GCST90202000/GCST90201120/harmonised/GCST90201120.h.tsv.gz	158832886	7394014	17914	0.002423	0	2	11080	75	6769	/data/opengwasdb/metabolome-plasma-2023/releases/2023-chen-full-african/filtered/GCST90201120_GCST90201120.filtered.tsv.gz	416271	sha256	2c17b83a06613d2ab3db8cf782f3eea4244d316a2d719f0a57e8320d16bf7563	11.2	18.5	29.7
GCST90201121	ok	""	1	0	http://ftp.ebi.ac.uk/pub/databases/gwas/summary_statistics/GCST90201001-GCST90202000/GCST90201121/harmonised/GCST90201121.h.tsv.gz	144591703	7311691	56904	0.007783	0	9	50060	174	6706	/data/opengwasdb/metabolome-plasma-2023/releases/2023-chen-full-african/filtered/GCST90201121_GCST90201121.filtered.tsv.gz	1129175	sha256	ac7160204b4b3b0e79d1323a146f1df6b20d630ccf822f4008d40939f61f4d3b	9.7	19.4	29.1
GCST90201122	ok	""	1	0	http://ftp.ebi.ac.uk/pub/databases/gwas/summary_statistics/GCST90201001-GCST90202000/GCST90201122/harmonised/GCST90201122.h.tsv.gz	150536999	7290825	16862	0.002313	0	2	10129	90	6655	/data/opengwasdb/metabolome-plasma-2023/releases/2023-chen-full-african/filtered/GCST90201122_GCST90201122.filtered.tsv.gz	372378	sha256	9d34d7abcbbc770f99627398f05e314afff3e2c8c5052d3db23283dcca1f3dec	9.3	17.7	27
GCST90201123	ok	""	1	0	http://ftp.ebi.ac.uk/pub/databases/gwas/summary_statistics/GCST90201001-GCST90202000/GCST90201123/harmonised/GCST90201123.h.tsv.gz	157987887	7313625	17523	0.002396	0	2	10793	65	6676	/data/opengwasdb/metabolome-plasma-2023/releases/2023-chen-full-african/filtered/GCST90201123_GCST90201123.filtered.tsv.gz	407429	sha256	1b5f4acd9159ff30d9e2f49964a6a6e807e9966509cc5be8f2b4a1d1462fba9f	5.2	18.6	23.8
GCST90201124	ok	""	1	0	http://ftp.ebi.ac.uk/pub/databases/gwas/summary_statistics/GCST90201001-GCST90202000/GCST90201124/harmonised/GCST90201124.h.tsv.gz	158039229	7313625	13471	0.001842	0	1	6732	71	6676	/data/opengwasdb/metabolome-plasma-2023/releases/2023-chen-full-african/filtered/GCST90201124_GCST90201124.filtered.tsv.gz	301862	sha256	2d83bce24e43422b9b79f866be9d8201c082e4d28ee8ed218d81f3d1c4dc3f26	6.5	17.2	23.7
GCST90201125	ok	""	1	0	http://ftp.ebi.ac.uk/pub/databases/gwas/summary_statistics/GCST90201001-GCST90202000/GCST90201125/harmonised/GCST90201125.h.tsv.gz	157519875	7278494	11692	0.001606	0	1	4988	74	6636	/data/opengwasdb/metabolome-plasma-2023/releases/2023-chen-full-african/filtered/GCST90201125_GCST90201125.filtered.tsv.gz	286072	sha256	ae38f88a33c95610fbf9cbfa26115646e5d3e27f9dd1914e2c124c27a620688e	9.3	18.7	28
GCST90201126	ok	""	1	0	http://ftp.ebi.ac.uk/pub/databases/gwas/summary_statistics/GCST90201001-GCST90202000/GCST90201126/harmonised/GCST90201126.h.tsv.gz	150336115	7278494	16870	0.002318	0	2	10177	69	6636	/data/opengwasdb/metabolome-plasma-2023/releases/2023-chen-full-african/filtered/GCST90201126_GCST90201126.filtered.tsv.gz	378450	sha256	03a68669233525c1aca46d90163737b5d9bda247e1e03be729da35ed7a12e077	9.2	18.6	27.7
GCST90201127	ok	""	1	0	http://ftp.ebi.ac.uk/pub/databases/gwas/summary_statistics/GCST90201001-GCST90202000/GCST90201127/harmonised/GCST90201127.h.tsv.gz	155528476	7640478	18345	0.002401	0	2	11193	87	7077	/data/opengwasdb/metabolome-plasma-2023/releases/2023-chen-full-african/filtered/GCST90201127_GCST90201127.filtered.tsv.gz	403397	sha256	a766419567763f252c2d5dfc84283e1c7415eca7728153d31a0c05fd40351697	8.9	18.3	27.3
GCST90201128	ok	""	1	0	http://ftp.ebi.ac.uk/pub/databases/gwas/summary_statistics/GCST90201001-GCST90202000/GCST90201128/harmonised/GCST90201128.h.tsv.gz	157573109	7278494	10687	0.001468	0	1	3994	59	6636	/data/opengwasdb/metabolome-plasma-2023/releases/2023-chen-full-african/filtered/GCST90201128_GCST90201128.filtered.tsv.gz	267446	sha256	23ccc36973379f94b9f1cd9327b4d2166160ed976f79b213be87fccea5c3cac2	9.7	18.4	28.1
GCST90201129	ok	""	1	0	http://ftp.ebi.ac.uk/pub/databases/gwas/summary_statistics/GCST90201001-GCST90202000/GCST90201129/harmonised/GCST90201129.h.tsv.gz	151876708	7607890	90066	0.011838	0	14	82821	292	7035	/data/opengwasdb/metabolome-plasma-2023/releases/2023-chen-full-african/filtered/GCST90201129_GCST90201129.filtered.tsv.gz	1787265	sha256	d255771a869f411697453fa2f95c73f5d9a51dd4844a3cdf95ec047cb5909b75	10.7	21.1	31.8
GCST90201130	ok	""	1	0	http://ftp.ebi.ac.uk/pub/databases/gwas/summary_statistics/GCST90201001-GCST90202000/GCST90201130/harmonised/GCST90201130.h.tsv.gz	157570987	7278494	6694	0.00092	0	0	0	58	6636	/data/opengwasdb/metabolome-plasma-2023/releases/2023-chen-full-african/filtered/GCST90201130_GCST90201130.filtered.tsv.gz	184573	sha256	3ce46c89912d729ecdc08edf442ac2d8c85c09db0a31a67685f1ce506803d184	8.9	17.3	26.2
GCST90201131	ok	""	1	0	http://ftp.ebi.ac.uk/pub/databases/gwas/summary_statistics/GCST90201001-GCST90202000/GCST90201131/harmonised/GCST90201131.h.tsv.gz	158315423	7324390	29312	0.004002	0	4	22547	98	6681	/data/opengwasdb/metabolome-plasma-2023/releases/2023-chen-full-african/filtered/GCST90201131_GCST90201131.filtered.tsv.gz	633264	sha256	53ec2c605610089b59fe2de5bcf138c9e2986022c5977453868d715bf6af79d1	10.2	19.2	29.4
GCST90201132	ok	""	1	0	http://ftp.ebi.ac.uk/pub/databases/gwas/summary_statistics/GCST90201001-GCST90202000/GCST90201132/harmonised/GCST90201132.h.tsv.gz	149595525	7437926	59248	0.007966	0	7	52293	160	6834	/data/opengwasdb/metabolome-plasma-2023/releases/2023-chen-full-african/filtered/GCST90201132_GCST90201132.filtered.tsv.gz	1194111	sha256	cb81d53616d2edbbad2a731594a23bfc21f6f0f131bd3a797215f7232ec7993d	9.2	18.7	27.9
GCST90201133	ok	""	1	0	http://ftp.ebi.ac.uk/pub/databases/gwas/summary_statistics/GCST90201001-GCST90202000/GCST90201133/harmonised/GCST90201133.h.tsv.gz	157901828	7302720	12775	0.001749	0	1	6059	57	6664	/data/opengwasdb/metabolome-plasma-2023/releases/2023-chen-full-african/filtered/GCST90201133_GCST90201133.filtered.tsv.gz	297085	sha256	5e21e9e2a50b756477366452d46a6151cf427e1cad60a460170088073e03be29	2.4	19.4	21.9
GCST90201134	ok	""	1	0	http://ftp.ebi.ac.uk/pub/databases/gwas/summary_statistics/GCST90201001-GCST90202000/GCST90201134/harmonised/GCST90201134.h.tsv.gz	157497652	7278494	16435	0.002258	0	2	9742	65	6636	/data/opengwasdb/metabolome-plasma-2023/releases/2023-chen-full-african/filtered/GCST90201134_GCST90201134.filtered.tsv.gz	375525	sha256	9442616b6bed4356f17cce1d139d1e6db0d967b2be200b9b30dbf7cab6bb4859	8	17.6	25.6
GCST90201135	ok	""	1	0	http://ftp.ebi.ac.uk/pub/databases/gwas/summary_statistics/GCST90201001-GCST90202000/GCST90201135/harmonised/GCST90201135.h.tsv.gz	150521145	7300215	19305	0.002644	0	2	12583	81	6650	/data/opengwasdb/metabolome-plasma-2023/releases/2023-chen-full-african/filtered/GCST90201135_GCST90201135.filtered.tsv.gz	427808	sha256	ff98b44abe2c442e324804eddf31efedc829e4852452ab226cf982165ee8ce07	6.8	18.8	25.7
GCST90201136	ok	""	1	0	http://ftp.ebi.ac.uk/pub/databases/gwas/summary_statistics/GCST90201001-GCST90202000/GCST90201136/harmonised/GCST90201136.h.tsv.gz	158418475	7346815	16532	0.00225	0	2	9743	82	6717	/data/opengwasdb/metabolome-plasma-2023/releases/2023-chen-full-african/filtered/GCST90201136_GCST90201136.filtered.tsv.gz	381692	sha256	53708f434203d1a55c27d40976ea9603b90d8e1217ba2dd88dad0157e4d60e4c	9.4	17.6	27
GCST90201137	ok	""	1	0	http://ftp.ebi.ac.uk/pub/databases/gwas/summary_statistics/GCST90201001-GCST90202000/GCST90201137/harmonised/GCST90201137.h.tsv.gz	157702315	7293722	74947	0.010276	0	11	68224	122	6652	/data/opengwasdb/metabolome-plasma-2023/releases/2023-chen-full-african/filtered/GCST90201137_GCST90201137.filtered.tsv.gz	1555886	sha256	72ead30313216e4487255d0301152a0b24098d96fcaf90a481b39338987c2c74	8.7	20	28.7
GCST90201138	ok	""	1	0	http://ftp.ebi.ac.uk/pub/databases/gwas/summary_statistics/GCST90201001-GCST90202000/GCST90201138/harmonised/GCST90201138.h.tsv.gz	157638220	7278494	35946	0.004939	0	5	29238	100	6636	/data/opengwasdb/metabolome-plasma-2023/releases/2023-chen-full-african/filtered/GCST90201138_GCST90201138.filtered.tsv.gz	728853	sha256	f491d9e4ce8ff59ba65b4f90a3fe8c9fbe77cef2dc4ffdc688890c6df66a6ecb	8.9	18.5	27.4
GCST90201139	ok	""	1	0	http://ftp.ebi.ac.uk/pub/databases/gwas/summary_statistics/GCST90201001-GCST90202000/GCST90201139/harmonised/GCST90201139.h.tsv.gz	157600868	7278494	34271	0.004709	0	5	27547	110	6636	/data/opengwasdb/metabolome-plasma-2023/releases/2023-chen-full-african/filtered/GCST90201139_GCST90201139.filtered.tsv.gz	713870	sha256	f872590396b94a5b3f55deaed8f8f29a36c727621cab28b412edcfd660fc1582	11.7	18.6	30.3
GCST90201140	ok	""	1	0	http://ftp.ebi.ac.uk/pub/databases/gwas/summary_statistics/GCST90201001-GCST90202000/GCST90201140/harmonised/GCST90201140.h.tsv.gz	150824144	7312617	33559	0.004589	0	5	26822	90	6669	/data/opengwasdb/metabolome-plasma-2023/releases/2023-chen-full-african/filtered/GCST90201140_GCST90201140.filtered.tsv.gz	710755	sha256	0227c97822f645399ff66edf95ba6be282e8a5828483b81b9b6c2f9e67b5e72e	11.1	17	28.1
GCST90201141	ok	""	1	0	http://ftp.ebi.ac.uk/pub/databases/gwas/summary_statistics/GCST90201001-GCST90202000/GCST90201141/harmonised/GCST90201141.h.tsv.gz	152357680	7473807	127743	0.017092	0	20	120797	178	6876	/data/opengwasdb/metabolome-plasma-2023/releases/2023-chen-full-african/filtered/GCST90201141_GCST90201141.filtered.tsv.gz	2530086	sha256	707634752dfe1002dd7fa7b35e35d914561a46d8576452ff85d0cd0fd5b2c612	8	21.4	29.4
GCST90201142	ok	""	1	0	http://ftp.ebi.ac.uk/pub/databases/gwas/summary_statistics/GCST90201001-GCST90202000/GCST90201142/harmonised/GCST90201142.h.tsv.gz	157532623	7278494	18436	0.002533	0	2	11736	74	6636	/data/opengwasdb/metabolome-plasma-2023/releases/2023-chen-full-african/filtered/GCST90201142_GCST90201142.filtered.tsv.gz	402832	sha256	9aa68643b5e9b7c50ed7a45a41ee46ae4bf0524478e9ac4242090563da5f015f	11.4	17.6	29
GCST90201143	ok	""	1	0	http://ftp.ebi.ac.uk/pub/databases/gwas/summary_statistics/GCST90201001-GCST90202000/GCST90201143/harmonised/GCST90201143.h.tsv.gz	157806041	7310402	20230	0.002767	0	2	13498	75	6669	/data/opengwasdb/metabolome-plasma-2023/releases/2023-chen-full-african/filtered/GCST90201143_GCST90201143.filtered.tsv.gz	441812	sha256	cd34daeec411fe63a22b04b581a3b73d2cd02d7a966e04add3e2be77d65bc1a3	9.4	17.4	26.9
GCST90201144	ok	""	1	0	http://ftp.ebi.ac.uk/pub/databases/gwas/summary_statistics/GCST90201001-GCST90202000/GCST90201144/harmonised/GCST90201144.h.tsv.gz	157614253	7278494	11319	0.001555	0	1	4606	84	6636	/data/opengwasdb/metabolome-plasma-2023/releases/2023-chen-full-african/filtered/GCST90201144_GCST90201144.filtered.tsv.gz	275219	sha256	96465459457610bd63dc5050aaba22004f87d14fd729bccb0282195b56f08e5f	9.5	18.1	27.6
GCST90201145	ok	""	1	0	http://ftp.ebi.ac.uk/pub/databases/gwas/summary_statistics/GCST90201001-GCST90202000/GCST90201145/harmonised/GCST90201145.h.tsv.gz	157589991	7278494	36577	0.005025	0	6	29839	130	6636	/data/opengwasdb/metabolome-plasma-2023/releases/2023-chen-full-african/filtered/GCST90201145_GCST90201145.filtered.tsv.gz	772930	sha256	d31bd9d53ffe0f13131925f7d2b1cd440293646105b87b38e3c22537250d1c7d	9.4	18.4	27.7
GCST90201146	ok	""	1	0	http://ftp.ebi.ac.uk/pub/databases/gwas/summary_statistics/GCST90201001-GCST90202000/GCST90201146/harmonised/GCST90201146.h.tsv.gz	150341497	7278494	6717	0.000923	0	0	0	81	6636	/data/opengwasdb/metabolome-plasma-2023/releases/2023-chen-full-african/filtered/GCST90201146_GCST90201146.filtered.tsv.gz	185330	sha256	69ab6e38ba18ee90bd98f03c136a42d2a8a0ebadab4a364dd4d2bf5d8b5b0359	10.7	17.5	28.2
GCST90201147	ok	""	1	0	http://ftp.ebi.ac.uk/pub/databases/gwas/summary_statistics/GCST90201001-GCST90202000/GCST90201147/harmonised/GCST90201147.h.tsv.gz	150248183	7278494	23710	0.003258	0	3	17007	82	6636	/data/opengwasdb/metabolome-plasma-2023/releases/2023-chen-full-african/filtered/GCST90201147_GCST90201147.filtered.tsv.gz	516679	sha256	a1062a6a277faf977aa5dc9743d5af858c6c7980d0a25d428d66a0bcfa6addf0	11.1	18.3	29.4
GCST90201148	ok	""	1	0	http://ftp.ebi.ac.uk/pub/databases/gwas/summary_statistics/GCST90201001-GCST90202000/GCST90201148/harmonised/GCST90201148.h.tsv.gz	158549430	7354174	18492	0.002514	0	2	11706	68	6723	/data/opengwasdb/metabolome-plasma-2023/releases/2023-chen-full-african/filtered/GCST90201148_GCST90201148.filtered.tsv.gz	426374	sha256	ec243ecb98559e5af49af294e55068e580227b81ef8d0bbf85930a921a6a1f2c	9.1	18.9	28
GCST90201149	ok	""	1	0	http://ftp.ebi.ac.uk/pub/databases/gwas/summary_statistics/GCST90201001-GCST90202000/GCST90201149/harmonised/GCST90201149.h.tsv.gz	157933009	7305069	34358	0.004703	0	5	27594	121	6667	/data/opengwasdb/metabolome-plasma-2023/releases/2023-chen-full-african/filtered/GCST90201149_GCST90201149.filtered.tsv.gz	753460	sha256	e21a1ce0ac502611f034ee530d660c2099b4414e5dd3ca00a19fea0846f44c87	7.8	20.7	28.5
GCST90201150	ok	""	1	0	http://ftp.ebi.ac.uk/pub/databases/gwas/summary_statistics/GCST90201001-GCST90202000/GCST90201150/harmonised/GCST90201150.h.tsv.gz	157570587	7278494	12534	0.001722	0	1	5803	98	6636	/data/opengwasdb/metabolome-plasma-2023/releases/2023-chen-full-african/filtered/GCST90201150_GCST90201150.filtered.tsv.gz	309097	sha256	0cf9a7f12e4c14069a5734f5b7caecda3e8eb8de66d9c107f38050745cfe9cc4	10	18.8	28.8
GCST90201151	ok	""	1	0	http://ftp.ebi.ac.uk/pub/databases/gwas/summary_statistics/GCST90201001-GCST90202000/GCST90201151/harmonised/GCST90201151.h.tsv.gz	154148885	7277250	111234	0.015285	0	18	104468	226	6625	/data/opengwasdb/metabolome-plasma-2023/releases/2023-chen-full-african/filtered/GCST90201151_GCST90201151.filtered.tsv.gz	2231637	sha256	c3f2f349eaef3364bfc7a034541e822063f15f6b978fdcaeee4ac2da6643977e	8.2	22.1	30.3
GCST90201152	ok	""	1	0	http://ftp.ebi.ac.uk/pub/databases/gwas/summary_statistics/GCST90201001-GCST90202000/GCST90201152/harmonised/GCST90201152.h.tsv.gz	157614109	7278494	6717	0.000923	0	0	0	81	6636	/data/opengwasdb/metabolome-plasma-2023/releases/2023-chen-full-african/filtered/GCST90201152_GCST90201152.filtered.tsv.gz	185605	sha256	fd7a82c220f255b640f68290d3cd8173358d6d1a4100c3a84635121a0f82d13b	11.4	17.2	28.6
GCST90201153	ok	""	1	0	http://ftp.ebi.ac.uk/pub/databases/gwas/summary_statistics/GCST90201001-GCST90202000/GCST90201153/harmonised/GCST90201153.h.tsv.gz	150652343	7290825	28129	0.003858	0	4	21416	72	6655	/data/opengwasdb/metabolome-plasma-2023/releases/2023-chen-full-african/filtered/GCST90201153_GCST90201153.filtered.tsv.gz	629268	sha256	902e4b938e4c162c0aae0c83caba00029ca87232de847cfec9554684128b5bf0	7.3	18.7	26
GCST90201154	ok	""	1	0	http://ftp.ebi.ac.uk/pub/databases/gwas/summary_statistics/GCST90201001-GCST90202000/GCST90201154/harmonised/GCST90201154.h.tsv.gz	150358359	7295088	6722	0.000921	0	0	0	70	6652	/data/opengwasdb/metabolome-plasma-2023/releases/2023-chen-full-african/filtered/GCST90201154_GCST90201154.filtered.tsv.gz	184932	sha256	bb4e52a6a9e354b57c105951ff612b15f23080e9ca93a261b73310b5d66f9119	8.8	17.5	26.2
GCST90201155	ok	""	1	0	http://ftp.ebi.ac.uk/pub/databases/gwas/summary_statistics/GCST90201001-GCST90202000/GCST90201155/harmonised/GCST90201155.h.tsv.gz	153418826	7242077	19245	0.002657	0	2	12583	80	6593	/data/opengwasdb/metabolome-plasma-2023/releases/2023-chen-full-african/filtered/GCST90201155_GCST90201155.filtered.tsv.gz	424825	sha256	7fe881c39f264b3e88145ee265af4ee80f225700ea1637af4d159ab19ed3ce83	8.8	18	26.8
GCST90201156	ok	""	1	0	http://ftp.ebi.ac.uk/pub/databases/gwas/summary_statistics/GCST90201001-GCST90202000/GCST90201156/harmonised/GCST90201156.h.tsv.gz	157566600	7278494	6709	0.000922	0	0	0	73	6636	/data/opengwasdb/metabolome-plasma-2023/releases/2023-chen-full-african/filtered/GCST90201156_GCST90201156.filtered.tsv.gz	185240	sha256	c8af287f53889ddc259fc240650a8e675c3273becec02271dd417af9abf1cf0a	11.7	18.1	29.8
GCST90201157	ok	""	1	0	http://ftp.ebi.ac.uk/pub/databases/gwas/summary_statistics/GCST90201001-GCST90202000/GCST90201157/harmonised/GCST90201157.h.tsv.gz	153504893	7279795	30448	0.004183	0	4	23788	59	6624	/data/opengwasdb/metabolome-plasma-2023/releases/2023-chen-full-african/filtered/GCST90201157_GCST90201157.filtered.tsv.gz	642624	sha256	781778017c32f9bdcbe0e06780d3f5150a5cd0d46817fdaf114a2cb16f8f8f1f	10.6	18.1	28.8
GCST90201158	ok	""	1	0	http://ftp.ebi.ac.uk/pub/databases/gwas/summary_statistics/GCST90201001-GCST90202000/GCST90201158/harmonised/GCST90201158.h.tsv.gz	157893052	7302937	67266	0.009211	0	10	60518	143	6661	/data/opengwasdb/metabolome-plasma-2023/releases/2023-chen-full-african/filtered/GCST90201158_GCST90201158.filtered.tsv.gz	1378427	sha256	e87e020b572b6d107814b254d0ff5657d2764d8004c962f76892ac90d8bfedb6	11	19	30.1
GCST90201159	ok	""	1	0	http://ftp.ebi.ac.uk/pub/databases/gwas/summary_statistics/GCST90201001-GCST90202000/GCST90201159/harmonised/GCST90201159.h.tsv.gz	151011554	7320690	59104	0.008074	0	9	52334	130	6684	/data/opengwasdb/metabolome-plasma-2023/releases/2023-chen-full-african/filtered/GCST90201159_GCST90201159.filtered.tsv.gz	1242000	sha256	373691eaf191d06a5c9d1f26be488855634a15807e9765cee2c063faaa13d4aa	10.8	19.2	30
GCST90201160	ok	""	1	0	http://ftp.ebi.ac.uk/pub/databases/gwas/summary_statistics/GCST90201001-GCST90202000/GCST90201160/harmonised/GCST90201160.h.tsv.gz	150326299	7404292	36139	0.004881	0	5	29128	168	6866	/data/opengwasdb/metabolome-plasma-2023/releases/2023-chen-full-african/filtered/GCST90201160_GCST90201160.filtered.tsv.gz	712496	sha256	47887f908809d95d97627853ed57b818613a4542a6c166969853e0c7509b3ff4	9.1	19.5	28.7
GCST90201161	ok	""	1	0	http://ftp.ebi.ac.uk/pub/databases/gwas/summary_statistics/GCST90201001-GCST90202000/GCST90201161/harmonised/GCST90201161.h.tsv.gz	146147677	7041444	45119	0.006408	0	7	38613	166	6374	/data/opengwasdb/metabolome-plasma-2023/releases/2023-chen-full-african/filtered/GCST90201161_GCST90201161.filtered.tsv.gz	924124	sha256	74bc9bc5f68ee085247936041720499d8c47c6c95bc05f033a8755463e172d27	8.8	20.3	29.1
GCST90201162	ok	""	1	0	http://ftp.ebi.ac.uk/pub/databases/gwas/summary_statistics/GCST90201001-GCST90202000/GCST90201162/harmonised/GCST90201162.h.tsv.gz	151875213	7430691	143144	0.019264	0	22	136239	212	6806	/data/opengwasdb/metabolome-plasma-2023/releases/2023-chen-full-african/filtered/GCST90201162_GCST90201162.filtered.tsv.gz	2843699	sha256	1a8858f5c6d9dcd6612c7c7de113f8913c8d2ba02de7649d63044cee30de86a9	10.7	22.1	32.9
GCST90201163	ok	""	1	0	http://ftp.ebi.ac.uk/pub/databases/gwas/summary_statistics/GCST90201001-GCST90202000/GCST90201163/harmonised/GCST90201163.h.tsv.gz	157870243	7308282	6740	0.000922	0	0	0	75	6665	/data/opengwasdb/metabolome-plasma-2023/releases/2023-chen-full-african/filtered/GCST90201163_GCST90201163.filtered.tsv.gz	185480	sha256	9768e2ba3855599033c88d70e7611ee0e7c8a45aed7baa06b426f9e836f61f6b	9.1	18.8	27.9
GCST90201164	ok	""	1	0	http://ftp.ebi.ac.uk/pub/databases/gwas/summary_statistics/GCST90201001-GCST90202000/GCST90201164/harmonised/GCST90201164.h.tsv.gz	151919492	7455431	24932	0.003344	0	3	18004	102	6843	/data/opengwasdb/metabolome-plasma-2023/releases/2023-chen-full-african/filtered/GCST90201164_GCST90201164.filtered.tsv.gz	538388	sha256	51d59a1d25e14b17bcf6eb33e2284c8bd5a4c0cf3b335d5487a1588e7d310568	7.6	20	27.6
GCST90201165	ok	""	1	0	http://ftp.ebi.ac.uk/pub/databases/gwas/summary_statistics/GCST90201001-GCST90202000/GCST90201165/harmonised/GCST90201165.h.tsv.gz	142126716	7241770	52441	0.007241	0	8	45695	170	6619	/data/opengwasdb/metabolome-plasma-2023/releases/2023-chen-full-african/filtered/GCST90201165_GCST90201165.filtered.tsv.gz	1015594	sha256	427028e06df77eb8c40ad020291acfc69ab9426f7a041054ace866fba53ac0e8	8.5	18.3	26.8
GCST90201166	ok	""	1	0	http://ftp.ebi.ac.uk/pub/databases/gwas/summary_statistics/GCST90201001-GCST90202000/GCST90201166/harmonised/GCST90201166.h.tsv.gz	155564386	7361109	29654	0.004028	0	4	22840	108	6728	/data/opengwasdb/metabolome-plasma-2023/releases/2023-chen-full-african/filtered/GCST90201166_GCST90201166.filtered.tsv.gz	610144	sha256	903bc0c533d2e45d8358e1ac6dba4b7b73b22b0e55dd982ef2de45381c3311e6	9.3	20	29.3
GCST90201167	ok	""	1	0	http://ftp.ebi.ac.uk/pub/databases/gwas/summary_statistics/GCST90201001-GCST90202000/GCST90201167/harmonised/GCST90201167.h.tsv.gz	150881684	7328779	19519	0.002663	0	2	12686	150	6693	/data/opengwasdb/metabolome-plasma-2023/releases/2023-chen-full-african/filtered/GCST90201167_GCST90201167.filtered.tsv.gz	447145	sha256	acf32ad29ac034529ff8854631d4249a8f7775287918abdec591eaca9e7bae55	8.2	19.1	27.2
GCST90201168	ok	""	1	0	http://ftp.ebi.ac.uk/pub/databases/gwas/summary_statistics/GCST90201001-GCST90202000/GCST90201168/harmonised/GCST90201168.h.tsv.gz	159233188	7427130	181366	0.024419	0	29	174483	213	6811	/data/opengwasdb/metabolome-plasma-2023/releases/2023-chen-full-african/filtered/GCST90201168_GCST90201168.filtered.tsv.gz	3605838	sha256	a60ddcbec5b9eca12be903e4a4965a58a04b64344b69ba36d44628343f78eda5	11.2	23.5	34.7
GCST90201169	ok	""	1	0	http://ftp.ebi.ac.uk/pub/databases/gwas/summary_statistics/GCST90201001-GCST90202000/GCST90201169/harmonised/GCST90201169.h.tsv.gz	150946501	7330992	33721	0.0046	0	5	26955	89	6700	/data/opengwasdb/metabolome-plasma-2023/releases/2023-chen-full-african/filtered/GCST90201169_GCST90201169.filtered.tsv.gz	712440	sha256	ade0c5ed95c3a34feba95c755b4a3ec40ba4fba4245feedcff5fb7156335324b	10.7	19.4	30.1
GCST90201170	ok	""	1	0	http://ftp.ebi.ac.uk/pub/databases/gwas/summary_statistics/GCST90201001-GCST90202000/GCST90201170/harmonised/GCST90201170.h.tsv.gz	157590022	7278494	18068	0.002482	0	2	11343	98	6636	/data/opengwasdb/metabolome-plasma-2023/releases/2023-chen-full-african/filtered/GCST90201170_GCST90201170.filtered.tsv.gz	416213	sha256	74b1c54aadd7f7d57f4059cdc603e46bfd171778e3e5602e83abb3eb195499c9	11.7	18.9	30.5
GCST90201171	ok	""	1	0	http://ftp.ebi.ac.uk/pub/databases/gwas/summary_statistics/GCST90201001-GCST90202000/GCST90201171/harmonised/GCST90201171.h.tsv.gz	150291350	7278494	19144	0.00263	0	2	12443	72	6636	/data/opengwasdb/metabolome-plasma-2023/releases/2023-chen-full-african/filtered/GCST90201171_GCST90201171.filtered.tsv.gz	444399	sha256	72d6811011cf4e3e808ecb67bef7b87dce79a38a70d66670727739760e436618	11.1	19.2	30.3
GCST90201172	ok	""	1	0	http://ftp.ebi.ac.uk/pub/databases/gwas/summary_statistics/GCST90201001-GCST90202000/GCST90201172/harmonised/GCST90201172.h.tsv.gz	157608689	7278494	23404	0.003216	0	3	16691	92	6636	/data/opengwasdb/metabolome-plasma-2023/releases/2023-chen-full-african/filtered/GCST90201172_GCST90201172.filtered.tsv.gz	520080	sha256	7daca4323d5bcbc39cf7f86465db13793578acfe4bbdf633170cdd89fa657f28	7.3	18.8	26
GCST90201173	ok	""	1	0	http://ftp.ebi.ac.uk/pub/databases/gwas/summary_statistics/GCST90201001-GCST90202000/GCST90201173/harmonised/GCST90201173.h.tsv.gz	158490887	7350254	13023	0.001772	0	1	6211	87	6728	/data/opengwasdb/metabolome-plasma-2023/releases/2023-chen-full-african/filtered/GCST90201173_GCST90201173.filtered.tsv.gz	314578	sha256	85ef45dc02529e137b3e205fd8aed537a2a38d8a40e812e22f6d9bf361742e3f	5.5	19.1	24.6
GCST90201174	ok	""	1	0	http://ftp.ebi.ac.uk/pub/databases/gwas/summary_statistics/GCST90201001-GCST90202000/GCST90201174/harmonised/GCST90201174.h.tsv.gz	150772747	7313625	14914	0.002039	0	1	8186	58	6676	/data/opengwasdb/metabolome-plasma-2023/releases/2023-chen-full-african/filtered/GCST90201174_GCST90201174.filtered.tsv.gz	369618	sha256	f2fec47de63d2cd167cba46c20b818de9e8324422a946294dc129382c80f9c24	8.7	18.9	27.6
GCST90201175	ok	""	1	0	http://ftp.ebi.ac.uk/pub/databases/gwas/summary_statistics/GCST90201001-GCST90202000/GCST90201175/harmonised/GCST90201175.h.tsv.gz	157181845	7478425	21803	0.002915	0	2	14803	127	6887	/data/opengwasdb/metabolome-plasma-2023/releases/2023-chen-full-african/filtered/GCST90201175_GCST90201175.filtered.tsv.gz	466192	sha256	df3a3e1ad62948292ce7c8a3267275d013f588fa7cbacd0d96e0f07ee4b798ec	7.3	18.1	25.4
GCST90201176	ok	""	1	0	http://ftp.ebi.ac.uk/pub/databases/gwas/summary_statistics/GCST90201001-GCST90202000/GCST90201176/harmonised/GCST90201176.h.tsv.gz	159824365	7445695	26048	0.003498	0	3	19156	64	6843	/data/opengwasdb/metabolome-plasma-2023/releases/2023-chen-full-african/filtered/GCST90201176_GCST90201176.filtered.tsv.gz	553985	sha256	75e042d9174a860e18782c3a92b770293e20a3c221b450ba731bd045aa5750ce	9	18.1	27.2
GCST90201177	ok	""	1	0	http://ftp.ebi.ac.uk/pub/databases/gwas/summary_statistics/GCST90201001-GCST90202000/GCST90201177/harmonised/GCST90201177.h.tsv.gz	157796676	7297802	6737	0.000923	0	0	0	74	6663	/data/opengwasdb/metabolome-plasma-2023/releases/2023-chen-full-african/filtered/GCST90201177_GCST90201177.filtered.tsv.gz	185816	sha256	15ece9d4b5f2f16c2f5076ca6a6988daf1071ee11d7e3876d7e0c2b1a71869a2	10.9	17.9	28.8
GCST90201178	ok	""	1	0	http://ftp.ebi.ac.uk/pub/databases/gwas/summary_statistics/GCST90201001-GCST90202000/GCST90201178/harmonised/GCST90201178.h.tsv.gz	151582729	7400241	44866	0.006063	0	6	38037	95	6767	/data/opengwasdb/metabolome-plasma-2023/releases/2023-chen-full-african/filtered/GCST90201178_GCST90201178.filtered.tsv.gz	942472	sha256	1aa37ff82badcf986334f1c2f1679df711518611d77aa3db2ecf4ebb82bb7ffb	10.9	18.7	29.6
GCST90201179	ok	""	1	0	http://ftp.ebi.ac.uk/pub/databases/gwas/summary_statistics/GCST90201001-GCST90202000/GCST90201179/harmonised/GCST90201179.h.tsv.gz	153137682	7477216	6960	0.000931	0	0	0	82	6878	/data/opengwasdb/metabolome-plasma-2023/releases/2023-chen-full-african/filtered/GCST90201179_GCST90201179.filtered.tsv.gz	191021	sha256	ef5cf8f7d6e1fab5fef2e5ca50fcb74b9c705a46c5ac2ce45d313456bcc7599a	9.2	19.1	28.4
GCST90201180	ok	""	1	0	http://ftp.ebi.ac.uk/pub/databases/gwas/summary_statistics/GCST90201001-GCST90202000/GCST90201180/harmonised/GCST90201180.h.tsv.gz	158893899	7416235	112499	0.015169	0	19	105556	259	6782	/data/opengwasdb/metabolome-plasma-2023/releases/2023-chen-full-african/filtered/GCST90201180_GCST90201180.filtered.tsv.gz	2239897	sha256	0334a13d4905cc1bdc237541587c6bfbfa049dc3f4d69dcc3356819fe9800da7	9.5	21.3	30.7
GCST90201181	ok	""	1	0	http://ftp.ebi.ac.uk/pub/databases/gwas/summary_statistics/GCST90201001-GCST90202000/GCST90201181/harmonised/GCST90201181.h.tsv.gz	159097907	7404564	60628	0.008188	0	8	53701	190	6777	/data/opengwasdb/metabolome-plasma-2023/releases/2023-chen-full-african/filtered/GCST90201181_GCST90201181.filtered.tsv.gz	1213622	sha256	ba30949352efe6ddddc979584c3400e34dd6e5441c1ee9f287e2249e35b41896	11.5	19.1	30.6
GCST90201182	ok	""	1	0	http://ftp.ebi.ac.uk/pub/databases/gwas/summary_statistics/GCST90201001-GCST90202000/GCST90201182/harmonised/GCST90201182.h.tsv.gz	150324923	7278494	24689	0.003392	0	3	17978	88	6636	/data/opengwasdb/metabolome-plasma-2023/releases/2023-chen-full-african/filtered/GCST90201182_GCST90201182.filtered.tsv.gz	545336	sha256	f7d2ba43b1354a3f0c08d970572f3cd34e731b6aa18d0119fc7e7fb990d4fdf6	10.7	18.5	29.1
GCST90201183	ok	""	1	0	http://ftp.ebi.ac.uk/pub/databases/gwas/summary_statistics/GCST90201001-GCST90202000/GCST90201183/harmonised/GCST90201183.h.tsv.gz	157592418	7278494	16957	0.00233	0	2	10264	69	6636	/data/opengwasdb/metabolome-plasma-2023/releases/2023-chen-full-african/filtered/GCST90201183_GCST90201183.filtered.tsv.gz	387804	sha256	ebdfaee683dc75fc7e8d53c5c416ecce4f6fc0a21ce7e43a4ab0997b63881d1d	11.1	19.4	30.6
GCST90201184	ok	""	1	0	http://ftp.ebi.ac.uk/pub/databases/gwas/summary_statistics/GCST90201001-GCST90202000/GCST90201184/harmonised/GCST90201184.h.tsv.gz	157569559	7278494	12368	0.001699	0	1	5657	79	6636	/data/opengwasdb/metabolome-plasma-2023/releases/2023-chen-full-african/filtered/GCST90201184_GCST90201184.filtered.tsv.gz	292951	sha256	385e0a3b42f3eb1b28edecdc873514e42e01cb81c2f903bdb11a1739e8f7d8aa	11.8	19.5	31.3
GCST90201185	ok	""	1	0	http://ftp.ebi.ac.uk/pub/databases/gwas/summary_statistics/GCST90201001-GCST90202000/GCST90201185/harmonised/GCST90201185.h.tsv.gz	157741611	7297802	42194	0.005782	0	6	35427	133	6663	/data/opengwasdb/metabolome-plasma-2023/releases/2023-chen-full-african/filtered/GCST90201185_GCST90201185.filtered.tsv.gz	888054	sha256	ae0f11a999adc4a11f40948ac50aedf26016ee75b6e3710c323b940c26002a46	9.1	19.5	28.7
GCST90201186	ok	""	1	0	http://ftp.ebi.ac.uk/pub/databases/gwas/summary_statistics/GCST90201001-GCST90202000/GCST90201186/harmonised/GCST90201186.h.tsv.gz	158293454	7346146	38359	0.005222	0	5	31527	142	6718	/data/opengwasdb/metabolome-plasma-2023/releases/2023-chen-full-african/filtered/GCST90201186_GCST90201186.filtered.tsv.gz	804675	sha256	5937101293a7719a28e8348dfd68f9329b2abfe11841c1ec9837bbb169218a49	8	18.7	26.7
GCST90201187	ok	""	1	0	http://ftp.ebi.ac.uk/pub/databases/gwas/summary_statistics/GCST90201001-GCST90202000/GCST90201187/harmonised/GCST90201187.h.tsv.gz	151517766	7396418	24189	0.00327	0	3	17318	122	6769	/data/opengwasdb/metabolome-plasma-2023/releases/2023-chen-full-african/filtered/GCST90201187_GCST90201187.filtered.tsv.gz	518483	sha256	3fe563bfd23011a0bc4283d5bc0235f9d670254374ea4686043bd4255697f27b	9.2	18.6	27.8
GCST90201188	ok	""	1	0	http://ftp.ebi.ac.uk/pub/databases/gwas/summary_statistics/GCST90201001-GCST90202000/GCST90201188/harmonised/GCST90201188.h.tsv.gz	157554751	7278494	21593	0.002967	0	3	14870	102	6636	/data/opengwasdb/metabolome-plasma-2023/releases/2023-chen-full-african/filtered/GCST90201188_GCST90201188.filtered.tsv.gz	482480	sha256	4b853573975eabafa4a2b41b6a8c0af97eb39f86f2151a27510a58678948200b	11.6	20	31.6
GCST90201189	ok	""	1	0	http://ftp.ebi.ac.uk/pub/databases/gwas/summary_statistics/GCST90201001-GCST90202000/GCST90201189/harmonised/GCST90201189.h.tsv.gz	150236210	7278494	41631	0.00572	0	7	34943	79	6636	/data/opengwasdb/metabolome-plasma-2023/releases/2023-chen-full-african/filtered/GCST90201189_GCST90201189.filtered.tsv.gz	877962	sha256	9b05f67a5a4f3c6673548adf45c950b476ea5a21853777b40f484108db903fa0	11	19.3	30.3
GCST90201190	ok	""	1	0	http://ftp.ebi.ac.uk/pub/databases/gwas/summary_statistics/GCST90201001-GCST90202000/GCST90201190/harmonised/GCST90201190.h.tsv.gz	157537652	7278494	25045	0.003441	0	3	18305	118	6636	/data/opengwasdb/metabolome-plasma-2023/releases/2023-chen-full-african/filtered/GCST90201190_GCST90201190.filtered.tsv.gz	543983	sha256	aba816717bf6b727dccca4d542e7ecfec4916135a93aca7264ec2248dc325944	9.1	17.8	27
GCST90201191	ok	""	1	0	http://ftp.ebi.ac.uk/pub/databases/gwas/summary_statistics/GCST90201001-GCST90202000/GCST90201191/harmonised/GCST90201191.h.tsv.gz	150550839	7290825	6725	0.000922	0	0	0	70	6655	/data/opengwasdb/metabolome-plasma-2023/releases/2023-chen-full-african/filtered/GCST90201191_GCST90201191.filtered.tsv.gz	185656	sha256	da9ddace677628db19a52b476ab7df1704586fcef675a083740f2d7a6296e2fd	9	18.5	27.5
GCST90201192	ok	""	1	0	http://ftp.ebi.ac.uk/pub/databases/gwas/summary_statistics/GCST90201001-GCST90202000/GCST90201192/harmonised/GCST90201192.h.tsv.gz	157921999	7304660	46835	0.006412	0	7	40093	108	6667	/data/opengwasdb/metabolome-plasma-2023/releases/2023-chen-full-african/filtered/GCST90201192_GCST90201192.filtered.tsv.gz	989267	sha256	75ea77e40bdff20b6163ee157307df49da1b908a030811e1344d1250cbd7b2d7	8.4	19.3	27.7
GCST90201193	ok	""	1	0	http://ftp.ebi.ac.uk/pub/databases/gwas/summary_statistics/GCST90201001-GCST90202000/GCST90201193/harmonised/GCST90201193.h.tsv.gz	158456695	7534849	37669	0.004999	0	5	30603	124	6965	/data/opengwasdb/metabolome-plasma-2023/releases/2023-chen-full-african/filtered/GCST90201193_GCST90201193.filtered.tsv.gz	774429	sha256	7f492958e3a4d3a3d2adc9b14e703422764eae9258f7fa7a9907a6417662553f	7.7	20.4	28.1
GCST90201194	ok	""	1	0	http://ftp.ebi.ac.uk/pub/databases/gwas/summary_statistics/GCST90201001-GCST90202000/GCST90201194/harmonised/GCST90201194.h.tsv.gz	157485648	7278494	34578	0.004751	0	5	27865	103	6636	/data/opengwasdb/metabolome-plasma-2023/releases/2023-chen-full-african/filtered/GCST90201194_GCST90201194.filtered.tsv.gz	738573	sha256	63dedd40c333c9836e6880656399a1277cbe706bee09ef93a859186fec3220a6	11.5	20.2	31.7
GCST90201195	ok	""	1	0	http://ftp.ebi.ac.uk/pub/databases/gwas/summary_statistics/GCST90201001-GCST90202000/GCST90201195/harmonised/GCST90201195.h.tsv.gz	157551833	7278494	6748	0.000927	0	0	0	112	6636	/data/opengwasdb/metabolome-plasma-2023/releases/2023-chen-full-african/filtered/GCST90201195_GCST90201195.filtered.tsv.gz	186583	sha256	690ce414509910c0bf6cbb034cd847c56517409eb1b5c3e7ccae90ce8cf6d01f	8.8	19.3	28.1
GCST90201196	ok	""	1	0	http://ftp.ebi.ac.uk/pub/databases/gwas/summary_statistics/GCST90201001-GCST90202000/GCST90201196/harmonised/GCST90201196.h.tsv.gz	157554383	7278494	27152	0.00373	0	3	20431	103	6636	/data/opengwasdb/metabolome-plasma-2023/releases/2023-chen-full-african/filtered/GCST90201196_GCST90201196.filtered.tsv.gz	574510	sha256	79f9567534e722d3f7849dbb508a1e477a13cd2ec9203b7e8e9c30db6b23c25c	8.3	18.5	26.8
GCST90201197	ok	""	1	0	http://ftp.ebi.ac.uk/pub/databases/gwas/summary_statistics/GCST90201001-GCST90202000/GCST90201197/harmonised/GCST90201197.h.tsv.gz	158043705	7317843	24866	0.003398	0	3	18138	66	6677	/data/opengwasdb/metabolome-plasma-2023/releases/2023-chen-full-african/filtered/GCST90201197_GCST90201197.filtered.tsv.gz	540280	sha256	6848cd5c9e611ec7f646b04bde84fe1ee7c363a9e17a07a525ecd84b66ea55a7	9.2	18.1	27.3
GCST90201198	ok	""	1	0	http://ftp.ebi.ac.uk/pub/databases/gwas/summary_statistics/GCST90201001-GCST90202000/GCST90201198/harmonised/GCST90201198.h.tsv.gz	157548422	7278494	24537	0.003371	0	3	17843	74	6636	/data/opengwasdb/metabolome-plasma-2023/releases/2023-chen-full-african/filtered/GCST90201198_GCST90201198.filtered.tsv.gz	533312	sha256	4daf26bf6b59d8d476ca1753ec067458a49ee7015581c82ad63d14aca30c262b	11.6	19	30.6
GCST90201199	ok	""	1	0	http://ftp.ebi.ac.uk/pub/databases/gwas/summary_statistics/GCST90201001-GCST90202000/GCST90201199/harmonised/GCST90201199.h.tsv.gz	150650894	7304272	20731	0.002838	0	2	13995	75	6672	/data/opengwasdb/metabolome-plasma-2023/releases/2023-chen-full-african/filtered/GCST90201199_GCST90201199.filtered.tsv.gz	482742	sha256	050e75bbc48b5553dfb41c5e084a5a9a040cba5cc703fe0a7e0df00a4059ef54	6.1	19.3	25.4
GCST90201200	ok	""	1	0	http://ftp.ebi.ac.uk/pub/databases/gwas/summary_statistics/GCST90201001-GCST90202000/GCST90201200/harmonised/GCST90201200.h.tsv.gz	150301918	7278494	6689	0.000919	0	0	0	54	6636	/data/opengwasdb/metabolome-plasma-2023/releases/2023-chen-full-african/filtered/GCST90201200_GCST90201200.filtered.tsv.gz	184644	sha256	7d08e9097c9ebb885f16f144509ac6b3e2eb052ea9aa745333a1b6c01a9ee94f	8.4	18.4	26.8
GCST90201201	ok	""	1	0	http://ftp.ebi.ac.uk/pub/databases/gwas/summary_statistics/GCST90201001-GCST90202000/GCST90201201/harmonised/GCST90201201.h.tsv.gz	158075704	7336509	12661	0.001726	0	1	5888	75	6702	/data/opengwasdb/metabolome-plasma-2023/releases/2023-chen-full-african/filtered/GCST90201201_GCST90201201.filtered.tsv.gz	306168	sha256	e9def9a40f41fd255ca5feb093d5b2af2a6300b105c1c0f0ff997299a162d331	11.4	17.8	29.2
GCST90201202	ok	""	1	0	http://ftp.ebi.ac.uk/pub/databases/gwas/summary_statistics/GCST90201001-GCST90202000/GCST90201202/harmonised/GCST90201202.h.tsv.gz	151920341	7458056	33175	0.004448	0	4	26201	139	6858	/data/opengwasdb/metabolome-plasma-2023/releases/2023-chen-full-african/filtered/GCST90201202_GCST90201202.filtered.tsv.gz	687361	sha256	ccab0e0bd1789eabd225be7e0fefc0a9e6011eb2447a51f9511294e133daad84	10.3	19.9	30.2
GCST90201203	ok	""	1	0	http://ftp.ebi.ac.uk/pub/databases/gwas/summary_statistics/GCST90201001-GCST90202000/GCST90201203/harmonised/GCST90201203.h.tsv.gz	158516705	7351697	6794	0.000924	0	0	0	74	6720	/data/opengwasdb/metabolome-plasma-2023/releases/2023-chen-full-african/filtered/GCST90201203_GCST90201203.filtered.tsv.gz	186905	sha256	866fdbea8e94db4044008330719c121d0a75aa509148990a570ecd1f3d7d044c	11.5	18.1	29.6
GCST90201204	ok	""	1	0	http://ftp.ebi.ac.uk/pub/databases/gwas/summary_statistics/GCST90201001-GCST90202000/GCST90201204/harmonised/GCST90201204.h.tsv.gz	157602570	7278494	13294	0.001826	0	1	6570	91	6636	/data/opengwasdb/metabolome-plasma-2023/releases/2023-chen-full-african/filtered/GCST90201204_GCST90201204.filtered.tsv.gz	324248	sha256	8396657d908405a99cd5e499ee6e6835e55c06269033b270186ec0ee6e8f53cc	11.5	18.1	29.5
GCST90201205	ok	""	1	0	http://ftp.ebi.ac.uk/pub/databases/gwas/summary_statistics/GCST90201001-GCST90202000/GCST90201205/harmonised/GCST90201205.h.tsv.gz	162184586	7591166	22248	0.002931	0	3	15142	93	7026	/data/opengwasdb/metabolome-plasma-2023/releases/2023-chen-full-african/filtered/GCST90201205_GCST90201205.filtered.tsv.gz	507340	sha256	9ffbeb569368821624e68c414d79d2d8ed02bec75056faa1079518b44407c567	11.7	18.7	30.4
GCST90201206	ok	""	1	0	http://ftp.ebi.ac.uk/pub/databases/gwas/summary_statistics/GCST90201001-GCST90202000/GCST90201206/harmonised/GCST90201206.h.tsv.gz	157595415	7278494	18483	0.002539	0	2	11783	71	6636	/data/opengwasdb/metabolome-plasma-2023/releases/2023-chen-full-african/filtered/GCST90201206_GCST90201206.filtered.tsv.gz	411280	sha256	76a6ba1d38b6fd609f138ddecc17c56965eb140cc244966f7fd3691407c180f1	11.6	18.3	29.9
GCST90201207	ok	""	1	0	http://ftp.ebi.ac.uk/pub/databases/gwas/summary_statistics/GCST90201001-GCST90202000/GCST90201207/harmonised/GCST90201207.h.tsv.gz	157956953	7307102	29505	0.004038	0	4	22768	86	6668	/data/opengwasdb/metabolome-plasma-2023/releases/2023-chen-full-african/filtered/GCST90201207_GCST90201207.filtered.tsv.gz	656491	sha256	39428d42775b31518f6556decd3b538cddff1dd2f8f5b8f689c8f21399741d09	11	19.8	30.8
GCST90201208	ok	""	1	0	http://ftp.ebi.ac.uk/pub/databases/gwas/summary_statistics/GCST90201001-GCST90202000/GCST90201208/harmonised/GCST90201208.h.tsv.gz	147304926	7176880	11331	0.001579	0	1	4652	132	6551	/data/opengwasdb/metabolome-plasma-2023/releases/2023-chen-full-african/filtered/GCST90201208_GCST90201208.filtered.tsv.gz	275595	sha256	4c1aaef2ab929f7ea786b8c10ec42f3db39cd82912c4f0b074ab01305271cb88	8.7	19	27.7
GCST90201209	ok	""	1	0	http://ftp.ebi.ac.uk/pub/databases/gwas/summary_statistics/GCST90201001-GCST90202000/GCST90201209/harmonised/GCST90201209.h.tsv.gz	157708577	7297802	6723	0.000921	0	0	0	60	6663	/data/opengwasdb/metabolome-plasma-2023/releases/2023-chen-full-african/filtered/GCST90201209_GCST90201209.filtered.tsv.gz	185218	sha256	5a270bda027ca88d86cf359bd0a29349dd8d53323c799b3d2d176edc7159cd49	11.3	18	29.3
GCST90201210	ok	""	1	0	http://ftp.ebi.ac.uk/pub/databases/gwas/summary_statistics/GCST90201001-GCST90202000/GCST90201210/harmonised/GCST90201210.h.tsv.gz	150479376	7297802	38764	0.005312	0	5	32039	91	6663	/data/opengwasdb/metabolome-plasma-2023/releases/2023-chen-full-african/filtered/GCST90201210_GCST90201210.filtered.tsv.gz	840255	sha256	f1f006839004dc7565f240d1c43502bf0f63fa48f3067a4bee892f30bab3cf07	9.3	20.7	30
GCST90201211	ok	""	1	0	http://ftp.ebi.ac.uk/pub/databases/gwas/summary_statistics/GCST90201001-GCST90202000/GCST90201211/harmonised/GCST90201211.h.tsv.gz	157659599	7297802	18959	0.002598	0	2	12249	57	6663	/data/opengwasdb/metabolome-plasma-2023/releases/2023-chen-full-african/filtered/GCST90201211_GCST90201211.filtered.tsv.gz	435171	sha256	f0c746f42bdd447a8bfef3847c0ac30fc4a3581f54a4bfa3f934e8303f302b8d	9	18.2	27.2
GCST90201212	ok	""	1	0	http://ftp.ebi.ac.uk/pub/databases/gwas/summary_statistics/GCST90201001-GCST90202000/GCST90201212/harmonised/GCST90201212.h.tsv.gz	153533428	7248866	104733	0.014448	0	17	98076	167	6587	/data/opengwasdb/metabolome-plasma-2023/releases/2023-chen-full-african/filtered/GCST90201212_GCST90201212.filtered.tsv.gz	2083572	sha256	35939810f7df5493913a19f70030796b3887dd7071feef08ac8a7c48f8675695	8.8	22	30.9
GCST90201213	ok	""	1	0	http://ftp.ebi.ac.uk/pub/databases/gwas/summary_statistics/GCST90201001-GCST90202000/GCST90201213/harmonised/GCST90201213.h.tsv.gz	157565888	7278494	11896	0.001634	0	1	5201	66	6636	/data/opengwasdb/metabolome-plasma-2023/releases/2023-chen-full-african/filtered/GCST90201213_GCST90201213.filtered.tsv.gz	286478	sha256	33a55035f142eba19569ebd74f6a16a932f85375c964be6257698a42565f95f5	9	19.4	28.4
GCST90201214	ok	""	1	0	http://ftp.ebi.ac.uk/pub/databases/gwas/summary_statistics/GCST90201001-GCST90202000/GCST90201214/harmonised/GCST90201214.h.tsv.gz	158730313	7355993	13880	0.001887	0	1	7081	79	6725	/data/opengwasdb/metabolome-plasma-2023/releases/2023-chen-full-african/filtered/GCST90201214_GCST90201214.filtered.tsv.gz	318044	sha256	6911ee497b15cca029e5a60a8365b78f3dcb6f186d4bd14a951b8d79408d191d	6.7	18.6	25.2
GCST90201215	ok	""	1	0	http://ftp.ebi.ac.uk/pub/databases/gwas/summary_statistics/GCST90201001-GCST90202000/GCST90201215/harmonised/GCST90201215.h.tsv.gz	157552684	7278494	12946	0.001779	0	1	6221	93	6636	/data/opengwasdb/metabolome-plasma-2023/releases/2023-chen-full-african/filtered/GCST90201215_GCST90201215.filtered.tsv.gz	300791	sha256	d7cae75f453c3481b2e90dd83ff76eedb86203aac7c69a9a80ce1c102fcbc2c2	5.2	17.2	22.3
GCST90201216	ok	""	1	0	http://ftp.ebi.ac.uk/pub/databases/gwas/summary_statistics/GCST90201001-GCST90202000/GCST90201216/harmonised/GCST90201216.h.tsv.gz	154127642	7273796	39523	0.005434	0	5	32756	153	6641	/data/opengwasdb/metabolome-plasma-2023/releases/2023-chen-full-african/filtered/GCST90201216_GCST90201216.filtered.tsv.gz	790914	sha256	2f8190fb7633d22e056e757122d87373689a14c5f9c0984b162a0313a8550ede	8.9	18.2	27.1
GCST90201217	ok	""	1	0	http://ftp.ebi.ac.uk/pub/databases/gwas/summary_statistics/GCST90201001-GCST90202000/GCST90201217/harmonised/GCST90201217.h.tsv.gz	150847223	7322845	18550	0.002533	0	2	11780	100	6679	/data/opengwasdb/metabolome-plasma-2023/releases/2023-chen-full-african/filtered/GCST90201217_GCST90201217.filtered.tsv.gz	423786	sha256	44ee3f9264bbba12162cb713393ba09c90f0f665e9bfd94f65cafd0914655163	8.9	19.2	28.1
GCST90201218	ok	""	1	0	http://ftp.ebi.ac.uk/pub/databases/gwas/summary_statistics/GCST90201001-GCST90202000/GCST90201218/harmonised/GCST90201218.h.tsv.gz	157210096	7405844	12418	0.001677	0	1	5516	85	6825	/data/opengwasdb/metabolome-plasma-2023/releases/2023-chen-full-african/filtered/GCST90201218_GCST90201218.filtered.tsv.gz	291395	sha256	442b9fcfc63ec0df9416a8ad15d8670244826e5ed3848ab20aa1b50886ea93ee	9.5	18.2	27.7
GCST90201219	ok	""	1	0	http://ftp.ebi.ac.uk/pub/databases/gwas/summary_statistics/GCST90201001-GCST90202000/GCST90201219/harmonised/GCST90201219.h.tsv.gz	150755687	7313625	47901	0.00655	0	7	41067	194	6676	/data/opengwasdb/metabolome-plasma-2023/releases/2023-chen-full-african/filtered/GCST90201219_GCST90201219.filtered.tsv.gz	1019840	sha256	939f94100d63a3e830d628d0d23bcb4f8fbc8aec3d707f910f839777f001ff74	9.5	19.6	29.1
GCST90201220	ok	""	1	0	http://ftp.ebi.ac.uk/pub/databases/gwas/summary_statistics/GCST90201001-GCST90202000/GCST90201220/harmonised/GCST90201220.h.tsv.gz	158752112	7355993	16552	0.00225	0	2	9746	90	6725	/data/opengwasdb/metabolome-plasma-2023/releases/2023-chen-full-african/filtered/GCST90201220_GCST90201220.filtered.tsv.gz	378451	sha256	fe95fdf990015d2cabb3ec1bd565e16a37d163cd590d4dee385c26bdba5fac81	9	18.1	27.1
GCST90201221	ok	""	1	0	http://ftp.ebi.ac.uk/pub/databases/gwas/summary_statistics/GCST90201001-GCST90202000/GCST90201221/harmonised/GCST90201221.h.tsv.gz	157806338	7300215	97885	0.013409	0	16	91106	194	6650	/data/opengwasdb/metabolome-plasma-2023/releases/2023-chen-full-african/filtered/GCST90201221_GCST90201221.filtered.tsv.gz	2050629	sha256	a97839a74e2d27008852e858c3a3ac260aefd4cb27e8297865146f1dd726097c	7.6	21.4	29.1
GCST90201222	ok	""	1	0	http://ftp.ebi.ac.uk/pub/databases/gwas/summary_statistics/GCST90201001-GCST90202000/GCST90201222/harmonised/GCST90201222.h.tsv.gz	152991500	7490682	36806	0.004914	0	5	29817	148	6865	/data/opengwasdb/metabolome-plasma-2023/releases/2023-chen-full-african/filtered/GCST90201222_GCST90201222.filtered.tsv.gz	779234	sha256	90c8205d7bc821053bf38e84b2c12ef0dbd60dc38c39fca345162806364b99c4	9.1	18.3	27.4
GCST90201223	ok	""	1	0	http://ftp.ebi.ac.uk/pub/databases/gwas/summary_statistics/GCST90201001-GCST90202000/GCST90201223/harmonised/GCST90201223.h.tsv.gz	150354638	7278494	11724	0.001611	0	1	4948	143	6636	/data/opengwasdb/metabolome-plasma-2023/releases/2023-chen-full-african/filtered/GCST90201223_GCST90201223.filtered.tsv.gz	280975	sha256	feb856b244fef69529f500b0f98a1c27fd697f4fce82e8174c0970eeca1e007a	10.8	18.5	29.2
GCST90201224	ok	""	1	0	http://ftp.ebi.ac.uk/pub/databases/gwas/summary_statistics/GCST90201001-GCST90202000/GCST90201224/harmonised/GCST90201224.h.tsv.gz	158775612	7365198	28039	0.003807	0	3	21229	81	6741	/data/opengwasdb/metabolome-plasma-2023/releases/2023-chen-full-african/filtered/GCST90201224_GCST90201224.filtered.tsv.gz	616339	sha256	dccace35f78a30ba2ddc9bfb284520ae2f7d888c825af189e697bb9df596e11b	11.4	18.9	30.4
GCST90201225	ok	""	1	0	http://ftp.ebi.ac.uk/pub/databases/gwas/summary_statistics/GCST90201001-GCST90202000/GCST90201225/harmonised/GCST90201225.h.tsv.gz	157598750	7278494	44822	0.006158	0	6	38132	77	6636	/data/opengwasdb/metabolome-plasma-2023/releases/2023-chen-full-african/filtered/GCST90201225_GCST90201225.filtered.tsv.gz	887356	sha256	0fe33e4f7310242540ebcdcaa6d9a123a461da3b6cba66c3b3f02763250cb40f	9.3	20.7	30
GCST90201226	ok	""	1	0	http://ftp.ebi.ac.uk/pub/databases/gwas/summary_statistics/GCST90201001-GCST90202000/GCST90201226/harmonised/GCST90201226.h.tsv.gz	150630358	7290825	6731	0.000923	0	0	0	76	6655	/data/opengwasdb/metabolome-plasma-2023/releases/2023-chen-full-african/filtered/GCST90201226_GCST90201226.filtered.tsv.gz	185979	sha256	318a4626f5cd700599aad080959e765c98905edfc96619d24b7e5a36719aa8a9	9.3	18	27.3
GCST90201227	ok	""	1	0	http://ftp.ebi.ac.uk/pub/databases/gwas/summary_statistics/GCST90201001-GCST90202000/GCST90201227/harmonised/GCST90201227.h.tsv.gz	150239785	7278494	6709	0.000922	0	0	0	73	6636	/data/opengwasdb/metabolome-plasma-2023/releases/2023-chen-full-african/filtered/GCST90201227_GCST90201227.filtered.tsv.gz	184956	sha256	c62dd5d1b2c72cd9ac1090dcc59b9b443b6aeb35b8fd3670223fe874db7cef35	11.2	17.6	28.9
GCST90201228	ok	""	1	0	http://ftp.ebi.ac.uk/pub/databases/gwas/summary_statistics/GCST90201001-GCST90202000/GCST90201228/harmonised/GCST90201228.h.tsv.gz	150325469	7278494	31620	0.004344	0	5	24906	106	6636	/data/opengwasdb/metabolome-plasma-2023/releases/2023-chen-full-african/filtered/GCST90201228_GCST90201228.filtered.tsv.gz	659597	sha256	c9197c5a9c2da9eeb4f2986f922b13d6294ca822761d1680cb129b9dafbb1568	10.9	19.5	30.4
GCST90201229	ok	""	1	0	http://ftp.ebi.ac.uk/pub/databases/gwas/summary_statistics/GCST90201001-GCST90202000/GCST90201229/harmonised/GCST90201229.h.tsv.gz	157743566	7297104	37558	0.005147	0	5	30830	92	6658	/data/opengwasdb/metabolome-plasma-2023/releases/2023-chen-full-african/filtered/GCST90201229_GCST90201229.filtered.tsv.gz	787943	sha256	14422241b60975933e9b2d72c0e25e45e83c4df523db52403f001014e93c3003	9.2	20.2	29.4
GCST90201230	ok	""	1	0	http://ftp.ebi.ac.uk/pub/databases/gwas/summary_statistics/GCST90201001-GCST90202000/GCST90201230/harmonised/GCST90201230.h.tsv.gz	157574822	7278494	31972	0.004393	0	4	25252	100	6636	/data/opengwasdb/metabolome-plasma-2023/releases/2023-chen-full-african/filtered/GCST90201230_GCST90201230.filtered.tsv.gz	701289	sha256	e662beda8c4f0a2985dfdd98380d75e0eeb8822b62f25b5e26e27424eba4ab8e	9.4	18.7	28.1
GCST90201231	ok	""	1	0	http://ftp.ebi.ac.uk/pub/databases/gwas/summary_statistics/GCST90201001-GCST90202000/GCST90201231/harmonised/GCST90201231.h.tsv.gz	150332409	7278494	12955	0.00178	0	1	6234	89	6636	/data/opengwasdb/metabolome-plasma-2023/releases/2023-chen-full-african/filtered/GCST90201231_GCST90201231.filtered.tsv.gz	310143	sha256	f4c25db441cbcc6d3a32748234da3934b8d0f8c8ef3a0d70ab02e00ccf06d867	9.3	19.8	29.1
GCST90201232	ok	""	1	0	http://ftp.ebi.ac.uk/pub/databases/gwas/summary_statistics/GCST90201001-GCST90202000/GCST90201232/harmonised/GCST90201232.h.tsv.gz	150335236	7278494	33318	0.004578	0	5	26537	175	6636	/data/opengwasdb/metabolome-plasma-2023/releases/2023-chen-full-african/filtered/GCST90201232_GCST90201232.filtered.tsv.gz	696922	sha256	f336d9e196deb3cd5e5451a1439f891f5ebf5f20773602ec4c655a3dd980aac4	9.6	20.5	30.1
GCST90201233	ok	""	1	0	http://ftp.ebi.ac.uk/pub/databases/gwas/summary_statistics/GCST90201001-GCST90202000/GCST90201233/harmonised/GCST90201233.h.tsv.gz	150326903	7278494	259599	0.035667	0	43	252812	362	6636	/data/opengwasdb/metabolome-plasma-2023/releases/2023-chen-full-african/filtered/GCST90201233_GCST90201233.filtered.tsv.gz	5212068	sha256	9b5bf8ed0585219e9e7dffefd9ff8a3ce135ba103d80bd02dc6ac46eea29be24	8.9	25.6	34.5
GCST90201234	ok	""	1	0	http://ftp.ebi.ac.uk/pub/databases/gwas/summary_statistics/GCST90201001-GCST90202000/GCST90201234/harmonised/GCST90201234.h.tsv.gz	153976337	7590952	30087	0.003964	0	4	22971	115	7023	/data/opengwasdb/metabolome-plasma-2023/releases/2023-chen-full-african/filtered/GCST90201234_GCST90201234.filtered.tsv.gz	629186	sha256	248e857eb77945b847a6da5ae28e9d08477046d898d90c7ecd02ecca5dfd8a43	8.7	19.6	28.4
GCST90201235	ok	""	1	0	http://ftp.ebi.ac.uk/pub/databases/gwas/summary_statistics/GCST90201001-GCST90202000/GCST90201235/harmonised/GCST90201235.h.tsv.gz	145634626	7198734	153630	0.021341	0	27	146911	293	6549	/data/opengwasdb/metabolome-plasma-2023/releases/2023-chen-full-african/filtered/GCST90201235_GCST90201235.filtered.tsv.gz	3039171	sha256	78737429e1d2b4c7beee5075993987bc61ebcb909824025c77294614e037cefb	10.4	23.8	34.3
GCST90201236	ok	""	1	0	http://ftp.ebi.ac.uk/pub/databases/gwas/summary_statistics/GCST90201001-GCST90202000/GCST90201236/harmonised/GCST90201236.h.tsv.gz	152272279	7677939	188269	0.024521	0	29	181033	235	7153	/data/opengwasdb/metabolome-plasma-2023/releases/2023-chen-full-african/filtered/GCST90201236_GCST90201236.filtered.tsv.gz	3683989	sha256	f69eb7d5a26d5ebcc6b04729f630e27c89b56c2f94167736730ec66dfecfa35c	6	24.3	30.3
GCST90201237	ok	""	1	0	http://ftp.ebi.ac.uk/pub/databases/gwas/summary_statistics/GCST90201001-GCST90202000/GCST90201237/harmonised/GCST90201237.h.tsv.gz	158066297	7313625	11653	0.001593	0	1	4908	72	6676	/data/opengwasdb/metabolome-plasma-2023/releases/2023-chen-full-african/filtered/GCST90201237_GCST90201237.filtered.tsv.gz	268687	sha256	4be16ce659b4b31792b9a21db1a5f7d6dae4aff240cf20bb318092b12209c84e	9.4	18.6	28
GCST90201238	ok	""	1	0	http://ftp.ebi.ac.uk/pub/databases/gwas/summary_statistics/GCST90201001-GCST90202000/GCST90201238/harmonised/GCST90201238.h.tsv.gz	150317773	7278494	42480	0.005836	0	5	35783	92	6636	/data/opengwasdb/metabolome-plasma-2023/releases/2023-chen-full-african/filtered/GCST90201238_GCST90201238.filtered.tsv.gz	885480	sha256	8c6a9799a8f2ae435a7b14e0e85bcfa614ce488832eb5282aea048fc5e476818	9	20.5	29.5
GCST90201239	ok	""	1	0	http://ftp.ebi.ac.uk/pub/databases/gwas/summary_statistics/GCST90201001-GCST90202000/GCST90201239/harmonised/GCST90201239.h.tsv.gz	157572371	7278494	29701	0.004081	0	4	22971	115	6636	/data/opengwasdb/metabolome-plasma-2023/releases/2023-chen-full-african/filtered/GCST90201239_GCST90201239.filtered.tsv.gz	649512	sha256	c351bd897cee09e81cb7f3db9d0259449735aca9a6f9300ffc9e9221dd7a21d2	5.6	20.3	26
GCST90201240	ok	""	1	0	http://ftp.ebi.ac.uk/pub/databases/gwas/summary_statistics/GCST90201001-GCST90202000/GCST90201240/harmonised/GCST90201240.h.tsv.gz	157567694	7278494	12244	0.001682	0	1	5526	85	6636	/data/opengwasdb/metabolome-plasma-2023/releases/2023-chen-full-african/filtered/GCST90201240_GCST90201240.filtered.tsv.gz	299303	sha256	c818b7363eab5f083de1e5fb5e9de9f974fe2b1ce40bc09bbd57efd6e78bb1f4	9.7	18.2	28
GCST90201241	ok	""	1	0	http://ftp.ebi.ac.uk/pub/databases/gwas/summary_statistics/GCST90201001-GCST90202000/GCST90201241/harmonised/GCST90201241.h.tsv.gz	150310902	7278494	28464	0.003911	0	4	21738	107	6636	/data/opengwasdb/metabolome-plasma-2023/releases/2023-chen-full-african/filtered/GCST90201241_GCST90201241.filtered.tsv.gz	625021	sha256	b71368cbb5b4b64dc0c0d6942246ecadd8c7ecf30d4ab0b0b66c10b20ddfe32a	6.3	19.3	25.6
GCST90201242	ok	""	1	0	http://ftp.ebi.ac.uk/pub/databases/gwas/summary_statistics/GCST90201001-GCST90202000/GCST90201242/harmonised/GCST90201242.h.tsv.gz	150229120	7278494	24405	0.003353	0	3	17710	71	6636	/data/opengwasdb/metabolome-plasma-2023/releases/2023-chen-full-african/filtered/GCST90201242_GCST90201242.filtered.tsv.gz	538613	sha256	a7b3bdbb320fafb34f625b2925b8794a9602ac7ed5733abc5af90341f3ec37c0	10.9	19.9	30.9
GCST90201243	ok	""	1	0	http://ftp.ebi.ac.uk/pub/databases/gwas/summary_statistics/GCST90201001-GCST90202000/GCST90201243/harmonised/GCST90201243.h.tsv.gz	157568022	7278494	6702	0.000921	0	0	0	66	6636	/data/opengwasdb/metabolome-plasma-2023/releases/2023-chen-full-african/filtered/GCST90201243_GCST90201243.filtered.tsv.gz	184924	sha256	ffa4d103bafc93fcf613794a75e81fccbf8e6a6949ef9945c9157cbdbebb36ec	11.4	19.5	30.9
GCST90201244	ok	""	1	0	http://ftp.ebi.ac.uk/pub/databases/gwas/summary_statistics/GCST90201001-GCST90202000/GCST90201244/harmonised/GCST90201244.h.tsv.gz	157540363	7278494	18216	0.002503	0	2	11521	69	6636	/data/opengwasdb/metabolome-plasma-2023/releases/2023-chen-full-african/filtered/GCST90201244_GCST90201244.filtered.tsv.gz	407304	sha256	ec04ff870b31ea5c9bc97132cd19889bcf0b95775f0a18c11cf6e2db92bb8376	11	19.4	30.4
GCST90201245	ok	""	1	0	http://ftp.ebi.ac.uk/pub/databases/gwas/summary_statistics/GCST90201001-GCST90202000/GCST90201245/harmonised/GCST90201245.h.tsv.gz	147421203	7641594	114520	0.014986	0	18	107280	192	7134	/data/opengwasdb/metabolome-plasma-2023/releases/2023-chen-full-african/filtered/GCST90201245_GCST90201245.filtered.tsv.gz	2165481	sha256	1dc3e35f04b681784e0d0c183615a92a6a4c324516b88c537f6235b4b5ad7231	9.3	21.9	31.2
GCST90201246	ok	""	1	0	http://ftp.ebi.ac.uk/pub/databases/gwas/summary_statistics/GCST90201001-GCST90202000/GCST90201246/harmonised/GCST90201246.h.tsv.gz	150211837	7278494	13264	0.001822	0	1	6536	96	6636	/data/opengwasdb/metabolome-plasma-2023/releases/2023-chen-full-african/filtered/GCST90201246_GCST90201246.filtered.tsv.gz	318278	sha256	7e1594ba83f0606089a59d8b3519e1ee29941d4c3bfb6b9116873ed6d9016109	10.8	18	28.7
GCST90201247	ok	""	1	0	http://ftp.ebi.ac.uk/pub/databases/gwas/summary_statistics/GCST90201001-GCST90202000/GCST90201247/harmonised/GCST90201247.h.tsv.gz	157569063	7278494	19469	0.002675	0	2	12770	75	6636	/data/opengwasdb/metabolome-plasma-2023/releases/2023-chen-full-african/filtered/GCST90201247_GCST90201247.filtered.tsv.gz	445228	sha256	fc367f86ca3ad86bdfcfd2e675f2615fb39fbaf68cd5206e7b02f3fddcac62b1	11.6	18.8	30.3
GCST90201248	ok	""	1	0	http://ftp.ebi.ac.uk/pub/databases/gwas/summary_statistics/GCST90201001-GCST90202000/GCST90201248/harmonised/GCST90201248.h.tsv.gz	157800428	7302981	11910	0.001631	0	1	5166	85	6664	/data/opengwasdb/metabolome-plasma-2023/releases/2023-chen-full-african/filtered/GCST90201248_GCST90201248.filtered.tsv.gz	273422	sha256	d5a1d32da7f054fb4a8ea41b080617b4e4f57483b7da6828cc619c396257dbad	10.9	18.5	29.4
GCST90201249	ok	""	1	0	http://ftp.ebi.ac.uk/pub/databases/gwas/summary_statistics/GCST90201001-GCST90202000/GCST90201249/harmonised/GCST90201249.h.tsv.gz	157617197	7278494	11069	0.001521	0	1	4326	111	6636	/data/opengwasdb/metabolome-plasma-2023/releases/2023-chen-full-african/filtered/GCST90201249_GCST90201249.filtered.tsv.gz	270151	sha256	a2ebc3987ab4e521861de1ad764ec03ea65bad6435e30554c15540a9abbc24e0	16.1	20	36.1
GCST90201250	ok	""	1	0	http://ftp.ebi.ac.uk/pub/databases/gwas/summary_statistics/GCST90201001-GCST90202000/GCST90201250/harmonised/GCST90201250.h.tsv.gz	150236142	7278494	25938	0.003564	0	3	19244	72	6636	/data/opengwasdb/metabolome-plasma-2023/releases/2023-chen-full-african/filtered/GCST90201250_GCST90201250.filtered.tsv.gz	571952	sha256	b5bbef0a07e9489623f85f31c3af5a2afe26b4e596c5197c20700e010ac1dd78	9.1	19.1	28.2
GCST90201251	ok	""	1	0	http://ftp.ebi.ac.uk/pub/databases/gwas/summary_statistics/GCST90201001-GCST90202000/GCST90201251/harmonised/GCST90201251.h.tsv.gz	157516771	7278494	13935	0.001915	0	1	7228	76	6636	/data/opengwasdb/metabolome-plasma-2023/releases/2023-chen-full-african/filtered/GCST90201251_GCST90201251.filtered.tsv.gz	317177	sha256	fdb8c049e203d8668ffc05ebf743045d6aff683b9452f54849d0d78c51a0f2d9	9.2	19.4	28.6
GCST90201252	ok	""	1	0	http://ftp.ebi.ac.uk/pub/databases/gwas/summary_statistics/GCST90201001-GCST90202000/GCST90201252/harmonised/GCST90201252.h.tsv.gz	157571681	7278494	29829	0.004098	0	5	23151	63	6636	/data/opengwasdb/metabolome-plasma-2023/releases/2023-chen-full-african/filtered/GCST90201252_GCST90201252.filtered.tsv.gz	649259	sha256	265e4fc3705acf18f9043e4b042eb8a175e610ea5cd6571369a2856e3e72d90c	9.6	20.3	29.9
GCST90201253	ok	""	1	0	http://ftp.ebi.ac.uk/pub/databases/gwas/summary_statistics/GCST90201001-GCST90202000/GCST90201253/harmonised/GCST90201253.h.tsv.gz	157610016	7278494	25447	0.003496	0	3	18746	83	6636	/data/opengwasdb/metabolome-plasma-2023/releases/2023-chen-full-african/filtered/GCST90201253_GCST90201253.filtered.tsv.gz	563334	sha256	1de4385f70c9033eb02670ef0ec9535088f0f08df0571408813a0f2aa2eb8482	9.3	20.2	29.5
GCST90201254	ok	""	1	0	http://ftp.ebi.ac.uk/pub/databases/gwas/summary_statistics/GCST90201001-GCST90202000/GCST90201254/harmonised/GCST90201254.h.tsv.gz	157460334	7278494	46378	0.006372	0	7	39665	106	6636	/data/opengwasdb/metabolome-plasma-2023/releases/2023-chen-full-african/filtered/GCST90201254_GCST90201254.filtered.tsv.gz	951041	sha256	3fdc37ce5f0a98155bdddc4af37c881e5a7ca3bed165bacbdb40ac1c2ad32746	9.3	21	30.4
GCST90201255	ok	""	1	0	http://ftp.ebi.ac.uk/pub/databases/gwas/summary_statistics/GCST90201001-GCST90202000/GCST90201255/harmonised/GCST90201255.h.tsv.gz	150907897	7320690	13386	0.001829	0	1	6634	71	6684	/data/opengwasdb/metabolome-plasma-2023/releases/2023-chen-full-african/filtered/GCST90201255_GCST90201255.filtered.tsv.gz	312233	sha256	66507ef87978a1fb579ae6bcf56ad28df33e93686676e2ed87cf77e429cb1bd9	10.8	17.7	28.6
GCST90201256	ok	""	1	0	http://ftp.ebi.ac.uk/pub/databases/gwas/summary_statistics/GCST90201001-GCST90202000/GCST90201256/harmonised/GCST90201256.h.tsv.gz	150424204	7335947	38247	0.005214	0	5	31333	205	6731	/data/opengwasdb/metabolome-plasma-2023/releases/2023-chen-full-african/filtered/GCST90201256_GCST90201256.filtered.tsv.gz	783918	sha256	8cad3bdf3d664a7c853e97d992ab1f3df3a09419c168351e8393309e3d6e9fe4	6.3	19.7	26
GCST90201257	ok	""	1	0	http://ftp.ebi.ac.uk/pub/databases/gwas/summary_statistics/GCST90201001-GCST90202000/GCST90201257/harmonised/GCST90201257.h.tsv.gz	150356301	7278494	19182	0.002635	0	2	12480	76	6636	/data/opengwasdb/metabolome-plasma-2023/releases/2023-chen-full-african/filtered/GCST90201257_GCST90201257.filtered.tsv.gz	421707	sha256	acdaaa5c41c178e114b86ac315406039a6276de880fc8ff3d92ccd6d82b35232	9.6	19.5	29.1
GCST90201258	ok	""	1	0	http://ftp.ebi.ac.uk/pub/databases/gwas/summary_statistics/GCST90201001-GCST90202000/GCST90201258/harmonised/GCST90201258.h.tsv.gz	158436162	7376051	17526	0.002376	0	2	10680	83	6771	/data/opengwasdb/metabolome-plasma-2023/releases/2023-chen-full-african/filtered/GCST90201258_GCST90201258.filtered.tsv.gz	398322	sha256	657e1e6219eefbfa7a19f8765754ff1a1983a9678565063c835daa875b398e25	11.4	19.5	30.9
GCST90201259	ok	""	1	0	http://ftp.ebi.ac.uk/pub/databases/gwas/summary_statistics/GCST90201001-GCST90202000/GCST90201259/harmonised/GCST90201259.h.tsv.gz	150443102	7290825	32141	0.004408	0	5	25415	99	6655	/data/opengwasdb/metabolome-plasma-2023/releases/2023-chen-full-african/filtered/GCST90201259_GCST90201259.filtered.tsv.gz	692560	sha256	cf9afbb43a4fec5c52c31fc9cb2b765f6a5edcbd0127079cd94d9d108baf23a0	7	19.4	26.4
GCST90201260	ok	""	1	0	http://ftp.ebi.ac.uk/pub/databases/gwas/summary_statistics/GCST90201001-GCST90202000/GCST90201260/harmonised/GCST90201260.h.tsv.gz	139475547	6950510	116080	0.016701	0	19	109386	430	6347	/data/opengwasdb/metabolome-plasma-2023/releases/2023-chen-full-african/filtered/GCST90201260_GCST90201260.filtered.tsv.gz	2180620	sha256	64c2079642f5e460f5ca90fda02e8403cb7db072cca7902a10d3bc38dbf742e5	6	21.9	27.9
GCST90201261	ok	""	1	0	http://ftp.ebi.ac.uk/pub/databases/gwas/summary_statistics/GCST90201001-GCST90202000/GCST90201261/harmonised/GCST90201261.h.tsv.gz	154020195	7257830	26762	0.003687	0	4	20029	103	6647	/data/opengwasdb/metabolome-plasma-2023/releases/2023-chen-full-african/filtered/GCST90201261_GCST90201261.filtered.tsv.gz	557617	sha256	51bb05a54d634707a4a7e0a7c78f4332fb4ce36d3727d207857c05da2bc8fbe6	8.8	21	29.8
GCST90201262	ok	""	1	0	http://ftp.ebi.ac.uk/pub/databases/gwas/summary_statistics/GCST90201001-GCST90202000/GCST90201262/harmonised/GCST90201262.h.tsv.gz	157990029	7321723	12504	0.001708	0	1	5728	97	6686	/data/opengwasdb/metabolome-plasma-2023/releases/2023-chen-full-african/filtered/GCST90201262_GCST90201262.filtered.tsv.gz	306285	sha256	e2ab624817cc4b2dc7401aa58f11f45bcbc6456d015d3ffea3a87a7949c65748	9.8	19.7	29.5
GCST90201263	ok	""	1	0	http://ftp.ebi.ac.uk/pub/databases/gwas/summary_statistics/GCST90201001-GCST90202000/GCST90201263/harmonised/GCST90201263.h.tsv.gz	148380222	7409035	16749	0.002261	0	2	9869	95	6796	/data/opengwasdb/metabolome-plasma-2023/releases/2023-chen-full-african/filtered/GCST90201263_GCST90201263.filtered.tsv.gz	382787	sha256	0b3574ccd95e9b84d9012f9430f0ab576c84e0ff0f0f60ad7d76a273e3d407f3	8.5	19.6	28.1
GCST90201264	ok	""	1	0	http://ftp.ebi.ac.uk/pub/databases/gwas/summary_statistics/GCST90201001-GCST90202000/GCST90201264/harmonised/GCST90201264.h.tsv.gz	157429453	7278494	24335	0.003343	0	3	17628	88	6636	/data/opengwasdb/metabolome-plasma-2023/releases/2023-chen-full-african/filtered/GCST90201264_GCST90201264.filtered.tsv.gz	536313	sha256	84aaba5876930ce6991f1d65082c5d0f549d1eb55d881bd37c811307ec2060d5	6.3	18.6	24.9
GCST90201265	ok	""	1	0	http://ftp.ebi.ac.uk/pub/databases/gwas/summary_statistics/GCST90201001-GCST90202000/GCST90201265/harmonised/GCST90201265.h.tsv.gz	150765141	7313625	24520	0.003353	0	3	17755	102	6676	/data/opengwasdb/metabolome-plasma-2023/releases/2023-chen-full-african/filtered/GCST90201265_GCST90201265.filtered.tsv.gz	525695	sha256	8e510ea105bb9992ce247118c1224b7979a89c099ca7ce8a8d90d639dd005a47	10.7	20.5	31.2
GCST90201266	ok	""	1	0	http://ftp.ebi.ac.uk/pub/databases/gwas/summary_statistics/GCST90201001-GCST90202000/GCST90201266/harmonised/GCST90201266.h.tsv.gz	160419247	7489745	6992	0.000934	0	0	0	99	6893	/data/opengwasdb/metabolome-plasma-2023/releases/2023-chen-full-african/filtered/GCST90201266_GCST90201266.filtered.tsv.gz	191510	sha256	567c724f8c688bb1e0393733555cf5502526a97ba691c5caa86918fbd6d1fd77	11.6	18	29.6
GCST90201267	ok	""	1	0	http://ftp.ebi.ac.uk/pub/databases/gwas/summary_statistics/GCST90201001-GCST90202000/GCST90201267/harmonised/GCST90201267.h.tsv.gz	157466649	7278494	46658	0.00641	0	7	39934	126	6636	/data/opengwasdb/metabolome-plasma-2023/releases/2023-chen-full-african/filtered/GCST90201267_GCST90201267.filtered.tsv.gz	950981	sha256	d5531d3f409d9edbea7b1ce242eec483e29e206954b87b689866601ccfbba3bb	11.2	21.1	32.4
GCST90201268	ok	""	1	0	http://ftp.ebi.ac.uk/pub/databases/gwas/summary_statistics/GCST90201001-GCST90202000/GCST90201268/harmonised/GCST90201268.h.tsv.gz	145300213	7194341	27437	0.003814	0	4	20754	128	6573	/data/opengwasdb/metabolome-plasma-2023/releases/2023-chen-full-african/filtered/GCST90201268_GCST90201268.filtered.tsv.gz	599323	sha256	47298ce2e00f377eeff0ef41ea4c0d53dd1139a6526cb7ae8f5f25e3bb4f2673	10.7	20.3	31
GCST90201269	ok	""	1	0	http://ftp.ebi.ac.uk/pub/databases/gwas/summary_statistics/GCST90201001-GCST90202000/GCST90201269/harmonised/GCST90201269.h.tsv.gz	157437215	7278494	23607	0.003243	0	3	16873	112	6636	/data/opengwasdb/metabolome-plasma-2023/releases/2023-chen-full-african/filtered/GCST90201269_GCST90201269.filtered.tsv.gz	548173	sha256	7b50ad8d4d1d180e4c1a57dfda0f44067fcd1bd7758c554e3605cab5c67d2edd	11.4	20	31.4
GCST90201270	ok	""	1	0	http://ftp.ebi.ac.uk/pub/databases/gwas/summary_statistics/GCST90201001-GCST90202000/GCST90201270/harmonised/GCST90201270.h.tsv.gz	150862957	7364725	15878	0.002156	0	2	9085	70	6729	/data/opengwasdb/metabolome-plasma-2023/releases/2023-chen-full-african/filtered/GCST90201270_GCST90201270.filtered.tsv.gz	356552	sha256	447fba8c3597e3f4cac1eda0df8b0c54f152f8addeae5db13d892344dbec3859	8.7	22.2	30.9
GCST90201271	ok	""	1	0	http://ftp.ebi.ac.uk/pub/databases/gwas/summary_statistics/GCST90201001-GCST90202000/GCST90201271/harmonised/GCST90201271.h.tsv.gz	157574749	7278494	33227	0.004565	0	5	26516	100	6636	/data/opengwasdb/metabolome-plasma-2023/releases/2023-chen-full-african/filtered/GCST90201271_GCST90201271.filtered.tsv.gz	709389	sha256	2209a1dcac7b6e05e27e7c6a0d1dfd45bef8c45214236bf024da547a332f534f	9.5	20.6	30.2
GCST90201272	ok	""	1	0	http://ftp.ebi.ac.uk/pub/databases/gwas/summary_statistics/GCST90201001-GCST90202000/GCST90201272/harmonised/GCST90201272.h.tsv.gz	157540538	7278494	6698	0.00092	0	0	0	62	6636	/data/opengwasdb/metabolome-plasma-2023/releases/2023-chen-full-african/filtered/GCST90201272_GCST90201272.filtered.tsv.gz	184671	sha256	b0a59eb6af63362f93e038c375dca0ab179362d8a7a6ee48662ab2050f531203	11.4	19.5	30.9
GCST90201273	ok	""	1	0	http://ftp.ebi.ac.uk/pub/databases/gwas/summary_statistics/GCST90201001-GCST90202000/GCST90201273/harmonised/GCST90201273.h.tsv.gz	150646335	7290825	21685	0.002974	0	3	14973	71	6655	/data/opengwasdb/metabolome-plasma-2023/releases/2023-chen-full-african/filtered/GCST90201273_GCST90201273.filtered.tsv.gz	487779	sha256	82ffa144b8c57016a75bd879a305d7d3302f01f277c4d02802910e133c3c47b8	9.4	20.8	30.2
GCST90201274	ok	""	1	0	http://ftp.ebi.ac.uk/pub/databases/gwas/summary_statistics/GCST90201001-GCST90202000/GCST90201274/harmonised/GCST90201274.h.tsv.gz	150297618	7278494	21691	0.00298	0	3	14986	87	6636	/data/opengwasdb/metabolome-plasma-2023/releases/2023-chen-full-african/filtered/GCST90201274_GCST90201274.filtered.tsv.gz	479567	sha256	50524b07a8f034d96034b46f61b8006a57f49e161a0c6f63038708bfa6990470	5.5	19.8	25.2
GCST90201275	ok	""	1	0	http://ftp.ebi.ac.uk/pub/databases/gwas/summary_statistics/GCST90201001-GCST90202000/GCST90201275/harmonised/GCST90201275.h.tsv.gz	150304463	7278494	12409	0.001705	0	1	5668	113	6636	/data/opengwasdb/metabolome-plasma-2023/releases/2023-chen-full-african/filtered/GCST90201275_GCST90201275.filtered.tsv.gz	287676	sha256	2e5b84b85519139f0cec09a4a5a9fa9a67da574f92763942da2f52f4667db3f1	10.8	19.6	30.3
GCST90201276	ok	""	1	0	http://ftp.ebi.ac.uk/pub/databases/gwas/summary_statistics/GCST90201001-GCST90202000/GCST90201276/harmonised/GCST90201276.h.tsv.gz	157572697	7278494	25012	0.003436	0	3	18311	80	6636	/data/opengwasdb/metabolome-plasma-2023/releases/2023-chen-full-african/filtered/GCST90201276_GCST90201276.filtered.tsv.gz	557514	sha256	c46a4f2f08b2b44fc53bcd8d15b3b4bdfcf5a6297b5ba08e4909466a90da299c	9.2	21.4	30.7
GCST90201277	ok	""	1	0	http://ftp.ebi.ac.uk/pub/databases/gwas/summary_statistics/GCST90201001-GCST90202000/GCST90201277/harmonised/GCST90201277.h.tsv.gz	157563437	7278494	13321	0.00183	0	1	6589	102	6636	/data/opengwasdb/metabolome-plasma-2023/releases/2023-chen-full-african/filtered/GCST90201277_GCST90201277.filtered.tsv.gz	315288	sha256	f6d607ae25d298f1b5918603f0ae2fd1505c5108c64ff5af3138268effefd2fa	10.5	20	30.5
GCST90201278	ok	""	1	0	http://ftp.ebi.ac.uk/pub/databases/gwas/summary_statistics/GCST90201001-GCST90202000/GCST90201278/harmonised/GCST90201278.h.tsv.gz	153025874	7492571	140401	0.018739	0	22	133386	232	6899	/data/opengwasdb/metabolome-plasma-2023/releases/2023-chen-full-african/filtered/GCST90201278_GCST90201278.filtered.tsv.gz	2768530	sha256	7e13eda42a5fd065b2f5c5343dd70f62eae47ad3271f463009ce5ac4366e9e50	6.6	22	28.6
GCST90201279	ok	""	1	0	http://ftp.ebi.ac.uk/pub/databases/gwas/summary_statistics/GCST90201001-GCST90202000/GCST90201279/harmonised/GCST90201279.h.tsv.gz	159925292	7444968	36083	0.004847	0	5	29185	86	6834	/data/opengwasdb/metabolome-plasma-2023/releases/2023-chen-full-african/filtered/GCST90201279_GCST90201279.filtered.tsv.gz	771009	sha256	a859a25a01fb43ce5139798593cf840168f381e7a77ae1ae4992e69c0f835d38	9.2	20.5	29.7
GCST90201280	ok	""	1	0	http://ftp.ebi.ac.uk/pub/databases/gwas/summary_statistics/GCST90201001-GCST90202000/GCST90201280/harmonised/GCST90201280.h.tsv.gz	151104483	7339127	30094	0.0041	0	4	23323	85	6710	/data/opengwasdb/metabolome-plasma-2023/releases/2023-chen-full-african/filtered/GCST90201280_GCST90201280.filtered.tsv.gz	642518	sha256	a0cfda7cefa7c51d60328921d4f801083f82822512265dea600b7a66b58d5b8c	6.2	20.3	26.6
GCST90201281	ok	""	1	0	http://ftp.ebi.ac.uk/pub/databases/gwas/summary_statistics/GCST90201001-GCST90202000/GCST90201281/harmonised/GCST90201281.h.tsv.gz	160709006	7536087	29983	0.003979	0	4	22951	89	6965	/data/opengwasdb/metabolome-plasma-2023/releases/2023-chen-full-african/filtered/GCST90201281_GCST90201281.filtered.tsv.gz	655205	sha256	8bec1d6911ade69d7fe807a46540fb3c0c145cb1eb1491db673f0eeea3298516	9.8	21.3	31
GCST90201282	ok	""	1	0	http://ftp.ebi.ac.uk/pub/databases/gwas/summary_statistics/GCST90201001-GCST90202000/GCST90201282/harmonised/GCST90201282.h.tsv.gz	157549572	7278494	21681	0.002979	0	3	14986	75	6636	/data/opengwasdb/metabolome-plasma-2023/releases/2023-chen-full-african/filtered/GCST90201282_GCST90201282.filtered.tsv.gz	480772	sha256	e1ad8e2eb6e433400289684c9b6e42656cc5c874383a6ec858724539f3f45b4d	6.6	21.6	28.2
GCST90201283	ok	""	1	0	http://ftp.ebi.ac.uk/pub/databases/gwas/summary_statistics/GCST90201001-GCST90202000/GCST90201283/harmonised/GCST90201283.h.tsv.gz	150520870	7331514	16504	0.002251	0	2	9594	159	6762	/data/opengwasdb/metabolome-plasma-2023/releases/2023-chen-full-african/filtered/GCST90201283_GCST90201283.filtered.tsv.gz	353807	sha256	ef7ab31dfee08244a4eaabdb04313832536dd043be7caefaeb1e9588297d8fd0	10.8	19.4	30.2
GCST90201284	ok	""	1	0	http://ftp.ebi.ac.uk/pub/databases/gwas/summary_statistics/GCST90201001-GCST90202000/GCST90201284/harmonised/GCST90201284.h.tsv.gz	152434241	7197427	40132	0.005576	0	5	33495	107	6559	/data/opengwasdb/metabolome-plasma-2023/releases/2023-chen-full-african/filtered/GCST90201284_GCST90201284.filtered.tsv.gz	791344	sha256	3ea90a1395efdb0f3a84e15fb935dd48bc2983f564819903583051e344bd3020	10.6	20.7	31.3
GCST90201285	ok	""	1	0	http://ftp.ebi.ac.uk/pub/databases/gwas/summary_statistics/GCST90201001-GCST90202000/GCST90201285/harmonised/GCST90201285.h.tsv.gz	157728970	7296671	24015	0.003291	0	3	17283	90	6655	/data/opengwasdb/metabolome-plasma-2023/releases/2023-chen-full-african/filtered/GCST90201285_GCST90201285.filtered.tsv.gz	521242	sha256	df6d59dc41983750d322585e520f68f543ee2aba5af3b78c78d3a5d0dc9d40d5	10	21	31
GCST90201286	ok	""	1	0	http://ftp.ebi.ac.uk/pub/databases/gwas/summary_statistics/GCST90201001-GCST90202000/GCST90201286/harmonised/GCST90201286.h.tsv.gz	157522128	7278494	31140	0.004278	0	5	24441	83	6636	/data/opengwasdb/metabolome-plasma-2023/releases/2023-chen-full-african/filtered/GCST90201286_GCST90201286.filtered.tsv.gz	675178	sha256	65ae1aa79d04bdc4080747a0269b126a98e29b47c725fcf530e7f5b8cf9e5472	9.7	20.2	29.8
GCST90201287	ok	""	1	0	http://ftp.ebi.ac.uk/pub/databases/gwas/summary_statistics/GCST90201001-GCST90202000/GCST90201287/harmonised/GCST90201287.h.tsv.gz	157895528	7304063	36874	0.005048	0	5	30153	92	6657	/data/opengwasdb/metabolome-plasma-2023/releases/2023-chen-full-african/filtered/GCST90201287_GCST90201287.filtered.tsv.gz	757057	sha256	429b7e4f21d6fe84759bf09b769c951f714d2c2092a0ba6974ff3d862abe4412	9.6	19.5	29.1
GCST90201288	ok	""	1	0	http://ftp.ebi.ac.uk/pub/databases/gwas/summary_statistics/GCST90201001-GCST90202000/GCST90201288/harmonised/GCST90201288.h.tsv.gz	157475492	7278494	19236	0.002643	0	2	12502	110	6636	/data/opengwasdb/metabolome-plasma-2023/releases/2023-chen-full-african/filtered/GCST90201288_GCST90201288.filtered.tsv.gz	431090	sha256	72b6ececf478caec2b222df2959203aafe22028817b4125bf0141a5324fab792	10.3	19.5	29.8
GCST90201289	ok	""	1	0	http://ftp.ebi.ac.uk/pub/databases/gwas/summary_statistics/GCST90201001-GCST90202000/GCST90201289/harmonised/GCST90201289.h.tsv.gz	151844850	7414036	12600	0.001699	0	1	5730	74	6799	/data/opengwasdb/metabolome-plasma-2023/releases/2023-chen-full-african/filtered/GCST90201289_GCST90201289.filtered.tsv.gz	297811	sha256	b608f614e340d959eaceeb93bde2eabef8b8905cd3da6135217a3cb79c1294ff	9.2	21.2	30.3
GCST90201290	ok	""	1	0	http://ftp.ebi.ac.uk/pub/databases/gwas/summary_statistics/GCST90201001-GCST90202000/GCST90201290/harmonised/GCST90201290.h.tsv.gz	157573105	7278494	23980	0.003295	0	3	17299	64	6636	/data/opengwasdb/metabolome-plasma-2023/releases/2023-chen-full-african/filtered/GCST90201290_GCST90201290.filtered.tsv.gz	514094	sha256	069dbbd01ea96aa050166b5add09b4d5ace038e95bb8bc7ee515bc37aa25630b	9.6	20.9	30.5
GCST90201291	ok	""	1	0	http://ftp.ebi.ac.uk/pub/databases/gwas/summary_statistics/GCST90201001-GCST90202000/GCST90201291/harmonised/GCST90201291.h.tsv.gz	150260503	7278494	17317	0.002379	0	2	10624	67	6636	/data/opengwasdb/metabolome-plasma-2023/releases/2023-chen-full-african/filtered/GCST90201291_GCST90201291.filtered.tsv.gz	397675	sha256	377a90c33b91ee64b11073d814a21d2944f8b5b345ebd6e78b572088f101ff19	8.8	19.7	28.5
GCST90201292	ok	""	1	0	http://ftp.ebi.ac.uk/pub/databases/gwas/summary_statistics/GCST90201001-GCST90202000/GCST90201292/harmonised/GCST90201292.h.tsv.gz	150613984	7305069	12932	0.00177	0	1	6188	83	6667	/data/opengwasdb/metabolome-plasma-2023/releases/2023-chen-full-african/filtered/GCST90201292_GCST90201292.filtered.tsv.gz	298138	sha256	a71c743500dc20b7ed1f4c036175d2ebc1b81cbc5d705cf7da905364443319fe	10.8	18.7	29.5
GCST90201293	ok	""	1	0	http://ftp.ebi.ac.uk/pub/databases/gwas/summary_statistics/GCST90201001-GCST90202000/GCST90201293/harmonised/GCST90201293.h.tsv.gz	159906416	7520238	13526	0.001799	0	1	6506	93	6935	/data/opengwasdb/metabolome-plasma-2023/releases/2023-chen-full-african/filtered/GCST90201293_GCST90201293.filtered.tsv.gz	307706	sha256	f496c9935819d12b634a07552b61faa8132e4f88c9c64fe9b2900c6cadf8f7f0	10.1	20	30.1
GCST90201294	ok	""	1	0	http://ftp.ebi.ac.uk/pub/databases/gwas/summary_statistics/GCST90201001-GCST90202000/GCST90201294/harmonised/GCST90201294.h.tsv.gz	158127467	7325746	25438	0.003472	0	3	18648	107	6698	/data/opengwasdb/metabolome-plasma-2023/releases/2023-chen-full-african/filtered/GCST90201294_GCST90201294.filtered.tsv.gz	523102	sha256	f63607b8924f36ff41f7cd0be4fa5081e99c9903daa04b4c6f14a8a45e0d80ff	8.7	22	30.7
GCST90201295	ok	""	1	0	http://ftp.ebi.ac.uk/pub/databases/gwas/summary_statistics/GCST90201001-GCST90202000/GCST90201295/harmonised/GCST90201295.h.tsv.gz	158072730	7321556	6758	0.000923	0	0	0	75	6683	/data/opengwasdb/metabolome-plasma-2023/releases/2023-chen-full-african/filtered/GCST90201295_GCST90201295.filtered.tsv.gz	186101	sha256	b431226dc516fd7afa25c20751c45a45ee007c0b1894974fd249dfe5fc6b111e	11.3	20.1	31.3
GCST90201296	ok	""	1	0	http://ftp.ebi.ac.uk/pub/databases/gwas/summary_statistics/GCST90201001-GCST90202000/GCST90201296/harmonised/GCST90201296.h.tsv.gz	161839258	7612809	18217	0.002393	0	2	11091	104	7031	/data/opengwasdb/metabolome-plasma-2023/releases/2023-chen-full-african/filtered/GCST90201296_GCST90201296.filtered.tsv.gz	411278	sha256	a4fcfd1b346b01653cd575912415525a51dd79eb70c30c37c2d09ff9b07387ba	10	18.9	28.9
GCST90201297	ok	""	1	0	http://ftp.ebi.ac.uk/pub/databases/gwas/summary_statistics/GCST90201001-GCST90202000/GCST90201297/harmonised/GCST90201297.h.tsv.gz	157997515	7308282	53888	0.007374	0	9	47130	144	6665	/data/opengwasdb/metabolome-plasma-2023/releases/2023-chen-full-african/filtered/GCST90201297_GCST90201297.filtered.tsv.gz	1096573	sha256	4d5b28741ad46a79c16f5cd3d78e54f2aee85614845f9a9191094f5d3c675705	9.8	21.6	31.4
GCST90201298	ok	""	1	0	http://ftp.ebi.ac.uk/pub/databases/gwas/summary_statistics/GCST90201001-GCST90202000/GCST90201298/harmonised/GCST90201298.h.tsv.gz	158237202	7328667	6748	0.000921	0	0	0	63	6685	/data/opengwasdb/metabolome-plasma-2023/releases/2023-chen-full-african/filtered/GCST90201298_GCST90201298.filtered.tsv.gz	185988	sha256	9970f0d9ddf820a35183205e99b426c7b88d85945f7f3004439a9374d6847919	8.4	18.7	27.1
GCST90201299	ok	""	1	0	http://ftp.ebi.ac.uk/pub/databases/gwas/summary_statistics/GCST90201001-GCST90202000/GCST90201299/harmonised/GCST90201299.h.tsv.gz	158121510	7324192	40194	0.005488	0	6	33394	143	6691	/data/opengwasdb/metabolome-plasma-2023/releases/2023-chen-full-african/filtered/GCST90201299_GCST90201299.filtered.tsv.gz	854566	sha256	e9fb74e16498aebdcd6fe0601ea7caab3468fec539bd3efd0239125f535bd0c2	9.7	19.6	29.4
GCST90201300	ok	""	1	0	http://ftp.ebi.ac.uk/pub/databases/gwas/summary_statistics/GCST90201001-GCST90202000/GCST90201300/harmonised/GCST90201300.h.tsv.gz	158629545	7358950	11817	0.001606	0	1	5022	59	6741	/data/opengwasdb/metabolome-plasma-2023/releases/2023-chen-full-african/filtered/GCST90201300_GCST90201300.filtered.tsv.gz	291908	sha256	d0630252e3b0c35e8069b7a6730fbc0412b61b4a3f867cdbf4fbf9b872ec9648	11.6	19	30.6
GCST90201301	ok	""	1	0	http://ftp.ebi.ac.uk/pub/databases/gwas/summary_statistics/GCST90201001-GCST90202000/GCST90201301/harmonised/GCST90201301.h.tsv.gz	157612113	7278494	12016	0.001651	0	1	5302	83	6636	/data/opengwasdb/metabolome-plasma-2023/releases/2023-chen-full-african/filtered/GCST90201301_GCST90201301.filtered.tsv.gz	287229	sha256	f2e4e8b91cd082ca3d64a683461a99346c6a51dbbd98ad848b2a57a3b55580d9	12.6	20	32.6
GCST90201302	ok	""	1	0	http://ftp.ebi.ac.uk/pub/databases/gwas/summary_statistics/GCST90201001-GCST90202000/GCST90201302/harmonised/GCST90201302.h.tsv.gz	159355806	7387559	71517	0.009681	0	11	64633	181	6769	/data/opengwasdb/metabolome-plasma-2023/releases/2023-chen-full-african/filtered/GCST90201302_GCST90201302.filtered.tsv.gz	1431347	sha256	95a5df831adac29a44d89fc7c07664063e2ef1b2a9b2c6a461d2ddb8f5ce0a2b	10	21.8	31.8
GCST90201303	ok	""	1	0	http://ftp.ebi.ac.uk/pub/databases/gwas/summary_statistics/GCST90201001-GCST90202000/GCST90201303/harmonised/GCST90201303.h.tsv.gz	157591096	7278494	12541	0.001723	0	1	5822	90	6636	/data/opengwasdb/metabolome-plasma-2023/releases/2023-chen-full-african/filtered/GCST90201303_GCST90201303.filtered.tsv.gz	295439	sha256	2aa54a6c58a791d2d1d729e8c88bf05192019b549bd995f0f870f2be896ab6e3	11.1	18.2	29.4
GCST90201304	ok	""	1	0	http://ftp.ebi.ac.uk/pub/databases/gwas/summary_statistics/GCST90201001-GCST90202000/GCST90201304/harmonised/GCST90201304.h.tsv.gz	158136918	7324528	19270	0.002631	0	2	12521	78	6681	/data/opengwasdb/metabolome-plasma-2023/releases/2023-chen-full-african/filtered/GCST90201304_GCST90201304.filtered.tsv.gz	444363	sha256	af2c2c0f190b5afaf6a657cb42ea95acacb886d6de75dbf633f14fd4a0f9bb92	11.2	18.2	29.5
GCST90201305	ok	""	1	0	http://ftp.ebi.ac.uk/pub/databases/gwas/summary_statistics/GCST90201001-GCST90202000/GCST90201305/harmonised/GCST90201305.h.tsv.gz	150805014	7312617	11600	0.001586	0	1	4859	78	6669	/data/opengwasdb/metabolome-plasma-2023/releases/2023-chen-full-african/filtered/GCST90201305_GCST90201305.filtered.tsv.gz	283299	sha256	37d6f2589358a2451cef5aa31e479c5b818432bb3098e7f5e0370e05d9c63e46	10.4	19.4	29.8
GCST90201306	ok	""	1	0	http://ftp.ebi.ac.uk/pub/databases/gwas/summary_statistics/GCST90201001-GCST90202000/GCST90201306/harmonised/GCST90201306.h.tsv.gz	157601481	7278494	17527	0.002408	0	2	10842	60	6636	/data/opengwasdb/metabolome-plasma-2023/releases/2023-chen-full-african/filtered/GCST90201306_GCST90201306.filtered.tsv.gz	403059	sha256	b1aa959e6629ba5bb398e95decfced3f1764fc7a217615f8c99e571cd5a72cc6	9.3	19.4	28.7
GCST90201307	ok	""	1	0	http://ftp.ebi.ac.uk/pub/databases/gwas/summary_statistics/GCST90201001-GCST90202000/GCST90201307/harmonised/GCST90201307.h.tsv.gz	150352766	7278494	18568	0.002551	0	2	11836	109	6636	/data/opengwasdb/metabolome-plasma-2023/releases/2023-chen-full-african/filtered/GCST90201307_GCST90201307.filtered.tsv.gz	405112	sha256	d1f45147fb73ea605b968cd7c0cc6cbf9e3a287c017d703cc9f6df4668b28057	9.2	19.5	28.6
GCST90201308	ok	""	1	0	http://ftp.ebi.ac.uk/pub/databases/gwas/summary_statistics/GCST90201001-GCST90202000/GCST90201308/harmonised/GCST90201308.h.tsv.gz	157743866	7300215	41511	0.005686	0	6	34771	120	6650	/data/opengwasdb/metabolome-plasma-2023/releases/2023-chen-full-african/filtered/GCST90201308_GCST90201308.filtered.tsv.gz	886704	sha256	7b18bc3697ccda74a498d1806c3a93eac91c6f56231a40e7b3c1922796fdd89e	9.1	20.3	29.5
GCST90201309	ok	""	1	0	http://ftp.ebi.ac.uk/pub/databases/gwas/summary_statistics/GCST90201001-GCST90202000/GCST90201309/harmonised/GCST90201309.h.tsv.gz	157538670	7278494	36839	0.005061	0	5	30133	92	6636	/data/opengwasdb/metabolome-plasma-2023/releases/2023-chen-full-african/filtered/GCST90201309_GCST90201309.filtered.tsv.gz	779585	sha256	427ff61ea5ca4c89e2fcc933cda914231d3dc5827083439da38741b6e896e8c2	11.6	19.8	31.4
GCST90201310	ok	""	1	0	http://ftp.ebi.ac.uk/pub/databases/gwas/summary_statistics/GCST90201001-GCST90202000/GCST90201310/harmonised/GCST90201310.h.tsv.gz	157558112	7278494	12665	0.00174	0	1	5966	70	6636	/data/opengwasdb/metabolome-plasma-2023/releases/2023-chen-full-african/filtered/GCST90201310_GCST90201310.filtered.tsv.gz	302406	sha256	dfd5b3607c559276e283b0ce926c09b55b6dcbb10c1ef2d89f254de0f3a43089	9.4	19.3	28.7
GCST90201311	ok	""	1	0	http://ftp.ebi.ac.uk/pub/databases/gwas/summary_statistics/GCST90201001-GCST90202000/GCST90201311/harmonised/GCST90201311.h.tsv.gz	152937388	7521802	13054	0.001735	0	1	6051	70	6940	/data/opengwasdb/metabolome-plasma-2023/releases/2023-chen-full-african/filtered/GCST90201311_GCST90201311.filtered.tsv.gz	304459	sha256	438e59591a86468f0b77490062427757ba8a2765871c34f03301a126192c84b7	11.6	19.5	31
GCST90201312	ok	""	1	0	http://ftp.ebi.ac.uk/pub/databases/gwas/summary_statistics/GCST90201001-GCST90202000/GCST90201312/harmonised/GCST90201312.h.tsv.gz	159062711	7404294	32088	0.004334	0	3	25254	80	6774	/data/opengwasdb/metabolome-plasma-2023/releases/2023-chen-full-african/filtered/GCST90201312_GCST90201312.filtered.tsv.gz	663576	sha256	5e933771c8fbfd0fd3d474fc1b422f263c2a8dc352da16f52d1634456c994cb5	9.7	18.7	28.4
GCST90201313	ok	""	1	0	http://ftp.ebi.ac.uk/pub/databases/gwas/summary_statistics/GCST90201001-GCST90202000/GCST90201313/harmonised/GCST90201313.h.tsv.gz	154285338	7614188	18694	0.002455	0	2	11559	115	7033	/data/opengwasdb/metabolome-plasma-2023/releases/2023-chen-full-african/filtered/GCST90201313_GCST90201313.filtered.tsv.gz	416875	sha256	26ca52c4b44541a3ef202a7494ed6b810acad9d861776dbe94b75bbdd18874ca	6.3	19.5	25.8
GCST90201314	ok	""	1	0	http://ftp.ebi.ac.uk/pub/databases/gwas/summary_statistics/GCST90201001-GCST90202000/GCST90201314/harmonised/GCST90201314.h.tsv.gz	157807964	7308473	6759	0.000925	0	0	0	85	6674	/data/opengwasdb/metabolome-plasma-2023/releases/2023-chen-full-african/filtered/GCST90201314_GCST90201314.filtered.tsv.gz	185832	sha256	13c09a5206ff77216e6cacda96f8f48eef1aaba9ad66e4b9bd595fc9c7ab6616	9.1	19.1	28.2
GCST90201315	ok	""	1	0	http://ftp.ebi.ac.uk/pub/databases/gwas/summary_statistics/GCST90201001-GCST90202000/GCST90201315/harmonised/GCST90201315.h.tsv.gz	157519260	7278494	6720	0.000923	0	0	0	84	6636	/data/opengwasdb/metabolome-plasma-2023/releases/2023-chen-full-african/filtered/GCST90201315_GCST90201315.filtered.tsv.gz	185424	sha256	faab716c78b48b5e3793e7e4fbe07d79b5c09e66d445e71b21c3586bdf891de9	6.5	20.4	26.8
GCST90201316	ok	""	1	0	http://ftp.ebi.ac.uk/pub/databases/gwas/summary_statistics/GCST90201001-GCST90202000/GCST90201316/harmonised/GCST90201316.h.tsv.gz	150501027	7297104	28821	0.00395	0	4	22087	93	6658	/data/opengwasdb/metabolome-plasma-2023/releases/2023-chen-full-african/filtered/GCST90201316_GCST90201316.filtered.tsv.gz	618850	sha256	580c6164026d4e1a8f0b86b4453c1f45f524c4760823d05b196e7a817ce893b9	6.8	20.4	27.2
GCST90201317	ok	""	1	0	http://ftp.ebi.ac.uk/pub/databases/gwas/summary_statistics/GCST90201001-GCST90202000/GCST90201317/harmonised/GCST90201317.h.tsv.gz	157934940	7304660	6749	0.000924	0	0	0	83	6667	/data/opengwasdb/metabolome-plasma-2023/releases/2023-chen-full-african/filtered/GCST90201317_GCST90201317.filtered.tsv.gz	185870	sha256	4eb02de4c3b7dac527aeb081dc8843646edc7d66091a3c787ad4206d83d39cce	11.4	19.2	30.6
GCST90201318	ok	""	1	0	http://ftp.ebi.ac.uk/pub/databases/gwas/summary_statistics/GCST90201001-GCST90202000/GCST90201318/harmonised/GCST90201318.h.tsv.gz	150498731	7297104	12666	0.001736	0	1	5916	96	6658	/data/opengwasdb/metabolome-plasma-2023/releases/2023-chen-full-african/filtered/GCST90201318_GCST90201318.filtered.tsv.gz	304906	sha256	d15d29504e003e77d8054bc6f55b3827e991cbbc80b4a485d680a162aa6496b3	7.4	17.8	25.1
GCST90201319	ok	""	1	0	http://ftp.ebi.ac.uk/pub/databases/gwas/summary_statistics/GCST90201001-GCST90202000/GCST90201319/harmonised/GCST90201319.h.tsv.gz	160367288	7499317	40337	0.005379	0	6	33260	197	6908	/data/opengwasdb/metabolome-plasma-2023/releases/2023-chen-full-african/filtered/GCST90201319_GCST90201319.filtered.tsv.gz	849210	sha256	934132b45e1e2c2716b2143feff8bb7fc68986fc3b78be6e418fc82588eebb60	8.8	19.6	28.4
GCST90201320	ok	""	1	0	http://ftp.ebi.ac.uk/pub/databases/gwas/summary_statistics/GCST90201001-GCST90202000/GCST90201320/harmonised/GCST90201320.h.tsv.gz	158279765	7343415	13550	0.001845	0	1	6725	120	6707	/data/opengwasdb/metabolome-plasma-2023/releases/2023-chen-full-african/filtered/GCST90201320_GCST90201320.filtered.tsv.gz	312927	sha256	c76d145374d6b90b8d51798cedeacee3693d58359b1bcf69b38506c04d19a8de	10	19.1	29.1
GCST90201321	ok	""	1	0	http://ftp.ebi.ac.uk/pub/databases/gwas/summary_statistics/GCST90201001-GCST90202000/GCST90201321/harmonised/GCST90201321.h.tsv.gz	157461137	7278494	39070	0.005368	0	6	32344	120	6636	/data/opengwasdb/metabolome-plasma-2023/releases/2023-chen-full-african/filtered/GCST90201321_GCST90201321.filtered.tsv.gz	812894	sha256	495820139068be40e34ce70837acb208cfadfac38407bd071e170e0614fd5c6b	11.1	20.1	31.3
GCST90201322	ok	""	1	0	http://ftp.ebi.ac.uk/pub/databases/gwas/summary_statistics/GCST90201001-GCST90202000/GCST90201322/harmonised/GCST90201322.h.tsv.gz	158237476	7330283	38143	0.005203	0	4	31386	86	6691	/data/opengwasdb/metabolome-plasma-2023/releases/2023-chen-full-african/filtered/GCST90201322_GCST90201322.filtered.tsv.gz	830786	sha256	f1ecf09c379c2d73d6b12c2b69daca8f4b5061c29338785042f6fb8ab8fcb6db	8.9	21.3	30.2
GCST90201323	ok	""	1	0	http://ftp.ebi.ac.uk/pub/databases/gwas/summary_statistics/GCST90201001-GCST90202000/GCST90201323/harmonised/GCST90201323.h.tsv.gz	158998169	7561936	31279	0.004136	0	4	24198	93	7009	/data/opengwasdb/metabolome-plasma-2023/releases/2023-chen-full-african/filtered/GCST90201323_GCST90201323.filtered.tsv.gz	671263	sha256	9403a48a304708e0f6596f1039c57abd50d3d7490f42cb4c7d6b0f90faffcc52	9.7	20.2	29.9
GCST90201324	ok	""	1	0	http://ftp.ebi.ac.uk/pub/databases/gwas/summary_statistics/GCST90201001-GCST90202000/GCST90201324/harmonised/GCST90201324.h.tsv.gz	151327780	7122129	28387	0.003986	0	4	21821	109	6474	/data/opengwasdb/metabolome-plasma-2023/releases/2023-chen-full-african/filtered/GCST90201324_GCST90201324.filtered.tsv.gz	601316	sha256	837d93595f3fb90b394a2991a9ed7198474012cde7c6871ffbad13686099b164	10.9	19.2	30.2
GCST90201325	ok	""	1	0	http://ftp.ebi.ac.uk/pub/databases/gwas/summary_statistics/GCST90201001-GCST90202000/GCST90201325/harmonised/GCST90201325.h.tsv.gz	157579137	7278494	12110	0.001664	0	1	5401	75	6636	/data/opengwasdb/metabolome-plasma-2023/releases/2023-chen-full-african/filtered/GCST90201325_GCST90201325.filtered.tsv.gz	293082	sha256	897ac9dd694a9adef1d3b8d0faf80cd0a962ffd2e582f8b669a960b03361171c	11.2	19.7	30.9
GCST90201326	ok	""	1	0	http://ftp.ebi.ac.uk/pub/databases/gwas/summary_statistics/GCST90201001-GCST90202000/GCST90201326/harmonised/GCST90201326.h.tsv.gz	157597427	7278494	23905	0.003284	0	3	17192	94	6636	/data/opengwasdb/metabolome-plasma-2023/releases/2023-chen-full-african/filtered/GCST90201326_GCST90201326.filtered.tsv.gz	527135	sha256	996311714dac9fdb7f697d8830f62ecf5c16abc07b156cf0a4464f62d19937e7	9.8	19.4	29.2
GCST90201327	ok	""	1	0	http://ftp.ebi.ac.uk/pub/databases/gwas/summary_statistics/GCST90201001-GCST90202000/GCST90201327/harmonised/GCST90201327.h.tsv.gz	150890620	7317432	37766	0.005161	0	6	30981	126	6686	/data/opengwasdb/metabolome-plasma-2023/releases/2023-chen-full-african/filtered/GCST90201327_GCST90201327.filtered.tsv.gz	808129	sha256	a9851b9d3fef7b627f776019c21f93f224bf28a26ef72c2b8d9389e6ab13dcea	6.5	19.9	26.4
GCST90201328	ok	""	1	0	http://ftp.ebi.ac.uk/pub/databases/gwas/summary_statistics/GCST90201001-GCST90202000/GCST90201328/harmonised/GCST90201328.h.tsv.gz	151621536	7361490	22234	0.00302	0	3	15456	63	6730	/data/opengwasdb/metabolome-plasma-2023/releases/2023-chen-full-african/filtered/GCST90201328_GCST90201328.filtered.tsv.gz	483928	sha256	da10ed90ed1a38d21e5d97544ee80ddd3d72bcabbd3cbdb95908353fbfa60afe	10.9	19.3	30.1
GCST90201329	ok	""	1	0	http://ftp.ebi.ac.uk/pub/databases/gwas/summary_statistics/GCST90201001-GCST90202000/GCST90201329/harmonised/GCST90201329.h.tsv.gz	160509627	7546288	11019	0.00146	0	1	3972	83	6965	/data/opengwasdb/metabolome-plasma-2023/releases/2023-chen-full-african/filtered/GCST90201329_GCST90201329.filtered.tsv.gz	273036	sha256	338a12cc9e7e6dea6f789414594b9382aa7f8117ac713b1173728a1274c0b3ff	9.9	20.2	30.1
GCST90201330	ok	""	1	0	http://ftp.ebi.ac.uk/pub/databases/gwas/summary_statistics/GCST90201001-GCST90202000/GCST90201330/harmonised/GCST90201330.h.tsv.gz	157550170	7482506	54607	0.007298	0	8	47600	189	6855	/data/opengwasdb/metabolome-plasma-2023/releases/2023-chen-full-african/filtered/GCST90201330_GCST90201330.filtered.tsv.gz	1109239	sha256	3415489cd864454d3e43151b07ec17f90a95ce64ff8595060a9db92de363692a	9.4	19.9	29.3
GCST90201331	ok	""	1	0	http://ftp.ebi.ac.uk/pub/databases/gwas/summary_statistics/GCST90201001-GCST90202000/GCST90201331/harmonised/GCST90201331.h.tsv.gz	158587867	7344565	79742	0.010857	0	12	72816	266	6726	/data/opengwasdb/metabolome-plasma-2023/releases/2023-chen-full-african/filtered/GCST90201331_GCST90201331.filtered.tsv.gz	1632470	sha256	0c4d4eaa572cea51bc880c77bf9c62d182fa66ddcf1475748b11b6a411b5b5b4	11.6	20.4	32
GCST90201332	ok	""	1	0	http://ftp.ebi.ac.uk/pub/databases/gwas/summary_statistics/GCST90201001-GCST90202000/GCST90201332/harmonised/GCST90201332.h.tsv.gz	146409413	7257590	30655	0.004224	0	4	23960	83	6633	/data/opengwasdb/metabolome-plasma-2023/releases/2023-chen-full-african/filtered/GCST90201332_GCST90201332.filtered.tsv.gz	664921	sha256	482131c47bfb80cf390a66442d248e62f3a46da5e24dbe396f64d163048ef168	4.4	19.4	23.8
GCST90201333	ok	""	1	0	http://ftp.ebi.ac.uk/pub/databases/gwas/summary_statistics/GCST90201001-GCST90202000/GCST90201333/harmonised/GCST90201333.h.tsv.gz	157901488	7302720	42268	0.005788	0	6	35504	127	6664	/data/opengwasdb/metabolome-plasma-2023/releases/2023-chen-full-african/filtered/GCST90201333_GCST90201333.filtered.tsv.gz	912250	sha256	efb2293ef5c0e7a3798767d9d1bd08f16fd3dbfdf399adb6dac7406b606bfdb8	5.1	20.1	25.2
GCST90201334	ok	""	1	0	http://ftp.ebi.ac.uk/pub/databases/gwas/summary_statistics/GCST90201001-GCST90202000/GCST90201334/harmonised/GCST90201334.h.tsv.gz	157491575	7278494	25828	0.003549	0	4	19100	109	6636	/data/opengwasdb/metabolome-plasma-2023/releases/2023-chen-full-african/filtered/GCST90201334_GCST90201334.filtered.tsv.gz	573232	sha256	04f841a86efc9a1e059ade8db09be1fabfe01bcc7bbfeb9bd735929379e8e665	6.1	19.5	25.7
GCST90201335	ok	""	1	0	http://ftp.ebi.ac.uk/pub/databases/gwas/summary_statistics/GCST90201001-GCST90202000/GCST90201335/harmonised/GCST90201335.h.tsv.gz	146048648	7248848	21581	0.002977	0	3	14864	110	6622	/data/opengwasdb/metabolome-plasma-2023/releases/2023-chen-full-african/filtered/GCST90201335_GCST90201335.filtered.tsv.gz	466867	sha256	e3ad4f45219a24f96aa000e56da4599822376564efad65234f49563b36aa0717	8.4	19.1	27.5
GCST90201336	ok	""	1	0	http://ftp.ebi.ac.uk/pub/databases/gwas/summary_statistics/GCST90201001-GCST90202000/GCST90201336/harmonised/GCST90201336.h.tsv.gz	151225930	7352434	6804	0.000925	0	0	0	79	6725	/data/opengwasdb/metabolome-plasma-2023/releases/2023-chen-full-african/filtered/GCST90201336_GCST90201336.filtered.tsv.gz	187387	sha256	32718d1c151f3762731e57b889857ff9137a277c58b98ee5d5cffe2e3a12bdd6	10.5	17.9	28.4
GCST90201337	ok	""	1	0	http://ftp.ebi.ac.uk/pub/databases/gwas/summary_statistics/GCST90201001-GCST90202000/GCST90201337/harmonised/GCST90201337.h.tsv.gz	158094636	7321723	13136	0.001794	0	1	6370	84	6686	/data/opengwasdb/metabolome-plasma-2023/releases/2023-chen-full-african/filtered/GCST90201337_GCST90201337.filtered.tsv.gz	311877	sha256	48efedfe6f835a5f4fa000aacd9e26e029dc67af35dcb63ceeca26cfbc835c41	9.3	19.3	28.6
GCST90201338	ok	""	1	0	http://ftp.ebi.ac.uk/pub/databases/gwas/summary_statistics/GCST90201001-GCST90202000/GCST90201338/harmonised/GCST90201338.h.tsv.gz	158702546	7387591	11277	0.001526	0	1	4431	96	6756	/data/opengwasdb/metabolome-plasma-2023/releases/2023-chen-full-african/filtered/GCST90201338_GCST90201338.filtered.tsv.gz	270824	sha256	bf175cfca3ff76bd9c1eda950fcb14bee12384872d91cff1b34e87d80b693057	9.8	19.8	29.5
GCST90201339	ok	""	1	0	http://ftp.ebi.ac.uk/pub/databases/gwas/summary_statistics/GCST90201001-GCST90202000/GCST90201339/harmonised/GCST90201339.h.tsv.gz	157522934	7278494	29499	0.004053	0	4	22814	73	6636	/data/opengwasdb/metabolome-plasma-2023/releases/2023-chen-full-african/filtered/GCST90201339_GCST90201339.filtered.tsv.gz	640516	sha256	8657f8c36cea5c2a82b49f3a464a80333078e407bed82cafab48430f42befcf1	9.5	19.2	28.7
GCST90201340	ok	""	1	0	http://ftp.ebi.ac.uk/pub/databases/gwas/summary_statistics/GCST90201001-GCST90202000/GCST90201340/harmonised/GCST90201340.h.tsv.gz	152417570	7420275	34776	0.004687	0	5	27902	90	6801	/data/opengwasdb/metabolome-plasma-2023/releases/2023-chen-full-african/filtered/GCST90201340_GCST90201340.filtered.tsv.gz	744025	sha256	bcb56d73900a8eefb19e98f2fe95a7c00a4811a57ff6a541378a5f75e736e7c9	9.1	20.4	29.5
GCST90201341	ok	""	1	0	http://ftp.ebi.ac.uk/pub/databases/gwas/summary_statistics/GCST90201001-GCST90202000/GCST90201341/harmonised/GCST90201341.h.tsv.gz	160340319	7463899	64886	0.008693	0	9	57955	105	6875	/data/opengwasdb/metabolome-plasma-2023/releases/2023-chen-full-african/filtered/GCST90201341_GCST90201341.filtered.tsv.gz	1330573	sha256	adf78a58491026adf8cf7be54f53970719344af83ced642eb01000df79114598	10.3	21.1	31.4
GCST90201342	ok	""	1	0	http://ftp.ebi.ac.uk/pub/databases/gwas/summary_statistics/GCST90201001-GCST90202000/GCST90201342/harmonised/GCST90201342.h.tsv.gz	152991436	7203941	6647	0.000923	0	0	0	91	6556	/data/opengwasdb/metabolome-plasma-2023/releases/2023-chen-full-african/filtered/GCST90201342_GCST90201342.filtered.tsv.gz	182455	sha256	e9fca571d2d25f085e47bb5b916fbc2339aee8a8fe73610572d024e3a8adbf4d	10.6	19	29.6
GCST90201343	ok	""	1	0	http://ftp.ebi.ac.uk/pub/databases/gwas/summary_statistics/GCST90201001-GCST90202000/GCST90201343/harmonised/GCST90201343.h.tsv.gz	157737254	7297104	14028	0.001922	0	1	7278	97	6658	/data/opengwasdb/metabolome-plasma-2023/releases/2023-chen-full-african/filtered/GCST90201343_GCST90201343.filtered.tsv.gz	314469	sha256	ad7adf6b649b41c2690dc1a3e815f7d47eacff3dcf25c92397b401416d84861c	10.5	19.8	30.3
GCST90201344	ok	""	1	0	http://ftp.ebi.ac.uk/pub/databases/gwas/summary_statistics/GCST90201001-GCST90202000/GCST90201344/harmonised/GCST90201344.h.tsv.gz	141347994	7298519	33133	0.00454	0	5	26348	133	6683	/data/opengwasdb/metabolome-plasma-2023/releases/2023-chen-full-african/filtered/GCST90201344_GCST90201344.filtered.tsv.gz	680638	sha256	eb97dbaa1286be54e8d9c1d64536a3967b116a622cdbedebd5f86d0f6dc12697	8.8	19.1	27.9
GCST90201345	ok	""	1	0	http://ftp.ebi.ac.uk/pub/databases/gwas/summary_statistics/GCST90201001-GCST90202000/GCST90201345/harmonised/GCST90201345.h.tsv.gz	146166311	7223939	16215	0.002245	0	1	9530	101	6589	/data/opengwasdb/metabolome-plasma-2023/releases/2023-chen-full-african/filtered/GCST90201345_GCST90201345.filtered.tsv.gz	377897	sha256	dcdb44d911e4917bd0f0d03d3c45510d0248b9b4889d63b5dbbcb58b4dee96a2	8.9	20.4	29.3
GCST90201346	ok	""	1	0	http://ftp.ebi.ac.uk/pub/databases/gwas/summary_statistics/GCST90201001-GCST90202000/GCST90201346/harmonised/GCST90201346.h.tsv.gz	157551316	7278494	43100	0.005922	0	6	36431	60	6636	/data/opengwasdb/metabolome-plasma-2023/releases/2023-chen-full-african/filtered/GCST90201346_GCST90201346.filtered.tsv.gz	910537	sha256	08a855b561689c5302d28eead4009f894ee6823c601fadbc160ff6fdb83f5d9b	10.2	20.1	30.2
GCST90201347	ok	""	1	0	http://ftp.ebi.ac.uk/pub/databases/gwas/summary_statistics/GCST90201001-GCST90202000/GCST90201347/harmonised/GCST90201347.h.tsv.gz	154482726	7308015	24953	0.003414	0	3	18202	95	6668	/data/opengwasdb/metabolome-plasma-2023/releases/2023-chen-full-african/filtered/GCST90201347_GCST90201347.filtered.tsv.gz	525186	sha256	ec6185e6bb5f9ea16336a65be35c5c680a8aa6908e60ca5909524f50e191fbcc	11	18.3	29.3
GCST90201348	ok	""	1	0	http://ftp.ebi.ac.uk/pub/databases/gwas/summary_statistics/GCST90201001-GCST90202000/GCST90201348/harmonised/GCST90201348.h.tsv.gz	150323981	7278494	60212	0.008273	0	9	53470	144	6636	/data/opengwasdb/metabolome-plasma-2023/releases/2023-chen-full-african/filtered/GCST90201348_GCST90201348.filtered.tsv.gz	1216944	sha256	e66e5095383ede8ae7ed37abc0c342a2c5d892384943d0ece68dca2d55393612	9.1	20.7	29.8
GCST90201349	ok	""	1	0	http://ftp.ebi.ac.uk/pub/databases/gwas/summary_statistics/GCST90201001-GCST90202000/GCST90201349/harmonised/GCST90201349.h.tsv.gz	158540556	7347241	11889	0.001618	0	1	5122	59	6715	/data/opengwasdb/metabolome-plasma-2023/releases/2023-chen-full-african/filtered/GCST90201349_GCST90201349.filtered.tsv.gz	283303	sha256	dbf2886b888b6beca12203ecb2871904669f08641582c10deb5f5f7853890f89	9.6	19.9	29.5
GCST90201350	ok	""	1	0	http://ftp.ebi.ac.uk/pub/databases/gwas/summary_statistics/GCST90201001-GCST90202000/GCST90201350/harmonised/GCST90201350.h.tsv.gz	156213210	7381771	36934	0.005003	0	5	30014	141	6806	/data/opengwasdb/metabolome-plasma-2023/releases/2023-chen-full-african/filtered/GCST90201350_GCST90201350.filtered.tsv.gz	771219	sha256	0dabe7dd4c2517400b852e7d8426feffb697c6b724baed91d7126d5b54f77860	9.3	20	29.3
GCST90201351	ok	""	1	0	http://ftp.ebi.ac.uk/pub/databases/gwas/summary_statistics/GCST90201001-GCST90202000/GCST90201351/harmonised/GCST90201351.h.tsv.gz	160996520	7497873	27968	0.00373	0	4	20961	105	6923	/data/opengwasdb/metabolome-plasma-2023/releases/2023-chen-full-african/filtered/GCST90201351_GCST90201351.filtered.tsv.gz	607316	sha256	f427c28d805a2cf872a7902fb022f2e8f2ce19e07faad0cf3e1f714b08179a66	8.5	18.2	26.7
GCST90201352	ok	""	1	0	http://ftp.ebi.ac.uk/pub/databases/gwas/summary_statistics/GCST90201001-GCST90202000/GCST90201352/harmonised/GCST90201352.h.tsv.gz	150314150	7278494	17059	0.002344	0	2	10326	106	6636	/data/opengwasdb/metabolome-plasma-2023/releases/2023-chen-full-african/filtered/GCST90201352_GCST90201352.filtered.tsv.gz	390283	sha256	17cdb5a3b4563641aed9a5631655e27b0a24d2b7bde477ba958e2f3aac2532d0	10.1	18.5	28.6
GCST90201353	ok	""	1	0	http://ftp.ebi.ac.uk/pub/databases/gwas/summary_statistics/GCST90201001-GCST90202000/GCST90201353/harmonised/GCST90201353.h.tsv.gz	150339120	7278494	17099	0.002349	0	2	10398	74	6636	/data/opengwasdb/metabolome-plasma-2023/releases/2023-chen-full-african/filtered/GCST90201353_GCST90201353.filtered.tsv.gz	397089	sha256	d8239aca27035095305dcf33dc4d81018e5688faa193cb300824390d65048791	9.3	18.1	27.4
GCST90201354	ok	""	1	0	http://ftp.ebi.ac.uk/pub/databases/gwas/summary_statistics/GCST90201001-GCST90202000/GCST90201354/harmonised/GCST90201354.h.tsv.gz	151080364	7348245	30862	0.0042	0	4	24036	133	6715	/data/opengwasdb/metabolome-plasma-2023/releases/2023-chen-full-african/filtered/GCST90201354_GCST90201354.filtered.tsv.gz	668975	sha256	c3c2ebcbe078974a9e293d934b3d1245d28223260676d86def70c5f5936ba54f	9	20.1	29
GCST90201355	ok	""	1	0	http://ftp.ebi.ac.uk/pub/databases/gwas/summary_statistics/GCST90201001-GCST90202000/GCST90201355/harmonised/GCST90201355.h.tsv.gz	158233016	7319914	20557	0.002808	0	2	13751	115	6700	/data/opengwasdb/metabolome-plasma-2023/releases/2023-chen-full-african/filtered/GCST90201355_GCST90201355.filtered.tsv.gz	466280	sha256	176e578d887d30a30841970e362db38eb0477fbd83c06d80b320433e456a615f	9.1	19.5	28.7
GCST90201356	ok	""	1	0	http://ftp.ebi.ac.uk/pub/databases/gwas/summary_statistics/GCST90201001-GCST90202000/GCST90201356/harmonised/GCST90201356.h.tsv.gz	158470578	7376509	16947	0.002297	0	2	10127	85	6741	/data/opengwasdb/metabolome-plasma-2023/releases/2023-chen-full-african/filtered/GCST90201356_GCST90201356.filtered.tsv.gz	384236	sha256	3456e89154709c8f8eacdddb20ba57326e404bfa04009611f38dc0d9d80c96f6	9.5	18.1	27.6
GCST90201357	ok	""	1	0	http://ftp.ebi.ac.uk/pub/databases/gwas/summary_statistics/GCST90201001-GCST90202000/GCST90201357/harmonised/GCST90201357.h.tsv.gz	157769904	7297104	27325	0.003745	0	3	20581	103	6658	/data/opengwasdb/metabolome-plasma-2023/releases/2023-chen-full-african/filtered/GCST90201357_GCST90201357.filtered.tsv.gz	609195	sha256	1b43f138041b2fb64717e201e3f67ade2fa21edd86041c42cb5d365113e1af87	6.1	21	27.1
GCST90201358	ok	""	1	0	http://ftp.ebi.ac.uk/pub/databases/gwas/summary_statistics/GCST90201001-GCST90202000/GCST90201358/harmonised/GCST90201358.h.tsv.gz	157493649	7278494	6730	0.000925	0	0	0	94	6636	/data/opengwasdb/metabolome-plasma-2023/releases/2023-chen-full-african/filtered/GCST90201358_GCST90201358.filtered.tsv.gz	185594	sha256	18f32e57fefe204606c5f6615cf83554c1e6d0d46fd144a8491b050af159d26d	6.8	18.7	25.5
GCST90201359	ok	""	1	0	http://ftp.ebi.ac.uk/pub/databases/gwas/summary_statistics/GCST90201001-GCST90202000/GCST90201359/harmonised/GCST90201359.h.tsv.gz	157575482	7278494	18760	0.002577	0	2	12067	69	6636	/data/opengwasdb/metabolome-plasma-2023/releases/2023-chen-full-african/filtered/GCST90201359_GCST90201359.filtered.tsv.gz	430603	sha256	2da993dca496262f5821e06ad2c0b87cbef6567da9e9e4305928f030456d6a8d	9.3	19.8	29.1
GCST90201360	ok	""	1	0	http://ftp.ebi.ac.uk/pub/databases/gwas/summary_statistics/GCST90201001-GCST90202000/GCST90201360/harmonised/GCST90201360.h.tsv.gz	158489661	7352522	13254	0.001803	0	1	6449	91	6721	/data/opengwasdb/metabolome-plasma-2023/releases/2023-chen-full-african/filtered/GCST90201360_GCST90201360.filtered.tsv.gz	320884	sha256	789964acb040cf59eb6c2962369f02f0c20d5125a6f4757edb4ba3d2ef77f083	9.3	18.6	27.8
GCST90201361	ok	""	1	0	http://ftp.ebi.ac.uk/pub/databases/gwas/summary_statistics/GCST90201001-GCST90202000/GCST90201361/harmonised/GCST90201361.h.tsv.gz	159230270	7630796	792059	0.103798	0	123	785125	492	7112	/data/opengwasdb/metabolome-plasma-2023/releases/2023-chen-full-african/filtered/GCST90201361_GCST90201361.filtered.tsv.gz	15185170	sha256	4a5baec8cd3f78a333184665b5e0caa1f41926283e43492452abc77b66614be3	11.3	39.6	50.9
GCST90201362	ok	""	1	0	http://ftp.ebi.ac.uk/pub/databases/gwas/summary_statistics/GCST90201001-GCST90202000/GCST90201362/harmonised/GCST90201362.h.tsv.gz	157527380	7278494	17935	0.002464	0	2	11230	76	6636	/data/opengwasdb/metabolome-plasma-2023/releases/2023-chen-full-african/filtered/GCST90201362_GCST90201362.filtered.tsv.gz	412236	sha256	f4542a850ef547494502e91800d6c952ac263805510dce126e6fe45328f89a50	11.4	18.3	29.7
GCST90201363	ok	""	1	0	http://ftp.ebi.ac.uk/pub/databases/gwas/summary_statistics/GCST90201001-GCST90202000/GCST90201363/harmonised/GCST90201363.h.tsv.gz	143986335	7298765	6894	0.000945	0	0	0	152	6742	/data/opengwasdb/metabolome-plasma-2023/releases/2023-chen-full-african/filtered/GCST90201363_GCST90201363.filtered.tsv.gz	188623	sha256	d84aa85da1fd21f61c6d7d922a60efbafa3832c7d7b2fcdfc3f5277a80881116	8.4	19.3	27.6
GCST90201364	ok	""	1	0	http://ftp.ebi.ac.uk/pub/databases/gwas/summary_statistics/GCST90201001-GCST90202000/GCST90201364/harmonised/GCST90201364.h.tsv.gz	150316864	7278494	16556	0.002275	0	2	9856	75	6636	/data/opengwasdb/metabolome-plasma-2023/releases/2023-chen-full-african/filtered/GCST90201364_GCST90201364.filtered.tsv.gz	375072	sha256	70bedb5c8f6bb3898c8743f6fe106066a1f65d3cc2a497fe23ec052dfaebb06b	8.6	18.2	26.8
GCST90201365	ok	""	1	0	http://ftp.ebi.ac.uk/pub/databases/gwas/summary_statistics/GCST90201001-GCST90202000/GCST90201365/harmonised/GCST90201365.h.tsv.gz	150768862	7322981	20933	0.002859	0	2	14132	122	6690	/data/opengwasdb/metabolome-plasma-2023/releases/2023-chen-full-african/filtered/GCST90201365_GCST90201365.filtered.tsv.gz	485506	sha256	a89aad4605fafcd4da3145e8532fe9372c7ba0e5d6a130963a62d3c976122273	9.1	20.2	29.4
GCST90201366	ok	""	1	0	http://ftp.ebi.ac.uk/pub/databases/gwas/summary_statistics/GCST90201001-GCST90202000/GCST90201366/harmonised/GCST90201366.h.tsv.gz	150952422	7367209	40509	0.005499	0	6	33682	115	6739	/data/opengwasdb/metabolome-plasma-2023/releases/2023-chen-full-african/filtered/GCST90201366_GCST90201366.filtered.tsv.gz	837817	sha256	b885d70f0b44cab3f00121fe5fbde4d7f7c88d43f9c2b848d93a80a6e429e007	5.3	19.4	24.7
GCST90201367	ok	""	1	0	http://ftp.ebi.ac.uk/pub/databases/gwas/summary_statistics/GCST90201001-GCST90202000/GCST90201367/harmonised/GCST90201367.h.tsv.gz	157856976	7305069	6757	0.000925	0	0	0	90	6667	/data/opengwasdb/metabolome-plasma-2023/releases/2023-chen-full-african/filtered/GCST90201367_GCST90201367.filtered.tsv.gz	186095	sha256	378333a21b83977d3004300a71b72df08f036081eb989518b7c5d25e4c3d1fd3	10.5	17.9	28.4
GCST90201368	ok	""	1	0	http://ftp.ebi.ac.uk/pub/databases/gwas/summary_statistics/GCST90201001-GCST90202000/GCST90201368/harmonised/GCST90201368.h.tsv.gz	151212715	7348316	21213	0.002887	0	3	14409	102	6712	/data/opengwasdb/metabolome-plasma-2023/releases/2023-chen-full-african/filtered/GCST90201368_GCST90201368.filtered.tsv.gz	473417	sha256	5dd55827b53c553f6053a98f831d7a84d6b5af2e6fde6fb28f5977d4f1061e2e	8.8	18.3	27.2
GCST90201369	ok	""	1	0	http://ftp.ebi.ac.uk/pub/databases/gwas/summary_statistics/GCST90201001-GCST90202000/GCST90201369/harmonised/GCST90201369.h.tsv.gz	157940672	7305069	25517	0.003493	0	3	18759	105	6667	/data/opengwasdb/metabolome-plasma-2023/releases/2023-chen-full-african/filtered/GCST90201369_GCST90201369.filtered.tsv.gz	539202	sha256	6d6fd789338552e34995b62bc8549538453eac7e34fbc11ab2c38ac3ff43b7a9	9.7	19.3	29
GCST90201370	ok	""	1	0	http://ftp.ebi.ac.uk/pub/databases/gwas/summary_statistics/GCST90201001-GCST90202000/GCST90201370/harmonised/GCST90201370.h.tsv.gz	158305846	7552943	45811	0.006065	0	8	38745	114	6996	/data/opengwasdb/metabolome-plasma-2023/releases/2023-chen-full-african/filtered/GCST90201370_GCST90201370.filtered.tsv.gz	900364	sha256	89c612645bb38a3f5dfed7231194ee05ebefba4d3ece7f87ef27752c9a2751e7	9.3	20.9	30.2
GCST90201371	ok	""	1	0	http://ftp.ebi.ac.uk/pub/databases/gwas/summary_statistics/GCST90201001-GCST90202000/GCST90201371/harmonised/GCST90201371.h.tsv.gz	152909679	7503160	18348	0.002445	0	2	11355	84	6918	/data/opengwasdb/metabolome-plasma-2023/releases/2023-chen-full-african/filtered/GCST90201371_GCST90201371.filtered.tsv.gz	413660	sha256	e9f285182d63f74fd6c0151fcbcb1abf999d745eec5b5a09c5970d3398f5b911	9	18.7	27.7
GCST90201372	ok	""	1	0	http://ftp.ebi.ac.uk/pub/databases/gwas/summary_statistics/GCST90201001-GCST90202000/GCST90201372/harmonised/GCST90201372.h.tsv.gz	153760644	7274646	14643	0.002013	0	2	7932	98	6623	/data/opengwasdb/metabolome-plasma-2023/releases/2023-chen-full-african/filtered/GCST90201372_GCST90201372.filtered.tsv.gz	338079	sha256	6d04b3c4b6bc24a729f75353763a32b50484359826e52a9d8f9f86869d57b55a	10.4	18.7	29.1
GCST90201373	ok	""	1	0	http://ftp.ebi.ac.uk/pub/databases/gwas/summary_statistics/GCST90201001-GCST90202000/GCST90201373/harmonised/GCST90201373.h.tsv.gz	158111026	7331014	18002	0.002456	0	2	11233	91	6689	/data/opengwasdb/metabolome-plasma-2023/releases/2023-chen-full-african/filtered/GCST90201373_GCST90201373.filtered.tsv.gz	402564	sha256	89f89951b81f85b8d8b9ad1f1c9725dc482e8b3a6e3d51fea671cc42afbe317d	9.6	19.5	29.2
GCST90201374	ok	""	1	0	http://ftp.ebi.ac.uk/pub/databases/gwas/summary_statistics/GCST90201001-GCST90202000/GCST90201374/harmonised/GCST90201374.h.tsv.gz	151963117	7365778	6807	0.000924	0	0	0	67	6740	/data/opengwasdb/metabolome-plasma-2023/releases/2023-chen-full-african/filtered/GCST90201374_GCST90201374.filtered.tsv.gz	187637	sha256	7b91867f1b626e3092831fdd5f27c7547c72051fe62bda0850ed436a11ec13ef	8.8	18.6	27.3
GCST90201375	ok	""	1	0	http://ftp.ebi.ac.uk/pub/databases/gwas/summary_statistics/GCST90201001-GCST90202000/GCST90201375/harmonised/GCST90201375.h.tsv.gz	157981256	7318481	19651	0.002685	0	2	12865	111	6687	/data/opengwasdb/metabolome-plasma-2023/releases/2023-chen-full-african/filtered/GCST90201375_GCST90201375.filtered.tsv.gz	435966	sha256	7229d81bf5a35da7d2ab1972b98758e85ee77878abb9ae723256393021157e93	11.4	19.8	31.2
GCST90201376	ok	""	1	0	http://ftp.ebi.ac.uk/pub/databases/gwas/summary_statistics/GCST90201001-GCST90202000/GCST90201376/harmonised/GCST90201376.h.tsv.gz	158514867	7564812	25013	0.003306	0	3	17894	126	7010	/data/opengwasdb/metabolome-plasma-2023/releases/2023-chen-full-african/filtered/GCST90201376_GCST90201376.filtered.tsv.gz	527831	sha256	4e09fde097d6b8f5929b929a5df18538c76cea852175ac0c5b867f09aee8fb6a	11.6	19.9	31.5
GCST90201377	ok	""	1	0	http://ftp.ebi.ac.uk/pub/databases/gwas/summary_statistics/GCST90201001-GCST90202000/GCST90201377/harmonised/GCST90201377.h.tsv.gz	159242821	7451765	32094	0.004307	0	4	25169	117	6827	/data/opengwasdb/metabolome-plasma-2023/releases/2023-chen-full-african/filtered/GCST90201377_GCST90201377.filtered.tsv.gz	675593	sha256	9ac797d5781477a204a608c870ad13dee4c825bfe1dcb9a39b3ec06c22e55926	9.6	19.2	28.8
GCST90201378	ok	""	1	0	http://ftp.ebi.ac.uk/pub/databases/gwas/summary_statistics/GCST90201001-GCST90202000/GCST90201378/harmonised/GCST90201378.h.tsv.gz	150345798	7278494	16215	0.002228	0	2	9495	89	6636	/data/opengwasdb/metabolome-plasma-2023/releases/2023-chen-full-african/filtered/GCST90201378_GCST90201378.filtered.tsv.gz	373451	sha256	1dc56f8b31c26c5d8b5db49d47aa8261d7cf0eaeddab68e91f25f7129786c0ea	6.9	19.3	26.2
GCST90201379	ok	""	1	0	http://ftp.ebi.ac.uk/pub/databases/gwas/summary_statistics/GCST90201001-GCST90202000/GCST90201379/harmonised/GCST90201379.h.tsv.gz	159132680	7406090	47683	0.006438	0	7	40776	160	6786	/data/opengwasdb/metabolome-plasma-2023/releases/2023-chen-full-african/filtered/GCST90201379_GCST90201379.filtered.tsv.gz	999028	sha256	29f3860fdada24df5644cf7861f073e441fdaf03c88ec1e09b8d59534c05b280	9.8	20.9	30.8
GCST90201380	ok	""	1	0	http://ftp.ebi.ac.uk/pub/databases/gwas/summary_statistics/GCST90201001-GCST90202000/GCST90201380/harmonised/GCST90201380.h.tsv.gz	157728141	7297104	19151	0.002624	0	2	12443	60	6658	/data/opengwasdb/metabolome-plasma-2023/releases/2023-chen-full-african/filtered/GCST90201380_GCST90201380.filtered.tsv.gz	423966	sha256	2323d9bdfcdab3df900cf0dcb810a078fdc6c2820ce5a063d310212937eb471a	10	19.6	29.6
GCST90201381	ok	""	1	0	http://ftp.ebi.ac.uk/pub/databases/gwas/summary_statistics/GCST90201001-GCST90202000/GCST90201381/harmonised/GCST90201381.h.tsv.gz	159244600	7388330	11487	0.001555	0	1	4642	93	6757	/data/opengwasdb/metabolome-plasma-2023/releases/2023-chen-full-african/filtered/GCST90201381_GCST90201381.filtered.tsv.gz	272433	sha256	5ea92c99c027c5729af176b7c90e5fed8ebb0a81e047c2bca6581e0813b4fa73	11.5	18.5	30
GCST90201382	ok	""	1	0	http://ftp.ebi.ac.uk/pub/databases/gwas/summary_statistics/GCST90201001-GCST90202000/GCST90201382/harmonised/GCST90201382.h.tsv.gz	150209578	7278494	18919	0.002599	0	2	12175	119	6636	/data/opengwasdb/metabolome-plasma-2023/releases/2023-chen-full-african/filtered/GCST90201382_GCST90201382.filtered.tsv.gz	441123	sha256	e5afad8f904514be3a1333d08e9273f645f6c3de4a2b2cec7c8d0cd674242fdb	5.9	17.9	23.8
GCST90201383	ok	""	1	0	http://ftp.ebi.ac.uk/pub/databases/gwas/summary_statistics/GCST90201001-GCST90202000/GCST90201383/harmonised/GCST90201383.h.tsv.gz	157548606	7278494	6734	0.000925	0	0	0	98	6636	/data/opengwasdb/metabolome-plasma-2023/releases/2023-chen-full-african/filtered/GCST90201383_GCST90201383.filtered.tsv.gz	185752	sha256	dd72c321a06d5ec3d22847333baaf1691f0f31f6a842125206b4125d5027ec17	11.2	18.7	29.9
GCST90201384	ok	""	1	0	http://ftp.ebi.ac.uk/pub/databases/gwas/summary_statistics/GCST90201001-GCST90202000/GCST90201384/harmonised/GCST90201384.h.tsv.gz	157909473	7304353	57803	0.007914	0	9	51083	101	6669	/data/opengwasdb/metabolome-plasma-2023/releases/2023-chen-full-african/filtered/GCST90201384_GCST90201384.filtered.tsv.gz	1197352	sha256	a01fec5692480666193427e8e48e08a279361011e32f444149c7dd78abc44553	5.6	20.4	25.9
GCST90201385	ok	""	1	0	http://ftp.ebi.ac.uk/pub/databases/gwas/summary_statistics/GCST90201001-GCST90202000/GCST90201385/harmonised/GCST90201385.h.tsv.gz	151411058	7351409	11991	0.001631	0	1	5176	96	6724	/data/opengwasdb/metabolome-plasma-2023/releases/2023-chen-full-african/filtered/GCST90201385_GCST90201385.filtered.tsv.gz	292773	sha256	9a652dc12d48a46a1780c42b1b797beac15173cfe9acfd8429d1368b6a32ed8f	9.6	18.1	27.7
GCST90201386	ok	""	1	0	http://ftp.ebi.ac.uk/pub/databases/gwas/summary_statistics/GCST90201001-GCST90202000/GCST90201386/harmonised/GCST90201386.h.tsv.gz	150884487	7327296	25956	0.003542	0	3	19203	74	6691	/data/opengwasdb/metabolome-plasma-2023/releases/2023-chen-full-african/filtered/GCST90201386_GCST90201386.filtered.tsv.gz	566832	sha256	ccc54519957b4bf2f17d369b2e201a3adbd16ac40cc06fc2e15cff7f1c1a018a	10.1	17.9	28
GCST90201387	ok	""	1	0	http://ftp.ebi.ac.uk/pub/databases/gwas/summary_statistics/GCST90201001-GCST90202000/GCST90201387/harmonised/GCST90201387.h.tsv.gz	157505565	7278494	27820	0.003822	0	4	21145	57	6636	/data/opengwasdb/metabolome-plasma-2023/releases/2023-chen-full-african/filtered/GCST90201387_GCST90201387.filtered.tsv.gz	607515	sha256	cfbde2c8eb3010f17a4cca543c1546ecdc3e35f2f615bbbd30d585a2969e9856	8.7	18.3	27
GCST90201388	ok	""	1	0	http://ftp.ebi.ac.uk/pub/databases/gwas/summary_statistics/GCST90201001-GCST90202000/GCST90201388/harmonised/GCST90201388.h.tsv.gz	150207789	7278494	12807	0.00176	0	1	6126	51	6636	/data/opengwasdb/metabolome-plasma-2023/releases/2023-chen-full-african/filtered/GCST90201388_GCST90201388.filtered.tsv.gz	298229	sha256	1e3a710ce7577b9dde62e4f4a901d0fe8ba131915104137992519a683df529c0	10.5	19.5	30.1
GCST90201389	ok	""	1	0	http://ftp.ebi.ac.uk/pub/databases/gwas/summary_statistics/GCST90201001-GCST90202000/GCST90201389/harmonised/GCST90201389.h.tsv.gz	150608718	7290825	11348	0.001556	0	1	4620	77	6655	/data/opengwasdb/metabolome-plasma-2023/releases/2023-chen-full-african/filtered/GCST90201389_GCST90201389.filtered.tsv.gz	280649	sha256	9b2fade3524f7fa0ca1783d4597269ac02e2d862a763e5ef23e7c3757fafaa96	10.2	19.3	29.5
GCST90201390	ok	""	1	0	http://ftp.ebi.ac.uk/pub/databases/gwas/summary_statistics/GCST90201001-GCST90202000/GCST90201390/harmonised/GCST90201390.h.tsv.gz	150362959	7278494	16377	0.00225	0	2	9676	74	6636	/data/opengwasdb/metabolome-plasma-2023/releases/2023-chen-full-african/filtered/GCST90201390_GCST90201390.filtered.tsv.gz	379179	sha256	2778d02db1090b62a161c7442f25e55a9301c276ba526346acb580b4598e634a	10.2	18.3	28.5
GCST90201391	ok	""	1	0	http://ftp.ebi.ac.uk/pub/databases/gwas/summary_statistics/GCST90201001-GCST90202000/GCST90201391/harmonised/GCST90201391.h.tsv.gz	160014654	7449265	23398	0.003141	0	3	16496	70	6845	/data/opengwasdb/metabolome-plasma-2023/releases/2023-chen-full-african/filtered/GCST90201391_GCST90201391.filtered.tsv.gz	492767	sha256	03c4b02cae8a0faf189ab1d7ec43e86ce847338f318b1611c550e3f42f6d04f7	11	19	30
GCST90201392	ok	""	1	0	http://ftp.ebi.ac.uk/pub/databases/gwas/summary_statistics/GCST90201001-GCST90202000/GCST90201392/harmonised/GCST90201392.h.tsv.gz	149363480	7462280	18808	0.00252	0	2	11797	129	6891	/data/opengwasdb/metabolome-plasma-2023/releases/2023-chen-full-african/filtered/GCST90201392_GCST90201392.filtered.tsv.gz	417734	sha256	66e36a9d9146e1771b931ae2edf27af0666826e325fcfe9274730f3d00e17df9	9.8	18.5	28.4
GCST90201393	ok	""	1	0	http://ftp.ebi.ac.uk/pub/databases/gwas/summary_statistics/GCST90201001-GCST90202000/GCST90201393/harmonised/GCST90201393.h.tsv.gz	160953962	7531549	27941	0.00371	0	4	20882	127	6949	/data/opengwasdb/metabolome-plasma-2023/releases/2023-chen-full-african/filtered/GCST90201393_GCST90201393.filtered.tsv.gz	608076	sha256	acb97efaefe1aedf33caf0cf47377ef9c995c0cd339348b6b5d5ea0f2280b568	7.4	20.4	27.9
GCST90201394	ok	""	1	0	http://ftp.ebi.ac.uk/pub/databases/gwas/summary_statistics/GCST90201001-GCST90202000/GCST90201394/harmonised/GCST90201394.h.tsv.gz	149689346	7527290	51710	0.00687	0	7	44578	222	6958	/data/opengwasdb/metabolome-plasma-2023/releases/2023-chen-full-african/filtered/GCST90201394_GCST90201394.filtered.tsv.gz	1063730	sha256	699d30fc84b19b284f7eff44d72881273b46ca232dd115af9b40ee98a06153dd	5.5	19.9	25.5
GCST90201395	ok	""	1	0	http://ftp.ebi.ac.uk/pub/databases/gwas/summary_statistics/GCST90201001-GCST90202000/GCST90201395/harmonised/GCST90201395.h.tsv.gz	155252316	7669792	24561	0.003202	0	3	17328	115	7135	/data/opengwasdb/metabolome-plasma-2023/releases/2023-chen-full-african/filtered/GCST90201395_GCST90201395.filtered.tsv.gz	519242	sha256	3843608a679739cd246039116866042c0ca401dd84a3264c77d24c100bb53f3e	7	19.8	26.8
GCST90201396	ok	""	1	0	http://ftp.ebi.ac.uk/pub/databases/gwas/summary_statistics/GCST90201001-GCST90202000/GCST90201396/harmonised/GCST90201396.h.tsv.gz	157591363	7278494	14033	0.001928	0	1	7310	93	6636	/data/opengwasdb/metabolome-plasma-2023/releases/2023-chen-full-african/filtered/GCST90201396_GCST90201396.filtered.tsv.gz	334804	sha256	23cbaecfc6738a31fbb27e1b1605068720bba5ee28eb5001724e523842e2d633	10.8	20.5	31.3
GCST90201397	ok	""	1	0	http://ftp.ebi.ac.uk/pub/databases/gwas/summary_statistics/GCST90201001-GCST90202000/GCST90201397/harmonised/GCST90201397.h.tsv.gz	162067043	7627295	25008	0.003279	0	3	17849	94	7082	/data/opengwasdb/metabolome-plasma-2023/releases/2023-chen-full-african/filtered/GCST90201397_GCST90201397.filtered.tsv.gz	526299	sha256	6ca4489c6dcbbc720dc71930ee35acda2ef249fddec38f69f4f45e0c921711b8	9.9	20	29.9
GCST90201398	ok	""	1	0	http://ftp.ebi.ac.uk/pub/databases/gwas/summary_statistics/GCST90201001-GCST90202000/GCST90201398/harmonised/GCST90201398.h.tsv.gz	152104766	7418030	11908	0.001605	0	1	5019	82	6811	/data/opengwasdb/metabolome-plasma-2023/releases/2023-chen-full-african/filtered/GCST90201398_GCST90201398.filtered.tsv.gz	288437	sha256	e56252f7f519f26045d2c283f6654a7c7f4aed2ba10015e0e0ecb8a9cd256509	8.4	19.6	28
GCST90201399	ok	""	1	0	http://ftp.ebi.ac.uk/pub/databases/gwas/summary_statistics/GCST90201001-GCST90202000/GCST90201399/harmonised/GCST90201399.h.tsv.gz	159672899	7401191	15863	0.002143	0	2	8993	90	6790	/data/opengwasdb/metabolome-plasma-2023/releases/2023-chen-full-african/filtered/GCST90201399_GCST90201399.filtered.tsv.gz	370504	sha256	1ea84d503153d132568b485d669f3aa7cdb709464970e11990c29867e0ed8667	11.5	19.5	30.9
GCST90201400	ok	""	1	0	http://ftp.ebi.ac.uk/pub/databases/gwas/summary_statistics/GCST90201001-GCST90202000/GCST90201400/harmonised/GCST90201400.h.tsv.gz	153550249	7531991	67622	0.008978	0	10	60548	156	6966	/data/opengwasdb/metabolome-plasma-2023/releases/2023-chen-full-african/filtered/GCST90201400_GCST90201400.filtered.tsv.gz	1365977	sha256	46f867476056b6f1df55276e9cbf8079e5bfc400f6c8197333bf36df60e940a8	9	20.6	29.5
GCST90201401	ok	""	1	0	http://ftp.ebi.ac.uk/pub/databases/gwas/summary_statistics/GCST90201001-GCST90202000/GCST90201401/harmonised/GCST90201401.h.tsv.gz	150708649	7318270	23612	0.003226	0	3	16878	70	6679	/data/opengwasdb/metabolome-plasma-2023/releases/2023-chen-full-african/filtered/GCST90201401_GCST90201401.filtered.tsv.gz	532097	sha256	a339298a8d7d9d4a089c12576d8b674a01dacf34e903af8594fe17f6727d505d	10	19.7	29.8
GCST90201402	ok	""	1	0	http://ftp.ebi.ac.uk/pub/databases/gwas/summary_statistics/GCST90201001-GCST90202000/GCST90201402/harmonised/GCST90201402.h.tsv.gz	157583418	7278494	18953	0.002604	0	2	12273	53	6636	/data/opengwasdb/metabolome-plasma-2023/releases/2023-chen-full-african/filtered/GCST90201402_GCST90201402.filtered.tsv.gz	422126	sha256	254d3e207ae23d083f8619631a41d95af318e1317f5d6a8c941ffc3eeced3c04	11.3	18.7	30
GCST90201403	ok	""	1	0	http://ftp.ebi.ac.uk/pub/databases/gwas/summary_statistics/GCST90201001-GCST90202000/GCST90201403/harmonised/GCST90201403.h.tsv.gz	146047524	7515189	190039	0.025287	0	31	182981	257	6970	/data/opengwasdb/metabolome-plasma-2023/releases/2023-chen-full-african/filtered/GCST90201403_GCST90201403.filtered.tsv.gz	3498926	sha256	d8a3436dbf484790ee2def5788ba12049dd77e201e0ea59feef4da058fc9ced5	8.9	25.1	34
GCST90201404	ok	""	1	0	http://ftp.ebi.ac.uk/pub/databases/gwas/summary_statistics/GCST90201001-GCST90202000/GCST90201404/harmonised/GCST90201404.h.tsv.gz	156758163	7407489	44657	0.006029	0	6	37778	91	6817	/data/opengwasdb/metabolome-plasma-2023/releases/2023-chen-full-african/filtered/GCST90201404_GCST90201404.filtered.tsv.gz	927215	sha256	046cd803ebbeaf216c57792a754809890129018b636e9dcdd56fa0997ebdbe59	10.1	21.9	32
GCST90201405	ok	""	1	0	http://ftp.ebi.ac.uk/pub/databases/gwas/summary_statistics/GCST90201001-GCST90202000/GCST90201405/harmonised/GCST90201405.h.tsv.gz	151630498	7371014	34277	0.00465	0	5	27417	136	6743	/data/opengwasdb/metabolome-plasma-2023/releases/2023-chen-full-african/filtered/GCST90201405_GCST90201405.filtered.tsv.gz	754228	sha256	8e7b599f067632fb5af5e84fdb12432caa83dd5e67c746fac2535c2d70d42d9a	10.3	20.6	30.8
GCST90201406	ok	""	1	0	http://ftp.ebi.ac.uk/pub/databases/gwas/summary_statistics/GCST90201001-GCST90202000/GCST90201406/harmonised/GCST90201406.h.tsv.gz	152073086	7441693	73382	0.009861	0	10	66372	222	6837	/data/opengwasdb/metabolome-plasma-2023/releases/2023-chen-full-african/filtered/GCST90201406_GCST90201406.filtered.tsv.gz	1502123	sha256	624c20b8611a67f9d64049873f1d20be5b530f5ea3206b55921befc5ba86e810	9.3	20.5	29.8
GCST90201407	ok	""	1	0	http://ftp.ebi.ac.uk/pub/databases/gwas/summary_statistics/GCST90201001-GCST90202000/GCST90201407/harmonised/GCST90201407.h.tsv.gz	152431168	7443628	43405	0.005831	0	6	36447	155	6836	/data/opengwasdb/metabolome-plasma-2023/releases/2023-chen-full-african/filtered/GCST90201407_GCST90201407.filtered.tsv.gz	940772	sha256	94a15d53914c76aa3ba957f7845a0c4eec8100950cf075663e4f633dd267eae1	11.2	18.9	30.1
GCST90201408	ok	""	1	0	http://ftp.ebi.ac.uk/pub/databases/gwas/summary_statistics/GCST90201001-GCST90202000/GCST90201408/harmonised/GCST90201408.h.tsv.gz	157501566	7278494	17368	0.002386	0	2	10650	93	6636	/data/opengwasdb/metabolome-plasma-2023/releases/2023-chen-full-african/filtered/GCST90201408_GCST90201408.filtered.tsv.gz	402366	sha256	c364b926908470935c605e255f923e3d28b79caf17841c45670e03fa1a26ffa7	9.5	18.6	28.1
GCST90201409	ok	""	1	0	http://ftp.ebi.ac.uk/pub/databases/gwas/summary_statistics/GCST90201001-GCST90202000/GCST90201409/harmonised/GCST90201409.h.tsv.gz	157637564	7293722	14409	0.001976	0	1	7679	85	6652	/data/opengwasdb/metabolome-plasma-2023/releases/2023-chen-full-african/filtered/GCST90201409_GCST90201409.filtered.tsv.gz	345745	sha256	880475cf0a8c1c92b6f90a2b772d49a6b5df6204ca449d9c8565f9399fd42b3b	7.4	18.3	25.7
GCST90201410	ok	""	1	0	http://ftp.ebi.ac.uk/pub/databases/gwas/summary_statistics/GCST90201001-GCST90202000/GCST90201410/harmonised/GCST90201410.h.tsv.gz	150275308	7278494	6720	0.000923	0	0	0	84	6636	/data/opengwasdb/metabolome-plasma-2023/releases/2023-chen-full-african/filtered/GCST90201410_GCST90201410.filtered.tsv.gz	185412	sha256	4de378f439f619333525f50ada1d2a776281a9c96ed45b772de32b121fc4d646	9.3	18	27.4
GCST90201411	ok	""	1	0	http://ftp.ebi.ac.uk/pub/databases/gwas/summary_statistics/GCST90201001-GCST90202000/GCST90201411/harmonised/GCST90201411.h.tsv.gz	157568467	7278494	26139	0.003591	0	2	19450	63	6636	/data/opengwasdb/metabolome-plasma-2023/releases/2023-chen-full-african/filtered/GCST90201411_GCST90201411.filtered.tsv.gz	518213	sha256	f2ec0e74e62e548562d73060ed4846d4a1c6e21324e4640ccc34d27b34aed638	11.6	19.1	30.7
GCST90201412	ok	""	1	0	http://ftp.ebi.ac.uk/pub/databases/gwas/summary_statistics/GCST90201001-GCST90202000/GCST90201412/harmonised/GCST90201412.h.tsv.gz	160734333	7503700	36143	0.004817	0	5	29181	95	6892	/data/opengwasdb/metabolome-plasma-2023/releases/2023-chen-full-african/filtered/GCST90201412_GCST90201412.filtered.tsv.gz	734469	sha256	6a7656505eaeb4431d053355b88d37a9061a096ad334584909a2af0d6e7ac62a	6.1	20.2	26.3
GCST90201413	ok	""	1	0	http://ftp.ebi.ac.uk/pub/databases/gwas/summary_statistics/GCST90201001-GCST90202000/GCST90201413/harmonised/GCST90201413.h.tsv.gz	157497370	7278494	22234	0.003055	0	3	15553	62	6636	/data/opengwasdb/metabolome-plasma-2023/releases/2023-chen-full-african/filtered/GCST90201413_GCST90201413.filtered.tsv.gz	478634	sha256	6a936e0e9abb661fd34aa9d152a5f5c4209fa2de1f2e84c7f0133a41421f072c	6.9	19.7	26.6
GCST90201414	ok	""	1	0	http://ftp.ebi.ac.uk/pub/databases/gwas/summary_statistics/GCST90201001-GCST90202000/GCST90201414/harmonised/GCST90201414.h.tsv.gz	157545335	7278494	22943	0.003152	0	3	16230	88	6636	/data/opengwasdb/metabolome-plasma-2023/releases/2023-chen-full-african/filtered/GCST90201414_GCST90201414.filtered.tsv.gz	514864	sha256	14713311595495342e7dec0cb08810ec60a4b9c523bcb528f30881b376d59b17	11.6	18.8	30.4
GCST90201415	ok	""	1	0	http://ftp.ebi.ac.uk/pub/databases/gwas/summary_statistics/GCST90201001-GCST90202000/GCST90201415/harmonised/GCST90201415.h.tsv.gz	150253493	7278494	13011	0.001788	0	1	6305	74	6636	/data/opengwasdb/metabolome-plasma-2023/releases/2023-chen-full-african/filtered/GCST90201415_GCST90201415.filtered.tsv.gz	309392	sha256	ac0c2182a412c25de07e35cc4835fbb4ecce8b453de0220e09dbe6da3cdf0970	9.6	19	28.7
GCST90201416	ok	""	1	0	http://ftp.ebi.ac.uk/pub/databases/gwas/summary_statistics/GCST90201001-GCST90202000/GCST90201416/harmonised/GCST90201416.h.tsv.gz	156516204	7475896	17849	0.002388	0	2	10883	100	6878	/data/opengwasdb/metabolome-plasma-2023/releases/2023-chen-full-african/filtered/GCST90201416_GCST90201416.filtered.tsv.gz	384384	sha256	36a82d90195781fac2b25adb46e21ebc50b6a51f971b422fdf0f2d4e7d8ba339	9	20	29
GCST90201417	ok	""	1	0	http://ftp.ebi.ac.uk/pub/databases/gwas/summary_statistics/GCST90201001-GCST90202000/GCST90201417/harmonised/GCST90201417.h.tsv.gz	150622260	7304660	55544	0.007604	0	8	48751	165	6667	/data/opengwasdb/metabolome-plasma-2023/releases/2023-chen-full-african/filtered/GCST90201417_GCST90201417.filtered.tsv.gz	1161094	sha256	a57b153e11161a8048fde284649c392c7a4015f76a4efccc690c68ec16e27f70	10.5	19.6	30.1
GCST90201418	ok	""	1	0	http://ftp.ebi.ac.uk/pub/databases/gwas/summary_statistics/GCST90201001-GCST90202000/GCST90201418/harmonised/GCST90201418.h.tsv.gz	150289372	7278494	26162	0.003594	0	3	19442	99	6636	/data/opengwasdb/metabolome-plasma-2023/releases/2023-chen-full-african/filtered/GCST90201418_GCST90201418.filtered.tsv.gz	580026	sha256	5b2209cd4958a7584a55a39db210ae9923c7ece2ec987aa7e9dd037aa0b40ed9	10.7	17.9	28.6
GCST90201419	ok	""	1	0	http://ftp.ebi.ac.uk/pub/databases/gwas/summary_statistics/GCST90201001-GCST90202000/GCST90201419/harmonised/GCST90201419.h.tsv.gz	157560189	7278494	18788	0.002581	0	2	12085	80	6636	/data/opengwasdb/metabolome-plasma-2023/releases/2023-chen-full-african/filtered/GCST90201419_GCST90201419.filtered.tsv.gz	421331	sha256	b4d1e97b8b71a8de14f5274d6fcbc50fc51ac640dbe3ca7a5d8b077525c7bc0e	10.9	19.3	30.2
GCST90201420	ok	""	1	0	http://ftp.ebi.ac.uk/pub/databases/gwas/summary_statistics/GCST90201001-GCST90202000/GCST90201420/harmonised/GCST90201420.h.tsv.gz	157545971	7278494	22084	0.003034	0	3	15421	43	6636	/data/opengwasdb/metabolome-plasma-2023/releases/2023-chen-full-african/filtered/GCST90201420_GCST90201420.filtered.tsv.gz	479290	sha256	b495209baa7b53e18d41ed6b9c1da7c794cac82c8ad459def63b1efc99666c7a	11.3	19.9	31.2
GCST90201421	ok	""	1	0	http://ftp.ebi.ac.uk/pub/databases/gwas/summary_statistics/GCST90201001-GCST90202000/GCST90201421/harmonised/GCST90201421.h.tsv.gz	152218630	7468882	20365	0.002727	0	3	13426	92	6857	/data/opengwasdb/metabolome-plasma-2023/releases/2023-chen-full-african/filtered/GCST90201421_GCST90201421.filtered.tsv.gz	451379	sha256	b24bca7590ca9d3a69d8f9785ed164e2bd250a87e1ffc4116d23d746506266cb	9.4	20.4	29.8
GCST90201422	ok	""	1	0	http://ftp.ebi.ac.uk/pub/databases/gwas/summary_statistics/GCST90201001-GCST90202000/GCST90201422/harmonised/GCST90201422.h.tsv.gz	157610886	7278494	30766	0.004227	0	4	24051	93	6636	/data/opengwasdb/metabolome-plasma-2023/releases/2023-chen-full-african/filtered/GCST90201422_GCST90201422.filtered.tsv.gz	679627	sha256	1ec5e26ebb9e1b0aa9a9d9bc7639e870e93b659c91ed32506225e599188672a2	11.1	18.9	30
GCST90201423	ok	""	1	0	http://ftp.ebi.ac.uk/pub/databases/gwas/summary_statistics/GCST90201001-GCST90202000/GCST90201423/harmonised/GCST90201423.h.tsv.gz	154339349	7265233	6700	0.000922	0	0	0	83	6617	/data/opengwasdb/metabolome-plasma-2023/releases/2023-chen-full-african/filtered/GCST90201423_GCST90201423.filtered.tsv.gz	183921	sha256	e11a6e34be7a4305318337e7f82d3ce5aab38294d74a2190a03bff9199d575c5	6	17.4	23.4
GCST90201424	ok	""	1	0	http://ftp.ebi.ac.uk/pub/databases/gwas/summary_statistics/GCST90201001-GCST90202000/GCST90201424/harmonised/GCST90201424.h.tsv.gz	151463374	7127330	12562	0.001763	0	1	5981	103	6480	/data/opengwasdb/metabolome-plasma-2023/releases/2023-chen-full-african/filtered/GCST90201424_GCST90201424.filtered.tsv.gz	297708	sha256	05694264bfdc910d573847d38fffb421d5a79d4fbb8cda34e19d7b24a3b910f4	9.6	19	28.6
GCST90201425	ok	""	1	0	http://ftp.ebi.ac.uk/pub/databases/gwas/summary_statistics/GCST90201001-GCST90202000/GCST90201425/harmonised/GCST90201425.h.tsv.gz	150102691	7470274	41600	0.005569	0	6	34566	182	6881	/data/opengwasdb/metabolome-plasma-2023/releases/2023-chen-full-african/filtered/GCST90201425_GCST90201425.filtered.tsv.gz	849858	sha256	3c0b8d9987b901a114406bf208e2d67984191a8076c804962c30770e73879557	10.9	19.5	30.4
GCST90201426	ok	""	1	0	http://ftp.ebi.ac.uk/pub/databases/gwas/summary_statistics/GCST90201001-GCST90202000/GCST90201426/harmonised/GCST90201426.h.tsv.gz	148176133	7370774	50889	0.006904	0	7	43951	209	6766	/data/opengwasdb/metabolome-plasma-2023/releases/2023-chen-full-african/filtered/GCST90201426_GCST90201426.filtered.tsv.gz	996086	sha256	33686ace778dff18e2857f44b6a773b483e740b77b274fb45942d0e9441ca3cd	10.8	21.4	32.2
GCST90201427	ok	""	1	0	http://ftp.ebi.ac.uk/pub/databases/gwas/summary_statistics/GCST90201001-GCST90202000/GCST90201427/harmonised/GCST90201427.h.tsv.gz	151808155	7429492	64355	0.008662	0	10	57476	124	6811	/data/opengwasdb/metabolome-plasma-2023/releases/2023-chen-full-african/filtered/GCST90201427_GCST90201427.filtered.tsv.gz	1293616	sha256	606ee97d29c77384b7b15b643d1bc923362fe704d16a34f5234cd65e3a1badb9	7.4	19.7	27.1
GCST90201428	ok	""	1	0	http://ftp.ebi.ac.uk/pub/databases/gwas/summary_statistics/GCST90201001-GCST90202000/GCST90201428/harmonised/GCST90201428.h.tsv.gz	150147233	7278494	42461	0.005834	0	5	35765	86	6636	/data/opengwasdb/metabolome-plasma-2023/releases/2023-chen-full-african/filtered/GCST90201428_GCST90201428.filtered.tsv.gz	845477	sha256	cc637ddb0530c7990679747db57b33033d3a2e0f3a3297293d17f8b363748d10	6.4	20.2	26.6
GCST90201429	ok	""	1	0	http://ftp.ebi.ac.uk/pub/databases/gwas/summary_statistics/GCST90201001-GCST90202000/GCST90201429/harmonised/GCST90201429.h.tsv.gz	150575630	7290825	41107	0.005638	0	6	34390	94	6655	/data/opengwasdb/metabolome-plasma-2023/releases/2023-chen-full-african/filtered/GCST90201429_GCST90201429.filtered.tsv.gz	871721	sha256	4f0fbc02cfcfa2701b96f44ac527bf7339bf520f1a3498809e54fc553b80aca6	6.6	19.7	26.3
GCST90201430	ok	""	1	0	http://ftp.ebi.ac.uk/pub/databases/gwas/summary_statistics/GCST90201001-GCST90202000/GCST90201430/harmonised/GCST90201430.h.tsv.gz	152276315	7409245	37909	0.005116	0	5	31051	75	6805	/data/opengwasdb/metabolome-plasma-2023/releases/2023-chen-full-african/filtered/GCST90201430_GCST90201430.filtered.tsv.gz	790075	sha256	62ead28a919e0198043f14324dd2be8ec204c44e35a8a76c4f5193af99da4e35	10.9	18.9	29.8
GCST90201431	ok	""	1	0	http://ftp.ebi.ac.uk/pub/databases/gwas/summary_statistics/GCST90201001-GCST90202000/GCST90201431/harmonised/GCST90201431.h.tsv.gz	157940403	7305069	12472	0.001707	0	1	5729	81	6667	/data/opengwasdb/metabolome-plasma-2023/releases/2023-chen-full-african/filtered/GCST90201431_GCST90201431.filtered.tsv.gz	303585	sha256	8f9f58a053b93e786d3fdc13b17cdbccfaa9ede235af26a2abad0d6a411a0681	7.1	18.7	25.8
GCST90201432	ok	""	1	0	http://ftp.ebi.ac.uk/pub/databases/gwas/summary_statistics/GCST90201001-GCST90202000/GCST90201432/harmonised/GCST90201432.h.tsv.gz	157508636	7278494	24661	0.003388	0	3	17917	125	6636	/data/opengwasdb/metabolome-plasma-2023/releases/2023-chen-full-african/filtered/GCST90201432_GCST90201432.filtered.tsv.gz	559728	sha256	aa5d57a5a575053174718ad761ab01e0430fe9ddfc4f810be8e6559cbeda54a6	9.6	18.3	27.9
GCST90201433	ok	""	1	0	http://ftp.ebi.ac.uk/pub/databases/gwas/summary_statistics/GCST90201001-GCST90202000/GCST90201433/harmonised/GCST90201433.h.tsv.gz	150550114	7299630	17758	0.002433	0	2	11028	74	6662	/data/opengwasdb/metabolome-plasma-2023/releases/2023-chen-full-african/filtered/GCST90201433_GCST90201433.filtered.tsv.gz	410103	sha256	fd9372ff571141e4c75754ac2912063a4e2fecc5cd1ba358456ed8515d11c1ac	10.8	18.7	29.5
GCST90201434	ok	""	1	0	http://ftp.ebi.ac.uk/pub/databases/gwas/summary_statistics/GCST90201001-GCST90202000/GCST90201434/harmonised/GCST90201434.h.tsv.gz	141694264	7344463	28601	0.003894	0	4	21673	151	6798	/data/opengwasdb/metabolome-plasma-2023/releases/2023-chen-full-african/filtered/GCST90201434_GCST90201434.filtered.tsv.gz	608297	sha256	cd1c26b707beb0a4f58592801c542bf7c590711d8b6ef7969ee5b0f9d2a3a0ae	10.4	19.1	29.5
GCST90201435	ok	""	1	0	http://ftp.ebi.ac.uk/pub/databases/gwas/summary_statistics/GCST90201001-GCST90202000/GCST90201435/harmonised/GCST90201435.h.tsv.gz	151726820	7368549	81601	0.011074	0	13	74735	198	6745	/data/opengwasdb/metabolome-plasma-2023/releases/2023-chen-full-african/filtered/GCST90201435_GCST90201435.filtered.tsv.gz	1642003	sha256	18cb46e487d29635f15ced5a7a0c0cc0c588a080737a3295253ed19b10caef23	7.1	21.2	28.3
GCST90201436	ok	""	1	0	http://ftp.ebi.ac.uk/pub/databases/gwas/summary_statistics/GCST90201001-GCST90202000/GCST90201436/harmonised/GCST90201436.h.tsv.gz	154327414	7578530	55095	0.00727	0	9	47965	172	7007	/data/opengwasdb/metabolome-plasma-2023/releases/2023-chen-full-african/filtered/GCST90201436_GCST90201436.filtered.tsv.gz	1117873	sha256	8b702bbe1c8d2b55f1221d054a145b4f43378751051dad7c07795b18c9d0db23	7	22	29
GCST90201437	ok	""	1	0	http://ftp.ebi.ac.uk/pub/databases/gwas/summary_statistics/GCST90201001-GCST90202000/GCST90201437/harmonised/GCST90201437.h.tsv.gz	160924168	7566983	18251	0.002412	0	2	11181	93	6988	/data/opengwasdb/metabolome-plasma-2023/releases/2023-chen-full-african/filtered/GCST90201437_GCST90201437.filtered.tsv.gz	397054	sha256	d4732c8ca82ab1ea21014b1e1c2121f62117080709bd9aa7eb1a5713462d63e2	6	20.1	26
GCST90201438	ok	""	1	0	http://ftp.ebi.ac.uk/pub/databases/gwas/summary_statistics/GCST90201001-GCST90202000/GCST90201438/harmonised/GCST90201438.h.tsv.gz	157579735	7278494	23339	0.003207	0	2	16665	49	6636	/data/opengwasdb/metabolome-plasma-2023/releases/2023-chen-full-african/filtered/GCST90201438_GCST90201438.filtered.tsv.gz	527752	sha256	3d0c64b2bda840f885a3dd488fcbb07b154389854610f4663021ef0d8263fb4e	6.9	19.1	26
GCST90201439	ok	""	1	0	http://ftp.ebi.ac.uk/pub/databases/gwas/summary_statistics/GCST90201001-GCST90202000/GCST90201439/harmonised/GCST90201439.h.tsv.gz	157502768	7278494	13791	0.001895	0	1	7072	90	6636	/data/opengwasdb/metabolome-plasma-2023/releases/2023-chen-full-african/filtered/GCST90201439_GCST90201439.filtered.tsv.gz	323541	sha256	c671e52d779b72f071e6cf929aa52fea2687cc20065fcd418873af997d83dcb6	9.1	17.5	26.7
GCST90201440	ok	""	1	0	http://ftp.ebi.ac.uk/pub/databases/gwas/summary_statistics/GCST90201001-GCST90202000/GCST90201440/harmonised/GCST90201440.h.tsv.gz	157613946	7278494	16513	0.002269	0	2	9819	70	6636	/data/opengwasdb/metabolome-plasma-2023/releases/2023-chen-full-african/filtered/GCST90201440_GCST90201440.filtered.tsv.gz	388714	sha256	c3971f5c5d22c03409959ff8901ee1f68d9e116d863228f0f31db84e8ba5e052	5.8	19	24.8
GCST90201441	ok	""	1	0	http://ftp.ebi.ac.uk/pub/databases/gwas/summary_statistics/GCST90201001-GCST90202000/GCST90201441/harmonised/GCST90201441.h.tsv.gz	150294837	7278494	17540	0.00241	0	2	10837	78	6636	/data/opengwasdb/metabolome-plasma-2023/releases/2023-chen-full-african/filtered/GCST90201441_GCST90201441.filtered.tsv.gz	396001	sha256	8a4314c8df3c3b49f6c5ced90f0f290a20bece792470d0600e4da6f220dbae1c	8.9	19.2	28.1
GCST90201442	ok	""	1	0	http://ftp.ebi.ac.uk/pub/databases/gwas/summary_statistics/GCST90201001-GCST90202000/GCST90201442/harmonised/GCST90201442.h.tsv.gz	150360130	7278494	14961	0.002056	0	1	8254	75	6636	/data/opengwasdb/metabolome-plasma-2023/releases/2023-chen-full-african/filtered/GCST90201442_GCST90201442.filtered.tsv.gz	351206	sha256	6b81dd73c56c5fe040effe03dd187b600b3ceed02b434c15f87738f5d215c3d8	8	18.2	26.2
GCST90201443	ok	""	1	0	http://ftp.ebi.ac.uk/pub/databases/gwas/summary_statistics/GCST90201001-GCST90202000/GCST90201443/harmonised/GCST90201443.h.tsv.gz	157586475	7278494	16705	0.002295	0	2	9993	86	6636	/data/opengwasdb/metabolome-plasma-2023/releases/2023-chen-full-african/filtered/GCST90201443_GCST90201443.filtered.tsv.gz	385505	sha256	d34ee480d1d1f186a564e4a1b8c2db2799a38941728ac5889be4e3c42c910bc0	8	19.2	27.2
GCST90201444	ok	""	1	0	http://ftp.ebi.ac.uk/pub/databases/gwas/summary_statistics/GCST90201001-GCST90202000/GCST90201444/harmonised/GCST90201444.h.tsv.gz	150242004	7559800	28950	0.003829	0	3	21822	148	6998	/data/opengwasdb/metabolome-plasma-2023/releases/2023-chen-full-african/filtered/GCST90201444_GCST90201444.filtered.tsv.gz	566579	sha256	4a3346eec2eed514ad9cb159bfb459c3d1aa29fd5bb007541eb3704303009bf6	5.5	20.1	25.5
GCST90201445	ok	""	1	0	http://ftp.ebi.ac.uk/pub/databases/gwas/summary_statistics/GCST90201001-GCST90202000/GCST90201445/harmonised/GCST90201445.h.tsv.gz	150384500	7293722	18830	0.002582	0	2	12125	64	6652	/data/opengwasdb/metabolome-plasma-2023/releases/2023-chen-full-african/filtered/GCST90201445_GCST90201445.filtered.tsv.gz	415259	sha256	1d6b780845526ab2733e6e1ac693e2869609d566384632c4b4bc5346b95c9eaa	9.9	19.8	29.7
GCST90201446	ok	""	1	0	http://ftp.ebi.ac.uk/pub/databases/gwas/summary_statistics/GCST90201001-GCST90202000/GCST90201446/harmonised/GCST90201446.h.tsv.gz	157565982	7278494	6711	0.000922	0	0	0	75	6636	/data/opengwasdb/metabolome-plasma-2023/releases/2023-chen-full-african/filtered/GCST90201446_GCST90201446.filtered.tsv.gz	185380	sha256	a9ce41c2ba74dc65d027da05189e4e48d614ec06d2d64a3d8772c0c1d62f6449	7.6	19	26.6
GCST90201447	ok	""	1	0	http://ftp.ebi.ac.uk/pub/databases/gwas/summary_statistics/GCST90201001-GCST90202000/GCST90201447/harmonised/GCST90201447.h.tsv.gz	150294435	7278494	11327	0.001556	0	1	4636	61	6636	/data/opengwasdb/metabolome-plasma-2023/releases/2023-chen-full-african/filtered/GCST90201447_GCST90201447.filtered.tsv.gz	269959	sha256	36c83c4267c7345ec5750cf9c4b1bf17058adaa8eb6bdff34da9a4445213528c	9.9	19	28.9
GCST90201448	ok	""	1	0	http://ftp.ebi.ac.uk/pub/databases/gwas/summary_statistics/GCST90201001-GCST90202000/GCST90201448/harmonised/GCST90201448.h.tsv.gz	157583407	7278494	16684	0.002292	0	2	9961	100	6636	/data/opengwasdb/metabolome-plasma-2023/releases/2023-chen-full-african/filtered/GCST90201448_GCST90201448.filtered.tsv.gz	378928	sha256	2f358bfc42661f18df213b07332a977636c544967ac5b41463e49e10b3358eae	11.6	20.3	31.9
GCST90201449	ok	""	1	0	http://ftp.ebi.ac.uk/pub/databases/gwas/summary_statistics/GCST90201001-GCST90202000/GCST90201449/harmonised/GCST90201449.h.tsv.gz	157500294	7278494	20984	0.002883	0	3	14271	90	6636	/data/opengwasdb/metabolome-plasma-2023/releases/2023-chen-full-african/filtered/GCST90201449_GCST90201449.filtered.tsv.gz	465424	sha256	e46d1e0862236352a1db387b9cd1dcc57783668aca35406402275ef17ff0fcf4	11.8	19.8	31.6
GCST90201450	ok	""	1	0	http://ftp.ebi.ac.uk/pub/databases/gwas/summary_statistics/GCST90201001-GCST90202000/GCST90201450/harmonised/GCST90201450.h.tsv.gz	157535131	7278494	28462	0.00391	0	4	21754	93	6636	/data/opengwasdb/metabolome-plasma-2023/releases/2023-chen-full-african/filtered/GCST90201450_GCST90201450.filtered.tsv.gz	616651	sha256	1d92d896e0a60365b1f5da4baa00632dcd1bf294ab35c1705f1756a0ee03123f	9.6	19.2	28.9
GCST90201451	ok	""	1	0	http://ftp.ebi.ac.uk/pub/databases/gwas/summary_statistics/GCST90201001-GCST90202000/GCST90201451/harmonised/GCST90201451.h.tsv.gz	157507592	7278494	12400	0.001704	0	1	5716	53	6636	/data/opengwasdb/metabolome-plasma-2023/releases/2023-chen-full-african/filtered/GCST90201451_GCST90201451.filtered.tsv.gz	300586	sha256	17680a853a251c1648347b461042ff217eb147cceed3fe80503dbe124a6f703c	11.5	18.7	30.2
GCST90201452	ok	""	1	0	http://ftp.ebi.ac.uk/pub/databases/gwas/summary_statistics/GCST90201001-GCST90202000/GCST90201452/harmonised/GCST90201452.h.tsv.gz	157567307	7293722	19413	0.002662	0	2	12706	66	6652	/data/opengwasdb/metabolome-plasma-2023/releases/2023-chen-full-african/filtered/GCST90201452_GCST90201452.filtered.tsv.gz	438121	sha256	c5198d898d89fc7ce05d07348abd0fb751b3304a0cc3f3c0e6ffad94f6ed1755	9.1	19.1	28.1
GCST90201453	ok	""	1	0	http://ftp.ebi.ac.uk/pub/databases/gwas/summary_statistics/GCST90201001-GCST90202000/GCST90201453/harmonised/GCST90201453.h.tsv.gz	150254723	7278494	25732	0.003535	0	3	19008	105	6636	/data/opengwasdb/metabolome-plasma-2023/releases/2023-chen-full-african/filtered/GCST90201453_GCST90201453.filtered.tsv.gz	570092	sha256	57be1bc1c94f6ea117360ec27502a7338ae8ea4aee7a80b538aa0c158f22a23e	10.7	19.4	30.1
GCST90201454	ok	""	1	0	http://ftp.ebi.ac.uk/pub/databases/gwas/summary_statistics/GCST90201001-GCST90202000/GCST90201454/harmonised/GCST90201454.h.tsv.gz	157498240	7278494	37283	0.005122	0	6	30577	104	6636	/data/opengwasdb/metabolome-plasma-2023/releases/2023-chen-full-african/filtered/GCST90201454_GCST90201454.filtered.tsv.gz	787640	sha256	8b41227c2a7d9aecb20c9b44a5518f583b0bf51492a86e3b5c8218e7bf7a4cff	11.5	20.1	31.5
GCST90201455	ok	""	1	0	http://ftp.ebi.ac.uk/pub/databases/gwas/summary_statistics/GCST90201001-GCST90202000/GCST90201455/harmonised/GCST90201455.h.tsv.gz	157548525	7278494	6721	0.000923	0	0	0	85	6636	/data/opengwasdb/metabolome-plasma-2023/releases/2023-chen-full-african/filtered/GCST90201455_GCST90201455.filtered.tsv.gz	185507	sha256	7bc39f87386207e8a65796fbc860016b925c8fc0688656922502e50aa8155c51	9.6	17.7	27.3
GCST90201456	ok	""	1	0	http://ftp.ebi.ac.uk/pub/databases/gwas/summary_statistics/GCST90201001-GCST90202000/GCST90201456/harmonised/GCST90201456.h.tsv.gz	157497748	7278494	15954	0.002192	0	2	9252	72	6636	/data/opengwasdb/metabolome-plasma-2023/releases/2023-chen-full-african/filtered/GCST90201456_GCST90201456.filtered.tsv.gz	375977	sha256	0d1b1e3e9fed967e00803a5259de12500475dd8bcbf21e54109485339cf4edcf	10.9	19	29.8
GCST90201457	ok	""	1	0	http://ftp.ebi.ac.uk/pub/databases/gwas/summary_statistics/GCST90201001-GCST90202000/GCST90201457/harmonised/GCST90201457.h.tsv.gz	157612466	7293722	52632	0.007216	0	8	45834	178	6652	/data/opengwasdb/metabolome-plasma-2023/releases/2023-chen-full-african/filtered/GCST90201457_GCST90201457.filtered.tsv.gz	1110796	sha256	cdfbe057dd95f0841b32f706e84b25655105cc14303fb54a57b2c2937be7d37d	11.5	19.7	31.2
GCST90201458	ok	""	1	0	http://ftp.ebi.ac.uk/pub/databases/gwas/summary_statistics/GCST90201001-GCST90202000/GCST90201458/harmonised/GCST90201458.h.tsv.gz	150254697	7278494	6713	0.000922	0	0	0	77	6636	/data/opengwasdb/metabolome-plasma-2023/releases/2023-chen-full-african/filtered/GCST90201458_GCST90201458.filtered.tsv.gz	185176	sha256	9e802f56da7f65d52e0354c6138b6ce93fff3db0c22248a4bf04cf7307238657	9.2	18.4	27.5
GCST90201459	ok	""	1	0	http://ftp.ebi.ac.uk/pub/databases/gwas/summary_statistics/GCST90201001-GCST90202000/GCST90201459/harmonised/GCST90201459.h.tsv.gz	157623822	7293722	12914	0.001771	0	1	6186	81	6652	/data/opengwasdb/metabolome-plasma-2023/releases/2023-chen-full-african/filtered/GCST90201459_GCST90201459.filtered.tsv.gz	315793	sha256	f80f464d3a5c08cfb34a0496176ebbb4d66311cae6eb2cec4b82b83be937cc05	9.8	17.2	27
GCST90201460	ok	""	1	0	http://ftp.ebi.ac.uk/pub/databases/gwas/summary_statistics/GCST90201001-GCST90202000/GCST90201460/harmonised/GCST90201460.h.tsv.gz	150367575	7278494	28308	0.003889	0	3	21627	63	6636	/data/opengwasdb/metabolome-plasma-2023/releases/2023-chen-full-african/filtered/GCST90201460_GCST90201460.filtered.tsv.gz	640809	sha256	144c6aa5d0ed86d90c92878e3f14e3d0bcc65bf9dbc7c4da95fba4662bd7af8e	9.5	18.9	28.3
GCST90201461	ok	""	1	0	http://ftp.ebi.ac.uk/pub/databases/gwas/summary_statistics/GCST90201001-GCST90202000/GCST90201461/harmonised/GCST90201461.h.tsv.gz	157487035	7278494	32173	0.00442	0	4	25468	90	6636	/data/opengwasdb/metabolome-plasma-2023/releases/2023-chen-full-african/filtered/GCST90201461_GCST90201461.filtered.tsv.gz	663360	sha256	09c7e6254f71670dbb27cc26df9f28e1b96557aab3147fe44edaa5d58443a2a8	7.1	19.8	26.9
GCST90201462	ok	""	1	0	http://ftp.ebi.ac.uk/pub/databases/gwas/summary_statistics/GCST90201001-GCST90202000/GCST90201462/harmonised/GCST90201462.h.tsv.gz	157777738	7296274	16891	0.002315	0	2	10148	90	6662	/data/opengwasdb/metabolome-plasma-2023/releases/2023-chen-full-african/filtered/GCST90201462_GCST90201462.filtered.tsv.gz	388030	sha256	4e0ac8776c8ae8f746ecd2efff3c8521d6ccdc29f459dd51b0ec671ea792a91f	11	18.6	29.6
GCST90201463	ok	""	1	0	http://ftp.ebi.ac.uk/pub/databases/gwas/summary_statistics/GCST90201001-GCST90202000/GCST90201463/harmonised/GCST90201463.h.tsv.gz	157492214	7278494	11652	0.001601	0	1	4933	89	6636	/data/opengwasdb/metabolome-plasma-2023/releases/2023-chen-full-african/filtered/GCST90201463_GCST90201463.filtered.tsv.gz	282317	sha256	1bc4ba8cca2ed8ffe402e72f29f65331c080673fb86d324c9b397bfee365d828	9.2	17.9	27.1
GCST90201464	ok	""	1	0	http://ftp.ebi.ac.uk/pub/databases/gwas/summary_statistics/GCST90201001-GCST90202000/GCST90201464/harmonised/GCST90201464.h.tsv.gz	150303777	7278494	36060	0.004954	0	5	29359	89	6636	/data/opengwasdb/metabolome-plasma-2023/releases/2023-chen-full-african/filtered/GCST90201464_GCST90201464.filtered.tsv.gz	741655	sha256	28299de355084cc30b91600cac8d0628a39a040f4d2897bc1de789a75d1370af	7.5	18.3	25.8
GCST90201465	ok	""	1	0	http://ftp.ebi.ac.uk/pub/databases/gwas/summary_statistics/GCST90201001-GCST90202000/GCST90201465/harmonised/GCST90201465.h.tsv.gz	157491854	7278494	23677	0.003253	0	3	16968	87	6636	/data/opengwasdb/metabolome-plasma-2023/releases/2023-chen-full-african/filtered/GCST90201465_GCST90201465.filtered.tsv.gz	519858	sha256	9aa126dcfa044766ceefa3c84b2bd517d59e71359ea3ced39c44d8f1bfbcf8df	5.1	18.9	24
GCST90201466	ok	""	1	0	http://ftp.ebi.ac.uk/pub/databases/gwas/summary_statistics/GCST90201001-GCST90202000/GCST90201466/harmonised/GCST90201466.h.tsv.gz	157602362	7278494	53594	0.007363	0	8	46845	154	6636	/data/opengwasdb/metabolome-plasma-2023/releases/2023-chen-full-african/filtered/GCST90201466_GCST90201466.filtered.tsv.gz	1153205	sha256	fe46191b7eda14c5c64c74a639974ede7c646cd71b5a45a5a925f9c74aba7352	5.8	20.2	26
GCST90201467	ok	""	1	0	http://ftp.ebi.ac.uk/pub/databases/gwas/summary_statistics/GCST90201001-GCST90202000/GCST90201467/harmonised/GCST90201467.h.tsv.gz	157846409	7302720	12723	0.001742	0	1	5989	77	6664	/data/opengwasdb/metabolome-plasma-2023/releases/2023-chen-full-african/filtered/GCST90201467_GCST90201467.filtered.tsv.gz	306531	sha256	0464adfb1c136bfa52c6c85b9a38a55f1c8169054b2698d753116e3597dec7b0	4.8	17.8	22.6
GCST90201468	ok	""	1	0	http://ftp.ebi.ac.uk/pub/databases/gwas/summary_statistics/GCST90201001-GCST90202000/GCST90201468/harmonised/GCST90201468.h.tsv.gz	157488652	7278494	6722	0.000924	0	0	0	86	6636	/data/opengwasdb/metabolome-plasma-2023/releases/2023-chen-full-african/filtered/GCST90201468_GCST90201468.filtered.tsv.gz	185681	sha256	8b4cc581d9ea7db79afe6527ebf75a2ca758b4032d7cc3fbd9d418bfc8ebce31	9.2	18.5	27.7
GCST90201469	ok	""	1	0	http://ftp.ebi.ac.uk/pub/databases/gwas/summary_statistics/GCST90201001-GCST90202000/GCST90201469/harmonised/GCST90201469.h.tsv.gz	157558505	7278494	12042	0.001654	0	1	5338	71	6636	/data/opengwasdb/metabolome-plasma-2023/releases/2023-chen-full-african/filtered/GCST90201469_GCST90201469.filtered.tsv.gz	295400	sha256	d3470f940e59a9307178c3c2f0442216807eec2fa19ac3b80df78253d68d3509	11	19.5	30.5
GCST90201470	ok	""	1	0	http://ftp.ebi.ac.uk/pub/databases/gwas/summary_statistics/GCST90201001-GCST90202000/GCST90201470/harmonised/GCST90201470.h.tsv.gz	150321980	7278494	12095	0.001662	0	1	5383	81	6636	/data/opengwasdb/metabolome-plasma-2023/releases/2023-chen-full-african/filtered/GCST90201470_GCST90201470.filtered.tsv.gz	290879	sha256	4ddaa6be471560f659e2dbde8ba8022b37d4805c921642a6ba02d94a1287374b	9.2	17.9	27.2
GCST90201471	ok	""	1	0	http://ftp.ebi.ac.uk/pub/databases/gwas/summary_statistics/GCST90201001-GCST90202000/GCST90201471/harmonised/GCST90201471.h.tsv.gz	157528509	7278494	12075	0.001659	0	1	5354	90	6636	/data/opengwasdb/metabolome-plasma-2023/releases/2023-chen-full-african/filtered/GCST90201471_GCST90201471.filtered.tsv.gz	284414	sha256	bcaa7c8b28dd1ded8791d30aaf6c310825eeaa6d0e862c4116f4024a98f6bb98	9.3	19.4	28.7
GCST90201472	ok	""	1	0	http://ftp.ebi.ac.uk/pub/databases/gwas/summary_statistics/GCST90201001-GCST90202000/GCST90201472/harmonised/GCST90201472.h.tsv.gz	157623502	7278494	10838	0.001489	0	1	4108	101	6636	/data/opengwasdb/metabolome-plasma-2023/releases/2023-chen-full-african/filtered/GCST90201472_GCST90201472.filtered.tsv.gz	264370	sha256	eb892798e73e1dc60bf77b6d7986cdd7855e5d8327b3db3c087a8199440dcb55	9.5	20	29.5
GCST90201473	ok	""	1	0	http://ftp.ebi.ac.uk/pub/databases/gwas/summary_statistics/GCST90201001-GCST90202000/GCST90201473/harmonised/GCST90201473.h.tsv.gz	156452168	7462487	37737	0.005057	0	5	30739	137	6882	/data/opengwasdb/metabolome-plasma-2023/releases/2023-chen-full-african/filtered/GCST90201473_GCST90201473.filtered.tsv.gz	802201	sha256	cdb5eebc1099dac73bfdcd30571a299532c4f5b695b0f64a3c3a96efb691ce03	9.8	20.7	30.6
GCST90201474	ok	""	1	0	http://ftp.ebi.ac.uk/pub/databases/gwas/summary_statistics/GCST90201001-GCST90202000/GCST90201474/harmonised/GCST90201474.h.tsv.gz	157607782	7278494	12839	0.001764	0	1	6141	67	6636	/data/opengwasdb/metabolome-plasma-2023/releases/2023-chen-full-african/filtered/GCST90201474_GCST90201474.filtered.tsv.gz	306555	sha256	0d32e21765b0cd12cbced64385f52fa1a086f35a4b0dcc36875c1106539e787e	11	18.7	29.7
GCST90201475	ok	""	1	0	http://ftp.ebi.ac.uk/pub/databases/gwas/summary_statistics/GCST90201001-GCST90202000/GCST90201475/harmonised/GCST90201475.h.tsv.gz	157551596	7278494	12970	0.001782	0	1	6260	76	6636	/data/opengwasdb/metabolome-plasma-2023/releases/2023-chen-full-african/filtered/GCST90201475_GCST90201475.filtered.tsv.gz	311634	sha256	199fcf58e9af8eb18df7af0a126ad60acadf1c9aad24ab92f2dc4e2b7c941223	7.6	18.9	26.4
GCST90201476	ok	""	1	0	http://ftp.ebi.ac.uk/pub/databases/gwas/summary_statistics/GCST90201001-GCST90202000/GCST90201476/harmonised/GCST90201476.h.tsv.gz	153763447	7584077	16457	0.00217	0	2	9355	107	7007	/data/opengwasdb/metabolome-plasma-2023/releases/2023-chen-full-african/filtered/GCST90201476_GCST90201476.filtered.tsv.gz	366205	sha256	a766c7c7ff5a2beb16a2868e0d20d4364d88816c078768056e5ae971e4079246	11.1	19	30.1
GCST90201477	ok	""	1	0	http://ftp.ebi.ac.uk/pub/databases/gwas/summary_statistics/GCST90201001-GCST90202000/GCST90201477/harmonised/GCST90201477.h.tsv.gz	157613709	7278494	22037	0.003028	0	3	15337	79	6636	/data/opengwasdb/metabolome-plasma-2023/releases/2023-chen-full-african/filtered/GCST90201477_GCST90201477.filtered.tsv.gz	500512	sha256	f2748cafb606a24ec86e77d7b966dcdf1b7cc9511d3cce8f2b8ea1e49fb659b0	6.2	19.7	25.9
GCST90201478	ok	""	1	0	http://ftp.ebi.ac.uk/pub/databases/gwas/summary_statistics/GCST90201001-GCST90202000/GCST90201478/harmonised/GCST90201478.h.tsv.gz	157602106	7293722	6730	0.000923	0	0	0	78	6652	/data/opengwasdb/metabolome-plasma-2023/releases/2023-chen-full-african/filtered/GCST90201478_GCST90201478.filtered.tsv.gz	185299	sha256	79ff246290694f89f74d000d5e1c1d7d393b56d2741ba32b2b53862016143518	6.5	18.9	25.3
GCST90201479	ok	""	1	0	http://ftp.ebi.ac.uk/pub/databases/gwas/summary_statistics/GCST90201001-GCST90202000/GCST90201479/harmonised/GCST90201479.h.tsv.gz	157534943	7278494	26154	0.003593	0	3	19473	64	6636	/data/opengwasdb/metabolome-plasma-2023/releases/2023-chen-full-african/filtered/GCST90201479_GCST90201479.filtered.tsv.gz	556521	sha256	e8dbf6fc35a71cc9067fbead7eeaf726b128cab20a5deaf2da8362b01ef3ffa0	9.3	19.5	28.7
GCST90201480	ok	""	1	0	http://ftp.ebi.ac.uk/pub/databases/gwas/summary_statistics/GCST90201001-GCST90202000/GCST90201480/harmonised/GCST90201480.h.tsv.gz	157492785	7278494	6710	0.000922	0	0	0	74	6636	/data/opengwasdb/metabolome-plasma-2023/releases/2023-chen-full-african/filtered/GCST90201480_GCST90201480.filtered.tsv.gz	185218	sha256	1fa392db9cbbba9627ec4fed68e08f960d9697054ac05ca7317d83ad9c5a1c13	11.4	19.8	31.2
GCST90201481	ok	""	1	0	http://ftp.ebi.ac.uk/pub/databases/gwas/summary_statistics/GCST90201001-GCST90202000/GCST90201481/harmonised/GCST90201481.h.tsv.gz	157989400	7322214	57089	0.007797	0	9	50276	170	6687	/data/opengwasdb/metabolome-plasma-2023/releases/2023-chen-full-african/filtered/GCST90201481_GCST90201481.filtered.tsv.gz	1164636	sha256	97d574ffb7805e6cfd56eb96d2b98a60036a5ace289dc2aa250ece480e0938e4	11.7	21.1	32.8
GCST90201482	ok	""	1	0	http://ftp.ebi.ac.uk/pub/databases/gwas/summary_statistics/GCST90201001-GCST90202000/GCST90201482/harmonised/GCST90201482.h.tsv.gz	158115610	7322986	11141	0.001521	0	1	4383	68	6694	/data/opengwasdb/metabolome-plasma-2023/releases/2023-chen-full-african/filtered/GCST90201482_GCST90201482.filtered.tsv.gz	279317	sha256	d0b85cff99c05735c5bd9c499ec711082996931fc61bc1295e3f95638238d962	9.6	19	28.6
GCST90201483	ok	""	1	0	http://ftp.ebi.ac.uk/pub/databases/gwas/summary_statistics/GCST90201001-GCST90202000/GCST90201483/harmonised/GCST90201483.h.tsv.gz	150699680	7310647	12047	0.001648	0	1	5298	81	6674	/data/opengwasdb/metabolome-plasma-2023/releases/2023-chen-full-african/filtered/GCST90201483_GCST90201483.filtered.tsv.gz	297556	sha256	06be38c1d59b7790c90bfef18b706557a0a08b7a38fb63321e37faa78ee88c4a	9.5	19.4	28.9
GCST90201484	ok	""	1	0	http://ftp.ebi.ac.uk/pub/databases/gwas/summary_statistics/GCST90201001-GCST90202000/GCST90201484/harmonised/GCST90201484.h.tsv.gz	157519602	7278494	17000	0.002336	0	2	10318	60	6636	/data/opengwasdb/metabolome-plasma-2023/releases/2023-chen-full-african/filtered/GCST90201484_GCST90201484.filtered.tsv.gz	370682	sha256	0e7dde0363a09139940e7f2b4d43f9c321d42e7c2b13517f1fda10731dcaf9ff	8.4	19.6	28
GCST90201485	ok	""	1	0	http://ftp.ebi.ac.uk/pub/databases/gwas/summary_statistics/GCST90201001-GCST90202000/GCST90201485/harmonised/GCST90201485.h.tsv.gz	150352995	7293722	11064	0.001517	0	1	4342	73	6652	/data/opengwasdb/metabolome-plasma-2023/releases/2023-chen-full-african/filtered/GCST90201485_GCST90201485.filtered.tsv.gz	269831	sha256	f8430700096e68ec5d9347c770ce58b4ef6e28d8728fd3ad9ad7fc712dea84bb	9.8	19.8	29.6
GCST90201486	ok	""	1	0	http://ftp.ebi.ac.uk/pub/databases/gwas/summary_statistics/GCST90201001-GCST90202000/GCST90201486/harmonised/GCST90201486.h.tsv.gz	159065404	7401476	20501	0.00277	0	2	13667	58	6785	/data/opengwasdb/metabolome-plasma-2023/releases/2023-chen-full-african/filtered/GCST90201486_GCST90201486.filtered.tsv.gz	468815	sha256	7f8fd7b152ee65edce8a96b628b06110f7536379129f0662f6322415935b9a1b	12	20	31.9
GCST90201487	ok	""	1	0	http://ftp.ebi.ac.uk/pub/databases/gwas/summary_statistics/GCST90201001-GCST90202000/GCST90201487/harmonised/GCST90201487.h.tsv.gz	157602885	7278494	30147	0.004142	0	4	23447	82	6636	/data/opengwasdb/metabolome-plasma-2023/releases/2023-chen-full-african/filtered/GCST90201487_GCST90201487.filtered.tsv.gz	663317	sha256	069b0cac65ae1aa97c05db9b35450c3b200ca42129dac744a3bc942164e3f156	10.9	20.2	31.1
GCST90201488	ok	""	1	0	http://ftp.ebi.ac.uk/pub/databases/gwas/summary_statistics/GCST90201001-GCST90202000/GCST90201488/harmonised/GCST90201488.h.tsv.gz	150615766	7290825	24926	0.003419	0	3	18203	80	6655	/data/opengwasdb/metabolome-plasma-2023/releases/2023-chen-full-african/filtered/GCST90201488_GCST90201488.filtered.tsv.gz	557018	sha256	7d32318d20f9c46eff3309cdbf51e37adcc4e6d143896624f76c20e08008f562	10.9	19.2	30.1
GCST90201489	ok	""	1	0	http://ftp.ebi.ac.uk/pub/databases/gwas/summary_statistics/GCST90201001-GCST90202000/GCST90201489/harmonised/GCST90201489.h.tsv.gz	158204876	7329998	11664	0.001591	0	1	4882	99	6691	/data/opengwasdb/metabolome-plasma-2023/releases/2023-chen-full-african/filtered/GCST90201489_GCST90201489.filtered.tsv.gz	279033	sha256	d652851eb85ad8c05ea4e8a38c8db3eba50926251494bfebb6f1cb89c4483193	7.9	19.7	27.5
GCST90201490	ok	""	1	0	http://ftp.ebi.ac.uk/pub/databases/gwas/summary_statistics/GCST90201001-GCST90202000/GCST90201490/harmonised/GCST90201490.h.tsv.gz	150317441	7278494	11468	0.001576	0	1	4752	83	6636	/data/opengwasdb/metabolome-plasma-2023/releases/2023-chen-full-african/filtered/GCST90201490_GCST90201490.filtered.tsv.gz	275753	sha256	1aec2228cb9e67b1e70d648cd6fea8d92491d6ba9a9d7b4b37c5656cb499a4e5	6.8	17.9	24.7
GCST90201491	ok	""	1	0	http://ftp.ebi.ac.uk/pub/databases/gwas/summary_statistics/GCST90201001-GCST90202000/GCST90201491/harmonised/GCST90201491.h.tsv.gz	157708862	7296671	41900	0.005742	0	5	35173	97	6655	/data/opengwasdb/metabolome-plasma-2023/releases/2023-chen-full-african/filtered/GCST90201491_GCST90201491.filtered.tsv.gz	879940	sha256	6c767fe05533e02db09481c7c316ec8de256d2a20f2da3b4c5285f860a68f490	9.3	18.8	28.1
GCST90201492	ok	""	1	0	http://ftp.ebi.ac.uk/pub/databases/gwas/summary_statistics/GCST90201001-GCST90202000/GCST90201492/harmonised/GCST90201492.h.tsv.gz	157375755	7278494	12466	0.001713	0	1	5758	77	6636	/data/opengwasdb/metabolome-plasma-2023/releases/2023-chen-full-african/filtered/GCST90201492_GCST90201492.filtered.tsv.gz	300982	sha256	d1f59f42ac1aafe91ccbced4f7a52ed81b722d241db26fcf1e568200e407be8f	11.3	20.6	31.9
GCST90201493	ok	""	1	0	http://ftp.ebi.ac.uk/pub/databases/gwas/summary_statistics/GCST90201001-GCST90202000/GCST90201493/harmonised/GCST90201493.h.tsv.gz	151482674	7368820	11261	0.001528	0	1	4452	81	6730	/data/opengwasdb/metabolome-plasma-2023/releases/2023-chen-full-african/filtered/GCST90201493_GCST90201493.filtered.tsv.gz	273329	sha256	dd7fcac28c9addd21963c488eb320b00c7287953ffcf2d9aecc8605f8465d9aa	5.5	18.1	23.6
GCST90201494	ok	""	1	0	http://ftp.ebi.ac.uk/pub/databases/gwas/summary_statistics/GCST90201001-GCST90202000/GCST90201494/harmonised/GCST90201494.h.tsv.gz	150319143	7278494	13329	0.001831	0	1	6591	108	6636	/data/opengwasdb/metabolome-plasma-2023/releases/2023-chen-full-african/filtered/GCST90201494_GCST90201494.filtered.tsv.gz	296679	sha256	33000988882b669fcb2f12227b1ab505f8bb137c281e2588a30e5a5a357c2bd6	9.3	19.8	29.1
GCST90201495	ok	""	1	0	http://ftp.ebi.ac.uk/pub/databases/gwas/summary_statistics/GCST90201001-GCST90202000/GCST90201495/harmonised/GCST90201495.h.tsv.gz	157590089	7278494	23540	0.003234	0	3	16841	77	6636	/data/opengwasdb/metabolome-plasma-2023/releases/2023-chen-full-african/filtered/GCST90201495_GCST90201495.filtered.tsv.gz	520414	sha256	b4bffb3740d2027941a20f5c6488121dfa773f4cd8dda47fc3c4fa863217d456	6.3	19.8	26.2
GCST90201496	ok	""	1	0	http://ftp.ebi.ac.uk/pub/databases/gwas/summary_statistics/GCST90201001-GCST90202000/GCST90201496/harmonised/GCST90201496.h.tsv.gz	160187063	7461508	18537	0.002484	0	2	11584	89	6876	/data/opengwasdb/metabolome-plasma-2023/releases/2023-chen-full-african/filtered/GCST90201496_GCST90201496.filtered.tsv.gz	422669	sha256	cd402ee6878641e11c9c1faf1ff3c556582a1045ed0e3e62bed9a1e823623b01	10.3	20.9	31.2
GCST90201497	ok	""	1	0	http://ftp.ebi.ac.uk/pub/databases/gwas/summary_statistics/GCST90201001-GCST90202000/GCST90201497/harmonised/GCST90201497.h.tsv.gz	150771128	7309056	6743	0.000923	0	0	0	69	6674	/data/opengwasdb/metabolome-plasma-2023/releases/2023-chen-full-african/filtered/GCST90201497_GCST90201497.filtered.tsv.gz	185994	sha256	6f754b96f95220345ea9d77d5ceecbb63bb54c5d63e90092e3c6ccf52f89f0be	9.4	20.5	29.9
GCST90201498	ok	""	1	0	http://ftp.ebi.ac.uk/pub/databases/gwas/summary_statistics/GCST90201001-GCST90202000/GCST90201498/harmonised/GCST90201498.h.tsv.gz	158357222	7371523	16732	0.00227	0	2	9926	69	6749	/data/opengwasdb/metabolome-plasma-2023/releases/2023-chen-full-african/filtered/GCST90201498_GCST90201498.filtered.tsv.gz	379935	sha256	e21e46b7e6f11be955a01d289f45765524451017d8ad11c2eb36463d3db8bdb1	9.9	19.7	29.6
GCST90201499	ok	""	1	0	http://ftp.ebi.ac.uk/pub/databases/gwas/summary_statistics/GCST90201001-GCST90202000/GCST90201499/harmonised/GCST90201499.h.tsv.gz	150360351	7293722	21233	0.002911	0	2	14484	104	6652	/data/opengwasdb/metabolome-plasma-2023/releases/2023-chen-full-african/filtered/GCST90201499_GCST90201499.filtered.tsv.gz	469197	sha256	27dab77b0dcfb7f413a400b6f8264dd559ffd0e4baaa308e897bc755d36f9e22	10.1	19.3	29.4
GCST90201500	ok	""	1	0	http://ftp.ebi.ac.uk/pub/databases/gwas/summary_statistics/GCST90201001-GCST90202000/GCST90201500/harmonised/GCST90201500.h.tsv.gz	157793823	7296671	16615	0.002277	0	2	9913	56	6655	/data/opengwasdb/metabolome-plasma-2023/releases/2023-chen-full-african/filtered/GCST90201500_GCST90201500.filtered.tsv.gz	382051	sha256	ae4cab6676f3e75b0da73c42ce5065f7104a3f736c02cb0f0a7046744c4a723a	11.1	17.4	28.6
GCST90201501	ok	""	1	0	http://ftp.ebi.ac.uk/pub/databases/gwas/summary_statistics/GCST90201001-GCST90202000/GCST90201501/harmonised/GCST90201501.h.tsv.gz	158980592	7579496	27495	0.003628	0	3	20372	116	7029	/data/opengwasdb/metabolome-plasma-2023/releases/2023-chen-full-african/filtered/GCST90201501_GCST90201501.filtered.tsv.gz	599156	sha256	5afcae12fb15053ef93f21189ed95e027d062dd90dab51eeedb8d2c18f590512	5.8	19.3	25.1
GCST90201502	ok	""	1	0	http://ftp.ebi.ac.uk/pub/databases/gwas/summary_statistics/GCST90201001-GCST90202000/GCST90201502/harmonised/GCST90201502.h.tsv.gz	153207720	7553654	24660	0.003265	0	3	17584	116	6975	/data/opengwasdb/metabolome-plasma-2023/releases/2023-chen-full-african/filtered/GCST90201502_GCST90201502.filtered.tsv.gz	512691	sha256	ecf44221aa55eb5e6c0bdfa571b26f6cc6a52321a0f0c0c18ce2b31afdb310fd	11.3	20.5	31.8
GCST90201503	ok	""	1	0	http://ftp.ebi.ac.uk/pub/databases/gwas/summary_statistics/GCST90201001-GCST90202000/GCST90201503/harmonised/GCST90201503.h.tsv.gz	159202901	7427582	6867	0.000925	0	0	0	75	6792	/data/opengwasdb/metabolome-plasma-2023/releases/2023-chen-full-african/filtered/GCST90201503_GCST90201503.filtered.tsv.gz	188095	sha256	b8f03a5e6adda0f63c8458fc5d7229810dcc2c199b2e63108030a2229b8b9cd2	7.6	20.1	27.7
GCST90201504	ok	""	1	0	http://ftp.ebi.ac.uk/pub/databases/gwas/summary_statistics/GCST90201001-GCST90202000/GCST90201504/harmonised/GCST90201504.h.tsv.gz	159052572	7403530	18091	0.002444	0	2	11229	83	6786	/data/opengwasdb/metabolome-plasma-2023/releases/2023-chen-full-african/filtered/GCST90201504_GCST90201504.filtered.tsv.gz	415240	sha256	fe79fa965c2fc11f8bca5557a87ef0cedd4f3f855549b41bea1ff57c9ce23245	10.4	19.2	29.6
GCST90201505	ok	""	1	0	http://ftp.ebi.ac.uk/pub/databases/gwas/summary_statistics/GCST90201001-GCST90202000/GCST90201505/harmonised/GCST90201505.h.tsv.gz	157534521	7278494	14080	0.001934	0	1	7371	77	6636	/data/opengwasdb/metabolome-plasma-2023/releases/2023-chen-full-african/filtered/GCST90201505_GCST90201505.filtered.tsv.gz	338100	sha256	4cd2516843d4a83e7abdec20d8f538b37ef025f0b7d62960f09fdf0e1a543026	10.4	20.3	30.7
GCST90201506	ok	""	1	0	http://ftp.ebi.ac.uk/pub/databases/gwas/summary_statistics/GCST90201001-GCST90202000/GCST90201506/harmonised/GCST90201506.h.tsv.gz	150342687	7278494	29012	0.003986	0	4	22275	120	6636	/data/opengwasdb/metabolome-plasma-2023/releases/2023-chen-full-african/filtered/GCST90201506_GCST90201506.filtered.tsv.gz	626938	sha256	18afd016ad93dda4db30a0b519ede1ac74580e571f3ca4ef32fb6a7a53f3d456	8.2	18.5	26.7
GCST90201507	ok	""	1	0	http://ftp.ebi.ac.uk/pub/databases/gwas/summary_statistics/GCST90201001-GCST90202000/GCST90201507/harmonised/GCST90201507.h.tsv.gz	157469491	7278494	11431	0.001571	0	1	4737	62	6636	/data/opengwasdb/metabolome-plasma-2023/releases/2023-chen-full-african/filtered/GCST90201507_GCST90201507.filtered.tsv.gz	279596	sha256	9823c620fce54e25201b9e5a3780495cdad99b306edf8c07ada2fc5ef5ab4950	5.7	17.9	23.6
GCST90201508	ok	""	1	0	http://ftp.ebi.ac.uk/pub/databases/gwas/summary_statistics/GCST90201001-GCST90202000/GCST90201508/harmonised/GCST90201508.h.tsv.gz	154262502	7534184	13415	0.001781	0	1	6370	85	6965	/data/opengwasdb/metabolome-plasma-2023/releases/2023-chen-full-african/filtered/GCST90201508_GCST90201508.filtered.tsv.gz	317448	sha256	067c57dae35629137d38b02ba07e792f574efbe416bc0412c14cf44f00e73130	5.8	20.4	26.2
GCST90201509	ok	""	1	0	http://ftp.ebi.ac.uk/pub/databases/gwas/summary_statistics/GCST90201001-GCST90202000/GCST90201509/harmonised/GCST90201509.h.tsv.gz	151724581	7402621	23844	0.003221	0	3	16979	92	6788	/data/opengwasdb/metabolome-plasma-2023/releases/2023-chen-full-african/filtered/GCST90201509_GCST90201509.filtered.tsv.gz	519985	sha256	6f1e6347a8154db740875408278578a6800e1710ee7dc2fd1ad2c56b42fa2b94	5	19.7	24.8
GCST90201510	ok	""	1	0	http://ftp.ebi.ac.uk/pub/databases/gwas/summary_statistics/GCST90201001-GCST90202000/GCST90201510/harmonised/GCST90201510.h.tsv.gz	158126048	7315031	11702	0.0016	0	1	4939	93	6676	/data/opengwasdb/metabolome-plasma-2023/releases/2023-chen-full-african/filtered/GCST90201510_GCST90201510.filtered.tsv.gz	286757	sha256	c21f05932ce8c34c1fbc4748a00a4af24b7d1976ed12dc2c71b4aecf93c86d13	6.7	18	24.7
GCST90201511	ok	""	1	0	http://ftp.ebi.ac.uk/pub/databases/gwas/summary_statistics/GCST90201001-GCST90202000/GCST90201511/harmonised/GCST90201511.h.tsv.gz	157815999	7304172	25851	0.003539	0	3	19111	96	6657	/data/opengwasdb/metabolome-plasma-2023/releases/2023-chen-full-african/filtered/GCST90201511_GCST90201511.filtered.tsv.gz	581817	sha256	a48a18a0f3bf5a612099f958c9371931e3c7cd8c64da5d3f45c793c3cc091c49	8.1	19	27
GCST90201512	ok	""	1	0	http://ftp.ebi.ac.uk/pub/databases/gwas/summary_statistics/GCST90201001-GCST90202000/GCST90201512/harmonised/GCST90201512.h.tsv.gz	158785003	7365491	46939	0.006373	0	7	40145	80	6752	/data/opengwasdb/metabolome-plasma-2023/releases/2023-chen-full-african/filtered/GCST90201512_GCST90201512.filtered.tsv.gz	996951	sha256	cda40df6583bbae5aa2b48f1012ab5007328147e39d07326bd5bc03353dbc08c	11.6	20.8	32.5
GCST90201513	ok	""	1	0	http://ftp.ebi.ac.uk/pub/databases/gwas/summary_statistics/GCST90201001-GCST90202000/GCST90201513/harmonised/GCST90201513.h.tsv.gz	157586742	7278494	18627	0.002559	0	2	11895	109	6636	/data/opengwasdb/metabolome-plasma-2023/releases/2023-chen-full-african/filtered/GCST90201513_GCST90201513.filtered.tsv.gz	410509	sha256	c48617049c2c152430b416ea64865d5c59cca01e2a3a726e04202587148af0cc	11.4	18.3	29.8
GCST90201514	ok	""	1	0	http://ftp.ebi.ac.uk/pub/databases/gwas/summary_statistics/GCST90201001-GCST90202000/GCST90201514/harmonised/GCST90201514.h.tsv.gz	151227083	7397923	13139	0.001776	0	1	6301	77	6764	/data/opengwasdb/metabolome-plasma-2023/releases/2023-chen-full-african/filtered/GCST90201514_GCST90201514.filtered.tsv.gz	312591	sha256	da2336acea308b67fbaf6fda14f058120dddb7ad20005da48930971a6dd44601	9.8	20.1	29.9
GCST90201515	ok	""	1	0	http://ftp.ebi.ac.uk/pub/databases/gwas/summary_statistics/GCST90201001-GCST90202000/GCST90201515/harmonised/GCST90201515.h.tsv.gz	156298476	7451988	42279	0.005674	0	6	35319	115	6878	/data/opengwasdb/metabolome-plasma-2023/releases/2023-chen-full-african/filtered/GCST90201515_GCST90201515.filtered.tsv.gz	856448	sha256	aac338db0287d2869fd76f1955d00fde191957186586828db372ad0ee70e93ba	9.8	20.6	30.4
GCST90201516	ok	""	1	0	http://ftp.ebi.ac.uk/pub/databases/gwas/summary_statistics/GCST90201001-GCST90202000/GCST90201516/harmonised/GCST90201516.h.tsv.gz	157608589	7278494	19164	0.002633	0	2	12487	52	6636	/data/opengwasdb/metabolome-plasma-2023/releases/2023-chen-full-african/filtered/GCST90201516_GCST90201516.filtered.tsv.gz	428460	sha256	fdbd609c384da73ee90437066b54f547c7049e46e7ac00aa57e48e09c48b1194	11.2	19.9	31.2
GCST90201517	ok	""	1	0	http://ftp.ebi.ac.uk/pub/databases/gwas/summary_statistics/GCST90201001-GCST90202000/GCST90201517/harmonised/GCST90201517.h.tsv.gz	144656514	7162437	34059	0.004755	0	4	27485	96	6497	/data/opengwasdb/metabolome-plasma-2023/releases/2023-chen-full-african/filtered/GCST90201517_GCST90201517.filtered.tsv.gz	712640	sha256	ba38b45d857a5ea1e2b64b559d6fc77bd04956867fa07f56d41b54a239a1f65f	10.6	19.4	30
GCST90201518	ok	""	1	0	http://ftp.ebi.ac.uk/pub/databases/gwas/summary_statistics/GCST90201001-GCST90202000/GCST90201518/harmonised/GCST90201518.h.tsv.gz	157626003	7278494	22847	0.003139	0	3	16143	82	6636	/data/opengwasdb/metabolome-plasma-2023/releases/2023-chen-full-african/filtered/GCST90201518_GCST90201518.filtered.tsv.gz	492125	sha256	4949a1902a799315c191368335bc1aa73dac34d7fa7b73e73c27667927807862	10.3	20.8	31.1
GCST90201519	ok	""	1	0	http://ftp.ebi.ac.uk/pub/databases/gwas/summary_statistics/GCST90201001-GCST90202000/GCST90201519/harmonised/GCST90201519.h.tsv.gz	147543988	7327963	172716	0.023569	0	28	165931	231	6694	/data/opengwasdb/metabolome-plasma-2023/releases/2023-chen-full-african/filtered/GCST90201519_GCST90201519.filtered.tsv.gz	3396254	sha256	feae88e1d884c213ecd6d0d154416f41980962c229f3df4b56bda07587ba3c41	10.6	24.3	34.9
GCST90201520	ok	""	1	0	http://ftp.ebi.ac.uk/pub/databases/gwas/summary_statistics/GCST90201001-GCST90202000/GCST90201520/harmonised/GCST90201520.h.tsv.gz	154329745	7386015	71104	0.009627	0	10	64198	172	6784	/data/opengwasdb/metabolome-plasma-2023/releases/2023-chen-full-african/filtered/GCST90201520_GCST90201520.filtered.tsv.gz	1369891	sha256	dc208078e7024e40906494ca626c38b7bd6ea7181ee0bd4a8d0f8147ebd17cf3	10.9	22	32.9
GCST90201521	ok	""	1	0	http://ftp.ebi.ac.uk/pub/databases/gwas/summary_statistics/GCST90201001-GCST90202000/GCST90201521/harmonised/GCST90201521.h.tsv.gz	157518484	7278494	46174	0.006344	0	7	39493	90	6636	/data/opengwasdb/metabolome-plasma-2023/releases/2023-chen-full-african/filtered/GCST90201521_GCST90201521.filtered.tsv.gz	966707	sha256	b0241ffcfc4d19bb8ffcbe1cf93dda9e4eba5605c261ad220cdbe994522a26e5	11.4	20	31.4
GCST90201522	ok	""	1	0	http://ftp.ebi.ac.uk/pub/databases/gwas/summary_statistics/GCST90201001-GCST90202000/GCST90201522/harmonised/GCST90201522.h.tsv.gz	155319400	7438139	27575	0.003707	0	4	20638	124	6832	/data/opengwasdb/metabolome-plasma-2023/releases/2023-chen-full-african/filtered/GCST90201522_GCST90201522.filtered.tsv.gz	591008	sha256	543169a19e3f961fcd78a514381eac7d55e527473950ee29da348797c9640e5a	9.9	21.3	31.3
GCST90201523	ok	""	1	0	http://ftp.ebi.ac.uk/pub/databases/gwas/summary_statistics/GCST90201001-GCST90202000/GCST90201523/harmonised/GCST90201523.h.tsv.gz	151216045	7122773	28811	0.004045	0	4	22285	90	6459	/data/opengwasdb/metabolome-plasma-2023/releases/2023-chen-full-african/filtered/GCST90201523_GCST90201523.filtered.tsv.gz	607866	sha256	aa404016de15c715f540ee41d217935960697dafd13e167b65c8ce28f0dd7ab0	7.8	19.1	26.9
GCST90201524	ok	""	1	0	http://ftp.ebi.ac.uk/pub/databases/gwas/summary_statistics/GCST90201001-GCST90202000/GCST90201524/harmonised/GCST90201524.h.tsv.gz	159715218	7400630	13030	0.001761	0	1	6179	83	6774	/data/opengwasdb/metabolome-plasma-2023/releases/2023-chen-full-african/filtered/GCST90201524_GCST90201524.filtered.tsv.gz	317322	sha256	fcaec0e1ab0794c1e84b1572878f4011ccf43a434a02bd9a021048c46843ab01	9.8	20.2	30
GCST90201525	ok	""	1	0	http://ftp.ebi.ac.uk/pub/databases/gwas/summary_statistics/GCST90201001-GCST90202000/GCST90201525/harmonised/GCST90201525.h.tsv.gz	157920241	7305273	12205	0.001671	0	1	5458	87	6664	/data/opengwasdb/metabolome-plasma-2023/releases/2023-chen-full-african/filtered/GCST90201525_GCST90201525.filtered.tsv.gz	293740	sha256	add0d599984c4d209de66e2b2f54d87d01a841b3b0ccd2e28ece867edad73e52	10.1	19	29.2
GCST90201526	ok	""	1	0	http://ftp.ebi.ac.uk/pub/databases/gwas/summary_statistics/GCST90201001-GCST90202000/GCST90201526/harmonised/GCST90201526.h.tsv.gz	157573344	7278494	18741	0.002575	0	2	12033	80	6636	/data/opengwasdb/metabolome-plasma-2023/releases/2023-chen-full-african/filtered/GCST90201526_GCST90201526.filtered.tsv.gz	430526	sha256	095536d8b430eeae4090bd40cc2f23bd7f2be6f6b3a07e6e697cc900774c0b6c	9.2	19.9	29.1
GCST90201527	ok	""	1	0	http://ftp.ebi.ac.uk/pub/databases/gwas/summary_statistics/GCST90201001-GCST90202000/GCST90201527/harmonised/GCST90201527.h.tsv.gz	158198385	7362942	23187	0.003149	0	3	16390	83	6728	/data/opengwasdb/metabolome-plasma-2023/releases/2023-chen-full-african/filtered/GCST90201527_GCST90201527.filtered.tsv.gz	473829	sha256	83eb671c8c956d07fb5cc62c70d9b76808a27ef5190e747f9f4ce28f0868e647	10	19.3	29.2
GCST90201528	ok	""	1	0	http://ftp.ebi.ac.uk/pub/databases/gwas/summary_statistics/GCST90201001-GCST90202000/GCST90201528/harmonised/GCST90201528.h.tsv.gz	157994827	7358051	19088	0.002594	0	2	12295	74	6730	/data/opengwasdb/metabolome-plasma-2023/releases/2023-chen-full-african/filtered/GCST90201528_GCST90201528.filtered.tsv.gz	424663	sha256	abf7d09e3e17414b33d254be4cbc3675919daadd4faf1457673f583c2a1a6d90	11.3	18.6	29.9
GCST90201529	ok	""	1	0	http://ftp.ebi.ac.uk/pub/databases/gwas/summary_statistics/GCST90201001-GCST90202000/GCST90201529/harmonised/GCST90201529.h.tsv.gz	158048999	7332084	33220	0.004531	0	4	26446	107	6689	/data/opengwasdb/metabolome-plasma-2023/releases/2023-chen-full-african/filtered/GCST90201529_GCST90201529.filtered.tsv.gz	702144	sha256	d318bf6b908e969bddf703921130e6213d48a390f801a59a42dfb46a0e7ca0ed	5.4	20	25.4
GCST90201530	ok	""	1	0	http://ftp.ebi.ac.uk/pub/databases/gwas/summary_statistics/GCST90201001-GCST90202000/GCST90201530/harmonised/GCST90201530.h.tsv.gz	157580663	7278494	11986	0.001647	0	1	5267	90	6636	/data/opengwasdb/metabolome-plasma-2023/releases/2023-chen-full-african/filtered/GCST90201530_GCST90201530.filtered.tsv.gz	271239	sha256	37ee6cacbc9fd2463f82f87df8ba44d2e52b6080cdf43f019ca1a9709d36c536	10	19.8	29.7
GCST90201531	ok	""	1	0	http://ftp.ebi.ac.uk/pub/databases/gwas/summary_statistics/GCST90201001-GCST90202000/GCST90201531/harmonised/GCST90201531.h.tsv.gz	153552690	7557056	44675	0.005912	0	7	37512	157	7039	/data/opengwasdb/metabolome-plasma-2023/releases/2023-chen-full-african/filtered/GCST90201531_GCST90201531.filtered.tsv.gz	895250	sha256	1057fa24d41ee1ae4f1ca6ec875e49dfc4a07b03382b2a1da88f0cab80982844	11.1	20.7	31.8
GCST90201532	ok	""	1	0	http://ftp.ebi.ac.uk/pub/databases/gwas/summary_statistics/GCST90201001-GCST90202000/GCST90201532/harmonised/GCST90201532.h.tsv.gz	157606204	7278494	13378	0.001838	0	1	6658	87	6636	/data/opengwasdb/metabolome-plasma-2023/releases/2023-chen-full-african/filtered/GCST90201532_GCST90201532.filtered.tsv.gz	318742	sha256	c4903874768309e1a2513bf469f08fd5a5b27386d7ee88591e36003cb44329d6	9.6	19.1	28.7
GCST90201533	ok	""	1	0	http://ftp.ebi.ac.uk/pub/databases/gwas/summary_statistics/GCST90201001-GCST90202000/GCST90201533/harmonised/GCST90201533.h.tsv.gz	157559400	7278494	6705	0.000921	0	0	0	69	6636	/data/opengwasdb/metabolome-plasma-2023/releases/2023-chen-full-african/filtered/GCST90201533_GCST90201533.filtered.tsv.gz	185052	sha256	fb7d15c5d21421bac3dd8c0441a0282debf48c10eebbe661a5ac54138f4faf10	11.3	19.1	30.4
GCST90201534	ok	""	1	0	http://ftp.ebi.ac.uk/pub/databases/gwas/summary_statistics/GCST90201001-GCST90202000/GCST90201534/harmonised/GCST90201534.h.tsv.gz	150298464	7293722	18276	0.002506	0	2	11545	86	6652	/data/opengwasdb/metabolome-plasma-2023/releases/2023-chen-full-african/filtered/GCST90201534_GCST90201534.filtered.tsv.gz	427593	sha256	67e1a370aac2aa189d9964698fa0c14d7396471b53ddee05ad4e167cef2d827d	4.7	19.3	23.9
GCST90201535	ok	""	1	0	http://ftp.ebi.ac.uk/pub/databases/gwas/summary_statistics/GCST90201001-GCST90202000/GCST90201535/harmonised/GCST90201535.h.tsv.gz	150617001	7290825	6747	0.000925	0	0	0	92	6655	/data/opengwasdb/metabolome-plasma-2023/releases/2023-chen-full-african/filtered/GCST90201535_GCST90201535.filtered.tsv.gz	186405	sha256	984cfed06b97a6c186702e2b3e1920ffea927d4690efc018a70ba69bd2fb62d0	8.5	18	26.4
GCST90201536	ok	""	1	0	http://ftp.ebi.ac.uk/pub/databases/gwas/summary_statistics/GCST90201001-GCST90202000/GCST90201536/harmonised/GCST90201536.h.tsv.gz	157453690	7278494	24809	0.003409	0	3	18107	78	6636	/data/opengwasdb/metabolome-plasma-2023/releases/2023-chen-full-african/filtered/GCST90201536_GCST90201536.filtered.tsv.gz	554857	sha256	8c9c3fb74fa6d18d6237b8048ac8bdf606f32f49b5467ac153d4e6fcafb9931f	9.6	20.6	30.2
GCST90201537	ok	""	1	0	http://ftp.ebi.ac.uk/pub/databases/gwas/summary_statistics/GCST90201001-GCST90202000/GCST90201537/harmonised/GCST90201537.h.tsv.gz	150207314	7278494	9523	0.001308	0	1	2816	75	6636	/data/opengwasdb/metabolome-plasma-2023/releases/2023-chen-full-african/filtered/GCST90201537_GCST90201537.filtered.tsv.gz	243532	sha256	1991cae65cf1cdca57586460687e6cedeab47699ed3bddf980f59d04dc337cf8	10.6	19.3	30
GCST90201538	ok	""	1	0	http://ftp.ebi.ac.uk/pub/databases/gwas/summary_statistics/GCST90201001-GCST90202000/GCST90201538/harmonised/GCST90201538.h.tsv.gz	150336870	7293722	11654	0.001598	0	1	4915	93	6652	/data/opengwasdb/metabolome-plasma-2023/releases/2023-chen-full-african/filtered/GCST90201538_GCST90201538.filtered.tsv.gz	282882	sha256	7a039fe95a2ea3d4665de0770d468c7f1865d43cfbc347a1a8fc5f980105c1ee	6.4	18.6	25
GCST90201539	ok	""	1	0	http://ftp.ebi.ac.uk/pub/databases/gwas/summary_statistics/GCST90201001-GCST90202000/GCST90201539/harmonised/GCST90201539.h.tsv.gz	148929745	7201555	44267	0.006147	0	7	37600	129	6576	/data/opengwasdb/metabolome-plasma-2023/releases/2023-chen-full-african/filtered/GCST90201539_GCST90201539.filtered.tsv.gz	900724	sha256	d91958c73ae5738c4bcd8280b8bdad980e44d877d30f1d8d47fc8b32ab0867a7	6.5	18.3	24.8
GCST90201540	ok	""	1	0	http://ftp.ebi.ac.uk/pub/databases/gwas/summary_statistics/GCST90201001-GCST90202000/GCST90201540/harmonised/GCST90201540.h.tsv.gz	150202564	7278494	18551	0.002549	0	2	11819	106	6636	/data/opengwasdb/metabolome-plasma-2023/releases/2023-chen-full-african/filtered/GCST90201540_GCST90201540.filtered.tsv.gz	403072	sha256	0df854ab99efdcf0cfc4c8f4038d2dabc0911e98af39694553eb56b11a0479d8	5.9	20.2	26.1
GCST90201541	ok	""	1	0	http://ftp.ebi.ac.uk/pub/databases/gwas/summary_statistics/GCST90201001-GCST90202000/GCST90201541/harmonised/GCST90201541.h.tsv.gz	158248980	7341376	11746	0.0016	0	1	4969	68	6714	/data/opengwasdb/metabolome-plasma-2023/releases/2023-chen-full-african/filtered/GCST90201541_GCST90201541.filtered.tsv.gz	284908	sha256	191026ed5da6eb81e09cc8b62ceb60851df2700f1bb117a922ba5ffe39aaf0a0	11.2	18.1	29.3
GCST90201542	ok	""	1	0	http://ftp.ebi.ac.uk/pub/databases/gwas/summary_statistics/GCST90201001-GCST90202000/GCST90201542/harmonised/GCST90201542.h.tsv.gz	160486356	7474766	23282	0.003115	0	3	16336	80	6881	/data/opengwasdb/metabolome-plasma-2023/releases/2023-chen-full-african/filtered/GCST90201542_GCST90201542.filtered.tsv.gz	497161	sha256	cd5c49054c7ef7e63e28fb3b8223271d7ecadddf6bfae6f1cf1815c201ba87b1	11.9	18.6	30.5
GCST90201543	ok	""	1	0	http://ftp.ebi.ac.uk/pub/databases/gwas/summary_statistics/GCST90201001-GCST90202000/GCST90201543/harmonised/GCST90201543.h.tsv.gz	156044390	7389653	18222	0.002466	0	2	11317	143	6773	/data/opengwasdb/metabolome-plasma-2023/releases/2023-chen-full-african/filtered/GCST90201543_GCST90201543.filtered.tsv.gz	407122	sha256	eeb52f872e6d094fc8ffd0377c471d19b62b249286a6c7b9a3d576e81c415986	6.4	19.8	26.2
GCST90201544	ok	""	1	0	http://ftp.ebi.ac.uk/pub/databases/gwas/summary_statistics/GCST90201001-GCST90202000/GCST90201544/harmonised/GCST90201544.h.tsv.gz	150481370	7298387	17616	0.002414	0	2	10875	95	6655	/data/opengwasdb/metabolome-plasma-2023/releases/2023-chen-full-african/filtered/GCST90201544_GCST90201544.filtered.tsv.gz	402348	sha256	3f74dba0b808e3e4c9e2d21963717e6370ea3c4a8940ccd2dad861744a68ec8a	10.6	19	29.6
GCST90201545	ok	""	1	0	http://ftp.ebi.ac.uk/pub/databases/gwas/summary_statistics/GCST90201001-GCST90202000/GCST90201545/harmonised/GCST90201545.h.tsv.gz	157698286	7295088	42068	0.005767	0	6	35312	132	6652	/data/opengwasdb/metabolome-plasma-2023/releases/2023-chen-full-african/filtered/GCST90201545_GCST90201545.filtered.tsv.gz	905284	sha256	5add6531abbc579017b4d2e5fd7ac8370f0e041bdcc9f346465e743bac9194d1	8.9	21	29.9
GCST90201546	ok	""	1	0	http://ftp.ebi.ac.uk/pub/databases/gwas/summary_statistics/GCST90201001-GCST90202000/GCST90201546/harmonised/GCST90201546.h.tsv.gz	157538388	7278494	19237	0.002643	0	2	12526	83	6636	/data/opengwasdb/metabolome-plasma-2023/releases/2023-chen-full-african/filtered/GCST90201546_GCST90201546.filtered.tsv.gz	427475	sha256	a2349f0c64feb1b7533eda5b1fbfc3816cb0830e55d92d446ab1eb2f5ad8f040	7.7	19.6	27.3
GCST90201547	ok	""	1	0	http://ftp.ebi.ac.uk/pub/databases/gwas/summary_statistics/GCST90201001-GCST90202000/GCST90201547/harmonised/GCST90201547.h.tsv.gz	162206674	7591870	31606	0.004163	0	5	24478	157	6992	/data/opengwasdb/metabolome-plasma-2023/releases/2023-chen-full-african/filtered/GCST90201547_GCST90201547.filtered.tsv.gz	655097	sha256	5eb260ef1eb1c354231348f59c79b40eebef20c9305ebdb0390450791ded8705	11.5	21	32.5
GCST90201548	ok	""	1	0	http://ftp.ebi.ac.uk/pub/databases/gwas/summary_statistics/GCST90201001-GCST90202000/GCST90201548/harmonised/GCST90201548.h.tsv.gz	157772374	7297104	17221	0.00236	0	2	10493	83	6658	/data/opengwasdb/metabolome-plasma-2023/releases/2023-chen-full-african/filtered/GCST90201548_GCST90201548.filtered.tsv.gz	381866	sha256	32e8c0e1b721f7f8ada0fa583f999d8c2517bac430968130d3f7399d65d29e3d	5.5	19.2	24.7
GCST90201549	ok	""	1	0	http://ftp.ebi.ac.uk/pub/databases/gwas/summary_statistics/GCST90201001-GCST90202000/GCST90201549/harmonised/GCST90201549.h.tsv.gz	157597377	7278494	24513	0.003368	0	3	17805	88	6636	/data/opengwasdb/metabolome-plasma-2023/releases/2023-chen-full-african/filtered/GCST90201549_GCST90201549.filtered.tsv.gz	526786	sha256	97a81425aa9f9ec1a1e24a6a7bae8bbdca70bf69c15dcb1db620e30f6b9a5c06	7.3	20	27.3
GCST90201550	ok	""	1	0	http://ftp.ebi.ac.uk/pub/databases/gwas/summary_statistics/GCST90201001-GCST90202000/GCST90201550/harmonised/GCST90201550.h.tsv.gz	157550954	7278494	15953	0.002192	0	1	9235	90	6636	/data/opengwasdb/metabolome-plasma-2023/releases/2023-chen-full-african/filtered/GCST90201550_GCST90201550.filtered.tsv.gz	378598	sha256	ed557055fc264078ff144544e2d5488fe249a7f0a08a7de8dc8cbe9add4c815d	5.8	19.5	25.3
GCST90201551	ok	""	1	0	http://ftp.ebi.ac.uk/pub/databases/gwas/summary_statistics/GCST90201001-GCST90202000/GCST90201551/harmonised/GCST90201551.h.tsv.gz	147943031	7359060	20235	0.00275	0	2	13386	122	6739	/data/opengwasdb/metabolome-plasma-2023/releases/2023-chen-full-african/filtered/GCST90201551_GCST90201551.filtered.tsv.gz	435092	sha256	9c8fd32e9943a248d6fc7f05dcb0fde1b631e1437430ce6823fe0a8630c5d223	10.5	17.5	28
GCST90201552	ok	""	1	0	http://ftp.ebi.ac.uk/pub/databases/gwas/summary_statistics/GCST90201001-GCST90202000/GCST90201552/harmonised/GCST90201552.h.tsv.gz	157534701	7278494	6727	0.000924	0	0	0	91	6636	/data/opengwasdb/metabolome-plasma-2023/releases/2023-chen-full-african/filtered/GCST90201552_GCST90201552.filtered.tsv.gz	185773	sha256	3d2d0fe744da28d35308877daf458e6a98cc92de78407e55aeb161cdbdc83a92	16.8	19.6	36.4
GCST90201553	ok	""	1	0	http://ftp.ebi.ac.uk/pub/databases/gwas/summary_statistics/GCST90201001-GCST90202000/GCST90201553/harmonised/GCST90201553.h.tsv.gz	150556398	7290825	35895	0.004923	0	5	29154	112	6655	/data/opengwasdb/metabolome-plasma-2023/releases/2023-chen-full-african/filtered/GCST90201553_GCST90201553.filtered.tsv.gz	787735	sha256	c534ea2d42b98b485615c13968f45d9d7e5e6a0298545ed299bfbc88861f203c	8.1	19.2	27.2
GCST90201554	ok	""	1	0	http://ftp.ebi.ac.uk/pub/databases/gwas/summary_statistics/GCST90201001-GCST90202000/GCST90201554/harmonised/GCST90201554.h.tsv.gz	158280866	7332787	11559	0.001576	0	1	4787	84	6691	/data/opengwasdb/metabolome-plasma-2023/releases/2023-chen-full-african/filtered/GCST90201554_GCST90201554.filtered.tsv.gz	278110	sha256	9b780820fab778b98dfc550a09d513f169b1dbc566224537f109665392385109	6.4	19.6	26
GCST90201555	ok	""	1	0	http://ftp.ebi.ac.uk/pub/databases/gwas/summary_statistics/GCST90201001-GCST90202000/GCST90201555/harmonised/GCST90201555.h.tsv.gz	157695794	7293722	39694	0.005442	0	6	32913	163	6652	/data/opengwasdb/metabolome-plasma-2023/releases/2023-chen-full-african/filtered/GCST90201555_GCST90201555.filtered.tsv.gz	820734	sha256	27389e6d72b457f86f5d22f24e6955825427f945cbe9a036b8f64b98e0d6c696	7.1	20.1	27.2
GCST90201556	ok	""	1	0	http://ftp.ebi.ac.uk/pub/databases/gwas/summary_statistics/GCST90201001-GCST90202000/GCST90201556/harmonised/GCST90201556.h.tsv.gz	158713348	7390606	43319	0.005861	0	6	36493	94	6763	/data/opengwasdb/metabolome-plasma-2023/releases/2023-chen-full-african/filtered/GCST90201556_GCST90201556.filtered.tsv.gz	917213	sha256	d62e2b6f07cb04abb0ba482800c8b9bc65ddd9a40dbe0dea6bdd4e83aa17e12c	11.6	21.1	32.8
GCST90201557	ok	""	1	0	http://ftp.ebi.ac.uk/pub/databases/gwas/summary_statistics/GCST90201001-GCST90202000/GCST90201557/harmonised/GCST90201557.h.tsv.gz	154212063	7280805	39356	0.005405	0	6	32544	167	6674	/data/opengwasdb/metabolome-plasma-2023/releases/2023-chen-full-african/filtered/GCST90201557_GCST90201557.filtered.tsv.gz	805466	sha256	7eafd6c6c884314564af119a987157b522b8e0c459f75cb496a0a97451e13dca	11.4	20.1	31.5
GCST90201558	ok	""	1	0	http://ftp.ebi.ac.uk/pub/databases/gwas/summary_statistics/GCST90201001-GCST90202000/GCST90201558/harmonised/GCST90201558.h.tsv.gz	148482555	7152738	40576	0.005673	0	6	33953	107	6542	/data/opengwasdb/metabolome-plasma-2023/releases/2023-chen-full-african/filtered/GCST90201558_GCST90201558.filtered.tsv.gz	843546	sha256	db4ba4faf29b7ad8c96866aa0549cd5e9f47fcb8776610e0f618ca8869812a3f	9.3	19	28.3
GCST90201559	ok	""	1	0	http://ftp.ebi.ac.uk/pub/databases/gwas/summary_statistics/GCST90201001-GCST90202000/GCST90201559/harmonised/GCST90201559.h.tsv.gz	140604602	7157654	36922	0.005158	0	6	30257	135	6560	/data/opengwasdb/metabolome-plasma-2023/releases/2023-chen-full-african/filtered/GCST90201559_GCST90201559.filtered.tsv.gz	757697	sha256	552ddd8732272da95c4be0855af1e2e6446dd6620a5b932fcd3492bc9d6ca04d	10.2	18.2	28.4
GCST90201560	ok	""	1	0	http://ftp.ebi.ac.uk/pub/databases/gwas/summary_statistics/GCST90201001-GCST90202000/GCST90201560/harmonised/GCST90201560.h.tsv.gz	158034758	7320400	6751	0.000922	0	0	0	68	6683	/data/opengwasdb/metabolome-plasma-2023/releases/2023-chen-full-african/filtered/GCST90201560_GCST90201560.filtered.tsv.gz	185949	sha256	535dd2b6e58051172536cc9cc28e7433d275a611bcd79cfba272e3a2fb08c3d5	11.5	18.9	30.3
GCST90201561	ok	""	1	0	http://ftp.ebi.ac.uk/pub/databases/gwas/summary_statistics/GCST90201001-GCST90202000/GCST90201561/harmonised/GCST90201561.h.tsv.gz	159059703	7407037	24145	0.00326	0	3	17293	81	6787	/data/opengwasdb/metabolome-plasma-2023/releases/2023-chen-full-african/filtered/GCST90201561_GCST90201561.filtered.tsv.gz	533732	sha256	aff279a50f0b8946597b3739f7b5bedb3458c2fc73f8bedc9009457ed7dee8d7	11.5	19.8	31.2
GCST90201562	ok	""	1	0	http://ftp.ebi.ac.uk/pub/databases/gwas/summary_statistics/GCST90201001-GCST90202000/GCST90201562/harmonised/GCST90201562.h.tsv.gz	141610541	7159852	47105	0.006579	0	7	40469	103	6568	/data/opengwasdb/metabolome-plasma-2023/releases/2023-chen-full-african/filtered/GCST90201562_GCST90201562.filtered.tsv.gz	937873	sha256	a37ad1e683b8bf23a5c3a14fb31be425464093181f2afd01084dcc06cdc10fac	7.9	21.1	29
GCST90201563	ok	""	1	0	http://ftp.ebi.ac.uk/pub/databases/gwas/summary_statistics/GCST90201001-GCST90202000/GCST90201563/harmonised/GCST90201563.h.tsv.gz	150573757	7290825	12795	0.001755	0	1	6091	54	6655	/data/opengwasdb/metabolome-plasma-2023/releases/2023-chen-full-african/filtered/GCST90201563_GCST90201563.filtered.tsv.gz	294927	sha256	c42eedcba1b0586b3bfeaf9a30fa6045611a3c25c05be1395c05d38163251542	4.8	18.7	23.5
GCST90201564	ok	""	1	0	http://ftp.ebi.ac.uk/pub/databases/gwas/summary_statistics/GCST90201001-GCST90202000/GCST90201564/harmonised/GCST90201564.h.tsv.gz	157527381	7278494	9732	0.001337	0	1	3024	75	6636	/data/opengwasdb/metabolome-plasma-2023/releases/2023-chen-full-african/filtered/GCST90201564_GCST90201564.filtered.tsv.gz	243566	sha256	dac95733d39a27de7d5b60fc92d08b414c4df34c60549dbf9dbe12d5b72e82b4	11.1	18.1	29.2
GCST90201565	ok	""	1	0	http://ftp.ebi.ac.uk/pub/databases/gwas/summary_statistics/GCST90201001-GCST90202000/GCST90201565/harmonised/GCST90201565.h.tsv.gz	150285885	7278494	14301	0.001965	0	1	7599	72	6636	/data/opengwasdb/metabolome-plasma-2023/releases/2023-chen-full-african/filtered/GCST90201565_GCST90201565.filtered.tsv.gz	328653	sha256	e3a856c6c5dcf545f96b0d10e9344e102a28f1f31e90e4e96ac778db6ce80e08	7.7	18.5	26.2
GCST90201566	ok	""	1	0	http://ftp.ebi.ac.uk/pub/databases/gwas/summary_statistics/GCST90201001-GCST90202000/GCST90201566/harmonised/GCST90201566.h.tsv.gz	150902218	7316764	26990	0.003689	0	4	20238	83	6689	/data/opengwasdb/metabolome-plasma-2023/releases/2023-chen-full-african/filtered/GCST90201566_GCST90201566.filtered.tsv.gz	596379	sha256	753a677106214f5441d30090e6055609cf23f53cbc2250077b6dd65124f1b08c	9.2	18.8	28
GCST90201567	ok	""	1	0	http://ftp.ebi.ac.uk/pub/databases/gwas/summary_statistics/GCST90201001-GCST90202000/GCST90201567/harmonised/GCST90201567.h.tsv.gz	150307172	7278494	23817	0.003272	0	3	17129	70	6636	/data/opengwasdb/metabolome-plasma-2023/releases/2023-chen-full-african/filtered/GCST90201567_GCST90201567.filtered.tsv.gz	520486	sha256	86bb80c2be31d132f583ce8753ee3bedc5ae9b9e5b8a7156786b77724c1160de	9.2	20.3	29.5
GCST90201568	ok	""	1	0	http://ftp.ebi.ac.uk/pub/databases/gwas/summary_statistics/GCST90201001-GCST90202000/GCST90201568/harmonised/GCST90201568.h.tsv.gz	155316120	7366662	15495	0.002103	0	1	8654	103	6742	/data/opengwasdb/metabolome-plasma-2023/releases/2023-chen-full-african/filtered/GCST90201568_GCST90201568.filtered.tsv.gz	359454	sha256	de2957997b977ede0549349efc86dbab6ad34abde8cf02bda02a34caa1e8186c	11	18.6	29.7
GCST90201569	ok	""	1	0	http://ftp.ebi.ac.uk/pub/databases/gwas/summary_statistics/GCST90201001-GCST90202000/GCST90201569/harmonised/GCST90201569.h.tsv.gz	157557842	7278494	19085	0.002622	0	2	12399	65	6636	/data/opengwasdb/metabolome-plasma-2023/releases/2023-chen-full-african/filtered/GCST90201569_GCST90201569.filtered.tsv.gz	411803	sha256	93006f991e3467b07f7512e0ff43bc3e825ff11d717c77691513e1a8ecff5e0a	9.8	18.4	28.3
GCST90201570	ok	""	1	0	http://ftp.ebi.ac.uk/pub/databases/gwas/summary_statistics/GCST90201001-GCST90202000/GCST90201570/harmonised/GCST90201570.h.tsv.gz	150609508	7304063	6725	0.000921	0	0	0	68	6657	/data/opengwasdb/metabolome-plasma-2023/releases/2023-chen-full-african/filtered/GCST90201570_GCST90201570.filtered.tsv.gz	185461	sha256	71f5e455437c051dc88752bf80964bde1e4d09a4730a9d835fbb41df8b62c306	8	19.7	27.8
GCST90201571	ok	""	1	0	http://ftp.ebi.ac.uk/pub/databases/gwas/summary_statistics/GCST90201001-GCST90202000/GCST90201571/harmonised/GCST90201571.h.tsv.gz	150203435	7278494	12758	0.001753	0	1	6066	59	6636	/data/opengwasdb/metabolome-plasma-2023/releases/2023-chen-full-african/filtered/GCST90201571_GCST90201571.filtered.tsv.gz	309152	sha256	aa4b35b8acf2d9fb504e2b72a9c18633d3dd524e7b0c3aaf7be47bfbab902fa2	6.5	19.3	25.8
GCST90201572	ok	""	1	0	http://ftp.ebi.ac.uk/pub/databases/gwas/summary_statistics/GCST90201001-GCST90202000/GCST90201572/harmonised/GCST90201572.h.tsv.gz	157548898	7278494	52828	0.007258	0	8	46147	82	6636	/data/opengwasdb/metabolome-plasma-2023/releases/2023-chen-full-african/filtered/GCST90201572_GCST90201572.filtered.tsv.gz	1132421	sha256	2d4b7bf71e7226c6abddb836f104bee2d750d6e7487c8f9f027123806386c1eb	9.7	19.2	29
GCST90201573	ok	""	1	0	http://ftp.ebi.ac.uk/pub/databases/gwas/summary_statistics/GCST90201001-GCST90202000/GCST90201573/harmonised/GCST90201573.h.tsv.gz	157537399	7278494	30610	0.004206	0	4	23898	91	6636	/data/opengwasdb/metabolome-plasma-2023/releases/2023-chen-full-african/filtered/GCST90201573_GCST90201573.filtered.tsv.gz	650668	sha256	8e6297ad98c35ae163fb6689cc7c3a3c4bd7cef0c954f36d4d5e3514bc00216a	11.7	19	30.8
GCST90201574	ok	""	1	0	http://ftp.ebi.ac.uk/pub/databases/gwas/summary_statistics/GCST90201001-GCST90202000/GCST90201574/harmonised/GCST90201574.h.tsv.gz	152568877	7186528	86674	0.012061	0	14	80036	155	6563	/data/opengwasdb/metabolome-plasma-2023/releases/2023-chen-full-african/filtered/GCST90201574_GCST90201574.filtered.tsv.gz	1758731	sha256	e2d5f9f3083569e05af943e44127a0642ce24718e67f006c96f68a4f611212f9	11.3	20.7	32
GCST90201575	ok	""	1	0	http://ftp.ebi.ac.uk/pub/databases/gwas/summary_statistics/GCST90201001-GCST90202000/GCST90201575/harmonised/GCST90201575.h.tsv.gz	157549512	7278494	8345	0.001147	0	1	1623	89	6636	/data/opengwasdb/metabolome-plasma-2023/releases/2023-chen-full-african/filtered/GCST90201575_GCST90201575.filtered.tsv.gz	218077	sha256	960797e3f00a3a9ff000853a761839ad58ac66bacad131441b8366e5ff152655	9.3	19.2	28.6
GCST90201576	ok	""	1	0	http://ftp.ebi.ac.uk/pub/databases/gwas/summary_statistics/GCST90201001-GCST90202000/GCST90201576/harmonised/GCST90201576.h.tsv.gz	151230126	7519800	24589	0.00327	0	3	17529	129	6948	/data/opengwasdb/metabolome-plasma-2023/releases/2023-chen-full-african/filtered/GCST90201576_GCST90201576.filtered.tsv.gz	533206	sha256	d72b7b806e9aae7dd78f2c8ce621b088d10f0b445b478dae30ed3132f92898ed	8.6	19.5	28.2
GCST90201577	ok	""	1	0	http://ftp.ebi.ac.uk/pub/databases/gwas/summary_statistics/GCST90201001-GCST90202000/GCST90201577/harmonised/GCST90201577.h.tsv.gz	150587726	7290825	23251	0.003189	0	3	16497	114	6655	/data/opengwasdb/metabolome-plasma-2023/releases/2023-chen-full-african/filtered/GCST90201577_GCST90201577.filtered.tsv.gz	503550	sha256	78c31c55d874239177a97a044d0228c714c2fba778a9b86f0345873b12f2bec4	11.1	20.5	31.7
GCST90201578	ok	""	1	0	http://ftp.ebi.ac.uk/pub/databases/gwas/summary_statistics/GCST90201001-GCST90202000/GCST90201578/harmonised/GCST90201578.h.tsv.gz	145364589	7507255	73204	0.009751	0	11	66177	129	6957	/data/opengwasdb/metabolome-plasma-2023/releases/2023-chen-full-african/filtered/GCST90201578_GCST90201578.filtered.tsv.gz	1375142	sha256	193ffd5a308042bbf7d0db92c2263e889fe5d3787fc73f0ea0db6b1e0151d2e3	10.8	20	30.8
GCST90201579	ok	""	1	0	http://ftp.ebi.ac.uk/pub/databases/gwas/summary_statistics/GCST90201001-GCST90202000/GCST90201579/harmonised/GCST90201579.h.tsv.gz	157606815	7278494	53536	0.007355	0	8	46795	140	6636	/data/opengwasdb/metabolome-plasma-2023/releases/2023-chen-full-african/filtered/GCST90201579_GCST90201579.filtered.tsv.gz	1146057	sha256	968de0007ec313988c5119d28fed7a7e5341c257bbcb8007bc6de4e19479b2cd	9.6	20.5	30
GCST90201580	ok	""	1	0	http://ftp.ebi.ac.uk/pub/databases/gwas/summary_statistics/GCST90201001-GCST90202000/GCST90201580/harmonised/GCST90201580.h.tsv.gz	158617990	7357190	29513	0.004011	0	4	22707	83	6744	/data/opengwasdb/metabolome-plasma-2023/releases/2023-chen-full-african/filtered/GCST90201580_GCST90201580.filtered.tsv.gz	620961	sha256	025b0511af556b7a7a906d875519884ac1c1629e4fa1c7399092d0ddf1c83ddf	9.7	19.5	29.2
GCST90201581	ok	""	1	0	http://ftp.ebi.ac.uk/pub/databases/gwas/summary_statistics/GCST90201001-GCST90202000/GCST90201581/harmonised/GCST90201581.h.tsv.gz	150515949	7290825	11464	0.001572	0	1	4732	81	6655	/data/opengwasdb/metabolome-plasma-2023/releases/2023-chen-full-african/filtered/GCST90201581_GCST90201581.filtered.tsv.gz	285206	sha256	a787d2d48d92924fa193ab65859b64bedf80667e477baa5183ad2c87d6ebd67d	8.4	19.4	27.8
GCST90201582	ok	""	1	0	http://ftp.ebi.ac.uk/pub/databases/gwas/summary_statistics/GCST90201001-GCST90202000/GCST90201582/harmonised/GCST90201582.h.tsv.gz	150847033	7510503	35322	0.004703	0	4	28276	107	6955	/data/opengwasdb/metabolome-plasma-2023/releases/2023-chen-full-african/filtered/GCST90201582_GCST90201582.filtered.tsv.gz	723451	sha256	2efa586dddaab236131c376f459dd3cba6582345cb953b1ebb33180781a35924	10.5	19.5	29.9
GCST90201583	ok	""	1	0	http://ftp.ebi.ac.uk/pub/databases/gwas/summary_statistics/GCST90201001-GCST90202000/GCST90201583/harmonised/GCST90201583.h.tsv.gz	152108032	7397764	13767	0.001861	0	1	6929	68	6777	/data/opengwasdb/metabolome-plasma-2023/releases/2023-chen-full-african/filtered/GCST90201583_GCST90201583.filtered.tsv.gz	311658	sha256	67e2088b7862da114fe9071dfa7abf1a2e10bd4b6c5a2699c04858448c3c2b2e	10.4	18.5	28.8
GCST90201584	ok	""	1	0	http://ftp.ebi.ac.uk/pub/databases/gwas/summary_statistics/GCST90201001-GCST90202000/GCST90201584/harmonised/GCST90201584.h.tsv.gz	158130959	7328572	42688	0.005825	0	6	35911	108	6699	/data/opengwasdb/metabolome-plasma-2023/releases/2023-chen-full-african/filtered/GCST90201584_GCST90201584.filtered.tsv.gz	877847	sha256	4dd4870c27fc02799ca14924e7394f100ecfa9a69f0dd6b0dd65c9c26a6124be	10	20	30
GCST90201585	ok	""	1	0	http://ftp.ebi.ac.uk/pub/databases/gwas/summary_statistics/GCST90201001-GCST90202000/GCST90201585/harmonised/GCST90201585.h.tsv.gz	160015159	7489414	94770	0.012654	0	16	87739	229	6885	/data/opengwasdb/metabolome-plasma-2023/releases/2023-chen-full-african/filtered/GCST90201585_GCST90201585.filtered.tsv.gz	1903867	sha256	6d47ded4cb13c9e13d367a039854c065266720ebb51b774fa17f73b07a548eab	9.5	23	32.5
GCST90201586	ok	""	1	0	http://ftp.ebi.ac.uk/pub/databases/gwas/summary_statistics/GCST90201001-GCST90202000/GCST90201586/harmonised/GCST90201586.h.tsv.gz	157884022	7305069	18573	0.002542	0	2	11821	95	6667	/data/opengwasdb/metabolome-plasma-2023/releases/2023-chen-full-african/filtered/GCST90201586_GCST90201586.filtered.tsv.gz	398377	sha256	93cd8a8543bc4ef754bb0776712a87cdab5764ea8b5527a9d67db2f0a69179ef	11.1	19.4	30.5
GCST90201587	ok	""	1	0	http://ftp.ebi.ac.uk/pub/databases/gwas/summary_statistics/GCST90201001-GCST90202000/GCST90201587/harmonised/GCST90201587.h.tsv.gz	161157059	7573552	19804	0.002615	0	2	12735	106	6975	/data/opengwasdb/metabolome-plasma-2023/releases/2023-chen-full-african/filtered/GCST90201587_GCST90201587.filtered.tsv.gz	439702	sha256	24a3c1e60b955c53bab47bf02d2ba24d86fefc76d065e5df0092553540b26141	11.3	19.7	31
GCST90201588	ok	""	1	0	http://ftp.ebi.ac.uk/pub/databases/gwas/summary_statistics/GCST90201001-GCST90202000/GCST90201588/harmonised/GCST90201588.h.tsv.gz	149849432	7516734	14630	0.001946	0	1	7574	145	6918	/data/opengwasdb/metabolome-plasma-2023/releases/2023-chen-full-african/filtered/GCST90201588_GCST90201588.filtered.tsv.gz	335116	sha256	bcf324a3b39a1d28ac10546657655f0560494467ad4dc8cc8ae0272f554b608d	9.7	18.9	28.6
GCST90201589	ok	""	1	0	http://ftp.ebi.ac.uk/pub/databases/gwas/summary_statistics/GCST90201001-GCST90202000/GCST90201589/harmonised/GCST90201589.h.tsv.gz	150285280	7278494	6683	0.000918	0	0	0	47	6636	/data/opengwasdb/metabolome-plasma-2023/releases/2023-chen-full-african/filtered/GCST90201589_GCST90201589.filtered.tsv.gz	184225	sha256	77867c82bf745a323d686073fabe5b014623bb1d87b1719797e2df379dbc883a	9.7	18.3	28
GCST90201590	ok	""	1	0	http://ftp.ebi.ac.uk/pub/databases/gwas/summary_statistics/GCST90201001-GCST90202000/GCST90201590/harmonised/GCST90201590.h.tsv.gz	158061934	7313625	28956	0.003959	0	4	22221	75	6676	/data/opengwasdb/metabolome-plasma-2023/releases/2023-chen-full-african/filtered/GCST90201590_GCST90201590.filtered.tsv.gz	636028	sha256	57c62f0b2671fbe3d221335306a0b14f7a7a92743e68df38241ec8e9d92c6ba3	11.9	19	30.9
GCST90201591	ok	""	1	0	http://ftp.ebi.ac.uk/pub/databases/gwas/summary_statistics/GCST90201001-GCST90202000/GCST90201591/harmonised/GCST90201591.h.tsv.gz	153239588	7498362	50560	0.006743	0	8	43513	177	6912	/data/opengwasdb/metabolome-plasma-2023/releases/2023-chen-full-african/filtered/GCST90201591_GCST90201591.filtered.tsv.gz	1045711	sha256	b270c105c814cb1f833dd635620acfd563ca15a8a82325668080b55ab2c72287	9.7	20.8	30.5
GCST90201592	ok	""	1	0	http://ftp.ebi.ac.uk/pub/databases/gwas/summary_statistics/GCST90201001-GCST90202000/GCST90201592/harmonised/GCST90201592.h.tsv.gz	158012393	7313625	27930	0.003819	0	4	21183	93	6676	/data/opengwasdb/metabolome-plasma-2023/releases/2023-chen-full-african/filtered/GCST90201592_GCST90201592.filtered.tsv.gz	581835	sha256	69d69bc7145cbc64d5adce48ce4dc8bc7c1a3165a753104a4df10acd5400723b	9.4	19.3	28.7
GCST90201593	ok	""	1	0	http://ftp.ebi.ac.uk/pub/databases/gwas/summary_statistics/GCST90201001-GCST90202000/GCST90201593/harmonised/GCST90201593.h.tsv.gz	158855637	7368044	30613	0.004155	0	4	23845	53	6740	/data/opengwasdb/metabolome-plasma-2023/releases/2023-chen-full-african/filtered/GCST90201593_GCST90201593.filtered.tsv.gz	660672	sha256	248c725fecd42a72cdd687c7eb9e33005bd623b60867d0f92e6d06442598e248	6.8	19.6	26.4
GCST90201594	ok	""	1	0	http://ftp.ebi.ac.uk/pub/databases/gwas/summary_statistics/GCST90201001-GCST90202000/GCST90201594/harmonised/GCST90201594.h.tsv.gz	151945501	7418024	39490	0.005324	0	6	32622	101	6802	/data/opengwasdb/metabolome-plasma-2023/releases/2023-chen-full-african/filtered/GCST90201594_GCST90201594.filtered.tsv.gz	822792	sha256	dd54090b3efb61b78eec5f3079237122faf5b1a3ad971426aab59bd43fcac605	9.6	20.3	29.9
GCST90201595	ok	""	1	0	http://ftp.ebi.ac.uk/pub/databases/gwas/summary_statistics/GCST90201001-GCST90202000/GCST90201595/harmonised/GCST90201595.h.tsv.gz	152426722	7411223	49543	0.006685	0	7	42629	146	6806	/data/opengwasdb/metabolome-plasma-2023/releases/2023-chen-full-african/filtered/GCST90201595_GCST90201595.filtered.tsv.gz	1042972	sha256	9ec9bd2643fc7cb396c0517439ef83a4d7125fe6b521996df4c91441dbbe6ea1	6.1	19.5	25.6
GCST90201596	ok	""	1	0	http://ftp.ebi.ac.uk/pub/databases/gwas/summary_statistics/GCST90201001-GCST90202000/GCST90201596/harmonised/GCST90201596.h.tsv.gz	157482525	7278494	24027	0.003301	0	3	17311	96	6636	/data/opengwasdb/metabolome-plasma-2023/releases/2023-chen-full-african/filtered/GCST90201596_GCST90201596.filtered.tsv.gz	527459	sha256	da928ce2ee469fbe79736a1a988c335b9095f9d211f1010c670e426364d3e383	11.2	18.8	30
GCST90201597	ok	""	1	0	http://ftp.ebi.ac.uk/pub/databases/gwas/summary_statistics/GCST90201001-GCST90202000/GCST90201597/harmonised/GCST90201597.h.tsv.gz	157620676	7278494	13086	0.001798	0	1	6367	86	6636	/data/opengwasdb/metabolome-plasma-2023/releases/2023-chen-full-african/filtered/GCST90201597_GCST90201597.filtered.tsv.gz	299969	sha256	3ad42c452d280c5b02fb6fceece9e285a68b7fcad5b0be4ba7287a33612c3163	6.9	19.2	26.1
GCST90201598	ok	""	1	0	http://ftp.ebi.ac.uk/pub/databases/gwas/summary_statistics/GCST90201001-GCST90202000/GCST90201598/harmonised/GCST90201598.h.tsv.gz	156028177	7369747	38884	0.005276	0	6	32070	99	6743	/data/opengwasdb/metabolome-plasma-2023/releases/2023-chen-full-african/filtered/GCST90201598_GCST90201598.filtered.tsv.gz	786466	sha256	8cc7a5a921859a595989bd96a6efe71becdb3cb7ff193a82d010e86c050f3ed2	9.8	19.3	29.1
GCST90201599	ok	""	1	0	http://ftp.ebi.ac.uk/pub/databases/gwas/summary_statistics/GCST90201001-GCST90202000/GCST90201599/harmonised/GCST90201599.h.tsv.gz	157911196	7302937	13763	0.001885	0	1	7040	66	6661	/data/opengwasdb/metabolome-plasma-2023/releases/2023-chen-full-african/filtered/GCST90201599_GCST90201599.filtered.tsv.gz	325575	sha256	9275a2c44ecb4f0b10b1d2573dc2b3dbd871e65e66767272abc4a5d43c58431c	10.9	18.8	29.7
GCST90201600	ok	""	1	0	http://ftp.ebi.ac.uk/pub/databases/gwas/summary_statistics/GCST90201001-GCST90202000/GCST90201600/harmonised/GCST90201600.h.tsv.gz	157571425	7278494	28135	0.003865	0	4	21436	83	6636	/data/opengwasdb/metabolome-plasma-2023/releases/2023-chen-full-african/filtered/GCST90201600_GCST90201600.filtered.tsv.gz	621681	sha256	0ff7ea392dcb610f4582fb03009a5ceca5cfa062e35afc23ac35e0d25677c2ce	5.9	19.7	25.6
GCST90201601	ok	""	1	0	http://ftp.ebi.ac.uk/pub/databases/gwas/summary_statistics/GCST90201001-GCST90202000/GCST90201601/harmonised/GCST90201601.h.tsv.gz	150350451	7278494	27601	0.003792	0	4	20932	55	6636	/data/opengwasdb/metabolome-plasma-2023/releases/2023-chen-full-african/filtered/GCST90201601_GCST90201601.filtered.tsv.gz	583090	sha256	3764e901bc01badb4f4c35d72b15c59cde1ebbc4d010db125ba2d46d909090e1	10.7	19.4	30.1
GCST90201602	ok	""	1	0	http://ftp.ebi.ac.uk/pub/databases/gwas/summary_statistics/GCST90201001-GCST90202000/GCST90201602/harmonised/GCST90201602.h.tsv.gz	157589399	7278494	18311	0.002516	0	2	11609	80	6636	/data/opengwasdb/metabolome-plasma-2023/releases/2023-chen-full-african/filtered/GCST90201602_GCST90201602.filtered.tsv.gz	397101	sha256	0c014374e7663ec49ecd4157f93e3da542b6c671b2eb46f09796fce9fd5b51b8	9.1	18.4	27.5
GCST90201603	ok	""	1	0	http://ftp.ebi.ac.uk/pub/databases/gwas/summary_statistics/GCST90201001-GCST90202000/GCST90201603/harmonised/GCST90201603.h.tsv.gz	159335394	7375075	20525	0.002783	0	3	13693	89	6753	/data/opengwasdb/metabolome-plasma-2023/releases/2023-chen-full-african/filtered/GCST90201603_GCST90201603.filtered.tsv.gz	464781	sha256	907576e1e28b6df4994bcaf72a65245404380cd8e1a6a104026169838d27a8a7	9.7	19.6	29.3
GCST90201604	ok	""	1	0	http://ftp.ebi.ac.uk/pub/databases/gwas/summary_statistics/GCST90201001-GCST90202000/GCST90201604/harmonised/GCST90201604.h.tsv.gz	151948703	7407384	39373	0.005315	0	6	32495	107	6800	/data/opengwasdb/metabolome-plasma-2023/releases/2023-chen-full-african/filtered/GCST90201604_GCST90201604.filtered.tsv.gz	807254	sha256	a6b24b1140b64a2200d6808746ccbd41c05eea4a0e0ad01daf2a7b06e724cab1	9.2	18.7	28
GCST90201605	ok	""	1	0	http://ftp.ebi.ac.uk/pub/databases/gwas/summary_statistics/GCST90201001-GCST90202000/GCST90201605/harmonised/GCST90201605.h.tsv.gz	158711681	7361177	85646	0.011635	0	14	78758	217	6738	/data/opengwasdb/metabolome-plasma-2023/releases/2023-chen-full-african/filtered/GCST90201605_GCST90201605.filtered.tsv.gz	1736024	sha256	3cd2ee513f47b4936fcbab1fe25c9e50c35b058114c87f56b6d57bfcb7cc3285	11.4	21.5	32.9
GCST90201606	ok	""	1	0	http://ftp.ebi.ac.uk/pub/databases/gwas/summary_statistics/GCST90201001-GCST90202000/GCST90201606/harmonised/GCST90201606.h.tsv.gz	160358868	7479843	6976	0.000933	0	0	0	86	6890	/data/opengwasdb/metabolome-plasma-2023/releases/2023-chen-full-african/filtered/GCST90201606_GCST90201606.filtered.tsv.gz	191250	sha256	0651ae27f7db8d2de83df7c93ff4126ae3785c625295ce40455f1ca5944d4ea2	8.8	19.9	28.7
GCST90201607	ok	""	1	0	http://ftp.ebi.ac.uk/pub/databases/gwas/summary_statistics/GCST90201001-GCST90202000/GCST90201607/harmonised/GCST90201607.h.tsv.gz	147011839	7277398	12511	0.001719	0	1	5737	140	6637	/data/opengwasdb/metabolome-plasma-2023/releases/2023-chen-full-african/filtered/GCST90201607_GCST90201607.filtered.tsv.gz	294189	sha256	df4f8496a3ffdc07212d124577cd7684328010d2ce67aab906741b94d93885a1	6.5	19.2	25.8
GCST90201608	ok	""	1	0	http://ftp.ebi.ac.uk/pub/databases/gwas/summary_statistics/GCST90201001-GCST90202000/GCST90201608/harmonised/GCST90201608.h.tsv.gz	150642012	7290825	17359	0.002381	0	2	10644	69	6655	/data/opengwasdb/metabolome-plasma-2023/releases/2023-chen-full-african/filtered/GCST90201608_GCST90201608.filtered.tsv.gz	389943	sha256	87b70ced88fe6df20b440b63af533e36d64dcc639c8caffecfcf091d6373dbae	9.2	18.6	27.8
GCST90201609	ok	""	1	0	http://ftp.ebi.ac.uk/pub/databases/gwas/summary_statistics/GCST90201001-GCST90202000/GCST90201609/harmonised/GCST90201609.h.tsv.gz	150342924	7278494	51875	0.007127	0	8	45115	157	6636	/data/opengwasdb/metabolome-plasma-2023/releases/2023-chen-full-african/filtered/GCST90201609_GCST90201609.filtered.tsv.gz	1094065	sha256	2beae24fe9d08d21c7fe26b8c0cc2d11ead30983652e288f27ba1f2b53237550	9.5	18.8	28.3
GCST90201610	ok	""	1	0	http://ftp.ebi.ac.uk/pub/databases/gwas/summary_statistics/GCST90201001-GCST90202000/GCST90201610/harmonised/GCST90201610.h.tsv.gz	157599283	7278494	24037	0.003302	0	3	17343	71	6636	/data/opengwasdb/metabolome-plasma-2023/releases/2023-chen-full-african/filtered/GCST90201610_GCST90201610.filtered.tsv.gz	513728	sha256	8d201314e81646c37601509798ad3a9f97dd88578e713581451793f31eb220af	9.7	18.7	28.4
GCST90201611	ok	""	1	0	http://ftp.ebi.ac.uk/pub/databases/gwas/summary_statistics/GCST90201001-GCST90202000/GCST90201611/harmonised/GCST90201611.h.tsv.gz	153979586	7536145	7010	0.00093	0	0	0	69	6941	/data/opengwasdb/metabolome-plasma-2023/releases/2023-chen-full-african/filtered/GCST90201611_GCST90201611.filtered.tsv.gz	192167	sha256	cea3bb696a237cf0884f9712d0c780fdd15cfc0a76adf8c7398c17725bcf11fb	10	19.6	29.6
GCST90201612	ok	""	1	0	http://ftp.ebi.ac.uk/pub/databases/gwas/summary_statistics/GCST90201001-GCST90202000/GCST90201612/harmonised/GCST90201612.h.tsv.gz	151496671	7390251	24206	0.003275	0	3	17377	75	6770	/data/opengwasdb/metabolome-plasma-2023/releases/2023-chen-full-african/filtered/GCST90201612_GCST90201612.filtered.tsv.gz	515328	sha256	bc80db888f9d6b8431235ff3b665994eda5c06fcc0973602931449ec6ef8eb1d	11.2	20	31.2
GCST90201613	ok	""	1	0	http://ftp.ebi.ac.uk/pub/databases/gwas/summary_statistics/GCST90201001-GCST90202000/GCST90201613/harmonised/GCST90201613.h.tsv.gz	147671804	7334880	34804	0.004745	0	5	27966	121	6741	/data/opengwasdb/metabolome-plasma-2023/releases/2023-chen-full-african/filtered/GCST90201613_GCST90201613.filtered.tsv.gz	719367	sha256	82803eb81cb302c635245ece3ac904b17dbeec39e57c3ad672c20ab315073732	9.5	19.4	28.9
GCST90201614	ok	""	1	0	http://ftp.ebi.ac.uk/pub/databases/gwas/summary_statistics/GCST90201001-GCST90202000/GCST90201614/harmonised/GCST90201614.h.tsv.gz	150309647	7278494	29713	0.004082	0	4	23041	56	6636	/data/opengwasdb/metabolome-plasma-2023/releases/2023-chen-full-african/filtered/GCST90201614_GCST90201614.filtered.tsv.gz	631298	sha256	b3c1ddc0c356f8245926312cf5cf01343040f8a99d3da52f6fe003c68f074f8e	10.9	18.5	29.4
GCST90201615	ok	""	1	0	http://ftp.ebi.ac.uk/pub/databases/gwas/summary_statistics/GCST90201001-GCST90202000/GCST90201615/harmonised/GCST90201615.h.tsv.gz	158269898	7329564	11681	0.001594	0	1	4918	73	6695	/data/opengwasdb/metabolome-plasma-2023/releases/2023-chen-full-african/filtered/GCST90201615_GCST90201615.filtered.tsv.gz	282600	sha256	9e2fca29280907bcafefa55d0097c142409fd29397d7c6875de703024a414b4b	9.3	18	27.3
GCST90201616	ok	""	1	0	http://ftp.ebi.ac.uk/pub/databases/gwas/summary_statistics/GCST90201001-GCST90202000/GCST90201616/harmonised/GCST90201616.h.tsv.gz	157802245	7505825	40154	0.00535	0	6	33098	152	6930	/data/opengwasdb/metabolome-plasma-2023/releases/2023-chen-full-african/filtered/GCST90201616_GCST90201616.filtered.tsv.gz	836609	sha256	eb802737c5537f9136825f86ef6cbe58091ced821ece4a0430ea7930173208a7	9.7	19.4	29.1
GCST90201617	ok	""	1	0	http://ftp.ebi.ac.uk/pub/databases/gwas/summary_statistics/GCST90201001-GCST90202000/GCST90201617/harmonised/GCST90201617.h.tsv.gz	157901667	7307009	18678	0.002556	0	2	11922	79	6686	/data/opengwasdb/metabolome-plasma-2023/releases/2023-chen-full-african/filtered/GCST90201617_GCST90201617.filtered.tsv.gz	417004	sha256	f5210a489aae404a13446e8906e4bd42002c49aa9b9f8153daf01a26b1d271b7	9.7	19.7	29.4
GCST90201618	ok	""	1	0	http://ftp.ebi.ac.uk/pub/databases/gwas/summary_statistics/GCST90201001-GCST90202000/GCST90201618/harmonised/GCST90201618.h.tsv.gz	151799570	7383842	12946	0.001753	0	1	6116	75	6761	/data/opengwasdb/metabolome-plasma-2023/releases/2023-chen-full-african/filtered/GCST90201618_GCST90201618.filtered.tsv.gz	322568	sha256	9eb9893b5e82858762c4c943943b1738bf914734632be2d858d4cdc687c6dee2	11.1	19.5	30.6
GCST90201619	ok	""	1	0	http://ftp.ebi.ac.uk/pub/databases/gwas/summary_statistics/GCST90201001-GCST90202000/GCST90201619/harmonised/GCST90201619.h.tsv.gz	149277812	7438519	24331	0.003271	0	3	17373	124	6851	/data/opengwasdb/metabolome-plasma-2023/releases/2023-chen-full-african/filtered/GCST90201619_GCST90201619.filtered.tsv.gz	529171	sha256	a1a3793ee9cfff5ce0dd1f57b25b6aea8dd2fe66a9e690283e77bb19bc6ff7a4	10.7	18.8	29.5
GCST90201620	ok	""	1	0	http://ftp.ebi.ac.uk/pub/databases/gwas/summary_statistics/GCST90201001-GCST90202000/GCST90201620/harmonised/GCST90201620.h.tsv.gz	151586002	7436502	109962	0.014787	0	18	103007	206	6835	/data/opengwasdb/metabolome-plasma-2023/releases/2023-chen-full-african/filtered/GCST90201620_GCST90201620.filtered.tsv.gz	2236560	sha256	59495dcf05fa3b8d258f9a8732cc35fbcf038813db7c101794940b4ef6e3df4e	7.3	21.2	28.5
GCST90201621	ok	""	1	0	http://ftp.ebi.ac.uk/pub/databases/gwas/summary_statistics/GCST90201001-GCST90202000/GCST90201621/harmonised/GCST90201621.h.tsv.gz	157940617	7304353	6756	0.000925	0	0	0	87	6669	/data/opengwasdb/metabolome-plasma-2023/releases/2023-chen-full-african/filtered/GCST90201621_GCST90201621.filtered.tsv.gz	186333	sha256	36a60ee236f779c65322d932f05186b9001aaef136798b46219522ca1c93fc3e	9.9	19.9	29.8
GCST90201622	ok	""	1	0	http://ftp.ebi.ac.uk/pub/databases/gwas/summary_statistics/GCST90201001-GCST90202000/GCST90201622/harmonised/GCST90201622.h.tsv.gz	150628532	7302720	15364	0.002104	0	1	8605	102	6664	/data/opengwasdb/metabolome-plasma-2023/releases/2023-chen-full-african/filtered/GCST90201622_GCST90201622.filtered.tsv.gz	348073	sha256	78c232ef4f1435f4b6cb7253ad70430a0fecb4b4ab6f3bf9dd52dd045aade207	10.2	20.2	30.4
GCST90201623	ok	""	1	0	http://ftp.ebi.ac.uk/pub/databases/gwas/summary_statistics/GCST90201001-GCST90202000/GCST90201623/harmonised/GCST90201623.h.tsv.gz	152303399	7408466	12235	0.001651	0	1	5356	79	6807	/data/opengwasdb/metabolome-plasma-2023/releases/2023-chen-full-african/filtered/GCST90201623_GCST90201623.filtered.tsv.gz	291935	sha256	8531e53282318c52587129689be19caa3380c4b295142d46280dc1c56ebf01ee	9	19.9	28.9
GCST90201624	ok	""	1	0	http://ftp.ebi.ac.uk/pub/databases/gwas/summary_statistics/GCST90201001-GCST90202000/GCST90201624/harmonised/GCST90201624.h.tsv.gz	154293534	7301768	22786	0.003121	0	3	16013	140	6649	/data/opengwasdb/metabolome-plasma-2023/releases/2023-chen-full-african/filtered/GCST90201624_GCST90201624.filtered.tsv.gz	490361	sha256	36ea121282358366e8c5d17295bebcb754ac0c4e633216bf49620076e429b5ea	8.7	19.2	27.9
GCST90201625	ok	""	1	0	http://ftp.ebi.ac.uk/pub/databases/gwas/summary_statistics/GCST90201001-GCST90202000/GCST90201625/harmonised/GCST90201625.h.tsv.gz	161491888	7554377	7043	0.000932	0	0	0	76	6967	/data/opengwasdb/metabolome-plasma-2023/releases/2023-chen-full-african/filtered/GCST90201625_GCST90201625.filtered.tsv.gz	192527	sha256	8f2755583d3f9009f5ac31d40854d142f5c6f8bb1226328abec219119c598492	10.1	19.1	29.2
GCST90201626	ok	""	1	0	http://ftp.ebi.ac.uk/pub/databases/gwas/summary_statistics/GCST90201001-GCST90202000/GCST90201626/harmonised/GCST90201626.h.tsv.gz	159392428	7416270	35739	0.004819	0	5	28835	117	6814	/data/opengwasdb/metabolome-plasma-2023/releases/2023-chen-full-african/filtered/GCST90201626_GCST90201626.filtered.tsv.gz	725738	sha256	4835913635ac14447380df24e0016a2eeb7d2baa6e5a24d3faa0a6c3355880cd	9.6	20.3	29.9
GCST90201627	ok	""	1	0	http://ftp.ebi.ac.uk/pub/databases/gwas/summary_statistics/GCST90201001-GCST90202000/GCST90201627/harmonised/GCST90201627.h.tsv.gz	154165380	7599209	34103	0.004488	0	5	27006	98	7025	/data/opengwasdb/metabolome-plasma-2023/releases/2023-chen-full-african/filtered/GCST90201627_GCST90201627.filtered.tsv.gz	711269	sha256	847961c8b428cd5df7f2e55bcc126eb1dc1d7ee1579ff2133484a398ce811d05	8.8	20	28.8
GCST90201628	ok	""	1	0	http://ftp.ebi.ac.uk/pub/databases/gwas/summary_statistics/GCST90201001-GCST90202000/GCST90201628/harmonised/GCST90201628.h.tsv.gz	157566566	7278494	34897	0.004795	0	5	28201	90	6636	/data/opengwasdb/metabolome-plasma-2023/releases/2023-chen-full-african/filtered/GCST90201628_GCST90201628.filtered.tsv.gz	716789	sha256	5d7bf4eb0a4e4bd6d190b98190d646dcbbdbccf06144eb9cd3aa2726550ad156	9.1	18.8	27.8
GCST90201629	ok	""	1	0	http://ftp.ebi.ac.uk/pub/databases/gwas/summary_statistics/GCST90201001-GCST90202000/GCST90201629/harmonised/GCST90201629.h.tsv.gz	159655496	7405160	17705	0.002391	0	2	10853	76	6785	/data/opengwasdb/metabolome-plasma-2023/releases/2023-chen-full-african/filtered/GCST90201629_GCST90201629.filtered.tsv.gz	404434	sha256	a8f8e9975ff1b8f4ccccb5ceecfcf15abd193ed890156065e8b8d60d1e702cc3	11.3	18.1	29.4
GCST90201630	ok	""	1	0	http://ftp.ebi.ac.uk/pub/databases/gwas/summary_statistics/GCST90201001-GCST90202000/GCST90201630/harmonised/GCST90201630.h.tsv.gz	153284094	7536738	25039	0.003322	0	3	18007	113	6934	/data/opengwasdb/metabolome-plasma-2023/releases/2023-chen-full-african/filtered/GCST90201630_GCST90201630.filtered.tsv.gz	538393	sha256	9f54ec638c9a653cfbf8fa4ac285aea895aa2b83dfccae417a943d752383e9d9	9.3	19.2	28.6
GCST90201631	ok	""	1	0	http://ftp.ebi.ac.uk/pub/databases/gwas/summary_statistics/GCST90201001-GCST90202000/GCST90201631/harmonised/GCST90201631.h.tsv.gz	158671505	7386151	6834	0.000925	0	0	0	80	6754	/data/opengwasdb/metabolome-plasma-2023/releases/2023-chen-full-african/filtered/GCST90201631_GCST90201631.filtered.tsv.gz	187547	sha256	cd77a5f2d0aa79fa3c7aa68609142e4c36220fc3a9c22257c5cbb69eff59b717	9.9	19.2	29.1
GCST90201632	ok	""	1	0	http://ftp.ebi.ac.uk/pub/databases/gwas/summary_statistics/GCST90201001-GCST90202000/GCST90201632/harmonised/GCST90201632.h.tsv.gz	158049147	7322845	49424	0.006749	0	7	42683	97	6679	/data/opengwasdb/metabolome-plasma-2023/releases/2023-chen-full-african/filtered/GCST90201632_GCST90201632.filtered.tsv.gz	980984	sha256	5f0e84d311de471902a886622f43e9b01de2df489aaf772b9f6ae88cc5338bdb	7.7	20.3	28
GCST90201633	ok	""	1	0	http://ftp.ebi.ac.uk/pub/databases/gwas/summary_statistics/GCST90201001-GCST90202000/GCST90201633/harmonised/GCST90201633.h.tsv.gz	150278720	7278494	18739	0.002575	0	2	12030	78	6636	/data/opengwasdb/metabolome-plasma-2023/releases/2023-chen-full-african/filtered/GCST90201633_GCST90201633.filtered.tsv.gz	435602	sha256	eae6398abf7c0e171388fbc64618f0315a73359b50113961783390e84663e84f	9.3	19.4	28.7
GCST90201634	ok	""	1	0	http://ftp.ebi.ac.uk/pub/databases/gwas/summary_statistics/GCST90201001-GCST90202000/GCST90201634/harmonised/GCST90201634.h.tsv.gz	160027305	7451773	23429	0.003144	0	3	16536	88	6824	/data/opengwasdb/metabolome-plasma-2023/releases/2023-chen-full-african/filtered/GCST90201634_GCST90201634.filtered.tsv.gz	521722	sha256	2609e6d62b04ee3aab7f0580b3b9c4d8a09519611aa60b52eff93e4859d0cc0e	10.3	17.9	28.2
GCST90201635	ok	""	1	0	http://ftp.ebi.ac.uk/pub/databases/gwas/summary_statistics/GCST90201001-GCST90202000/GCST90201635/harmonised/GCST90201635.h.tsv.gz	157625551	7293722	73101	0.010022	0	12	66384	123	6652	/data/opengwasdb/metabolome-plasma-2023/releases/2023-chen-full-african/filtered/GCST90201635_GCST90201635.filtered.tsv.gz	1472031	sha256	09f3bc54e7dd58c5dce727edb5e0e60d7a4ce4b32711c76aaee11611a1b6fd3b	11.8	20.5	32.3
GCST90201636	ok	""	1	0	http://ftp.ebi.ac.uk/pub/databases/gwas/summary_statistics/GCST90201001-GCST90202000/GCST90201636/harmonised/GCST90201636.h.tsv.gz	157794556	7304819	24243	0.003319	0	3	17489	110	6660	/data/opengwasdb/metabolome-plasma-2023/releases/2023-chen-full-african/filtered/GCST90201636_GCST90201636.filtered.tsv.gz	509333	sha256	0b46631d296c867f3bd14bff4bea15e4193e5a904748b5de6c9aade3637e2ba0	11.1	17.9	29
GCST90201637	ok	""	1	0	http://ftp.ebi.ac.uk/pub/databases/gwas/summary_statistics/GCST90201001-GCST90202000/GCST90201637/harmonised/GCST90201637.h.tsv.gz	148391184	7426749	13140	0.001769	0	1	6237	104	6802	/data/opengwasdb/metabolome-plasma-2023/releases/2023-chen-full-african/filtered/GCST90201637_GCST90201637.filtered.tsv.gz	307883	sha256	14e37c1eae3cdaf54de5cd2e3c5975bc89152a36948d1d7ad95c1ceba0c2fa5b	11.1	19.2	30.3
GCST90201638	ok	""	1	0	http://ftp.ebi.ac.uk/pub/databases/gwas/summary_statistics/GCST90201001-GCST90202000/GCST90201638/harmonised/GCST90201638.h.tsv.gz	150777111	7323368	6824	0.000932	0	0	0	143	6681	/data/opengwasdb/metabolome-plasma-2023/releases/2023-chen-full-african/filtered/GCST90201638_GCST90201638.filtered.tsv.gz	188033	sha256	05818832b5f08e23432bfea11778f784e1c0f5ad312c4f3b3266f18921add65a	10.8	19.7	30.5
GCST90201639	ok	""	1	0	http://ftp.ebi.ac.uk/pub/databases/gwas/summary_statistics/GCST90201001-GCST90202000/GCST90201639/harmonised/GCST90201639.h.tsv.gz	141956905	7179339	27970	0.003896	0	4	21286	117	6584	/data/opengwasdb/metabolome-plasma-2023/releases/2023-chen-full-african/filtered/GCST90201639_GCST90201639.filtered.tsv.gz	591329	sha256	f1ad1745c25e764e12e7f77d5417551620ec6bf9bc535bbdbaf145489d818f9c	8.9	19.8	28.7
GCST90201640	ok	""	1	0	http://ftp.ebi.ac.uk/pub/databases/gwas/summary_statistics/GCST90201001-GCST90202000/GCST90201640/harmonised/GCST90201640.h.tsv.gz	146871200	7291558	36099	0.004951	0	4	29337	110	6673	/data/opengwasdb/metabolome-plasma-2023/releases/2023-chen-full-african/filtered/GCST90201640_GCST90201640.filtered.tsv.gz	728126	sha256	361765d9b529c2c8db0c715f24faa0883255616f197ae01f82493e776a666da3	10.5	18.6	29.2
GCST90201641	ok	""	1	0	http://ftp.ebi.ac.uk/pub/databases/gwas/summary_statistics/GCST90201001-GCST90202000/GCST90201641/harmonised/GCST90201641.h.tsv.gz	150577615	7290825	25290	0.003469	0	3	18573	79	6655	/data/opengwasdb/metabolome-plasma-2023/releases/2023-chen-full-african/filtered/GCST90201641_GCST90201641.filtered.tsv.gz	537710	sha256	0dc7d7a0671f3f006a441706266e587b4fbddfa570b838cce6ac93974bf724ac	9	19.6	28.6
GCST90201642	ok	""	1	0	http://ftp.ebi.ac.uk/pub/databases/gwas/summary_statistics/GCST90201001-GCST90202000/GCST90201642/harmonised/GCST90201642.h.tsv.gz	157490688	7278494	11508	0.001581	0	1	4785	91	6636	/data/opengwasdb/metabolome-plasma-2023/releases/2023-chen-full-african/filtered/GCST90201642_GCST90201642.filtered.tsv.gz	276638	sha256	887398bbe28c3a6e57b037e1d93560c133dd18f5f1ad8c406eb9f7750a998b1c	9.6	18	27.6
GCST90201643	ok	""	1	0	http://ftp.ebi.ac.uk/pub/databases/gwas/summary_statistics/GCST90201001-GCST90202000/GCST90201643/harmonised/GCST90201643.h.tsv.gz	157377148	7278494	11612	0.001595	0	1	4914	64	6636	/data/opengwasdb/metabolome-plasma-2023/releases/2023-chen-full-african/filtered/GCST90201643_GCST90201643.filtered.tsv.gz	286603	sha256	16bffadb230af49652cefb6705dbe8904605f8151e8ec32e1b02a13513437b0b	11	19	30
GCST90201644	ok	""	1	0	http://ftp.ebi.ac.uk/pub/databases/gwas/summary_statistics/GCST90201001-GCST90202000/GCST90201644/harmonised/GCST90201644.h.tsv.gz	159924972	7458480	36102	0.00484	0	4	29166	104	6854	/data/opengwasdb/metabolome-plasma-2023/releases/2023-chen-full-african/filtered/GCST90201644_GCST90201644.filtered.tsv.gz	752790	sha256	47b4a20fee8caed5313673d1d2a2cb028047b92c3de792aae7f507fe779b2c2a	9.4	19.6	29
GCST90201645	ok	""	1	0	http://ftp.ebi.ac.uk/pub/databases/gwas/summary_statistics/GCST90201001-GCST90202000/GCST90201645/harmonised/GCST90201645.h.tsv.gz	153318710	7548721	36374	0.004819	0	5	29277	143	6981	/data/opengwasdb/metabolome-plasma-2023/releases/2023-chen-full-african/filtered/GCST90201645_GCST90201645.filtered.tsv.gz	765899	sha256	97c40d83f9b56d096240593e4c5666547e4032d20e31f75af4485b3bce9d46b6	6.9	18.7	25.7
GCST90201646	ok	""	1	0	http://ftp.ebi.ac.uk/pub/databases/gwas/summary_statistics/GCST90201001-GCST90202000/GCST90201646/harmonised/GCST90201646.h.tsv.gz	153290956	7502645	13392	0.001785	0	1	6384	101	6912	/data/opengwasdb/metabolome-plasma-2023/releases/2023-chen-full-african/filtered/GCST90201646_GCST90201646.filtered.tsv.gz	308330	sha256	b65fc1282d56bf197e0efbe80472dfc199c5efaa5d01d14b23e31ada5fa68bf1	6	18.3	24.3
GCST90201647	ok	""	1	0	http://ftp.ebi.ac.uk/pub/databases/gwas/summary_statistics/GCST90201001-GCST90202000/GCST90201647/harmonised/GCST90201647.h.tsv.gz	157516649	7278494	37074	0.005094	0	6	30334	130	6636	/data/opengwasdb/metabolome-plasma-2023/releases/2023-chen-full-african/filtered/GCST90201647_GCST90201647.filtered.tsv.gz	798740	sha256	453a1fb3378f215adb62fc5adf229d854be7f865bf038602d3afffeb2a51f51d	10.4	19.8	30.2
GCST90201648	ok	""	1	0	http://ftp.ebi.ac.uk/pub/databases/gwas/summary_statistics/GCST90201001-GCST90202000/GCST90201648/harmonised/GCST90201648.h.tsv.gz	152086464	7176489	28987	0.004039	0	4	22396	85	6523	/data/opengwasdb/metabolome-plasma-2023/releases/2023-chen-full-african/filtered/GCST90201648_GCST90201648.filtered.tsv.gz	621969	sha256	9649c4a14f4211d43041ac0077d9f48bcc350e61556124ec7232b7aa486bc396	5.5	18.9	24.3
GCST90201649	ok	""	1	0	http://ftp.ebi.ac.uk/pub/databases/gwas/summary_statistics/GCST90201001-GCST90202000/GCST90201649/harmonised/GCST90201649.h.tsv.gz	157532123	7278494	42302	0.005812	0	6	35555	142	6636	/data/opengwasdb/metabolome-plasma-2023/releases/2023-chen-full-african/filtered/GCST90201649_GCST90201649.filtered.tsv.gz	872401	sha256	1a9e804f11ce87454876ec3ee8584366455ad2776fe72b7755d1c8a8226a8963	11.7	20.1	31.8
GCST90201650	ok	""	1	0	http://ftp.ebi.ac.uk/pub/databases/gwas/summary_statistics/GCST90201001-GCST90202000/GCST90201650/harmonised/GCST90201650.h.tsv.gz	157521302	7278494	6718	0.000923	0	0	0	82	6636	/data/opengwasdb/metabolome-plasma-2023/releases/2023-chen-full-african/filtered/GCST90201650_GCST90201650.filtered.tsv.gz	185230	sha256	82e35c51f071d4f6a16c07eb0f0b544b378dca7829e1148bd9a65f76cc9ca662	8.8	18.3	27
GCST90201651	ok	""	1	0	http://ftp.ebi.ac.uk/pub/databases/gwas/summary_statistics/GCST90201001-GCST90202000/GCST90201651/harmonised/GCST90201651.h.tsv.gz	157541961	7278494	9034	0.001241	0	1	2315	86	6636	/data/opengwasdb/metabolome-plasma-2023/releases/2023-chen-full-african/filtered/GCST90201651_GCST90201651.filtered.tsv.gz	231354	sha256	4d9f682bdb1a7764fca04e357171ca9151a986c51a563e8c74956b8f52cf1440	9.7	20.7	30.4
GCST90201652	ok	""	1	0	http://ftp.ebi.ac.uk/pub/databases/gwas/summary_statistics/GCST90201001-GCST90202000/GCST90201652/harmonised/GCST90201652.h.tsv.gz	150340481	7278494	10963	0.001506	0	1	4267	64	6636	/data/opengwasdb/metabolome-plasma-2023/releases/2023-chen-full-african/filtered/GCST90201652_GCST90201652.filtered.tsv.gz	272054	sha256	93892ea0e60f18345da107019b299a662acfbf03b98698dc7d40a8a8a2cd8a55	9.2	19.2	28.4
GCST90201653	ok	""	1	0	http://ftp.ebi.ac.uk/pub/databases/gwas/summary_statistics/GCST90201001-GCST90202000/GCST90201653/harmonised/GCST90201653.h.tsv.gz	157557510	7293722	12908	0.00177	0	1	6180	83	6652	/data/opengwasdb/metabolome-plasma-2023/releases/2023-chen-full-african/filtered/GCST90201653_GCST90201653.filtered.tsv.gz	301449	sha256	3e15e712c0453c978ed927df1b2e326a13a133bfd5388b3f544b4089cad20e0b	11.6	17.5	29.1
GCST90201654	ok	""	1	0	http://ftp.ebi.ac.uk/pub/databases/gwas/summary_statistics/GCST90201001-GCST90202000/GCST90201654/harmonised/GCST90201654.h.tsv.gz	142108627	7271900	79837	0.010979	0	11	73022	209	6659	/data/opengwasdb/metabolome-plasma-2023/releases/2023-chen-full-african/filtered/GCST90201654_GCST90201654.filtered.tsv.gz	1473724	sha256	b5ad409b8ef8c2fb5029a0c561db398ebd55ca24c3ce302697005799b9fcb134	6.4	19.6	26.1
GCST90201655	ok	""	1	0	http://ftp.ebi.ac.uk/pub/databases/gwas/summary_statistics/GCST90201001-GCST90202000/GCST90201655/harmonised/GCST90201655.h.tsv.gz	145380267	7181219	54318	0.007564	0	9	47631	173	6555	/data/opengwasdb/metabolome-plasma-2023/releases/2023-chen-full-african/filtered/GCST90201655_GCST90201655.filtered.tsv.gz	1122106	sha256	c44deada9fb2d46d98107f1990f25b3ea8079ae9ace0ca6927e793e821ef5248	8	20.9	28.8
GCST90201656	ok	""	1	0	http://ftp.ebi.ac.uk/pub/databases/gwas/summary_statistics/GCST90201001-GCST90202000/GCST90201656/harmonised/GCST90201656.h.tsv.gz	150817378	7322411	17592	0.002402	0	2	10836	78	6692	/data/opengwasdb/metabolome-plasma-2023/releases/2023-chen-full-african/filtered/GCST90201656_GCST90201656.filtered.tsv.gz	400724	sha256	2a7cb731a9d71c5336595f9733cbb64a412a61affefddbae0abfeb74a1534aba	7.1	20.5	27.5
GCST90201657	ok	""	1	0	http://ftp.ebi.ac.uk/pub/databases/gwas/summary_statistics/GCST90201001-GCST90202000/GCST90201657/harmonised/GCST90201657.h.tsv.gz	157544012	7278494	10937	0.001503	0	1	4199	106	6636	/data/opengwasdb/metabolome-plasma-2023/releases/2023-chen-full-african/filtered/GCST90201657_GCST90201657.filtered.tsv.gz	266933	sha256	b9c8416361c6d917e166d558d88567fd654c8cc59254b1504b0da36a709277f8	7.7	18	25.7
GCST90201658	ok	""	1	0	http://ftp.ebi.ac.uk/pub/databases/gwas/summary_statistics/GCST90201001-GCST90202000/GCST90201658/harmonised/GCST90201658.h.tsv.gz	158382697	7342271	11538	0.001571	0	1	4740	87	6718	/data/opengwasdb/metabolome-plasma-2023/releases/2023-chen-full-african/filtered/GCST90201658_GCST90201658.filtered.tsv.gz	273123	sha256	569170097828cfc0d8c7a2345db374fab42f219a867a49564e9b942d24416478	11.1	18.9	30
GCST90201659	ok	""	1	0	http://ftp.ebi.ac.uk/pub/databases/gwas/summary_statistics/GCST90201001-GCST90202000/GCST90201659/harmonised/GCST90201659.h.tsv.gz	157559189	7278494	12149	0.001669	0	1	5451	66	6636	/data/opengwasdb/metabolome-plasma-2023/releases/2023-chen-full-african/filtered/GCST90201659_GCST90201659.filtered.tsv.gz	289721	sha256	513642f93e1c2b2a2e550973f2bc1a96bc8f181d51671f298cbf901072e77c7a	11.6	19.4	31.1
GCST90201660	ok	""	1	0	http://ftp.ebi.ac.uk/pub/databases/gwas/summary_statistics/GCST90201001-GCST90202000/GCST90201660/harmonised/GCST90201660.h.tsv.gz	158235488	7331453	30117	0.004108	0	4	23261	162	6711	/data/opengwasdb/metabolome-plasma-2023/releases/2023-chen-full-african/filtered/GCST90201660_GCST90201660.filtered.tsv.gz	645973	sha256	c4118ef9e8114939a5690fad755d91a1eb085c085aec89df10ea4493f34f06e5	11.2	20.2	31.4
GCST90201661	ok	""	1	0	http://ftp.ebi.ac.uk/pub/databases/gwas/summary_statistics/GCST90201001-GCST90202000/GCST90201661/harmonised/GCST90201661.h.tsv.gz	158668051	7361605	6786	0.000922	0	0	0	69	6717	/data/opengwasdb/metabolome-plasma-2023/releases/2023-chen-full-african/filtered/GCST90201661_GCST90201661.filtered.tsv.gz	186561	sha256	eadb6f986fc86a3e8633354a04794d5ef7a1512559dd6cb7a73ea7d2d65cf5e7	9.9	19	28.9
GCST90201662	ok	""	1	0	http://ftp.ebi.ac.uk/pub/databases/gwas/summary_statistics/GCST90201001-GCST90202000/GCST90201662/harmonised/GCST90201662.h.tsv.gz	157560496	7278494	29250	0.004019	0	4	22565	66	6636	/data/opengwasdb/metabolome-plasma-2023/releases/2023-chen-full-african/filtered/GCST90201662_GCST90201662.filtered.tsv.gz	625412	sha256	f0ea4c711dd9ddf3c1900a1cc585ca2d5f31cf3593787bf259045cb3f7926f1f	11	19.7	30.7
GCST90201663	ok	""	1	0	http://ftp.ebi.ac.uk/pub/databases/gwas/summary_statistics/GCST90201001-GCST90202000/GCST90201663/harmonised/GCST90201663.h.tsv.gz	158139310	7323323	58017	0.007922	0	9	51185	187	6694	/data/opengwasdb/metabolome-plasma-2023/releases/2023-chen-full-african/filtered/GCST90201663_GCST90201663.filtered.tsv.gz	1165087	sha256	725a9f43dcf418f84d42d2ca8203a0e4473a6d03a9a5ba89016260dc9ade3daf	8.9	20	28.9
GCST90201664	ok	""	1	0	http://ftp.ebi.ac.uk/pub/databases/gwas/summary_statistics/GCST90201001-GCST90202000/GCST90201664/harmonised/GCST90201664.h.tsv.gz	150326183	7278494	11430	0.00157	0	1	4706	94	6636	/data/opengwasdb/metabolome-plasma-2023/releases/2023-chen-full-african/filtered/GCST90201664_GCST90201664.filtered.tsv.gz	278507	sha256	2626e995e77b60b68e6e7bd280697bff5671c8ae21d68d6c8ab8eeb9813a76b6	7.3	18.3	25.6
GCST90201665	ok	""	1	0	http://ftp.ebi.ac.uk/pub/databases/gwas/summary_statistics/GCST90201001-GCST90202000/GCST90201665/harmonised/GCST90201665.h.tsv.gz	150226691	7278494	33458	0.004597	0	4	26713	131	6636	/data/opengwasdb/metabolome-plasma-2023/releases/2023-chen-full-african/filtered/GCST90201665_GCST90201665.filtered.tsv.gz	669343	sha256	132ea1bd6a671495111c1c76bd3e37e43f9f936ef944b892f08d8a02c1dcbb58	9.6	19.1	28.7
GCST90201666	ok	""	1	0	http://ftp.ebi.ac.uk/pub/databases/gwas/summary_statistics/GCST90201001-GCST90202000/GCST90201666/harmonised/GCST90201666.h.tsv.gz	160261967	7493318	43472	0.005801	0	6	36518	95	6890	/data/opengwasdb/metabolome-plasma-2023/releases/2023-chen-full-african/filtered/GCST90201666_GCST90201666.filtered.tsv.gz	910149	sha256	8e8721518b7f1dcd1bca3007fceb2ffb79be7020c831ed5de5226acae8dfff58	12	20.4	32.5
GCST90201667	ok	""	1	0	http://ftp.ebi.ac.uk/pub/databases/gwas/summary_statistics/GCST90201001-GCST90202000/GCST90201667/harmonised/GCST90201667.h.tsv.gz	153893724	7572891	39690	0.005241	0	6	32553	160	7006	/data/opengwasdb/metabolome-plasma-2023/releases/2023-chen-full-african/filtered/GCST90201667_GCST90201667.filtered.tsv.gz	811984	sha256	d68bb9939359fd046de3e9286430bb31c570e45981b692eb0acb63f9b97fa8cf	5.2	19.5	24.7
GCST90201668	ok	""	1	0	http://ftp.ebi.ac.uk/pub/databases/gwas/summary_statistics/GCST90201001-GCST90202000/GCST90201668/harmonised/GCST90201668.h.tsv.gz	157554637	7278494	17997	0.002473	0	2	11304	68	6636	/data/opengwasdb/metabolome-plasma-2023/releases/2023-chen-full-african/filtered/GCST90201668_GCST90201668.filtered.tsv.gz	386723	sha256	0f73d9627e523b82d7c8f6c709e95eb76992fb81f8551736c73c88e9515d9d4d	9.3	19.7	29.1
GCST90201669	ok	""	1	0	http://ftp.ebi.ac.uk/pub/databases/gwas/summary_statistics/GCST90201001-GCST90202000/GCST90201669/harmonised/GCST90201669.h.tsv.gz	150290473	7278494	18436	0.002533	0	2	11739	72	6636	/data/opengwasdb/metabolome-plasma-2023/releases/2023-chen-full-african/filtered/GCST90201669_GCST90201669.filtered.tsv.gz	402650	sha256	656d00452b11ff3c19f9a7636be2c207aa003193f229dfcf1f1299f90b123f62	8.6	18.8	27.4
GCST90201670	ok	""	1	0	http://ftp.ebi.ac.uk/pub/databases/gwas/summary_statistics/GCST90201001-GCST90202000/GCST90201670/harmonised/GCST90201670.h.tsv.gz	158135640	7322845	12566	0.001716	0	1	5834	59	6679	/data/opengwasdb/metabolome-plasma-2023/releases/2023-chen-full-african/filtered/GCST90201670_GCST90201670.filtered.tsv.gz	296892	sha256	c3692dcdddf286a216f88201d23c8ade67a656ef77019a4fd3af9910037a1730	5.5	18.6	24
GCST90201671	ok	""	1	0	http://ftp.ebi.ac.uk/pub/databases/gwas/summary_statistics/GCST90201001-GCST90202000/GCST90201671/harmonised/GCST90201671.h.tsv.gz	150993854	7335862	67201	0.009161	0	11	60374	152	6719	/data/opengwasdb/metabolome-plasma-2023/releases/2023-chen-full-african/filtered/GCST90201671_GCST90201671.filtered.tsv.gz	1384403	sha256	70ba9fc7cda39fa9b2df64ecef870c293d12aef67fcdc8290f5c65aee17a0eb1	8.8	21.5	30.3
GCST90201672	ok	""	1	0	http://ftp.ebi.ac.uk/pub/databases/gwas/summary_statistics/GCST90201001-GCST90202000/GCST90201672/harmonised/GCST90201672.h.tsv.gz	151089858	7339127	21369	0.002912	0	2	14593	77	6710	/data/opengwasdb/metabolome-plasma-2023/releases/2023-chen-full-african/filtered/GCST90201672_GCST90201672.filtered.tsv.gz	479831	sha256	83bbbcd3619d199ce634fb309add6584a4275659589305bc35698e30d3b9f45a	9.5	19.4	28.9
GCST90201673	ok	""	1	0	http://ftp.ebi.ac.uk/pub/databases/gwas/summary_statistics/GCST90201001-GCST90202000/GCST90201673/harmonised/GCST90201673.h.tsv.gz	150287556	7278494	30295	0.004162	0	4	23609	72	6636	/data/opengwasdb/metabolome-plasma-2023/releases/2023-chen-full-african/filtered/GCST90201673_GCST90201673.filtered.tsv.gz	636554	sha256	1bba2f5474f4cdf52c0ee3713a713386a78c8760eb9f8eadc70d011f27c003c1	11.4	18.1	29.5
GCST90201674	ok	""	1	0	http://ftp.ebi.ac.uk/pub/databases/gwas/summary_statistics/GCST90201001-GCST90202000/GCST90201674/harmonised/GCST90201674.h.tsv.gz	161937327	7580021	34770	0.004587	0	5	27689	101	7003	/data/opengwasdb/metabolome-plasma-2023/releases/2023-chen-full-african/filtered/GCST90201674_GCST90201674.filtered.tsv.gz	739563	sha256	f0197d652354e74fbb56f9ea88e4b20525f88b956735dde5050ab27e0a176473	10	18.8	28.8
GCST90201675	ok	""	1	0	http://ftp.ebi.ac.uk/pub/databases/gwas/summary_statistics/GCST90201001-GCST90202000/GCST90201675/harmonised/GCST90201675.h.tsv.gz	157585963	7278494	6715	0.000923	0	0	0	79	6636	/data/opengwasdb/metabolome-plasma-2023/releases/2023-chen-full-african/filtered/GCST90201675_GCST90201675.filtered.tsv.gz	185302	sha256	4d474c3c25244600c9eaf6871d531b0e05d53c2e25c6989eef7d62e661824402	11.4	20.1	31.5
GCST90201676	ok	""	1	0	http://ftp.ebi.ac.uk/pub/databases/gwas/summary_statistics/GCST90201001-GCST90202000/GCST90201676/harmonised/GCST90201676.h.tsv.gz	151832749	7377719	6849	0.000928	0	0	0	100	6750	/data/opengwasdb/metabolome-plasma-2023/releases/2023-chen-full-african/filtered/GCST90201676_GCST90201676.filtered.tsv.gz	188625	sha256	e722993b2afaa69b0174dc52d4bf4468971b34d5796a062088107fa81c37a3d8	6.9	20.2	27
GCST90201677	ok	""	1	0	http://ftp.ebi.ac.uk/pub/databases/gwas/summary_statistics/GCST90201001-GCST90202000/GCST90201677/harmonised/GCST90201677.h.tsv.gz	157597750	7278494	21952	0.003016	0	3	15264	70	6636	/data/opengwasdb/metabolome-plasma-2023/releases/2023-chen-full-african/filtered/GCST90201677_GCST90201677.filtered.tsv.gz	467522	sha256	51a218bde3002717918eaa369e841e0a400b971ca69c82960642a7b3d9573cf2	11.2	18.9	30.2
GCST90201678	ok	""	1	0	http://ftp.ebi.ac.uk/pub/databases/gwas/summary_statistics/GCST90201001-GCST90202000/GCST90201678/harmonised/GCST90201678.h.tsv.gz	150645866	7307102	6736	0.000922	0	0	0	68	6668	/data/opengwasdb/metabolome-plasma-2023/releases/2023-chen-full-african/filtered/GCST90201678_GCST90201678.filtered.tsv.gz	185677	sha256	acbb84339e9d642e2ef8cb3626f1b198a5e86889e7290c7ff0e5d9d70b8d74de	10.4	18.9	29.3
GCST90201679	ok	""	1	0	http://ftp.ebi.ac.uk/pub/databases/gwas/summary_statistics/GCST90201001-GCST90202000/GCST90201679/harmonised/GCST90201679.h.tsv.gz	150259818	7278494	12650	0.001738	0	1	5938	81	6636	/data/opengwasdb/metabolome-plasma-2023/releases/2023-chen-full-african/filtered/GCST90201679_GCST90201679.filtered.tsv.gz	299761	sha256	bdac3d877e6bc10379840426ec240618565ad1c0ee2a0c63a9e861a224cd3682	10.5	18.3	28.7
GCST90201680	ok	""	1	0	http://ftp.ebi.ac.uk/pub/databases/gwas/summary_statistics/GCST90201001-GCST90202000/GCST90201680/harmonised/GCST90201680.h.tsv.gz	151091778	7339127	24564	0.003347	0	3	17786	82	6710	/data/opengwasdb/metabolome-plasma-2023/releases/2023-chen-full-african/filtered/GCST90201680_GCST90201680.filtered.tsv.gz	542940	sha256	73ae21a01259895b141caad24acae19568442a0e15a8d1e612f5cb31de145380	9.5	20.8	30.3
GCST90201681	ok	""	1	0	http://ftp.ebi.ac.uk/pub/databases/gwas/summary_statistics/GCST90201001-GCST90202000/GCST90201681/harmonised/GCST90201681.h.tsv.gz	150260604	7278494	6718	0.000923	0	0	0	83	6636	/data/opengwasdb/metabolome-plasma-2023/releases/2023-chen-full-african/filtered/GCST90201681_GCST90201681.filtered.tsv.gz	185324	sha256	c985fe56ec7ef58398e215b19b686c3c526f5cf5ccd09c82a0fb7b0105b6f85c	10.3	19.7	29.9
GCST90201682	ok	""	1	0	http://ftp.ebi.ac.uk/pub/databases/gwas/summary_statistics/GCST90201001-GCST90202000/GCST90201682/harmonised/GCST90201682.h.tsv.gz	157583304	7278494	6719	0.000923	0	0	0	83	6636	/data/opengwasdb/metabolome-plasma-2023/releases/2023-chen-full-african/filtered/GCST90201682_GCST90201682.filtered.tsv.gz	185535	sha256	91693bf37b901120aeb34c11dab40c4391258ed7add0fdfe7fdbf0002717dad1	9.8	19.4	29.2
GCST90201683	ok	""	1	0	http://ftp.ebi.ac.uk/pub/databases/gwas/summary_statistics/GCST90201001-GCST90202000/GCST90201683/harmonised/GCST90201683.h.tsv.gz	150332788	7278494	6716	0.000923	0	0	0	80	6636	/data/opengwasdb/metabolome-plasma-2023/releases/2023-chen-full-african/filtered/GCST90201683_GCST90201683.filtered.tsv.gz	185371	sha256	5b1edb80f386d58b86dd5d998a14ee6a66bf25ae183fb86f6cc54d417d6dbce0	10.8	18.8	29.6
GCST90201684	ok	""	1	0	http://ftp.ebi.ac.uk/pub/databases/gwas/summary_statistics/GCST90201001-GCST90202000/GCST90201684/harmonised/GCST90201684.h.tsv.gz	157619039	7278494	22641	0.003111	0	3	15892	127	6636	/data/opengwasdb/metabolome-plasma-2023/releases/2023-chen-full-african/filtered/GCST90201684_GCST90201684.filtered.tsv.gz	483725	sha256	a68f370ff26db3d77ae3f82927335b65f1deecf98e5bd153cd1a7d9e25682026	7.1	18.7	25.8
GCST90201685	ok	""	1	0	http://ftp.ebi.ac.uk/pub/databases/gwas/summary_statistics/GCST90201001-GCST90202000/GCST90201685/harmonised/GCST90201685.h.tsv.gz	157521860	7278494	18169	0.002496	0	2	11468	72	6636	/data/opengwasdb/metabolome-plasma-2023/releases/2023-chen-full-african/filtered/GCST90201685_GCST90201685.filtered.tsv.gz	413315	sha256	9a547fed85aaa363db4cb6155740ba4b01a90b4a4166d296a3a70acb029df996	7.7	19.3	26.9
GCST90201686	ok	""	1	0	http://ftp.ebi.ac.uk/pub/databases/gwas/summary_statistics/GCST90201001-GCST90202000/GCST90201686/harmonised/GCST90201686.h.tsv.gz	150615153	7304660	12733	0.001743	0	1	5996	76	6667	/data/opengwasdb/metabolome-plasma-2023/releases/2023-chen-full-african/filtered/GCST90201686_GCST90201686.filtered.tsv.gz	307991	sha256	ebce911f042b31d66235263ce69acb1555105afb9bb3870a8fdd7ee98dbad716	9.1	19.2	28.4
GCST90201687	ok	""	1	0	http://ftp.ebi.ac.uk/pub/databases/gwas/summary_statistics/GCST90201001-GCST90202000/GCST90201687/harmonised/GCST90201687.h.tsv.gz	157921285	7307133	18998	0.0026	0	2	12221	124	6662	/data/opengwasdb/metabolome-plasma-2023/releases/2023-chen-full-african/filtered/GCST90201687_GCST90201687.filtered.tsv.gz	425602	sha256	5b43b8427ba78dedc0b967e29b8c568c73c9f2d4b6828c18c7ee8f74f30cc3d0	9.2	18.7	27.9
GCST90201688	ok	""	1	0	http://ftp.ebi.ac.uk/pub/databases/gwas/summary_statistics/GCST90201001-GCST90202000/GCST90201688/harmonised/GCST90201688.h.tsv.gz	158136774	7315419	43956	0.006009	0	5	37153	148	6674	/data/opengwasdb/metabolome-plasma-2023/releases/2023-chen-full-african/filtered/GCST90201688_GCST90201688.filtered.tsv.gz	946198	sha256	0e42ad449440cbb5faa10398934bf90ac50f6f760c3fa8a4ed460ff7694bcdfc	10.8	18.9	29.7
GCST90201689	ok	""	1	0	http://ftp.ebi.ac.uk/pub/databases/gwas/summary_statistics/GCST90201001-GCST90202000/GCST90201689/harmonised/GCST90201689.h.tsv.gz	157591012	7278494	20630	0.002834	0	2	13953	55	6636	/data/opengwasdb/metabolome-plasma-2023/releases/2023-chen-full-african/filtered/GCST90201689_GCST90201689.filtered.tsv.gz	435056	sha256	0654d8f0c8f231575fce3b316b79730007d00ce830b783c6542282897b23fe10	6.1	19.6	25.7
GCST90201690	ok	""	1	0	http://ftp.ebi.ac.uk/pub/databases/gwas/summary_statistics/GCST90201001-GCST90202000/GCST90201690/harmonised/GCST90201690.h.tsv.gz	157933333	7304462	17510	0.002397	0	2	10772	91	6661	/data/opengwasdb/metabolome-plasma-2023/releases/2023-chen-full-african/filtered/GCST90201690_GCST90201690.filtered.tsv.gz	406564	sha256	4528a9295c4fad8e28ecfc66d9558787a516f3b2799d8d94794922b884b2d4f4	11.3	19	30.3
GCST90201691	ok	""	1	0	http://ftp.ebi.ac.uk/pub/databases/gwas/summary_statistics/GCST90201001-GCST90202000/GCST90201691/harmonised/GCST90201691.h.tsv.gz	157596882	7278494	19373	0.002662	0	2	12641	107	6636	/data/opengwasdb/metabolome-plasma-2023/releases/2023-chen-full-african/filtered/GCST90201691_GCST90201691.filtered.tsv.gz	424619	sha256	ca436f540a849c46ece53795a885292b343b95c25179775a60b2f5945f2056e5	9.7	18.5	28.2
GCST90201692	ok	""	1	0	http://ftp.ebi.ac.uk/pub/databases/gwas/summary_statistics/GCST90201001-GCST90202000/GCST90201692/harmonised/GCST90201692.h.tsv.gz	151284910	7352941	24297	0.003304	0	3	17480	103	6727	/data/opengwasdb/metabolome-plasma-2023/releases/2023-chen-full-african/filtered/GCST90201692_GCST90201692.filtered.tsv.gz	555257	sha256	e8260e0d12e91137c8d28e004a26519672bcb5f0ccb33f7d4e2a6885e7630f59	11	19.1	30.1
GCST90201693	ok	""	1	0	http://ftp.ebi.ac.uk/pub/databases/gwas/summary_statistics/GCST90201001-GCST90202000/GCST90201693/harmonised/GCST90201693.h.tsv.gz	150260866	7278494	13599	0.001868	0	1	6876	91	6636	/data/opengwasdb/metabolome-plasma-2023/releases/2023-chen-full-african/filtered/GCST90201693_GCST90201693.filtered.tsv.gz	341051	sha256	7b9d3a09abca5c7b232043ce7d7ea4208f0b26b94c7f312a0d0cf411ecb92b2b	5.8	19.2	25
GCST90201694	ok	""	1	0	http://ftp.ebi.ac.uk/pub/databases/gwas/summary_statistics/GCST90201001-GCST90202000/GCST90201694/harmonised/GCST90201694.h.tsv.gz	150419940	7296671	6734	0.000923	0	0	0	79	6655	/data/opengwasdb/metabolome-plasma-2023/releases/2023-chen-full-african/filtered/GCST90201694_GCST90201694.filtered.tsv.gz	185691	sha256	c86830241ac71e208b1bd01faae1ae95f804543b2895cf2179dce892d04e26cc	9.4	18.7	28.2
GCST90201695	ok	""	1	0	http://ftp.ebi.ac.uk/pub/databases/gwas/summary_statistics/GCST90201001-GCST90202000/GCST90201695/harmonised/GCST90201695.h.tsv.gz	157820463	7302937	6748	0.000924	0	0	0	87	6661	/data/opengwasdb/metabolome-plasma-2023/releases/2023-chen-full-african/filtered/GCST90201695_GCST90201695.filtered.tsv.gz	185885	sha256	e349c5f5abe200c82ed22320f0daeafbddba3d5ebee647db8cb7c9e9dadc3941	10.3	18.2	28.5
GCST90201696	ok	""	1	0	http://ftp.ebi.ac.uk/pub/databases/gwas/summary_statistics/GCST90201001-GCST90202000/GCST90201696/harmonised/GCST90201696.h.tsv.gz	150592824	7290825	32368	0.00444	0	5	25576	162	6655	/data/opengwasdb/metabolome-plasma-2023/releases/2023-chen-full-african/filtered/GCST90201696_GCST90201696.filtered.tsv.gz	686277	sha256	495af34cd908274ded0570b909fdcf849b36abdd0d135a49c6c74156f7cf8ae3	5.7	20.1	25.8
GCST90201697	ok	""	1	0	http://ftp.ebi.ac.uk/pub/databases/gwas/summary_statistics/GCST90201001-GCST90202000/GCST90201697/harmonised/GCST90201697.h.tsv.gz	157640837	7295088	117832	0.016152	0	17	111064	204	6652	/data/opengwasdb/metabolome-plasma-2023/releases/2023-chen-full-african/filtered/GCST90201697_GCST90201697.filtered.tsv.gz	2400321	sha256	59a98069ae013f2dbe594b5f124ff915bcc957c4f681230ad927110766f6e795	11.8	21.8	33.6
GCST90201698	ok	""	1	0	http://ftp.ebi.ac.uk/pub/databases/gwas/summary_statistics/GCST90201001-GCST90202000/GCST90201698/harmonised/GCST90201698.h.tsv.gz	157572127	7278494	40087	0.005508	0	6	33323	154	6636	/data/opengwasdb/metabolome-plasma-2023/releases/2023-chen-full-african/filtered/GCST90201698_GCST90201698.filtered.tsv.gz	873864	sha256	adeabec22ebb394567161fda4f2fd9f9c01418a4be3b3b920bfb1939dd205862	6.7	20.3	27
GCST90201699	ok	""	1	0	http://ftp.ebi.ac.uk/pub/databases/gwas/summary_statistics/GCST90201001-GCST90202000/GCST90201699/harmonised/GCST90201699.h.tsv.gz	150635813	7290825	39239	0.005382	0	5	32480	126	6655	/data/opengwasdb/metabolome-plasma-2023/releases/2023-chen-full-african/filtered/GCST90201699_GCST90201699.filtered.tsv.gz	827322	sha256	f559ddf9d07975eea2a86025c41a85c83c489bb3526015ae63cc467d456da721	7	19.4	26.3
GCST90201700	ok	""	1	0	http://ftp.ebi.ac.uk/pub/databases/gwas/summary_statistics/GCST90201001-GCST90202000/GCST90201700/harmonised/GCST90201700.h.tsv.gz	150324540	7278494	10469	0.001438	0	1	3736	103	6636	/data/opengwasdb/metabolome-plasma-2023/releases/2023-chen-full-african/filtered/GCST90201700_GCST90201700.filtered.tsv.gz	259642	sha256	7feda479040e5b0b1ffa0aeb3985faeb7ffd5815dd52ad73efd0b80af704e059	6.3	20.1	26.4
GCST90201701	ok	""	1	0	http://ftp.ebi.ac.uk/pub/databases/gwas/summary_statistics/GCST90201001-GCST90202000/GCST90201701/harmonised/GCST90201701.h.tsv.gz	157936675	7314128	15468	0.002115	0	2	8683	111	6686	/data/opengwasdb/metabolome-plasma-2023/releases/2023-chen-full-african/filtered/GCST90201701_GCST90201701.filtered.tsv.gz	340459	sha256	99521ec4d190fb05dbd6702c9d2f202a3e9dfb40b20f763a8683108ad9dfd020	7.6	18.9	26.6
GCST90201702	ok	""	1	0	http://ftp.ebi.ac.uk/pub/databases/gwas/summary_statistics/GCST90201001-GCST90202000/GCST90201702/harmonised/GCST90201702.h.tsv.gz	148735710	7423871	14376	0.001936	0	1	7349	202	6831	/data/opengwasdb/metabolome-plasma-2023/releases/2023-chen-full-african/filtered/GCST90201702_GCST90201702.filtered.tsv.gz	326623	sha256	03e2328e8c2e1f3959443fe1d9de17960bb6b7def98b9113def6cde759870cf7	10.5	18.9	29.4
GCST90201703	ok	""	1	0	http://ftp.ebi.ac.uk/pub/databases/gwas/summary_statistics/GCST90201001-GCST90202000/GCST90201703/harmonised/GCST90201703.h.tsv.gz	157972513	7313625	6764	0.000925	0	0	0	88	6676	/data/opengwasdb/metabolome-plasma-2023/releases/2023-chen-full-african/filtered/GCST90201703_GCST90201703.filtered.tsv.gz	186350	sha256	45b5bcc8505ce252290b022028136e3a684e10b44753368eb6473f7a8d61b92c	10.2	18.7	29
GCST90201704	ok	""	1	0	http://ftp.ebi.ac.uk/pub/databases/gwas/summary_statistics/GCST90201001-GCST90202000/GCST90201704/harmonised/GCST90201704.h.tsv.gz	151471595	7364019	47138	0.006401	0	7	40262	173	6739	/data/opengwasdb/metabolome-plasma-2023/releases/2023-chen-full-african/filtered/GCST90201704_GCST90201704.filtered.tsv.gz	990555	sha256	2515f485461c5ef0f85b6fd8bc4e5e8e36a49cc8a9f5a345f6aeb96b0b7760ed	8.7	19.9	28.5
GCST90201705	ok	""	1	0	http://ftp.ebi.ac.uk/pub/databases/gwas/summary_statistics/GCST90201001-GCST90202000/GCST90201705/harmonised/GCST90201705.h.tsv.gz	158453924	7356904	72261	0.009822	0	11	65395	181	6727	/data/opengwasdb/metabolome-plasma-2023/releases/2023-chen-full-african/filtered/GCST90201705_GCST90201705.filtered.tsv.gz	1470422	sha256	120c94b4bc77c12ac33b263e1fd1c7ee740aa69c8e8c837ebda1ac6026c11d59	7	19.9	26.9
GCST90201706	ok	""	1	0	http://ftp.ebi.ac.uk/pub/databases/gwas/summary_statistics/GCST90201001-GCST90202000/GCST90201706/harmonised/GCST90201706.h.tsv.gz	157583333	7278494	110038	0.015118	0	15	103316	166	6636	/data/opengwasdb/metabolome-plasma-2023/releases/2023-chen-full-african/filtered/GCST90201706_GCST90201706.filtered.tsv.gz	2235947	sha256	c1307599885efe3c4a5871690a0a320d16695e23a8d71da8cd8bf1aba9f95107	8.8	20.6	29.4
GCST90201707	ok	""	1	0	http://ftp.ebi.ac.uk/pub/databases/gwas/summary_statistics/GCST90201001-GCST90202000/GCST90201707/harmonised/GCST90201707.h.tsv.gz	150609343	7290825	16057	0.002202	0	2	9304	108	6655	/data/opengwasdb/metabolome-plasma-2023/releases/2023-chen-full-african/filtered/GCST90201707_GCST90201707.filtered.tsv.gz	372788	sha256	4927ce5e63985ef9274b22e5c93522e183103dfa991e5f2b5a2ad4475605700b	8.2	18.3	26.5
GCST90201708	ok	""	1	0	http://ftp.ebi.ac.uk/pub/databases/gwas/summary_statistics/GCST90201001-GCST90202000/GCST90201708/harmonised/GCST90201708.h.tsv.gz	150621341	7304584	22532	0.003085	0	3	15787	97	6662	/data/opengwasdb/metabolome-plasma-2023/releases/2023-chen-full-african/filtered/GCST90201708_GCST90201708.filtered.tsv.gz	480457	sha256	f91a4f2c48bb0faf632b4eeb2600005847ffed9fc1bf873ac4d63cc054115102	6.1	20.5	26.6
GCST90201709	ok	""	1	0	http://ftp.ebi.ac.uk/pub/databases/gwas/summary_statistics/GCST90201001-GCST90202000/GCST90201709/harmonised/GCST90201709.h.tsv.gz	150603245	7290825	6733	0.000923	0	0	0	78	6655	/data/opengwasdb/metabolome-plasma-2023/releases/2023-chen-full-african/filtered/GCST90201709_GCST90201709.filtered.tsv.gz	185858	sha256	31fb98a51c8f991469408d8d56774a1da97b1aed11fc0aa58adf11b3edb0934a	6.6	18.6	25.2
GCST90201710	ok	""	1	0	http://ftp.ebi.ac.uk/pub/databases/gwas/summary_statistics/GCST90201001-GCST90202000/GCST90201710/harmonised/GCST90201710.h.tsv.gz	150642917	7290825	11625	0.001594	0	1	4910	64	6655	/data/opengwasdb/metabolome-plasma-2023/releases/2023-chen-full-african/filtered/GCST90201710_GCST90201710.filtered.tsv.gz	280336	sha256	62cb72a6a5700e5fdd02d1ed47fe5360daa6a39cbc864e7a8f0289a55ac64593	9.6	19.7	29.3
GCST90201711	ok	""	1	0	http://ftp.ebi.ac.uk/pub/databases/gwas/summary_statistics/GCST90201001-GCST90202000/GCST90201711/harmonised/GCST90201711.h.tsv.gz	154058998	7310187	45995	0.006292	0	7	39248	130	6656	/data/opengwasdb/metabolome-plasma-2023/releases/2023-chen-full-african/filtered/GCST90201711_GCST90201711.filtered.tsv.gz	942949	sha256	cb8c4f26ff4c127cc0e2779eab18ec81180438db2bc046dc8d0e0ca5b71eb4dc	10.5	20.6	31.1
GCST90201712	ok	""	1	0	http://ftp.ebi.ac.uk/pub/databases/gwas/summary_statistics/GCST90201001-GCST90202000/GCST90201712/harmonised/GCST90201712.h.tsv.gz	157906207	7304462	58581	0.00802	0	8	51841	122	6661	/data/opengwasdb/metabolome-plasma-2023/releases/2023-chen-full-african/filtered/GCST90201712_GCST90201712.filtered.tsv.gz	1212108	sha256	fb30959fd4e10129a8d67e8917711eac501de723bfb8de927b6c8e0cc6df23c1	9.6	19.5	29.1
GCST90201713	ok	""	1	0	http://ftp.ebi.ac.uk/pub/databases/gwas/summary_statistics/GCST90201001-GCST90202000/GCST90201713/harmonised/GCST90201713.h.tsv.gz	156393293	7433329	19804	0.002664	0	2	12876	114	6825	/data/opengwasdb/metabolome-plasma-2023/releases/2023-chen-full-african/filtered/GCST90201713_GCST90201713.filtered.tsv.gz	457044	sha256	72d8778e5a4f6bff89774c0fe61cbaeb3469c4551bf56cba7beb7f67567e63d4	9.8	20.1	29.9
GCST90201714	ok	""	1	0	http://ftp.ebi.ac.uk/pub/databases/gwas/summary_statistics/GCST90201001-GCST90202000/GCST90201714/harmonised/GCST90201714.h.tsv.gz	157863927	7304584	20417	0.002795	0	2	13663	100	6662	/data/opengwasdb/metabolome-plasma-2023/releases/2023-chen-full-african/filtered/GCST90201714_GCST90201714.filtered.tsv.gz	455645	sha256	ffc832ca2867b040d70b0bb1ee0f12b0f3cb93138d437e6ab183ac6580d8b724	11.2	19.4	30.6
GCST90201715	ok	""	1	0	http://ftp.ebi.ac.uk/pub/databases/gwas/summary_statistics/GCST90201001-GCST90202000/GCST90201715/harmonised/GCST90201715.h.tsv.gz	157761739	7302981	6718	0.00092	0	0	0	54	6664	/data/opengwasdb/metabolome-plasma-2023/releases/2023-chen-full-african/filtered/GCST90201715_GCST90201715.filtered.tsv.gz	184917	sha256	0ef8fa45634b38032568125b3026f13f96d4be96103e19f80dcf3ba2e8b7c185	11.3	19.8	31.2
GCST90201716	ok	""	1	0	http://ftp.ebi.ac.uk/pub/databases/gwas/summary_statistics/GCST90201001-GCST90202000/GCST90201716/harmonised/GCST90201716.h.tsv.gz	152988427	7538716	46511	0.00617	0	6	39518	99	6925	/data/opengwasdb/metabolome-plasma-2023/releases/2023-chen-full-african/filtered/GCST90201716_GCST90201716.filtered.tsv.gz	958212	sha256	bf0d5f17f28b042be9bba78279b69d6a9da24321f1c684d8ea491903320ab102	10.6	19	29.6
GCST90201717	ok	""	1	0	http://ftp.ebi.ac.uk/pub/databases/gwas/summary_statistics/GCST90201001-GCST90202000/GCST90201717/harmonised/GCST90201717.h.tsv.gz	150627965	7305942	12246	0.001676	0	1	5508	74	6668	/data/opengwasdb/metabolome-plasma-2023/releases/2023-chen-full-african/filtered/GCST90201717_GCST90201717.filtered.tsv.gz	295253	sha256	ed28bb86bc83f6fed7da5b053861828b44a6bc5895ca4e97f222f481605e197a	10.6	19.2	29.7
GCST90201718	ok	""	1	0	http://ftp.ebi.ac.uk/pub/databases/gwas/summary_statistics/GCST90201001-GCST90202000/GCST90201718/harmonised/GCST90201718.h.tsv.gz	157580756	7278494	23353	0.003208	0	3	16655	79	6636	/data/opengwasdb/metabolome-plasma-2023/releases/2023-chen-full-african/filtered/GCST90201718_GCST90201718.filtered.tsv.gz	518168	sha256	6cc320d5b347b116f358effbfdd9786aaf629baa25b2272087c2900670af128a	6.7	19.1	25.8
GCST90201719	ok	""	1	0	http://ftp.ebi.ac.uk/pub/databases/gwas/summary_statistics/GCST90201001-GCST90202000/GCST90201719/harmonised/GCST90201719.h.tsv.gz	157481308	7525597	52072	0.006919	0	7	44990	175	6944	/data/opengwasdb/metabolome-plasma-2023/releases/2023-chen-full-african/filtered/GCST90201719_GCST90201719.filtered.tsv.gz	1055628	sha256	bcfa70168af431ff328eec36c9bb94b3527aee4bd0c700789d352692bf2f7a68	10	21.1	31
GCST90201720	ok	""	1	0	http://ftp.ebi.ac.uk/pub/databases/gwas/summary_statistics/GCST90201001-GCST90202000/GCST90201720/harmonised/GCST90201720.h.tsv.gz	150493688	7299849	17035	0.002334	0	2	10294	83	6670	/data/opengwasdb/metabolome-plasma-2023/releases/2023-chen-full-african/filtered/GCST90201720_GCST90201720.filtered.tsv.gz	397209	sha256	5d04c79ff9ba546a88b6d8c949ae9ba36d9ed9f803db6601924f270e2b380dc1	11.9	17.9	29.7
GCST90201721	ok	""	1	0	http://ftp.ebi.ac.uk/pub/databases/gwas/summary_statistics/GCST90201001-GCST90202000/GCST90201721/harmonised/GCST90201721.h.tsv.gz	157578436	7278494	25326	0.00348	0	3	18574	127	6636	/data/opengwasdb/metabolome-plasma-2023/releases/2023-chen-full-african/filtered/GCST90201721_GCST90201721.filtered.tsv.gz	562360	sha256	f3ce74c856c39b0a5ffe5304f8a1866728b0e7cf8e307f4e74513411ed0c1f47	11.6	19.5	31.1
GCST90201722	ok	""	1	0	http://ftp.ebi.ac.uk/pub/databases/gwas/summary_statistics/GCST90201001-GCST90202000/GCST90201722/harmonised/GCST90201722.h.tsv.gz	157446646	7278494	6713	0.000922	0	0	0	77	6636	/data/opengwasdb/metabolome-plasma-2023/releases/2023-chen-full-african/filtered/GCST90201722_GCST90201722.filtered.tsv.gz	184979	sha256	ee7d7a8557b3d4b83638469d034edaa488b8d0660b58e4052bb30cd979bcec91	10.1	20.7	30.8
GCST90201723	ok	""	1	0	http://ftp.ebi.ac.uk/pub/databases/gwas/summary_statistics/GCST90201001-GCST90202000/GCST90201723/harmonised/GCST90201723.h.tsv.gz	157593465	7278494	14102	0.001937	0	1	7349	121	6636	/data/opengwasdb/metabolome-plasma-2023/releases/2023-chen-full-african/filtered/GCST90201723_GCST90201723.filtered.tsv.gz	316676	sha256	f01670f44817f20c8bca4fa731ece36b7d43957b9aa8e7f5939e5064383c6dfb	11.1	18.7	29.8
GCST90201724	ok	""	1	0	http://ftp.ebi.ac.uk/pub/databases/gwas/summary_statistics/GCST90201001-GCST90202000/GCST90201724/harmonised/GCST90201724.h.tsv.gz	157502258	7278494	11710	0.001609	0	1	5005	73	6636	/data/opengwasdb/metabolome-plasma-2023/releases/2023-chen-full-african/filtered/GCST90201724_GCST90201724.filtered.tsv.gz	284000	sha256	2ee956cf002f47ed87fcda238760fde645fc86fc006a3ded10a8b58c062d2d82	11	19.5	30.5
GCST90201725	ok	""	1	0	http://ftp.ebi.ac.uk/pub/databases/gwas/summary_statistics/GCST90201001-GCST90202000/GCST90201725/harmonised/GCST90201725.h.tsv.gz	157565626	7278494	61412	0.008437	0	9	54686	129	6636	/data/opengwasdb/metabolome-plasma-2023/releases/2023-chen-full-african/filtered/GCST90201725_GCST90201725.filtered.tsv.gz	1287425	sha256	e0a3155829e5fb1dcc35376a5d59bb50d6e15b95897a04ca219723742ad66fc0	9.8	20.4	30.2
GCST90201726	ok	""	1	0	http://ftp.ebi.ac.uk/pub/databases/gwas/summary_statistics/GCST90201001-GCST90202000/GCST90201726/harmonised/GCST90201726.h.tsv.gz	159429031	7397019	27462	0.003713	0	4	20635	73	6769	/data/opengwasdb/metabolome-plasma-2023/releases/2023-chen-full-african/filtered/GCST90201726_GCST90201726.filtered.tsv.gz	600717	sha256	4641d09d53afc36a88d023db6d1435ea4d8cd176cadb973cac3892f24b468315	11.9	20.2	32.1
GCST90201727	ok	""	1	0	http://ftp.ebi.ac.uk/pub/databases/gwas/summary_statistics/GCST90201001-GCST90202000/GCST90201727/harmonised/GCST90201727.h.tsv.gz	150043626	7517615	23141	0.003078	0	3	16090	107	6957	/data/opengwasdb/metabolome-plasma-2023/releases/2023-chen-full-african/filtered/GCST90201727_GCST90201727.filtered.tsv.gz	501787	sha256	6ade4b190b089f8e24154cbdf16b172da760cb2ee0ca07a10db293c0b13f98a6	11	18.5	29.5
GCST90201728	ok	""	1	0	http://ftp.ebi.ac.uk/pub/databases/gwas/summary_statistics/GCST90201001-GCST90202000/GCST90201728/harmonised/GCST90201728.h.tsv.gz	157560689	7278494	11983	0.001646	0	1	5284	69	6636	/data/opengwasdb/metabolome-plasma-2023/releases/2023-chen-full-african/filtered/GCST90201728_GCST90201728.filtered.tsv.gz	286115	sha256	4ba1388875109c6bc6b2bc7954af2936e214aeeb8d6cc62dbfb108640285e9a4	9.5	18.5	27.9
GCST90201729	ok	""	1	0	http://ftp.ebi.ac.uk/pub/databases/gwas/summary_statistics/GCST90201001-GCST90202000/GCST90201729/harmonised/GCST90201729.h.tsv.gz	150242116	7278494	38130	0.005239	0	5	31397	122	6636	/data/opengwasdb/metabolome-plasma-2023/releases/2023-chen-full-african/filtered/GCST90201729_GCST90201729.filtered.tsv.gz	845037	sha256	76021937a7c5287f502bfc261f77fcf0cf5d8f575c3daf312fa2238b125476a2	9.4	20	29.4
GCST90201730	ok	""	1	0	http://ftp.ebi.ac.uk/pub/databases/gwas/summary_statistics/GCST90201001-GCST90202000/GCST90201730/harmonised/GCST90201730.h.tsv.gz	150865033	7316764	13100	0.00179	0	1	6332	85	6689	/data/opengwasdb/metabolome-plasma-2023/releases/2023-chen-full-african/filtered/GCST90201730_GCST90201730.filtered.tsv.gz	302252	sha256	69375a13a21c6c89f0445d84e8591ef337cced84a4539190d1bf72a81aefeec0	9.2	19.9	29
GCST90201731	ok	""	1	0	http://ftp.ebi.ac.uk/pub/databases/gwas/summary_statistics/GCST90201001-GCST90202000/GCST90201731/harmonised/GCST90201731.h.tsv.gz	150331418	7278494	6721	0.000923	0	0	0	85	6636	/data/opengwasdb/metabolome-plasma-2023/releases/2023-chen-full-african/filtered/GCST90201731_GCST90201731.filtered.tsv.gz	185668	sha256	963b22dc4f29c62b381432df9dd666fa32d2c4707041e8dc767dd0f6568fcc9b	9.2	18.5	27.6
GCST90201732	ok	""	1	0	http://ftp.ebi.ac.uk/pub/databases/gwas/summary_statistics/GCST90201001-GCST90202000/GCST90201732/harmonised/GCST90201732.h.tsv.gz	158186257	7329328	29138	0.003976	0	4	22348	108	6699	/data/opengwasdb/metabolome-plasma-2023/releases/2023-chen-full-african/filtered/GCST90201732_GCST90201732.filtered.tsv.gz	636997	sha256	ee1e74f8845445203ace7a9719167249a38a483fdb7280fca4f9dfc8c747035e	11.8	18.6	30.4
GCST90201733	ok	""	1	0	http://ftp.ebi.ac.uk/pub/databases/gwas/summary_statistics/GCST90201001-GCST90202000/GCST90201733/harmonised/GCST90201733.h.tsv.gz	159306463	7447309	26791	0.003597	0	3	19824	146	6837	/data/opengwasdb/metabolome-plasma-2023/releases/2023-chen-full-african/filtered/GCST90201733_GCST90201733.filtered.tsv.gz	578286	sha256	9eabafd186944e0b810697282e8fc5e7056bcec81229137a1285146e27018a62	9.5	18.6	28.1
GCST90201734	ok	""	1	0	http://ftp.ebi.ac.uk/pub/databases/gwas/summary_statistics/GCST90201001-GCST90202000/GCST90201734/harmonised/GCST90201734.h.tsv.gz	157580571	7278494	11163	0.001534	0	1	4453	79	6636	/data/opengwasdb/metabolome-plasma-2023/releases/2023-chen-full-african/filtered/GCST90201734_GCST90201734.filtered.tsv.gz	267632	sha256	e82588a4859ebc79a9b1f21fdf1b139351842a3c7486fa91bd873b63f19cdbca	6.7	19.5	26.2
GCST90201735	ok	""	1	0	http://ftp.ebi.ac.uk/pub/databases/gwas/summary_statistics/GCST90201001-GCST90202000/GCST90201735/harmonised/GCST90201735.h.tsv.gz	157485117	7278494	17708	0.002433	0	2	10983	101	6636	/data/opengwasdb/metabolome-plasma-2023/releases/2023-chen-full-african/filtered/GCST90201735_GCST90201735.filtered.tsv.gz	406375	sha256	44c8dde9139639049483efd598fd13d5e46eca25f6f4332dc449c05b03808b73	9.7	18.5	28.2
GCST90201736	ok	""	1	0	http://ftp.ebi.ac.uk/pub/databases/gwas/summary_statistics/GCST90201001-GCST90202000/GCST90201736/harmonised/GCST90201736.h.tsv.gz	145431033	7210084	27095	0.003758	0	4	20473	84	6555	/data/opengwasdb/metabolome-plasma-2023/releases/2023-chen-full-african/filtered/GCST90201736_GCST90201736.filtered.tsv.gz	579249	sha256	865fb0dfc3e579488dc7dda9f3e21f4e9ddde655d411a04f4f9c729dd056670e	9.4	18.7	28
GCST90201737	ok	""	1	0	http://ftp.ebi.ac.uk/pub/databases/gwas/summary_statistics/GCST90201001-GCST90202000/GCST90201737/harmonised/GCST90201737.h.tsv.gz	151575354	7402469	14391	0.001944	0	1	7531	82	6783	/data/opengwasdb/metabolome-plasma-2023/releases/2023-chen-full-african/filtered/GCST90201737_GCST90201737.filtered.tsv.gz	320035	sha256	13480f1558686a374f6da31899909f10a7ad6a62e814aba9eb2699c3c04d7342	10.8	19.8	30.6
GCST90201738	ok	""	1	0	http://ftp.ebi.ac.uk/pub/databases/gwas/summary_statistics/GCST90201001-GCST90202000/GCST90201738/harmonised/GCST90201738.h.tsv.gz	157563949	7278494	18373	0.002524	0	2	11651	94	6636	/data/opengwasdb/metabolome-plasma-2023/releases/2023-chen-full-african/filtered/GCST90201738_GCST90201738.filtered.tsv.gz	424606	sha256	fe4674311cf6e4c44afc145ef4b2584917d2c3b5b9bccda05ce429644f8e8b55	7.2	17.7	24.9
GCST90201739	ok	""	1	0	http://ftp.ebi.ac.uk/pub/databases/gwas/summary_statistics/GCST90201001-GCST90202000/GCST90201739/harmonised/GCST90201739.h.tsv.gz	150604044	7304584	17665	0.002418	0	2	10923	89	6662	/data/opengwasdb/metabolome-plasma-2023/releases/2023-chen-full-african/filtered/GCST90201739_GCST90201739.filtered.tsv.gz	411289	sha256	fa66e29a752b0c0290d2288ce83304a7356b6c589a386213e4c1ae3b631d7637	5.9	18.4	24.2
GCST90201740	ok	""	1	0	http://ftp.ebi.ac.uk/pub/databases/gwas/summary_statistics/GCST90201001-GCST90202000/GCST90201740/harmonised/GCST90201740.h.tsv.gz	150568592	7290825	24717	0.00339	0	3	17981	99	6655	/data/opengwasdb/metabolome-plasma-2023/releases/2023-chen-full-african/filtered/GCST90201740_GCST90201740.filtered.tsv.gz	526887	sha256	f1a80c85f5b2a9349fd4f95688bcd6df6a74934b28cff6a13be04ad2a2b42257	11	17.8	28.8
GCST90201741	ok	""	1	0	http://ftp.ebi.ac.uk/pub/databases/gwas/summary_statistics/GCST90201001-GCST90202000/GCST90201741/harmonised/GCST90201741.h.tsv.gz	158424118	7352277	11494	0.001563	0	1	4657	113	6729	/data/opengwasdb/metabolome-plasma-2023/releases/2023-chen-full-african/filtered/GCST90201741_GCST90201741.filtered.tsv.gz	284373	sha256	e9176b372edd41059fc20a60bd713158d962879dea1a5ddd3c75a0fa41f1830b	10	20.1	30.1
GCST90201742	ok	""	1	0	http://ftp.ebi.ac.uk/pub/databases/gwas/summary_statistics/GCST90201001-GCST90202000/GCST90201742/harmonised/GCST90201742.h.tsv.gz	150328128	7278494	18658	0.002563	0	2	11965	66	6636	/data/opengwasdb/metabolome-plasma-2023/releases/2023-chen-full-african/filtered/GCST90201742_GCST90201742.filtered.tsv.gz	423213	sha256	4c7a9a1efb1e3a9da3ac2ad99f7f133b93e12a3f50a294a01cfe4e4b3e043702	11.1	18.1	29.2
GCST90201743	ok	""	1	0	http://ftp.ebi.ac.uk/pub/databases/gwas/summary_statistics/GCST90201001-GCST90202000/GCST90201743/harmonised/GCST90201743.h.tsv.gz	150648569	7305860	12453	0.001705	0	1	5733	63	6662	/data/opengwasdb/metabolome-plasma-2023/releases/2023-chen-full-african/filtered/GCST90201743_GCST90201743.filtered.tsv.gz	298560	sha256	6ef05e7a7006a1a3bfe9af1144511e649c1391ebee3addaa9b472c7c9d2562c9	9.9	18.9	28.8
GCST90201744	ok	""	1	0	http://ftp.ebi.ac.uk/pub/databases/gwas/summary_statistics/GCST90201001-GCST90202000/GCST90201744/harmonised/GCST90201744.h.tsv.gz	150597844	7290825	28452	0.003902	0	3	21750	65	6655	/data/opengwasdb/metabolome-plasma-2023/releases/2023-chen-full-african/filtered/GCST90201744_GCST90201744.filtered.tsv.gz	595540	sha256	2189aa0abaa6de7639a5208955be69129077f050c63595f1cb5dd06c0c411b73	10.3	19.2	29.5
GCST90201745	ok	""	1	0	http://ftp.ebi.ac.uk/pub/databases/gwas/summary_statistics/GCST90201001-GCST90202000/GCST90201745/harmonised/GCST90201745.h.tsv.gz	150313274	7278494	6727	0.000924	0	0	0	91	6636	/data/opengwasdb/metabolome-plasma-2023/releases/2023-chen-full-african/filtered/GCST90201745_GCST90201745.filtered.tsv.gz	185743	sha256	7a409d97e3a5d861f927fb643e1231d07f71e1a4168a834436c2880343c0af99	9.6	19.2	28.8
GCST90201746	ok	""	1	0	http://ftp.ebi.ac.uk/pub/databases/gwas/summary_statistics/GCST90201001-GCST90202000/GCST90201746/harmonised/GCST90201746.h.tsv.gz	151621634	7353272	51857	0.007052	0	7	45070	107	6720	/data/opengwasdb/metabolome-plasma-2023/releases/2023-chen-full-african/filtered/GCST90201746_GCST90201746.filtered.tsv.gz	1070465	sha256	ff2f12a5ff875612a029ffd220b8351c15a37d27a8d943334c3d117db47a5a9c	7.1	20.6	27.8
GCST90201747	ok	""	1	0	http://ftp.ebi.ac.uk/pub/databases/gwas/summary_statistics/GCST90201001-GCST90202000/GCST90201747/harmonised/GCST90201747.h.tsv.gz	150601206	7290825	23977	0.003289	0	3	17238	96	6655	/data/opengwasdb/metabolome-plasma-2023/releases/2023-chen-full-african/filtered/GCST90201747_GCST90201747.filtered.tsv.gz	542139	sha256	3d2c41464bf56fcf0060e5db063410d19a415d7a59d49226f690faa23bf214a8	4.9	18.5	23.4
GCST90201748	ok	""	1	0	http://ftp.ebi.ac.uk/pub/databases/gwas/summary_statistics/GCST90201001-GCST90202000/GCST90201748/harmonised/GCST90201748.h.tsv.gz	158266595	7339732	16136	0.002198	0	2	9361	85	6697	/data/opengwasdb/metabolome-plasma-2023/releases/2023-chen-full-african/filtered/GCST90201748_GCST90201748.filtered.tsv.gz	369959	sha256	3edc9dc8606cc2af88a5c15af244fd4bf0b402bec5ada661547a8a44e8be0b37	7.5	19.1	26.6
GCST90201749	ok	""	1	0	http://ftp.ebi.ac.uk/pub/databases/gwas/summary_statistics/GCST90201001-GCST90202000/GCST90201749/harmonised/GCST90201749.h.tsv.gz	147015818	7570655	94913	0.012537	0	15	87755	206	7023	/data/opengwasdb/metabolome-plasma-2023/releases/2023-chen-full-african/filtered/GCST90201749_GCST90201749.filtered.tsv.gz	1861361	sha256	863bb0929f53b9f6c74450db365947465485d54ec171b683ab4450b5abd0ec21	8.8	22.8	31.7
GCST90201750	ok	""	1	0	http://ftp.ebi.ac.uk/pub/databases/gwas/summary_statistics/GCST90201001-GCST90202000/GCST90201750/harmonised/GCST90201750.h.tsv.gz	157546928	7278494	31148	0.004279	0	5	24466	75	6636	/data/opengwasdb/metabolome-plasma-2023/releases/2023-chen-full-african/filtered/GCST90201750_GCST90201750.filtered.tsv.gz	669661	sha256	15b92015920fa041fc80951fa0fd943f2b5329bb00a504dadbd1d8c6f53ad085	9.1	19	28.1
GCST90201751	ok	""	1	0	http://ftp.ebi.ac.uk/pub/databases/gwas/summary_statistics/GCST90201001-GCST90202000/GCST90201751/harmonised/GCST90201751.h.tsv.gz	150770213	7321556	14830	0.002026	0	2	8095	60	6683	/data/opengwasdb/metabolome-plasma-2023/releases/2023-chen-full-african/filtered/GCST90201751_GCST90201751.filtered.tsv.gz	341760	sha256	01c557990ee8397df22847d6891fbd1359a5c0a684b0011e643fd0ac04849827	9.8	19.2	29
GCST90201752	ok	""	1	0	http://ftp.ebi.ac.uk/pub/databases/gwas/summary_statistics/GCST90201001-GCST90202000/GCST90201752/harmonised/GCST90201752.h.tsv.gz	157865224	7304272	23074	0.003159	0	3	16346	68	6672	/data/opengwasdb/metabolome-plasma-2023/releases/2023-chen-full-african/filtered/GCST90201752_GCST90201752.filtered.tsv.gz	504374	sha256	3671163d3572a869e0e8b029459a23b657d152a792dc96b1717c33a76ad6ca55	9.4	20.2	29.6
GCST90201753	ok	""	1	0	http://ftp.ebi.ac.uk/pub/databases/gwas/summary_statistics/GCST90201001-GCST90202000/GCST90201753/harmonised/GCST90201753.h.tsv.gz	151327163	7361382	48665	0.006611	0	8	41852	120	6733	/data/opengwasdb/metabolome-plasma-2023/releases/2023-chen-full-african/filtered/GCST90201753_GCST90201753.filtered.tsv.gz	987275	sha256	79d792c3a79c6f167d4a7e099a79854fd35b466bbc6b4fb531f03cc4c3f5c31c	8.8	20.8	29.6
GCST90201754	ok	""	1	0	http://ftp.ebi.ac.uk/pub/databases/gwas/summary_statistics/GCST90201001-GCST90202000/GCST90201754/harmonised/GCST90201754.h.tsv.gz	151099277	7371538	6850	0.000929	0	0	0	96	6754	/data/opengwasdb/metabolome-plasma-2023/releases/2023-chen-full-african/filtered/GCST90201754_GCST90201754.filtered.tsv.gz	188008	sha256	060c3d35095e1ab16602d81570f77411e48f8e1b8d443fde21f6f0dc11efa861	9	17.7	26.7
GCST90201755	ok	""	1	0	http://ftp.ebi.ac.uk/pub/databases/gwas/summary_statistics/GCST90201001-GCST90202000/GCST90201755/harmonised/GCST90201755.h.tsv.gz	157940757	7305430	20001	0.002738	0	2	13273	73	6667	/data/opengwasdb/metabolome-plasma-2023/releases/2023-chen-full-african/filtered/GCST90201755_GCST90201755.filtered.tsv.gz	458305	sha256	9c4ec889f818dfbfde73cdb1cc4094d860032f934d0435057e4ed42d12067a10	10.6	18.6	29.2
GCST90201756	ok	""	1	0	http://ftp.ebi.ac.uk/pub/databases/gwas/summary_statistics/GCST90201001-GCST90202000/GCST90201756/harmonised/GCST90201756.h.tsv.gz	157545008	7278494	64830	0.008907	0	10	58062	189	6636	/data/opengwasdb/metabolome-plasma-2023/releases/2023-chen-full-african/filtered/GCST90201756_GCST90201756.filtered.tsv.gz	1320760	sha256	3cbdd6eab4256cd2b8ad460b97eb5df8584b04cb00e04b1ff47c35994c8fbd82	9.3	21.3	30.6
GCST90201757	ok	""	1	0	http://ftp.ebi.ac.uk/pub/databases/gwas/summary_statistics/GCST90201001-GCST90202000/GCST90201757/harmonised/GCST90201757.h.tsv.gz	150619811	7290825	30989	0.00425	0	4	24283	68	6655	/data/opengwasdb/metabolome-plasma-2023/releases/2023-chen-full-african/filtered/GCST90201757_GCST90201757.filtered.tsv.gz	643719	sha256	a0eae9a93559a54814250c1eecf8497ea4f053ccceabafbfaab0c5c9538eb595	9.1	20.1	29.2
GCST90201758	ok	""	1	0	http://ftp.ebi.ac.uk/pub/databases/gwas/summary_statistics/GCST90201001-GCST90202000/GCST90201758/harmonised/GCST90201758.h.tsv.gz	150581390	7290825	69862	0.009582	0	11	63082	184	6655	/data/opengwasdb/metabolome-plasma-2023/releases/2023-chen-full-african/filtered/GCST90201758_GCST90201758.filtered.tsv.gz	1432270	sha256	0728ceb3feac73fb0b314d6ca777edf57c56bf884af8a39e98ff896cd0e00ab1	10.9	20.9	31.7
GCST90201759	ok	""	1	0	http://ftp.ebi.ac.uk/pub/databases/gwas/summary_statistics/GCST90201001-GCST90202000/GCST90201759/harmonised/GCST90201759.h.tsv.gz	148190928	7364043	85758	0.011646	0	14	78920	156	6751	/data/opengwasdb/metabolome-plasma-2023/releases/2023-chen-full-african/filtered/GCST90201759_GCST90201759.filtered.tsv.gz	1693462	sha256	f659141c9d85b4da9ce382a797b44123e3d8b9466edcbc12b2f8311891f47658	6	21.7	27.8
GCST90201760	ok	""	1	0	http://ftp.ebi.ac.uk/pub/databases/gwas/summary_statistics/GCST90201001-GCST90202000/GCST90201760/harmonised/GCST90201760.h.tsv.gz	157467342	7278494	6702	0.000921	0	0	0	66	6636	/data/opengwasdb/metabolome-plasma-2023/releases/2023-chen-full-african/filtered/GCST90201760_GCST90201760.filtered.tsv.gz	184954	sha256	dc42f088cbc379596724bff238b007ee8d1315f7a577b81c79d6b4135a58153d	6.9	18.1	25
GCST90201761	ok	""	1	0	http://ftp.ebi.ac.uk/pub/databases/gwas/summary_statistics/GCST90201001-GCST90202000/GCST90201761/harmonised/GCST90201761.h.tsv.gz	152105797	7391870	91778	0.012416	0	15	84916	164	6774	/data/opengwasdb/metabolome-plasma-2023/releases/2023-chen-full-african/filtered/GCST90201761_GCST90201761.filtered.tsv.gz	1870054	sha256	cf486a61ff54d114a9c79496782955279cf2b28175ccc0c67b3c069563dc27c2	10.7	20.7	31.5
GCST90201762	ok	""	1	0	http://ftp.ebi.ac.uk/pub/databases/gwas/summary_statistics/GCST90201001-GCST90202000/GCST90201762/harmonised/GCST90201762.h.tsv.gz	157557124	7278494	31696	0.004355	0	4	24953	124	6636	/data/opengwasdb/metabolome-plasma-2023/releases/2023-chen-full-african/filtered/GCST90201762_GCST90201762.filtered.tsv.gz	711176	sha256	5da9814cdd4fcf420fb9dca47fee053f2194e3fd9ca5266a135a1567a243afad	9.6	20.3	29.9
GCST90201763	ok	""	1	0	http://ftp.ebi.ac.uk/pub/databases/gwas/summary_statistics/GCST90201001-GCST90202000/GCST90201763/harmonised/GCST90201763.h.tsv.gz	143725819	7437646	70344	0.009458	0	11	63371	180	6847	/data/opengwasdb/metabolome-plasma-2023/releases/2023-chen-full-african/filtered/GCST90201763_GCST90201763.filtered.tsv.gz	1394840	sha256	3ef382c199184b5db0b85f091ac1aaa4ea93e9e60af61bbe0c0ca80092ad7166	10	20.5	30.4
GCST90201764	ok	""	1	0	http://ftp.ebi.ac.uk/pub/databases/gwas/summary_statistics/GCST90201001-GCST90202000/GCST90201764/harmonised/GCST90201764.h.tsv.gz	157496571	7278494	11747	0.001614	0	1	5031	86	6636	/data/opengwasdb/metabolome-plasma-2023/releases/2023-chen-full-african/filtered/GCST90201764_GCST90201764.filtered.tsv.gz	290939	sha256	fae70d0276046eba081bee010d405932bdee619b69ec9cec27982e5084d2a69a	9.6	19.4	29.1
GCST90201765	ok	""	1	0	http://ftp.ebi.ac.uk/pub/databases/gwas/summary_statistics/GCST90201001-GCST90202000/GCST90201765/harmonised/GCST90201765.h.tsv.gz	150907446	7316431	28283	0.003866	0	4	21505	125	6676	/data/opengwasdb/metabolome-plasma-2023/releases/2023-chen-full-african/filtered/GCST90201765_GCST90201765.filtered.tsv.gz	615015	sha256	a7332e5a50dab9d49b418c73bde2ee775246193e0cc9da0d6436522b7922e0d0	8.5	20.1	28.6
GCST90201766	ok	""	1	0	http://ftp.ebi.ac.uk/pub/databases/gwas/summary_statistics/GCST90201001-GCST90202000/GCST90201766/harmonised/GCST90201766.h.tsv.gz	160771534	7557568	38552	0.005101	0	5	31474	131	6974	/data/opengwasdb/metabolome-plasma-2023/releases/2023-chen-full-african/filtered/GCST90201766_GCST90201766.filtered.tsv.gz	764206	sha256	495f77606ee76ee2877da3dcc6a2a81d166c0d139755363cc6537f10b28b2c1a	10.3	19.6	29.9
GCST90201767	ok	""	1	0	http://ftp.ebi.ac.uk/pub/databases/gwas/summary_statistics/GCST90201001-GCST90202000/GCST90201767/harmonised/GCST90201767.h.tsv.gz	150340498	7278494	6730	0.000925	0	0	0	94	6636	/data/opengwasdb/metabolome-plasma-2023/releases/2023-chen-full-african/filtered/GCST90201767_GCST90201767.filtered.tsv.gz	186027	sha256	8afeafee052a8538d521ee34ca46e26509db6faa6c47c0dde6f86a4f179e2e83	10.9	17.5	28.4
GCST90201768	ok	""	1	0	http://ftp.ebi.ac.uk/pub/databases/gwas/summary_statistics/GCST90201001-GCST90202000/GCST90201768/harmonised/GCST90201768.h.tsv.gz	157510638	7278494	12667	0.00174	0	1	5948	89	6636	/data/opengwasdb/metabolome-plasma-2023/releases/2023-chen-full-african/filtered/GCST90201768_GCST90201768.filtered.tsv.gz	308729	sha256	a39c1e57c51d6b241b1579e506c410fbf11929845d26b98516d9e5f98f7b4623	9.7	19.2	28.9
GCST90201769	ok	""	1	0	http://ftp.ebi.ac.uk/pub/databases/gwas/summary_statistics/GCST90201001-GCST90202000/GCST90201769/harmonised/GCST90201769.h.tsv.gz	158264430	7329509	13763	0.001878	0	1	6989	84	6692	/data/opengwasdb/metabolome-plasma-2023/releases/2023-chen-full-african/filtered/GCST90201769_GCST90201769.filtered.tsv.gz	326502	sha256	564a928d93ebde801af990976b20d1a00c747518faee8dcb4274c5934622cefc	11.2	17.8	29.1
GCST90201770	ok	""	1	0	http://ftp.ebi.ac.uk/pub/databases/gwas/summary_statistics/GCST90201001-GCST90202000/GCST90201770/harmonised/GCST90201770.h.tsv.gz	160855633	7567481	27971	0.003696	0	2	20928	86	6970	/data/opengwasdb/metabolome-plasma-2023/releases/2023-chen-full-african/filtered/GCST90201770_GCST90201770.filtered.tsv.gz	619374	sha256	ca52bebd943e59e2c321cab8aedefd457149b5a112b6ffe9b2d7f48656a3f501	11.7	19.3	31
GCST90201771	ok	""	1	0	http://ftp.ebi.ac.uk/pub/databases/gwas/summary_statistics/GCST90201001-GCST90202000/GCST90201771/harmonised/GCST90201771.h.tsv.gz	151152567	7377124	78587	0.010653	0	13	71748	155	6751	/data/opengwasdb/metabolome-plasma-2023/releases/2023-chen-full-african/filtered/GCST90201771_GCST90201771.filtered.tsv.gz	1618850	sha256	cfeb8e6b9647f0c54c8da15d297ae9542020959a03f6c66b8e3ba3ef57248979	8.7	21	29.6
GCST90201772	ok	""	1	0	http://ftp.ebi.ac.uk/pub/databases/gwas/summary_statistics/GCST90201001-GCST90202000/GCST90201772/harmonised/GCST90201772.h.tsv.gz	157873239	7307102	36479	0.004992	0	6	29745	94	6668	/data/opengwasdb/metabolome-plasma-2023/releases/2023-chen-full-african/filtered/GCST90201772_GCST90201772.filtered.tsv.gz	773170	sha256	189e6435dfe4107fc1e763320db90a7039882d8690ed6043c09075d1c2c0d76f	11.6	20.1	31.8
GCST90201773	ok	""	1	0	http://ftp.ebi.ac.uk/pub/databases/gwas/summary_statistics/GCST90201001-GCST90202000/GCST90201773/harmonised/GCST90201773.h.tsv.gz	150945306	7372159	36460	0.004946	0	5	29613	131	6743	/data/opengwasdb/metabolome-plasma-2023/releases/2023-chen-full-african/filtered/GCST90201773_GCST90201773.filtered.tsv.gz	786113	sha256	54fa33b1f7e08fc211538dfb28c09445b773be135712683fb5d0ccdbcec05aed	10.4	20.3	30.7
GCST90201774	ok	""	1	0	http://ftp.ebi.ac.uk/pub/databases/gwas/summary_statistics/GCST90201001-GCST90202000/GCST90201774/harmonised/GCST90201774.h.tsv.gz	157945126	7318834	12464	0.001703	0	1	5714	83	6674	/data/opengwasdb/metabolome-plasma-2023/releases/2023-chen-full-african/filtered/GCST90201774_GCST90201774.filtered.tsv.gz	291539	sha256	1c08d1be881d07ab778d9e896bf6fae26807bbc976e04977b354e226c02dd65f	11.3	18.9	30.2
GCST90201775	ok	""	1	0	http://ftp.ebi.ac.uk/pub/databases/gwas/summary_statistics/GCST90201001-GCST90202000/GCST90201775/harmonised/GCST90201775.h.tsv.gz	157548579	7278494	43841	0.006023	0	7	37151	88	6636	/data/opengwasdb/metabolome-plasma-2023/releases/2023-chen-full-african/filtered/GCST90201775_GCST90201775.filtered.tsv.gz	914418	sha256	e9eb17037472933908cbe50111241122586ddfbd7572a1e4fc668a848bfe0b6a	7.5	21.4	28.9
GCST90201776	ok	""	1	0	http://ftp.ebi.ac.uk/pub/databases/gwas/summary_statistics/GCST90201001-GCST90202000/GCST90201776/harmonised/GCST90201776.h.tsv.gz	157880286	7305860	16885	0.002311	0	1	10146	83	6662	/data/opengwasdb/metabolome-plasma-2023/releases/2023-chen-full-african/filtered/GCST90201776_GCST90201776.filtered.tsv.gz	400828	sha256	28a39c1b37f31a1e5c2d17b6bdd96570811295283ba019e3cfa97f5544b6fa2a	9.7	19.2	28.9
GCST90201777	ok	""	1	0	http://ftp.ebi.ac.uk/pub/databases/gwas/summary_statistics/GCST90201001-GCST90202000/GCST90201777/harmonised/GCST90201777.h.tsv.gz	157568530	7278494	16428	0.002257	0	2	9719	81	6636	/data/opengwasdb/metabolome-plasma-2023/releases/2023-chen-full-african/filtered/GCST90201777_GCST90201777.filtered.tsv.gz	379306	sha256	24bc59d83cbc70623d03599c81226232bd1c3593f6e8dced70584502bbd13cb7	11.4	18.9	30.3
GCST90201778	ok	""	1	0	http://ftp.ebi.ac.uk/pub/databases/gwas/summary_statistics/GCST90201001-GCST90202000/GCST90201778/harmonised/GCST90201778.h.tsv.gz	150660658	7305069	22419	0.003069	0	3	15651	117	6667	/data/opengwasdb/metabolome-plasma-2023/releases/2023-chen-full-african/filtered/GCST90201778_GCST90201778.filtered.tsv.gz	488689	sha256	ecedc7d0a9c97fcee4fd8ad92937fb6099355de4d693f4d06359ee4506502106	9.3	18.3	27.6
GCST90201779	ok	""	1	0	http://ftp.ebi.ac.uk/pub/databases/gwas/summary_statistics/GCST90201001-GCST90202000/GCST90201779/harmonised/GCST90201779.h.tsv.gz	158224460	7330734	131205	0.017898	0	23	124384	244	6699	/data/opengwasdb/metabolome-plasma-2023/releases/2023-chen-full-african/filtered/GCST90201779_GCST90201779.filtered.tsv.gz	2618349	sha256	9ad4227aaf4517cf68100b5e026bc5508619d304d9888ba201b3012a46e60d70	10.1	23.2	33.2
GCST90201780	ok	""	1	0	http://ftp.ebi.ac.uk/pub/databases/gwas/summary_statistics/GCST90201001-GCST90202000/GCST90201780/harmonised/GCST90201780.h.tsv.gz	157478648	7278494	47008	0.006458	0	7	40298	110	6636	/data/opengwasdb/metabolome-plasma-2023/releases/2023-chen-full-african/filtered/GCST90201780_GCST90201780.filtered.tsv.gz	982789	sha256	091b9c2e86c1684467c8bdb0a0f28fc0864287607da95ce660b20ae35da54ecf	9.5	20.8	30.3
GCST90201781	ok	""	1	0	http://ftp.ebi.ac.uk/pub/databases/gwas/summary_statistics/GCST90201001-GCST90202000/GCST90201781/harmonised/GCST90201781.h.tsv.gz	157544418	7278494	12319	0.001693	0	1	5617	72	6636	/data/opengwasdb/metabolome-plasma-2023/releases/2023-chen-full-african/filtered/GCST90201781_GCST90201781.filtered.tsv.gz	280008	sha256	c1e9bc1c8dc3769dfe892f228a38f8473f6012092ffc25a3962de19f31b863f4	9.4	19.4	28.8
GCST90201782	ok	""	1	0	http://ftp.ebi.ac.uk/pub/databases/gwas/summary_statistics/GCST90201001-GCST90202000/GCST90201782/harmonised/GCST90201782.h.tsv.gz	150327757	7278494	23003	0.00316	0	3	16273	107	6636	/data/opengwasdb/metabolome-plasma-2023/releases/2023-chen-full-african/filtered/GCST90201782_GCST90201782.filtered.tsv.gz	515676	sha256	b6b76b22c10903a725c67b871170fdbf3a3cbc460941bdf6ca1d2a7b4b31ae9b	13.1	19.4	32.5
GCST90201783	ok	""	1	0	http://ftp.ebi.ac.uk/pub/databases/gwas/summary_statistics/GCST90201001-GCST90202000/GCST90201783/harmonised/GCST90201783.h.tsv.gz	147169331	7286229	48860	0.006706	0	7	42113	110	6672	/data/opengwasdb/metabolome-plasma-2023/releases/2023-chen-full-african/filtered/GCST90201783_GCST90201783.filtered.tsv.gz	994864	sha256	da9b46face87b403927d6f8c3f155bba7d9579d5fb9b4cf4048430e4833c20b6	12.7	19.3	32
GCST90201784	ok	""	1	0	http://ftp.ebi.ac.uk/pub/databases/gwas/summary_statistics/GCST90201001-GCST90202000/GCST90201784/harmonised/GCST90201784.h.tsv.gz	157865131	7304115	170969	0.023407	0	29	164199	254	6664	/data/opengwasdb/metabolome-plasma-2023/releases/2023-chen-full-african/filtered/GCST90201784_GCST90201784.filtered.tsv.gz	3421175	sha256	96f9c42af9e3bbf4020296610dafd35a3f503a20dde4e0260a69d4decef91f3e	12.1	22.9	35
GCST90201785	ok	""	1	0	http://ftp.ebi.ac.uk/pub/databases/gwas/summary_statistics/GCST90201001-GCST90202000/GCST90201785/harmonised/GCST90201785.h.tsv.gz	157492339	7278494	30395	0.004176	0	4	23730	44	6636	/data/opengwasdb/metabolome-plasma-2023/releases/2023-chen-full-african/filtered/GCST90201785_GCST90201785.filtered.tsv.gz	652671	sha256	b020fc41ac5a6c09e746b567cd3f9ab48be348c1bdf6fa5a13d07819f772b0f9	6.7	19.9	26.6
GCST90201786	ok	""	1	0	http://ftp.ebi.ac.uk/pub/databases/gwas/summary_statistics/GCST90201001-GCST90202000/GCST90201786/harmonised/GCST90201786.h.tsv.gz	157499183	7278494	6693	0.00092	0	0	0	57	6636	/data/opengwasdb/metabolome-plasma-2023/releases/2023-chen-full-african/filtered/GCST90201786_GCST90201786.filtered.tsv.gz	184577	sha256	ebfcece16368e24bab8653cdd3c435e40f71d87350a187b94671f489193f6155	11.1	19.6	30.6
GCST90201787	ok	""	1	0	http://ftp.ebi.ac.uk/pub/databases/gwas/summary_statistics/GCST90201001-GCST90202000/GCST90201787/harmonised/GCST90201787.h.tsv.gz	157613627	7278494	22944	0.003152	0	3	16244	80	6636	/data/opengwasdb/metabolome-plasma-2023/releases/2023-chen-full-african/filtered/GCST90201787_GCST90201787.filtered.tsv.gz	500657	sha256	41a0694e2d3980b4dee6064f7bc6eaefc8ea45ddffb588d34d769c1a7cc0ddbb	9.6	18.2	27.9
GCST90201788	ok	""	1	0	http://ftp.ebi.ac.uk/pub/databases/gwas/summary_statistics/GCST90201001-GCST90202000/GCST90201788/harmonised/GCST90201788.h.tsv.gz	157495825	7278494	11445	0.001572	0	1	4729	85	6636	/data/opengwasdb/metabolome-plasma-2023/releases/2023-chen-full-african/filtered/GCST90201788_GCST90201788.filtered.tsv.gz	274664	sha256	ca38584c7fad298d8d6dfd7c8f15440fec43fbaf5ee5dd28b521e895647e6b93	11.2	19.3	30.6
GCST90201789	ok	""	1	0	http://ftp.ebi.ac.uk/pub/databases/gwas/summary_statistics/GCST90201001-GCST90202000/GCST90201789/harmonised/GCST90201789.h.tsv.gz	157865959	7302937	24904	0.00341	0	3	18168	90	6661	/data/opengwasdb/metabolome-plasma-2023/releases/2023-chen-full-african/filtered/GCST90201789_GCST90201789.filtered.tsv.gz	557063	sha256	f27bdf467041346919a91f16f0169f6da70b2e74b000f7aadd4f34ca11693046	11.3	18.4	29.7
GCST90201790	ok	""	1	0	http://ftp.ebi.ac.uk/pub/databases/gwas/summary_statistics/GCST90201001-GCST90202000/GCST90201790/harmonised/GCST90201790.h.tsv.gz	150589134	7290825	32953	0.00452	0	5	26204	117	6655	/data/opengwasdb/metabolome-plasma-2023/releases/2023-chen-full-african/filtered/GCST90201790_GCST90201790.filtered.tsv.gz	718485	sha256	ba28e53f84f547153fa029546dcf562ce85190d253a032d067b614d860015a66	11.2	19.2	30.3
GCST90201791	ok	""	1	0	http://ftp.ebi.ac.uk/pub/databases/gwas/summary_statistics/GCST90201001-GCST90202000/GCST90201791/harmonised/GCST90201791.h.tsv.gz	150573919	7290825	22633	0.003104	0	3	15896	93	6655	/data/opengwasdb/metabolome-plasma-2023/releases/2023-chen-full-african/filtered/GCST90201791_GCST90201791.filtered.tsv.gz	508461	sha256	899a2eb23c00c28a80d2468d2b4c5299905354d81afd2bcdd8260e710842037a	11.1	20.6	31.7
GCST90201792	ok	""	1	0	http://ftp.ebi.ac.uk/pub/databases/gwas/summary_statistics/GCST90201001-GCST90202000/GCST90201792/harmonised/GCST90201792.h.tsv.gz	150347951	7278494	15927	0.002188	0	2	9207	94	6636	/data/opengwasdb/metabolome-plasma-2023/releases/2023-chen-full-african/filtered/GCST90201792_GCST90201792.filtered.tsv.gz	365277	sha256	27c7b869948f1ddcd29cf0f4e8f597ee1e30ac880d4684bae3d08586522a9250	9.2	19	28.2
GCST90201793	ok	""	1	0	http://ftp.ebi.ac.uk/pub/databases/gwas/summary_statistics/GCST90201001-GCST90202000/GCST90201793/harmonised/GCST90201793.h.tsv.gz	150345319	7278494	25413	0.003492	0	3	18717	78	6636	/data/opengwasdb/metabolome-plasma-2023/releases/2023-chen-full-african/filtered/GCST90201793_GCST90201793.filtered.tsv.gz	535052	sha256	dd2def0d50f38100574ac4c5e62f03b9078de6352e005aac9506e84e2b9f1b4a	10.1	19.2	29.3
GCST90201794	ok	""	1	0	http://ftp.ebi.ac.uk/pub/databases/gwas/summary_statistics/GCST90201001-GCST90202000/GCST90201794/harmonised/GCST90201794.h.tsv.gz	151312570	7348482	168749	0.022964	0	28	161895	272	6729	/data/opengwasdb/metabolome-plasma-2023/releases/2023-chen-full-african/filtered/GCST90201794_GCST90201794.filtered.tsv.gz	3380904	sha256	fa1b6b0f561b2589f178a85eb0b7eee68c009c5afef10d12cc6ad3fbdd19070c	6.1	24.9	31
GCST90201795	ok	""	1	0	http://ftp.ebi.ac.uk/pub/databases/gwas/summary_statistics/GCST90201001-GCST90202000/GCST90201795/harmonised/GCST90201795.h.tsv.gz	157481506	7278494	17129	0.002353	0	2	10439	64	6636	/data/opengwasdb/metabolome-plasma-2023/releases/2023-chen-full-african/filtered/GCST90201795_GCST90201795.filtered.tsv.gz	390371	sha256	867e8f740bc1508f7aa878129a556fb9aecd05be8215340d64b395486a695380	9.5	19.8	29.3
GCST90201796	ok	""	1	0	http://ftp.ebi.ac.uk/pub/databases/gwas/summary_statistics/GCST90201001-GCST90202000/GCST90201796/harmonised/GCST90201796.h.tsv.gz	148243704	7194550	61355	0.008528	0	9	54646	214	6546	/data/opengwasdb/metabolome-plasma-2023/releases/2023-chen-full-african/filtered/GCST90201796_GCST90201796.filtered.tsv.gz	1201834	sha256	7e0e5641b217c492047b934ae8939f2bca0552563a49f45f328080fdd638d3df	9.3	19.6	28.9
GCST90201797	ok	""	1	0	http://ftp.ebi.ac.uk/pub/databases/gwas/summary_statistics/GCST90201001-GCST90202000/GCST90201797/harmonised/GCST90201797.h.tsv.gz	157811938	7299630	47816	0.00655	0	7	41053	135	6662	/data/opengwasdb/metabolome-plasma-2023/releases/2023-chen-full-african/filtered/GCST90201797_GCST90201797.filtered.tsv.gz	1025388	sha256	24e5f97899b8a6cf55f1bdd9e0a54ab532a4f09671390736a97e451cd1ac7a9f	9.4	19.1	28.5
GCST90201798	ok	""	1	0	http://ftp.ebi.ac.uk/pub/databases/gwas/summary_statistics/GCST90201001-GCST90202000/GCST90201798/harmonised/GCST90201798.h.tsv.gz	150788323	7311991	6757	0.000924	0	0	0	76	6681	/data/opengwasdb/metabolome-plasma-2023/releases/2023-chen-full-african/filtered/GCST90201798_GCST90201798.filtered.tsv.gz	186355	sha256	fb4bf17546071e5d291a71fafc1fa718509dcdb61146301d04d26bcbee8f1f9f	9.3	19.1	28.3
GCST90201799	ok	""	1	0	http://ftp.ebi.ac.uk/pub/databases/gwas/summary_statistics/GCST90201001-GCST90202000/GCST90201799/harmonised/GCST90201799.h.tsv.gz	157430533	7278494	11279	0.00155	0	1	4582	68	6636	/data/opengwasdb/metabolome-plasma-2023/releases/2023-chen-full-african/filtered/GCST90201799_GCST90201799.filtered.tsv.gz	273252	sha256	79f8a5856ddf1da32113ae5304ce3c86d1e3e3cc78002a5b278ea15a4b097e3c	11.2	18.6	29.8
GCST90201800	ok	""	1	0	http://ftp.ebi.ac.uk/pub/databases/gwas/summary_statistics/GCST90201001-GCST90202000/GCST90201800/harmonised/GCST90201800.h.tsv.gz	157541363	7278494	21900	0.003009	0	3	15201	77	6636	/data/opengwasdb/metabolome-plasma-2023/releases/2023-chen-full-african/filtered/GCST90201800_GCST90201800.filtered.tsv.gz	496349	sha256	b155a7446b80ab01afc0b40e9d8e79e1f70d3284f9d0f4359c6f474f9f079fb7	11.2	19.8	31
GCST90201801	ok	""	1	0	http://ftp.ebi.ac.uk/pub/databases/gwas/summary_statistics/GCST90201001-GCST90202000/GCST90201801/harmonised/GCST90201801.h.tsv.gz	157574550	7278494	31237	0.004292	0	4	24516	105	6636	/data/opengwasdb/metabolome-plasma-2023/releases/2023-chen-full-african/filtered/GCST90201801_GCST90201801.filtered.tsv.gz	657045	sha256	304e21edd02696fd84e08b278f5f066396035b9afdec616525b33c6e49c90049	10.2	18.5	28.7
GCST90201802	ok	""	1	0	http://ftp.ebi.ac.uk/pub/databases/gwas/summary_statistics/GCST90201001-GCST90202000/GCST90201802/harmonised/GCST90201802.h.tsv.gz	157863649	7304063	6740	0.000923	0	0	0	83	6657	/data/opengwasdb/metabolome-plasma-2023/releases/2023-chen-full-african/filtered/GCST90201802_GCST90201802.filtered.tsv.gz	185663	sha256	70aac8d17b110b906d96cffe87daf347db18dd13167e7e81c688239165c1ddad	11.5	20	31.6
GCST90201803	ok	""	1	0	http://ftp.ebi.ac.uk/pub/databases/gwas/summary_statistics/GCST90201001-GCST90202000/GCST90201803/harmonised/GCST90201803.h.tsv.gz	157806161	7302937	18612	0.002549	0	2	11885	74	6661	/data/opengwasdb/metabolome-plasma-2023/releases/2023-chen-full-african/filtered/GCST90201803_GCST90201803.filtered.tsv.gz	430208	sha256	6ecc02af07eafda0598914cb89728d8c079817c7d551a70abe481bc5d535c6bc	11.1	18.6	29.6
GCST90201804	ok	""	1	0	http://ftp.ebi.ac.uk/pub/databases/gwas/summary_statistics/GCST90201001-GCST90202000/GCST90201804/harmonised/GCST90201804.h.tsv.gz	150488373	7299630	26317	0.003605	0	3	19529	144	6662	/data/opengwasdb/metabolome-plasma-2023/releases/2023-chen-full-african/filtered/GCST90201804_GCST90201804.filtered.tsv.gz	599537	sha256	235cc205b5f51b79a0e7355cf03c44e7f49ac28b7bafb8f1cef9a79ffffc8071	9.1	18.6	27.8
GCST90201805	ok	""	1	0	http://ftp.ebi.ac.uk/pub/databases/gwas/summary_statistics/GCST90201001-GCST90202000/GCST90201805/harmonised/GCST90201805.h.tsv.gz	158442920	7337498	13367	0.001822	0	1	6584	89	6699	/data/opengwasdb/metabolome-plasma-2023/releases/2023-chen-full-african/filtered/GCST90201805_GCST90201805.filtered.tsv.gz	325965	sha256	a22a3c42f7d34db3b305a915f17c59edc07cb5d3a459c269ff7430abc681f488	9.6	18.6	28.2
GCST90201806	ok	""	1	0	http://ftp.ebi.ac.uk/pub/databases/gwas/summary_statistics/GCST90201001-GCST90202000/GCST90201806/harmonised/GCST90201806.h.tsv.gz	157617139	7295088	11030	0.001512	0	1	4299	82	6652	/data/opengwasdb/metabolome-plasma-2023/releases/2023-chen-full-african/filtered/GCST90201806_GCST90201806.filtered.tsv.gz	269499	sha256	3ef86ff8e740d7ba1ec83132a1f9c99b63edc6d2e7fadbd9f30ad83bb6aa3312	11.5	19.3	30.7
GCST90201807	ok	""	1	0	http://ftp.ebi.ac.uk/pub/databases/gwas/summary_statistics/GCST90201001-GCST90202000/GCST90201807/harmonised/GCST90201807.h.tsv.gz	150592857	7290825	18873	0.002589	0	2	12105	124	6655	/data/opengwasdb/metabolome-plasma-2023/releases/2023-chen-full-african/filtered/GCST90201807_GCST90201807.filtered.tsv.gz	426117	sha256	d4b38313e98e60665ea0a3f161a6ea10509eb9a9236fb2ee1d17aa0db7dde689	5.1	19.1	24.2
GCST90201808	ok	""	1	0	http://ftp.ebi.ac.uk/pub/databases/gwas/summary_statistics/GCST90201001-GCST90202000/GCST90201808/harmonised/GCST90201808.h.tsv.gz	151214056	7342271	6799	0.000926	0	0	0	93	6706	/data/opengwasdb/metabolome-plasma-2023/releases/2023-chen-full-african/filtered/GCST90201808_GCST90201808.filtered.tsv.gz	187304	sha256	0a5cb4c118db9b91397f89e713caeb74bcd8ca0c26f67d668f4cd96a9aa435fa	11.1	20.9	31.9
GCST90201809	ok	""	1	0	http://ftp.ebi.ac.uk/pub/databases/gwas/summary_statistics/GCST90201001-GCST90202000/GCST90201809/harmonised/GCST90201809.h.tsv.gz	157782783	7299630	23800	0.00326	0	3	17059	93	6662	/data/opengwasdb/metabolome-plasma-2023/releases/2023-chen-full-african/filtered/GCST90201809_GCST90201809.filtered.tsv.gz	523729	sha256	ebe3571a6050bc4526aeed8c828ec0c34568db646a282e11882da38cda496600	11.5	19.9	31.3
GCST90201810	ok	""	1	0	http://ftp.ebi.ac.uk/pub/databases/gwas/summary_statistics/GCST90201001-GCST90202000/GCST90201810/harmonised/GCST90201810.h.tsv.gz	150877777	7317796	11931	0.00163	0	1	5163	86	6686	/data/opengwasdb/metabolome-plasma-2023/releases/2023-chen-full-african/filtered/GCST90201810_GCST90201810.filtered.tsv.gz	288596	sha256	43e2c3f53c6b0431402308125d25a99453cfee700ae6995f2c74e3aca0ae28fe	9.5	18.8	28.3
GCST90201811	ok	""	1	0	http://ftp.ebi.ac.uk/pub/databases/gwas/summary_statistics/GCST90201001-GCST90202000/GCST90201811/harmonised/GCST90201811.h.tsv.gz	157544332	7278494	17036	0.002341	0	2	10332	80	6636	/data/opengwasdb/metabolome-plasma-2023/releases/2023-chen-full-african/filtered/GCST90201811_GCST90201811.filtered.tsv.gz	381151	sha256	c1a39d5f02000fa175dadb0bfa4b986cb5d732a9c1e703167cae9f29b38c24c8	10.7	19.9	30.7
GCST90201812	ok	""	1	0	http://ftp.ebi.ac.uk/pub/databases/gwas/summary_statistics/GCST90201001-GCST90202000/GCST90201812/harmonised/GCST90201812.h.tsv.gz	150314739	7278494	31404	0.004315	0	4	24693	96	6636	/data/opengwasdb/metabolome-plasma-2023/releases/2023-chen-full-african/filtered/GCST90201812_GCST90201812.filtered.tsv.gz	676552	sha256	d77b508537c76f518d7077ccf51ba136fbac62c248a2503fedc45333fd11427a	8.5	19.4	27.8
GCST90201813	ok	""	1	0	http://ftp.ebi.ac.uk/pub/databases/gwas/summary_statistics/GCST90201001-GCST90202000/GCST90201813/harmonised/GCST90201813.h.tsv.gz	151231907	7347241	21337	0.002904	0	3	14566	70	6715	/data/opengwasdb/metabolome-plasma-2023/releases/2023-chen-full-african/filtered/GCST90201813_GCST90201813.filtered.tsv.gz	463846	sha256	557aeeb947411849e976b599bdd6ce1772d0c7a1daeadaa316483b5f00691b3d	9.1	19.3	28.4
GCST90201814	ok	""	1	0	http://ftp.ebi.ac.uk/pub/databases/gwas/summary_statistics/GCST90201001-GCST90202000/GCST90201814/harmonised/GCST90201814.h.tsv.gz	150476724	7297802	26108	0.003578	0	3	19376	84	6663	/data/opengwasdb/metabolome-plasma-2023/releases/2023-chen-full-african/filtered/GCST90201814_GCST90201814.filtered.tsv.gz	572258	sha256	2077fa9caf70ffa747bf5e35b351ca226aee7fa83a29c40ae2e5d0694f255c46	9	19.9	28.9
GCST90201815	ok	""	1	0	http://ftp.ebi.ac.uk/pub/databases/gwas/summary_statistics/GCST90201001-GCST90202000/GCST90201815/harmonised/GCST90201815.h.tsv.gz	157857808	7302720	33503	0.004588	0	5	26805	60	6664	/data/opengwasdb/metabolome-plasma-2023/releases/2023-chen-full-african/filtered/GCST90201815_GCST90201815.filtered.tsv.gz	702956	sha256	06c12fe41a4a36f9ef26b0dd068c6f824b063bab957374e2a39a3d49a685801d	11.1	18.9	30
GCST90201816	ok	""	1	0	http://ftp.ebi.ac.uk/pub/databases/gwas/summary_statistics/GCST90201001-GCST90202000/GCST90201816/harmonised/GCST90201816.h.tsv.gz	158126025	7325412	24020	0.003279	0	3	17269	77	6689	/data/opengwasdb/metabolome-plasma-2023/releases/2023-chen-full-african/filtered/GCST90201816_GCST90201816.filtered.tsv.gz	518849	sha256	4efceb459a9a7a7006726f4bdb4c484af985d5823a34ce549e9c90b42ad46da5	10.8	18.1	28.9
GCST90201817	ok	""	1	0	http://ftp.ebi.ac.uk/pub/databases/gwas/summary_statistics/GCST90201001-GCST90202000/GCST90201817/harmonised/GCST90201817.h.tsv.gz	152185688	7417254	33865	0.004566	0	4	26913	147	6826	/data/opengwasdb/metabolome-plasma-2023/releases/2023-chen-full-african/filtered/GCST90201817_GCST90201817.filtered.tsv.gz	690001	sha256	318146925ad4dac0974bd3db20aa213856edd85f9210cf7c554b6792e6566d7b	10.8	20.2	31
GCST90201818	ok	""	1	0	http://ftp.ebi.ac.uk/pub/databases/gwas/summary_statistics/GCST90201001-GCST90202000/GCST90201818/harmonised/GCST90201818.h.tsv.gz	150548889	7302937	6775	0.000928	0	0	0	114	6661	/data/opengwasdb/metabolome-plasma-2023/releases/2023-chen-full-african/filtered/GCST90201818_GCST90201818.filtered.tsv.gz	186727	sha256	8e6577e7b80fedee096a7ad31c75a52c1310bbc117e1f1ea5dcd78a5b09f538f	10.5	18.5	29
GCST90201819	ok	""	1	0	http://ftp.ebi.ac.uk/pub/databases/gwas/summary_statistics/GCST90201001-GCST90202000/GCST90201819/harmonised/GCST90201819.h.tsv.gz	150286515	7278494	12797	0.001758	0	1	6078	87	6636	/data/opengwasdb/metabolome-plasma-2023/releases/2023-chen-full-african/filtered/GCST90201819_GCST90201819.filtered.tsv.gz	299004	sha256	232722bc5edbf5d010c70d5f09b700107aef0aa6b56131d113484465584b0da7	10.6	18.9	29.5
GCST90201820	ok	""	1	0	http://ftp.ebi.ac.uk/pub/databases/gwas/summary_statistics/GCST90201001-GCST90202000/GCST90201820/harmonised/GCST90201820.h.tsv.gz	157826774	7299849	66989	0.009177	0	10	60250	116	6670	/data/opengwasdb/metabolome-plasma-2023/releases/2023-chen-full-african/filtered/GCST90201820_GCST90201820.filtered.tsv.gz	1365730	sha256	3b7347fea7d38b88f442ce392b3dcabeff1f80ca15a34a679d7acdb81670dcd0	10.3	20.7	31
GCST90201821	ok	""	1	0	http://ftp.ebi.ac.uk/pub/databases/gwas/summary_statistics/GCST90201001-GCST90202000/GCST90201821/harmonised/GCST90201821.h.tsv.gz	150799119	7310179	317380	0.043416	0	51	310599	372	6682	/data/opengwasdb/metabolome-plasma-2023/releases/2023-chen-full-african/filtered/GCST90201821_GCST90201821.filtered.tsv.gz	6359865	sha256	471b462d356e761fbaf3aa6c57b2a006e7dcc94b7c9192792b72eecd13046252	10.8	29.6	40.4
GCST90201822	ok	""	1	0	http://ftp.ebi.ac.uk/pub/databases/gwas/summary_statistics/GCST90201001-GCST90202000/GCST90201822/harmonised/GCST90201822.h.tsv.gz	157556331	7278494	82307	0.011308	0	13	75532	201	6636	/data/opengwasdb/metabolome-plasma-2023/releases/2023-chen-full-african/filtered/GCST90201822_GCST90201822.filtered.tsv.gz	1731606	sha256	a31862e8266d6f4c63a90aaf785326eddc263a0db542f0b5302bba7663be61b4	8.8	21.9	30.6
GCST90201823	ok	""	1	0	http://ftp.ebi.ac.uk/pub/databases/gwas/summary_statistics/GCST90201001-GCST90202000/GCST90201823/harmonised/GCST90201823.h.tsv.gz	150684667	7308473	6764	0.000926	0	0	0	90	6674	/data/opengwasdb/metabolome-plasma-2023/releases/2023-chen-full-african/filtered/GCST90201823_GCST90201823.filtered.tsv.gz	186447	sha256	01c342b1c7c4f58868206bd90ed0ae4e79ce5bed969d15fde6173c3854e0396e	10.2	19.1	29.3
GCST90201824	ok	""	1	0	http://ftp.ebi.ac.uk/pub/databases/gwas/summary_statistics/GCST90201001-GCST90202000/GCST90201824/harmonised/GCST90201824.h.tsv.gz	150650774	7290825	6724	0.000922	0	0	0	69	6655	/data/opengwasdb/metabolome-plasma-2023/releases/2023-chen-full-african/filtered/GCST90201824_GCST90201824.filtered.tsv.gz	185678	sha256	4cfe3847804bf7680daf872d9fa46518f45abf8c8528c6afed6a44d5f4a8587c	9.1	18.8	27.9
GCST90201825	ok	""	1	0	http://ftp.ebi.ac.uk/pub/databases/gwas/summary_statistics/GCST90201001-GCST90202000/GCST90201825/harmonised/GCST90201825.h.tsv.gz	157918252	7305296	17705	0.002424	0	2	10975	82	6661	/data/opengwasdb/metabolome-plasma-2023/releases/2023-chen-full-african/filtered/GCST90201825_GCST90201825.filtered.tsv.gz	401381	sha256	997d8e1ddc9db6a78a373051235c6b48a5757c676c1172d01a52b6adbf5b1242	11	21.3	32.3
GCST90201826	ok	""	1	0	http://ftp.ebi.ac.uk/pub/databases/gwas/summary_statistics/GCST90201001-GCST90202000/GCST90201826/harmonised/GCST90201826.h.tsv.gz	158293271	7324390	28442	0.003883	0	2	21706	64	6681	/data/opengwasdb/metabolome-plasma-2023/releases/2023-chen-full-african/filtered/GCST90201826_GCST90201826.filtered.tsv.gz	524553	sha256	510fc96f755e3a0d369f2cc25331e2fc474ab18c23e56ac1a52bd7c18279623e	11.1	20.8	31.9
GCST90201827	ok	""	1	0	http://ftp.ebi.ac.uk/pub/databases/gwas/summary_statistics/GCST90201001-GCST90202000/GCST90201827/harmonised/GCST90201827.h.tsv.gz	150649965	7305430	17185	0.002352	0	2	10449	79	6667	/data/opengwasdb/metabolome-plasma-2023/releases/2023-chen-full-african/filtered/GCST90201827_GCST90201827.filtered.tsv.gz	377309	sha256	3da68878b5f710533b50f517c46c35d5a2267d4ec2d2a76da49f17043df27075	10.6	19.4	30
GCST90201828	ok	""	1	0	http://ftp.ebi.ac.uk/pub/databases/gwas/summary_statistics/GCST90201001-GCST90202000/GCST90201828/harmonised/GCST90201828.h.tsv.gz	157546186	7278494	33347	0.004582	0	5	26640	94	6636	/data/opengwasdb/metabolome-plasma-2023/releases/2023-chen-full-african/filtered/GCST90201828_GCST90201828.filtered.tsv.gz	717884	sha256	ddef7ff16b536fd10b3a648202f675325c4d5b689980778a5ddabf7f9a8bb516	9.6	20.6	30.2
GCST90201829	ok	""	1	0	http://ftp.ebi.ac.uk/pub/databases/gwas/summary_statistics/GCST90201001-GCST90202000/GCST90201829/harmonised/GCST90201829.h.tsv.gz	160949258	7545735	50495	0.006692	0	8	43379	199	6953	/data/opengwasdb/metabolome-plasma-2023/releases/2023-chen-full-african/filtered/GCST90201829_GCST90201829.filtered.tsv.gz	1060871	sha256	5f3fd82f9d8f02162393243b39a9b373e85b664ae21106e4ec4960631c226053	9.2	20.2	29.4
GCST90201830	ok	""	1	0	http://ftp.ebi.ac.uk/pub/databases/gwas/summary_statistics/GCST90201001-GCST90202000/GCST90201830/harmonised/GCST90201830.h.tsv.gz	157505075	7278494	12898	0.001772	0	1	6192	74	6636	/data/opengwasdb/metabolome-plasma-2023/releases/2023-chen-full-african/filtered/GCST90201830_GCST90201830.filtered.tsv.gz	309327	sha256	50b3f11e8a6e35178f2c09c4c0f749ec49f43cfcc899e23c81e05db6fefaa620	11	20.5	31.6
GCST90201831	ok	""	1	0	http://ftp.ebi.ac.uk/pub/databases/gwas/summary_statistics/GCST90201001-GCST90202000/GCST90201831/harmonised/GCST90201831.h.tsv.gz	151057004	7352649	18119	0.002464	0	2	11315	91	6722	/data/opengwasdb/metabolome-plasma-2023/releases/2023-chen-full-african/filtered/GCST90201831_GCST90201831.filtered.tsv.gz	413935	sha256	14a5253101f501864effdd0c06defb1c1524c868f9acc81983644836c9e676f0	9.4	19.6	29
GCST90201832	ok	""	1	0	http://ftp.ebi.ac.uk/pub/databases/gwas/summary_statistics/GCST90201001-GCST90202000/GCST90201832/harmonised/GCST90201832.h.tsv.gz	148233344	7383762	25742	0.003486	0	4	18920	89	6749	/data/opengwasdb/metabolome-plasma-2023/releases/2023-chen-full-african/filtered/GCST90201832_GCST90201832.filtered.tsv.gz	543956	sha256	f33fa9db1e6f082b53d5837c5321493dd0ea09f71f20508f00c8507f3f6a2d42	9.2	19.6	28.8
GCST90201833	ok	""	1	0	http://ftp.ebi.ac.uk/pub/databases/gwas/summary_statistics/GCST90201001-GCST90202000/GCST90201833/harmonised/GCST90201833.h.tsv.gz	157498442	7278494	14147	0.001944	0	1	7456	58	6636	/data/opengwasdb/metabolome-plasma-2023/releases/2023-chen-full-african/filtered/GCST90201833_GCST90201833.filtered.tsv.gz	351753	sha256	18b7fd3c21c595e11c9cfecc7353ad5c277ed29057ccf4538857ba1a8218a0c1	10.8	19.8	30.7
GCST90201834	ok	""	1	0	http://ftp.ebi.ac.uk/pub/databases/gwas/summary_statistics/GCST90201001-GCST90202000/GCST90201834/harmonised/GCST90201834.h.tsv.gz	151066720	7324390	25941	0.003542	0	3	19212	66	6681	/data/opengwasdb/metabolome-plasma-2023/releases/2023-chen-full-african/filtered/GCST90201834_GCST90201834.filtered.tsv.gz	546527	sha256	0b3253eaeb3ff363f37420bb516e8ffd533033b3a4e62fa1f17a49bcd2ceea8a	10.4	19.3	29.7
GCST90201835	ok	""	1	0	http://ftp.ebi.ac.uk/pub/databases/gwas/summary_statistics/GCST90201001-GCST90202000/GCST90201835/harmonised/GCST90201835.h.tsv.gz	151347384	7336817	29488	0.004019	0	4	22677	128	6701	/data/opengwasdb/metabolome-plasma-2023/releases/2023-chen-full-african/filtered/GCST90201835_GCST90201835.filtered.tsv.gz	625331	sha256	7ad3fa5e4610543059e15ab55fc128acecd4d03cf153af532483f31252fd5635	11	18.8	29.8
GCST90201836	ok	""	1	0	http://ftp.ebi.ac.uk/pub/databases/gwas/summary_statistics/GCST90201001-GCST90202000/GCST90201836/harmonised/GCST90201836.h.tsv.gz	150235595	7278494	36141	0.004965	0	4	29389	139	6636	/data/opengwasdb/metabolome-plasma-2023/releases/2023-chen-full-african/filtered/GCST90201836_GCST90201836.filtered.tsv.gz	775148	sha256	9552d46803beb4b6631995e50dd473c90fac72eb4e42f1e585da4bc540eb54a4	9.7	19.9	29.6
GCST90201837	ok	""	1	0	http://ftp.ebi.ac.uk/pub/databases/gwas/summary_statistics/GCST90201001-GCST90202000/GCST90201837/harmonised/GCST90201837.h.tsv.gz	157578128	7278494	6754	0.000928	0	0	0	118	6636	/data/opengwasdb/metabolome-plasma-2023/releases/2023-chen-full-african/filtered/GCST90201837_GCST90201837.filtered.tsv.gz	186588	sha256	3a17fdc443a1566c860f5d2b1a7e16bbc05c26fc61c85602adc5654d6d53d13f	11.7	19.6	31.3
GCST90201838	ok	""	1	0	http://ftp.ebi.ac.uk/pub/databases/gwas/summary_statistics/GCST90201001-GCST90202000/GCST90201838/harmonised/GCST90201838.h.tsv.gz	157584697	7278494	49070	0.006742	0	7	42331	141	6636	/data/opengwasdb/metabolome-plasma-2023/releases/2023-chen-full-african/filtered/GCST90201838_GCST90201838.filtered.tsv.gz	1019200	sha256	56ef1aba8c5f3e24fbf1f051fd9d24aadd8dc1eaefe0cbb41faff5e938b53719	10.8	21.1	31.9
GCST90201839	ok	""	1	0	http://ftp.ebi.ac.uk/pub/databases/gwas/summary_statistics/GCST90201001-GCST90202000/GCST90201839/harmonised/GCST90201839.h.tsv.gz	150580470	7302720	26602	0.003643	0	4	19836	126	6664	/data/opengwasdb/metabolome-plasma-2023/releases/2023-chen-full-african/filtered/GCST90201839_GCST90201839.filtered.tsv.gz	559712	sha256	5081eecb4d90b2110b0babd76c9bdc892a7c1017cf5be7503053461987db3577	11.1	18.6	29.7
GCST90201840	ok	""	1	0	http://ftp.ebi.ac.uk/pub/databases/gwas/summary_statistics/GCST90201001-GCST90202000/GCST90201840/harmonised/GCST90201840.h.tsv.gz	150296471	7278494	26063	0.003581	0	3	19355	87	6636	/data/opengwasdb/metabolome-plasma-2023/releases/2023-chen-full-african/filtered/GCST90201840_GCST90201840.filtered.tsv.gz	568463	sha256	15fa9a3ad9fd6de27c795ff9f7126a9dd15a095e2dbeda0dfbfad2ad32cdeed7	10.7	19.9	30.5
GCST90201841	ok	""	1	0	http://ftp.ebi.ac.uk/pub/databases/gwas/summary_statistics/GCST90201001-GCST90202000/GCST90201841/harmonised/GCST90201841.h.tsv.gz	157563257	7278494	17237	0.002368	0	2	10538	75	6636	/data/opengwasdb/metabolome-plasma-2023/releases/2023-chen-full-african/filtered/GCST90201841_GCST90201841.filtered.tsv.gz	378022	sha256	05fcbe0d8a8af3a7b29590ea1ae7c803b4004c9d41bfd31b3d9ef26dff381474	11.6	19.2	30.8
GCST90201842	ok	""	1	0	http://ftp.ebi.ac.uk/pub/databases/gwas/summary_statistics/GCST90201001-GCST90202000/GCST90201842/harmonised/GCST90201842.h.tsv.gz	150317316	7278494	12490	0.001716	0	1	5793	67	6636	/data/opengwasdb/metabolome-plasma-2023/releases/2023-chen-full-african/filtered/GCST90201842_GCST90201842.filtered.tsv.gz	289934	sha256	e1b86e7eef41e072beec1fd3c0ece88eea1d92b9bad6f41d29e36c31a560b039	10.9	20.1	31.1
GCST90201843	ok	""	1	0	http://ftp.ebi.ac.uk/pub/databases/gwas/summary_statistics/GCST90201001-GCST90202000/GCST90201843/harmonised/GCST90201843.h.tsv.gz	150920881	7316643	12404	0.001695	0	1	5639	79	6692	/data/opengwasdb/metabolome-plasma-2023/releases/2023-chen-full-african/filtered/GCST90201843_GCST90201843.filtered.tsv.gz	301421	sha256	d4523d66583ff938b0b562c3df0b36746589e890b9fe4cfdd1d880386eefad0d	9.1	21.4	30.5
GCST90201844	ok	""	1	0	http://ftp.ebi.ac.uk/pub/databases/gwas/summary_statistics/GCST90201001-GCST90202000/GCST90201844/harmonised/GCST90201844.h.tsv.gz	157505061	7278494	19117	0.002627	0	2	12384	106	6636	/data/opengwasdb/metabolome-plasma-2023/releases/2023-chen-full-african/filtered/GCST90201844_GCST90201844.filtered.tsv.gz	440041	sha256	19758dfbe0430dc2d0aa65a7fb094987a0ba9df37fe6a8a97936512806da9333	11.2	19.1	30.3
GCST90201845	ok	""	1	0	http://ftp.ebi.ac.uk/pub/databases/gwas/summary_statistics/GCST90201001-GCST90202000/GCST90201845/harmonised/GCST90201845.h.tsv.gz	157815301	7299630	30923	0.004236	0	3	24143	135	6662	/data/opengwasdb/metabolome-plasma-2023/releases/2023-chen-full-african/filtered/GCST90201845_GCST90201845.filtered.tsv.gz	690723	sha256	67c243d06bc50e4975772366d3965b0b6c1bd2ea538f68d2b98ea85840b0a89d	9.5	20.2	29.7
GCST90201846	ok	""	1	0	http://ftp.ebi.ac.uk/pub/databases/gwas/summary_statistics/GCST90201001-GCST90202000/GCST90201846/harmonised/GCST90201846.h.tsv.gz	151155418	7340053	6786	0.000925	0	0	0	78	6708	/data/opengwasdb/metabolome-plasma-2023/releases/2023-chen-full-african/filtered/GCST90201846_GCST90201846.filtered.tsv.gz	187091	sha256	74fced5336d8d3a0948ab979dfe2b1953ebc90ae7821afe71e11a4b46126470f	11	19.8	30.8
GCST90201847	ok	""	1	0	http://ftp.ebi.ac.uk/pub/databases/gwas/summary_statistics/GCST90201001-GCST90202000/GCST90201847/harmonised/GCST90201847.h.tsv.gz	151237424	7340862	21378	0.002912	0	3	14617	73	6705	/data/opengwasdb/metabolome-plasma-2023/releases/2023-chen-full-african/filtered/GCST90201847_GCST90201847.filtered.tsv.gz	477466	sha256	a38c442c2cc45fd9c03f17ff0959ae5673b85155952cc5e813e24a48160e69c6	10.9	20	30.9
GCST90201848	ok	""	1	0	http://ftp.ebi.ac.uk/pub/databases/gwas/summary_statistics/GCST90201001-GCST90202000/GCST90201848/harmonised/GCST90201848.h.tsv.gz	152955954	7248796	6705	0.000925	0	0	0	103	6602	/data/opengwasdb/metabolome-plasma-2023/releases/2023-chen-full-african/filtered/GCST90201848_GCST90201848.filtered.tsv.gz	183598	sha256	f5df83eea59737012e4c46265e55519db229185125f48994d9ce9da1b1da23af	9.9	19.2	29
GCST90201849	ok	""	1	0	http://ftp.ebi.ac.uk/pub/databases/gwas/summary_statistics/GCST90201001-GCST90202000/GCST90201849/harmonised/GCST90201849.h.tsv.gz	157555092	7293722	12301	0.001687	0	1	5586	68	6652	/data/opengwasdb/metabolome-plasma-2023/releases/2023-chen-full-african/filtered/GCST90201849_GCST90201849.filtered.tsv.gz	294724	sha256	fb41564c81fe3de0ddfd79b298004406214211d98197ed2a1ee8899fcc37eefb	9.1	19.1	28.2
GCST90201850	ok	""	1	0	http://ftp.ebi.ac.uk/pub/databases/gwas/summary_statistics/GCST90201001-GCST90202000/GCST90201850/harmonised/GCST90201850.h.tsv.gz	157497842	7278494	13481	0.001852	0	1	6777	75	6636	/data/opengwasdb/metabolome-plasma-2023/releases/2023-chen-full-african/filtered/GCST90201850_GCST90201850.filtered.tsv.gz	323007	sha256	c87a376f04e68778b444db9a07dfc56c5070690518fee21856cf98bcf233c70d	8.9	19.9	28.7
GCST90201851	ok	""	1	0	http://ftp.ebi.ac.uk/pub/databases/gwas/summary_statistics/GCST90201001-GCST90202000/GCST90201851/harmonised/GCST90201851.h.tsv.gz	158264985	7331960	51425	0.007014	0	7	44619	143	6688	/data/opengwasdb/metabolome-plasma-2023/releases/2023-chen-full-african/filtered/GCST90201851_GCST90201851.filtered.tsv.gz	1081528	sha256	08de34fcc044fc0b76e375b4235384136d1ea3d416de1649efc74b6295f92549	9.4	20.7	30.2
GCST90201852	ok	""	1	0	http://ftp.ebi.ac.uk/pub/databases/gwas/summary_statistics/GCST90201001-GCST90202000/GCST90201852/harmonised/GCST90201852.h.tsv.gz	157616157	7278494	6724	0.000924	0	0	0	88	6636	/data/opengwasdb/metabolome-plasma-2023/releases/2023-chen-full-african/filtered/GCST90201852_GCST90201852.filtered.tsv.gz	185613	sha256	45166fe6d76cb81b4e9d5f2163090200ef020ae71682e904e648146f04f6fbfe	10.3	20.2	30.5
GCST90201853	ok	""	1	0	http://ftp.ebi.ac.uk/pub/databases/gwas/summary_statistics/GCST90201001-GCST90202000/GCST90201853/harmonised/GCST90201853.h.tsv.gz	157586996	7278494	25492	0.003502	0	3	18777	95	6636	/data/opengwasdb/metabolome-plasma-2023/releases/2023-chen-full-african/filtered/GCST90201853_GCST90201853.filtered.tsv.gz	563306	sha256	34505a868ef923ae999112f01800325e2f0a0475415a9179119ad31123e5b5ac	9.9	20.3	30.2
GCST90201854	ok	""	1	0	http://ftp.ebi.ac.uk/pub/databases/gwas/summary_statistics/GCST90201001-GCST90202000/GCST90201854/harmonised/GCST90201854.h.tsv.gz	157570779	7278494	46860	0.006438	0	7	40115	145	6636	/data/opengwasdb/metabolome-plasma-2023/releases/2023-chen-full-african/filtered/GCST90201854_GCST90201854.filtered.tsv.gz	980610	sha256	9fb02c23f6485779642c6f18955b1bfc396a7f3bbac4d2e3fd6857babd85e6da	9.7	21.2	30.9
GCST90201855	ok	""	1	0	http://ftp.ebi.ac.uk/pub/databases/gwas/summary_statistics/GCST90201001-GCST90202000/GCST90201855/harmonised/GCST90201855.h.tsv.gz	157951693	7305273	12136	0.001661	0	1	5390	88	6664	/data/opengwasdb/metabolome-plasma-2023/releases/2023-chen-full-african/filtered/GCST90201855_GCST90201855.filtered.tsv.gz	290832	sha256	91526c4e779e9d6d2de71f5aad0da6cf521efa1db1baf2748f95d146941493c6	11.6	18.9	30.5
GCST90201856	ok	""	1	0	http://ftp.ebi.ac.uk/pub/databases/gwas/summary_statistics/GCST90201001-GCST90202000/GCST90201856/harmonised/GCST90201856.h.tsv.gz	159437929	7436671	37025	0.004979	0	5	30086	166	6799	/data/opengwasdb/metabolome-plasma-2023/releases/2023-chen-full-african/filtered/GCST90201856_GCST90201856.filtered.tsv.gz	753533	sha256	cbab24379ff7b9b06f82736efa90fe80127d04811215f12b8c28e4b74010459f	9.5	20.6	30.1
GCST90201857	ok	""	1	0	http://ftp.ebi.ac.uk/pub/databases/gwas/summary_statistics/GCST90201001-GCST90202000/GCST90201857/harmonised/GCST90201857.h.tsv.gz	157893942	7305430	17997	0.002464	0	2	11259	83	6667	/data/opengwasdb/metabolome-plasma-2023/releases/2023-chen-full-african/filtered/GCST90201857_GCST90201857.filtered.tsv.gz	409466	sha256	3885f57e1beadc76ff6a2f429d43bee0baefc203a814d0ae46005cfc45a6a1a5	11.5	18.6	30.1
GCST90201858	ok	""	1	0	http://ftp.ebi.ac.uk/pub/databases/gwas/summary_statistics/GCST90201001-GCST90202000/GCST90201858/harmonised/GCST90201858.h.tsv.gz	161478594	7568781	32493	0.004293	0	5	25435	96	6988	/data/opengwasdb/metabolome-plasma-2023/releases/2023-chen-full-african/filtered/GCST90201858_GCST90201858.filtered.tsv.gz	690602	sha256	b458b1ebc1ce3fc2f901242319595ff239e2b6334ee82fa8f0dd2559e0ed3e66	9	21.5	30.5
GCST90201859	ok	""	1	0	http://ftp.ebi.ac.uk/pub/databases/gwas/summary_statistics/GCST90201001-GCST90202000/GCST90201859/harmonised/GCST90201859.h.tsv.gz	157562516	7278494	11948	0.001642	0	1	5237	80	6636	/data/opengwasdb/metabolome-plasma-2023/releases/2023-chen-full-african/filtered/GCST90201859_GCST90201859.filtered.tsv.gz	286207	sha256	c0ec5881244757fe63e853d9eb5cf1355b693e8111eeda32ba803e7fddd4fea2	9.8	17.9	27.7
GCST90201860	ok	""	1	0	http://ftp.ebi.ac.uk/pub/databases/gwas/summary_statistics/GCST90201001-GCST90202000/GCST90201860/harmonised/GCST90201860.h.tsv.gz	158071820	7329837	11089	0.001513	0	1	4345	64	6687	/data/opengwasdb/metabolome-plasma-2023/releases/2023-chen-full-african/filtered/GCST90201860_GCST90201860.filtered.tsv.gz	267636	sha256	3c035dda5059d4d7fd477894b087a3ba1f69393fc59a50a0e22cde8a270cb329	11	19.9	30.8
GCST90201861	ok	""	1	0	http://ftp.ebi.ac.uk/pub/databases/gwas/summary_statistics/GCST90201001-GCST90202000/GCST90201861/harmonised/GCST90201861.h.tsv.gz	157557901	7278494	16357	0.002247	0	2	9626	104	6636	/data/opengwasdb/metabolome-plasma-2023/releases/2023-chen-full-african/filtered/GCST90201861_GCST90201861.filtered.tsv.gz	382644	sha256	07a4e9a807ac18ef7e4b1e8e65d70129aa20136816f7e1103ac25f926d902639	11.4	18.4	29.8
GCST90201862	ok	""	1	0	http://ftp.ebi.ac.uk/pub/databases/gwas/summary_statistics/GCST90201001-GCST90202000/GCST90201862/harmonised/GCST90201862.h.tsv.gz	157602707	7278494	40874	0.005616	0	6	34164	108	6636	/data/opengwasdb/metabolome-plasma-2023/releases/2023-chen-full-african/filtered/GCST90201862_GCST90201862.filtered.tsv.gz	851088	sha256	3cdb80a417c90209618deba59b0a5f2281950bc88996b0a68974ee8f9058f74f	9.9	20.8	30.7
GCST90201863	ok	""	1	0	http://ftp.ebi.ac.uk/pub/databases/gwas/summary_statistics/GCST90201001-GCST90202000/GCST90201863/harmonised/GCST90201863.h.tsv.gz	157644079	7278494	21213	0.002914	0	3	14500	95	6636	/data/opengwasdb/metabolome-plasma-2023/releases/2023-chen-full-african/filtered/GCST90201863_GCST90201863.filtered.tsv.gz	467168	sha256	e67915be0c4083f74a5a7cafe06c732d258fddec6f45a4f7c2c1088ee9604fb3	11.5	18.4	29.8
GCST90201864	ok	""	1	0	http://ftp.ebi.ac.uk/pub/databases/gwas/summary_statistics/GCST90201001-GCST90202000/GCST90201864/harmonised/GCST90201864.h.tsv.gz	158010912	7310647	13392	0.001832	0	1	6666	59	6674	/data/opengwasdb/metabolome-plasma-2023/releases/2023-chen-full-african/filtered/GCST90201864_GCST90201864.filtered.tsv.gz	299636	sha256	05ce6e71ba275127f35809d355d8ffb3afc89fc0ca524a185483cc1309b90245	11.5	18.8	30.2
GCST90201865	ok	""	1	0	http://ftp.ebi.ac.uk/pub/databases/gwas/summary_statistics/GCST90201001-GCST90202000/GCST90201865/harmonised/GCST90201865.h.tsv.gz	158085375	7327686	11847	0.001617	0	1	5108	66	6679	/data/opengwasdb/metabolome-plasma-2023/releases/2023-chen-full-african/filtered/GCST90201865_GCST90201865.filtered.tsv.gz	286818	sha256	641081a009d458995cf50b32e79cfbc5f78abc42f2c7133021b75edcaaa1bf1e	11.2	20	31.2
GCST90201866	ok	""	1	0	http://ftp.ebi.ac.uk/pub/databases/gwas/summary_statistics/GCST90201001-GCST90202000/GCST90201866/harmonised/GCST90201866.h.tsv.gz	159069722	7366831	12432	0.001688	0	1	5603	107	6729	/data/opengwasdb/metabolome-plasma-2023/releases/2023-chen-full-african/filtered/GCST90201866_GCST90201866.filtered.tsv.gz	282827	sha256	119deeb55bfc990ac0159d96cf9bf10c3215c0bdb794d9fb3d951480e243d614	8.3	19.5	27.8
GCST90201867	ok	""	1	0	http://ftp.ebi.ac.uk/pub/databases/gwas/summary_statistics/GCST90201001-GCST90202000/GCST90201867/harmonised/GCST90201867.h.tsv.gz	150349229	7278494	44396	0.0061	0	6	37656	132	6636	/data/opengwasdb/metabolome-plasma-2023/releases/2023-chen-full-african/filtered/GCST90201867_GCST90201867.filtered.tsv.gz	930302	sha256	3e7f206847c9afe407d750545a67b8e486744d35fe9d5f95eff8320d8f9f8a36	8.5	20	28.5
GCST90201868	ok	""	1	0	http://ftp.ebi.ac.uk/pub/databases/gwas/summary_statistics/GCST90201001-GCST90202000/GCST90201868/harmonised/GCST90201868.h.tsv.gz	157883254	7305860	15956	0.002184	0	2	9231	75	6662	/data/opengwasdb/metabolome-plasma-2023/releases/2023-chen-full-african/filtered/GCST90201868_GCST90201868.filtered.tsv.gz	373899	sha256	263e172ae198b1b4c57d0a9aefff1e12cca75ebc8ea6caaab5d0a890cd3e8ced	11.2	18.4	29.6
GCST90201869	ok	""	1	0	http://ftp.ebi.ac.uk/pub/databases/gwas/summary_statistics/GCST90201001-GCST90202000/GCST90201869/harmonised/GCST90201869.h.tsv.gz	150902955	7317432	20672	0.002825	0	2	13857	141	6686	/data/opengwasdb/metabolome-plasma-2023/releases/2023-chen-full-african/filtered/GCST90201869_GCST90201869.filtered.tsv.gz	452793	sha256	ad383136276139c3b90be9d6c3fcb283e1b45dfe0b9aa5cc4046377a3fd3d5ee	9.4	19.6	29
GCST90201870	ok	""	1	0	http://ftp.ebi.ac.uk/pub/databases/gwas/summary_statistics/GCST90201001-GCST90202000/GCST90201870/harmonised/GCST90201870.h.tsv.gz	150598324	7290825	11233	0.001541	0	1	4506	76	6655	/data/opengwasdb/metabolome-plasma-2023/releases/2023-chen-full-african/filtered/GCST90201870_GCST90201870.filtered.tsv.gz	276960	sha256	f952e963733f9ebc959fdc217ab013502639f7689617938d6f6b295d7c8e70e8	9	20	28.9
GCST90201871	ok	""	1	0	http://ftp.ebi.ac.uk/pub/databases/gwas/summary_statistics/GCST90201001-GCST90202000/GCST90201871/harmonised/GCST90201871.h.tsv.gz	158940116	7394004	79382	0.010736	0	13	72489	191	6770	/data/opengwasdb/metabolome-plasma-2023/releases/2023-chen-full-african/filtered/GCST90201871_GCST90201871.filtered.tsv.gz	1619350	sha256	b30662fa06cc9fe586c6105b1366b2afa0d5b0a0d90d6ad1dde788edb27fa6de	6.7	22.4	29.1
GCST90201872	ok	""	1	0	http://ftp.ebi.ac.uk/pub/databases/gwas/summary_statistics/GCST90201001-GCST90202000/GCST90201872/harmonised/GCST90201872.h.tsv.gz	158434535	7349841	11472	0.001561	0	1	4671	90	6718	/data/opengwasdb/metabolome-plasma-2023/releases/2023-chen-full-african/filtered/GCST90201872_GCST90201872.filtered.tsv.gz	275996	sha256	83dcf35de5327685ba59705a6bc848ae191fe165b35bb595bbe1596f31541674	11.6	19.2	30.8
GCST90201873	ok	""	1	0	http://ftp.ebi.ac.uk/pub/databases/gwas/summary_statistics/GCST90201001-GCST90202000/GCST90201873/harmonised/GCST90201873.h.tsv.gz	153870362	7243341	19706	0.002721	0	2	13026	81	6606	/data/opengwasdb/metabolome-plasma-2023/releases/2023-chen-full-african/filtered/GCST90201873_GCST90201873.filtered.tsv.gz	404457	sha256	1da7996f122ddd5444546bb55da39052b4f559b0ccd220e37ec6bb31ecf0895a	10.9	20.1	31
GCST90201874	ok	""	1	0	http://ftp.ebi.ac.uk/pub/databases/gwas/summary_statistics/GCST90201001-GCST90202000/GCST90201874/harmonised/GCST90201874.h.tsv.gz	153553701	7549266	19602	0.002597	0	2	12536	101	6976	/data/opengwasdb/metabolome-plasma-2023/releases/2023-chen-full-african/filtered/GCST90201874_GCST90201874.filtered.tsv.gz	424814	sha256	07d869ac21105ba6ef5ff566254561bc5e069d683b85e71b6a0d284a1d8b3b72	9.6	19.8	29.4
GCST90201875	ok	""	1	0	http://ftp.ebi.ac.uk/pub/databases/gwas/summary_statistics/GCST90201001-GCST90202000/GCST90201875/harmonised/GCST90201875.h.tsv.gz	152370100	7511820	11836	0.001576	0	1	4844	78	6919	/data/opengwasdb/metabolome-plasma-2023/releases/2023-chen-full-african/filtered/GCST90201875_GCST90201875.filtered.tsv.gz	276144	sha256	e6b93d74d6c59c10f84e4507ba13fb5b2ab9b53e8fced9024cfff5cddb5f948f	9.3	18.9	28.2
GCST90201876	ok	""	1	0	http://ftp.ebi.ac.uk/pub/databases/gwas/summary_statistics/GCST90201001-GCST90202000/GCST90201876/harmonised/GCST90201876.h.tsv.gz	150668766	7321848	85264	0.011645	0	13	78430	164	6743	/data/opengwasdb/metabolome-plasma-2023/releases/2023-chen-full-african/filtered/GCST90201876_GCST90201876.filtered.tsv.gz	1661125	sha256	35a3e51a378de8778cf3c74c4891aa4aead7f0351281ba0e54c92579d9c9751e	10.3	20.4	30.7
GCST90201877	ok	""	1	0	http://ftp.ebi.ac.uk/pub/databases/gwas/summary_statistics/GCST90201001-GCST90202000/GCST90201877/harmonised/GCST90201877.h.tsv.gz	159499142	7393715	174941	0.023661	0	30	168067	253	6775	/data/opengwasdb/metabolome-plasma-2023/releases/2023-chen-full-african/filtered/GCST90201877_GCST90201877.filtered.tsv.gz	3482095	sha256	addafb728b14b0c55765843d58008c0d68e8fc7550c306610147a556ad3eca69	9.5	23.2	32.7
GCST90201878	ok	""	1	0	http://ftp.ebi.ac.uk/pub/databases/gwas/summary_statistics/GCST90201001-GCST90202000/GCST90201878/harmonised/GCST90201878.h.tsv.gz	155037808	7348353	30575	0.004161	0	4	23746	108	6742	/data/opengwasdb/metabolome-plasma-2023/releases/2023-chen-full-african/filtered/GCST90201878_GCST90201878.filtered.tsv.gz	627425	sha256	7238e0b54e4b2f8428ee15d3bd3bb5c19ad6e993277f622bc250f580a63d4981	8.9	19.8	28.6
GCST90201879	ok	""	1	0	http://ftp.ebi.ac.uk/pub/databases/gwas/summary_statistics/GCST90201001-GCST90202000/GCST90201879/harmonised/GCST90201879.h.tsv.gz	151052511	7334251	15723	0.002144	0	2	8952	82	6694	/data/opengwasdb/metabolome-plasma-2023/releases/2023-chen-full-african/filtered/GCST90201879_GCST90201879.filtered.tsv.gz	367198	sha256	5cc77f1aec801851b606156f7145fdc771705d368df4f831c2447b6187d3ee28	10.5	19.6	30.1
GCST90201880	ok	""	1	0	http://ftp.ebi.ac.uk/pub/databases/gwas/summary_statistics/GCST90201001-GCST90202000/GCST90201880/harmonised/GCST90201880.h.tsv.gz	160687405	7520850	12116	0.001611	0	1	5093	81	6946	/data/opengwasdb/metabolome-plasma-2023/releases/2023-chen-full-african/filtered/GCST90201880_GCST90201880.filtered.tsv.gz	288599	sha256	176ecb28ae805196fcd62728380a750a3fb531d87ce09f9732f9542626d3be79	11.6	20	31.5
GCST90201881	ok	""	1	0	http://ftp.ebi.ac.uk/pub/databases/gwas/summary_statistics/GCST90201001-GCST90202000/GCST90201881/harmonised/GCST90201881.h.tsv.gz	153227407	7231930	50275	0.006952	0	6	43570	126	6613	/data/opengwasdb/metabolome-plasma-2023/releases/2023-chen-full-african/filtered/GCST90201881_GCST90201881.filtered.tsv.gz	944235	sha256	d6c3068183b8fa8946b6062723f3cb7a78a63a2e799a4b11f8d3d988487cb1b5	9.6	20.4	30
GCST90201882	ok	""	1	0	http://ftp.ebi.ac.uk/pub/databases/gwas/summary_statistics/GCST90201001-GCST90202000/GCST90201882/harmonised/GCST90201882.h.tsv.gz	151407789	7384922	14008	0.001897	0	1	7165	82	6765	/data/opengwasdb/metabolome-plasma-2023/releases/2023-chen-full-african/filtered/GCST90201882_GCST90201882.filtered.tsv.gz	309640	sha256	70396762df5eff652c66184f1f16d3b790a9a8302713e72267378f822974139b	8.7	18.6	27.3
GCST90201883	ok	""	1	0	http://ftp.ebi.ac.uk/pub/databases/gwas/summary_statistics/GCST90201001-GCST90202000/GCST90201883/harmonised/GCST90201883.h.tsv.gz	157577042	7278494	17739	0.002437	0	2	11063	48	6636	/data/opengwasdb/metabolome-plasma-2023/releases/2023-chen-full-african/filtered/GCST90201883_GCST90201883.filtered.tsv.gz	404841	sha256	cd86bc74ca04862574664b8326ff46d7faa7380836d63a8bf741c959bf9f6789	10.7	19.5	30.1
GCST90201884	ok	""	1	0	http://ftp.ebi.ac.uk/pub/databases/gwas/summary_statistics/GCST90201001-GCST90202000/GCST90201884/harmonised/GCST90201884.h.tsv.gz	156577161	7469301	19542	0.002616	0	2	12535	127	6892	/data/opengwasdb/metabolome-plasma-2023/releases/2023-chen-full-african/filtered/GCST90201884_GCST90201884.filtered.tsv.gz	423671	sha256	37cf79fe783e1a8c73b9d7083b3a457eb47bc69acd906cbfa11a6aa7bbef8dfc	9.6	20	29.5
GCST90201885	ok	""	1	0	http://ftp.ebi.ac.uk/pub/databases/gwas/summary_statistics/GCST90201001-GCST90202000/GCST90201885/harmonised/GCST90201885.h.tsv.gz	158809884	7393170	21997	0.002975	0	3	15153	98	6762	/data/opengwasdb/metabolome-plasma-2023/releases/2023-chen-full-african/filtered/GCST90201885_GCST90201885.filtered.tsv.gz	478881	sha256	eaee859f300c7384721917d25b8cbfaaf23dfcf4c7ffb267acb6c5454a27c88d	9.7	19.2	28.9
GCST90201886	ok	""	1	0	http://ftp.ebi.ac.uk/pub/databases/gwas/summary_statistics/GCST90201001-GCST90202000/GCST90201886/harmonised/GCST90201886.h.tsv.gz	148323975	7183103	61661	0.008584	0	10	54991	153	6567	/data/opengwasdb/metabolome-plasma-2023/releases/2023-chen-full-african/filtered/GCST90201886_GCST90201886.filtered.tsv.gz	1211428	sha256	ca8be1455641f8765236fef70cdeeb43ff040b2a6e4545e37da6ba2f2882a6cb	8.9	20.5	29.4
GCST90201887	ok	""	1	0	http://ftp.ebi.ac.uk/pub/databases/gwas/summary_statistics/GCST90201001-GCST90202000/GCST90201887/harmonised/GCST90201887.h.tsv.gz	150451747	7296274	17851	0.002447	0	2	11120	79	6662	/data/opengwasdb/metabolome-plasma-2023/releases/2023-chen-full-african/filtered/GCST90201887_GCST90201887.filtered.tsv.gz	397593	sha256	67e2d4fd9062548abe19f51c5f9c4cdb31880a03e7df7cc9ea4275a29c6e94fe	10.4	19.5	29.9
GCST90201888	ok	""	1	0	http://ftp.ebi.ac.uk/pub/databases/gwas/summary_statistics/GCST90201001-GCST90202000/GCST90201888/harmonised/GCST90201888.h.tsv.gz	159911034	7422875	21834	0.002941	0	3	14898	135	6815	/data/opengwasdb/metabolome-plasma-2023/releases/2023-chen-full-african/filtered/GCST90201888_GCST90201888.filtered.tsv.gz	498326	sha256	d1dd2d449d37a56e181856da30b124adf0da21c752a9c137139a493c0696801e	9.4	20.7	30.1
GCST90201889	ok	""	1	0	http://ftp.ebi.ac.uk/pub/databases/gwas/summary_statistics/GCST90201001-GCST90202000/GCST90201889/harmonised/GCST90201889.h.tsv.gz	154173267	7280170	26366	0.003622	0	3	19644	69	6664	/data/opengwasdb/metabolome-plasma-2023/releases/2023-chen-full-african/filtered/GCST90201889_GCST90201889.filtered.tsv.gz	584914	sha256	b252492ac637e127fa9c0a8da40e87fdf9e11b1a43f624c1cf784264f692dce0	11.1	19.2	30.4
GCST90201890	ok	""	1	0	http://ftp.ebi.ac.uk/pub/databases/gwas/summary_statistics/GCST90201001-GCST90202000/GCST90201890/harmonised/GCST90201890.h.tsv.gz	154519388	7277774	25933	0.003563	0	3	19198	101	6651	/data/opengwasdb/metabolome-plasma-2023/releases/2023-chen-full-african/filtered/GCST90201890_GCST90201890.filtered.tsv.gz	559491	sha256	9de7b48280856313acc00386c494c2c2cca26626d76c070c56a2986f67b3248c	11.2	19.6	30.8
GCST90201891	ok	""	1	0	http://ftp.ebi.ac.uk/pub/databases/gwas/summary_statistics/GCST90201001-GCST90202000/GCST90201891/harmonised/GCST90201891.h.tsv.gz	147873030	7348463	17300	0.002354	0	2	10469	103	6738	/data/opengwasdb/metabolome-plasma-2023/releases/2023-chen-full-african/filtered/GCST90201891_GCST90201891.filtered.tsv.gz	392437	sha256	47a8e56ebf837a1ebf2b0e34b9180e17a68b8ce9594dfbb7d172afc77f21abe4	10.7	18.5	29.2
GCST90201892	ok	""	1	0	http://ftp.ebi.ac.uk/pub/databases/gwas/summary_statistics/GCST90201001-GCST90202000/GCST90201892/harmonised/GCST90201892.h.tsv.gz	153265192	7558172	7069	0.000935	0	0	0	101	6968	/data/opengwasdb/metabolome-plasma-2023/releases/2023-chen-full-african/filtered/GCST90201892_GCST90201892.filtered.tsv.gz	191984	sha256	c51bfd094672c6dd77d7a9c11e60800e4037427ded874f5c43f41e9b081dda91	9.2	19.2	28.4
GCST90201893	ok	""	1	0	http://ftp.ebi.ac.uk/pub/databases/gwas/summary_statistics/GCST90201001-GCST90202000/GCST90201893/harmonised/GCST90201893.h.tsv.gz	156603723	7392398	62570	0.008464	0	9	55656	162	6797	/data/opengwasdb/metabolome-plasma-2023/releases/2023-chen-full-african/filtered/GCST90201893_GCST90201893.filtered.tsv.gz	1276895	sha256	9f47d5047332f6f1d8eb67777930142ede5d50276b6655e6b5c50c79ea2af1bc	10.8	21.7	32.5
GCST90201894	ok	""	1	0	http://ftp.ebi.ac.uk/pub/databases/gwas/summary_statistics/GCST90201001-GCST90202000/GCST90201894/harmonised/GCST90201894.h.tsv.gz	155911115	7426502	24562	0.003307	0	3	17674	89	6813	/data/opengwasdb/metabolome-plasma-2023/releases/2023-chen-full-african/filtered/GCST90201894_GCST90201894.filtered.tsv.gz	536115	sha256	75582586da6aff55ae4548bb65deccfc64a87c4955f553a852b372e29dfd547f	9.1	19.6	28.7
GCST90201895	ok	""	1	0	http://ftp.ebi.ac.uk/pub/databases/gwas/summary_statistics/GCST90201001-GCST90202000/GCST90201895/harmonised/GCST90201895.h.tsv.gz	160215476	7471803	808133	0.108158	0	127	801351	593	6882	/data/opengwasdb/metabolome-plasma-2023/releases/2023-chen-full-african/filtered/GCST90201895_GCST90201895.filtered.tsv.gz	15940016	sha256	b1544b301de7d78c9f82a203f40571c394c196ab3bbe8a74a7388f914bdaa59d	11.3	43	54.4
GCST90201896	ok	""	1	0	http://ftp.ebi.ac.uk/pub/databases/gwas/summary_statistics/GCST90201001-GCST90202000/GCST90201896/harmonised/GCST90201896.h.tsv.gz	149045786	7232241	57192	0.007908	0	9	50484	114	6635	/data/opengwasdb/metabolome-plasma-2023/releases/2023-chen-full-african/filtered/GCST90201896_GCST90201896.filtered.tsv.gz	1120394	sha256	1eb077ad522eb7fd0966aeec55f43b8a2247a8c89b2ee5659c26af4daa778778	10.5	19.5	30.1
GCST90201897	ok	""	1	0	http://ftp.ebi.ac.uk/pub/databases/gwas/summary_statistics/GCST90201001-GCST90202000/GCST90201897/harmonised/GCST90201897.h.tsv.gz	158230717	7365218	13576	0.001843	0	1	6763	78	6739	/data/opengwasdb/metabolome-plasma-2023/releases/2023-chen-full-african/filtered/GCST90201897_GCST90201897.filtered.tsv.gz	330496	sha256	9bc0900125d33dfe0fa6ebc3538a887b7698a8a7cd1cbceaa2107768e22765ab	11.1	19.9	31
GCST90201898	ok	""	1	0	http://ftp.ebi.ac.uk/pub/databases/gwas/summary_statistics/GCST90201001-GCST90202000/GCST90201898/harmonised/GCST90201898.h.tsv.gz	149098406	7467394	44119	0.005908	0	5	37154	112	6873	/data/opengwasdb/metabolome-plasma-2023/releases/2023-chen-full-african/filtered/GCST90201898_GCST90201898.filtered.tsv.gz	905014	sha256	a74f17761b336a726eaea48436806882f0174d6a63c45120fb3f668114c95800	9	19.3	28.3
GCST90201899	ok	""	1	0	http://ftp.ebi.ac.uk/pub/databases/gwas/summary_statistics/GCST90201001-GCST90202000/GCST90201899/harmonised/GCST90201899.h.tsv.gz	155336703	7345125	66266	0.009022	0	10	59458	132	6723	/data/opengwasdb/metabolome-plasma-2023/releases/2023-chen-full-african/filtered/GCST90201899_GCST90201899.filtered.tsv.gz	1348220	sha256	5f9af41bc5b0a6f8871b5cf9734c1ffe86a238d603e2fd8ba437f0d8a01d2ff5	9.4	20.7	30.1
GCST90201900	ok	""	1	0	http://ftp.ebi.ac.uk/pub/databases/gwas/summary_statistics/GCST90201001-GCST90202000/GCST90201900/harmonised/GCST90201900.h.tsv.gz	157548296	7278494	19491	0.002678	0	2	12793	72	6636	/data/opengwasdb/metabolome-plasma-2023/releases/2023-chen-full-african/filtered/GCST90201900_GCST90201900.filtered.tsv.gz	452653	sha256	da515fb214b91e6ffde04e78815701e8955aac0c5eeec700dc96d3ecd884285a	10.8	20.7	31.6
GCST90201901	ok	""	1	0	http://ftp.ebi.ac.uk/pub/databases/gwas/summary_statistics/GCST90201001-GCST90202000/GCST90201901/harmonised/GCST90201901.h.tsv.gz	157615627	7278494	17185	0.002361	0	2	10452	106	6636	/data/opengwasdb/metabolome-plasma-2023/releases/2023-chen-full-african/filtered/GCST90201901_GCST90201901.filtered.tsv.gz	387514	sha256	7ee5cf3b99d8e455b6783b99590befb7561fc93ce43424bf6860116d615fb1c4	10.9	19.9	30.9
GCST90201902	ok	""	1	0	http://ftp.ebi.ac.uk/pub/databases/gwas/summary_statistics/GCST90201001-GCST90202000/GCST90201902/harmonised/GCST90201902.h.tsv.gz	157556417	7278494	22363	0.003072	0	3	15639	101	6636	/data/opengwasdb/metabolome-plasma-2023/releases/2023-chen-full-african/filtered/GCST90201902_GCST90201902.filtered.tsv.gz	486889	sha256	9eb56ce6e0a0583aa1e44d5c80ab16c0cb30c8f8b19d082a2368c5b07a9a9f61	5	19.8	24.8
GCST90201903	ok	""	1	0	http://ftp.ebi.ac.uk/pub/databases/gwas/summary_statistics/GCST90201001-GCST90202000/GCST90201903/harmonised/GCST90201903.h.tsv.gz	157581992	7466067	47500	0.006362	0	7	40550	122	6868	/data/opengwasdb/metabolome-plasma-2023/releases/2023-chen-full-african/filtered/GCST90201903_GCST90201903.filtered.tsv.gz	975805	sha256	1c3f3f27e6de51014565cabbc18954061148c121c44647b8e5dcf358849f9335	11.7	20.7	32.4
GCST90201904	ok	""	1	0	http://ftp.ebi.ac.uk/pub/databases/gwas/summary_statistics/GCST90201001-GCST90202000/GCST90201904/harmonised/GCST90201904.h.tsv.gz	153215173	7484585	26898	0.003594	0	3	19919	90	6906	/data/opengwasdb/metabolome-plasma-2023/releases/2023-chen-full-african/filtered/GCST90201904_GCST90201904.filtered.tsv.gz	602935	sha256	1e93293aaad20b2d4e03bf1bbc419680358e29adc9724300478aa7b0405c4a7f	10.3	19.6	29.9
GCST90201905	ok	""	1	0	http://ftp.ebi.ac.uk/pub/databases/gwas/summary_statistics/GCST90201001-GCST90202000/GCST90201905/harmonised/GCST90201905.h.tsv.gz	157550778	7278494	6715	0.000923	0	0	0	79	6636	/data/opengwasdb/metabolome-plasma-2023/releases/2023-chen-full-african/filtered/GCST90201905_GCST90201905.filtered.tsv.gz	185417	sha256	a01bb96f4ab5afb75e3d6cda9a76b98ba79ee0301e51caab0245f4cf6dde1793	8.7	18.4	27.1
GCST90201906	ok	""	1	0	http://ftp.ebi.ac.uk/pub/databases/gwas/summary_statistics/GCST90201001-GCST90202000/GCST90201906/harmonised/GCST90201906.h.tsv.gz	158122764	7324748	6782	0.000926	0	0	0	82	6700	/data/opengwasdb/metabolome-plasma-2023/releases/2023-chen-full-african/filtered/GCST90201906_GCST90201906.filtered.tsv.gz	187004	sha256	03bcb29535322d1a1d448a9bbf88e0e49d97ccbb8e8050e5ebfb6be97ab881f6	10.7	18.2	29
GCST90201907	ok	""	1	0	http://ftp.ebi.ac.uk/pub/databases/gwas/summary_statistics/GCST90201001-GCST90202000/GCST90201907/harmonised/GCST90201907.h.tsv.gz	152288921	7452134	21346	0.002864	0	3	14426	95	6843	/data/opengwasdb/metabolome-plasma-2023/releases/2023-chen-full-african/filtered/GCST90201907_GCST90201907.filtered.tsv.gz	456724	sha256	704413465ac91731da6e9868da18559a96d5b1581b0967b4255412a74eeecf2f	8.7	18.7	27.4
GCST90201908	ok	""	1	0	http://ftp.ebi.ac.uk/pub/databases/gwas/summary_statistics/GCST90201001-GCST90202000/GCST90201908/harmonised/GCST90201908.h.tsv.gz	157806351	7304353	14537	0.00199	0	1	7766	109	6669	/data/opengwasdb/metabolome-plasma-2023/releases/2023-chen-full-african/filtered/GCST90201908_GCST90201908.filtered.tsv.gz	342627	sha256	221d06ef3f303fc04cb0cc8670f40b16306fe2ce0f005f8db90443ce9d88d000	10	18.2	28.2
GCST90201909	ok	""	1	0	http://ftp.ebi.ac.uk/pub/databases/gwas/summary_statistics/GCST90201001-GCST90202000/GCST90201909/harmonised/GCST90201909.h.tsv.gz	157598132	7278494	17678	0.002429	0	2	10990	60	6636	/data/opengwasdb/metabolome-plasma-2023/releases/2023-chen-full-african/filtered/GCST90201909_GCST90201909.filtered.tsv.gz	410012	sha256	036ad82039aa48b5081eac9159581cc71a24d66bb3ac0d0144dad04a03ae3829	9.9	18.8	28.6
GCST90201910	ok	""	1	0	http://ftp.ebi.ac.uk/pub/databases/gwas/summary_statistics/GCST90201001-GCST90202000/GCST90201910/harmonised/GCST90201910.h.tsv.gz	154657141	7607250	81782	0.010751	0	12	74576	146	7127	/data/opengwasdb/metabolome-plasma-2023/releases/2023-chen-full-african/filtered/GCST90201910_GCST90201910.filtered.tsv.gz	1606453	sha256	f455f9e3d882d22fbb64d6d82512755ee68def2784e3dceb50e8b351f8aee6eb	11.2	21.4	32.6
GCST90201911	ok	""	1	0	http://ftp.ebi.ac.uk/pub/databases/gwas/summary_statistics/GCST90201001-GCST90202000/GCST90201911/harmonised/GCST90201911.h.tsv.gz	150373119	7278494	19701	0.002707	0	2	12987	87	6636	/data/opengwasdb/metabolome-plasma-2023/releases/2023-chen-full-african/filtered/GCST90201911_GCST90201911.filtered.tsv.gz	449368	sha256	1cebd8566519cd64d30cabe1c9aebc8aac33a20ef6ce3d4f910a6a3942f1c6c3	10.5	19.7	30.2
GCST90201912	ok	""	1	0	http://ftp.ebi.ac.uk/pub/databases/gwas/summary_statistics/GCST90201001-GCST90202000/GCST90201912/harmonised/GCST90201912.h.tsv.gz	159885767	7490126	6946	0.000927	0	0	0	68	6878	/data/opengwasdb/metabolome-plasma-2023/releases/2023-chen-full-african/filtered/GCST90201912_GCST90201912.filtered.tsv.gz	189472	sha256	7091950fbb0ccbeb3dbf640c8bbe511845de9ca6f56e11fe89ff85575683f359	11.2	18.6	29.9
GCST90201913	ok	""	1	0	http://ftp.ebi.ac.uk/pub/databases/gwas/summary_statistics/GCST90201001-GCST90202000/GCST90201913/harmonised/GCST90201913.h.tsv.gz	157878532	7305430	6751	0.000924	0	0	0	84	6667	/data/opengwasdb/metabolome-plasma-2023/releases/2023-chen-full-african/filtered/GCST90201913_GCST90201913.filtered.tsv.gz	186199	sha256	bbe89b1f08f5f32182def64ce1f80d9a6baa87267085b23a28edf1a3a5a70006	11	18.2	29.1
GCST90201914	ok	""	1	0	http://ftp.ebi.ac.uk/pub/databases/gwas/summary_statistics/GCST90201001-GCST90202000/GCST90201914/harmonised/GCST90201914.h.tsv.gz	157976264	7308473	6757	0.000925	0	0	0	83	6674	/data/opengwasdb/metabolome-plasma-2023/releases/2023-chen-full-african/filtered/GCST90201914_GCST90201914.filtered.tsv.gz	186223	sha256	5ba3f0b81c56ee85a406ec5408860cc5768807436925edc97d52bbf24939bb75	9.6	19.8	29.4
GCST90201915	ok	""	1	0	http://ftp.ebi.ac.uk/pub/databases/gwas/summary_statistics/GCST90201001-GCST90202000/GCST90201915/harmonised/GCST90201915.h.tsv.gz	150639930	7290825	22299	0.003059	0	3	15576	86	6655	/data/opengwasdb/metabolome-plasma-2023/releases/2023-chen-full-african/filtered/GCST90201915_GCST90201915.filtered.tsv.gz	496522	sha256	83ddc5439ff7989cd0cfc2478bb9011e8a7aef1849575347fe5414fb20a3cc99	9	19.4	28.4
GCST90201916	ok	""	1	0	http://ftp.ebi.ac.uk/pub/databases/gwas/summary_statistics/GCST90201001-GCST90202000/GCST90201916/harmonised/GCST90201916.h.tsv.gz	159555099	7423274	26637	0.003588	0	3	19744	112	6801	/data/opengwasdb/metabolome-plasma-2023/releases/2023-chen-full-african/filtered/GCST90201916_GCST90201916.filtered.tsv.gz	570898	sha256	eecccb4680c332746a45fa39523d569d5efdb455a6ebc0a52a657d8ae106f7f6	11.3	20.2	31.5
GCST90201917	ok	""	1	0	http://ftp.ebi.ac.uk/pub/databases/gwas/summary_statistics/GCST90201001-GCST90202000/GCST90201917/harmonised/GCST90201917.h.tsv.gz	139094775	7081920	65526	0.009253	0	10	58926	210	6433	/data/opengwasdb/metabolome-plasma-2023/releases/2023-chen-full-african/filtered/GCST90201917_GCST90201917.filtered.tsv.gz	1320541	sha256	7417e5ee68f04c456bfcd2bc2607b7e572fce810fdb823e72c0111143188d9eb	7.9	19.9	27.7
GCST90201918	ok	""	1	0	http://ftp.ebi.ac.uk/pub/databases/gwas/summary_statistics/GCST90201001-GCST90202000/GCST90201918/harmonised/GCST90201918.h.tsv.gz	150359549	7415134	106163	0.014317	0	17	99240	166	6850	/data/opengwasdb/metabolome-plasma-2023/releases/2023-chen-full-african/filtered/GCST90201918_GCST90201918.filtered.tsv.gz	1990827	sha256	498d77ce8763d06288f154648443f08bdb8465b7a5a26cf8c1b18f04b45f9c5d	8.8	21.7	30.4
GCST90201919	ok	""	1	0	http://ftp.ebi.ac.uk/pub/databases/gwas/summary_statistics/GCST90201001-GCST90202000/GCST90201919/harmonised/GCST90201919.h.tsv.gz	157527293	7278494	28172	0.003871	0	3	21489	61	6636	/data/opengwasdb/metabolome-plasma-2023/releases/2023-chen-full-african/filtered/GCST90201919_GCST90201919.filtered.tsv.gz	631782	sha256	56b508317f6cf91b7aa8b1f726631ded3d5ce57780ce367cd77eadc4e13cacf4	11.3	20.8	32.1
GCST90201920	ok	""	1	0	http://ftp.ebi.ac.uk/pub/databases/gwas/summary_statistics/GCST90201001-GCST90202000/GCST90201920/harmonised/GCST90201920.h.tsv.gz	157800597	7299630	12492	0.001711	0	1	5694	140	6662	/data/opengwasdb/metabolome-plasma-2023/releases/2023-chen-full-african/filtered/GCST90201920_GCST90201920.filtered.tsv.gz	299459	sha256	2c48762090348595616d652927b3892dfc08ace49c913fe6802e36e8a2198ed7	5	18.8	23.9
GCST90201921	ok	""	1	0	http://ftp.ebi.ac.uk/pub/databases/gwas/summary_statistics/GCST90201001-GCST90202000/GCST90201921/harmonised/GCST90201921.h.tsv.gz	152381663	7412825	38924	0.005251	0	5	32058	92	6793	/data/opengwasdb/metabolome-plasma-2023/releases/2023-chen-full-african/filtered/GCST90201921_GCST90201921.filtered.tsv.gz	846749	sha256	a15c98c927fa2ae1e0f3c95c4d8a382fd08e5a90d8c40d06ad9e0cc1f623db3d	11.1	19.5	30.6
GCST90201922	ok	""	1	0	http://ftp.ebi.ac.uk/pub/databases/gwas/summary_statistics/GCST90201001-GCST90202000/GCST90201922/harmonised/GCST90201922.h.tsv.gz	149811473	7448126	65757	0.008829	0	12	58776	164	6874	/data/opengwasdb/metabolome-plasma-2023/releases/2023-chen-full-african/filtered/GCST90201922_GCST90201922.filtered.tsv.gz	1288727	sha256	4004c75b555e1e19cd8c69576167632a22910ffefd14669a7ba3787caa95dbbe	9.8	20.1	29.9
GCST90201923	ok	""	1	0	http://ftp.ebi.ac.uk/pub/databases/gwas/summary_statistics/GCST90201001-GCST90202000/GCST90201923/harmonised/GCST90201923.h.tsv.gz	153814875	7591158	25098	0.003306	0	3	17985	108	7018	/data/opengwasdb/metabolome-plasma-2023/releases/2023-chen-full-african/filtered/GCST90201923_GCST90201923.filtered.tsv.gz	522326	sha256	4e5c80733a1f11eea1f68bc64fa9d52c9f50598d4a838fd74845b420c4d20440	10.3	19.9	30.1
GCST90201924	ok	""	1	0	http://ftp.ebi.ac.uk/pub/databases/gwas/summary_statistics/GCST90201001-GCST90202000/GCST90201924/harmonised/GCST90201924.h.tsv.gz	159658074	7407115	18334	0.002475	0	2	11479	71	6795	/data/opengwasdb/metabolome-plasma-2023/releases/2023-chen-full-african/filtered/GCST90201924_GCST90201924.filtered.tsv.gz	409478	sha256	424fb5d3fc662e844b9f3a3289a4fec94863b5e2869ea454a4afea0ffd40d478	11.7	20.4	32.2
GCST90201925	ok	""	1	0	http://ftp.ebi.ac.uk/pub/databases/gwas/summary_statistics/GCST90201001-GCST90202000/GCST90201925/harmonised/GCST90201925.h.tsv.gz	159487701	7401684	12115	0.001637	0	1	5248	72	6801	/data/opengwasdb/metabolome-plasma-2023/releases/2023-chen-full-african/filtered/GCST90201925_GCST90201925.filtered.tsv.gz	290863	sha256	4b0eb1b6eff66576db4a244ea52b76825b155d57ab1bfa6ce841e2c21c9f6f8c	11.7	19.1	30.7
GCST90201926	ok	""	1	0	http://ftp.ebi.ac.uk/pub/databases/gwas/summary_statistics/GCST90201001-GCST90202000/GCST90201926/harmonised/GCST90201926.h.tsv.gz	154881910	7335834	48601	0.006625	0	8	41774	148	6711	/data/opengwasdb/metabolome-plasma-2023/releases/2023-chen-full-african/filtered/GCST90201926_GCST90201926.filtered.tsv.gz	966538	sha256	8535362d72737a93cd825ec6a428f8b78b42a51b544df90af2c0e6d67f838dc1	11.3	19.9	31.2
GCST90201927	ok	""	1	0	http://ftp.ebi.ac.uk/pub/databases/gwas/summary_statistics/GCST90201001-GCST90202000/GCST90201927/harmonised/GCST90201927.h.tsv.gz	150333555	7278494	11005	0.001512	0	1	4290	86	6636	/data/opengwasdb/metabolome-plasma-2023/releases/2023-chen-full-african/filtered/GCST90201927_GCST90201927.filtered.tsv.gz	269720	sha256	4d5c4527bd36b72d113ccbeee1d4cbac1c25c58e30eac83ef7aa676a049a9915	9.2	20.7	29.9
GCST90201928	ok	""	1	0	http://ftp.ebi.ac.uk/pub/databases/gwas/summary_statistics/GCST90201001-GCST90202000/GCST90201928/harmonised/GCST90201928.h.tsv.gz	151507479	7395655	19363	0.002618	0	2	12503	111	6759	/data/opengwasdb/metabolome-plasma-2023/releases/2023-chen-full-african/filtered/GCST90201928_GCST90201928.filtered.tsv.gz	443795	sha256	c85fb8606b94e17bcd39a716e58dc06937efde2fc7dd8bf8553335e011138667	9.6	18.9	28.5
GCST90201929	ok	""	1	0	http://ftp.ebi.ac.uk/pub/databases/gwas/summary_statistics/GCST90201001-GCST90202000/GCST90201929/harmonised/GCST90201929.h.tsv.gz	157869183	7304353	64950	0.008892	0	11	58191	133	6669	/data/opengwasdb/metabolome-plasma-2023/releases/2023-chen-full-african/filtered/GCST90201929_GCST90201929.filtered.tsv.gz	1372373	sha256	ce0cf4bbca074ab56d15016929b50953c5081b1819541a55a3e73d475f19d976	11.7	19.9	31.7
GCST90201930	ok	""	1	0	http://ftp.ebi.ac.uk/pub/databases/gwas/summary_statistics/GCST90201001-GCST90202000/GCST90201930/harmonised/GCST90201930.h.tsv.gz	150291184	7530606	181190	0.02406	0	30	174074	318	6958	/data/opengwasdb/metabolome-plasma-2023/releases/2023-chen-full-african/filtered/GCST90201930_GCST90201930.filtered.tsv.gz	3539060	sha256	2bd51fc482c2aee20e4ea5748e58bd9fba9839782e12c20fd047a7972d16a65c	9.3	24.9	34.2
GCST90201931	ok	""	1	0	http://ftp.ebi.ac.uk/pub/databases/gwas/summary_statistics/GCST90201001-GCST90202000/GCST90201931/harmonised/GCST90201931.h.tsv.gz	152094313	7582404	181463	0.023932	0	28	174306	292	7009	/data/opengwasdb/metabolome-plasma-2023/releases/2023-chen-full-african/filtered/GCST90201931_GCST90201931.filtered.tsv.gz	3540493	sha256	f81ba3d51f288d66a3dbcdab1cfa0a0653d6ebf0cad3b7e13aadd8c342067bd1	11.3	24.8	36.1
GCST90201932	ok	""	1	0	http://ftp.ebi.ac.uk/pub/databases/gwas/summary_statistics/GCST90201001-GCST90202000/GCST90201932/harmonised/GCST90201932.h.tsv.gz	152305176	7410199	14746	0.00199	0	1	7864	96	6791	/data/opengwasdb/metabolome-plasma-2023/releases/2023-chen-full-african/filtered/GCST90201932_GCST90201932.filtered.tsv.gz	317200	sha256	450f7ea6e79342968e07fdfeaf7e544ce3c698e1677bbbc7d73f13e4bdabfb78	11.5	18.6	30.2
GCST90201933	ok	""	1	0	http://ftp.ebi.ac.uk/pub/databases/gwas/summary_statistics/GCST90201001-GCST90202000/GCST90201933/harmonised/GCST90201933.h.tsv.gz	151067602	7345506	36754	0.005004	0	6	29953	108	6721	/data/opengwasdb/metabolome-plasma-2023/releases/2023-chen-full-african/filtered/GCST90201933_GCST90201933.filtered.tsv.gz	762983	sha256	f749ac3a256ff81d5cfa7495a5c71ae96fed6a4048e681555fceb118701abf5b	10.9	20	30.9
GCST90201934	ok	""	1	0	http://ftp.ebi.ac.uk/pub/databases/gwas/summary_statistics/GCST90201001-GCST90202000/GCST90201934/harmonised/GCST90201934.h.tsv.gz	150582254	7290825	13814	0.001895	0	1	7094	71	6655	/data/opengwasdb/metabolome-plasma-2023/releases/2023-chen-full-african/filtered/GCST90201934_GCST90201934.filtered.tsv.gz	325019	sha256	bb2f4af3877ca8aea1a642fde323476ed1bd5e362cd67512886a96b49f5473bc	8.2	18.9	27
GCST90201935	ok	""	1	0	http://ftp.ebi.ac.uk/pub/databases/gwas/summary_statistics/GCST90201001-GCST90202000/GCST90201935/harmonised/GCST90201935.h.tsv.gz	150417213	7305688	120187	0.016451	0	18	113298	254	6726	/data/opengwasdb/metabolome-plasma-2023/releases/2023-chen-full-african/filtered/GCST90201935_GCST90201935.filtered.tsv.gz	2347316	sha256	e96c4f276dc6b69bc3073adf826bd4ad1697403f74c571677464cb09233b0945	9.4	21.7	31.1
GCST90201936	ok	""	1	0	http://ftp.ebi.ac.uk/pub/databases/gwas/summary_statistics/GCST90201001-GCST90202000/GCST90201936/harmonised/GCST90201936.h.tsv.gz	148708666	7295897	138145	0.018935	0	23	131221	334	6715	/data/opengwasdb/metabolome-plasma-2023/releases/2023-chen-full-african/filtered/GCST90201936_GCST90201936.filtered.tsv.gz	2602896	sha256	58630dbf7ebd7d6ce1773bb44c994aa85f1fabace1dd95ca4f9e75eb68c89554	10.8	22.1	32.9
GCST90201937	ok	""	1	0	http://ftp.ebi.ac.uk/pub/databases/gwas/summary_statistics/GCST90201001-GCST90202000/GCST90201937/harmonised/GCST90201937.h.tsv.gz	156106500	7402701	17574	0.002374	0	2	10682	119	6781	/data/opengwasdb/metabolome-plasma-2023/releases/2023-chen-full-african/filtered/GCST90201937_GCST90201937.filtered.tsv.gz	405243	sha256	c1aa7a6de9b63fbd95d19c40cb49fe76f3c76111c36e378107538b175cceba15	6.4	19	25.4
GCST90201938	ok	""	1	0	http://ftp.ebi.ac.uk/pub/databases/gwas/summary_statistics/GCST90201001-GCST90202000/GCST90201938/harmonised/GCST90201938.h.tsv.gz	150627673	7290825	12259	0.001681	0	1	5529	79	6655	/data/opengwasdb/metabolome-plasma-2023/releases/2023-chen-full-african/filtered/GCST90201938_GCST90201938.filtered.tsv.gz	295502	sha256	5c6660710e23c4668b3fbabd1f47bc7c3c1b1192ee490cabf0cb773ed9335b86	10.8	19.5	30.3
GCST90201939	ok	""	1	0	http://ftp.ebi.ac.uk/pub/databases/gwas/summary_statistics/GCST90201001-GCST90202000/GCST90201939/harmonised/GCST90201939.h.tsv.gz	157751029	7304584	27560	0.003773	0	4	20831	87	6662	/data/opengwasdb/metabolome-plasma-2023/releases/2023-chen-full-african/filtered/GCST90201939_GCST90201939.filtered.tsv.gz	599002	sha256	88e214dc87177257b2be8f5b9ea4638fa0af52922a3bb20b033c8b241b55b21e	9.8	19.6	29.4
GCST90201940	ok	""	1	0	http://ftp.ebi.ac.uk/pub/databases/gwas/summary_statistics/GCST90201001-GCST90202000/GCST90201940/harmonised/GCST90201940.h.tsv.gz	158904370	7395482	18467	0.002497	0	2	11621	77	6777	/data/opengwasdb/metabolome-plasma-2023/releases/2023-chen-full-african/filtered/GCST90201940_GCST90201940.filtered.tsv.gz	421175	sha256	21ae082a4744ff526b2d700cf44efb2eed3d8382dae46f0e4af27a12bde4267d	11.7	19.8	31.5
GCST90201941	ok	""	1	0	http://ftp.ebi.ac.uk/pub/databases/gwas/summary_statistics/GCST90201001-GCST90202000/GCST90201941/harmonised/GCST90201941.h.tsv.gz	159308547	7379242	75428	0.010222	0	11	68583	153	6747	/data/opengwasdb/metabolome-plasma-2023/releases/2023-chen-full-african/filtered/GCST90201941_GCST90201941.filtered.tsv.gz	1563105	sha256	876e1d4d8c34d080f2223d83a566dd088a24cb3f46ba1d3bef5a0081f629829d	9.3	22.1	31.4
GCST90201942	ok	""	1	0	http://ftp.ebi.ac.uk/pub/databases/gwas/summary_statistics/GCST90201001-GCST90202000/GCST90201942/harmonised/GCST90201942.h.tsv.gz	152556697	7521670	207655	0.027608	0	34	200598	292	6950	/data/opengwasdb/metabolome-plasma-2023/releases/2023-chen-full-african/filtered/GCST90201942_GCST90201942.filtered.tsv.gz	4061916	sha256	ad48fc586f9a8e02c5a4ce853a5adc10103370471776aca969034d9d00ee8a0c	10.2	25.2	35.4
GCST90201943	ok	""	1	0	http://ftp.ebi.ac.uk/pub/databases/gwas/summary_statistics/GCST90201001-GCST90202000/GCST90201943/harmonised/GCST90201943.h.tsv.gz	158443928	7350419	37050	0.005041	0	5	30234	118	6725	/data/opengwasdb/metabolome-plasma-2023/releases/2023-chen-full-african/filtered/GCST90201943_GCST90201943.filtered.tsv.gz	791400	sha256	f12aa0621be86bb60dfb3b1e5339062e75638704a35ef396a8f4bd576f98c989	9.4	21.1	30.5
GCST90201944	ok	""	1	0	http://ftp.ebi.ac.uk/pub/databases/gwas/summary_statistics/GCST90201001-GCST90202000/GCST90201944/harmonised/GCST90201944.h.tsv.gz	155365228	7673786	45683	0.005953	0	6	38450	135	7126	/data/opengwasdb/metabolome-plasma-2023/releases/2023-chen-full-african/filtered/GCST90201944_GCST90201944.filtered.tsv.gz	961993	sha256	259e9ac8c77801dcef6105f3418f2ea8ed3ea7ce681d225e0b0cbd565cd122e0	11.2	20.1	31.3
GCST90201945	ok	""	1	0	http://ftp.ebi.ac.uk/pub/databases/gwas/summary_statistics/GCST90201001-GCST90202000/GCST90201945/harmonised/GCST90201945.h.tsv.gz	154095551	7526240	13945	0.001853	0	1	6893	94	6965	/data/opengwasdb/metabolome-plasma-2023/releases/2023-chen-full-african/filtered/GCST90201945_GCST90201945.filtered.tsv.gz	315779	sha256	860081178bcb1aa1fe46fd03938d4be33ffae71b622a505edada4a9d93071023	9.3	19.3	28.6
GCST90201946	ok	""	1	0	http://ftp.ebi.ac.uk/pub/databases/gwas/summary_statistics/GCST90201001-GCST90202000/GCST90201946/harmonised/GCST90201946.h.tsv.gz	148004129	7351290	41220	0.005607	0	6	34395	109	6750	/data/opengwasdb/metabolome-plasma-2023/releases/2023-chen-full-african/filtered/GCST90201946_GCST90201946.filtered.tsv.gz	863625	sha256	2a957ed73284242ea509211f399f25dd0b08fc3404f7c3c12a84232f2db6305a	10.6	20.5	31.1
GCST90201947	ok	""	1	0	http://ftp.ebi.ac.uk/pub/databases/gwas/summary_statistics/GCST90201001-GCST90202000/GCST90201947/harmonised/GCST90201947.h.tsv.gz	157583711	7278494	10437	0.001434	0	1	3726	79	6636	/data/opengwasdb/metabolome-plasma-2023/releases/2023-chen-full-african/filtered/GCST90201947_GCST90201947.filtered.tsv.gz	259228	sha256	8d7d523336803dcdc82d8b2c95e907fe0267533c7f0a8e1a0d2116521236ec96	9.4	20.1	29.4
GCST90201948	ok	""	1	0	http://ftp.ebi.ac.uk/pub/databases/gwas/summary_statistics/GCST90201001-GCST90202000/GCST90201948/harmonised/GCST90201948.h.tsv.gz	157875411	7305090	18509	0.002534	0	2	11787	69	6666	/data/opengwasdb/metabolome-plasma-2023/releases/2023-chen-full-african/filtered/GCST90201948_GCST90201948.filtered.tsv.gz	413039	sha256	0cd139070af4b6607f2a0220f52086c8abee82b6d1b0e66f0ca8eaf80d35e4ae	7.1	19.1	26.2
GCST90201949	ok	""	1	0	http://ftp.ebi.ac.uk/pub/databases/gwas/summary_statistics/GCST90201001-GCST90202000/GCST90201949/harmonised/GCST90201949.h.tsv.gz	150634008	7305090	21566	0.002952	0	3	14838	78	6666	/data/opengwasdb/metabolome-plasma-2023/releases/2023-chen-full-african/filtered/GCST90201949_GCST90201949.filtered.tsv.gz	482334	sha256	64cb76c0807fe896b8b707a18c6834f1e4e1fca309c968b3cc31a610bf32a664	9.1	20.3	29.5
GCST90201950	ok	""	1	0	http://ftp.ebi.ac.uk/pub/databases/gwas/summary_statistics/GCST90201001-GCST90202000/GCST90201950/harmonised/GCST90201950.h.tsv.gz	158709275	7361777	11840	0.001608	0	1	5056	61	6726	/data/opengwasdb/metabolome-plasma-2023/releases/2023-chen-full-african/filtered/GCST90201950_GCST90201950.filtered.tsv.gz	279220	sha256	e25c16d13a262a3a5a472c1bda3bc51a5bcc4c09b12b8108320d6d248ab2bdc5	9.6	20	29.6
GCST90201951	ok	""	1	0	http://ftp.ebi.ac.uk/pub/databases/gwas/summary_statistics/GCST90201001-GCST90202000/GCST90201951/harmonised/GCST90201951.h.tsv.gz	159161861	7630951	39194	0.005136	0	5	32009	141	7071	/data/opengwasdb/metabolome-plasma-2023/releases/2023-chen-full-african/filtered/GCST90201951_GCST90201951.filtered.tsv.gz	788968	sha256	0a8a7ea544d675260075fd86dbf7e61a9b216084d3c02e3e2dc91ab775a9527c	9.7	19.9	29.6
GCST90201952	ok	""	1	0	http://ftp.ebi.ac.uk/pub/databases/gwas/summary_statistics/GCST90201001-GCST90202000/GCST90201952/harmonised/GCST90201952.h.tsv.gz	147738432	7298677	88643	0.012145	0	14	81866	144	6706	/data/opengwasdb/metabolome-plasma-2023/releases/2023-chen-full-african/filtered/GCST90201952_GCST90201952.filtered.tsv.gz	1813219	sha256	b18e00059dd041143627162867d1752b6548c555cba4719eff4f7da7b2886677	7.8	22.2	29.9
GCST90201953	ok	""	1	0	http://ftp.ebi.ac.uk/pub/databases/gwas/summary_statistics/GCST90201001-GCST90202000/GCST90201953/harmonised/GCST90201953.h.tsv.gz	151937380	7379796	6837	0.000926	0	0	0	84	6753	/data/opengwasdb/metabolome-plasma-2023/releases/2023-chen-full-african/filtered/GCST90201953_GCST90201953.filtered.tsv.gz	188389	sha256	fa27d14cf67459d30830c80e256d8bf4e0030fc6d1bee0b3953db2dd52b7d747	11.1	18.2	29.3
GCST90201954	ok	""	1	0	http://ftp.ebi.ac.uk/pub/databases/gwas/summary_statistics/GCST90201001-GCST90202000/GCST90201954/harmonised/GCST90201954.h.tsv.gz	158360514	7345778	13155	0.001791	0	1	6376	72	6713	/data/opengwasdb/metabolome-plasma-2023/releases/2023-chen-full-african/filtered/GCST90201954_GCST90201954.filtered.tsv.gz	304428	sha256	d76e6ddc1c2de1c531fcfee544227c92655288f0cd6cdca99682a002f3aece46	10.1	19.6	29.7
GCST90201955	ok	""	1	0	http://ftp.ebi.ac.uk/pub/databases/gwas/summary_statistics/GCST90201001-GCST90202000/GCST90201955/harmonised/GCST90201955.h.tsv.gz	157595100	7278494	27757	0.003814	0	4	21031	108	6636	/data/opengwasdb/metabolome-plasma-2023/releases/2023-chen-full-african/filtered/GCST90201955_GCST90201955.filtered.tsv.gz	602663	sha256	167b4ba06332524323269a6873b23360cb558832f2e8e0b5f155affae6fc6dc1	9.6	20.3	29.9
GCST90201956	ok	""	1	0	http://ftp.ebi.ac.uk/pub/databases/gwas/summary_statistics/GCST90201001-GCST90202000/GCST90201956/harmonised/GCST90201956.h.tsv.gz	158045597	7322845	11360	0.001551	0	1	4621	63	6679	/data/opengwasdb/metabolome-plasma-2023/releases/2023-chen-full-african/filtered/GCST90201956_GCST90201956.filtered.tsv.gz	277625	sha256	b7b9865f4ad572267a60734bf79d03acd7d4f797e09904ae5c71edb51bdd123a	9.3	19.1	28.5
GCST90201957	ok	""	1	0	http://ftp.ebi.ac.uk/pub/databases/gwas/summary_statistics/GCST90201001-GCST90202000/GCST90201957/harmonised/GCST90201957.h.tsv.gz	157695525	7295092	23569	0.003231	0	3	16856	71	6655	/data/opengwasdb/metabolome-plasma-2023/releases/2023-chen-full-african/filtered/GCST90201957_GCST90201957.filtered.tsv.gz	520219	sha256	2aaf787bb1b4b934be5a7cc72cfe4e2b7cb2b7064f62cd6b627783883808ad76	9.8	20.3	30.1
GCST90201958	ok	""	1	0	http://ftp.ebi.ac.uk/pub/databases/gwas/summary_statistics/GCST90201001-GCST90202000/GCST90201958/harmonised/GCST90201958.h.tsv.gz	158019210	7308282	17709	0.002423	0	2	10989	63	6665	/data/opengwasdb/metabolome-plasma-2023/releases/2023-chen-full-african/filtered/GCST90201958_GCST90201958.filtered.tsv.gz	406045	sha256	0476e602280ef6d488ccd00049e6c5a56bda44f6d99c02710fd224a165d85539	11.2	20	31.2
GCST90201959	ok	""	1	0	http://ftp.ebi.ac.uk/pub/databases/gwas/summary_statistics/GCST90201001-GCST90202000/GCST90201959/harmonised/GCST90201959.h.tsv.gz	150356592	7502520	48860	0.006512	0	8	41828	142	6928	/data/opengwasdb/metabolome-plasma-2023/releases/2023-chen-full-african/filtered/GCST90201959_GCST90201959.filtered.tsv.gz	987498	sha256	eddcc1a05213354f4290c99d10b940686807accb5c6b984f3643f6da2815efbf	8.1	20.7	28.8
GCST90201960	ok	""	1	0	http://ftp.ebi.ac.uk/pub/databases/gwas/summary_statistics/GCST90201001-GCST90202000/GCST90201960/harmonised/GCST90201960.h.tsv.gz	157642380	7452458	33798	0.004535	0	5	26836	117	6876	/data/opengwasdb/metabolome-plasma-2023/releases/2023-chen-full-african/filtered/GCST90201960_GCST90201960.filtered.tsv.gz	712116	sha256	a281f82faa330de743f9b6e759068822125c47284e32d97b6996f015a93ced7b	7.7	20.6	28.2
GCST90201961	ok	""	1	0	http://ftp.ebi.ac.uk/pub/databases/gwas/summary_statistics/GCST90201001-GCST90202000/GCST90201961/harmonised/GCST90201961.h.tsv.gz	157612423	7278494	20520	0.002819	0	2	13794	99	6636	/data/opengwasdb/metabolome-plasma-2023/releases/2023-chen-full-african/filtered/GCST90201961_GCST90201961.filtered.tsv.gz	471916	sha256	3e520df5745d043c2707a49c2e672ecbc7089fc54cf5e54bf43bfc6e8ce59bf0	5.1	18.3	23.4
GCST90201962	ok	""	1	0	http://ftp.ebi.ac.uk/pub/databases/gwas/summary_statistics/GCST90201001-GCST90202000/GCST90201962/harmonised/GCST90201962.h.tsv.gz	157547857	7278494	31067	0.004268	0	4	24368	81	6636	/data/opengwasdb/metabolome-plasma-2023/releases/2023-chen-full-african/filtered/GCST90201962_GCST90201962.filtered.tsv.gz	664535	sha256	ab459492a1b860829f1a47ccd8a964f82042543fe4d9b2be29871bb71a5f6ddf	10	20.4	30.3
GCST90201963	ok	""	1	0	http://ftp.ebi.ac.uk/pub/databases/gwas/summary_statistics/GCST90201001-GCST90202000/GCST90201963/harmonised/GCST90201963.h.tsv.gz	159985558	7449964	12688	0.001703	0	1	5761	88	6844	/data/opengwasdb/metabolome-plasma-2023/releases/2023-chen-full-african/filtered/GCST90201963_GCST90201963.filtered.tsv.gz	303855	sha256	54aeab9f6f51bc8d0f667bd26d90d035f50150a23bfa8601c37b331d760a1f2d	7.6	19.4	27
GCST90201964	ok	""	1	0	http://ftp.ebi.ac.uk/pub/databases/gwas/summary_statistics/GCST90201001-GCST90202000/GCST90201964/harmonised/GCST90201964.h.tsv.gz	155979950	7384361	18576	0.002516	0	2	11739	83	6760	/data/opengwasdb/metabolome-plasma-2023/releases/2023-chen-full-african/filtered/GCST90201964_GCST90201964.filtered.tsv.gz	433425	sha256	9dd3dd897230321275f52ec0c86bc7922e05e61dc142450879e7c4f1d9e9873b	7.1	22	29.1
GCST90201965	ok	""	1	0	http://ftp.ebi.ac.uk/pub/databases/gwas/summary_statistics/GCST90201001-GCST90202000/GCST90201965/harmonised/GCST90201965.h.tsv.gz	153057339	7514086	27548	0.003666	0	3	20521	115	6929	/data/opengwasdb/metabolome-plasma-2023/releases/2023-chen-full-african/filtered/GCST90201965_GCST90201965.filtered.tsv.gz	578479	sha256	036e0393d4610c181ea749bd2e95f9af07f147033ab6930d62e78ee8d40b33f2	11.5	20.6	32
GCST90201966	ok	""	1	0	http://ftp.ebi.ac.uk/pub/databases/gwas/summary_statistics/GCST90201001-GCST90202000/GCST90201966/harmonised/GCST90201966.h.tsv.gz	150546663	7327545	79363	0.010831	0	13	72509	195	6732	/data/opengwasdb/metabolome-plasma-2023/releases/2023-chen-full-african/filtered/GCST90201966_GCST90201966.filtered.tsv.gz	1524512	sha256	e2c0884ca42bb00db2369931cd81dda00c507706d32bf7b531cebe3f491ae6e2	9.5	20.4	29.9
GCST90201967	ok	""	1	0	http://ftp.ebi.ac.uk/pub/databases/gwas/summary_statistics/GCST90201001-GCST90202000/GCST90201967/harmonised/GCST90201967.h.tsv.gz	158741205	7361238	18237	0.002477	0	1	11435	79	6729	/data/opengwasdb/metabolome-plasma-2023/releases/2023-chen-full-african/filtered/GCST90201967_GCST90201967.filtered.tsv.gz	418495	sha256	99f5638f4218ca1fcd6305d39d6a0127386dacf7e750a47a929d07b456b667dd	9.6	19.4	29
GCST90201968	ok	""	1	0	http://ftp.ebi.ac.uk/pub/databases/gwas/summary_statistics/GCST90201001-GCST90202000/GCST90201968/harmonised/GCST90201968.h.tsv.gz	150438789	7295092	12764	0.00175	0	1	6000	111	6655	/data/opengwasdb/metabolome-plasma-2023/releases/2023-chen-full-african/filtered/GCST90201968_GCST90201968.filtered.tsv.gz	314484	sha256	ea4d42c3d1733ea24a286d5260ae8aa9cbb00d784630e642a55c6f00e73e7c6c	10.6	18.7	29.3
GCST90201969	ok	""	1	0	http://ftp.ebi.ac.uk/pub/databases/gwas/summary_statistics/GCST90201001-GCST90202000/GCST90201969/harmonised/GCST90201969.h.tsv.gz	149772558	7533191	61366	0.008146	0	8	54315	129	6962	/data/opengwasdb/metabolome-plasma-2023/releases/2023-chen-full-african/filtered/GCST90201969_GCST90201969.filtered.tsv.gz	1194390	sha256	7d7a26beb566ec15d9a300fc214879d19897e2ca6ed65a1367e116896840d0f6	8.3	20.6	28.8
GCST90201970	ok	""	1	0	http://ftp.ebi.ac.uk/pub/databases/gwas/summary_statistics/GCST90201001-GCST90202000/GCST90201970/harmonised/GCST90201970.h.tsv.gz	157941449	7308282	6790	0.000929	0	0	0	125	6665	/data/opengwasdb/metabolome-plasma-2023/releases/2023-chen-full-african/filtered/GCST90201970_GCST90201970.filtered.tsv.gz	187236	sha256	8b3373a9dc37721ef091d415947b842a72a4eec27234b1d51df30d054fce0398	10.7	18.8	29.6
GCST90201971	ok	""	1	0	http://ftp.ebi.ac.uk/pub/databases/gwas/summary_statistics/GCST90201001-GCST90202000/GCST90201971/harmonised/GCST90201971.h.tsv.gz	150896406	7316431	6758	0.000924	0	0	0	82	6676	/data/opengwasdb/metabolome-plasma-2023/releases/2023-chen-full-african/filtered/GCST90201971_GCST90201971.filtered.tsv.gz	186422	sha256	7a6761566de82bd0f10e5930ddabc1a33c099a6d8533c068dc4c27be9509e4f5	11.1	19.8	30.9
GCST90201972	ok	""	1	0	http://ftp.ebi.ac.uk/pub/databases/gwas/summary_statistics/GCST90201001-GCST90202000/GCST90201972/harmonised/GCST90201972.h.tsv.gz	148038145	7140555	19835	0.002778	0	2	13169	187	6491	/data/opengwasdb/metabolome-plasma-2023/releases/2023-chen-full-african/filtered/GCST90201972_GCST90201972.filtered.tsv.gz	419444	sha256	f230aa017db3ab24848d8dbcfc38dbc27afa7047713d868d0ac3ac0560c50644	9.1	18.1	27.2
GCST90201973	ok	""	1	0	http://ftp.ebi.ac.uk/pub/databases/gwas/summary_statistics/GCST90201001-GCST90202000/GCST90201973/harmonised/GCST90201973.h.tsv.gz	157571027	7278494	34617	0.004756	0	5	27942	69	6636	/data/opengwasdb/metabolome-plasma-2023/releases/2023-chen-full-african/filtered/GCST90201973_GCST90201973.filtered.tsv.gz	737856	sha256	b7d31e7e05db4da7beb50ce1e6175600d21b56f9d8ed64c42d5a3148880269e2	11.3	19.6	30.9
GCST90201974	ok	""	1	0	http://ftp.ebi.ac.uk/pub/databases/gwas/summary_statistics/GCST90201001-GCST90202000/GCST90201974/harmonised/GCST90201974.h.tsv.gz	151933368	7365778	36871	0.005006	0	6	30030	131	6740	/data/opengwasdb/metabolome-plasma-2023/releases/2023-chen-full-african/filtered/GCST90201974_GCST90201974.filtered.tsv.gz	776638	sha256	e0a798910ae43f79f960542897dc3e3cefb82ea322632dc9432ccf6d97af3c5c	11	19.7	30.8
GCST90201975	ok	""	1	0	http://ftp.ebi.ac.uk/pub/databases/gwas/summary_statistics/GCST90201001-GCST90202000/GCST90201975/harmonised/GCST90201975.h.tsv.gz	157677246	7297104	22047	0.003021	0	3	15290	115	6658	/data/opengwasdb/metabolome-plasma-2023/releases/2023-chen-full-african/filtered/GCST90201975_GCST90201975.filtered.tsv.gz	498764	sha256	39391edc935f7fa2f979090394a842bdd4e757a623697c2e201f2b1a8e7937a1	10.8	19.4	30.3
GCST90201976	ok	""	1	0	http://ftp.ebi.ac.uk/pub/databases/gwas/summary_statistics/GCST90201001-GCST90202000/GCST90201976/harmonised/GCST90201976.h.tsv.gz	152052043	7374754	28169	0.00382	0	4	21328	96	6769	/data/opengwasdb/metabolome-plasma-2023/releases/2023-chen-full-african/filtered/GCST90201976_GCST90201976.filtered.tsv.gz	607121	sha256	0131a0d29153eb7e0ff4a9b974e1d2c3307456e4c0bfce159c60b538ee7f4e67	9.6	19.8	29.4
GCST90201977	ok	""	1	0	http://ftp.ebi.ac.uk/pub/databases/gwas/summary_statistics/GCST90201001-GCST90202000/GCST90201977/harmonised/GCST90201977.h.tsv.gz	150818087	7323652	30275	0.004134	0	4	23529	75	6689	/data/opengwasdb/metabolome-plasma-2023/releases/2023-chen-full-african/filtered/GCST90201977_GCST90201977.filtered.tsv.gz	663725	sha256	68243e638ba3c030acd0f83f19f99aada020af5b2a4e3bf50375ec9bc565bb76	10.9	20.8	31.7
GCST90201978	ok	""	1	0	http://ftp.ebi.ac.uk/pub/databases/gwas/summary_statistics/GCST90201001-GCST90202000/GCST90201978/harmonised/GCST90201978.h.tsv.gz	157565030	7278494	12097	0.001662	0	1	5404	63	6636	/data/opengwasdb/metabolome-plasma-2023/releases/2023-chen-full-african/filtered/GCST90201978_GCST90201978.filtered.tsv.gz	284078	sha256	e698531c8ffdd538c6ea274cf339c53929e68ed442b43eb8edc349945f3bc3a3	9.7	19.3	29
GCST90201979	ok	""	1	0	http://ftp.ebi.ac.uk/pub/databases/gwas/summary_statistics/GCST90201001-GCST90202000/GCST90201979/harmonised/GCST90201979.h.tsv.gz	157830202	7302981	13364	0.00183	0	1	6594	109	6664	/data/opengwasdb/metabolome-plasma-2023/releases/2023-chen-full-african/filtered/GCST90201979_GCST90201979.filtered.tsv.gz	312775	sha256	408d3cb890b3dfcb1ff74715e6cc23972ad81675bf0f704ae094a9283d38cb07	11.2	20.4	31.6
GCST90201980	ok	""	1	0	http://ftp.ebi.ac.uk/pub/databases/gwas/summary_statistics/GCST90201001-GCST90202000/GCST90201980/harmonised/GCST90201980.h.tsv.gz	158664436	7358243	19689	0.002676	0	2	12895	88	6716	/data/opengwasdb/metabolome-plasma-2023/releases/2023-chen-full-african/filtered/GCST90201980_GCST90201980.filtered.tsv.gz	434922	sha256	ce7763c1349843c31906ed1c2f2b97bc0e97b282cc0dbb032d008bbcd87189d2	9.9	21.4	31.3
GCST90201981	ok	""	1	0	http://ftp.ebi.ac.uk/pub/databases/gwas/summary_statistics/GCST90201001-GCST90202000/GCST90201981/harmonised/GCST90201981.h.tsv.gz	158265914	7365335	12360	0.001678	0	1	5532	104	6730	/data/opengwasdb/metabolome-plasma-2023/releases/2023-chen-full-african/filtered/GCST90201981_GCST90201981.filtered.tsv.gz	283969	sha256	856988f15f656c2a259f05b902afdd7a9e93c5fa59c91631ecc5a21323fc7e52	9.5	20.5	30
GCST90201982	ok	""	1	0	http://ftp.ebi.ac.uk/pub/databases/gwas/summary_statistics/GCST90201001-GCST90202000/GCST90201982/harmonised/GCST90201982.h.tsv.gz	152247570	7484976	38638	0.005162	0	6	31712	78	6879	/data/opengwasdb/metabolome-plasma-2023/releases/2023-chen-full-african/filtered/GCST90201982_GCST90201982.filtered.tsv.gz	789624	sha256	ced8925585552187749f7f50b9becd2a62792c6d2c25373162266c8f89ceca95	11.3	21.1	32.4
GCST90201983	ok	""	1	0	http://ftp.ebi.ac.uk/pub/databases/gwas/summary_statistics/GCST90201001-GCST90202000/GCST90201983/harmonised/GCST90201983.h.tsv.gz	157593053	7278494	16060	0.002207	0	2	9334	100	6636	/data/opengwasdb/metabolome-plasma-2023/releases/2023-chen-full-african/filtered/GCST90201983_GCST90201983.filtered.tsv.gz	367008	sha256	0ed1550fd100ee5a0d2ceb806385498c7b89e44c615022b421f2dea247a6fd28	11.6	21.6	33.2
GCST90201984	ok	""	1	0	http://ftp.ebi.ac.uk/pub/databases/gwas/summary_statistics/GCST90201001-GCST90202000/GCST90201984/harmonised/GCST90201984.h.tsv.gz	161452979	7573788	24709	0.003262	0	3	17609	113	7004	/data/opengwasdb/metabolome-plasma-2023/releases/2023-chen-full-african/filtered/GCST90201984_GCST90201984.filtered.tsv.gz	547954	sha256	ddc29001bbaef223cea617d6823b8e0bbca28ca5aabf0e726412ecc64e8d147a	12.1	21	33.1
GCST90201985	ok	""	1	0	http://ftp.ebi.ac.uk/pub/databases/gwas/summary_statistics/GCST90201001-GCST90202000/GCST90201985/harmonised/GCST90201985.h.tsv.gz	150343739	7278494	26004	0.003573	0	3	19310	71	6636	/data/opengwasdb/metabolome-plasma-2023/releases/2023-chen-full-african/filtered/GCST90201985_GCST90201985.filtered.tsv.gz	575846	sha256	98ef0382a20930edbfd8197d5cdb536fd91119df07b063aca94b0252032b8387	10.4	18.3	28.7
GCST90201986	ok	""	1	0	http://ftp.ebi.ac.uk/pub/databases/gwas/summary_statistics/GCST90201001-GCST90202000/GCST90201986/harmonised/GCST90201986.h.tsv.gz	143045481	6889919	21369	0.003101	0	3	15077	126	6183	/data/opengwasdb/metabolome-plasma-2023/releases/2023-chen-full-african/filtered/GCST90201986_GCST90201986.filtered.tsv.gz	462894	sha256	d6d4554497a817f7581a9171e67094f006c5106ecd507cc79227ebdeb9d5e98a	10.3	20.1	30.4
GCST90201987	ok	""	1	0	http://ftp.ebi.ac.uk/pub/databases/gwas/summary_statistics/GCST90201001-GCST90202000/GCST90201987/harmonised/GCST90201987.h.tsv.gz	157568693	7297104	11992	0.001643	0	1	5280	58	6658	/data/opengwasdb/metabolome-plasma-2023/releases/2023-chen-full-african/filtered/GCST90201987_GCST90201987.filtered.tsv.gz	273884	sha256	3b3eae96d7b6133a7f82b63577d073cd4b16ce5bc30fa95f7b9c7c00272153b0	9.5	20.4	29.9
GCST90201988	ok	""	1	0	http://ftp.ebi.ac.uk/pub/databases/gwas/summary_statistics/GCST90201001-GCST90202000/GCST90201988/harmonised/GCST90201988.h.tsv.gz	160904509	7490985	26904	0.003592	0	3	19906	117	6900	/data/opengwasdb/metabolome-plasma-2023/releases/2023-chen-full-african/filtered/GCST90201988_GCST90201988.filtered.tsv.gz	596055	sha256	6eee4dad5b587c07d286cdcbec02bd709a393ad2b51546d379564ff666e157e2	9.9	19.3	29.2
GCST90201989	ok	""	1	0	http://ftp.ebi.ac.uk/pub/databases/gwas/summary_statistics/GCST90201001-GCST90202000/GCST90201989/harmonised/GCST90201989.h.tsv.gz	157543924	7278494	17802	0.002446	0	2	11117	59	6636	/data/opengwasdb/metabolome-plasma-2023/releases/2023-chen-full-african/filtered/GCST90201989_GCST90201989.filtered.tsv.gz	398426	sha256	934f5ecb455dc4b336e5fcb9024c4f2010e6111e7488bc6d4aba9e90122c1b89	10.1	20.6	30.7
GCST90201990	ok	""	1	0	http://ftp.ebi.ac.uk/pub/databases/gwas/summary_statistics/GCST90201001-GCST90202000/GCST90201990/harmonised/GCST90201990.h.tsv.gz	147152475	7170671	40184	0.005604	0	6	33462	198	6554	/data/opengwasdb/metabolome-plasma-2023/releases/2023-chen-full-african/filtered/GCST90201990_GCST90201990.filtered.tsv.gz	817023	sha256	1ca1666326f6faad8cce41e4a050de600b85daac2d99013edba743578ee764af	7.7	20	27.6
GCST90201991	ok	""	1	0	http://ftp.ebi.ac.uk/pub/databases/gwas/summary_statistics/GCST90201001-GCST90202000/GCST90201991/harmonised/GCST90201991.h.tsv.gz	150466737	7299839	12839	0.001759	0	1	6077	100	6664	/data/opengwasdb/metabolome-plasma-2023/releases/2023-chen-full-african/filtered/GCST90201991_GCST90201991.filtered.tsv.gz	307258	sha256	a7bcd13f56da63a66df0d29632e0c39d2a12e0c9df6a23e0e54900500451eba7	8.4	20	28.4
GCST90201992	ok	""	1	0	http://ftp.ebi.ac.uk/pub/databases/gwas/summary_statistics/GCST90201001-GCST90202000/GCST90201992/harmonised/GCST90201992.h.tsv.gz	157734232	7504519	28654	0.003818	0	4	21619	101	6956	/data/opengwasdb/metabolome-plasma-2023/releases/2023-chen-full-african/filtered/GCST90201992_GCST90201992.filtered.tsv.gz	584125	sha256	5b1ba50ee2f1d02ebbb91f4f4d138a4ec3a999704234de6ccf15ee3cb73f0f67	9.3	20.3	29.7
GCST90201993	ok	""	1	0	http://ftp.ebi.ac.uk/pub/databases/gwas/summary_statistics/GCST90201001-GCST90202000/GCST90201993/harmonised/GCST90201993.h.tsv.gz	158533196	7355871	28343	0.003853	0	4	21509	136	6717	/data/opengwasdb/metabolome-plasma-2023/releases/2023-chen-full-african/filtered/GCST90201993_GCST90201993.filtered.tsv.gz	601773	sha256	0cba3309a14021accf85399f68582f644e060c378d25cb1dcffaaf906ff2917c	10.8	18.8	29.6
GCST90201994	ok	""	1	0	http://ftp.ebi.ac.uk/pub/databases/gwas/summary_statistics/GCST90201001-GCST90202000/GCST90201994/harmonised/GCST90201994.h.tsv.gz	154762402	7360758	19639	0.002668	0	2	12787	114	6752	/data/opengwasdb/metabolome-plasma-2023/releases/2023-chen-full-african/filtered/GCST90201994_GCST90201994.filtered.tsv.gz	431007	sha256	63b18cb64f53a80f3b5ff46b2d883258542bae4ada0dcaf9016a9bcb67940b21	9.3	19	28.3
GCST90201995	ok	""	1	0	http://ftp.ebi.ac.uk/pub/databases/gwas/summary_statistics/GCST90201001-GCST90202000/GCST90201995/harmonised/GCST90201995.h.tsv.gz	157465513	7278494	24615	0.003382	0	3	17880	110	6636	/data/opengwasdb/metabolome-plasma-2023/releases/2023-chen-full-african/filtered/GCST90201995_GCST90201995.filtered.tsv.gz	542103	sha256	68bbc2103fec66dd07ad0175344ffa7c82ed10a50d1c29e8f7a2f465c491b3c8	11.4	19.5	30.9
GCST90201996	ok	""	1	0	http://ftp.ebi.ac.uk/pub/databases/gwas/summary_statistics/GCST90201001-GCST90202000/GCST90201996/harmonised/GCST90201996.h.tsv.gz	151073415	7419142	76375	0.010294	0	11	69396	207	6827	/data/opengwasdb/metabolome-plasma-2023/releases/2023-chen-full-african/filtered/GCST90201996_GCST90201996.filtered.tsv.gz	1452775	sha256	9da2c5a734801d0efe975a0eb684d0267d970d19083ee31e5f2f21a99e906b56	11	21.5	32.5
GCST90201997	ok	""	1	0	http://ftp.ebi.ac.uk/pub/databases/gwas/summary_statistics/GCST90201001-GCST90202000/GCST90201997/harmonised/GCST90201997.h.tsv.gz	158039138	7484981	12763	0.001705	0	1	5787	96	6885	/data/opengwasdb/metabolome-plasma-2023/releases/2023-chen-full-african/filtered/GCST90201997_GCST90201997.filtered.tsv.gz	307973	sha256	f2fb2a792b068aa54c9204f9e5318f927c71c49b7102548dcd4cee2bc9502f2b	10	18.6	28.6
GCST90201998	ok	""	1	0	http://ftp.ebi.ac.uk/pub/databases/gwas/summary_statistics/GCST90201001-GCST90202000/GCST90201998/harmonised/GCST90201998.h.tsv.gz	150318107	7278494	10632	0.001461	0	1	3910	89	6636	/data/opengwasdb/metabolome-plasma-2023/releases/2023-chen-full-african/filtered/GCST90201998_GCST90201998.filtered.tsv.gz	273317	sha256	ba19c19784ec0bed5a4e3b1645d5611f758bceced478630263ddb4ebfee92c71	9.3	18.8	28
GCST90201999	ok	""	1	0	http://ftp.ebi.ac.uk/pub/databases/gwas/summary_statistics/GCST90201001-GCST90202000/GCST90201999/harmonised/GCST90201999.h.tsv.gz	157568149	7278494	16990	0.002334	0	2	10291	73	6636	/data/opengwasdb/metabolome-plasma-2023/releases/2023-chen-full-african/filtered/GCST90201999_GCST90201999.filtered.tsv.gz	388315	sha256	8a5d4e75035f099f2811aa5daf040d5c5148a137fbfe3261a42e5366a88dd339	10.9	19.8	30.7
GCST90202000	ok	""	1	0	http://ftp.ebi.ac.uk/pub/databases/gwas/summary_statistics/GCST90201001-GCST90202000/GCST90202000/harmonised/GCST90202000.h.tsv.gz	159299965	7377634	50820	0.006888	0	7	43941	167	6743	/data/opengwasdb/metabolome-plasma-2023/releases/2023-chen-full-african/filtered/GCST90202000_GCST90202000.filtered.tsv.gz	1063244	sha256	c61953bdf553ee9bd03e4a22556d86df2e0724b4cf8bd8bc33f6742004578110	10.1	20.4	30.5
GCST90202001	ok	""	1	0	http://ftp.ebi.ac.uk/pub/databases/gwas/summary_statistics/GCST90202001-GCST90203000/GCST90202001/harmonised/GCST90202001.h.tsv.gz	153320787	7527876	18981	0.002521	0	2	11965	67	6959	/data/opengwasdb/metabolome-plasma-2023/releases/2023-chen-full-african/filtered/GCST90202001_GCST90202001.filtered.tsv.gz	429545	sha256	30b466d78b3de4678012eb04ee4831f087ad5a131aedc42ca05517f7901fea0c	7.9	20.8	28.6
GCST90202002	ok	""	1	0	http://ftp.ebi.ac.uk/pub/databases/gwas/summary_statistics/GCST90202001-GCST90203000/GCST90202002/harmonised/GCST90202002.h.tsv.gz	156382386	7700039	107950	0.014019	0	16	100611	218	7206	/data/opengwasdb/metabolome-plasma-2023/releases/2023-chen-full-african/filtered/GCST90202002_GCST90202002.filtered.tsv.gz	2068959	sha256	f2ef9346954169ffb63929a93ae2ad577729c523ae3cf64dc04c5c45f2b64bb9	9.7	23.2	32.8
GCST90202003	ok	""	1	0	http://ftp.ebi.ac.uk/pub/databases/gwas/summary_statistics/GCST90202001-GCST90203000/GCST90202003/harmonised/GCST90202003.h.tsv.gz	157566900	7278494	16011	0.0022	0	2	9291	95	6636	/data/opengwasdb/metabolome-plasma-2023/releases/2023-chen-full-african/filtered/GCST90202003_GCST90202003.filtered.tsv.gz	357903	sha256	16852bfa504258ee99ba838431cca5e43bf715b5c9ec3965af0bb599e77ea222	9.4	19.6	29
GCST90202004	ok	""	1	0	http://ftp.ebi.ac.uk/pub/databases/gwas/summary_statistics/GCST90202001-GCST90203000/GCST90202004/harmonised/GCST90202004.h.tsv.gz	162017253	7623179	7121	0.000934	0	0	0	86	7035	/data/opengwasdb/metabolome-plasma-2023/releases/2023-chen-full-african/filtered/GCST90202004_GCST90202004.filtered.tsv.gz	193450	sha256	28bebb7c816227c5407577fc43fb1e922c52bdf18de6c93778e2886991f8c1f3	10.2	19.6	29.8
GCST90202005	ok	""	1	0	http://ftp.ebi.ac.uk/pub/databases/gwas/summary_statistics/GCST90202001-GCST90203000/GCST90202005/harmonised/GCST90202005.h.tsv.gz	157549146	7278494	42107	0.005785	0	6	35384	118	6636	/data/opengwasdb/metabolome-plasma-2023/releases/2023-chen-full-african/filtered/GCST90202005_GCST90202005.filtered.tsv.gz	864828	sha256	a4ffedd2a93224265ebb05338679dc8d4f8dd5ebe4cca09717b1f1d635740a82	9.9	22	32
GCST90202006	ok	""	1	0	http://ftp.ebi.ac.uk/pub/databases/gwas/summary_statistics/GCST90202001-GCST90203000/GCST90202006/harmonised/GCST90202006.h.tsv.gz	157576995	7278494	18690	0.002568	0	2	11995	68	6636	/data/opengwasdb/metabolome-plasma-2023/releases/2023-chen-full-african/filtered/GCST90202006_GCST90202006.filtered.tsv.gz	424446	sha256	dcd11551a6dbf364b41861a8f70e6d5573641d9daf5d810aea83433c921ec4e7	9.6	19	28.7
GCST90202007	ok	""	1	0	http://ftp.ebi.ac.uk/pub/databases/gwas/summary_statistics/GCST90202001-GCST90203000/GCST90202007/harmonised/GCST90202007.h.tsv.gz	150656142	7290825	29005	0.003978	0	4	22267	102	6655	/data/opengwasdb/metabolome-plasma-2023/releases/2023-chen-full-african/filtered/GCST90202007_GCST90202007.filtered.tsv.gz	638044	sha256	f66ffb7c79e7c8a6e9ff06d2f55840c755cbdf62a3c3ce9aa14a7343928b4368	10.4	18	28.4
GCST90202008	ok	""	1	0	http://ftp.ebi.ac.uk/pub/databases/gwas/summary_statistics/GCST90202001-GCST90203000/GCST90202008/harmonised/GCST90202008.h.tsv.gz	157588018	7278494	24651	0.003387	0	3	17950	82	6636	/data/opengwasdb/metabolome-plasma-2023/releases/2023-chen-full-african/filtered/GCST90202008_GCST90202008.filtered.tsv.gz	551576	sha256	848626a69262476d06ea8ba68a30d69c602b43007c2b54f55e279a82776207b8	11.5	18.8	30.3
GCST90202009	ok	""	1	0	http://ftp.ebi.ac.uk/pub/databases/gwas/summary_statistics/GCST90202001-GCST90203000/GCST90202009/harmonised/GCST90202009.h.tsv.gz	160532778	7473468	53880	0.00721	0	8	46963	110	6855	/data/opengwasdb/metabolome-plasma-2023/releases/2023-chen-full-african/filtered/GCST90202009_GCST90202009.filtered.tsv.gz	1097924	sha256	bac8e7405288df036cc09953fdf78e4a280d8e460c922c70ea1d2011b68983a4	10.2	19.9	30.1
GCST90202010	ok	""	1	0	http://ftp.ebi.ac.uk/pub/databases/gwas/summary_statistics/GCST90202001-GCST90203000/GCST90202010/harmonised/GCST90202010.h.tsv.gz	150648715	7307133	26273	0.003596	0	3	19546	76	6662	/data/opengwasdb/metabolome-plasma-2023/releases/2023-chen-full-african/filtered/GCST90202010_GCST90202010.filtered.tsv.gz	564993	sha256	e676ca08788e60584c53f194647daabbf2a6ec3bdea456fa4eb4d5445500e01e	7.8	19.6	27.5
GCST90202011	ok	""	1	0	http://ftp.ebi.ac.uk/pub/databases/gwas/summary_statistics/GCST90202001-GCST90203000/GCST90202011/harmonised/GCST90202011.h.tsv.gz	147280330	7327041	19271	0.00263	0	2	12452	105	6726	/data/opengwasdb/metabolome-plasma-2023/releases/2023-chen-full-african/filtered/GCST90202011_GCST90202011.filtered.tsv.gz	425369	sha256	b7ded189b55000c672cafbca30d81c91b50ed990ae5299730460b43604ae085e	4	19.6	23.6
GCST90202012	ok	""	1	0	http://ftp.ebi.ac.uk/pub/databases/gwas/summary_statistics/GCST90202001-GCST90203000/GCST90202012/harmonised/GCST90202012.h.tsv.gz	150674647	7306620	36246	0.004961	0	5	29478	114	6676	/data/opengwasdb/metabolome-plasma-2023/releases/2023-chen-full-african/filtered/GCST90202012_GCST90202012.filtered.tsv.gz	794716	sha256	d04bde2317ba425fd9d176ac7d989350ac8cb3dce55c605cdf0b7aa1401510c0	8.8	20.6	29.5
GCST90202013	ok	""	1	0	http://ftp.ebi.ac.uk/pub/databases/gwas/summary_statistics/GCST90202001-GCST90203000/GCST90202013/harmonised/GCST90202013.h.tsv.gz	150716460	7321468	6756	0.000923	0	0	0	70	6686	/data/opengwasdb/metabolome-plasma-2023/releases/2023-chen-full-african/filtered/GCST90202013_GCST90202013.filtered.tsv.gz	186007	sha256	5a1a218ee4af210231954443cabd0d9d19b49395465f99816032f55fa6e6faf2	9.6	19.2	28.8
GCST90202014	ok	""	1	0	http://ftp.ebi.ac.uk/pub/databases/gwas/summary_statistics/GCST90202001-GCST90203000/GCST90202014/harmonised/GCST90202014.h.tsv.gz	148479474	7359993	56117	0.007625	0	9	49259	116	6787	/data/opengwasdb/metabolome-plasma-2023/releases/2023-chen-full-african/filtered/GCST90202014_GCST90202014.filtered.tsv.gz	1123796	sha256	ab9449f5052cf05378afe26c6323689ff6b8f9aab7b3dbfec8b3986a61c69501	11	20.6	31.6
GCST90202015	ok	""	1	0	http://ftp.ebi.ac.uk/pub/databases/gwas/summary_statistics/GCST90202001-GCST90203000/GCST90202015/harmonised/GCST90202015.h.tsv.gz	159745325	7459295	41430	0.005554	0	6	34466	135	6860	/data/opengwasdb/metabolome-plasma-2023/releases/2023-chen-full-african/filtered/GCST90202015_GCST90202015.filtered.tsv.gz	860370	sha256	d3b280f24bcb606516f32d002acce86e42f99109839fcb376172aca5cc832618	6.3	19.6	25.8
GCST90202016	ok	""	1	0	http://ftp.ebi.ac.uk/pub/databases/gwas/summary_statistics/GCST90202001-GCST90203000/GCST90202016/harmonised/GCST90202016.h.tsv.gz	150814332	7324159	30571	0.004174	0	4	23795	120	6678	/data/opengwasdb/metabolome-plasma-2023/releases/2023-chen-full-african/filtered/GCST90202016_GCST90202016.filtered.tsv.gz	664595	sha256	646802824ebe8bda53326475d724bfe3414a80c3cd1aaf98195ee76d5b92369a	9.6	19.2	28.8
GCST90202017	ok	""	1	0	http://ftp.ebi.ac.uk/pub/databases/gwas/summary_statistics/GCST90202001-GCST90203000/GCST90202017/harmonised/GCST90202017.h.tsv.gz	158153129	7325030	6779	0.000925	0	0	0	97	6682	/data/opengwasdb/metabolome-plasma-2023/releases/2023-chen-full-african/filtered/GCST90202017_GCST90202017.filtered.tsv.gz	186987	sha256	535e5a30c443a329bb528f4a101f9bd95652abfc2110810b85f55f9437cfc82a	11	19.4	30.4
GCST90202018	ok	""	1	0	http://ftp.ebi.ac.uk/pub/databases/gwas/summary_statistics/GCST90202001-GCST90203000/GCST90202018/harmonised/GCST90202018.h.tsv.gz	148200750	7343284	35608	0.004849	0	5	28788	123	6721	/data/opengwasdb/metabolome-plasma-2023/releases/2023-chen-full-african/filtered/GCST90202018_GCST90202018.filtered.tsv.gz	744535	sha256	d143407f4218a917be4c4f96084fcb8f7c00f47248345af6e7a0c9676c3ff276	7.2	20.2	27.4
GCST90202019	ok	""	1	0	http://ftp.ebi.ac.uk/pub/databases/gwas/summary_statistics/GCST90202001-GCST90203000/GCST90202019/harmonised/GCST90202019.h.tsv.gz	160501622	7496322	30452	0.004062	0	4	23508	76	6884	/data/opengwasdb/metabolome-plasma-2023/releases/2023-chen-full-african/filtered/GCST90202019_GCST90202019.filtered.tsv.gz	654147	sha256	d5549b647a626d647e87af102efc04c8f866e0f55acc2f28d687907a8457882b	9.2	19.7	29
GCST90202020	ok	""	1	0	http://ftp.ebi.ac.uk/pub/databases/gwas/summary_statistics/GCST90202001-GCST90203000/GCST90202020/harmonised/GCST90202020.h.tsv.gz	157681071	7297104	55919	0.007663	0	9	49128	177	6658	/data/opengwasdb/metabolome-plasma-2023/releases/2023-chen-full-african/filtered/GCST90202020_GCST90202020.filtered.tsv.gz	1168336	sha256	c078c55dd325b2f8c691c4a44117cf035fb4a5a29b0e225d841e45403832efcb	11.1	21	32
GCST90202021	ok	""	1	0	http://ftp.ebi.ac.uk/pub/databases/gwas/summary_statistics/GCST90202001-GCST90203000/GCST90202021/harmonised/GCST90202021.h.tsv.gz	148571068	7409821	37176	0.005017	0	5	30296	108	6796	/data/opengwasdb/metabolome-plasma-2023/releases/2023-chen-full-african/filtered/GCST90202021_GCST90202021.filtered.tsv.gz	781541	sha256	91c5d504947fc1ab2f33c3cb33c7269de5d5e8c4ac069a69b650f9eb7a04f104	8.3	19.5	27.8
GCST90202022	ok	""	1	0	http://ftp.ebi.ac.uk/pub/databases/gwas/summary_statistics/GCST90202001-GCST90203000/GCST90202022/harmonised/GCST90202022.h.tsv.gz	154145410	7455812	112061	0.01503	0	18	104985	232	6931	/data/opengwasdb/metabolome-plasma-2023/releases/2023-chen-full-african/filtered/GCST90202022_GCST90202022.filtered.tsv.gz	2164251	sha256	5f1c60ade08e48cc4d442781a90d9d21838d0d2fb88627d1dd4717a8991b771d	10.7	22.9	33.5
GCST90202023	ok	""	1	0	http://ftp.ebi.ac.uk/pub/databases/gwas/summary_statistics/GCST90202001-GCST90203000/GCST90202023/harmonised/GCST90202023.h.tsv.gz	160047055	7427637	38156	0.005137	0	6	31242	130	6810	/data/opengwasdb/metabolome-plasma-2023/releases/2023-chen-full-african/filtered/GCST90202023_GCST90202023.filtered.tsv.gz	818220	sha256	d6f215bcbddc8fb941364b18ac96953fdcac4c04617a46701e932d183ee69908	9.5	21	30.4
GCST90202024	ok	""	1	0	http://ftp.ebi.ac.uk/pub/databases/gwas/summary_statistics/GCST90202001-GCST90203000/GCST90202024/harmonised/GCST90202024.h.tsv.gz	159719176	7401191	6855	0.000926	0	0	0	65	6790	/data/opengwasdb/metabolome-plasma-2023/releases/2023-chen-full-african/filtered/GCST90202024_GCST90202024.filtered.tsv.gz	188685	sha256	4bb05342f202df9476035f71a843df3d6b533202a78ccf04e72365ddc415dbee	11.1	19	30.1
GCST90202025	ok	""	1	0	http://ftp.ebi.ac.uk/pub/databases/gwas/summary_statistics/GCST90202001-GCST90203000/GCST90202025/harmonised/GCST90202025.h.tsv.gz	150946235	7330536	25401	0.003465	0	3	18631	88	6699	/data/opengwasdb/metabolome-plasma-2023/releases/2023-chen-full-african/filtered/GCST90202025_GCST90202025.filtered.tsv.gz	557599	sha256	e8bc408b13c69a975cfd08a58a7183c8361636688f0e1b292e33ff590e51f451	5.7	19	24.7
GCST90202026	ok	""	1	0	http://ftp.ebi.ac.uk/pub/databases/gwas/summary_statistics/GCST90202001-GCST90203000/GCST90202026/harmonised/GCST90202026.h.tsv.gz	148095802	7256809	198267	0.027322	0	32	191455	334	6644	/data/opengwasdb/metabolome-plasma-2023/releases/2023-chen-full-african/filtered/GCST90202026_GCST90202026.filtered.tsv.gz	3744215	sha256	22789814c8d0495ce3f5e0c70f359bf8e6030ed8c36276d58b84ab4279164f51	10.9	25.2	36.1
GCST90202027	ok	""	1	0	http://ftp.ebi.ac.uk/pub/databases/gwas/summary_statistics/GCST90202001-GCST90203000/GCST90202027/harmonised/GCST90202027.h.tsv.gz	155558283	7371448	62049	0.008417	0	9	55117	223	6760	/data/opengwasdb/metabolome-plasma-2023/releases/2023-chen-full-african/filtered/GCST90202027_GCST90202027.filtered.tsv.gz	1254747	sha256	ff89cdf62aea150d48f63f128a191e240c59a6265e5c5ea94e11763ff125e1c6	10.1	21.4	31.5
GCST90202028	ok	""	1	0	http://ftp.ebi.ac.uk/pub/databases/gwas/summary_statistics/GCST90202001-GCST90203000/GCST90202028/harmonised/GCST90202028.h.tsv.gz	157921372	7304584	18320	0.002508	0	1	11590	76	6662	/data/opengwasdb/metabolome-plasma-2023/releases/2023-chen-full-african/filtered/GCST90202028_GCST90202028.filtered.tsv.gz	415840	sha256	939aa7017474498f0b953ce086fb1a7d22a745fe0ec053a0b32f37c7c786a644	6.8	19	25.8
GCST90202029	ok	""	1	0	http://ftp.ebi.ac.uk/pub/databases/gwas/summary_statistics/GCST90202001-GCST90203000/GCST90202029/harmonised/GCST90202029.h.tsv.gz	150960314	7317796	41254	0.005637	0	6	34485	112	6686	/data/opengwasdb/metabolome-plasma-2023/releases/2023-chen-full-african/filtered/GCST90202029_GCST90202029.filtered.tsv.gz	884126	sha256	7360a9391c6c12b47da475ed27bb822f90faba991cfd2d58ac5ac31d26ccbd6a	11.3	19.3	30.6
GCST90202030	ok	""	1	0	http://ftp.ebi.ac.uk/pub/databases/gwas/summary_statistics/GCST90202001-GCST90203000/GCST90202030/harmonised/GCST90202030.h.tsv.gz	150594634	7304462	17110	0.002342	0	2	10327	133	6661	/data/opengwasdb/metabolome-plasma-2023/releases/2023-chen-full-african/filtered/GCST90202030_GCST90202030.filtered.tsv.gz	388640	sha256	3718d02cffbd0d8b442636f3b48a3920c3353551b449a831c8042761648119c6	10.7	19.2	29.9
GCST90202031	ok	""	1	0	http://ftp.ebi.ac.uk/pub/databases/gwas/summary_statistics/GCST90202001-GCST90203000/GCST90202031/harmonised/GCST90202031.h.tsv.gz	160255806	7438110	23781	0.003197	0	3	16877	79	6841	/data/opengwasdb/metabolome-plasma-2023/releases/2023-chen-full-african/filtered/GCST90202031_GCST90202031.filtered.tsv.gz	531503	sha256	e0f93d5a81870161546a212715366133bbb525f53cda9a5b6b39ff4f8e54eb51	6.6	20.1	26.7
GCST90202032	ok	""	1	0	http://ftp.ebi.ac.uk/pub/databases/gwas/summary_statistics/GCST90202001-GCST90203000/GCST90202032/harmonised/GCST90202032.h.tsv.gz	151584313	7353272	6828	0.000929	0	0	0	108	6720	/data/opengwasdb/metabolome-plasma-2023/releases/2023-chen-full-african/filtered/GCST90202032_GCST90202032.filtered.tsv.gz	188241	sha256	15e091c83f618215576f347cf73f99616d4196e5f31c2780a06a81b7e564336a	10.1	20.2	30.3
GCST90202033	ok	""	1	0	http://ftp.ebi.ac.uk/pub/databases/gwas/summary_statistics/GCST90202001-GCST90203000/GCST90202033/harmonised/GCST90202033.h.tsv.gz	152239791	7406003	47420	0.006403	0	5	40565	90	6787	/data/opengwasdb/metabolome-plasma-2023/releases/2023-chen-full-african/filtered/GCST90202033_GCST90202033.filtered.tsv.gz	952251	sha256	bf19a754a5932f721670305f0d3f9f3ae23358271db936278f4df08dbce5b3e5	10.3	19.8	30.1
GCST90202034	ok	""	1	0	http://ftp.ebi.ac.uk/pub/databases/gwas/summary_statistics/GCST90202001-GCST90203000/GCST90202034/harmonised/GCST90202034.h.tsv.gz	150487497	7296236	18856	0.002584	0	2	12132	75	6658	/data/opengwasdb/metabolome-plasma-2023/releases/2023-chen-full-african/filtered/GCST90202034_GCST90202034.filtered.tsv.gz	435804	sha256	9285438b4a31ae99e11d5cca8b12ba3915ac817b30d97ef2f60f4d89d041a4d3	9.4	19.6	29.1
GCST90202035	ok	""	1	0	http://ftp.ebi.ac.uk/pub/databases/gwas/summary_statistics/GCST90202001-GCST90203000/GCST90202035/harmonised/GCST90202035.h.tsv.gz	150668610	7313625	13239	0.00181	0	1	6495	73	6676	/data/opengwasdb/metabolome-plasma-2023/releases/2023-chen-full-african/filtered/GCST90202035_GCST90202035.filtered.tsv.gz	313868	sha256	4003d9d78a8f6126255699477aa350a569f57b433e6e06cfef2c8c95a53b01a7	8.1	19.1	27.2
GCST90202036	ok	""	1	0	http://ftp.ebi.ac.uk/pub/databases/gwas/summary_statistics/GCST90202001-GCST90203000/GCST90202036/harmonised/GCST90202036.h.tsv.gz	157829524	7297802	19917	0.002729	0	2	13183	81	6663	/data/opengwasdb/metabolome-plasma-2023/releases/2023-chen-full-african/filtered/GCST90202036_GCST90202036.filtered.tsv.gz	466686	sha256	6ce5f388d9ee4d7719a5550159834e10f7d7d3c92aec8fa8a5a8b48e152a3f74	11.1	18.7	29.8
GCST90202037	ok	""	1	0	http://ftp.ebi.ac.uk/pub/databases/gwas/summary_statistics/GCST90202001-GCST90203000/GCST90202037/harmonised/GCST90202037.h.tsv.gz	150967343	7319914	11481	0.001568	0	1	4709	79	6700	/data/opengwasdb/metabolome-plasma-2023/releases/2023-chen-full-african/filtered/GCST90202037_GCST90202037.filtered.tsv.gz	280419	sha256	7e03259dd7d049b969f4085ee91ee9baa8ed024f2e9c71bce0ccb492524c748a	8.7	19.9	28.6
GCST90202038	ok	""	1	0	http://ftp.ebi.ac.uk/pub/databases/gwas/summary_statistics/GCST90202001-GCST90203000/GCST90202038/harmonised/GCST90202038.h.tsv.gz	157474764	7278494	34188	0.004697	0	5	27464	116	6636	/data/opengwasdb/metabolome-plasma-2023/releases/2023-chen-full-african/filtered/GCST90202038_GCST90202038.filtered.tsv.gz	729904	sha256	94b4ba4daba8e1b615d5f624361ad03e866959a1bb1f4f6fb13f066eca932b27	16.2	19.7	35.9
GCST90202039	ok	""	1	0	http://ftp.ebi.ac.uk/pub/databases/gwas/summary_statistics/GCST90202001-GCST90203000/GCST90202039/harmonised/GCST90202039.h.tsv.gz	158948559	7353272	15137	0.002059	0	2	8342	86	6720	/data/opengwasdb/metabolome-plasma-2023/releases/2023-chen-full-african/filtered/GCST90202039_GCST90202039.filtered.tsv.gz	343128	sha256	96eba65664259ea2e5976fd7c0067c702cb1b54a5c60c49b85f6633961114dc5	17.3	19.9	37.2
GCST90202040	ok	""	1	0	http://ftp.ebi.ac.uk/pub/databases/gwas/summary_statistics/GCST90202001-GCST90203000/GCST90202040/harmonised/GCST90202040.h.tsv.gz	160519610	7526679	12574	0.001671	0	1	5573	70	6936	/data/opengwasdb/metabolome-plasma-2023/releases/2023-chen-full-african/filtered/GCST90202040_GCST90202040.filtered.tsv.gz	302465	sha256	0ef0fdbc0cfa8852e1d533e499512bb4e77f740cf46f7aef3f0de34062a783b0	27.8	20.1	47.8
GCST90202041	ok	""	1	0	http://ftp.ebi.ac.uk/pub/databases/gwas/summary_statistics/GCST90202001-GCST90203000/GCST90202041/harmonised/GCST90202041.h.tsv.gz	157500814	7278494	6691	0.000919	0	0	0	55	6636	/data/opengwasdb/metabolome-plasma-2023/releases/2023-chen-full-african/filtered/GCST90202041_GCST90202041.filtered.tsv.gz	184518	sha256	9446f0d43bfec8351c7802223ba96b7afc8b7d62a3d38c0d56446856e63a1a6c	26.8	19.6	46.3
GCST90202042	ok	""	1	0	http://ftp.ebi.ac.uk/pub/databases/gwas/summary_statistics/GCST90202001-GCST90203000/GCST90202042/harmonised/GCST90202042.h.tsv.gz	155610525	7618140	20366	0.002673	0	2	13211	102	7064	/data/opengwasdb/metabolome-plasma-2023/releases/2023-chen-full-african/filtered/GCST90202042_GCST90202042.filtered.tsv.gz	433398	sha256	da0673a66efd23b23aea6f96ecd78a7c52df583493c871906597e38b6fba1d42	14.9	19.1	34
GCST90202043	ok	""	1	0	http://ftp.ebi.ac.uk/pub/databases/gwas/summary_statistics/GCST90202001-GCST90203000/GCST90202043/harmonised/GCST90202043.h.tsv.gz	152913606	7517584	12367	0.001645	0	1	5322	112	6938	/data/opengwasdb/metabolome-plasma-2023/releases/2023-chen-full-african/filtered/GCST90202043_GCST90202043.filtered.tsv.gz	290875	sha256	92aae5910af9a7deef2f0af9f8d2629069a22167d09feb274e81aba9c43d2f51	14.2	19.3	33.5
GCST90202044	ok	""	1	0	http://ftp.ebi.ac.uk/pub/databases/gwas/summary_statistics/GCST90202001-GCST90203000/GCST90202044/harmonised/GCST90202044.h.tsv.gz	158334325	7333968	21321	0.002907	0	3	14560	88	6691	/data/opengwasdb/metabolome-plasma-2023/releases/2023-chen-full-african/filtered/GCST90202044_GCST90202044.filtered.tsv.gz	472114	sha256	11e25b05d163274386234d53da4df6ae827558ae7d78abe3d91038f623bdc841	15	21	36
GCST90202045	ok	""	1	0	http://ftp.ebi.ac.uk/pub/databases/gwas/summary_statistics/GCST90202001-GCST90203000/GCST90202045/harmonised/GCST90202045.h.tsv.gz	157868916	7307133	15438	0.002113	0	2	8686	99	6662	/data/opengwasdb/metabolome-plasma-2023/releases/2023-chen-full-african/filtered/GCST90202045_GCST90202045.filtered.tsv.gz	361262	sha256	9b1bdbf23043cc0ef8fb6f0db1f98e09abc0996d4408ff461629e554fd912cb9	14.7	20.1	34.8
GCST90202046	ok	""	1	0	http://ftp.ebi.ac.uk/pub/databases/gwas/summary_statistics/GCST90202001-GCST90203000/GCST90202046/harmonised/GCST90202046.h.tsv.gz	151021238	7332723	6772	0.000924	0	0	0	80	6692	/data/opengwasdb/metabolome-plasma-2023/releases/2023-chen-full-african/filtered/GCST90202046_GCST90202046.filtered.tsv.gz	186374	sha256	775a1001bfd47e717580dfc54e4b65ef7815823fe773a36f385e3cdd70d18c87	19.4	18.4	37.9
GCST90202047	ok	""	1	0	http://ftp.ebi.ac.uk/pub/databases/gwas/summary_statistics/GCST90202001-GCST90203000/GCST90202047/harmonised/GCST90202047.h.tsv.gz	158001734	7306620	29869	0.004088	0	4	23131	81	6676	/data/opengwasdb/metabolome-plasma-2023/releases/2023-chen-full-african/filtered/GCST90202047_GCST90202047.filtered.tsv.gz	644661	sha256	b46809b9ec7249541afa3ce730bc66f1cf785c156cefcfbb938a7431012035aa	26.6	19.3	45.8
GCST90202048	ok	""	1	0	http://ftp.ebi.ac.uk/pub/databases/gwas/summary_statistics/GCST90202001-GCST90203000/GCST90202048/harmonised/GCST90202048.h.tsv.gz	150778434	7313625	25068	0.003428	0	3	18332	76	6676	/data/opengwasdb/metabolome-plasma-2023/releases/2023-chen-full-african/filtered/GCST90202048_GCST90202048.filtered.tsv.gz	512804	sha256	03645ee4434578b912bc05d044c724e572c1f434f4f7faee5bd695b55153d59d	32.8	19.6	52.4
GCST90202049	ok	""	1	0	http://ftp.ebi.ac.uk/pub/databases/gwas/summary_statistics/GCST90202001-GCST90203000/GCST90202049/harmonised/GCST90202049.h.tsv.gz	158326378	7332941	6775	0.000924	0	0	0	75	6701	/data/opengwasdb/metabolome-plasma-2023/releases/2023-chen-full-african/filtered/GCST90202049_GCST90202049.filtered.tsv.gz	186608	sha256	ac4ed50844e1a89189d1d735b4a56b2b4707060ef5bd137f368a5f401bc2ca4b	33.9	19.3	53.2
GCST90202050	ok	""	1	0	http://ftp.ebi.ac.uk/pub/databases/gwas/summary_statistics/GCST90202001-GCST90203000/GCST90202050/harmonised/GCST90202050.h.tsv.gz	154766549	7602730	23792	0.003129	0	3	16704	75	7028	/data/opengwasdb/metabolome-plasma-2023/releases/2023-chen-full-african/filtered/GCST90202050_GCST90202050.filtered.tsv.gz	503188	sha256	b96777e8032d9f07e090d72d495ccccab9cfe029ca6f67ac3aaacaf5d8377261	32.5	19.7	52.2
GCST90202051	ok	""	1	0	http://ftp.ebi.ac.uk/pub/databases/gwas/summary_statistics/GCST90202001-GCST90203000/GCST90202051/harmonised/GCST90202051.h.tsv.gz	161185933	7499914	24695	0.003293	0	3	17734	83	6898	/data/opengwasdb/metabolome-plasma-2023/releases/2023-chen-full-african/filtered/GCST90202051_GCST90202051.filtered.tsv.gz	526874	sha256	c6a94fc12c3d078fc514b0c926b0a2f37836597aae4401c5395f9bc989a9f4ca	34.8	20	54.8
GCST90202052	ok	""	1	0	http://ftp.ebi.ac.uk/pub/databases/gwas/summary_statistics/GCST90202001-GCST90203000/GCST90202052/harmonised/GCST90202052.h.tsv.gz	150351669	7278494	34725	0.004771	0	5	27980	134	6636	/data/opengwasdb/metabolome-plasma-2023/releases/2023-chen-full-african/filtered/GCST90202052_GCST90202052.filtered.tsv.gz	725868	sha256	66b7e885e5eee9648c302e31475368ccfd576b9f598605b1a67c7a1f028f6cc8	39.9	21.7	61.6
GCST90202053	ok	""	1	0	http://ftp.ebi.ac.uk/pub/databases/gwas/summary_statistics/GCST90202001-GCST90203000/GCST90202053/harmonised/GCST90202053.h.tsv.gz	149336623	7398363	33102	0.004474	0	4	26170	145	6808	/data/opengwasdb/metabolome-plasma-2023/releases/2023-chen-full-african/filtered/GCST90202053_GCST90202053.filtered.tsv.gz	715846	sha256	6e5f4fbe2588345b58098197cbe4d0f5f78718d264d2eaabd48a3af717ec2171	40.4	20.3	60.8
GCST90202054	ok	""	1	0	http://ftp.ebi.ac.uk/pub/databases/gwas/summary_statistics/GCST90202001-GCST90203000/GCST90202054/harmonised/GCST90202054.h.tsv.gz	138847649	7016649	74283	0.010587	0	11	67833	156	6346	/data/opengwasdb/metabolome-plasma-2023/releases/2023-chen-full-african/filtered/GCST90202054_GCST90202054.filtered.tsv.gz	1504493	sha256	dbb4f57ee6fd6689258c642b7b6737cd2c940f11adf27ee7c1d38f3ba4a6cb2c	37.5	19.7	57.2
