analysis_id	source_analysis_id	status	skip_reason	af_source	ancestry_reference_id	original_sd	original_sd_method	n_variants_considered	n_variants_overlapping	n_variants_excluded_ambiguous	n_variants_excluded_mismatch	n_variants_excluded_missing_af	n_variants_excluded_maf	n_variants_retained	maf_min	maf_max	implied_sd_median	sd_dispersion	sd_notes	estimator_version
GCST90201021	GCST90201021	passed	""	source	""	0.962697411274976	estimated_from_source_maf	11773	11773	0	0	0	0	11773	0.01	0.5	0.962697411274976	0.0654122064747693	median implied SD=0.963, dispersion=0.065, n=11773	effect_scale_validation.R:v1
GCST90201022	GCST90201022	passed	""	source	""	0.966455940141921	estimated_from_source_maf	12890	12890	0	0	0	0	12890	0.01	0.5	0.966455940141921	0.0701663906670691	median implied SD=0.966, dispersion=0.070, n=12890	effect_scale_validation.R:v1
GCST90201023	GCST90201023	passed	""	source	""	0.838709289256978	estimated_from_source_maf	12047	12047	0	0	0	0	12047	0.01	0.5	0.838709289256978	0.0659155282486501	median implied SD=0.839, dispersion=0.066, n=12047	effect_scale_validation.R:v1
GCST90201024	GCST90201024	passed	""	source	""	0.836586199191309	estimated_from_source_maf	6703	6703	0	0	0	0	6703	0.01	0.5	0.836586199191309	0.0689633209261545	median implied SD=0.837, dispersion=0.069, n=6703	effect_scale_validation.R:v1
GCST90201025	GCST90201025	passed	""	source	""	0.940787801805463	estimated_from_source_maf	22889	22889	0	0	0	0	22889	0.01	0.5	0.940787801805463	0.0607542610297398	median implied SD=0.941, dispersion=0.061, n=22889	effect_scale_validation.R:v1
GCST90201026	GCST90201026	passed	""	source	""	0.844366687856161	estimated_from_source_maf	6627	6627	0	0	0	0	6627	0.01	0.5	0.844366687856161	0.0750543492212188	median implied SD=0.844, dispersion=0.075, n=6627	effect_scale_validation.R:v1
GCST90201027	GCST90201027	passed	""	source	""	0.96884026796881	estimated_from_source_maf	25248	25248	0	0	0	0	25248	0.01	0.5	0.96884026796881	0.0617528566316462	median implied SD=0.969, dispersion=0.062, n=25248	effect_scale_validation.R:v1
GCST90201028	GCST90201028	passed	""	source	""	0.971801480556386	estimated_from_source_maf	41856	41856	0	0	0	0	41856	0.01	0.5	0.971801480556386	0.0644972056804735	median implied SD=0.972, dispersion=0.064, n=41856	effect_scale_validation.R:v1
GCST90201029	GCST90201029	passed	""	source	""	0.966682180615929	estimated_from_source_maf	13584	13584	0	0	0	0	13584	0.01	0.5	0.966682180615929	0.0682331475461867	median implied SD=0.967, dispersion=0.068, n=13584	effect_scale_validation.R:v1
GCST90201030	GCST90201030	passed	""	source	""	0.869733368277222	estimated_from_source_maf	29558	29558	0	0	0	0	29558	0.01	0.5	0.869733368277222	0.0646578488215953	median implied SD=0.870, dispersion=0.065, n=29558	effect_scale_validation.R:v1
GCST90201031	GCST90201031	passed	""	source	""	0.891736685637277	estimated_from_source_maf	37515	37515	0	0	0	0	37515	0.01	0.5	0.891736685637277	0.066485060269475	median implied SD=0.892, dispersion=0.066, n=37515	effect_scale_validation.R:v1
GCST90201032	GCST90201032	passed	""	source	""	0.951489482452627	estimated_from_source_maf	6777	6777	0	0	0	0	6777	0.01	0.5	0.951489482452627	0.0686378629615382	median implied SD=0.951, dispersion=0.069, n=6777	effect_scale_validation.R:v1
GCST90201033	GCST90201033	passed	""	source	""	0.96456339488831	estimated_from_source_maf	49877	49877	0	0	0	1	49876	0.01	0.5	0.96456339488831	0.0600653015653698	median implied SD=0.965, dispersion=0.060, n=49876	effect_scale_validation.R:v1
GCST90201034	GCST90201034	passed	""	source	""	0.741141082630486	estimated_from_source_maf	27027	27027	0	0	0	0	27027	0.01	0.5	0.741141082630486	0.078955094100884	median implied SD=0.741, dispersion=0.079, n=27027	effect_scale_validation.R:v1
GCST90201035	GCST90201035	passed	""	source	""	0.961831830226439	estimated_from_source_maf	32767	32767	0	0	0	0	32767	0.01	0.5	0.961831830226439	0.0603100312648312	median implied SD=0.962, dispersion=0.060, n=32767	effect_scale_validation.R:v1
GCST90201036	GCST90201036	passed	""	source	""	0.912512493707187	estimated_from_source_maf	24877	24877	0	0	0	0	24877	0.01	0.5	0.912512493707187	0.0672529125915745	median implied SD=0.913, dispersion=0.067, n=24877	effect_scale_validation.R:v1
GCST90201037	GCST90201037	passed	""	source	""	0.903380282033935	estimated_from_source_maf	60900	60900	0	0	0	0	60900	0.01	0.5	0.903380282033935	0.0649058937623978	median implied SD=0.903, dispersion=0.065, n=60900	effect_scale_validation.R:v1
GCST90201038	GCST90201038	passed	""	source	""	0.895694837089612	estimated_from_source_maf	7006	7006	0	0	0	0	7006	0.01	0.5	0.895694837089612	0.0726257086312502	median implied SD=0.896, dispersion=0.073, n=7006	effect_scale_validation.R:v1
GCST90201039	GCST90201039	passed	""	source	""	0.928191810153776	estimated_from_source_maf	147031	147031	0	0	0	0	147031	0.01	0.5	0.928191810153776	0.0672362399515032	median implied SD=0.928, dispersion=0.067, n=147031	effect_scale_validation.R:v1
GCST90201040	GCST90201040	passed	""	source	""	0.895528858063748	estimated_from_source_maf	6792	6792	0	0	0	0	6792	0.01	0.5	0.895528858063748	0.0683746752784173	median implied SD=0.896, dispersion=0.068, n=6792	effect_scale_validation.R:v1
GCST90201041	GCST90201041	passed	""	source	""	1.03109989200406	estimated_from_source_maf	96347	96347	0	0	0	1	96346	0.01	0.5	1.03109989200406	0.0602631144931538	median implied SD=1.031, dispersion=0.060, n=96346	effect_scale_validation.R:v1
GCST90201042	GCST90201042	passed	""	source	""	0.974607850273262	estimated_from_source_maf	54492	54492	0	0	0	0	54492	0.01	0.5	0.974607850273262	0.061263904047558	median implied SD=0.975, dispersion=0.061, n=54492	effect_scale_validation.R:v1
GCST90201043	GCST90201043	passed	""	source	""	0.934540679014518	estimated_from_source_maf	6711	6711	0	0	0	0	6711	0.01	0.5	0.934540679014518	0.0677793900298305	median implied SD=0.935, dispersion=0.068, n=6711	effect_scale_validation.R:v1
GCST90201044	GCST90201044	passed	""	source	""	0.748890547248328	estimated_from_source_maf	32066	32066	0	0	0	0	32066	0.01	0.5	0.748890547248328	0.0704885823788751	median implied SD=0.749, dispersion=0.070, n=32066	effect_scale_validation.R:v1
GCST90201045	GCST90201045	passed	""	source	""	0.922624510263552	estimated_from_source_maf	21565	21565	0	0	0	2	21563	0.01	0.5	0.922624510263552	0.0600544251596893	median implied SD=0.923, dispersion=0.060, n=21563	effect_scale_validation.R:v1
GCST90201046	GCST90201046	passed	""	source	""	0.931911729274226	estimated_from_source_maf	6753	6753	0	0	0	0	6753	0.01	0.5	0.931911729274226	0.0685303093838276	median implied SD=0.932, dispersion=0.069, n=6753	effect_scale_validation.R:v1
GCST90201047	GCST90201047	passed	""	source	""	0.886430484529638	estimated_from_source_maf	19868	19868	0	0	0	0	19868	0.01	0.5	0.886430484529638	0.0666752485276162	median implied SD=0.886, dispersion=0.067, n=19868	effect_scale_validation.R:v1
GCST90201048	GCST90201048	passed	""	source	""	0.827566240018728	estimated_from_source_maf	21692	21692	0	0	0	0	21692	0.01	0.5	0.827566240018728	0.0622320440662356	median implied SD=0.828, dispersion=0.062, n=21692	effect_scale_validation.R:v1
GCST90201049	GCST90201049	passed	""	source	""	0.940856414650334	estimated_from_source_maf	12406	12406	0	0	0	0	12406	0.01	0.5	0.940856414650334	0.0616008019624785	median implied SD=0.941, dispersion=0.062, n=12406	effect_scale_validation.R:v1
GCST90201050	GCST90201050	passed	""	source	""	0.969729162690939	estimated_from_source_maf	13340	13340	0	0	0	0	13340	0.01	0.5	0.969729162690939	0.0672825836576177	median implied SD=0.970, dispersion=0.067, n=13340	effect_scale_validation.R:v1
GCST90201051	GCST90201051	passed	""	source	""	0.862284041817812	estimated_from_source_maf	12995	12995	0	0	0	0	12995	0.01	0.5	0.862284041817812	0.06531446642096	median implied SD=0.862, dispersion=0.065, n=12995	effect_scale_validation.R:v1
GCST90201052	GCST90201052	passed	""	source	""	0.895585556609111	estimated_from_source_maf	18906	18906	0	0	0	0	18906	0.01	0.5	0.895585556609111	0.0657085206100524	median implied SD=0.896, dispersion=0.066, n=18906	effect_scale_validation.R:v1
GCST90201053	GCST90201053	passed	""	source	""	0.938902943003481	estimated_from_source_maf	11994	11994	0	0	0	0	11994	0.01	0.5	0.938902943003481	0.0649364904280159	median implied SD=0.939, dispersion=0.065, n=11994	effect_scale_validation.R:v1
GCST90201054	GCST90201054	passed	""	source	""	0.942131671301789	estimated_from_source_maf	35559	35559	0	0	0	0	35559	0.01	0.5	0.942131671301789	0.0620288136036437	median implied SD=0.942, dispersion=0.062, n=35559	effect_scale_validation.R:v1
GCST90201055	GCST90201055	passed	""	source	""	0.900253624871087	estimated_from_source_maf	11775	11775	0	0	0	0	11775	0.01	0.5	0.900253624871087	0.0651425663121862	median implied SD=0.900, dispersion=0.065, n=11775	effect_scale_validation.R:v1
GCST90201056	GCST90201056	passed	""	source	""	0.941928793925542	estimated_from_source_maf	16690	16690	0	0	0	0	16690	0.01	0.5	0.941928793925542	0.0603624404209002	median implied SD=0.942, dispersion=0.060, n=16690	effect_scale_validation.R:v1
GCST90201057	GCST90201057	passed	""	source	""	0.893145012370995	estimated_from_source_maf	6710	6710	0	0	0	0	6710	0.01	0.5	0.893145012370995	0.0681623405240867	median implied SD=0.893, dispersion=0.068, n=6710	effect_scale_validation.R:v1
GCST90201058	GCST90201058	passed	""	source	""	0.821004012675251	estimated_from_source_maf	34530	34530	0	0	0	0	34530	0.01	0.5	0.821004012675251	0.0619618643779491	median implied SD=0.821, dispersion=0.062, n=34530	effect_scale_validation.R:v1
GCST90201059	GCST90201059	passed	""	source	""	0.903957048783474	estimated_from_source_maf	25767	25767	0	0	0	0	25767	0.01	0.5	0.903957048783474	0.0675902333524277	median implied SD=0.904, dispersion=0.068, n=25767	effect_scale_validation.R:v1
GCST90201060	GCST90201060	passed	""	source	""	0.955541057789359	estimated_from_source_maf	37203	37203	0	0	0	0	37203	0.01	0.5	0.955541057789359	0.0620736683249304	median implied SD=0.956, dispersion=0.062, n=37203	effect_scale_validation.R:v1
GCST90201061	GCST90201061	passed	""	source	""	0.967016553647242	estimated_from_source_maf	11542	11542	0	0	0	0	11542	0.01	0.5	0.967016553647242	0.0632406195651523	median implied SD=0.967, dispersion=0.063, n=11542	effect_scale_validation.R:v1
GCST90201062	GCST90201062	passed	""	source	""	0.971614800330982	estimated_from_source_maf	18065	18065	0	0	0	0	18065	0.01	0.5	0.971614800330982	0.0651074153837694	median implied SD=0.972, dispersion=0.065, n=18065	effect_scale_validation.R:v1
GCST90201063	GCST90201063	passed	""	source	""	0.934123315737252	estimated_from_source_maf	13947	13947	0	0	0	0	13947	0.01	0.5	0.934123315737252	0.066779268484355	median implied SD=0.934, dispersion=0.067, n=13947	effect_scale_validation.R:v1
GCST90201064	GCST90201064	passed	""	source	""	0.858369385222634	estimated_from_source_maf	12245	12245	0	0	0	0	12245	0.01	0.5	0.858369385222634	0.0659324881271177	median implied SD=0.858, dispersion=0.066, n=12245	effect_scale_validation.R:v1
GCST90201065	GCST90201065	passed	""	source	""	0.881428030440843	estimated_from_source_maf	18725	18725	0	0	0	0	18725	0.01	0.5	0.881428030440843	0.0652134930718081	median implied SD=0.881, dispersion=0.065, n=18725	effect_scale_validation.R:v1
GCST90201066	GCST90201066	passed	""	source	""	0.894676289341116	estimated_from_source_maf	12219	12219	0	0	0	0	12219	0.01	0.5	0.894676289341116	0.0625674661858772	median implied SD=0.895, dispersion=0.063, n=12219	effect_scale_validation.R:v1
GCST90201067	GCST90201067	passed	""	source	""	0.894938500593138	estimated_from_source_maf	13111	13111	0	0	0	0	13111	0.01	0.5	0.894938500593138	0.0605259900792268	median implied SD=0.895, dispersion=0.061, n=13111	effect_scale_validation.R:v1
GCST90201068	GCST90201068	passed	""	source	""	0.913027976857602	estimated_from_source_maf	6716	6716	0	0	0	0	6716	0.01	0.5	0.913027976857602	0.0682354259579792	median implied SD=0.913, dispersion=0.068, n=6716	effect_scale_validation.R:v1
GCST90201069	GCST90201069	passed	""	source	""	0.934114233442377	estimated_from_source_maf	17194	17194	0	0	0	0	17194	0.01	0.5	0.934114233442377	0.0645359188534043	median implied SD=0.934, dispersion=0.065, n=17194	effect_scale_validation.R:v1
GCST90201070	GCST90201070	passed	""	source	""	0.783702522901699	estimated_from_source_maf	26866	26866	0	0	0	0	26866	0.01	0.5	0.783702522901699	0.0625640002296739	median implied SD=0.784, dispersion=0.063, n=26866	effect_scale_validation.R:v1
GCST90201071	GCST90201071	passed	""	source	""	0.951665125984155	estimated_from_source_maf	140945	140945	0	0	0	0	140945	0.01	0.5	0.951665125984155	0.0634994840829168	median implied SD=0.952, dispersion=0.063, n=140945	effect_scale_validation.R:v1
GCST90201072	GCST90201072	passed	""	source	""	0.940406807168497	estimated_from_source_maf	62261	62261	0	0	0	1	62260	0.01	0.5	0.940406807168497	0.0606447917810388	median implied SD=0.940, dispersion=0.061, n=62260	effect_scale_validation.R:v1
GCST90201073	GCST90201073	passed	""	source	""	0.957531694308035	estimated_from_source_maf	11137	11137	0	0	0	0	11137	0.01	0.5	0.957531694308035	0.0609150948025857	median implied SD=0.958, dispersion=0.061, n=11137	effect_scale_validation.R:v1
GCST90201074	GCST90201074	passed	""	source	""	0.842793482748974	estimated_from_source_maf	24826	24826	0	0	0	0	24826	0.01	0.5	0.842793482748974	0.0650216891182531	median implied SD=0.843, dispersion=0.065, n=24826	effect_scale_validation.R:v1
GCST90201075	GCST90201075	passed	""	source	""	0.949878364059066	estimated_from_source_maf	15678	15678	0	0	0	0	15678	0.01	0.5	0.949878364059066	0.0648373179681714	median implied SD=0.950, dispersion=0.065, n=15678	effect_scale_validation.R:v1
GCST90201076	GCST90201076	passed	""	source	""	0.920476738524686	estimated_from_source_maf	77241	77241	0	0	0	0	77241	0.01	0.5	0.920476738524686	0.0615125423121396	median implied SD=0.920, dispersion=0.062, n=77241	effect_scale_validation.R:v1
GCST90201077	GCST90201077	passed	""	source	""	0.826156367650916	estimated_from_source_maf	17949	17949	0	0	0	0	17949	0.01	0.5	0.826156367650916	0.0765958611629083	median implied SD=0.826, dispersion=0.077, n=17949	effect_scale_validation.R:v1
GCST90201078	GCST90201078	passed	""	source	""	0.918388958356515	estimated_from_source_maf	15850	15850	0	0	0	0	15850	0.01	0.5	0.918388958356515	0.0582072321883683	median implied SD=0.918, dispersion=0.058, n=15850	effect_scale_validation.R:v1
GCST90201079	GCST90201079	passed	""	source	""	0.859351319665359	estimated_from_source_maf	23433	23433	0	0	0	0	23433	0.01	0.5	0.859351319665359	0.0639281927730417	median implied SD=0.859, dispersion=0.064, n=23433	effect_scale_validation.R:v1
GCST90201080	GCST90201080	passed	""	source	""	0.889709762346282	estimated_from_source_maf	19177	19177	0	0	0	0	19177	0.01	0.5	0.889709762346282	0.0659899314518183	median implied SD=0.890, dispersion=0.066, n=19177	effect_scale_validation.R:v1
GCST90201081	GCST90201081	passed	""	source	""	0.956410801278414	estimated_from_source_maf	6741	6741	0	0	0	0	6741	0.01	0.5	0.956410801278414	0.0687775099992338	median implied SD=0.956, dispersion=0.069, n=6741	effect_scale_validation.R:v1
GCST90201082	GCST90201082	passed	""	source	""	0.934956605130385	estimated_from_source_maf	63585	63585	0	0	0	0	63585	0.01	0.5	0.934956605130385	0.0627574128020081	median implied SD=0.935, dispersion=0.063, n=63585	effect_scale_validation.R:v1
GCST90201083	GCST90201083	passed	""	source	""	0.918949075728914	estimated_from_source_maf	23229	23229	0	0	0	0	23229	0.01	0.5	0.918949075728914	0.0572495207715472	median implied SD=0.919, dispersion=0.057, n=23229	effect_scale_validation.R:v1
GCST90201084	GCST90201084	passed	""	source	""	0.918822745281503	estimated_from_source_maf	22864	22864	0	0	0	0	22864	0.01	0.5	0.918822745281503	0.0657733929277672	median implied SD=0.919, dispersion=0.066, n=22864	effect_scale_validation.R:v1
GCST90201085	GCST90201085	passed	""	source	""	0.902132232413795	estimated_from_source_maf	6731	6731	0	0	0	0	6731	0.01	0.5	0.902132232413795	0.0683896140512012	median implied SD=0.902, dispersion=0.068, n=6731	effect_scale_validation.R:v1
GCST90201086	GCST90201086	passed	""	source	""	0.815306622068882	estimated_from_source_maf	93893	93893	0	0	0	0	93893	0.01	0.5	0.815306622068882	0.0667165284002773	median implied SD=0.815, dispersion=0.067, n=93893	effect_scale_validation.R:v1
GCST90201087	GCST90201087	passed	""	source	""	0.957051405204966	estimated_from_source_maf	17508	17508	0	0	0	0	17508	0.01	0.5	0.957051405204966	0.0630714745043045	median implied SD=0.957, dispersion=0.063, n=17508	effect_scale_validation.R:v1
GCST90201088	GCST90201088	passed	""	source	""	0.927360477547843	estimated_from_source_maf	41236	41236	0	0	0	0	41236	0.01	0.5	0.927360477547843	0.0621413820541127	median implied SD=0.927, dispersion=0.062, n=41236	effect_scale_validation.R:v1
GCST90201089	GCST90201089	passed	""	source	""	0.932998838619582	estimated_from_source_maf	6717	6717	0	0	0	0	6717	0.01	0.5	0.932998838619582	0.0683055036477884	median implied SD=0.933, dispersion=0.068, n=6717	effect_scale_validation.R:v1
GCST90201090	GCST90201090	passed	""	source	""	0.967578255380538	estimated_from_source_maf	31810	31810	0	0	0	1	31809	0.01	0.5	0.967578255380538	0.0596695393403776	median implied SD=0.968, dispersion=0.060, n=31809	effect_scale_validation.R:v1
GCST90201091	GCST90201091	passed	""	source	""	0.995417628379226	estimated_from_source_maf	24658	24658	0	0	0	0	24658	0.01	0.5	0.995417628379226	0.0651655104314908	median implied SD=0.995, dispersion=0.065, n=24658	effect_scale_validation.R:v1
GCST90201092	GCST90201092	passed	""	source	""	0.836052501278564	estimated_from_source_maf	37902	37902	0	0	0	0	37902	0.01	0.5	0.836052501278564	0.0646286878834696	median implied SD=0.836, dispersion=0.065, n=37902	effect_scale_validation.R:v1
GCST90201093	GCST90201093	passed	""	source	""	0.938712628493649	estimated_from_source_maf	30570	30570	0	0	0	1	30569	0.01	0.5	0.938712628493649	0.0640485434209907	median implied SD=0.939, dispersion=0.064, n=30569	effect_scale_validation.R:v1
GCST90201094	GCST90201094	passed	""	source	""	0.896969918941475	estimated_from_source_maf	15457	15457	0	0	0	0	15457	0.01	0.5	0.896969918941475	0.062057904765233	median implied SD=0.897, dispersion=0.062, n=15457	effect_scale_validation.R:v1
GCST90201095	GCST90201095	passed	""	source	""	0.981790046323662	estimated_from_source_maf	13604	13604	0	0	0	0	13604	0.01	0.5	0.981790046323662	0.0630591876276648	median implied SD=0.982, dispersion=0.063, n=13604	effect_scale_validation.R:v1
GCST90201096	GCST90201096	passed	""	source	""	0.938933358408223	estimated_from_source_maf	6738	6738	0	0	0	0	6738	0.01	0.5	0.938933358408223	0.0694512272550817	median implied SD=0.939, dispersion=0.069, n=6738	effect_scale_validation.R:v1
GCST90201097	GCST90201097	passed	""	source	""	0.983405958566254	estimated_from_source_maf	11983	11983	0	0	0	0	11983	0.01	0.5	0.983405958566254	0.0635100709522354	median implied SD=0.983, dispersion=0.064, n=11983	effect_scale_validation.R:v1
GCST90201098	GCST90201098	passed	""	source	""	0.862798136305184	estimated_from_source_maf	6789	6789	0	0	0	0	6789	0.01	0.5	0.862798136305184	0.0690955318680398	median implied SD=0.863, dispersion=0.069, n=6789	effect_scale_validation.R:v1
GCST90201099	GCST90201099	passed	""	source	""	0.977775295502576	estimated_from_source_maf	28154	28154	0	0	0	0	28154	0.01	0.5	0.977775295502576	0.0735295555435079	median implied SD=0.978, dispersion=0.074, n=28154	effect_scale_validation.R:v1
GCST90201100	GCST90201100	passed	""	source	""	0.98108799394585	estimated_from_source_maf	54718	54718	0	0	0	1	54717	0.01	0.5	0.98108799394585	0.0640606826427495	median implied SD=0.981, dispersion=0.064, n=54717	effect_scale_validation.R:v1
GCST90201101	GCST90201101	passed	""	source	""	0.938797954017446	estimated_from_source_maf	18175	18175	0	0	0	0	18175	0.01	0.5	0.938797954017446	0.0691851383481716	median implied SD=0.939, dispersion=0.069, n=18175	effect_scale_validation.R:v1
GCST90201102	GCST90201102	passed	""	source	""	0.874491812717215	estimated_from_source_maf	12942	12942	0	0	0	0	12942	0.01	0.5	0.874491812717215	0.0644247964323594	median implied SD=0.874, dispersion=0.064, n=12942	effect_scale_validation.R:v1
GCST90201103	GCST90201103	passed	""	source	""	0.893218823712547	estimated_from_source_maf	19208	19208	0	0	0	0	19208	0.01	0.5	0.893218823712547	0.0614669688718452	median implied SD=0.893, dispersion=0.061, n=19208	effect_scale_validation.R:v1
GCST90201104	GCST90201104	passed	""	source	""	0.906957966357788	estimated_from_source_maf	42123	42123	0	0	0	0	42123	0.01	0.5	0.906957966357788	0.0668295436204604	median implied SD=0.907, dispersion=0.067, n=42123	effect_scale_validation.R:v1
GCST90201105	GCST90201105	passed	""	source	""	0.939303383078097	estimated_from_source_maf	31258	31258	0	0	0	0	31258	0.01	0.5	0.939303383078097	0.0645329286136188	median implied SD=0.939, dispersion=0.065, n=31258	effect_scale_validation.R:v1
GCST90201106	GCST90201106	passed	""	source	""	0.881893959510371	estimated_from_source_maf	48560	48560	0	0	0	0	48560	0.01	0.5	0.881893959510371	0.0635574413394678	median implied SD=0.882, dispersion=0.064, n=48560	effect_scale_validation.R:v1
GCST90201107	GCST90201107	passed	""	source	""	0.79793689851101	estimated_from_source_maf	6706	6706	0	0	0	0	6706	0.01	0.5	0.79793689851101	0.0688638365530013	median implied SD=0.798, dispersion=0.069, n=6706	effect_scale_validation.R:v1
GCST90201108	GCST90201108	passed	""	source	""	0.901680609519285	estimated_from_source_maf	18935	18935	0	0	0	0	18935	0.01	0.5	0.901680609519285	0.0591162583112928	median implied SD=0.902, dispersion=0.059, n=18935	effect_scale_validation.R:v1
GCST90201109	GCST90201109	passed	""	source	""	1.01740326200955	estimated_from_source_maf	29789	29789	0	0	0	0	29789	0.01	0.5	1.01740326200955	0.0611654517383013	median implied SD=1.017, dispersion=0.061, n=29789	effect_scale_validation.R:v1
GCST90201110	GCST90201110	passed	""	source	""	1.01254647869861	estimated_from_source_maf	15576	15576	0	0	0	0	15576	0.01	0.5	1.01254647869861	0.0636279661220855	median implied SD=1.013, dispersion=0.064, n=15576	effect_scale_validation.R:v1
GCST90201111	GCST90201111	passed	""	source	""	0.896212015294283	estimated_from_source_maf	32414	32414	0	0	0	0	32414	0.01	0.5	0.896212015294283	0.0629539665261402	median implied SD=0.896, dispersion=0.063, n=32414	effect_scale_validation.R:v1
GCST90201112	GCST90201112	passed	""	source	""	0.907409230241135	estimated_from_source_maf	6722	6722	0	0	0	0	6722	0.01	0.5	0.907409230241135	0.0684117550841435	median implied SD=0.907, dispersion=0.068, n=6722	effect_scale_validation.R:v1
GCST90201113	GCST90201113	passed	""	source	""	0.844559423102882	estimated_from_source_maf	13959	13959	0	0	0	0	13959	0.01	0.5	0.844559423102882	0.0636516506299679	median implied SD=0.845, dispersion=0.064, n=13959	effect_scale_validation.R:v1
GCST90201114	GCST90201114	passed	""	source	""	0.991603746857007	estimated_from_source_maf	96595	96595	0	0	0	0	96595	0.01	0.5	0.991603746857007	0.0556452908578656	median implied SD=0.992, dispersion=0.056, n=96595	effect_scale_validation.R:v1
GCST90201115	GCST90201115	passed	""	source	""	0.940829389394615	estimated_from_source_maf	13912	13912	0	0	0	0	13912	0.01	0.5	0.940829389394615	0.0738416833186762	median implied SD=0.941, dispersion=0.074, n=13912	effect_scale_validation.R:v1
GCST90201116	GCST90201116	passed	""	source	""	0.845302647635087	estimated_from_source_maf	12079	12079	0	0	0	0	12079	0.01	0.5	0.845302647635087	0.0639689881845106	median implied SD=0.845, dispersion=0.064, n=12079	effect_scale_validation.R:v1
GCST90201117	GCST90201117	passed	""	source	""	0.843479751759894	estimated_from_source_maf	6736	6736	0	0	0	0	6736	0.01	0.5	0.843479751759894	0.0682834926026594	median implied SD=0.843, dispersion=0.068, n=6736	effect_scale_validation.R:v1
GCST90201118	GCST90201118	passed	""	source	""	0.885652744654919	estimated_from_source_maf	42211	42211	0	0	0	0	42211	0.01	0.5	0.885652744654919	0.0616716601954367	median implied SD=0.886, dispersion=0.062, n=42211	effect_scale_validation.R:v1
GCST90201119	GCST90201119	passed	""	source	""	0.877729691331847	estimated_from_source_maf	14177	14177	0	0	0	0	14177	0.01	0.5	0.877729691331847	0.0662783516118725	median implied SD=0.878, dispersion=0.066, n=14177	effect_scale_validation.R:v1
GCST90201120	GCST90201120	passed	""	source	""	0.863894496325241	estimated_from_source_maf	17914	17914	0	0	0	0	17914	0.01	0.5	0.863894496325241	0.0677673537811121	median implied SD=0.864, dispersion=0.068, n=17914	effect_scale_validation.R:v1
GCST90201121	GCST90201121	passed	""	source	""	0.986248273550821	estimated_from_source_maf	56904	56904	0	0	0	0	56904	0.01	0.5	0.986248273550821	0.0685937493421533	median implied SD=0.986, dispersion=0.069, n=56904	effect_scale_validation.R:v1
GCST90201122	GCST90201122	passed	""	source	""	0.839816811861267	estimated_from_source_maf	16862	16862	0	0	0	0	16862	0.01	0.5	0.839816811861267	0.0642723030785598	median implied SD=0.840, dispersion=0.064, n=16862	effect_scale_validation.R:v1
GCST90201123	GCST90201123	passed	""	source	""	0.860861095794894	estimated_from_source_maf	17523	17523	0	0	0	0	17523	0.01	0.5	0.860861095794894	0.0636799290663455	median implied SD=0.861, dispersion=0.064, n=17523	effect_scale_validation.R:v1
GCST90201124	GCST90201124	passed	""	source	""	0.90340230991249	estimated_from_source_maf	13471	13471	0	0	0	0	13471	0.01	0.5	0.90340230991249	0.064019044254783	median implied SD=0.903, dispersion=0.064, n=13471	effect_scale_validation.R:v1
GCST90201125	GCST90201125	passed	""	source	""	0.872212148517461	estimated_from_source_maf	11692	11692	0	0	0	0	11692	0.01	0.5	0.872212148517461	0.0641125933366148	median implied SD=0.872, dispersion=0.064, n=11692	effect_scale_validation.R:v1
GCST90201126	GCST90201126	passed	""	source	""	0.919670333330892	estimated_from_source_maf	16870	16870	0	0	0	0	16870	0.01	0.5	0.919670333330892	0.0673229249282717	median implied SD=0.920, dispersion=0.067, n=16870	effect_scale_validation.R:v1
GCST90201127	GCST90201127	passed	""	source	""	0.872163687283844	estimated_from_source_maf	18345	18345	0	0	0	0	18345	0.01	0.5	0.872163687283844	0.0671198123105009	median implied SD=0.872, dispersion=0.067, n=18345	effect_scale_validation.R:v1
GCST90201128	GCST90201128	passed	""	source	""	0.94891672931334	estimated_from_source_maf	10687	10687	0	0	0	0	10687	0.01	0.5	0.94891672931334	0.0633635258938533	median implied SD=0.949, dispersion=0.063, n=10687	effect_scale_validation.R:v1
GCST90201129	GCST90201129	passed	""	source	""	0.903104048183395	estimated_from_source_maf	90066	90066	0	0	0	0	90066	0.01	0.5	0.903104048183395	0.0711126780365611	median implied SD=0.903, dispersion=0.071, n=90066	effect_scale_validation.R:v1
GCST90201130	GCST90201130	passed	""	source	""	0.935482130445871	estimated_from_source_maf	6694	6694	0	0	0	0	6694	0.01	0.5	0.935482130445871	0.0682519047932585	median implied SD=0.935, dispersion=0.068, n=6694	effect_scale_validation.R:v1
GCST90201131	GCST90201131	passed	""	source	""	0.916094691231396	estimated_from_source_maf	29312	29312	0	0	0	0	29312	0.01	0.5	0.916094691231396	0.0651255906159736	median implied SD=0.916, dispersion=0.065, n=29312	effect_scale_validation.R:v1
GCST90201132	GCST90201132	passed	""	source	""	0.851729377650767	estimated_from_source_maf	59248	59248	0	0	0	0	59248	0.01	0.5	0.851729377650767	0.066542823188116	median implied SD=0.852, dispersion=0.067, n=59248	effect_scale_validation.R:v1
GCST90201133	GCST90201133	passed	""	source	""	0.988061450722495	estimated_from_source_maf	12775	12775	0	0	0	0	12775	0.01	0.5	0.988061450722495	0.0658990290075107	median implied SD=0.988, dispersion=0.066, n=12775	effect_scale_validation.R:v1
GCST90201134	GCST90201134	passed	""	source	""	0.856668111489787	estimated_from_source_maf	16435	16435	0	0	0	0	16435	0.01	0.5	0.856668111489787	0.0637256783536841	median implied SD=0.857, dispersion=0.064, n=16435	effect_scale_validation.R:v1
GCST90201135	GCST90201135	passed	""	source	""	0.932059407665681	estimated_from_source_maf	19305	19305	0	0	0	0	19305	0.01	0.5	0.932059407665681	0.0598250765131003	median implied SD=0.932, dispersion=0.060, n=19305	effect_scale_validation.R:v1
GCST90201136	GCST90201136	passed	""	source	""	0.957588579896373	estimated_from_source_maf	16532	16532	0	0	0	0	16532	0.01	0.5	0.957588579896373	0.0688413689555982	median implied SD=0.958, dispersion=0.069, n=16532	effect_scale_validation.R:v1
GCST90201137	GCST90201137	passed	""	source	""	1.00769453725843	estimated_from_source_maf	74947	74947	0	0	0	0	74947	0.01	0.5	1.00769453725843	0.0610879375252392	median implied SD=1.008, dispersion=0.061, n=74947	effect_scale_validation.R:v1
GCST90201138	GCST90201138	passed	""	source	""	1.00454211803266	estimated_from_source_maf	35946	35946	0	0	0	0	35946	0.01	0.5	1.00454211803266	0.0620761926115183	median implied SD=1.005, dispersion=0.062, n=35946	effect_scale_validation.R:v1
GCST90201139	GCST90201139	passed	""	source	""	0.968715851260563	estimated_from_source_maf	34271	34271	0	0	0	0	34271	0.01	0.5	0.968715851260563	0.0612783462634568	median implied SD=0.969, dispersion=0.061, n=34271	effect_scale_validation.R:v1
GCST90201140	GCST90201140	passed	""	source	""	0.954417981804847	estimated_from_source_maf	33559	33559	0	0	0	0	33559	0.01	0.5	0.954417981804847	0.0603948866234078	median implied SD=0.954, dispersion=0.060, n=33559	effect_scale_validation.R:v1
GCST90201141	GCST90201141	passed	""	source	""	1.01351537096748	estimated_from_source_maf	127743	127743	0	0	0	4	127739	0.01	0.5	1.01351537096748	0.0631730918623352	median implied SD=1.014, dispersion=0.063, n=127739	effect_scale_validation.R:v1
GCST90201142	GCST90201142	passed	""	source	""	0.896102314106704	estimated_from_source_maf	18436	18436	0	0	0	0	18436	0.01	0.5	0.896102314106704	0.0638791373270586	median implied SD=0.896, dispersion=0.064, n=18436	effect_scale_validation.R:v1
GCST90201143	GCST90201143	passed	""	source	""	0.927180754671288	estimated_from_source_maf	20230	20230	0	0	0	0	20230	0.01	0.5	0.927180754671288	0.0661078181849585	median implied SD=0.927, dispersion=0.066, n=20230	effect_scale_validation.R:v1
GCST90201144	GCST90201144	passed	""	source	""	0.955077321755468	estimated_from_source_maf	11319	11319	0	0	0	0	11319	0.01	0.5	0.955077321755468	0.0655842573953795	median implied SD=0.955, dispersion=0.066, n=11319	effect_scale_validation.R:v1
GCST90201145	GCST90201145	passed	""	source	""	0.953841580593963	estimated_from_source_maf	36577	36577	0	0	0	0	36577	0.01	0.5	0.953841580593963	0.0584451091322546	median implied SD=0.954, dispersion=0.058, n=36577	effect_scale_validation.R:v1
GCST90201146	GCST90201146	passed	""	source	""	0.927407505868303	estimated_from_source_maf	6717	6717	0	0	0	0	6717	0.01	0.5	0.927407505868303	0.0688240377077848	median implied SD=0.927, dispersion=0.069, n=6717	effect_scale_validation.R:v1
GCST90201147	GCST90201147	passed	""	source	""	0.837376582200688	estimated_from_source_maf	23710	23710	0	0	0	0	23710	0.01	0.5	0.837376582200688	0.0628488153103254	median implied SD=0.837, dispersion=0.063, n=23710	effect_scale_validation.R:v1
GCST90201148	GCST90201148	passed	""	source	""	0.922955760887901	estimated_from_source_maf	18492	18492	0	0	0	1	18491	0.01	0.5	0.922955760887901	0.0653343161192714	median implied SD=0.923, dispersion=0.065, n=18491	effect_scale_validation.R:v1
GCST90201149	GCST90201149	passed	""	source	""	0.960656644516548	estimated_from_source_maf	34358	34358	0	0	0	0	34358	0.01	0.5	0.960656644516548	0.0625698176572205	median implied SD=0.961, dispersion=0.063, n=34358	effect_scale_validation.R:v1
GCST90201150	GCST90201150	passed	""	source	""	0.935997050203105	estimated_from_source_maf	12534	12534	0	0	0	0	12534	0.01	0.5	0.935997050203105	0.0651982175175777	median implied SD=0.936, dispersion=0.065, n=12534	effect_scale_validation.R:v1
GCST90201151	GCST90201151	passed	""	source	""	0.993094835640183	estimated_from_source_maf	111234	111234	0	0	0	0	111234	0.01	0.5	0.993094835640183	0.0658045912719982	median implied SD=0.993, dispersion=0.066, n=111234	effect_scale_validation.R:v1
GCST90201152	GCST90201152	passed	""	source	""	0.974027239052077	estimated_from_source_maf	6717	6717	0	0	0	0	6717	0.01	0.5	0.974027239052077	0.0684506732426702	median implied SD=0.974, dispersion=0.068, n=6717	effect_scale_validation.R:v1
GCST90201153	GCST90201153	passed	""	source	""	1.00884862566992	estimated_from_source_maf	28129	28129	0	0	0	0	28129	0.01	0.5	1.00884862566992	0.0634166695372781	median implied SD=1.009, dispersion=0.063, n=28129	effect_scale_validation.R:v1
GCST90201154	GCST90201154	passed	""	source	""	0.816463070049453	estimated_from_source_maf	6722	6722	0	0	0	0	6722	0.01	0.5	0.816463070049453	0.0680819581141773	median implied SD=0.816, dispersion=0.068, n=6722	effect_scale_validation.R:v1
GCST90201155	GCST90201155	passed	""	source	""	0.871132483072585	estimated_from_source_maf	19245	19245	0	0	0	0	19245	0.01	0.5	0.871132483072585	0.0699602368980737	median implied SD=0.871, dispersion=0.070, n=19245	effect_scale_validation.R:v1
GCST90201156	GCST90201156	passed	""	source	""	0.915112547178909	estimated_from_source_maf	6709	6709	0	0	0	0	6709	0.01	0.5	0.915112547178909	0.0679077219665065	median implied SD=0.915, dispersion=0.068, n=6709	effect_scale_validation.R:v1
GCST90201157	GCST90201157	passed	""	source	""	0.921567705316568	estimated_from_source_maf	30448	30448	0	0	0	0	30448	0.01	0.5	0.921567705316568	0.0676920729599672	median implied SD=0.922, dispersion=0.068, n=30448	effect_scale_validation.R:v1
GCST90201158	GCST90201158	passed	""	source	""	0.995517812676308	estimated_from_source_maf	67266	67266	0	0	0	0	67266	0.01	0.5	0.995517812676308	0.05966059006767	median implied SD=0.996, dispersion=0.060, n=67266	effect_scale_validation.R:v1
GCST90201159	GCST90201159	passed	""	source	""	1.00168190357999	estimated_from_source_maf	59104	59104	0	0	0	0	59104	0.01	0.5	1.00168190357999	0.0609314028718139	median implied SD=1.002, dispersion=0.061, n=59104	effect_scale_validation.R:v1
GCST90201160	GCST90201160	passed	""	source	""	0.847335184570379	estimated_from_source_maf	36139	36139	0	0	0	0	36139	0.01	0.5	0.847335184570379	0.0793134592747688	median implied SD=0.847, dispersion=0.079, n=36139	effect_scale_validation.R:v1
GCST90201161	GCST90201161	passed	""	source	""	0.862550520368258	estimated_from_source_maf	45119	45119	0	0	0	0	45119	0.01	0.5	0.862550520368258	0.0705929452623503	median implied SD=0.863, dispersion=0.071, n=45119	effect_scale_validation.R:v1
GCST90201162	GCST90201162	passed	""	source	""	0.994672895334443	estimated_from_source_maf	143144	143144	0	0	0	2	143142	0.01	0.5	0.994672895334443	0.0613481696250159	median implied SD=0.995, dispersion=0.061, n=143142	effect_scale_validation.R:v1
GCST90201163	GCST90201163	passed	""	source	""	0.813033314592142	estimated_from_source_maf	6740	6740	0	0	0	0	6740	0.01	0.5	0.813033314592142	0.0689774425447775	median implied SD=0.813, dispersion=0.069, n=6740	effect_scale_validation.R:v1
GCST90201164	GCST90201164	passed	""	source	""	0.894314897825289	estimated_from_source_maf	24932	24932	0	0	0	0	24932	0.01	0.5	0.894314897825289	0.0674708259058389	median implied SD=0.894, dispersion=0.067, n=24932	effect_scale_validation.R:v1
GCST90201165	GCST90201165	passed	""	source	""	0.84185294904597	estimated_from_source_maf	52441	52441	0	0	0	0	52441	0.01	0.5	0.84185294904597	0.0754492477358702	median implied SD=0.842, dispersion=0.075, n=52441	effect_scale_validation.R:v1
GCST90201166	GCST90201166	passed	""	source	""	0.947007010371984	estimated_from_source_maf	29654	29654	0	0	0	0	29654	0.01	0.5	0.947007010371984	0.0660143728913352	median implied SD=0.947, dispersion=0.066, n=29654	effect_scale_validation.R:v1
GCST90201167	GCST90201167	passed	""	source	""	0.927306589820847	estimated_from_source_maf	19519	19519	0	0	0	0	19519	0.01	0.5	0.927306589820847	0.0656844771097661	median implied SD=0.927, dispersion=0.066, n=19519	effect_scale_validation.R:v1
GCST90201168	GCST90201168	passed	""	source	""	0.995535055088241	estimated_from_source_maf	181366	181366	0	0	0	15	181351	0.01	0.5	0.995535055088241	0.0617103637434106	median implied SD=0.996, dispersion=0.062, n=181351	effect_scale_validation.R:v1
GCST90201169	GCST90201169	passed	""	source	""	0.966762972672276	estimated_from_source_maf	33721	33721	0	0	0	0	33721	0.01	0.5	0.966762972672276	0.060826606089785	median implied SD=0.967, dispersion=0.061, n=33721	effect_scale_validation.R:v1
GCST90201170	GCST90201170	passed	""	source	""	0.973364811012997	estimated_from_source_maf	18068	18068	0	0	0	0	18068	0.01	0.5	0.973364811012997	0.0621478178965169	median implied SD=0.973, dispersion=0.062, n=18068	effect_scale_validation.R:v1
GCST90201171	GCST90201171	passed	""	source	""	0.898358281136599	estimated_from_source_maf	19144	19144	0	0	0	1	19143	0.01	0.5	0.898358281136599	0.066243299852195	median implied SD=0.898, dispersion=0.066, n=19143	effect_scale_validation.R:v1
GCST90201172	GCST90201172	passed	""	source	""	0.972329312801328	estimated_from_source_maf	23404	23404	0	0	0	0	23404	0.01	0.5	0.972329312801328	0.0624499768229801	median implied SD=0.972, dispersion=0.062, n=23404	effect_scale_validation.R:v1
GCST90201173	GCST90201173	passed	""	source	""	0.95744453323867	estimated_from_source_maf	13023	13023	0	0	0	0	13023	0.01	0.5	0.95744453323867	0.0684826158259748	median implied SD=0.957, dispersion=0.068, n=13023	effect_scale_validation.R:v1
GCST90201174	GCST90201174	passed	""	source	""	0.936713328042807	estimated_from_source_maf	14914	14914	0	0	0	0	14914	0.01	0.5	0.936713328042807	0.0680283792853609	median implied SD=0.937, dispersion=0.068, n=14914	effect_scale_validation.R:v1
GCST90201175	GCST90201175	passed	""	source	""	0.814187066893414	estimated_from_source_maf	21803	21803	0	0	0	0	21803	0.01	0.5	0.814187066893414	0.0735394018673686	median implied SD=0.814, dispersion=0.074, n=21803	effect_scale_validation.R:v1
GCST90201176	GCST90201176	passed	""	source	""	0.794327992324437	estimated_from_source_maf	26048	26048	0	0	0	0	26048	0.01	0.5	0.794327992324437	0.0677555790941062	median implied SD=0.794, dispersion=0.068, n=26048	effect_scale_validation.R:v1
GCST90201177	GCST90201177	passed	""	source	""	0.973196181017765	estimated_from_source_maf	6737	6737	0	0	0	0	6737	0.01	0.5	0.973196181017765	0.0680364240081507	median implied SD=0.973, dispersion=0.068, n=6737	effect_scale_validation.R:v1
GCST90201178	GCST90201178	passed	""	source	""	0.857323057503592	estimated_from_source_maf	44866	44866	0	0	0	1	44865	0.01	0.5	0.857323057503592	0.0640751478253433	median implied SD=0.857, dispersion=0.064, n=44865	effect_scale_validation.R:v1
GCST90201179	GCST90201179	passed	""	source	""	0.936566155531795	estimated_from_source_maf	6960	6960	0	0	0	0	6960	0.01	0.5	0.936566155531795	0.0718499078263011	median implied SD=0.937, dispersion=0.072, n=6960	effect_scale_validation.R:v1
GCST90201180	GCST90201180	passed	""	source	""	0.870728911346879	estimated_from_source_maf	112499	112499	0	0	0	1	112498	0.01	0.5	0.870728911346879	0.0629517790899623	median implied SD=0.871, dispersion=0.063, n=112498	effect_scale_validation.R:v1
GCST90201181	GCST90201181	passed	""	source	""	0.916604596277689	estimated_from_source_maf	60628	60628	0	0	0	0	60628	0.01	0.5	0.916604596277689	0.0640814316979832	median implied SD=0.917, dispersion=0.064, n=60628	effect_scale_validation.R:v1
GCST90201182	GCST90201182	passed	""	source	""	0.934164206470127	estimated_from_source_maf	24689	24689	0	0	0	0	24689	0.01	0.5	0.934164206470127	0.0586123977729073	median implied SD=0.934, dispersion=0.059, n=24689	effect_scale_validation.R:v1
GCST90201183	GCST90201183	passed	""	source	""	0.953184682427164	estimated_from_source_maf	16957	16957	0	0	0	0	16957	0.01	0.5	0.953184682427164	0.0666935934777102	median implied SD=0.953, dispersion=0.067, n=16957	effect_scale_validation.R:v1
GCST90201184	GCST90201184	passed	""	source	""	0.925395734371164	estimated_from_source_maf	12368	12368	0	0	0	0	12368	0.01	0.5	0.925395734371164	0.0671400679300445	median implied SD=0.925, dispersion=0.067, n=12368	effect_scale_validation.R:v1
GCST90201185	GCST90201185	passed	""	source	""	0.910301142193678	estimated_from_source_maf	42194	42194	0	0	0	0	42194	0.01	0.5	0.910301142193678	0.0633483612176017	median implied SD=0.910, dispersion=0.063, n=42194	effect_scale_validation.R:v1
GCST90201186	GCST90201186	passed	""	source	""	0.815259765478036	estimated_from_source_maf	38359	38359	0	0	0	0	38359	0.01	0.5	0.815259765478036	0.0595442813748517	median implied SD=0.815, dispersion=0.060, n=38359	effect_scale_validation.R:v1
GCST90201187	GCST90201187	passed	""	source	""	0.924539125410278	estimated_from_source_maf	24189	24189	0	0	0	0	24189	0.01	0.5	0.924539125410278	0.0618842975200671	median implied SD=0.925, dispersion=0.062, n=24189	effect_scale_validation.R:v1
GCST90201188	GCST90201188	passed	""	source	""	0.925315920939518	estimated_from_source_maf	21593	21593	0	0	0	0	21593	0.01	0.5	0.925315920939518	0.0676315783892924	median implied SD=0.925, dispersion=0.068, n=21593	effect_scale_validation.R:v1
GCST90201189	GCST90201189	passed	""	source	""	0.82628436128526	estimated_from_source_maf	41631	41631	0	0	0	0	41631	0.01	0.5	0.82628436128526	0.0625427814846981	median implied SD=0.826, dispersion=0.063, n=41631	effect_scale_validation.R:v1
GCST90201190	GCST90201190	passed	""	source	""	0.895803399190447	estimated_from_source_maf	25045	25045	0	0	0	0	25045	0.01	0.5	0.895803399190447	0.0623241728578876	median implied SD=0.896, dispersion=0.062, n=25045	effect_scale_validation.R:v1
GCST90201191	GCST90201191	passed	""	source	""	0.838767126905052	estimated_from_source_maf	6725	6725	0	0	0	0	6725	0.01	0.5	0.838767126905052	0.068143373237071	median implied SD=0.839, dispersion=0.068, n=6725	effect_scale_validation.R:v1
GCST90201192	GCST90201192	passed	""	source	""	0.95901129407516	estimated_from_source_maf	46835	46835	0	0	0	1	46834	0.01	0.5	0.95901129407516	0.060787608306763	median implied SD=0.959, dispersion=0.061, n=46834	effect_scale_validation.R:v1
GCST90201193	GCST90201193	passed	""	source	""	0.791739204308351	estimated_from_source_maf	37669	37669	0	0	0	0	37669	0.01	0.5	0.791739204308351	0.0678412681162834	median implied SD=0.792, dispersion=0.068, n=37669	effect_scale_validation.R:v1
GCST90201194	GCST90201194	passed	""	source	""	0.8411572561499	estimated_from_source_maf	34578	34578	0	0	0	0	34578	0.01	0.5	0.8411572561499	0.060911101687803	median implied SD=0.841, dispersion=0.061, n=34578	effect_scale_validation.R:v1
GCST90201195	GCST90201195	passed	""	source	""	0.913533003891906	estimated_from_source_maf	6748	6748	0	0	0	0	6748	0.01	0.5	0.913533003891906	0.0691629943835381	median implied SD=0.914, dispersion=0.069, n=6748	effect_scale_validation.R:v1
GCST90201196	GCST90201196	passed	""	source	""	0.90724264445634	estimated_from_source_maf	27152	27152	0	0	0	0	27152	0.01	0.5	0.90724264445634	0.0586028933074433	median implied SD=0.907, dispersion=0.059, n=27152	effect_scale_validation.R:v1
GCST90201197	GCST90201197	passed	""	source	""	0.982764135085906	estimated_from_source_maf	24866	24866	0	0	0	0	24866	0.01	0.5	0.982764135085906	0.0619175205971425	median implied SD=0.983, dispersion=0.062, n=24866	effect_scale_validation.R:v1
GCST90201198	GCST90201198	passed	""	source	""	0.90719354534219	estimated_from_source_maf	24537	24537	0	0	0	0	24537	0.01	0.5	0.90719354534219	0.0629786577437528	median implied SD=0.907, dispersion=0.063, n=24537	effect_scale_validation.R:v1
GCST90201199	GCST90201199	passed	""	source	""	0.979781185763993	estimated_from_source_maf	20731	20731	0	0	0	0	20731	0.01	0.5	0.979781185763993	0.0610719246639274	median implied SD=0.980, dispersion=0.061, n=20731	effect_scale_validation.R:v1
GCST90201200	GCST90201200	passed	""	source	""	0.901216568663473	estimated_from_source_maf	6689	6689	0	0	0	0	6689	0.01	0.5	0.901216568663473	0.0678506695793764	median implied SD=0.901, dispersion=0.068, n=6689	effect_scale_validation.R:v1
GCST90201201	GCST90201201	passed	""	source	""	0.854914310089477	estimated_from_source_maf	12661	12661	0	0	0	0	12661	0.01	0.5	0.854914310089477	0.0647511562316501	median implied SD=0.855, dispersion=0.065, n=12661	effect_scale_validation.R:v1
GCST90201202	GCST90201202	passed	""	source	""	0.825930865617731	estimated_from_source_maf	33175	33175	0	0	0	0	33175	0.01	0.5	0.825930865617731	0.0657634457513227	median implied SD=0.826, dispersion=0.066, n=33175	effect_scale_validation.R:v1
GCST90201203	GCST90201203	passed	""	source	""	0.968779541620265	estimated_from_source_maf	6794	6794	0	0	0	0	6794	0.01	0.5	0.968779541620265	0.0703424202018134	median implied SD=0.969, dispersion=0.070, n=6794	effect_scale_validation.R:v1
GCST90201204	GCST90201204	passed	""	source	""	0.993476838557999	estimated_from_source_maf	13294	13294	0	0	0	0	13294	0.01	0.5	0.993476838557999	0.0643469317265251	median implied SD=0.993, dispersion=0.064, n=13294	effect_scale_validation.R:v1
GCST90201205	GCST90201205	passed	""	source	""	0.983908094608896	estimated_from_source_maf	22248	22248	0	0	0	0	22248	0.01	0.5	0.983908094608896	0.066896484280172	median implied SD=0.984, dispersion=0.067, n=22248	effect_scale_validation.R:v1
GCST90201206	GCST90201206	passed	""	source	""	0.96621522851372	estimated_from_source_maf	18483	18483	0	0	0	0	18483	0.01	0.5	0.96621522851372	0.0628115787201695	median implied SD=0.966, dispersion=0.063, n=18483	effect_scale_validation.R:v1
GCST90201207	GCST90201207	passed	""	source	""	0.952444110327983	estimated_from_source_maf	29505	29505	0	0	0	0	29505	0.01	0.5	0.952444110327983	0.0627674483195981	median implied SD=0.952, dispersion=0.063, n=29505	effect_scale_validation.R:v1
GCST90201208	GCST90201208	passed	""	source	""	0.91142873760639	estimated_from_source_maf	11331	11331	0	0	0	0	11331	0.01	0.5	0.91142873760639	0.073847556121857	median implied SD=0.911, dispersion=0.074, n=11331	effect_scale_validation.R:v1
GCST90201209	GCST90201209	passed	""	source	""	0.878346498083022	estimated_from_source_maf	6723	6723	0	0	0	0	6723	0.01	0.5	0.878346498083022	0.0685054563047449	median implied SD=0.878, dispersion=0.069, n=6723	effect_scale_validation.R:v1
GCST90201210	GCST90201210	passed	""	source	""	0.921015458191615	estimated_from_source_maf	38764	38764	0	0	0	0	38764	0.01	0.5	0.921015458191615	0.0664103500986236	median implied SD=0.921, dispersion=0.066, n=38764	effect_scale_validation.R:v1
GCST90201211	GCST90201211	passed	""	source	""	0.825925426724601	estimated_from_source_maf	18959	18959	0	0	0	0	18959	0.01	0.5	0.825925426724601	0.0643329078049252	median implied SD=0.826, dispersion=0.064, n=18959	effect_scale_validation.R:v1
GCST90201212	GCST90201212	passed	""	source	""	0.933524542210791	estimated_from_source_maf	104733	104733	0	0	0	0	104733	0.01	0.5	0.933524542210791	0.0640182280125946	median implied SD=0.934, dispersion=0.064, n=104733	effect_scale_validation.R:v1
GCST90201213	GCST90201213	passed	""	source	""	0.930931167638081	estimated_from_source_maf	11896	11896	0	0	0	0	11896	0.01	0.5	0.930931167638081	0.0621895982342083	median implied SD=0.931, dispersion=0.062, n=11896	effect_scale_validation.R:v1
GCST90201214	GCST90201214	passed	""	source	""	0.914015129019871	estimated_from_source_maf	13880	13880	0	0	0	0	13880	0.01	0.5	0.914015129019871	0.0686824402965972	median implied SD=0.914, dispersion=0.069, n=13880	effect_scale_validation.R:v1
GCST90201215	GCST90201215	passed	""	source	""	0.899455091754657	estimated_from_source_maf	12946	12946	0	0	0	0	12946	0.01	0.5	0.899455091754657	0.0671659512680799	median implied SD=0.899, dispersion=0.067, n=12946	effect_scale_validation.R:v1
GCST90201216	GCST90201216	passed	""	source	""	0.953199913164233	estimated_from_source_maf	39523	39523	0	0	0	0	39523	0.01	0.5	0.953199913164233	0.0659976838091786	median implied SD=0.953, dispersion=0.066, n=39523	effect_scale_validation.R:v1
GCST90201217	GCST90201217	passed	""	source	""	1.00078397413436	estimated_from_source_maf	18550	18550	0	0	0	0	18550	0.01	0.5	1.00078397413436	0.0664821744811637	median implied SD=1.001, dispersion=0.066, n=18550	effect_scale_validation.R:v1
GCST90201218	GCST90201218	passed	""	source	""	0.996081953053495	estimated_from_source_maf	12418	12418	0	0	0	0	12418	0.01	0.5	0.996081953053495	0.0727987505585106	median implied SD=0.996, dispersion=0.073, n=12418	effect_scale_validation.R:v1
GCST90201219	GCST90201219	passed	""	source	""	0.91221658350203	estimated_from_source_maf	47901	47901	0	0	0	0	47901	0.01	0.5	0.91221658350203	0.0583286849961093	median implied SD=0.912, dispersion=0.058, n=47901	effect_scale_validation.R:v1
GCST90201220	GCST90201220	passed	""	source	""	0.941806344374055	estimated_from_source_maf	16552	16552	0	0	0	1	16551	0.01	0.5	0.941806344374055	0.0631711950328922	median implied SD=0.942, dispersion=0.063, n=16551	effect_scale_validation.R:v1
GCST90201221	GCST90201221	passed	""	source	""	0.948300788112918	estimated_from_source_maf	97885	97885	0	0	0	1	97884	0.01	0.5	0.948300788112918	0.06013559907271	median implied SD=0.948, dispersion=0.060, n=97884	effect_scale_validation.R:v1
GCST90201222	GCST90201222	passed	""	source	""	0.960210607901515	estimated_from_source_maf	36806	36806	0	0	0	3	36803	0.01	0.5	0.960210607901515	0.0637709434492941	median implied SD=0.960, dispersion=0.064, n=36803	effect_scale_validation.R:v1
GCST90201223	GCST90201223	passed	""	source	""	0.977506417268541	estimated_from_source_maf	11724	11724	0	0	0	0	11724	0.01	0.5	0.977506417268541	0.0664490668009751	median implied SD=0.978, dispersion=0.066, n=11724	effect_scale_validation.R:v1
GCST90201224	GCST90201224	passed	""	source	""	0.955210404221828	estimated_from_source_maf	28039	28039	0	0	0	3	28036	0.01	0.5	0.955210404221828	0.0641656642792795	median implied SD=0.955, dispersion=0.064, n=28036	effect_scale_validation.R:v1
GCST90201225	GCST90201225	passed	""	source	""	0.967989084192581	estimated_from_source_maf	44822	44822	0	0	0	0	44822	0.01	0.5	0.967989084192581	0.0638631630641044	median implied SD=0.968, dispersion=0.064, n=44822	effect_scale_validation.R:v1
GCST90201226	GCST90201226	passed	""	source	""	0.946952428753203	estimated_from_source_maf	6731	6731	0	0	0	0	6731	0.01	0.5	0.946952428753203	0.0681608193199766	median implied SD=0.947, dispersion=0.068, n=6731	effect_scale_validation.R:v1
GCST90201227	GCST90201227	passed	""	source	""	0.819836310385539	estimated_from_source_maf	6709	6709	0	0	0	0	6709	0.01	0.5	0.819836310385539	0.0687382594517209	median implied SD=0.820, dispersion=0.069, n=6709	effect_scale_validation.R:v1
GCST90201228	GCST90201228	passed	""	source	""	0.944715404276089	estimated_from_source_maf	31620	31620	0	0	0	0	31620	0.01	0.5	0.944715404276089	0.0582834474875265	median implied SD=0.945, dispersion=0.058, n=31620	effect_scale_validation.R:v1
GCST90201229	GCST90201229	passed	""	source	""	0.951271811888246	estimated_from_source_maf	37558	37558	0	0	0	0	37558	0.01	0.5	0.951271811888246	0.0638856783148483	median implied SD=0.951, dispersion=0.064, n=37558	effect_scale_validation.R:v1
GCST90201230	GCST90201230	passed	""	source	""	0.939295345951313	estimated_from_source_maf	31972	31972	0	0	0	0	31972	0.01	0.5	0.939295345951313	0.0642090007046403	median implied SD=0.939, dispersion=0.064, n=31972	effect_scale_validation.R:v1
GCST90201231	GCST90201231	passed	""	source	""	0.960135684407804	estimated_from_source_maf	12955	12955	0	0	0	0	12955	0.01	0.5	0.960135684407804	0.0631640032646678	median implied SD=0.960, dispersion=0.063, n=12955	effect_scale_validation.R:v1
GCST90201232	GCST90201232	passed	""	source	""	0.965483476268616	estimated_from_source_maf	33318	33318	0	0	0	0	33318	0.01	0.5	0.965483476268616	0.064144899913492	median implied SD=0.965, dispersion=0.064, n=33318	effect_scale_validation.R:v1
GCST90201233	GCST90201233	passed	""	source	""	0.988725856470378	estimated_from_source_maf	259599	259599	0	0	0	0	259599	0.01	0.5	0.988725856470378	0.0603252950649732	median implied SD=0.989, dispersion=0.060, n=259599	effect_scale_validation.R:v1
GCST90201234	GCST90201234	passed	""	source	""	0.966331751905175	estimated_from_source_maf	30087	30087	0	0	0	0	30087	0.01	0.5	0.966331751905175	0.0655542476838345	median implied SD=0.966, dispersion=0.066, n=30087	effect_scale_validation.R:v1
GCST90201235	GCST90201235	passed	""	source	""	0.883041431328021	estimated_from_source_maf	153630	153630	0	0	0	0	153630	0.01	0.5	0.883041431328021	0.0625494996366462	median implied SD=0.883, dispersion=0.063, n=153630	effect_scale_validation.R:v1
GCST90201236	GCST90201236	passed	""	source	""	0.702711480779447	estimated_from_source_maf	188269	188269	0	0	0	0	188269	0.01	0.5	0.702711480779447	0.0662377844076172	median implied SD=0.703, dispersion=0.066, n=188269	effect_scale_validation.R:v1
GCST90201237	GCST90201237	passed	""	source	""	0.921845373390504	estimated_from_source_maf	11653	11653	0	0	0	0	11653	0.01	0.5	0.921845373390504	0.0633189977908033	median implied SD=0.922, dispersion=0.063, n=11653	effect_scale_validation.R:v1
GCST90201238	GCST90201238	passed	""	source	""	0.937164991452766	estimated_from_source_maf	42480	42480	0	0	0	0	42480	0.01	0.5	0.937164991452766	0.0611590354546921	median implied SD=0.937, dispersion=0.061, n=42480	effect_scale_validation.R:v1
GCST90201239	GCST90201239	passed	""	source	""	0.960708655219655	estimated_from_source_maf	29701	29701	0	0	0	0	29701	0.01	0.5	0.960708655219655	0.060081836170642	median implied SD=0.961, dispersion=0.060, n=29701	effect_scale_validation.R:v1
GCST90201240	GCST90201240	passed	""	source	""	0.92462511649931	estimated_from_source_maf	12244	12244	0	0	0	0	12244	0.01	0.5	0.92462511649931	0.0642294641772737	median implied SD=0.925, dispersion=0.064, n=12244	effect_scale_validation.R:v1
GCST90201241	GCST90201241	passed	""	source	""	0.912996364870171	estimated_from_source_maf	28464	28464	0	0	0	1	28463	0.01	0.5	0.912996364870171	0.0683421111768482	median implied SD=0.913, dispersion=0.068, n=28463	effect_scale_validation.R:v1
GCST90201242	GCST90201242	passed	""	source	""	0.828264885307066	estimated_from_source_maf	24405	24405	0	0	0	0	24405	0.01	0.5	0.828264885307066	0.0623545404078027	median implied SD=0.828, dispersion=0.062, n=24405	effect_scale_validation.R:v1
GCST90201243	GCST90201243	passed	""	source	""	0.917921833324861	estimated_from_source_maf	6702	6702	0	0	0	0	6702	0.01	0.5	0.917921833324861	0.0682856641073452	median implied SD=0.918, dispersion=0.068, n=6702	effect_scale_validation.R:v1
GCST90201244	GCST90201244	passed	""	source	""	0.910883664168042	estimated_from_source_maf	18216	18216	0	0	0	0	18216	0.01	0.5	0.910883664168042	0.0659637832546191	median implied SD=0.911, dispersion=0.066, n=18216	effect_scale_validation.R:v1
GCST90201245	GCST90201245	passed	""	source	""	0.973327578210628	estimated_from_source_maf	114520	114520	0	0	0	0	114520	0.01	0.5	0.973327578210628	0.0731807150038661	median implied SD=0.973, dispersion=0.073, n=114520	effect_scale_validation.R:v1
GCST90201246	GCST90201246	passed	""	source	""	0.809756025740339	estimated_from_source_maf	13264	13264	0	0	0	0	13264	0.01	0.5	0.809756025740339	0.0665354067977905	median implied SD=0.810, dispersion=0.067, n=13264	effect_scale_validation.R:v1
GCST90201247	GCST90201247	passed	""	source	""	0.951160221337541	estimated_from_source_maf	19469	19469	0	0	0	0	19469	0.01	0.5	0.951160221337541	0.0616065183701349	median implied SD=0.951, dispersion=0.062, n=19469	effect_scale_validation.R:v1
GCST90201248	GCST90201248	passed	""	source	""	0.86173359686278	estimated_from_source_maf	11910	11910	0	0	0	0	11910	0.01	0.5	0.86173359686278	0.0650162975549089	median implied SD=0.862, dispersion=0.065, n=11910	effect_scale_validation.R:v1
GCST90201249	GCST90201249	passed	""	source	""	0.973587875203767	estimated_from_source_maf	11069	11069	0	0	0	0	11069	0.01	0.5	0.973587875203767	0.0663317135058392	median implied SD=0.974, dispersion=0.066, n=11069	effect_scale_validation.R:v1
GCST90201250	GCST90201250	passed	""	source	""	0.815944407752919	estimated_from_source_maf	25938	25938	0	0	0	0	25938	0.01	0.5	0.815944407752919	0.0650142690244757	median implied SD=0.816, dispersion=0.065, n=25938	effect_scale_validation.R:v1
GCST90201251	GCST90201251	passed	""	source	""	0.858911982715187	estimated_from_source_maf	13935	13935	0	0	0	0	13935	0.01	0.5	0.858911982715187	0.0663259458909232	median implied SD=0.859, dispersion=0.066, n=13935	effect_scale_validation.R:v1
GCST90201252	GCST90201252	passed	""	source	""	0.942678350954632	estimated_from_source_maf	29829	29829	0	0	0	0	29829	0.01	0.5	0.942678350954632	0.0628786911718828	median implied SD=0.943, dispersion=0.063, n=29829	effect_scale_validation.R:v1
GCST90201253	GCST90201253	passed	""	source	""	0.993551603961345	estimated_from_source_maf	25447	25447	0	0	0	0	25447	0.01	0.5	0.993551603961345	0.0597857297178476	median implied SD=0.994, dispersion=0.060, n=25447	effect_scale_validation.R:v1
GCST90201254	GCST90201254	passed	""	source	""	0.818641699491283	estimated_from_source_maf	46378	46378	0	0	0	0	46378	0.01	0.5	0.818641699491283	0.0620307589106114	median implied SD=0.819, dispersion=0.062, n=46378	effect_scale_validation.R:v1
GCST90201255	GCST90201255	passed	""	source	""	0.831620404567645	estimated_from_source_maf	13386	13386	0	0	0	0	13386	0.01	0.5	0.831620404567645	0.0647737265562758	median implied SD=0.832, dispersion=0.065, n=13386	effect_scale_validation.R:v1
GCST90201256	GCST90201256	passed	""	source	""	0.859130174684925	estimated_from_source_maf	38247	38247	0	0	0	0	38247	0.01	0.5	0.859130174684925	0.0732143291360408	median implied SD=0.859, dispersion=0.073, n=38247	effect_scale_validation.R:v1
GCST90201257	GCST90201257	passed	""	source	""	0.97291485659447	estimated_from_source_maf	19182	19182	0	0	0	0	19182	0.01	0.5	0.97291485659447	0.0614904725361066	median implied SD=0.973, dispersion=0.061, n=19182	effect_scale_validation.R:v1
GCST90201258	GCST90201258	passed	""	source	""	0.921174828697352	estimated_from_source_maf	17526	17526	0	0	0	0	17526	0.01	0.5	0.921174828697352	0.0685757255339314	median implied SD=0.921, dispersion=0.069, n=17526	effect_scale_validation.R:v1
GCST90201259	GCST90201259	passed	""	source	""	0.752789380948105	estimated_from_source_maf	32141	32141	0	0	0	0	32141	0.01	0.5	0.752789380948105	0.0621484999984175	median implied SD=0.753, dispersion=0.062, n=32141	effect_scale_validation.R:v1
GCST90201260	GCST90201260	passed	""	source	""	0.868545040641161	estimated_from_source_maf	116080	116080	0	0	0	0	116080	0.01	0.5	0.868545040641161	0.0708206944787251	median implied SD=0.869, dispersion=0.071, n=116080	effect_scale_validation.R:v1
GCST90201261	GCST90201261	passed	""	source	""	0.859297835729296	estimated_from_source_maf	26762	26762	0	0	0	0	26762	0.01	0.5	0.859297835729296	0.0637589073052538	median implied SD=0.859, dispersion=0.064, n=26762	effect_scale_validation.R:v1
GCST90201262	GCST90201262	passed	""	source	""	0.874597791311386	estimated_from_source_maf	12504	12504	0	0	0	0	12504	0.01	0.5	0.874597791311386	0.0663578639050792	median implied SD=0.875, dispersion=0.066, n=12504	effect_scale_validation.R:v1
GCST90201263	GCST90201263	passed	""	source	""	0.830805543019713	estimated_from_source_maf	16749	16749	0	0	0	0	16749	0.01	0.5	0.830805543019713	0.07203106622229	median implied SD=0.831, dispersion=0.072, n=16749	effect_scale_validation.R:v1
GCST90201264	GCST90201264	passed	""	source	""	0.785079593959477	estimated_from_source_maf	24335	24335	0	0	0	0	24335	0.01	0.5	0.785079593959477	0.0608198194768541	median implied SD=0.785, dispersion=0.061, n=24335	effect_scale_validation.R:v1
GCST90201265	GCST90201265	passed	""	source	""	0.918753536414595	estimated_from_source_maf	24520	24520	0	0	0	0	24520	0.01	0.5	0.918753536414595	0.0626640125924472	median implied SD=0.919, dispersion=0.063, n=24520	effect_scale_validation.R:v1
GCST90201266	GCST90201266	passed	""	source	""	0.841020135607784	estimated_from_source_maf	6992	6992	0	0	0	0	6992	0.01	0.5	0.841020135607784	0.0719886356293495	median implied SD=0.841, dispersion=0.072, n=6992	effect_scale_validation.R:v1
GCST90201267	GCST90201267	passed	""	source	""	0.820432124281838	estimated_from_source_maf	46658	46658	0	0	0	0	46658	0.01	0.5	0.820432124281838	0.0613687236888822	median implied SD=0.820, dispersion=0.061, n=46658	effect_scale_validation.R:v1
GCST90201268	GCST90201268	passed	""	source	""	1.02366390939661	estimated_from_source_maf	27437	27437	0	0	0	0	27437	0.01	0.5	1.02366390939661	0.0638482520985739	median implied SD=1.024, dispersion=0.064, n=27437	effect_scale_validation.R:v1
GCST90201269	GCST90201269	passed	""	source	""	0.774985255464069	estimated_from_source_maf	23607	23607	0	0	0	0	23607	0.01	0.5	0.774985255464069	0.0614167349623109	median implied SD=0.775, dispersion=0.061, n=23607	effect_scale_validation.R:v1
GCST90201270	GCST90201270	passed	""	source	""	0.896843286221784	estimated_from_source_maf	15878	15878	0	0	0	1	15877	0.01	0.5	0.896843286221784	0.0650396776117312	median implied SD=0.897, dispersion=0.065, n=15877	effect_scale_validation.R:v1
GCST90201271	GCST90201271	passed	""	source	""	0.934719894170357	estimated_from_source_maf	33227	33227	0	0	0	0	33227	0.01	0.5	0.934719894170357	0.0622827412315895	median implied SD=0.935, dispersion=0.062, n=33227	effect_scale_validation.R:v1
GCST90201272	GCST90201272	passed	""	source	""	0.905394735981944	estimated_from_source_maf	6698	6698	0	0	0	0	6698	0.01	0.5	0.905394735981944	0.0689159286944154	median implied SD=0.905, dispersion=0.069, n=6698	effect_scale_validation.R:v1
GCST90201273	GCST90201273	passed	""	source	""	1.00005259400726	estimated_from_source_maf	21685	21685	0	0	0	0	21685	0.01	0.5	1.00005259400726	0.065365379799902	median implied SD=1.000, dispersion=0.065, n=21685	effect_scale_validation.R:v1
GCST90201274	GCST90201274	passed	""	source	""	0.902308811634666	estimated_from_source_maf	21691	21691	0	0	0	0	21691	0.01	0.5	0.902308811634666	0.0676290327626709	median implied SD=0.902, dispersion=0.068, n=21691	effect_scale_validation.R:v1
GCST90201275	GCST90201275	passed	""	source	""	0.906680153079654	estimated_from_source_maf	12409	12409	0	0	0	0	12409	0.01	0.5	0.906680153079654	0.0670796169740758	median implied SD=0.907, dispersion=0.067, n=12409	effect_scale_validation.R:v1
GCST90201276	GCST90201276	passed	""	source	""	0.946694675971145	estimated_from_source_maf	25012	25012	0	0	0	0	25012	0.01	0.5	0.946694675971145	0.0635190610354623	median implied SD=0.947, dispersion=0.064, n=25012	effect_scale_validation.R:v1
GCST90201277	GCST90201277	passed	""	source	""	0.928613126798002	estimated_from_source_maf	13321	13321	0	0	0	0	13321	0.01	0.5	0.928613126798002	0.0691588191646355	median implied SD=0.929, dispersion=0.069, n=13321	effect_scale_validation.R:v1
GCST90201278	GCST90201278	passed	""	source	""	0.916387510603022	estimated_from_source_maf	140401	140401	0	0	0	0	140401	0.01	0.5	0.916387510603022	0.0614607033878415	median implied SD=0.916, dispersion=0.061, n=140401	effect_scale_validation.R:v1
GCST90201279	GCST90201279	passed	""	source	""	0.961962402520023	estimated_from_source_maf	36083	36083	0	0	0	3	36080	0.01	0.5	0.961962402520023	0.0631902019895719	median implied SD=0.962, dispersion=0.063, n=36080	effect_scale_validation.R:v1
GCST90201280	GCST90201280	passed	""	source	""	0.9487989546264	estimated_from_source_maf	30094	30094	0	0	0	0	30094	0.01	0.5	0.9487989546264	0.0620504134909208	median implied SD=0.949, dispersion=0.062, n=30094	effect_scale_validation.R:v1
GCST90201281	GCST90201281	passed	""	source	""	0.960517531649298	estimated_from_source_maf	29983	29983	0	0	0	0	29983	0.01	0.5	0.960517531649298	0.0664944408997413	median implied SD=0.961, dispersion=0.066, n=29983	effect_scale_validation.R:v1
GCST90201282	GCST90201282	passed	""	source	""	0.904084239462787	estimated_from_source_maf	21681	21681	0	0	0	0	21681	0.01	0.5	0.904084239462787	0.0666358771207051	median implied SD=0.904, dispersion=0.067, n=21681	effect_scale_validation.R:v1
GCST90201283	GCST90201283	passed	""	source	""	0.815599535346155	estimated_from_source_maf	16504	16504	0	0	0	0	16504	0.01	0.5	0.815599535346155	0.0733045191665099	median implied SD=0.816, dispersion=0.073, n=16504	effect_scale_validation.R:v1
GCST90201284	GCST90201284	passed	""	source	""	0.855856279054819	estimated_from_source_maf	40132	40132	0	0	0	0	40132	0.01	0.5	0.855856279054819	0.0669939842604765	median implied SD=0.856, dispersion=0.067, n=40132	effect_scale_validation.R:v1
GCST90201285	GCST90201285	passed	""	source	""	0.936644243867038	estimated_from_source_maf	24015	24015	0	0	0	0	24015	0.01	0.5	0.936644243867038	0.0654645118490692	median implied SD=0.937, dispersion=0.065, n=24015	effect_scale_validation.R:v1
GCST90201286	GCST90201286	passed	""	source	""	0.856866169981981	estimated_from_source_maf	31140	31140	0	0	0	0	31140	0.01	0.5	0.856866169981981	0.0683149178026343	median implied SD=0.857, dispersion=0.068, n=31140	effect_scale_validation.R:v1
GCST90201287	GCST90201287	passed	""	source	""	0.955806831264306	estimated_from_source_maf	36874	36874	0	0	0	0	36874	0.01	0.5	0.955806831264306	0.061192703008898	median implied SD=0.956, dispersion=0.061, n=36874	effect_scale_validation.R:v1
GCST90201288	GCST90201288	passed	""	source	""	0.829454331898951	estimated_from_source_maf	19236	19236	0	0	0	0	19236	0.01	0.5	0.829454331898951	0.0596474614786829	median implied SD=0.829, dispersion=0.060, n=19236	effect_scale_validation.R:v1
GCST90201289	GCST90201289	passed	""	source	""	0.838170431790026	estimated_from_source_maf	12600	12600	0	0	0	0	12600	0.01	0.5	0.838170431790026	0.069266225843885	median implied SD=0.838, dispersion=0.069, n=12600	effect_scale_validation.R:v1
GCST90201290	GCST90201290	passed	""	source	""	0.944316970761153	estimated_from_source_maf	23980	23980	0	0	0	0	23980	0.01	0.5	0.944316970761153	0.0592724435267734	median implied SD=0.944, dispersion=0.059, n=23980	effect_scale_validation.R:v1
GCST90201291	GCST90201291	passed	""	source	""	0.880955622282145	estimated_from_source_maf	17317	17317	0	0	0	0	17317	0.01	0.5	0.880955622282145	0.0609276106206467	median implied SD=0.881, dispersion=0.061, n=17317	effect_scale_validation.R:v1
GCST90201292	GCST90201292	passed	""	source	""	0.91371039315136	estimated_from_source_maf	12932	12932	0	0	0	0	12932	0.01	0.5	0.91371039315136	0.0695536654247103	median implied SD=0.914, dispersion=0.070, n=12932	effect_scale_validation.R:v1
GCST90201293	GCST90201293	passed	""	source	""	0.851730828143458	estimated_from_source_maf	13526	13526	0	0	0	0	13526	0.01	0.5	0.851730828143458	0.0657798786197758	median implied SD=0.852, dispersion=0.066, n=13526	effect_scale_validation.R:v1
GCST90201294	GCST90201294	passed	""	source	""	0.906815807605746	estimated_from_source_maf	25438	25438	0	0	0	0	25438	0.01	0.5	0.906815807605746	0.0647963823015455	median implied SD=0.907, dispersion=0.065, n=25438	effect_scale_validation.R:v1
GCST90201295	GCST90201295	passed	""	source	""	0.940208482830312	estimated_from_source_maf	6758	6758	0	0	0	0	6758	0.01	0.5	0.940208482830312	0.0690356336574049	median implied SD=0.940, dispersion=0.069, n=6758	effect_scale_validation.R:v1
GCST90201296	GCST90201296	passed	""	source	""	0.892568872903128	estimated_from_source_maf	18217	18217	0	0	0	0	18217	0.01	0.5	0.892568872903128	0.0691125054548584	median implied SD=0.893, dispersion=0.069, n=18217	effect_scale_validation.R:v1
GCST90201297	GCST90201297	passed	""	source	""	0.957247792113471	estimated_from_source_maf	53888	53888	0	0	0	0	53888	0.01	0.5	0.957247792113471	0.058673813623761	median implied SD=0.957, dispersion=0.059, n=53888	effect_scale_validation.R:v1
GCST90201298	GCST90201298	passed	""	source	""	0.955390521491316	estimated_from_source_maf	6748	6748	0	0	0	0	6748	0.01	0.5	0.955390521491316	0.0701447738539079	median implied SD=0.955, dispersion=0.070, n=6748	effect_scale_validation.R:v1
GCST90201299	GCST90201299	passed	""	source	""	0.947975266639806	estimated_from_source_maf	40194	40194	0	0	0	1	40193	0.01	0.5	0.947975266639806	0.0646943434343789	median implied SD=0.948, dispersion=0.065, n=40193	effect_scale_validation.R:v1
GCST90201300	GCST90201300	passed	""	source	""	0.916835511213899	estimated_from_source_maf	11817	11817	0	0	0	0	11817	0.01	0.5	0.916835511213899	0.0663230043963612	median implied SD=0.917, dispersion=0.066, n=11817	effect_scale_validation.R:v1
GCST90201301	GCST90201301	passed	""	source	""	0.992362006550301	estimated_from_source_maf	12016	12016	0	0	0	0	12016	0.01	0.5	0.992362006550301	0.0635341262678312	median implied SD=0.992, dispersion=0.064, n=12016	effect_scale_validation.R:v1
GCST90201302	GCST90201302	passed	""	source	""	0.866529504420426	estimated_from_source_maf	71517	71517	0	0	0	0	71517	0.01	0.5	0.866529504420426	0.0652277428605281	median implied SD=0.867, dispersion=0.065, n=71517	effect_scale_validation.R:v1
GCST90201303	GCST90201303	passed	""	source	""	0.96492209618741	estimated_from_source_maf	12541	12541	0	0	0	0	12541	0.01	0.5	0.96492209618741	0.0669944821298722	median implied SD=0.965, dispersion=0.067, n=12541	effect_scale_validation.R:v1
GCST90201304	GCST90201304	passed	""	source	""	0.970175538554388	estimated_from_source_maf	19270	19270	0	0	0	1	19269	0.01	0.5	0.970175538554388	0.0645343549351035	median implied SD=0.970, dispersion=0.065, n=19269	effect_scale_validation.R:v1
GCST90201305	GCST90201305	passed	""	source	""	0.916970776232016	estimated_from_source_maf	11600	11600	0	0	0	0	11600	0.01	0.5	0.916970776232016	0.0617934883426335	median implied SD=0.917, dispersion=0.062, n=11600	effect_scale_validation.R:v1
GCST90201306	GCST90201306	passed	""	source	""	0.972159178138188	estimated_from_source_maf	17527	17527	0	0	0	0	17527	0.01	0.5	0.972159178138188	0.0665993640621363	median implied SD=0.972, dispersion=0.067, n=17527	effect_scale_validation.R:v1
GCST90201307	GCST90201307	passed	""	source	""	0.980853951720897	estimated_from_source_maf	18568	18568	0	0	0	0	18568	0.01	0.5	0.980853951720897	0.0671853254993227	median implied SD=0.981, dispersion=0.067, n=18568	effect_scale_validation.R:v1
GCST90201308	GCST90201308	passed	""	source	""	0.875469190113741	estimated_from_source_maf	41511	41511	0	0	0	0	41511	0.01	0.5	0.875469190113741	0.0611638369912934	median implied SD=0.875, dispersion=0.061, n=41511	effect_scale_validation.R:v1
GCST90201309	GCST90201309	passed	""	source	""	0.901974743535611	estimated_from_source_maf	36839	36839	0	0	0	0	36839	0.01	0.5	0.901974743535611	0.063314583104034	median implied SD=0.902, dispersion=0.063, n=36839	effect_scale_validation.R:v1
GCST90201310	GCST90201310	passed	""	source	""	0.917032034842595	estimated_from_source_maf	12665	12665	0	0	0	0	12665	0.01	0.5	0.917032034842595	0.0605460939473296	median implied SD=0.917, dispersion=0.061, n=12665	effect_scale_validation.R:v1
GCST90201311	GCST90201311	passed	""	source	""	0.917310380123715	estimated_from_source_maf	13054	13054	0	0	0	0	13054	0.01	0.5	0.917310380123715	0.0690678202906405	median implied SD=0.917, dispersion=0.069, n=13054	effect_scale_validation.R:v1
GCST90201312	GCST90201312	passed	""	source	""	0.926562303839511	estimated_from_source_maf	32088	32088	0	0	0	0	32088	0.01	0.5	0.926562303839511	0.0634803436380682	median implied SD=0.927, dispersion=0.063, n=32088	effect_scale_validation.R:v1
GCST90201313	GCST90201313	passed	""	source	""	0.904196531128539	estimated_from_source_maf	18694	18694	0	0	0	0	18694	0.01	0.5	0.904196531128539	0.0710553088758563	median implied SD=0.904, dispersion=0.071, n=18694	effect_scale_validation.R:v1
GCST90201314	GCST90201314	passed	""	source	""	0.74044700428131	estimated_from_source_maf	6759	6759	0	0	0	0	6759	0.01	0.5	0.74044700428131	0.0680415169524129	median implied SD=0.740, dispersion=0.068, n=6759	effect_scale_validation.R:v1
GCST90201315	GCST90201315	passed	""	source	""	0.856956533036055	estimated_from_source_maf	6720	6720	0	0	0	0	6720	0.01	0.5	0.856956533036055	0.0696688041409462	median implied SD=0.857, dispersion=0.070, n=6720	effect_scale_validation.R:v1
GCST90201316	GCST90201316	passed	""	source	""	0.966924624186153	estimated_from_source_maf	28821	28821	0	0	0	0	28821	0.01	0.5	0.966924624186153	0.0644437758507713	median implied SD=0.967, dispersion=0.064, n=28821	effect_scale_validation.R:v1
GCST90201317	GCST90201317	passed	""	source	""	0.982440684030989	estimated_from_source_maf	6749	6749	0	0	0	0	6749	0.01	0.5	0.982440684030989	0.0681710920080676	median implied SD=0.982, dispersion=0.068, n=6749	effect_scale_validation.R:v1
GCST90201318	GCST90201318	passed	""	source	""	0.971579411239693	estimated_from_source_maf	12666	12666	0	0	0	0	12666	0.01	0.5	0.971579411239693	0.0662671817381633	median implied SD=0.972, dispersion=0.066, n=12666	effect_scale_validation.R:v1
GCST90201319	GCST90201319	passed	""	source	""	0.965009703986324	estimated_from_source_maf	40337	40337	0	0	0	0	40337	0.01	0.5	0.965009703986324	0.0663046079042598	median implied SD=0.965, dispersion=0.066, n=40337	effect_scale_validation.R:v1
GCST90201320	GCST90201320	passed	""	source	""	0.914555805098851	estimated_from_source_maf	13550	13550	0	0	0	0	13550	0.01	0.5	0.914555805098851	0.0620982398334907	median implied SD=0.915, dispersion=0.062, n=13550	effect_scale_validation.R:v1
GCST90201321	GCST90201321	passed	""	source	""	0.797326081370055	estimated_from_source_maf	39070	39070	0	0	0	0	39070	0.01	0.5	0.797326081370055	0.0586581209154758	median implied SD=0.797, dispersion=0.059, n=39070	effect_scale_validation.R:v1
GCST90201322	GCST90201322	passed	""	source	""	0.947469080248522	estimated_from_source_maf	38143	38143	0	0	0	0	38143	0.01	0.5	0.947469080248522	0.0600837290153117	median implied SD=0.947, dispersion=0.060, n=38143	effect_scale_validation.R:v1
GCST90201323	GCST90201323	passed	""	source	""	0.886998069937264	estimated_from_source_maf	31279	31279	0	0	0	0	31279	0.01	0.5	0.886998069937264	0.067584211925915	median implied SD=0.887, dispersion=0.068, n=31279	effect_scale_validation.R:v1
GCST90201324	GCST90201324	passed	""	source	""	0.995185687394567	estimated_from_source_maf	28387	28387	0	0	0	0	28387	0.01	0.5	0.995185687394567	0.0702210260199106	median implied SD=0.995, dispersion=0.070, n=28387	effect_scale_validation.R:v1
GCST90201325	GCST90201325	passed	""	source	""	0.937477457466872	estimated_from_source_maf	12110	12110	0	0	0	0	12110	0.01	0.5	0.937477457466872	0.0671713876562074	median implied SD=0.937, dispersion=0.067, n=12110	effect_scale_validation.R:v1
GCST90201326	GCST90201326	passed	""	source	""	0.964489180207231	estimated_from_source_maf	23905	23905	0	0	0	0	23905	0.01	0.5	0.964489180207231	0.0621924182485459	median implied SD=0.964, dispersion=0.062, n=23905	effect_scale_validation.R:v1
GCST90201327	GCST90201327	passed	""	source	""	0.887613051367846	estimated_from_source_maf	37766	37766	0	0	0	0	37766	0.01	0.5	0.887613051367846	0.0619817357288363	median implied SD=0.888, dispersion=0.062, n=37766	effect_scale_validation.R:v1
GCST90201328	GCST90201328	passed	""	source	""	0.952413155718748	estimated_from_source_maf	22234	22234	0	0	0	3	22231	0.01	0.5	0.952413155718748	0.064651327458532	median implied SD=0.952, dispersion=0.065, n=22231	effect_scale_validation.R:v1
GCST90201329	GCST90201329	passed	""	source	""	0.920190773642929	estimated_from_source_maf	11019	11019	0	0	0	0	11019	0.01	0.5	0.920190773642929	0.071410392312301	median implied SD=0.920, dispersion=0.071, n=11019	effect_scale_validation.R:v1
GCST90201330	GCST90201330	passed	""	source	""	0.817416916378054	estimated_from_source_maf	54607	54607	0	0	0	0	54607	0.01	0.5	0.817416916378054	0.0656377884808124	median implied SD=0.817, dispersion=0.066, n=54607	effect_scale_validation.R:v1
GCST90201331	GCST90201331	passed	""	source	""	0.942588411176032	estimated_from_source_maf	79742	79742	0	0	0	2	79740	0.01	0.5	0.942588411176032	0.0620222115933061	median implied SD=0.943, dispersion=0.062, n=79740	effect_scale_validation.R:v1
GCST90201332	GCST90201332	passed	""	source	""	0.868677921098836	estimated_from_source_maf	30655	30655	0	0	0	0	30655	0.01	0.5	0.868677921098836	0.0638021521576084	median implied SD=0.869, dispersion=0.064, n=30655	effect_scale_validation.R:v1
GCST90201333	GCST90201333	passed	""	source	""	0.971549299975713	estimated_from_source_maf	42268	42268	0	0	0	0	42268	0.01	0.5	0.971549299975713	0.063383183582571	median implied SD=0.972, dispersion=0.063, n=42268	effect_scale_validation.R:v1
GCST90201334	GCST90201334	passed	""	source	""	0.853622208338793	estimated_from_source_maf	25828	25828	0	0	0	0	25828	0.01	0.5	0.853622208338793	0.0626262375418517	median implied SD=0.854, dispersion=0.063, n=25828	effect_scale_validation.R:v1
GCST90201335	GCST90201335	passed	""	source	""	0.952337455066679	estimated_from_source_maf	21581	21581	0	0	0	0	21581	0.01	0.5	0.952337455066679	0.067211920010466	median implied SD=0.952, dispersion=0.067, n=21581	effect_scale_validation.R:v1
GCST90201336	GCST90201336	passed	""	source	""	0.913175830991221	estimated_from_source_maf	6804	6804	0	0	0	0	6804	0.01	0.5	0.913175830991221	0.0709034613270751	median implied SD=0.913, dispersion=0.071, n=6804	effect_scale_validation.R:v1
GCST90201337	GCST90201337	passed	""	source	""	1.01995032463378	estimated_from_source_maf	13136	13136	0	0	0	0	13136	0.01	0.5	1.01995032463378	0.0640712162697702	median implied SD=1.020, dispersion=0.064, n=13136	effect_scale_validation.R:v1
GCST90201338	GCST90201338	passed	""	source	""	0.938931967411365	estimated_from_source_maf	11277	11277	0	0	0	0	11277	0.01	0.5	0.938931967411365	0.0687287324853911	median implied SD=0.939, dispersion=0.069, n=11277	effect_scale_validation.R:v1
GCST90201339	GCST90201339	passed	""	source	""	0.877886874465009	estimated_from_source_maf	29499	29499	0	0	0	0	29499	0.01	0.5	0.877886874465009	0.0617418507321937	median implied SD=0.878, dispersion=0.062, n=29499	effect_scale_validation.R:v1
GCST90201340	GCST90201340	passed	""	source	""	0.865914895826227	estimated_from_source_maf	34776	34776	0	0	0	0	34776	0.01	0.5	0.865914895826227	0.060629629694897	median implied SD=0.866, dispersion=0.061, n=34776	effect_scale_validation.R:v1
GCST90201341	GCST90201341	passed	""	source	""	0.942896060096929	estimated_from_source_maf	64886	64886	0	0	0	0	64886	0.01	0.5	0.942896060096929	0.062993420798271	median implied SD=0.943, dispersion=0.063, n=64886	effect_scale_validation.R:v1
GCST90201342	GCST90201342	passed	""	source	""	0.926019098203086	estimated_from_source_maf	6647	6647	0	0	0	0	6647	0.01	0.5	0.926019098203086	0.0751151691512974	median implied SD=0.926, dispersion=0.075, n=6647	effect_scale_validation.R:v1
GCST90201343	GCST90201343	passed	""	source	""	0.945274038272095	estimated_from_source_maf	14028	14028	0	0	0	0	14028	0.01	0.5	0.945274038272095	0.0651955805074662	median implied SD=0.945, dispersion=0.065, n=14028	effect_scale_validation.R:v1
GCST90201344	GCST90201344	passed	""	source	""	0.914244743626126	estimated_from_source_maf	33133	33133	0	0	0	0	33133	0.01	0.5	0.914244743626126	0.0806599716004527	median implied SD=0.914, dispersion=0.081, n=33133	effect_scale_validation.R:v1
GCST90201345	GCST90201345	passed	""	source	""	0.915215792038115	estimated_from_source_maf	16215	16215	0	0	0	0	16215	0.01	0.5	0.915215792038115	0.0672717760375202	median implied SD=0.915, dispersion=0.067, n=16215	effect_scale_validation.R:v1
GCST90201346	GCST90201346	passed	""	source	""	0.902559870977466	estimated_from_source_maf	43100	43100	0	0	0	0	43100	0.01	0.5	0.902559870977466	0.0648638823284633	median implied SD=0.903, dispersion=0.065, n=43100	effect_scale_validation.R:v1
GCST90201347	GCST90201347	passed	""	source	""	0.993310610030429	estimated_from_source_maf	24953	24953	0	0	0	0	24953	0.01	0.5	0.993310610030429	0.0674932139460775	median implied SD=0.993, dispersion=0.067, n=24953	effect_scale_validation.R:v1
GCST90201348	GCST90201348	passed	""	source	""	0.937484654314496	estimated_from_source_maf	60212	60212	0	0	0	0	60212	0.01	0.5	0.937484654314496	0.064689596807947	median implied SD=0.937, dispersion=0.065, n=60212	effect_scale_validation.R:v1
GCST90201349	GCST90201349	passed	""	source	""	0.910324788532988	estimated_from_source_maf	11889	11889	0	0	0	0	11889	0.01	0.5	0.910324788532988	0.0710959534845918	median implied SD=0.910, dispersion=0.071, n=11889	effect_scale_validation.R:v1
GCST90201350	GCST90201350	passed	""	source	""	0.915696791417899	estimated_from_source_maf	36934	36934	0	0	0	0	36934	0.01	0.5	0.915696791417899	0.066042304381515	median implied SD=0.916, dispersion=0.066, n=36934	effect_scale_validation.R:v1
GCST90201351	GCST90201351	passed	""	source	""	0.986163203603863	estimated_from_source_maf	27968	27968	0	0	0	0	27968	0.01	0.5	0.986163203603863	0.0677309779252896	median implied SD=0.986, dispersion=0.068, n=27968	effect_scale_validation.R:v1
GCST90201352	GCST90201352	passed	""	source	""	0.904901067662126	estimated_from_source_maf	17059	17059	0	0	0	0	17059	0.01	0.5	0.904901067662126	0.0631377893300782	median implied SD=0.905, dispersion=0.063, n=17059	effect_scale_validation.R:v1
GCST90201353	GCST90201353	passed	""	source	""	0.96416656405974	estimated_from_source_maf	17099	17099	0	0	0	0	17099	0.01	0.5	0.96416656405974	0.0616173754220001	median implied SD=0.964, dispersion=0.062, n=17099	effect_scale_validation.R:v1
GCST90201354	GCST90201354	passed	""	source	""	0.902122240674513	estimated_from_source_maf	30862	30862	0	0	0	0	30862	0.01	0.5	0.902122240674513	0.0609437075114482	median implied SD=0.902, dispersion=0.061, n=30862	effect_scale_validation.R:v1
GCST90201355	GCST90201355	passed	""	source	""	0.966815559152075	estimated_from_source_maf	20557	20557	0	0	0	0	20557	0.01	0.5	0.966815559152075	0.0667842721279502	median implied SD=0.967, dispersion=0.067, n=20557	effect_scale_validation.R:v1
GCST90201356	GCST90201356	passed	""	source	""	0.927684499949079	estimated_from_source_maf	16947	16947	0	0	0	0	16947	0.01	0.5	0.927684499949079	0.0688459301040674	median implied SD=0.928, dispersion=0.069, n=16947	effect_scale_validation.R:v1
GCST90201357	GCST90201357	passed	""	source	""	0.978906588811259	estimated_from_source_maf	27325	27325	0	0	0	0	27325	0.01	0.5	0.978906588811259	0.0626134552300755	median implied SD=0.979, dispersion=0.063, n=27325	effect_scale_validation.R:v1
GCST90201358	GCST90201358	passed	""	source	""	0.845790943286534	estimated_from_source_maf	6730	6730	0	0	0	0	6730	0.01	0.5	0.845790943286534	0.0687549858699706	median implied SD=0.846, dispersion=0.069, n=6730	effect_scale_validation.R:v1
GCST90201359	GCST90201359	passed	""	source	""	0.933031866020755	estimated_from_source_maf	18760	18760	0	0	0	0	18760	0.01	0.5	0.933031866020755	0.0653418028885291	median implied SD=0.933, dispersion=0.065, n=18760	effect_scale_validation.R:v1
GCST90201360	GCST90201360	passed	""	source	""	0.902629445188131	estimated_from_source_maf	13254	13254	0	0	0	0	13254	0.01	0.5	0.902629445188131	0.0655390689966813	median implied SD=0.903, dispersion=0.066, n=13254	effect_scale_validation.R:v1
GCST90201361	GCST90201361	passed	""	source	""	1.00353547894602	estimated_from_source_maf	792059	792059	0	0	0	0	792059	0.01	0.5	1.00353547894602	0.0663995675578436	median implied SD=1.004, dispersion=0.066, n=792059	effect_scale_validation.R:v1
GCST90201362	GCST90201362	passed	""	source	""	0.883151177223923	estimated_from_source_maf	17935	17935	0	0	0	0	17935	0.01	0.5	0.883151177223923	0.063950269881937	median implied SD=0.883, dispersion=0.064, n=17935	effect_scale_validation.R:v1
GCST90201363	GCST90201363	passed	""	source	""	0.910556606128351	estimated_from_source_maf	6894	6894	0	0	0	0	6894	0.01	0.5	0.910556606128351	0.082313575627286	median implied SD=0.911, dispersion=0.082, n=6894	effect_scale_validation.R:v1
GCST90201364	GCST90201364	passed	""	source	""	0.924315237608912	estimated_from_source_maf	16556	16556	0	0	0	0	16556	0.01	0.5	0.924315237608912	0.0697706706522896	median implied SD=0.924, dispersion=0.070, n=16556	effect_scale_validation.R:v1
GCST90201365	GCST90201365	passed	""	source	""	0.915423646703838	estimated_from_source_maf	20933	20933	0	0	0	0	20933	0.01	0.5	0.915423646703838	0.0656526371566124	median implied SD=0.915, dispersion=0.066, n=20933	effect_scale_validation.R:v1
GCST90201366	GCST90201366	passed	""	source	""	0.913016452178697	estimated_from_source_maf	40509	40509	0	0	0	0	40509	0.01	0.5	0.913016452178697	0.0672363087363192	median implied SD=0.913, dispersion=0.067, n=40509	effect_scale_validation.R:v1
GCST90201367	GCST90201367	passed	""	source	""	0.87552354637079	estimated_from_source_maf	6757	6757	0	0	0	0	6757	0.01	0.5	0.87552354637079	0.0686508603986181	median implied SD=0.876, dispersion=0.069, n=6757	effect_scale_validation.R:v1
GCST90201368	GCST90201368	passed	""	source	""	0.881950479701536	estimated_from_source_maf	21213	21213	0	0	0	1	21212	0.01	0.5	0.881950479701536	0.0621365050319746	median implied SD=0.882, dispersion=0.062, n=21212	effect_scale_validation.R:v1
GCST90201369	GCST90201369	passed	""	source	""	0.966296942850085	estimated_from_source_maf	25517	25517	0	0	0	0	25517	0.01	0.5	0.966296942850085	0.0597015074710147	median implied SD=0.966, dispersion=0.060, n=25517	effect_scale_validation.R:v1
GCST90201370	GCST90201370	passed	""	source	""	0.939378537016026	estimated_from_source_maf	45811	45811	0	0	0	0	45811	0.01	0.5	0.939378537016026	0.0681625792251813	median implied SD=0.939, dispersion=0.068, n=45811	effect_scale_validation.R:v1
GCST90201371	GCST90201371	passed	""	source	""	0.972650700882866	estimated_from_source_maf	18348	18348	0	0	0	0	18348	0.01	0.5	0.972650700882866	0.0692171931167845	median implied SD=0.973, dispersion=0.069, n=18348	effect_scale_validation.R:v1
GCST90201372	GCST90201372	passed	""	source	""	0.864439251128286	estimated_from_source_maf	14643	14643	0	0	0	0	14643	0.01	0.5	0.864439251128286	0.0759038703771259	median implied SD=0.864, dispersion=0.076, n=14643	effect_scale_validation.R:v1
GCST90201373	GCST90201373	passed	""	source	""	0.770219114558493	estimated_from_source_maf	18002	18002	0	0	0	0	18002	0.01	0.5	0.770219114558493	0.0593191294085293	median implied SD=0.770, dispersion=0.059, n=18002	effect_scale_validation.R:v1
GCST90201374	GCST90201374	passed	""	source	""	1.00632249758728	estimated_from_source_maf	6807	6807	0	0	0	0	6807	0.01	0.5	1.00632249758728	0.0687161492754788	median implied SD=1.006, dispersion=0.069, n=6807	effect_scale_validation.R:v1
GCST90201375	GCST90201375	passed	""	source	""	0.941256610554829	estimated_from_source_maf	19651	19651	0	0	0	0	19651	0.01	0.5	0.941256610554829	0.0642390128769092	median implied SD=0.941, dispersion=0.064, n=19651	effect_scale_validation.R:v1
GCST90201376	GCST90201376	passed	""	source	""	0.830120825948721	estimated_from_source_maf	25013	25013	0	0	0	0	25013	0.01	0.5	0.830120825948721	0.0675797399295962	median implied SD=0.830, dispersion=0.068, n=25013	effect_scale_validation.R:v1
GCST90201377	GCST90201377	passed	""	source	""	0.828197556149144	estimated_from_source_maf	32094	32094	0	0	0	0	32094	0.01	0.5	0.828197556149144	0.06552605074219	median implied SD=0.828, dispersion=0.066, n=32094	effect_scale_validation.R:v1
GCST90201378	GCST90201378	passed	""	source	""	0.968519256901863	estimated_from_source_maf	16215	16215	0	0	0	0	16215	0.01	0.5	0.968519256901863	0.0627728147347587	median implied SD=0.969, dispersion=0.063, n=16215	effect_scale_validation.R:v1
GCST90201379	GCST90201379	passed	""	source	""	0.947721056071455	estimated_from_source_maf	47683	47683	0	0	0	1	47682	0.01	0.5	0.947721056071455	0.0593665561231137	median implied SD=0.948, dispersion=0.059, n=47682	effect_scale_validation.R:v1
GCST90201380	GCST90201380	passed	""	source	""	0.921577450235877	estimated_from_source_maf	19151	19151	0	0	0	0	19151	0.01	0.5	0.921577450235877	0.0657937314241971	median implied SD=0.922, dispersion=0.066, n=19151	effect_scale_validation.R:v1
GCST90201381	GCST90201381	passed	""	source	""	0.870324156191556	estimated_from_source_maf	11487	11487	0	0	0	0	11487	0.01	0.5	0.870324156191556	0.0732091609479294	median implied SD=0.870, dispersion=0.073, n=11487	effect_scale_validation.R:v1
GCST90201382	GCST90201382	passed	""	source	""	0.79675090054487	estimated_from_source_maf	18919	18919	0	0	0	0	18919	0.01	0.5	0.79675090054487	0.0587251636500875	median implied SD=0.797, dispersion=0.059, n=18919	effect_scale_validation.R:v1
GCST90201383	GCST90201383	passed	""	source	""	0.889387268098065	estimated_from_source_maf	6734	6734	0	0	0	0	6734	0.01	0.5	0.889387268098065	0.0689427518422714	median implied SD=0.889, dispersion=0.069, n=6734	effect_scale_validation.R:v1
GCST90201384	GCST90201384	passed	""	source	""	0.966066668323463	estimated_from_source_maf	57803	57803	0	0	0	0	57803	0.01	0.5	0.966066668323463	0.0576216625721226	median implied SD=0.966, dispersion=0.058, n=57803	effect_scale_validation.R:v1
GCST90201385	GCST90201385	passed	""	source	""	0.92680904609486	estimated_from_source_maf	11991	11991	0	0	0	0	11991	0.01	0.5	0.92680904609486	0.0722864031689434	median implied SD=0.927, dispersion=0.072, n=11991	effect_scale_validation.R:v1
GCST90201386	GCST90201386	passed	""	source	""	1.01085976315374	estimated_from_source_maf	25956	25956	0	0	0	0	25956	0.01	0.5	1.01085976315374	0.0630082596053259	median implied SD=1.011, dispersion=0.063, n=25956	effect_scale_validation.R:v1
GCST90201387	GCST90201387	passed	""	source	""	0.862935379973187	estimated_from_source_maf	27820	27820	0	0	0	0	27820	0.01	0.5	0.862935379973187	0.0617779018520446	median implied SD=0.863, dispersion=0.062, n=27820	effect_scale_validation.R:v1
GCST90201388	GCST90201388	passed	""	source	""	0.815978934854993	estimated_from_source_maf	12807	12807	0	0	0	0	12807	0.01	0.5	0.815978934854993	0.0648134153481433	median implied SD=0.816, dispersion=0.065, n=12807	effect_scale_validation.R:v1
GCST90201389	GCST90201389	passed	""	source	""	0.922894887494432	estimated_from_source_maf	11348	11348	0	0	0	0	11348	0.01	0.5	0.922894887494432	0.0635822281584034	median implied SD=0.923, dispersion=0.064, n=11348	effect_scale_validation.R:v1
GCST90201390	GCST90201390	passed	""	source	""	0.971027914984773	estimated_from_source_maf	16377	16377	0	0	0	0	16377	0.01	0.5	0.971027914984773	0.0609990672525095	median implied SD=0.971, dispersion=0.061, n=16377	effect_scale_validation.R:v1
GCST90201391	GCST90201391	passed	""	source	""	1.01160247999033	estimated_from_source_maf	23398	23398	0	0	0	0	23398	0.01	0.5	1.01160247999033	0.0655046744297306	median implied SD=1.012, dispersion=0.066, n=23398	effect_scale_validation.R:v1
GCST90201392	GCST90201392	passed	""	source	""	0.833857709134642	estimated_from_source_maf	18808	18808	0	0	0	0	18808	0.01	0.5	0.833857709134642	0.0735583946329767	median implied SD=0.834, dispersion=0.074, n=18808	effect_scale_validation.R:v1
GCST90201393	GCST90201393	passed	""	source	""	0.879227136629127	estimated_from_source_maf	27941	27941	0	0	0	0	27941	0.01	0.5	0.879227136629127	0.0646655668815331	median implied SD=0.879, dispersion=0.065, n=27941	effect_scale_validation.R:v1
GCST90201394	GCST90201394	passed	""	source	""	0.913573769456096	estimated_from_source_maf	51710	51710	0	0	0	0	51710	0.01	0.5	0.913573769456096	0.0756098674890289	median implied SD=0.914, dispersion=0.076, n=51710	effect_scale_validation.R:v1
GCST90201395	GCST90201395	passed	""	source	""	0.894237621318804	estimated_from_source_maf	24561	24561	0	0	0	0	24561	0.01	0.5	0.894237621318804	0.0663428229432994	median implied SD=0.894, dispersion=0.066, n=24561	effect_scale_validation.R:v1
GCST90201396	GCST90201396	passed	""	source	""	0.956956042312754	estimated_from_source_maf	14033	14033	0	0	0	0	14033	0.01	0.5	0.956956042312754	0.0620193460590423	median implied SD=0.957, dispersion=0.062, n=14033	effect_scale_validation.R:v1
GCST90201397	GCST90201397	passed	""	source	""	0.856104795375325	estimated_from_source_maf	25008	25008	0	0	0	0	25008	0.01	0.5	0.856104795375325	0.0695727668847786	median implied SD=0.856, dispersion=0.070, n=25008	effect_scale_validation.R:v1
GCST90201398	GCST90201398	passed	""	source	""	0.936821705600876	estimated_from_source_maf	11908	11908	0	0	0	0	11908	0.01	0.5	0.936821705600876	0.0684321457160176	median implied SD=0.937, dispersion=0.068, n=11908	effect_scale_validation.R:v1
GCST90201399	GCST90201399	passed	""	source	""	0.934915567935297	estimated_from_source_maf	15863	15863	0	0	0	0	15863	0.01	0.5	0.934915567935297	0.0667200698078929	median implied SD=0.935, dispersion=0.067, n=15863	effect_scale_validation.R:v1
GCST90201400	GCST90201400	passed	""	source	""	0.90825619030918	estimated_from_source_maf	67622	67622	0	0	0	0	67622	0.01	0.5	0.90825619030918	0.059751223954207	median implied SD=0.908, dispersion=0.060, n=67622	effect_scale_validation.R:v1
GCST90201401	GCST90201401	passed	""	source	""	0.973837585307961	estimated_from_source_maf	23612	23612	0	0	0	1	23611	0.01	0.5	0.973837585307961	0.0624139795130906	median implied SD=0.974, dispersion=0.062, n=23611	effect_scale_validation.R:v1
GCST90201402	GCST90201402	passed	""	source	""	0.974272629144494	estimated_from_source_maf	18953	18953	0	0	0	0	18953	0.01	0.5	0.974272629144494	0.063663066024472	median implied SD=0.974, dispersion=0.064, n=18953	effect_scale_validation.R:v1
GCST90201403	GCST90201403	passed	""	source	""	0.992238848992494	estimated_from_source_maf	190039	190039	0	0	0	0	190039	0.01	0.5	0.992238848992494	0.071490763848559	median implied SD=0.992, dispersion=0.071, n=190039	effect_scale_validation.R:v1
GCST90201404	GCST90201404	passed	""	source	""	0.889672564819121	estimated_from_source_maf	44657	44657	0	0	0	0	44657	0.01	0.5	0.889672564819121	0.0671852848861357	median implied SD=0.890, dispersion=0.067, n=44657	effect_scale_validation.R:v1
GCST90201405	GCST90201405	passed	""	source	""	1.00295047002041	estimated_from_source_maf	34277	34277	0	0	0	0	34277	0.01	0.5	1.00295047002041	0.0639074799955998	median implied SD=1.003, dispersion=0.064, n=34277	effect_scale_validation.R:v1
GCST90201406	GCST90201406	passed	""	source	""	0.901381874423799	estimated_from_source_maf	73382	73382	0	0	0	8	73374	0.01	0.5	0.901381874423799	0.0635666983183491	median implied SD=0.901, dispersion=0.064, n=73374	effect_scale_validation.R:v1
GCST90201407	GCST90201407	passed	""	source	""	0.93000916613175	estimated_from_source_maf	43405	43405	0	0	0	1	43404	0.01	0.5	0.93000916613175	0.0615527222767425	median implied SD=0.930, dispersion=0.062, n=43404	effect_scale_validation.R:v1
GCST90201408	GCST90201408	passed	""	source	""	0.85530045553629	estimated_from_source_maf	17368	17368	0	0	0	0	17368	0.01	0.5	0.85530045553629	0.061846204858183	median implied SD=0.855, dispersion=0.062, n=17368	effect_scale_validation.R:v1
GCST90201409	GCST90201409	passed	""	source	""	0.911287840837887	estimated_from_source_maf	14409	14409	0	0	0	0	14409	0.01	0.5	0.911287840837887	0.0639436649592564	median implied SD=0.911, dispersion=0.064, n=14409	effect_scale_validation.R:v1
GCST90201410	GCST90201410	passed	""	source	""	0.865805541387294	estimated_from_source_maf	6720	6720	0	0	0	0	6720	0.01	0.5	0.865805541387294	0.0691156278330684	median implied SD=0.866, dispersion=0.069, n=6720	effect_scale_validation.R:v1
GCST90201411	GCST90201411	passed	""	source	""	0.915200647622524	estimated_from_source_maf	26139	26139	0	0	0	0	26139	0.01	0.5	0.915200647622524	0.0688719971129981	median implied SD=0.915, dispersion=0.069, n=26139	effect_scale_validation.R:v1
GCST90201412	GCST90201412	passed	""	source	""	0.861262758475053	estimated_from_source_maf	36143	36143	0	0	0	0	36143	0.01	0.5	0.861262758475053	0.0617354758884892	median implied SD=0.861, dispersion=0.062, n=36143	effect_scale_validation.R:v1
GCST90201413	GCST90201413	passed	""	source	""	0.839057776914003	estimated_from_source_maf	22234	22234	0	0	0	0	22234	0.01	0.5	0.839057776914003	0.0710079031860811	median implied SD=0.839, dispersion=0.071, n=22234	effect_scale_validation.R:v1
GCST90201414	GCST90201414	passed	""	source	""	0.897849586491543	estimated_from_source_maf	22943	22943	0	0	0	0	22943	0.01	0.5	0.897849586491543	0.0644420672471193	median implied SD=0.898, dispersion=0.064, n=22943	effect_scale_validation.R:v1
GCST90201415	GCST90201415	passed	""	source	""	0.84487668972273	estimated_from_source_maf	13011	13011	0	0	0	0	13011	0.01	0.5	0.84487668972273	0.0634732419409865	median implied SD=0.845, dispersion=0.063, n=13011	effect_scale_validation.R:v1
GCST90201416	GCST90201416	passed	""	source	""	0.845713744711403	estimated_from_source_maf	17849	17849	0	0	0	0	17849	0.01	0.5	0.845713744711403	0.0717984110820901	median implied SD=0.846, dispersion=0.072, n=17849	effect_scale_validation.R:v1
GCST90201417	GCST90201417	passed	""	source	""	0.933362259118577	estimated_from_source_maf	55544	55544	0	0	0	0	55544	0.01	0.5	0.933362259118577	0.0626488412289629	median implied SD=0.933, dispersion=0.063, n=55544	effect_scale_validation.R:v1
GCST90201418	GCST90201418	passed	""	source	""	0.903875953944112	estimated_from_source_maf	26162	26162	0	0	0	0	26162	0.01	0.5	0.903875953944112	0.0603784769175327	median implied SD=0.904, dispersion=0.060, n=26162	effect_scale_validation.R:v1
GCST90201419	GCST90201419	passed	""	source	""	0.910693059434415	estimated_from_source_maf	18788	18788	0	0	0	0	18788	0.01	0.5	0.910693059434415	0.0596225632384866	median implied SD=0.911, dispersion=0.060, n=18788	effect_scale_validation.R:v1
GCST90201420	GCST90201420	passed	""	source	""	0.908474763240485	estimated_from_source_maf	22084	22084	0	0	0	0	22084	0.01	0.5	0.908474763240485	0.0651402558786117	median implied SD=0.908, dispersion=0.065, n=22084	effect_scale_validation.R:v1
GCST90201421	GCST90201421	passed	""	source	""	0.99492174499996	estimated_from_source_maf	20365	20365	0	0	0	0	20365	0.01	0.5	0.99492174499996	0.0671298728587338	median implied SD=0.995, dispersion=0.067, n=20365	effect_scale_validation.R:v1
GCST90201422	GCST90201422	passed	""	source	""	0.99379293944112	estimated_from_source_maf	30766	30766	0	0	0	0	30766	0.01	0.5	0.99379293944112	0.0592985894457381	median implied SD=0.994, dispersion=0.059, n=30766	effect_scale_validation.R:v1
GCST90201423	GCST90201423	passed	""	source	""	0.93149009005576	estimated_from_source_maf	6700	6700	0	0	0	0	6700	0.01	0.5	0.93149009005576	0.076812226130828	median implied SD=0.931, dispersion=0.077, n=6700	effect_scale_validation.R:v1
GCST90201424	GCST90201424	passed	""	source	""	0.960455516057666	estimated_from_source_maf	12562	12562	0	0	0	0	12562	0.01	0.5	0.960455516057666	0.0693584812596281	median implied SD=0.960, dispersion=0.069, n=12562	effect_scale_validation.R:v1
GCST90201425	GCST90201425	passed	""	source	""	0.971233432284881	estimated_from_source_maf	41600	41600	0	0	0	0	41600	0.01	0.5	0.971233432284881	0.0665092228728291	median implied SD=0.971, dispersion=0.067, n=41600	effect_scale_validation.R:v1
GCST90201426	GCST90201426	passed	""	source	""	0.935589516705123	estimated_from_source_maf	50889	50889	0	0	0	0	50889	0.01	0.5	0.935589516705123	0.0686350345557751	median implied SD=0.936, dispersion=0.069, n=50889	effect_scale_validation.R:v1
GCST90201427	GCST90201427	passed	""	source	""	0.905461531290389	estimated_from_source_maf	64355	64355	0	0	0	1	64354	0.01	0.5	0.905461531290389	0.0646586867750648	median implied SD=0.905, dispersion=0.065, n=64354	effect_scale_validation.R:v1
GCST90201428	GCST90201428	passed	""	source	""	0.749159389157796	estimated_from_source_maf	42461	42461	0	0	0	0	42461	0.01	0.5	0.749159389157796	0.0618021898898928	median implied SD=0.749, dispersion=0.062, n=42461	effect_scale_validation.R:v1
GCST90201429	GCST90201429	passed	""	source	""	0.905999666499022	estimated_from_source_maf	41107	41107	0	0	0	0	41107	0.01	0.5	0.905999666499022	0.0610748751281273	median implied SD=0.906, dispersion=0.061, n=41107	effect_scale_validation.R:v1
GCST90201430	GCST90201430	passed	""	source	""	0.917313366314837	estimated_from_source_maf	37909	37909	0	0	0	1	37908	0.01	0.5	0.917313366314837	0.0658847729196897	median implied SD=0.917, dispersion=0.066, n=37908	effect_scale_validation.R:v1
GCST90201431	GCST90201431	passed	""	source	""	0.972946746770024	estimated_from_source_maf	12472	12472	0	0	0	0	12472	0.01	0.5	0.972946746770024	0.0630560961343434	median implied SD=0.973, dispersion=0.063, n=12472	effect_scale_validation.R:v1
GCST90201432	GCST90201432	passed	""	source	""	0.862110108283211	estimated_from_source_maf	24661	24661	0	0	0	0	24661	0.01	0.5	0.862110108283211	0.0584864678712611	median implied SD=0.862, dispersion=0.058, n=24661	effect_scale_validation.R:v1
GCST90201433	GCST90201433	passed	""	source	""	0.956986489158187	estimated_from_source_maf	17758	17758	0	0	0	0	17758	0.01	0.5	0.956986489158187	0.0624129313154505	median implied SD=0.957, dispersion=0.062, n=17758	effect_scale_validation.R:v1
GCST90201434	GCST90201434	passed	""	source	""	0.774528905028658	estimated_from_source_maf	28601	28601	0	0	0	0	28601	0.01	0.5	0.774528905028658	0.0779024662262097	median implied SD=0.775, dispersion=0.078, n=28601	effect_scale_validation.R:v1
GCST90201435	GCST90201435	passed	""	source	""	0.965456392448008	estimated_from_source_maf	81601	81601	0	0	0	0	81601	0.01	0.5	0.965456392448008	0.0628185919691159	median implied SD=0.965, dispersion=0.063, n=81601	effect_scale_validation.R:v1
GCST90201436	GCST90201436	passed	""	source	""	0.997360972170259	estimated_from_source_maf	55095	55095	0	0	0	0	55095	0.01	0.5	0.997360972170259	0.065968581017773	median implied SD=0.997, dispersion=0.066, n=55095	effect_scale_validation.R:v1
GCST90201437	GCST90201437	passed	""	source	""	0.949409387642267	estimated_from_source_maf	18251	18251	0	0	0	0	18251	0.01	0.5	0.949409387642267	0.0700124519246911	median implied SD=0.949, dispersion=0.070, n=18251	effect_scale_validation.R:v1
GCST90201438	GCST90201438	passed	""	source	""	0.970037396996064	estimated_from_source_maf	23339	23339	0	0	0	0	23339	0.01	0.5	0.970037396996064	0.0618905266373192	median implied SD=0.970, dispersion=0.062, n=23339	effect_scale_validation.R:v1
GCST90201439	GCST90201439	passed	""	source	""	0.85444525117331	estimated_from_source_maf	13791	13791	0	0	0	0	13791	0.01	0.5	0.85444525117331	0.060332568898085	median implied SD=0.854, dispersion=0.060, n=13791	effect_scale_validation.R:v1
GCST90201440	GCST90201440	passed	""	source	""	0.982525829283283	estimated_from_source_maf	16513	16513	0	0	0	0	16513	0.01	0.5	0.982525829283283	0.0652114093569453	median implied SD=0.983, dispersion=0.065, n=16513	effect_scale_validation.R:v1
GCST90201441	GCST90201441	passed	""	source	""	0.885049761796989	estimated_from_source_maf	17540	17540	0	0	0	0	17540	0.01	0.5	0.885049761796989	0.0604400152391994	median implied SD=0.885, dispersion=0.060, n=17540	effect_scale_validation.R:v1
GCST90201442	GCST90201442	passed	""	source	""	0.986635799848763	estimated_from_source_maf	14961	14961	0	0	0	0	14961	0.01	0.5	0.986635799848763	0.0634321457344242	median implied SD=0.987, dispersion=0.063, n=14961	effect_scale_validation.R:v1
GCST90201443	GCST90201443	passed	""	source	""	0.932436037136609	estimated_from_source_maf	16705	16705	0	0	0	0	16705	0.01	0.5	0.932436037136609	0.0631018519886405	median implied SD=0.932, dispersion=0.063, n=16705	effect_scale_validation.R:v1
GCST90201444	GCST90201444	passed	""	source	""	0.907189460679127	estimated_from_source_maf	28950	28950	0	0	0	0	28950	0.01	0.5	0.907189460679127	0.0735540336318762	median implied SD=0.907, dispersion=0.074, n=28950	effect_scale_validation.R:v1
GCST90201445	GCST90201445	passed	""	source	""	0.938004191173228	estimated_from_source_maf	18830	18830	0	0	0	0	18830	0.01	0.5	0.938004191173228	0.0611479101153481	median implied SD=0.938, dispersion=0.061, n=18830	effect_scale_validation.R:v1
GCST90201446	GCST90201446	passed	""	source	""	0.918906643582768	estimated_from_source_maf	6711	6711	0	0	0	0	6711	0.01	0.5	0.918906643582768	0.0687404565373509	median implied SD=0.919, dispersion=0.069, n=6711	effect_scale_validation.R:v1
GCST90201447	GCST90201447	passed	""	source	""	0.913865579952004	estimated_from_source_maf	11327	11327	0	0	0	0	11327	0.01	0.5	0.913865579952004	0.0666513563167457	median implied SD=0.914, dispersion=0.067, n=11327	effect_scale_validation.R:v1
GCST90201448	GCST90201448	passed	""	source	""	0.950846801390798	estimated_from_source_maf	16684	16684	0	0	0	0	16684	0.01	0.5	0.950846801390798	0.068425993471191	median implied SD=0.951, dispersion=0.068, n=16684	effect_scale_validation.R:v1
GCST90201449	GCST90201449	passed	""	source	""	0.852989079946866	estimated_from_source_maf	20984	20984	0	0	0	0	20984	0.01	0.5	0.852989079946866	0.0588143241590126	median implied SD=0.853, dispersion=0.059, n=20984	effect_scale_validation.R:v1
GCST90201450	GCST90201450	passed	""	source	""	0.885720392139593	estimated_from_source_maf	28462	28462	0	0	0	0	28462	0.01	0.5	0.885720392139593	0.0622598535884815	median implied SD=0.886, dispersion=0.062, n=28462	effect_scale_validation.R:v1
GCST90201451	GCST90201451	passed	""	source	""	0.847116293743488	estimated_from_source_maf	12400	12400	0	0	0	0	12400	0.01	0.5	0.847116293743488	0.0628967120181689	median implied SD=0.847, dispersion=0.063, n=12400	effect_scale_validation.R:v1
GCST90201452	GCST90201452	passed	""	source	""	0.852788981620719	estimated_from_source_maf	19413	19413	0	0	0	0	19413	0.01	0.5	0.852788981620719	0.0599886986557258	median implied SD=0.853, dispersion=0.060, n=19413	effect_scale_validation.R:v1
GCST90201453	GCST90201453	passed	""	source	""	0.85274123174106	estimated_from_source_maf	25732	25732	0	0	0	0	25732	0.01	0.5	0.85274123174106	0.0592676655933841	median implied SD=0.853, dispersion=0.059, n=25732	effect_scale_validation.R:v1
GCST90201454	GCST90201454	passed	""	source	""	0.841649913609812	estimated_from_source_maf	37283	37283	0	0	0	0	37283	0.01	0.5	0.841649913609812	0.0645052899936109	median implied SD=0.842, dispersion=0.065, n=37283	effect_scale_validation.R:v1
GCST90201455	GCST90201455	passed	""	source	""	0.912045727447836	estimated_from_source_maf	6721	6721	0	0	0	0	6721	0.01	0.5	0.912045727447836	0.0684845760626728	median implied SD=0.912, dispersion=0.068, n=6721	effect_scale_validation.R:v1
GCST90201456	GCST90201456	passed	""	source	""	0.84064636768379	estimated_from_source_maf	15954	15954	0	0	0	0	15954	0.01	0.5	0.84064636768379	0.0620254041039717	median implied SD=0.841, dispersion=0.062, n=15954	effect_scale_validation.R:v1
GCST90201457	GCST90201457	passed	""	source	""	0.888023516798586	estimated_from_source_maf	52632	52632	0	0	0	0	52632	0.01	0.5	0.888023516798586	0.0626853381672129	median implied SD=0.888, dispersion=0.063, n=52632	effect_scale_validation.R:v1
GCST90201458	GCST90201458	passed	""	source	""	0.846084531758578	estimated_from_source_maf	6713	6713	0	0	0	0	6713	0.01	0.5	0.846084531758578	0.0688172707912359	median implied SD=0.846, dispersion=0.069, n=6713	effect_scale_validation.R:v1
GCST90201459	GCST90201459	passed	""	source	""	0.909771382380024	estimated_from_source_maf	12914	12914	0	0	0	0	12914	0.01	0.5	0.909771382380024	0.0627583251893752	median implied SD=0.910, dispersion=0.063, n=12914	effect_scale_validation.R:v1
GCST90201460	GCST90201460	passed	""	source	""	0.991091506371388	estimated_from_source_maf	28308	28308	0	0	0	0	28308	0.01	0.5	0.991091506371388	0.0623605129987077	median implied SD=0.991, dispersion=0.062, n=28308	effect_scale_validation.R:v1
GCST90201461	GCST90201461	passed	""	source	""	0.856947735050986	estimated_from_source_maf	32173	32173	0	0	0	0	32173	0.01	0.5	0.856947735050986	0.0593035068334004	median implied SD=0.857, dispersion=0.059, n=32173	effect_scale_validation.R:v1
GCST90201462	GCST90201462	passed	""	source	""	0.981598943802982	estimated_from_source_maf	16891	16891	0	0	0	0	16891	0.01	0.5	0.981598943802982	0.0616103421379074	median implied SD=0.982, dispersion=0.062, n=16891	effect_scale_validation.R:v1
GCST90201463	GCST90201463	passed	""	source	""	0.848487728090363	estimated_from_source_maf	11652	11652	0	0	0	0	11652	0.01	0.5	0.848487728090363	0.0652709632160073	median implied SD=0.848, dispersion=0.065, n=11652	effect_scale_validation.R:v1
GCST90201464	GCST90201464	passed	""	source	""	0.899768860718812	estimated_from_source_maf	36060	36060	0	0	0	0	36060	0.01	0.5	0.899768860718812	0.0623050771395762	median implied SD=0.900, dispersion=0.062, n=36060	effect_scale_validation.R:v1
GCST90201465	GCST90201465	passed	""	source	""	0.851672748631135	estimated_from_source_maf	23677	23677	0	0	0	0	23677	0.01	0.5	0.851672748631135	0.0631651335862694	median implied SD=0.852, dispersion=0.063, n=23677	effect_scale_validation.R:v1
GCST90201466	GCST90201466	passed	""	source	""	0.967128146120274	estimated_from_source_maf	53594	53594	0	0	0	0	53594	0.01	0.5	0.967128146120274	0.0627943854852412	median implied SD=0.967, dispersion=0.063, n=53594	effect_scale_validation.R:v1
GCST90201467	GCST90201467	passed	""	source	""	0.922723960981471	estimated_from_source_maf	12723	12723	0	0	0	0	12723	0.01	0.5	0.922723960981471	0.0672088506793971	median implied SD=0.923, dispersion=0.067, n=12723	effect_scale_validation.R:v1
GCST90201468	GCST90201468	passed	""	source	""	0.833328470566649	estimated_from_source_maf	6722	6722	0	0	0	0	6722	0.01	0.5	0.833328470566649	0.0691339074630214	median implied SD=0.833, dispersion=0.069, n=6722	effect_scale_validation.R:v1
GCST90201469	GCST90201469	passed	""	source	""	0.912894874230629	estimated_from_source_maf	12042	12042	0	0	0	0	12042	0.01	0.5	0.912894874230629	0.0671889261869467	median implied SD=0.913, dispersion=0.067, n=12042	effect_scale_validation.R:v1
GCST90201470	GCST90201470	passed	""	source	""	0.94885500737165	estimated_from_source_maf	12095	12095	0	0	0	0	12095	0.01	0.5	0.94885500737165	0.0669568825176296	median implied SD=0.949, dispersion=0.067, n=12095	effect_scale_validation.R:v1
GCST90201471	GCST90201471	passed	""	source	""	0.886826012197119	estimated_from_source_maf	12075	12075	0	0	0	0	12075	0.01	0.5	0.886826012197119	0.0694698625544799	median implied SD=0.887, dispersion=0.069, n=12075	effect_scale_validation.R:v1
GCST90201472	GCST90201472	passed	""	source	""	0.981176740731908	estimated_from_source_maf	10838	10838	0	0	0	0	10838	0.01	0.5	0.981176740731908	0.0708487710300795	median implied SD=0.981, dispersion=0.071, n=10838	effect_scale_validation.R:v1
GCST90201473	GCST90201473	passed	""	source	""	0.834597590335532	estimated_from_source_maf	37737	37737	0	0	0	0	37737	0.01	0.5	0.834597590335532	0.0690982175345104	median implied SD=0.835, dispersion=0.069, n=37737	effect_scale_validation.R:v1
GCST90201474	GCST90201474	passed	""	source	""	0.995556101993721	estimated_from_source_maf	12839	12839	0	0	0	0	12839	0.01	0.5	0.995556101993721	0.0601499005293686	median implied SD=0.996, dispersion=0.060, n=12839	effect_scale_validation.R:v1
GCST90201475	GCST90201475	passed	""	source	""	0.900871489741029	estimated_from_source_maf	12970	12970	0	0	0	0	12970	0.01	0.5	0.900871489741029	0.0635466880571741	median implied SD=0.901, dispersion=0.064, n=12970	effect_scale_validation.R:v1
GCST90201476	GCST90201476	passed	""	source	""	0.888864969046843	estimated_from_source_maf	16457	16457	0	0	0	0	16457	0.01	0.5	0.888864969046843	0.0698810703276529	median implied SD=0.889, dispersion=0.070, n=16457	effect_scale_validation.R:v1
GCST90201477	GCST90201477	passed	""	source	""	0.982462856198265	estimated_from_source_maf	22037	22037	0	0	0	0	22037	0.01	0.5	0.982462856198265	0.0598522634071832	median implied SD=0.982, dispersion=0.060, n=22037	effect_scale_validation.R:v1
GCST90201478	GCST90201478	passed	""	source	""	0.863992891625202	estimated_from_source_maf	6730	6730	0	0	0	0	6730	0.01	0.5	0.863992891625202	0.0690865212894382	median implied SD=0.864, dispersion=0.069, n=6730	effect_scale_validation.R:v1
GCST90201479	GCST90201479	passed	""	source	""	0.884815401009332	estimated_from_source_maf	26154	26154	0	0	0	0	26154	0.01	0.5	0.884815401009332	0.0660878677485206	median implied SD=0.885, dispersion=0.066, n=26154	effect_scale_validation.R:v1
GCST90201480	GCST90201480	passed	""	source	""	0.845273002331995	estimated_from_source_maf	6710	6710	0	0	0	0	6710	0.01	0.5	0.845273002331995	0.0685641716704069	median implied SD=0.845, dispersion=0.069, n=6710	effect_scale_validation.R:v1
GCST90201481	GCST90201481	passed	""	source	""	0.859161447302057	estimated_from_source_maf	57089	57089	0	0	0	0	57089	0.01	0.5	0.859161447302057	0.0657418679072194	median implied SD=0.859, dispersion=0.066, n=57089	effect_scale_validation.R:v1
GCST90201482	GCST90201482	passed	""	source	""	0.972079548622866	estimated_from_source_maf	11141	11141	0	0	0	0	11141	0.01	0.5	0.972079548622866	0.067280242179995	median implied SD=0.972, dispersion=0.067, n=11141	effect_scale_validation.R:v1
GCST90201483	GCST90201483	passed	""	source	""	0.867220641626961	estimated_from_source_maf	12047	12047	0	0	0	0	12047	0.01	0.5	0.867220641626961	0.0641862663833755	median implied SD=0.867, dispersion=0.064, n=12047	effect_scale_validation.R:v1
GCST90201484	GCST90201484	passed	""	source	""	0.855099101375114	estimated_from_source_maf	17000	17000	0	0	0	0	17000	0.01	0.5	0.855099101375114	0.0661489468275569	median implied SD=0.855, dispersion=0.066, n=17000	effect_scale_validation.R:v1
GCST90201485	GCST90201485	passed	""	source	""	0.892816605224664	estimated_from_source_maf	11064	11064	0	0	0	0	11064	0.01	0.5	0.892816605224664	0.0668991279351696	median implied SD=0.893, dispersion=0.067, n=11064	effect_scale_validation.R:v1
GCST90201486	GCST90201486	passed	""	source	""	0.962724431365469	estimated_from_source_maf	20501	20501	0	0	0	0	20501	0.01	0.5	0.962724431365469	0.0677845774970246	median implied SD=0.963, dispersion=0.068, n=20501	effect_scale_validation.R:v1
GCST90201487	GCST90201487	passed	""	source	""	0.956509314752879	estimated_from_source_maf	30147	30147	0	0	0	0	30147	0.01	0.5	0.956509314752879	0.063396471227844	median implied SD=0.957, dispersion=0.063, n=30147	effect_scale_validation.R:v1
GCST90201488	GCST90201488	passed	""	source	""	0.938999923931925	estimated_from_source_maf	24926	24926	0	0	0	0	24926	0.01	0.5	0.938999923931925	0.0641627865899614	median implied SD=0.939, dispersion=0.064, n=24926	effect_scale_validation.R:v1
GCST90201489	GCST90201489	passed	""	source	""	0.911908834515894	estimated_from_source_maf	11664	11664	0	0	0	0	11664	0.01	0.5	0.911908834515894	0.0667265785997636	median implied SD=0.912, dispersion=0.067, n=11664	effect_scale_validation.R:v1
GCST90201490	GCST90201490	passed	""	source	""	0.902182482531017	estimated_from_source_maf	11468	11468	0	0	0	0	11468	0.01	0.5	0.902182482531017	0.0646536406223408	median implied SD=0.902, dispersion=0.065, n=11468	effect_scale_validation.R:v1
GCST90201491	GCST90201491	passed	""	source	""	0.916296841247558	estimated_from_source_maf	41900	41900	0	0	0	0	41900	0.01	0.5	0.916296841247558	0.0614102996504659	median implied SD=0.916, dispersion=0.061, n=41900	effect_scale_validation.R:v1
GCST90201492	GCST90201492	passed	""	source	""	0.726390889333205	estimated_from_source_maf	12466	12466	0	0	0	0	12466	0.01	0.5	0.726390889333205	0.0636725886677816	median implied SD=0.726, dispersion=0.064, n=12466	effect_scale_validation.R:v1
GCST90201493	GCST90201493	passed	""	source	""	0.866119082798953	estimated_from_source_maf	11261	11261	0	0	0	0	11261	0.01	0.5	0.866119082798953	0.065854980308275	median implied SD=0.866, dispersion=0.066, n=11261	effect_scale_validation.R:v1
GCST90201494	GCST90201494	passed	""	source	""	0.922432595380704	estimated_from_source_maf	13329	13329	0	0	0	0	13329	0.01	0.5	0.922432595380704	0.0689612932462662	median implied SD=0.922, dispersion=0.069, n=13329	effect_scale_validation.R:v1
GCST90201495	GCST90201495	passed	""	source	""	0.965123113156783	estimated_from_source_maf	23540	23540	0	0	0	0	23540	0.01	0.5	0.965123113156783	0.0661983135782352	median implied SD=0.965, dispersion=0.066, n=23540	effect_scale_validation.R:v1
GCST90201496	GCST90201496	passed	""	source	""	0.83154032441495	estimated_from_source_maf	18537	18537	0	0	0	1	18536	0.01	0.5	0.83154032441495	0.0670229310110342	median implied SD=0.832, dispersion=0.067, n=18536	effect_scale_validation.R:v1
GCST90201497	GCST90201497	passed	""	source	""	0.944514588844615	estimated_from_source_maf	6743	6743	0	0	0	0	6743	0.01	0.5	0.944514588844615	0.0681346837468185	median implied SD=0.945, dispersion=0.068, n=6743	effect_scale_validation.R:v1
GCST90201498	GCST90201498	passed	""	source	""	0.946418717360468	estimated_from_source_maf	16732	16732	0	0	0	0	16732	0.01	0.5	0.946418717360468	0.0659671564436736	median implied SD=0.946, dispersion=0.066, n=16732	effect_scale_validation.R:v1
GCST90201499	GCST90201499	passed	""	source	""	0.887313525199372	estimated_from_source_maf	21233	21233	0	0	0	0	21233	0.01	0.5	0.887313525199372	0.0603938748010967	median implied SD=0.887, dispersion=0.060, n=21233	effect_scale_validation.R:v1
GCST90201500	GCST90201500	passed	""	source	""	1.03759026234879	estimated_from_source_maf	16615	16615	0	0	0	0	16615	0.01	0.5	1.03759026234879	0.0640896790718862	median implied SD=1.038, dispersion=0.064, n=16615	effect_scale_validation.R:v1
GCST90201501	GCST90201501	passed	""	source	""	0.907187279906976	estimated_from_source_maf	27495	27495	0	0	0	0	27495	0.01	0.5	0.907187279906976	0.0731865731115567	median implied SD=0.907, dispersion=0.073, n=27495	effect_scale_validation.R:v1
GCST90201502	GCST90201502	passed	""	source	""	0.953837605206071	estimated_from_source_maf	24660	24660	0	0	0	0	24660	0.01	0.5	0.953837605206071	0.0693968075954162	median implied SD=0.954, dispersion=0.069, n=24660	effect_scale_validation.R:v1
GCST90201503	GCST90201503	passed	""	source	""	0.953256778502104	estimated_from_source_maf	6867	6867	0	0	0	0	6867	0.01	0.5	0.953256778502104	0.0725748786632462	median implied SD=0.953, dispersion=0.073, n=6867	effect_scale_validation.R:v1
GCST90201504	GCST90201504	passed	""	source	""	0.923099513374009	estimated_from_source_maf	18091	18091	0	0	0	0	18091	0.01	0.5	0.923099513374009	0.0652387071232526	median implied SD=0.923, dispersion=0.065, n=18091	effect_scale_validation.R:v1
GCST90201505	GCST90201505	passed	""	source	""	0.876684205259228	estimated_from_source_maf	14080	14080	0	0	0	0	14080	0.01	0.5	0.876684205259228	0.0649407687841475	median implied SD=0.877, dispersion=0.065, n=14080	effect_scale_validation.R:v1
GCST90201506	GCST90201506	passed	""	source	""	0.945422431335701	estimated_from_source_maf	29012	29012	0	0	0	0	29012	0.01	0.5	0.945422431335701	0.0598565330478934	median implied SD=0.945, dispersion=0.060, n=29012	effect_scale_validation.R:v1
GCST90201507	GCST90201507	passed	""	source	""	0.812596356331597	estimated_from_source_maf	11431	11431	0	0	0	0	11431	0.01	0.5	0.812596356331597	0.069092234200203	median implied SD=0.813, dispersion=0.069, n=11431	effect_scale_validation.R:v1
GCST90201508	GCST90201508	passed	""	source	""	0.991547750379827	estimated_from_source_maf	13415	13415	0	0	0	0	13415	0.01	0.5	0.991547750379827	0.069020935959714	median implied SD=0.992, dispersion=0.069, n=13415	effect_scale_validation.R:v1
GCST90201509	GCST90201509	passed	""	source	""	0.924407480400845	estimated_from_source_maf	23844	23844	0	0	0	0	23844	0.01	0.5	0.924407480400845	0.0628108480080838	median implied SD=0.924, dispersion=0.063, n=23844	effect_scale_validation.R:v1
GCST90201510	GCST90201510	passed	""	source	""	0.933035357478793	estimated_from_source_maf	11702	11702	0	0	0	0	11702	0.01	0.5	0.933035357478793	0.0645865348008613	median implied SD=0.933, dispersion=0.065, n=11702	effect_scale_validation.R:v1
GCST90201511	GCST90201511	passed	""	source	""	0.857791221509391	estimated_from_source_maf	25851	25851	0	0	0	0	25851	0.01	0.5	0.857791221509391	0.0684187132827926	median implied SD=0.858, dispersion=0.068, n=25851	effect_scale_validation.R:v1
GCST90201512	GCST90201512	passed	""	source	""	0.959897216312548	estimated_from_source_maf	46939	46939	0	0	0	1	46938	0.01	0.5	0.959897216312548	0.062114712082424	median implied SD=0.960, dispersion=0.062, n=46938	effect_scale_validation.R:v1
GCST90201513	GCST90201513	passed	""	source	""	0.934062577294127	estimated_from_source_maf	18627	18627	0	0	0	0	18627	0.01	0.5	0.934062577294127	0.0647278134634244	median implied SD=0.934, dispersion=0.065, n=18627	effect_scale_validation.R:v1
GCST90201514	GCST90201514	passed	""	source	""	0.942284635888355	estimated_from_source_maf	13139	13139	0	0	0	0	13139	0.01	0.5	0.942284635888355	0.0676568784070189	median implied SD=0.942, dispersion=0.068, n=13139	effect_scale_validation.R:v1
GCST90201515	GCST90201515	passed	""	source	""	0.874802647791485	estimated_from_source_maf	42279	42279	0	0	0	0	42279	0.01	0.5	0.874802647791485	0.0708613123284523	median implied SD=0.875, dispersion=0.071, n=42279	effect_scale_validation.R:v1
GCST90201516	GCST90201516	passed	""	source	""	1.00412815837448	estimated_from_source_maf	19164	19164	0	0	0	0	19164	0.01	0.5	1.00412815837448	0.0588405496870027	median implied SD=1.004, dispersion=0.059, n=19164	effect_scale_validation.R:v1
GCST90201517	GCST90201517	passed	""	source	""	0.940327738519924	estimated_from_source_maf	34059	34059	0	0	0	0	34059	0.01	0.5	0.940327738519924	0.0665162909743938	median implied SD=0.940, dispersion=0.067, n=34059	effect_scale_validation.R:v1
GCST90201518	GCST90201518	passed	""	source	""	0.997210272390357	estimated_from_source_maf	22847	22847	0	0	0	0	22847	0.01	0.5	0.997210272390357	0.0653544018723399	median implied SD=0.997, dispersion=0.065, n=22847	effect_scale_validation.R:v1
GCST90201519	GCST90201519	passed	""	source	""	0.94674893478291	estimated_from_source_maf	172716	172716	0	0	0	0	172716	0.01	0.5	0.94674893478291	0.0655098571948174	median implied SD=0.947, dispersion=0.066, n=172716	effect_scale_validation.R:v1
GCST90201520	GCST90201520	passed	""	source	""	0.824558605343533	estimated_from_source_maf	71104	71104	0	0	0	0	71104	0.01	0.5	0.824558605343533	0.0697225418562903	median implied SD=0.825, dispersion=0.070, n=71104	effect_scale_validation.R:v1
GCST90201521	GCST90201521	passed	""	source	""	0.865525496829159	estimated_from_source_maf	46174	46174	0	0	0	0	46174	0.01	0.5	0.865525496829159	0.0602966028378226	median implied SD=0.866, dispersion=0.060, n=46174	effect_scale_validation.R:v1
GCST90201522	GCST90201522	passed	""	source	""	0.817713159634355	estimated_from_source_maf	27575	27575	0	0	0	0	27575	0.01	0.5	0.817713159634355	0.0703678965690481	median implied SD=0.818, dispersion=0.070, n=27575	effect_scale_validation.R:v1
GCST90201523	GCST90201523	passed	""	source	""	0.844252282522826	estimated_from_source_maf	28811	28811	0	0	0	0	28811	0.01	0.5	0.844252282522826	0.0637807602502839	median implied SD=0.844, dispersion=0.064, n=28811	effect_scale_validation.R:v1
GCST90201524	GCST90201524	passed	""	source	""	0.978560239307904	estimated_from_source_maf	13030	13030	0	0	0	0	13030	0.01	0.5	0.978560239307904	0.0688735778026939	median implied SD=0.979, dispersion=0.069, n=13030	effect_scale_validation.R:v1
GCST90201525	GCST90201525	passed	""	source	""	0.969409257882914	estimated_from_source_maf	12205	12205	0	0	0	0	12205	0.01	0.5	0.969409257882914	0.0635354617492162	median implied SD=0.969, dispersion=0.064, n=12205	effect_scale_validation.R:v1
GCST90201526	GCST90201526	passed	""	source	""	0.938741449121563	estimated_from_source_maf	18741	18741	0	0	0	0	18741	0.01	0.5	0.938741449121563	0.0654408132772532	median implied SD=0.939, dispersion=0.065, n=18741	effect_scale_validation.R:v1
GCST90201527	GCST90201527	passed	""	source	""	0.929632334248324	estimated_from_source_maf	23187	23187	0	0	0	0	23187	0.01	0.5	0.929632334248324	0.0649673330653909	median implied SD=0.930, dispersion=0.065, n=23187	effect_scale_validation.R:v1
GCST90201528	GCST90201528	passed	""	source	""	0.868171870950091	estimated_from_source_maf	19088	19088	0	0	0	0	19088	0.01	0.5	0.868171870950091	0.0661638327720395	median implied SD=0.868, dispersion=0.066, n=19088	effect_scale_validation.R:v1
GCST90201529	GCST90201529	passed	""	source	""	0.903836724050561	estimated_from_source_maf	33220	33220	0	0	0	0	33220	0.01	0.5	0.903836724050561	0.0649614513794717	median implied SD=0.904, dispersion=0.065, n=33220	effect_scale_validation.R:v1
GCST90201530	GCST90201530	passed	""	source	""	0.92841542402643	estimated_from_source_maf	11986	11986	0	0	0	0	11986	0.01	0.5	0.92841542402643	0.0647650132476716	median implied SD=0.928, dispersion=0.065, n=11986	effect_scale_validation.R:v1
GCST90201531	GCST90201531	passed	""	source	""	0.830999872353781	estimated_from_source_maf	44675	44675	0	0	0	0	44675	0.01	0.5	0.830999872353781	0.0768385046159476	median implied SD=0.831, dispersion=0.077, n=44675	effect_scale_validation.R:v1
GCST90201532	GCST90201532	passed	""	source	""	0.956373618169399	estimated_from_source_maf	13378	13378	0	0	0	0	13378	0.01	0.5	0.956373618169399	0.0642032689415926	median implied SD=0.956, dispersion=0.064, n=13378	effect_scale_validation.R:v1
GCST90201533	GCST90201533	passed	""	source	""	0.919920517679061	estimated_from_source_maf	6705	6705	0	0	0	0	6705	0.01	0.5	0.919920517679061	0.0691729238785765	median implied SD=0.920, dispersion=0.069, n=6705	effect_scale_validation.R:v1
GCST90201534	GCST90201534	passed	""	source	""	0.822844760980489	estimated_from_source_maf	18276	18276	0	0	0	0	18276	0.01	0.5	0.822844760980489	0.0648572273524762	median implied SD=0.823, dispersion=0.065, n=18276	effect_scale_validation.R:v1
GCST90201535	GCST90201535	passed	""	source	""	0.929078719626114	estimated_from_source_maf	6747	6747	0	0	0	0	6747	0.01	0.5	0.929078719626114	0.0688964926661818	median implied SD=0.929, dispersion=0.069, n=6747	effect_scale_validation.R:v1
GCST90201536	GCST90201536	passed	""	source	""	0.810261699037491	estimated_from_source_maf	24809	24809	0	0	0	0	24809	0.01	0.5	0.810261699037491	0.0632025533496688	median implied SD=0.810, dispersion=0.063, n=24809	effect_scale_validation.R:v1
GCST90201537	GCST90201537	passed	""	source	""	0.792373494311394	estimated_from_source_maf	9523	9523	0	0	0	0	9523	0.01	0.5	0.792373494311394	0.0684010923372705	median implied SD=0.792, dispersion=0.068, n=9523	effect_scale_validation.R:v1
GCST90201538	GCST90201538	passed	""	source	""	0.867210816969866	estimated_from_source_maf	11654	11654	0	0	0	0	11654	0.01	0.5	0.867210816969866	0.0645484150147588	median implied SD=0.867, dispersion=0.065, n=11654	effect_scale_validation.R:v1
GCST90201539	GCST90201539	passed	""	source	""	0.934688978111754	estimated_from_source_maf	44267	44267	0	0	0	0	44267	0.01	0.5	0.934688978111754	0.0674767231344351	median implied SD=0.935, dispersion=0.067, n=44267	effect_scale_validation.R:v1
GCST90201540	GCST90201540	passed	""	source	""	0.803050339944497	estimated_from_source_maf	18551	18551	0	0	0	0	18551	0.01	0.5	0.803050339944497	0.0609249105231858	median implied SD=0.803, dispersion=0.061, n=18551	effect_scale_validation.R:v1
GCST90201541	GCST90201541	passed	""	source	""	0.935330597813264	estimated_from_source_maf	11746	11746	0	0	0	0	11746	0.01	0.5	0.935330597813264	0.0663709432036089	median implied SD=0.935, dispersion=0.066, n=11746	effect_scale_validation.R:v1
GCST90201542	GCST90201542	passed	""	source	""	0.977788389134468	estimated_from_source_maf	23282	23282	0	0	0	0	23282	0.01	0.5	0.977788389134468	0.0649403382781812	median implied SD=0.978, dispersion=0.065, n=23282	effect_scale_validation.R:v1
GCST90201543	GCST90201543	passed	""	source	""	0.955588502497526	estimated_from_source_maf	18222	18222	0	0	0	0	18222	0.01	0.5	0.955588502497526	0.066074249305503	median implied SD=0.956, dispersion=0.066, n=18222	effect_scale_validation.R:v1
GCST90201544	GCST90201544	passed	""	source	""	0.9036188974728	estimated_from_source_maf	17616	17616	0	0	0	0	17616	0.01	0.5	0.9036188974728	0.0638530186887262	median implied SD=0.904, dispersion=0.064, n=17616	effect_scale_validation.R:v1
GCST90201545	GCST90201545	passed	""	source	""	0.925871756871681	estimated_from_source_maf	42068	42068	0	0	0	0	42068	0.01	0.5	0.925871756871681	0.0585875835000817	median implied SD=0.926, dispersion=0.059, n=42068	effect_scale_validation.R:v1
GCST90201546	GCST90201546	passed	""	source	""	0.908459072060839	estimated_from_source_maf	19237	19237	0	0	0	0	19237	0.01	0.5	0.908459072060839	0.0614076023712828	median implied SD=0.908, dispersion=0.061, n=19237	effect_scale_validation.R:v1
GCST90201547	GCST90201547	passed	""	source	""	0.977882060320841	estimated_from_source_maf	31606	31606	0	0	0	2	31604	0.01	0.5	0.977882060320841	0.0618441091248046	median implied SD=0.978, dispersion=0.062, n=31604	effect_scale_validation.R:v1
GCST90201548	GCST90201548	passed	""	source	""	0.976128084294857	estimated_from_source_maf	17221	17221	0	0	0	0	17221	0.01	0.5	0.976128084294857	0.0645914636619741	median implied SD=0.976, dispersion=0.065, n=17221	effect_scale_validation.R:v1
GCST90201549	GCST90201549	passed	""	source	""	0.97134005989758	estimated_from_source_maf	24513	24513	0	0	0	0	24513	0.01	0.5	0.97134005989758	0.0610869722822059	median implied SD=0.971, dispersion=0.061, n=24513	effect_scale_validation.R:v1
GCST90201550	GCST90201550	passed	""	source	""	0.900072691000492	estimated_from_source_maf	15953	15953	0	0	0	0	15953	0.01	0.5	0.900072691000492	0.063024270153042	median implied SD=0.900, dispersion=0.063, n=15953	effect_scale_validation.R:v1
GCST90201551	GCST90201551	passed	""	source	""	0.910057159869287	estimated_from_source_maf	20235	20235	0	0	0	0	20235	0.01	0.5	0.910057159869287	0.0721393781173252	median implied SD=0.910, dispersion=0.072, n=20235	effect_scale_validation.R:v1
GCST90201552	GCST90201552	passed	""	source	""	0.872831854145849	estimated_from_source_maf	6727	6727	0	0	0	0	6727	0.01	0.5	0.872831854145849	0.0690673929887879	median implied SD=0.873, dispersion=0.069, n=6727	effect_scale_validation.R:v1
GCST90201553	GCST90201553	passed	""	source	""	0.871620589609901	estimated_from_source_maf	35895	35895	0	0	0	0	35895	0.01	0.5	0.871620589609901	0.0600263298576911	median implied SD=0.872, dispersion=0.060, n=35895	effect_scale_validation.R:v1
GCST90201554	GCST90201554	passed	""	source	""	0.911265221994025	estimated_from_source_maf	11559	11559	0	0	0	0	11559	0.01	0.5	0.911265221994025	0.0673333303934332	median implied SD=0.911, dispersion=0.067, n=11559	effect_scale_validation.R:v1
GCST90201555	GCST90201555	passed	""	source	""	0.990935377871797	estimated_from_source_maf	39694	39694	0	0	0	0	39694	0.01	0.5	0.990935377871797	0.0600669031414808	median implied SD=0.991, dispersion=0.060, n=39694	effect_scale_validation.R:v1
GCST90201556	GCST90201556	passed	""	source	""	0.819375870047812	estimated_from_source_maf	43319	43319	0	0	0	0	43319	0.01	0.5	0.819375870047812	0.0628569366260487	median implied SD=0.819, dispersion=0.063, n=43319	effect_scale_validation.R:v1
GCST90201557	GCST90201557	passed	""	source	""	0.867566946128436	estimated_from_source_maf	39356	39356	0	0	0	0	39356	0.01	0.5	0.867566946128436	0.0662853125241992	median implied SD=0.868, dispersion=0.066, n=39356	effect_scale_validation.R:v1
GCST90201558	GCST90201558	passed	""	source	""	0.902065448747457	estimated_from_source_maf	40576	40576	0	0	0	0	40576	0.01	0.5	0.902065448747457	0.0672497219361536	median implied SD=0.902, dispersion=0.067, n=40576	effect_scale_validation.R:v1
GCST90201559	GCST90201559	passed	""	source	""	0.946828175108955	estimated_from_source_maf	36922	36922	0	0	0	0	36922	0.01	0.5	0.946828175108955	0.0740361296896752	median implied SD=0.947, dispersion=0.074, n=36922	effect_scale_validation.R:v1
GCST90201560	GCST90201560	passed	""	source	""	0.95309093991847	estimated_from_source_maf	6751	6751	0	0	0	0	6751	0.01	0.5	0.95309093991847	0.0682998459466463	median implied SD=0.953, dispersion=0.068, n=6751	effect_scale_validation.R:v1
GCST90201561	GCST90201561	passed	""	source	""	0.824968615850035	estimated_from_source_maf	24145	24145	0	0	0	0	24145	0.01	0.5	0.824968615850035	0.0626813740718483	median implied SD=0.825, dispersion=0.063, n=24145	effect_scale_validation.R:v1
GCST90201562	GCST90201562	passed	""	source	""	0.863106720388265	estimated_from_source_maf	47105	47105	0	0	0	0	47105	0.01	0.5	0.863106720388265	0.0679960735747327	median implied SD=0.863, dispersion=0.068, n=47105	effect_scale_validation.R:v1
GCST90201563	GCST90201563	passed	""	source	""	0.882252691625695	estimated_from_source_maf	12795	12795	0	0	0	0	12795	0.01	0.5	0.882252691625695	0.0655480319825809	median implied SD=0.882, dispersion=0.066, n=12795	effect_scale_validation.R:v1
GCST90201564	GCST90201564	passed	""	source	""	0.872709039927239	estimated_from_source_maf	9732	9732	0	0	0	0	9732	0.01	0.5	0.872709039927239	0.063569653841259	median implied SD=0.873, dispersion=0.064, n=9732	effect_scale_validation.R:v1
GCST90201565	GCST90201565	passed	""	source	""	0.891344018492761	estimated_from_source_maf	14301	14301	0	0	0	0	14301	0.01	0.5	0.891344018492761	0.0663901422664035	median implied SD=0.891, dispersion=0.066, n=14301	effect_scale_validation.R:v1
GCST90201566	GCST90201566	passed	""	source	""	0.931046701154606	estimated_from_source_maf	26990	26990	0	0	0	0	26990	0.01	0.5	0.931046701154606	0.0635930077249579	median implied SD=0.931, dispersion=0.064, n=26990	effect_scale_validation.R:v1
GCST90201567	GCST90201567	passed	""	source	""	0.918312300214648	estimated_from_source_maf	23817	23817	0	0	0	0	23817	0.01	0.5	0.918312300214648	0.0610362671597775	median implied SD=0.918, dispersion=0.061, n=23817	effect_scale_validation.R:v1
GCST90201568	GCST90201568	passed	""	source	""	0.819595627794017	estimated_from_source_maf	15495	15495	0	0	0	0	15495	0.01	0.5	0.819595627794017	0.0710294773374198	median implied SD=0.820, dispersion=0.071, n=15495	effect_scale_validation.R:v1
GCST90201569	GCST90201569	passed	""	source	""	0.916985677300788	estimated_from_source_maf	19085	19085	0	0	0	0	19085	0.01	0.5	0.916985677300788	0.0657927782021723	median implied SD=0.917, dispersion=0.066, n=19085	effect_scale_validation.R:v1
GCST90201570	GCST90201570	passed	""	source	""	0.934473208071881	estimated_from_source_maf	6725	6725	0	0	0	0	6725	0.01	0.5	0.934473208071881	0.0684996243728208	median implied SD=0.934, dispersion=0.068, n=6725	effect_scale_validation.R:v1
GCST90201571	GCST90201571	passed	""	source	""	0.794179487485199	estimated_from_source_maf	12758	12758	0	0	0	0	12758	0.01	0.5	0.794179487485199	0.066831628641282	median implied SD=0.794, dispersion=0.067, n=12758	effect_scale_validation.R:v1
GCST90201572	GCST90201572	passed	""	source	""	0.898173662072821	estimated_from_source_maf	52828	52828	0	0	0	0	52828	0.01	0.5	0.898173662072821	0.0618601810048132	median implied SD=0.898, dispersion=0.062, n=52828	effect_scale_validation.R:v1
GCST90201573	GCST90201573	passed	""	source	""	0.900861067429948	estimated_from_source_maf	30610	30610	0	0	0	0	30610	0.01	0.5	0.900861067429948	0.0662461745405166	median implied SD=0.901, dispersion=0.066, n=30610	effect_scale_validation.R:v1
GCST90201574	GCST90201574	passed	""	source	""	0.919614908254484	estimated_from_source_maf	86674	86674	0	0	0	0	86674	0.01	0.5	0.919614908254484	0.0631086217758228	median implied SD=0.920, dispersion=0.063, n=86674	effect_scale_validation.R:v1
GCST90201575	GCST90201575	passed	""	source	""	0.889826337784823	estimated_from_source_maf	8345	8345	0	0	0	0	8345	0.01	0.5	0.889826337784823	0.0658594082794973	median implied SD=0.890, dispersion=0.066, n=8345	effect_scale_validation.R:v1
GCST90201576	GCST90201576	passed	""	source	""	0.979100957424995	estimated_from_source_maf	24589	24589	0	0	0	0	24589	0.01	0.5	0.979100957424995	0.0751039036049051	median implied SD=0.979, dispersion=0.075, n=24589	effect_scale_validation.R:v1
GCST90201577	GCST90201577	passed	""	source	""	0.892732368144697	estimated_from_source_maf	23251	23251	0	0	0	0	23251	0.01	0.5	0.892732368144697	0.0610006979384205	median implied SD=0.893, dispersion=0.061, n=23251	effect_scale_validation.R:v1
GCST90201578	GCST90201578	passed	""	source	""	0.918809622108289	estimated_from_source_maf	73204	73204	0	0	0	0	73204	0.01	0.5	0.918809622108289	0.0764547995742399	median implied SD=0.919, dispersion=0.076, n=73204	effect_scale_validation.R:v1
GCST90201579	GCST90201579	passed	""	source	""	0.983418639343787	estimated_from_source_maf	53536	53536	0	0	0	0	53536	0.01	0.5	0.983418639343787	0.0611182208264929	median implied SD=0.983, dispersion=0.061, n=53536	effect_scale_validation.R:v1
GCST90201580	GCST90201580	passed	""	source	""	0.925020716122613	estimated_from_source_maf	29513	29513	0	0	0	0	29513	0.01	0.5	0.925020716122613	0.0641347839335859	median implied SD=0.925, dispersion=0.064, n=29513	effect_scale_validation.R:v1
GCST90201581	GCST90201581	passed	""	source	""	0.816193819661417	estimated_from_source_maf	11464	11464	0	0	0	0	11464	0.01	0.5	0.816193819661417	0.0619831347925175	median implied SD=0.816, dispersion=0.062, n=11464	effect_scale_validation.R:v1
GCST90201582	GCST90201582	passed	""	source	""	0.873180658522949	estimated_from_source_maf	35322	35322	0	0	0	0	35322	0.01	0.5	0.873180658522949	0.0687661804353038	median implied SD=0.873, dispersion=0.069, n=35322	effect_scale_validation.R:v1
GCST90201583	GCST90201583	passed	""	source	""	0.968557851862244	estimated_from_source_maf	13767	13767	0	0	0	0	13767	0.01	0.5	0.968557851862244	0.0608834938605132	median implied SD=0.969, dispersion=0.061, n=13767	effect_scale_validation.R:v1
GCST90201584	GCST90201584	passed	""	source	""	0.836761809975753	estimated_from_source_maf	42688	42688	0	0	0	0	42688	0.01	0.5	0.836761809975753	0.0632413928702752	median implied SD=0.837, dispersion=0.063, n=42688	effect_scale_validation.R:v1
GCST90201585	GCST90201585	passed	""	source	""	0.926474762759794	estimated_from_source_maf	94770	94770	0	0	0	2	94768	0.01	0.5	0.926474762759794	0.0621906233933652	median implied SD=0.926, dispersion=0.062, n=94768	effect_scale_validation.R:v1
GCST90201586	GCST90201586	passed	""	source	""	0.892044983031919	estimated_from_source_maf	18573	18573	0	0	0	0	18573	0.01	0.5	0.892044983031919	0.066036386452699	median implied SD=0.892, dispersion=0.066, n=18573	effect_scale_validation.R:v1
GCST90201587	GCST90201587	passed	""	source	""	0.990970061711607	estimated_from_source_maf	19804	19804	0	0	0	0	19804	0.01	0.5	0.990970061711607	0.0674178685111293	median implied SD=0.991, dispersion=0.067, n=19804	effect_scale_validation.R:v1
GCST90201588	GCST90201588	passed	""	source	""	0.826581754681282	estimated_from_source_maf	14630	14630	0	0	0	0	14630	0.01	0.5	0.826581754681282	0.0734816199551283	median implied SD=0.827, dispersion=0.073, n=14630	effect_scale_validation.R:v1
GCST90201589	GCST90201589	passed	""	source	""	0.885225763991505	estimated_from_source_maf	6683	6683	0	0	0	0	6683	0.01	0.5	0.885225763991505	0.0681819010809444	median implied SD=0.885, dispersion=0.068, n=6683	effect_scale_validation.R:v1
GCST90201590	GCST90201590	passed	""	source	""	0.93737411304578	estimated_from_source_maf	28956	28956	0	0	0	0	28956	0.01	0.5	0.93737411304578	0.0636992429804725	median implied SD=0.937, dispersion=0.064, n=28956	effect_scale_validation.R:v1
GCST90201591	GCST90201591	passed	""	source	""	0.973708544588001	estimated_from_source_maf	50560	50560	0	0	0	0	50560	0.01	0.5	0.973708544588001	0.0620641801533489	median implied SD=0.974, dispersion=0.062, n=50560	effect_scale_validation.R:v1
GCST90201592	GCST90201592	passed	""	source	""	0.875578705668397	estimated_from_source_maf	27930	27930	0	0	0	1	27929	0.01	0.5	0.875578705668397	0.0610747365010429	median implied SD=0.876, dispersion=0.061, n=27929	effect_scale_validation.R:v1
GCST90201593	GCST90201593	passed	""	source	""	0.93667164715267	estimated_from_source_maf	30613	30613	0	0	0	0	30613	0.01	0.5	0.93667164715267	0.0634637357540881	median implied SD=0.937, dispersion=0.063, n=30613	effect_scale_validation.R:v1
GCST90201594	GCST90201594	passed	""	source	""	0.906695171251386	estimated_from_source_maf	39490	39490	0	0	0	0	39490	0.01	0.5	0.906695171251386	0.0629643685830958	median implied SD=0.907, dispersion=0.063, n=39490	effect_scale_validation.R:v1
GCST90201595	GCST90201595	passed	""	source	""	0.939983751449726	estimated_from_source_maf	49543	49543	0	0	0	0	49543	0.01	0.5	0.939983751449726	0.060298806934048	median implied SD=0.940, dispersion=0.060, n=49543	effect_scale_validation.R:v1
GCST90201596	GCST90201596	passed	""	source	""	0.838818300414406	estimated_from_source_maf	24027	24027	0	0	0	0	24027	0.01	0.5	0.838818300414406	0.0624965808251387	median implied SD=0.839, dispersion=0.062, n=24027	effect_scale_validation.R:v1
GCST90201597	GCST90201597	passed	""	source	""	0.979037376130986	estimated_from_source_maf	13086	13086	0	0	0	0	13086	0.01	0.5	0.979037376130986	0.0674420933125947	median implied SD=0.979, dispersion=0.067, n=13086	effect_scale_validation.R:v1
GCST90201598	GCST90201598	passed	""	source	""	0.977236056630357	estimated_from_source_maf	38884	38884	0	0	0	0	38884	0.01	0.5	0.977236056630357	0.0683513197459982	median implied SD=0.977, dispersion=0.068, n=38884	effect_scale_validation.R:v1
GCST90201599	GCST90201599	passed	""	source	""	0.997501963133736	estimated_from_source_maf	13763	13763	0	0	0	0	13763	0.01	0.5	0.997501963133736	0.0640667213758223	median implied SD=0.998, dispersion=0.064, n=13763	effect_scale_validation.R:v1
GCST90201600	GCST90201600	passed	""	source	""	0.921762050633255	estimated_from_source_maf	28135	28135	0	0	0	0	28135	0.01	0.5	0.921762050633255	0.0620546815274308	median implied SD=0.922, dispersion=0.062, n=28135	effect_scale_validation.R:v1
GCST90201601	GCST90201601	passed	""	source	""	0.94366767354758	estimated_from_source_maf	27601	27601	0	0	0	0	27601	0.01	0.5	0.94366767354758	0.0669343626431835	median implied SD=0.944, dispersion=0.067, n=27601	effect_scale_validation.R:v1
GCST90201602	GCST90201602	passed	""	source	""	0.948152678162608	estimated_from_source_maf	18311	18311	0	0	0	0	18311	0.01	0.5	0.948152678162608	0.0637431464059928	median implied SD=0.948, dispersion=0.064, n=18311	effect_scale_validation.R:v1
GCST90201603	GCST90201603	passed	""	source	""	0.929366255831259	estimated_from_source_maf	20525	20525	0	0	0	0	20525	0.01	0.5	0.929366255831259	0.0581898603197957	median implied SD=0.929, dispersion=0.058, n=20525	effect_scale_validation.R:v1
GCST90201604	GCST90201604	passed	""	source	""	0.971547746787568	estimated_from_source_maf	39373	39373	0	0	0	0	39373	0.01	0.5	0.971547746787568	0.0635077410762588	median implied SD=0.972, dispersion=0.064, n=39373	effect_scale_validation.R:v1
GCST90201605	GCST90201605	passed	""	source	""	0.908281047843295	estimated_from_source_maf	85646	85646	0	0	0	15	85631	0.01	0.5	0.908281047843295	0.061602589229399	median implied SD=0.908, dispersion=0.062, n=85631	effect_scale_validation.R:v1
GCST90201606	GCST90201606	passed	""	source	""	0.935115204371786	estimated_from_source_maf	6976	6976	0	0	0	0	6976	0.01	0.5	0.935115204371786	0.0734282436319118	median implied SD=0.935, dispersion=0.073, n=6976	effect_scale_validation.R:v1
GCST90201607	GCST90201607	passed	""	source	""	0.891485346076078	estimated_from_source_maf	12511	12511	0	0	0	0	12511	0.01	0.5	0.891485346076078	0.0699100345285063	median implied SD=0.891, dispersion=0.070, n=12511	effect_scale_validation.R:v1
GCST90201608	GCST90201608	passed	""	source	""	0.957860106824197	estimated_from_source_maf	17359	17359	0	0	0	0	17359	0.01	0.5	0.957860106824197	0.0656207734982704	median implied SD=0.958, dispersion=0.066, n=17359	effect_scale_validation.R:v1
GCST90201609	GCST90201609	passed	""	source	""	0.951016437678529	estimated_from_source_maf	51875	51875	0	0	0	0	51875	0.01	0.5	0.951016437678529	0.0598330360001275	median implied SD=0.951, dispersion=0.060, n=51875	effect_scale_validation.R:v1
GCST90201610	GCST90201610	passed	""	source	""	0.967471469074644	estimated_from_source_maf	24037	24037	0	0	0	0	24037	0.01	0.5	0.967471469074644	0.0623972621043456	median implied SD=0.967, dispersion=0.062, n=24037	effect_scale_validation.R:v1
GCST90201611	GCST90201611	passed	""	source	""	0.991390699070448	estimated_from_source_maf	7010	7010	0	0	0	0	7010	0.01	0.5	0.991390699070448	0.0726746818011701	median implied SD=0.991, dispersion=0.073, n=7010	effect_scale_validation.R:v1
GCST90201612	GCST90201612	passed	""	source	""	1.00118847618524	estimated_from_source_maf	24206	24206	0	0	0	0	24206	0.01	0.5	1.00118847618524	0.0642224157498011	median implied SD=1.001, dispersion=0.064, n=24206	effect_scale_validation.R:v1
GCST90201613	GCST90201613	passed	""	source	""	0.953311747229731	estimated_from_source_maf	34804	34804	0	0	0	0	34804	0.01	0.5	0.953311747229731	0.0635162468907472	median implied SD=0.953, dispersion=0.064, n=34804	effect_scale_validation.R:v1
GCST90201614	GCST90201614	passed	""	source	""	0.908358430544634	estimated_from_source_maf	29713	29713	0	0	0	0	29713	0.01	0.5	0.908358430544634	0.0656192240434126	median implied SD=0.908, dispersion=0.066, n=29713	effect_scale_validation.R:v1
GCST90201615	GCST90201615	passed	""	source	""	1.00001711899339	estimated_from_source_maf	11681	11681	0	0	0	0	11681	0.01	0.5	1.00001711899339	0.0679492244759235	median implied SD=1.000, dispersion=0.068, n=11681	effect_scale_validation.R:v1
GCST90201616	GCST90201616	passed	""	source	""	0.951211128517697	estimated_from_source_maf	40154	40154	0	0	0	0	40154	0.01	0.5	0.951211128517697	0.0672286247528182	median implied SD=0.951, dispersion=0.067, n=40154	effect_scale_validation.R:v1
GCST90201617	GCST90201617	passed	""	source	""	0.867874225525296	estimated_from_source_maf	18678	18678	0	0	0	0	18678	0.01	0.5	0.867874225525296	0.0646459809077291	median implied SD=0.868, dispersion=0.065, n=18678	effect_scale_validation.R:v1
GCST90201618	GCST90201618	passed	""	source	""	0.980497755938903	estimated_from_source_maf	12946	12946	0	0	0	0	12946	0.01	0.5	0.980497755938903	0.0648498208763879	median implied SD=0.980, dispersion=0.065, n=12946	effect_scale_validation.R:v1
GCST90201619	GCST90201619	passed	""	source	""	0.963250584201212	estimated_from_source_maf	24331	24331	0	0	0	0	24331	0.01	0.5	0.963250584201212	0.0693050615738338	median implied SD=0.963, dispersion=0.069, n=24331	effect_scale_validation.R:v1
GCST90201620	GCST90201620	passed	""	source	""	0.981950146532761	estimated_from_source_maf	109962	109962	0	0	0	1	109961	0.01	0.5	0.981950146532761	0.0648338854546214	median implied SD=0.982, dispersion=0.065, n=109961	effect_scale_validation.R:v1
GCST90201621	GCST90201621	passed	""	source	""	0.999940570004568	estimated_from_source_maf	6756	6756	0	0	0	0	6756	0.01	0.5	0.999940570004568	0.0691035524935387	median implied SD=1.000, dispersion=0.069, n=6756	effect_scale_validation.R:v1
GCST90201622	GCST90201622	passed	""	source	""	0.986592967143912	estimated_from_source_maf	15364	15364	0	0	0	0	15364	0.01	0.5	0.986592967143912	0.0586067147558326	median implied SD=0.987, dispersion=0.059, n=15364	effect_scale_validation.R:v1
GCST90201623	GCST90201623	passed	""	source	""	0.927887965041025	estimated_from_source_maf	12235	12235	0	0	0	0	12235	0.01	0.5	0.927887965041025	0.0659360302582695	median implied SD=0.928, dispersion=0.066, n=12235	effect_scale_validation.R:v1
GCST90201624	GCST90201624	passed	""	source	""	0.97177279091751	estimated_from_source_maf	22786	22786	0	0	0	0	22786	0.01	0.5	0.97177279091751	0.0683775905834582	median implied SD=0.972, dispersion=0.068, n=22786	effect_scale_validation.R:v1
GCST90201625	GCST90201625	passed	""	source	""	0.987139351349502	estimated_from_source_maf	7043	7043	0	0	0	0	7043	0.01	0.5	0.987139351349502	0.0728011863627678	median implied SD=0.987, dispersion=0.073, n=7043	effect_scale_validation.R:v1
GCST90201626	GCST90201626	passed	""	source	""	0.987273471717116	estimated_from_source_maf	35739	35739	0	0	0	2	35737	0.01	0.5	0.987273471717116	0.0657559201950203	median implied SD=0.987, dispersion=0.066, n=35737	effect_scale_validation.R:v1
GCST90201627	GCST90201627	passed	""	source	""	1.01478086767209	estimated_from_source_maf	34103	34103	0	0	0	0	34103	0.01	0.5	1.01478086767209	0.0652511415916317	median implied SD=1.015, dispersion=0.065, n=34103	effect_scale_validation.R:v1
GCST90201628	GCST90201628	passed	""	source	""	0.91230909614464	estimated_from_source_maf	34897	34897	0	0	0	0	34897	0.01	0.5	0.91230909614464	0.0656035818577745	median implied SD=0.912, dispersion=0.066, n=34897	effect_scale_validation.R:v1
GCST90201629	GCST90201629	passed	""	source	""	0.99213109768054	estimated_from_source_maf	17705	17705	0	0	0	3	17702	0.01	0.5	0.99213109768054	0.0670565095820534	median implied SD=0.992, dispersion=0.067, n=17702	effect_scale_validation.R:v1
GCST90201630	GCST90201630	passed	""	source	""	0.923657829257232	estimated_from_source_maf	25039	25039	0	0	0	0	25039	0.01	0.5	0.923657829257232	0.068588504657575	median implied SD=0.924, dispersion=0.069, n=25039	effect_scale_validation.R:v1
GCST90201631	GCST90201631	passed	""	source	""	0.898655890641153	estimated_from_source_maf	6834	6834	0	0	0	0	6834	0.01	0.5	0.898655890641153	0.0700325153376959	median implied SD=0.899, dispersion=0.070, n=6834	effect_scale_validation.R:v1
GCST90201632	GCST90201632	passed	""	source	""	0.903749396916551	estimated_from_source_maf	49424	49424	0	0	0	0	49424	0.01	0.5	0.903749396916551	0.0585788860057874	median implied SD=0.904, dispersion=0.059, n=49424	effect_scale_validation.R:v1
GCST90201633	GCST90201633	passed	""	source	""	0.881067039912122	estimated_from_source_maf	18739	18739	0	0	0	1	18738	0.01	0.5	0.881067039912122	0.0644949960027481	median implied SD=0.881, dispersion=0.064, n=18738	effect_scale_validation.R:v1
GCST90201634	GCST90201634	passed	""	source	""	0.851629798880666	estimated_from_source_maf	23429	23429	0	0	0	0	23429	0.01	0.5	0.851629798880666	0.0648976139177057	median implied SD=0.852, dispersion=0.065, n=23429	effect_scale_validation.R:v1
GCST90201635	GCST90201635	passed	""	source	""	0.930886303256769	estimated_from_source_maf	73101	73101	0	0	0	0	73101	0.01	0.5	0.930886303256769	0.0609735617584632	median implied SD=0.931, dispersion=0.061, n=73101	effect_scale_validation.R:v1
GCST90201636	GCST90201636	passed	""	source	""	0.831404100101976	estimated_from_source_maf	24243	24243	0	0	0	0	24243	0.01	0.5	0.831404100101976	0.0602295299507939	median implied SD=0.831, dispersion=0.060, n=24243	effect_scale_validation.R:v1
GCST90201637	GCST90201637	passed	""	source	""	0.880025821702392	estimated_from_source_maf	13140	13140	0	0	0	0	13140	0.01	0.5	0.880025821702392	0.0709857299788788	median implied SD=0.880, dispersion=0.071, n=13140	effect_scale_validation.R:v1
GCST90201638	GCST90201638	passed	""	source	""	0.903778004131856	estimated_from_source_maf	6824	6824	0	0	0	0	6824	0.01	0.5	0.903778004131856	0.0712999204867056	median implied SD=0.904, dispersion=0.071, n=6824	effect_scale_validation.R:v1
GCST90201639	GCST90201639	passed	""	source	""	0.837442343010989	estimated_from_source_maf	27970	27970	0	0	0	0	27970	0.01	0.5	0.837442343010989	0.0767228704589492	median implied SD=0.837, dispersion=0.077, n=27970	effect_scale_validation.R:v1
GCST90201640	GCST90201640	passed	""	source	""	0.953036625881742	estimated_from_source_maf	36099	36099	0	0	0	0	36099	0.01	0.5	0.953036625881742	0.0692929481951661	median implied SD=0.953, dispersion=0.069, n=36099	effect_scale_validation.R:v1
GCST90201641	GCST90201641	passed	""	source	""	0.867806920707241	estimated_from_source_maf	25290	25290	0	0	0	0	25290	0.01	0.5	0.867806920707241	0.0667365735317505	median implied SD=0.868, dispersion=0.067, n=25290	effect_scale_validation.R:v1
GCST90201642	GCST90201642	passed	""	source	""	0.842244685379997	estimated_from_source_maf	11508	11508	0	0	0	0	11508	0.01	0.5	0.842244685379997	0.0694523670121069	median implied SD=0.842, dispersion=0.069, n=11508	effect_scale_validation.R:v1
GCST90201643	GCST90201643	passed	""	source	""	0.733875133914154	estimated_from_source_maf	11612	11612	0	0	0	0	11612	0.01	0.5	0.733875133914154	0.0648193227851894	median implied SD=0.734, dispersion=0.065, n=11612	effect_scale_validation.R:v1
GCST90201644	GCST90201644	passed	""	source	""	0.93161313252139	estimated_from_source_maf	36102	36102	0	0	0	0	36102	0.01	0.5	0.93161313252139	0.0647903480108792	median implied SD=0.932, dispersion=0.065, n=36102	effect_scale_validation.R:v1
GCST90201645	GCST90201645	passed	""	source	""	0.800977515377645	estimated_from_source_maf	36374	36374	0	0	0	0	36374	0.01	0.5	0.800977515377645	0.0641248055476904	median implied SD=0.801, dispersion=0.064, n=36374	effect_scale_validation.R:v1
GCST90201646	GCST90201646	passed	""	source	""	0.964426276121685	estimated_from_source_maf	13392	13392	0	0	0	0	13392	0.01	0.5	0.964426276121685	0.0640921408741032	median implied SD=0.964, dispersion=0.064, n=13392	effect_scale_validation.R:v1
GCST90201647	GCST90201647	passed	""	source	""	0.871566335185456	estimated_from_source_maf	37074	37074	0	0	0	0	37074	0.01	0.5	0.871566335185456	0.0629872691785362	median implied SD=0.872, dispersion=0.063, n=37074	effect_scale_validation.R:v1
GCST90201648	GCST90201648	passed	""	source	""	0.924571995208462	estimated_from_source_maf	28987	28987	0	0	0	0	28987	0.01	0.5	0.924571995208462	0.0672522830018725	median implied SD=0.925, dispersion=0.067, n=28987	effect_scale_validation.R:v1
GCST90201649	GCST90201649	passed	""	source	""	0.898702239868278	estimated_from_source_maf	42302	42302	0	0	0	0	42302	0.01	0.5	0.898702239868278	0.0639449906849197	median implied SD=0.899, dispersion=0.064, n=42302	effect_scale_validation.R:v1
GCST90201650	GCST90201650	passed	""	source	""	0.856391176010941	estimated_from_source_maf	6718	6718	0	0	0	0	6718	0.01	0.5	0.856391176010941	0.069163723006912	median implied SD=0.856, dispersion=0.069, n=6718	effect_scale_validation.R:v1
GCST90201651	GCST90201651	passed	""	source	""	0.887981844019575	estimated_from_source_maf	9034	9034	0	0	0	0	9034	0.01	0.5	0.887981844019575	0.065478895581759	median implied SD=0.888, dispersion=0.065, n=9034	effect_scale_validation.R:v1
GCST90201652	GCST90201652	passed	""	source	""	0.937719260841663	estimated_from_source_maf	10963	10963	0	0	0	0	10963	0.01	0.5	0.937719260841663	0.0702923168401978	median implied SD=0.938, dispersion=0.070, n=10963	effect_scale_validation.R:v1
GCST90201653	GCST90201653	passed	""	source	""	0.826979547575429	estimated_from_source_maf	12908	12908	0	0	0	0	12908	0.01	0.5	0.826979547575429	0.0673323015920047	median implied SD=0.827, dispersion=0.067, n=12908	effect_scale_validation.R:v1
GCST90201654	GCST90201654	passed	""	source	""	0.93014628350752	estimated_from_source_maf	79837	79837	0	0	0	0	79837	0.01	0.5	0.93014628350752	0.0795699497498803	median implied SD=0.930, dispersion=0.080, n=79837	effect_scale_validation.R:v1
GCST90201655	GCST90201655	passed	""	source	""	0.925363520371649	estimated_from_source_maf	54318	54318	0	0	0	0	54318	0.01	0.5	0.925363520371649	0.0663592676085139	median implied SD=0.925, dispersion=0.066, n=54318	effect_scale_validation.R:v1
GCST90201656	GCST90201656	passed	""	source	""	0.99266695880857	estimated_from_source_maf	17592	17592	0	0	0	0	17592	0.01	0.5	0.99266695880857	0.066066878470945	median implied SD=0.993, dispersion=0.066, n=17592	effect_scale_validation.R:v1
GCST90201657	GCST90201657	passed	""	source	""	0.90877042033371	estimated_from_source_maf	10937	10937	0	0	0	0	10937	0.01	0.5	0.90877042033371	0.0665740182937191	median implied SD=0.909, dispersion=0.067, n=10937	effect_scale_validation.R:v1
GCST90201658	GCST90201658	passed	""	source	""	0.983202701207096	estimated_from_source_maf	11538	11538	0	0	0	0	11538	0.01	0.5	0.983202701207096	0.0629947594419216	median implied SD=0.983, dispersion=0.063, n=11538	effect_scale_validation.R:v1
GCST90201659	GCST90201659	passed	""	source	""	0.910607532159789	estimated_from_source_maf	12149	12149	0	0	0	0	12149	0.01	0.5	0.910607532159789	0.0630361190874022	median implied SD=0.911, dispersion=0.063, n=12149	effect_scale_validation.R:v1
GCST90201660	GCST90201660	passed	""	source	""	0.911769725432596	estimated_from_source_maf	30117	30117	0	0	0	0	30117	0.01	0.5	0.911769725432596	0.0631464587762781	median implied SD=0.912, dispersion=0.063, n=30117	effect_scale_validation.R:v1
GCST90201661	GCST90201661	passed	""	source	""	0.900976636882561	estimated_from_source_maf	6786	6786	0	0	0	0	6786	0.01	0.5	0.900976636882561	0.0708347712883816	median implied SD=0.901, dispersion=0.071, n=6786	effect_scale_validation.R:v1
GCST90201662	GCST90201662	passed	""	source	""	0.940668061928095	estimated_from_source_maf	29250	29250	0	0	0	0	29250	0.01	0.5	0.940668061928095	0.0655466307633434	median implied SD=0.941, dispersion=0.066, n=29250	effect_scale_validation.R:v1
GCST90201663	GCST90201663	passed	""	source	""	0.973523775819035	estimated_from_source_maf	58017	58017	0	0	0	0	58017	0.01	0.5	0.973523775819035	0.0596814731885928	median implied SD=0.974, dispersion=0.060, n=58017	effect_scale_validation.R:v1
GCST90201664	GCST90201664	passed	""	source	""	0.929215503413017	estimated_from_source_maf	11430	11430	0	0	0	0	11430	0.01	0.5	0.929215503413017	0.0676227294112663	median implied SD=0.929, dispersion=0.068, n=11430	effect_scale_validation.R:v1
GCST90201665	GCST90201665	passed	""	source	""	0.814549282253218	estimated_from_source_maf	33458	33458	0	0	0	0	33458	0.01	0.5	0.814549282253218	0.0639769995116362	median implied SD=0.815, dispersion=0.064, n=33458	effect_scale_validation.R:v1
GCST90201666	GCST90201666	passed	""	source	""	0.996909006781067	estimated_from_source_maf	43472	43472	0	0	0	0	43472	0.01	0.5	0.996909006781067	0.0631359463303217	median implied SD=0.997, dispersion=0.063, n=43472	effect_scale_validation.R:v1
GCST90201667	GCST90201667	passed	""	source	""	0.889394551863015	estimated_from_source_maf	39690	39690	0	0	0	0	39690	0.01	0.5	0.889394551863015	0.063706928149353	median implied SD=0.889, dispersion=0.064, n=39690	effect_scale_validation.R:v1
GCST90201668	GCST90201668	passed	""	source	""	0.915050313590743	estimated_from_source_maf	17997	17997	0	0	0	0	17997	0.01	0.5	0.915050313590743	0.0645024173089272	median implied SD=0.915, dispersion=0.065, n=17997	effect_scale_validation.R:v1
GCST90201669	GCST90201669	passed	""	source	""	0.879586647312323	estimated_from_source_maf	18436	18436	0	0	0	0	18436	0.01	0.5	0.879586647312323	0.0646923190660167	median implied SD=0.880, dispersion=0.065, n=18436	effect_scale_validation.R:v1
GCST90201670	GCST90201670	passed	""	source	""	1.00853164884474	estimated_from_source_maf	12566	12566	0	0	0	0	12566	0.01	0.5	1.00853164884474	0.0612487784048868	median implied SD=1.009, dispersion=0.061, n=12566	effect_scale_validation.R:v1
GCST90201671	GCST90201671	passed	""	source	""	0.826764831795328	estimated_from_source_maf	67201	67201	0	0	0	0	67201	0.01	0.5	0.826764831795328	0.0636166010863615	median implied SD=0.827, dispersion=0.064, n=67201	effect_scale_validation.R:v1
GCST90201672	GCST90201672	passed	""	source	""	0.941784969141296	estimated_from_source_maf	21369	21369	0	0	0	0	21369	0.01	0.5	0.941784969141296	0.0626886740294424	median implied SD=0.942, dispersion=0.063, n=21369	effect_scale_validation.R:v1
GCST90201673	GCST90201673	passed	""	source	""	0.8725766648219	estimated_from_source_maf	30295	30295	0	0	0	0	30295	0.01	0.5	0.8725766648219	0.0642619035638115	median implied SD=0.873, dispersion=0.064, n=30295	effect_scale_validation.R:v1
GCST90201674	GCST90201674	passed	""	source	""	0.97639267959931	estimated_from_source_maf	34770	34770	0	0	0	0	34770	0.01	0.5	0.97639267959931	0.0661049148200509	median implied SD=0.976, dispersion=0.066, n=34770	effect_scale_validation.R:v1
GCST90201675	GCST90201675	passed	""	source	""	0.951988440976602	estimated_from_source_maf	6715	6715	0	0	0	0	6715	0.01	0.5	0.951988440976602	0.0681332663247174	median implied SD=0.952, dispersion=0.068, n=6715	effect_scale_validation.R:v1
GCST90201676	GCST90201676	passed	""	source	""	0.852782014440922	estimated_from_source_maf	6849	6849	0	0	0	0	6849	0.01	0.5	0.852782014440922	0.0685661479961552	median implied SD=0.853, dispersion=0.069, n=6849	effect_scale_validation.R:v1
GCST90201677	GCST90201677	passed	""	source	""	0.957574490182969	estimated_from_source_maf	21952	21952	0	0	0	0	21952	0.01	0.5	0.957574490182969	0.0639423458658718	median implied SD=0.958, dispersion=0.064, n=21952	effect_scale_validation.R:v1
GCST90201678	GCST90201678	passed	""	source	""	0.934671262940883	estimated_from_source_maf	6736	6736	0	0	0	0	6736	0.01	0.5	0.934671262940883	0.0679620150290131	median implied SD=0.935, dispersion=0.068, n=6736	effect_scale_validation.R:v1
GCST90201679	GCST90201679	passed	""	source	""	0.862761316467219	estimated_from_source_maf	12650	12650	0	0	0	0	12650	0.01	0.5	0.862761316467219	0.065351122637898	median implied SD=0.863, dispersion=0.065, n=12650	effect_scale_validation.R:v1
GCST90201680	GCST90201680	passed	""	source	""	0.938721973663535	estimated_from_source_maf	24564	24564	0	0	0	0	24564	0.01	0.5	0.938721973663535	0.0640933295032871	median implied SD=0.939, dispersion=0.064, n=24564	effect_scale_validation.R:v1
GCST90201681	GCST90201681	passed	""	source	""	0.859826764666105	estimated_from_source_maf	6718	6718	0	0	0	0	6718	0.01	0.5	0.859826764666105	0.0687081839110852	median implied SD=0.860, dispersion=0.069, n=6718	effect_scale_validation.R:v1
GCST90201682	GCST90201682	passed	""	source	""	0.94136429665714	estimated_from_source_maf	6719	6719	0	0	0	0	6719	0.01	0.5	0.94136429665714	0.0692637782923637	median implied SD=0.941, dispersion=0.069, n=6719	effect_scale_validation.R:v1
GCST90201683	GCST90201683	passed	""	source	""	0.953795422509214	estimated_from_source_maf	6716	6716	0	0	0	0	6716	0.01	0.5	0.953795422509214	0.0679329973539193	median implied SD=0.954, dispersion=0.068, n=6716	effect_scale_validation.R:v1
GCST90201684	GCST90201684	passed	""	source	""	0.979209656821749	estimated_from_source_maf	22641	22641	0	0	0	0	22641	0.01	0.5	0.979209656821749	0.0678537194330941	median implied SD=0.979, dispersion=0.068, n=22641	effect_scale_validation.R:v1
GCST90201685	GCST90201685	passed	""	source	""	0.880041325832552	estimated_from_source_maf	18169	18169	0	0	0	0	18169	0.01	0.5	0.880041325832552	0.0637349569536394	median implied SD=0.880, dispersion=0.064, n=18169	effect_scale_validation.R:v1
GCST90201686	GCST90201686	passed	""	source	""	0.898800684580527	estimated_from_source_maf	12733	12733	0	0	0	0	12733	0.01	0.5	0.898800684580527	0.0645183543302081	median implied SD=0.899, dispersion=0.065, n=12733	effect_scale_validation.R:v1
GCST90201687	GCST90201687	passed	""	source	""	0.908157889497488	estimated_from_source_maf	18998	18998	0	0	0	0	18998	0.01	0.5	0.908157889497488	0.0677411006543758	median implied SD=0.908, dispersion=0.068, n=18998	effect_scale_validation.R:v1
GCST90201688	GCST90201688	passed	""	source	""	0.953836474145963	estimated_from_source_maf	43956	43956	0	0	0	3	43953	0.01	0.5	0.953836474145963	0.0619611631890027	median implied SD=0.954, dispersion=0.062, n=43953	effect_scale_validation.R:v1
GCST90201689	GCST90201689	passed	""	source	""	0.952653103697995	estimated_from_source_maf	20630	20630	0	0	0	0	20630	0.01	0.5	0.952653103697995	0.0556372993801922	median implied SD=0.953, dispersion=0.056, n=20630	effect_scale_validation.R:v1
GCST90201690	GCST90201690	passed	""	source	""	0.980977420599947	estimated_from_source_maf	17510	17510	0	0	0	1	17509	0.01	0.5	0.980977420599947	0.0652311254737823	median implied SD=0.981, dispersion=0.065, n=17509	effect_scale_validation.R:v1
GCST90201691	GCST90201691	passed	""	source	""	0.94057382880819	estimated_from_source_maf	19373	19373	0	0	0	0	19373	0.01	0.5	0.94057382880819	0.0641899725733776	median implied SD=0.941, dispersion=0.064, n=19373	effect_scale_validation.R:v1
GCST90201692	GCST90201692	passed	""	source	""	0.854891745440006	estimated_from_source_maf	24297	24297	0	0	0	1	24296	0.01	0.5	0.854891745440006	0.0644727707778808	median implied SD=0.855, dispersion=0.064, n=24296	effect_scale_validation.R:v1
GCST90201693	GCST90201693	passed	""	source	""	0.874168133385171	estimated_from_source_maf	13599	13599	0	0	0	0	13599	0.01	0.5	0.874168133385171	0.0638179022491094	median implied SD=0.874, dispersion=0.064, n=13599	effect_scale_validation.R:v1
GCST90201694	GCST90201694	passed	""	source	""	0.872657099154853	estimated_from_source_maf	6734	6734	0	0	0	0	6734	0.01	0.5	0.872657099154853	0.0683678857901505	median implied SD=0.873, dispersion=0.068, n=6734	effect_scale_validation.R:v1
GCST90201695	GCST90201695	passed	""	source	""	0.867847062147708	estimated_from_source_maf	6748	6748	0	0	0	0	6748	0.01	0.5	0.867847062147708	0.0691854147440508	median implied SD=0.868, dispersion=0.069, n=6748	effect_scale_validation.R:v1
GCST90201696	GCST90201696	passed	""	source	""	0.891994159636631	estimated_from_source_maf	32368	32368	0	0	0	0	32368	0.01	0.5	0.891994159636631	0.0622783894299665	median implied SD=0.892, dispersion=0.062, n=32368	effect_scale_validation.R:v1
GCST90201697	GCST90201697	passed	""	source	""	0.883842117738784	estimated_from_source_maf	117832	117832	0	0	0	0	117832	0.01	0.5	0.883842117738784	0.0611680234920363	median implied SD=0.884, dispersion=0.061, n=117832	effect_scale_validation.R:v1
GCST90201698	GCST90201698	passed	""	source	""	0.925783743745799	estimated_from_source_maf	40087	40087	0	0	0	0	40087	0.01	0.5	0.925783743745799	0.0614359880767329	median implied SD=0.926, dispersion=0.061, n=40087	effect_scale_validation.R:v1
GCST90201699	GCST90201699	passed	""	source	""	0.977476023471018	estimated_from_source_maf	39239	39239	0	0	0	0	39239	0.01	0.5	0.977476023471018	0.0579542094220597	median implied SD=0.977, dispersion=0.058, n=39239	effect_scale_validation.R:v1
GCST90201700	GCST90201700	passed	""	source	""	0.938968268970143	estimated_from_source_maf	10469	10469	0	0	0	0	10469	0.01	0.5	0.938968268970143	0.0667266931191276	median implied SD=0.939, dispersion=0.067, n=10469	effect_scale_validation.R:v1
GCST90201701	GCST90201701	passed	""	source	""	0.910659099184013	estimated_from_source_maf	15468	15468	0	0	0	0	15468	0.01	0.5	0.910659099184013	0.0699546542096861	median implied SD=0.911, dispersion=0.070, n=15468	effect_scale_validation.R:v1
GCST90201702	GCST90201702	passed	""	source	""	0.830929655238231	estimated_from_source_maf	14376	14376	0	0	0	0	14376	0.01	0.5	0.830929655238231	0.0694704920361911	median implied SD=0.831, dispersion=0.069, n=14376	effect_scale_validation.R:v1
GCST90201703	GCST90201703	passed	""	source	""	0.831165607820606	estimated_from_source_maf	6764	6764	0	0	0	0	6764	0.01	0.5	0.831165607820606	0.0675819110432481	median implied SD=0.831, dispersion=0.068, n=6764	effect_scale_validation.R:v1
GCST90201704	GCST90201704	passed	""	source	""	0.924212955261952	estimated_from_source_maf	47138	47138	0	0	0	1	47137	0.01	0.5	0.924212955261952	0.065181053478617	median implied SD=0.924, dispersion=0.065, n=47137	effect_scale_validation.R:v1
GCST90201705	GCST90201705	passed	""	source	""	0.801615712962188	estimated_from_source_maf	72261	72261	0	0	0	2	72259	0.01	0.5	0.801615712962188	0.0607897975538719	median implied SD=0.802, dispersion=0.061, n=72259	effect_scale_validation.R:v1
GCST90201706	GCST90201706	passed	""	source	""	0.964359624922711	estimated_from_source_maf	110038	110038	0	0	0	1	110037	0.01	0.5	0.964359624922711	0.0590599584283303	median implied SD=0.964, dispersion=0.059, n=110037	effect_scale_validation.R:v1
GCST90201707	GCST90201707	passed	""	source	""	0.927227893936264	estimated_from_source_maf	16057	16057	0	0	0	0	16057	0.01	0.5	0.927227893936264	0.0623909071360435	median implied SD=0.927, dispersion=0.062, n=16057	effect_scale_validation.R:v1
GCST90201708	GCST90201708	passed	""	source	""	0.935404536498601	estimated_from_source_maf	22532	22532	0	0	0	0	22532	0.01	0.5	0.935404536498601	0.0605137024141902	median implied SD=0.935, dispersion=0.061, n=22532	effect_scale_validation.R:v1
GCST90201709	GCST90201709	passed	""	source	""	0.894815712973705	estimated_from_source_maf	6733	6733	0	0	0	0	6733	0.01	0.5	0.894815712973705	0.0685417357793601	median implied SD=0.895, dispersion=0.069, n=6733	effect_scale_validation.R:v1
GCST90201710	GCST90201710	passed	""	source	""	0.981753803728301	estimated_from_source_maf	11625	11625	0	0	0	0	11625	0.01	0.5	0.981753803728301	0.0681489539445594	median implied SD=0.982, dispersion=0.068, n=11625	effect_scale_validation.R:v1
GCST90201711	GCST90201711	passed	""	source	""	0.96270381620367	estimated_from_source_maf	45995	45995	0	0	0	0	45995	0.01	0.5	0.96270381620367	0.066699321093635	median implied SD=0.963, dispersion=0.067, n=45995	effect_scale_validation.R:v1
GCST90201712	GCST90201712	passed	""	source	""	0.964374143110497	estimated_from_source_maf	58581	58581	0	0	0	0	58581	0.01	0.5	0.964374143110497	0.0606642188403021	median implied SD=0.964, dispersion=0.061, n=58581	effect_scale_validation.R:v1
GCST90201713	GCST90201713	passed	""	source	""	0.946599159175315	estimated_from_source_maf	19804	19804	0	0	0	0	19804	0.01	0.5	0.946599159175315	0.0643144129025609	median implied SD=0.947, dispersion=0.064, n=19804	effect_scale_validation.R:v1
GCST90201714	GCST90201714	passed	""	source	""	0.907558275430213	estimated_from_source_maf	20417	20417	0	0	0	0	20417	0.01	0.5	0.907558275430213	0.0622650177365967	median implied SD=0.908, dispersion=0.062, n=20417	effect_scale_validation.R:v1
GCST90201715	GCST90201715	passed	""	source	""	0.83834390579923	estimated_from_source_maf	6718	6718	0	0	0	0	6718	0.01	0.5	0.83834390579923	0.0680746168090498	median implied SD=0.838, dispersion=0.068, n=6718	effect_scale_validation.R:v1
GCST90201716	GCST90201716	passed	""	source	""	0.929852689811564	estimated_from_source_maf	46511	46511	0	0	0	0	46511	0.01	0.5	0.929852689811564	0.0614175312399251	median implied SD=0.930, dispersion=0.061, n=46511	effect_scale_validation.R:v1
GCST90201717	GCST90201717	passed	""	source	""	0.911201295770915	estimated_from_source_maf	12246	12246	0	0	0	0	12246	0.01	0.5	0.911201295770915	0.0661396016607523	median implied SD=0.911, dispersion=0.066, n=12246	effect_scale_validation.R:v1
GCST90201718	GCST90201718	passed	""	source	""	0.925918361698451	estimated_from_source_maf	23353	23353	0	0	0	0	23353	0.01	0.5	0.925918361698451	0.0632107472318003	median implied SD=0.926, dispersion=0.063, n=23353	effect_scale_validation.R:v1
GCST90201719	GCST90201719	passed	""	source	""	0.925062654170634	estimated_from_source_maf	52072	52072	0	0	0	0	52072	0.01	0.5	0.925062654170634	0.0693894531195357	median implied SD=0.925, dispersion=0.069, n=52072	effect_scale_validation.R:v1
GCST90201720	GCST90201720	passed	""	source	""	0.867756890899714	estimated_from_source_maf	17035	17035	0	0	0	0	17035	0.01	0.5	0.867756890899714	0.0630959108162535	median implied SD=0.868, dispersion=0.063, n=17035	effect_scale_validation.R:v1
GCST90201721	GCST90201721	passed	""	source	""	0.948826324393688	estimated_from_source_maf	25326	25326	0	0	0	0	25326	0.01	0.5	0.948826324393688	0.0609093718893439	median implied SD=0.949, dispersion=0.061, n=25326	effect_scale_validation.R:v1
GCST90201722	GCST90201722	passed	""	source	""	0.783224345024757	estimated_from_source_maf	6713	6713	0	0	0	0	6713	0.01	0.5	0.783224345024757	0.0683970558225822	median implied SD=0.783, dispersion=0.068, n=6713	effect_scale_validation.R:v1
GCST90201723	GCST90201723	passed	""	source	""	0.955417142964821	estimated_from_source_maf	14102	14102	0	0	0	0	14102	0.01	0.5	0.955417142964821	0.0645508372486757	median implied SD=0.955, dispersion=0.065, n=14102	effect_scale_validation.R:v1
GCST90201724	GCST90201724	passed	""	source	""	0.840519403918017	estimated_from_source_maf	11710	11710	0	0	0	0	11710	0.01	0.5	0.840519403918017	0.0656059279026921	median implied SD=0.841, dispersion=0.066, n=11710	effect_scale_validation.R:v1
GCST90201725	GCST90201725	passed	""	source	""	0.925500655710313	estimated_from_source_maf	61412	61412	0	0	0	0	61412	0.01	0.5	0.925500655710313	0.0576580637066225	median implied SD=0.926, dispersion=0.058, n=61412	effect_scale_validation.R:v1
GCST90201726	GCST90201726	passed	""	source	""	0.937882927975503	estimated_from_source_maf	27462	27462	0	0	0	0	27462	0.01	0.5	0.937882927975503	0.0640499030197497	median implied SD=0.938, dispersion=0.064, n=27462	effect_scale_validation.R:v1
GCST90201727	GCST90201727	passed	""	source	""	0.979471574334483	estimated_from_source_maf	23141	23141	0	0	0	0	23141	0.01	0.5	0.979471574334483	0.0712460263785431	median implied SD=0.979, dispersion=0.071, n=23141	effect_scale_validation.R:v1
GCST90201728	GCST90201728	passed	""	source	""	0.9267166562516	estimated_from_source_maf	11983	11983	0	0	0	0	11983	0.01	0.5	0.9267166562516	0.0639628461854469	median implied SD=0.927, dispersion=0.064, n=11983	effect_scale_validation.R:v1
GCST90201729	GCST90201729	passed	""	source	""	0.837171815004877	estimated_from_source_maf	38130	38130	0	0	0	0	38130	0.01	0.5	0.837171815004877	0.0605067784857004	median implied SD=0.837, dispersion=0.061, n=38130	effect_scale_validation.R:v1
GCST90201730	GCST90201730	passed	""	source	""	0.880625763482002	estimated_from_source_maf	13100	13100	0	0	0	0	13100	0.01	0.5	0.880625763482002	0.0618202752463465	median implied SD=0.881, dispersion=0.062, n=13100	effect_scale_validation.R:v1
GCST90201731	GCST90201731	passed	""	source	""	0.941358618954811	estimated_from_source_maf	6721	6721	0	0	0	0	6721	0.01	0.5	0.941358618954811	0.0689510965406471	median implied SD=0.941, dispersion=0.069, n=6721	effect_scale_validation.R:v1
GCST90201732	GCST90201732	passed	""	source	""	0.887523966848359	estimated_from_source_maf	29138	29138	0	0	0	0	29138	0.01	0.5	0.887523966848359	0.0633031365810691	median implied SD=0.888, dispersion=0.063, n=29138	effect_scale_validation.R:v1
GCST90201733	GCST90201733	passed	""	source	""	1.00430512811334	estimated_from_source_maf	26791	26791	0	0	0	0	26791	0.01	0.5	1.00430512811334	0.0682370958215454	median implied SD=1.004, dispersion=0.068, n=26791	effect_scale_validation.R:v1
GCST90201734	GCST90201734	passed	""	source	""	0.908725975239576	estimated_from_source_maf	11163	11163	0	0	0	0	11163	0.01	0.5	0.908725975239576	0.0707780626035357	median implied SD=0.909, dispersion=0.071, n=11163	effect_scale_validation.R:v1
GCST90201735	GCST90201735	passed	""	source	""	0.836677870299286	estimated_from_source_maf	17708	17708	0	0	0	0	17708	0.01	0.5	0.836677870299286	0.0635308400219319	median implied SD=0.837, dispersion=0.064, n=17708	effect_scale_validation.R:v1
GCST90201736	GCST90201736	passed	""	source	""	0.867622376926541	estimated_from_source_maf	27095	27095	0	0	0	0	27095	0.01	0.5	0.867622376926541	0.0678266337342732	median implied SD=0.868, dispersion=0.068, n=27095	effect_scale_validation.R:v1
GCST90201737	GCST90201737	passed	""	source	""	0.865747489555403	estimated_from_source_maf	14391	14391	0	0	0	0	14391	0.01	0.5	0.865747489555403	0.0656932439642761	median implied SD=0.866, dispersion=0.066, n=14391	effect_scale_validation.R:v1
GCST90201738	GCST90201738	passed	""	source	""	0.919554655111405	estimated_from_source_maf	18373	18373	0	0	0	0	18373	0.01	0.5	0.919554655111405	0.0654680849168833	median implied SD=0.920, dispersion=0.065, n=18373	effect_scale_validation.R:v1
GCST90201739	GCST90201739	passed	""	source	""	0.911262023478209	estimated_from_source_maf	17665	17665	0	0	0	0	17665	0.01	0.5	0.911262023478209	0.067093475486865	median implied SD=0.911, dispersion=0.067, n=17665	effect_scale_validation.R:v1
GCST90201740	GCST90201740	passed	""	source	""	0.862825145967724	estimated_from_source_maf	24717	24717	0	0	0	0	24717	0.01	0.5	0.862825145967724	0.0651968062118942	median implied SD=0.863, dispersion=0.065, n=24717	effect_scale_validation.R:v1
GCST90201741	GCST90201741	passed	""	source	""	0.852700307438538	estimated_from_source_maf	11494	11494	0	0	0	0	11494	0.01	0.5	0.852700307438538	0.0644332906895611	median implied SD=0.853, dispersion=0.064, n=11494	effect_scale_validation.R:v1
GCST90201742	GCST90201742	passed	""	source	""	0.97605053349776	estimated_from_source_maf	18658	18658	0	0	0	0	18658	0.01	0.5	0.97605053349776	0.0627135523137897	median implied SD=0.976, dispersion=0.063, n=18658	effect_scale_validation.R:v1
GCST90201743	GCST90201743	passed	""	source	""	0.977470246755007	estimated_from_source_maf	12453	12453	0	0	0	0	12453	0.01	0.5	0.977470246755007	0.0662712404357074	median implied SD=0.977, dispersion=0.066, n=12453	effect_scale_validation.R:v1
GCST90201744	GCST90201744	passed	""	source	""	0.917843078874895	estimated_from_source_maf	28452	28452	0	0	0	0	28452	0.01	0.5	0.917843078874895	0.0657448723384657	median implied SD=0.918, dispersion=0.066, n=28452	effect_scale_validation.R:v1
GCST90201745	GCST90201745	passed	""	source	""	0.934150881182324	estimated_from_source_maf	6727	6727	0	0	0	0	6727	0.01	0.5	0.934150881182324	0.0688762053852895	median implied SD=0.934, dispersion=0.069, n=6727	effect_scale_validation.R:v1
GCST90201746	GCST90201746	passed	""	source	""	0.960606125224247	estimated_from_source_maf	51857	51857	0	0	0	0	51857	0.01	0.5	0.960606125224247	0.0628674554300694	median implied SD=0.961, dispersion=0.063, n=51857	effect_scale_validation.R:v1
GCST90201747	GCST90201747	passed	""	source	""	0.909757296394879	estimated_from_source_maf	23977	23977	0	0	0	0	23977	0.01	0.5	0.909757296394879	0.063759030909153	median implied SD=0.910, dispersion=0.064, n=23977	effect_scale_validation.R:v1
GCST90201748	GCST90201748	passed	""	source	""	0.963045296187733	estimated_from_source_maf	16136	16136	0	0	0	0	16136	0.01	0.5	0.963045296187733	0.0693685120996897	median implied SD=0.963, dispersion=0.069, n=16136	effect_scale_validation.R:v1
GCST90201749	GCST90201749	passed	""	source	""	0.805258024425255	estimated_from_source_maf	94913	94913	0	0	0	0	94913	0.01	0.5	0.805258024425255	0.0727568919934328	median implied SD=0.805, dispersion=0.073, n=94913	effect_scale_validation.R:v1
GCST90201750	GCST90201750	passed	""	source	""	0.916964611262712	estimated_from_source_maf	31148	31148	0	0	0	0	31148	0.01	0.5	0.916964611262712	0.0613461108202615	median implied SD=0.917, dispersion=0.061, n=31148	effect_scale_validation.R:v1
GCST90201751	GCST90201751	passed	""	source	""	0.942459067943453	estimated_from_source_maf	14830	14830	0	0	0	0	14830	0.01	0.5	0.942459067943453	0.0660868207416857	median implied SD=0.942, dispersion=0.066, n=14830	effect_scale_validation.R:v1
GCST90201752	GCST90201752	passed	""	source	""	0.900147530218927	estimated_from_source_maf	23074	23074	0	0	0	0	23074	0.01	0.5	0.900147530218927	0.0647475294267399	median implied SD=0.900, dispersion=0.065, n=23074	effect_scale_validation.R:v1
GCST90201753	GCST90201753	passed	""	source	""	0.833588837755318	estimated_from_source_maf	48665	48665	0	0	0	2	48663	0.01	0.5	0.833588837755318	0.062090808947522	median implied SD=0.834, dispersion=0.062, n=48663	effect_scale_validation.R:v1
GCST90201754	GCST90201754	passed	""	source	""	0.931432475119489	estimated_from_source_maf	6850	6850	0	0	0	0	6850	0.01	0.5	0.931432475119489	0.0710322970292831	median implied SD=0.931, dispersion=0.071, n=6850	effect_scale_validation.R:v1
GCST90201755	GCST90201755	passed	""	source	""	0.974726377218668	estimated_from_source_maf	20001	20001	0	0	0	0	20001	0.01	0.5	0.974726377218668	0.0653655343586209	median implied SD=0.975, dispersion=0.065, n=20001	effect_scale_validation.R:v1
GCST90201756	GCST90201756	passed	""	source	""	0.916478740529547	estimated_from_source_maf	64830	64830	0	0	0	1	64829	0.01	0.5	0.916478740529547	0.0627562018815368	median implied SD=0.916, dispersion=0.063, n=64829	effect_scale_validation.R:v1
GCST90201757	GCST90201757	passed	""	source	""	0.937723587267448	estimated_from_source_maf	30989	30989	0	0	0	0	30989	0.01	0.5	0.937723587267448	0.0621970188666238	median implied SD=0.938, dispersion=0.062, n=30989	effect_scale_validation.R:v1
GCST90201758	GCST90201758	passed	""	source	""	0.885426920362416	estimated_from_source_maf	69862	69862	0	0	0	0	69862	0.01	0.5	0.885426920362416	0.0592108108557929	median implied SD=0.885, dispersion=0.059, n=69862	effect_scale_validation.R:v1
GCST90201759	GCST90201759	passed	""	source	""	0.82066525508255	estimated_from_source_maf	85758	85758	0	0	0	0	85758	0.01	0.5	0.82066525508255	0.0630612529416713	median implied SD=0.821, dispersion=0.063, n=85758	effect_scale_validation.R:v1
GCST90201760	GCST90201760	passed	""	source	""	0.808763247724117	estimated_from_source_maf	6702	6702	0	0	0	0	6702	0.01	0.5	0.808763247724117	0.0684023228150927	median implied SD=0.809, dispersion=0.068, n=6702	effect_scale_validation.R:v1
GCST90201761	GCST90201761	passed	""	source	""	0.902586362564785	estimated_from_source_maf	91778	91778	0	0	0	0	91778	0.01	0.5	0.902586362564785	0.0629058425079163	median implied SD=0.903, dispersion=0.063, n=91778	effect_scale_validation.R:v1
GCST90201762	GCST90201762	passed	""	source	""	0.921492537384072	estimated_from_source_maf	31696	31696	0	0	0	0	31696	0.01	0.5	0.921492537384072	0.0596127611368478	median implied SD=0.921, dispersion=0.060, n=31696	effect_scale_validation.R:v1
GCST90201763	GCST90201763	passed	""	source	""	0.686151873363939	estimated_from_source_maf	70344	70344	0	0	0	0	70344	0.01	0.5	0.686151873363939	0.0744890571374671	median implied SD=0.686, dispersion=0.074, n=70344	effect_scale_validation.R:v1
GCST90201764	GCST90201764	passed	""	source	""	0.84592915394194	estimated_from_source_maf	11747	11747	0	0	0	0	11747	0.01	0.5	0.84592915394194	0.0647772932344359	median implied SD=0.846, dispersion=0.065, n=11747	effect_scale_validation.R:v1
GCST90201765	GCST90201765	passed	""	source	""	0.94189145728122	estimated_from_source_maf	28283	28283	0	0	0	0	28283	0.01	0.5	0.94189145728122	0.0659723464578526	median implied SD=0.942, dispersion=0.066, n=28283	effect_scale_validation.R:v1
GCST90201766	GCST90201766	passed	""	source	""	0.936598639271123	estimated_from_source_maf	38552	38552	0	0	0	0	38552	0.01	0.5	0.936598639271123	0.0666369599664087	median implied SD=0.937, dispersion=0.067, n=38552	effect_scale_validation.R:v1
GCST90201767	GCST90201767	passed	""	source	""	0.940297038835114	estimated_from_source_maf	6730	6730	0	0	0	0	6730	0.01	0.5	0.940297038835114	0.0685373806906413	median implied SD=0.940, dispersion=0.069, n=6730	effect_scale_validation.R:v1
GCST90201768	GCST90201768	passed	""	source	""	0.864845549564947	estimated_from_source_maf	12667	12667	0	0	0	0	12667	0.01	0.5	0.864845549564947	0.0656721569482559	median implied SD=0.865, dispersion=0.066, n=12667	effect_scale_validation.R:v1
GCST90201769	GCST90201769	passed	""	source	""	0.976704370205621	estimated_from_source_maf	13763	13763	0	0	0	0	13763	0.01	0.5	0.976704370205621	0.0662516084024208	median implied SD=0.977, dispersion=0.066, n=13763	effect_scale_validation.R:v1
GCST90201770	GCST90201770	passed	""	source	""	0.79738056451347	estimated_from_source_maf	27971	27971	0	0	0	0	27971	0.01	0.5	0.79738056451347	0.0674807011003864	median implied SD=0.797, dispersion=0.067, n=27971	effect_scale_validation.R:v1
GCST90201771	GCST90201771	passed	""	source	""	0.929583059856817	estimated_from_source_maf	78587	78587	0	0	0	1	78586	0.01	0.5	0.929583059856817	0.0604907239731949	median implied SD=0.930, dispersion=0.060, n=78586	effect_scale_validation.R:v1
GCST90201772	GCST90201772	passed	""	source	""	0.886990579548462	estimated_from_source_maf	36479	36479	0	0	0	0	36479	0.01	0.5	0.886990579548462	0.0610141176605386	median implied SD=0.887, dispersion=0.061, n=36479	effect_scale_validation.R:v1
GCST90201773	GCST90201773	passed	""	source	""	0.802641484611989	estimated_from_source_maf	36460	36460	0	0	0	1	36459	0.01	0.5	0.802641484611989	0.0629923409953071	median implied SD=0.803, dispersion=0.063, n=36459	effect_scale_validation.R:v1
GCST90201774	GCST90201774	passed	""	source	""	0.900749490411176	estimated_from_source_maf	12464	12464	0	0	0	0	12464	0.01	0.5	0.900749490411176	0.0664999118614801	median implied SD=0.901, dispersion=0.066, n=12464	effect_scale_validation.R:v1
GCST90201775	GCST90201775	passed	""	source	""	0.922414722790326	estimated_from_source_maf	43841	43841	0	0	0	1	43840	0.01	0.5	0.922414722790326	0.0657453632698154	median implied SD=0.922, dispersion=0.066, n=43840	effect_scale_validation.R:v1
GCST90201776	GCST90201776	passed	""	source	""	0.922218465497414	estimated_from_source_maf	16885	16885	0	0	0	0	16885	0.01	0.5	0.922218465497414	0.0597949444454527	median implied SD=0.922, dispersion=0.060, n=16885	effect_scale_validation.R:v1
GCST90201777	GCST90201777	passed	""	source	""	0.921325397220151	estimated_from_source_maf	16428	16428	0	0	0	0	16428	0.01	0.5	0.921325397220151	0.0645674998978014	median implied SD=0.921, dispersion=0.065, n=16428	effect_scale_validation.R:v1
GCST90201778	GCST90201778	passed	""	source	""	0.951339619710514	estimated_from_source_maf	22419	22419	0	0	0	0	22419	0.01	0.5	0.951339619710514	0.069673785298686	median implied SD=0.951, dispersion=0.070, n=22419	effect_scale_validation.R:v1
GCST90201779	GCST90201779	passed	""	source	""	0.906499431226447	estimated_from_source_maf	131205	131205	0	0	0	0	131205	0.01	0.5	0.906499431226447	0.0613133902294671	median implied SD=0.906, dispersion=0.061, n=131205	effect_scale_validation.R:v1
GCST90201780	GCST90201780	passed	""	source	""	0.819511568302893	estimated_from_source_maf	47008	47008	0	0	0	0	47008	0.01	0.5	0.819511568302893	0.059568368618516	median implied SD=0.820, dispersion=0.060, n=47008	effect_scale_validation.R:v1
GCST90201781	GCST90201781	passed	""	source	""	0.898401193439363	estimated_from_source_maf	12319	12319	0	0	0	0	12319	0.01	0.5	0.898401193439363	0.0687727577618583	median implied SD=0.898, dispersion=0.069, n=12319	effect_scale_validation.R:v1
GCST90201782	GCST90201782	passed	""	source	""	0.94498391231902	estimated_from_source_maf	23003	23003	0	0	0	0	23003	0.01	0.5	0.94498391231902	0.0632782597571755	median implied SD=0.945, dispersion=0.063, n=23003	effect_scale_validation.R:v1
GCST90201783	GCST90201783	passed	""	source	""	0.95748496919017	estimated_from_source_maf	48860	48860	0	0	0	0	48860	0.01	0.5	0.95748496919017	0.0680322157058913	median implied SD=0.957, dispersion=0.068, n=48860	effect_scale_validation.R:v1
GCST90201784	GCST90201784	passed	""	source	""	0.961590180998172	estimated_from_source_maf	170969	170969	0	0	0	1	170968	0.01	0.5	0.961590180998172	0.0606116378836357	median implied SD=0.962, dispersion=0.061, n=170968	effect_scale_validation.R:v1
GCST90201785	GCST90201785	passed	""	source	""	0.850710155350987	estimated_from_source_maf	30395	30395	0	0	0	0	30395	0.01	0.5	0.850710155350987	0.0610842438528327	median implied SD=0.851, dispersion=0.061, n=30395	effect_scale_validation.R:v1
GCST90201786	GCST90201786	passed	""	source	""	0.839961050925501	estimated_from_source_maf	6693	6693	0	0	0	0	6693	0.01	0.5	0.839961050925501	0.0678758388736659	median implied SD=0.840, dispersion=0.068, n=6693	effect_scale_validation.R:v1
GCST90201787	GCST90201787	passed	""	source	""	0.992544509152303	estimated_from_source_maf	22944	22944	0	0	0	0	22944	0.01	0.5	0.992544509152303	0.0614382803899671	median implied SD=0.993, dispersion=0.061, n=22944	effect_scale_validation.R:v1
GCST90201788	GCST90201788	passed	""	source	""	0.841181463814117	estimated_from_source_maf	11445	11445	0	0	0	0	11445	0.01	0.5	0.841181463814117	0.0655757078818892	median implied SD=0.841, dispersion=0.066, n=11445	effect_scale_validation.R:v1
GCST90201789	GCST90201789	passed	""	source	""	0.941824924503784	estimated_from_source_maf	24904	24904	0	0	0	0	24904	0.01	0.5	0.941824924503784	0.0647663537892429	median implied SD=0.942, dispersion=0.065, n=24904	effect_scale_validation.R:v1
GCST90201790	GCST90201790	passed	""	source	""	0.910214301702996	estimated_from_source_maf	32953	32953	0	0	0	0	32953	0.01	0.5	0.910214301702996	0.0576620601946936	median implied SD=0.910, dispersion=0.058, n=32953	effect_scale_validation.R:v1
GCST90201791	GCST90201791	passed	""	source	""	0.885420983720658	estimated_from_source_maf	22633	22633	0	0	0	0	22633	0.01	0.5	0.885420983720658	0.0627308114730165	median implied SD=0.885, dispersion=0.063, n=22633	effect_scale_validation.R:v1
GCST90201792	GCST90201792	passed	""	source	""	0.96312934451044	estimated_from_source_maf	15927	15927	0	0	0	0	15927	0.01	0.5	0.96312934451044	0.0667389866055347	median implied SD=0.963, dispersion=0.067, n=15927	effect_scale_validation.R:v1
GCST90201793	GCST90201793	passed	""	source	""	0.957411401008963	estimated_from_source_maf	25413	25413	0	0	0	0	25413	0.01	0.5	0.957411401008963	0.0629017807884949	median implied SD=0.957, dispersion=0.063, n=25413	effect_scale_validation.R:v1
GCST90201794	GCST90201794	passed	""	source	""	0.954378294515902	estimated_from_source_maf	168749	168749	0	0	0	0	168749	0.01	0.5	0.954378294515902	0.0607696256849182	median implied SD=0.954, dispersion=0.061, n=168749	effect_scale_validation.R:v1
GCST90201795	GCST90201795	passed	""	source	""	0.836847730777607	estimated_from_source_maf	17129	17129	0	0	0	0	17129	0.01	0.5	0.836847730777607	0.0613304952803902	median implied SD=0.837, dispersion=0.061, n=17129	effect_scale_validation.R:v1
GCST90201796	GCST90201796	passed	""	source	""	0.972919362909883	estimated_from_source_maf	61355	61355	0	0	0	0	61355	0.01	0.5	0.972919362909883	0.0741513161447916	median implied SD=0.973, dispersion=0.074, n=61355	effect_scale_validation.R:v1
GCST90201797	GCST90201797	passed	""	source	""	0.963663446983202	estimated_from_source_maf	47816	47816	0	0	0	1	47815	0.01	0.5	0.963663446983202	0.0626223520638278	median implied SD=0.964, dispersion=0.063, n=47815	effect_scale_validation.R:v1
GCST90201798	GCST90201798	passed	""	source	""	0.901448768031308	estimated_from_source_maf	6757	6757	0	0	0	0	6757	0.01	0.5	0.901448768031308	0.0688871676434934	median implied SD=0.901, dispersion=0.069, n=6757	effect_scale_validation.R:v1
GCST90201799	GCST90201799	passed	""	source	""	0.786380582900945	estimated_from_source_maf	11279	11279	0	0	0	0	11279	0.01	0.5	0.786380582900945	0.0653695014085187	median implied SD=0.786, dispersion=0.065, n=11279	effect_scale_validation.R:v1
GCST90201800	GCST90201800	passed	""	source	""	0.892359775082142	estimated_from_source_maf	21900	21900	0	0	0	0	21900	0.01	0.5	0.892359775082142	0.0610783129636841	median implied SD=0.892, dispersion=0.061, n=21900	effect_scale_validation.R:v1
GCST90201801	GCST90201801	passed	""	source	""	0.925906533118101	estimated_from_source_maf	31237	31237	0	0	0	0	31237	0.01	0.5	0.925906533118101	0.0603708869135243	median implied SD=0.926, dispersion=0.060, n=31237	effect_scale_validation.R:v1
GCST90201802	GCST90201802	passed	""	source	""	0.908512738718155	estimated_from_source_maf	6740	6740	0	0	0	0	6740	0.01	0.5	0.908512738718155	0.0685504956341514	median implied SD=0.909, dispersion=0.069, n=6740	effect_scale_validation.R:v1
GCST90201803	GCST90201803	passed	""	source	""	0.873666537253349	estimated_from_source_maf	18612	18612	0	0	0	0	18612	0.01	0.5	0.873666537253349	0.0595178533626566	median implied SD=0.874, dispersion=0.060, n=18612	effect_scale_validation.R:v1
GCST90201804	GCST90201804	passed	""	source	""	0.891819198776816	estimated_from_source_maf	26317	26317	0	0	0	1	26316	0.01	0.5	0.891819198776816	0.0596473305430047	median implied SD=0.892, dispersion=0.060, n=26316	effect_scale_validation.R:v1
GCST90201805	GCST90201805	passed	""	source	""	0.979166546457162	estimated_from_source_maf	13367	13367	0	0	0	0	13367	0.01	0.5	0.979166546457162	0.0656800873869668	median implied SD=0.979, dispersion=0.066, n=13367	effect_scale_validation.R:v1
GCST90201806	GCST90201806	passed	""	source	""	0.831015448780216	estimated_from_source_maf	11030	11030	0	0	0	0	11030	0.01	0.5	0.831015448780216	0.0663152268866014	median implied SD=0.831, dispersion=0.066, n=11030	effect_scale_validation.R:v1
GCST90201807	GCST90201807	passed	""	source	""	0.90691065815888	estimated_from_source_maf	18873	18873	0	0	0	0	18873	0.01	0.5	0.90691065815888	0.0599073856335242	median implied SD=0.907, dispersion=0.060, n=18873	effect_scale_validation.R:v1
GCST90201808	GCST90201808	passed	""	source	""	0.967368332673905	estimated_from_source_maf	6799	6799	0	0	0	0	6799	0.01	0.5	0.967368332673905	0.0693941029979287	median implied SD=0.967, dispersion=0.069, n=6799	effect_scale_validation.R:v1
GCST90201809	GCST90201809	passed	""	source	""	0.923918191814624	estimated_from_source_maf	23800	23800	0	0	0	0	23800	0.01	0.5	0.923918191814624	0.0641114558238483	median implied SD=0.924, dispersion=0.064, n=23800	effect_scale_validation.R:v1
GCST90201810	GCST90201810	passed	""	source	""	0.870501177867269	estimated_from_source_maf	11931	11931	0	0	0	0	11931	0.01	0.5	0.870501177867269	0.0655169576529374	median implied SD=0.871, dispersion=0.066, n=11931	effect_scale_validation.R:v1
GCST90201811	GCST90201811	passed	""	source	""	0.904920171674561	estimated_from_source_maf	17036	17036	0	0	0	0	17036	0.01	0.5	0.904920171674561	0.0634339007530661	median implied SD=0.905, dispersion=0.063, n=17036	effect_scale_validation.R:v1
GCST90201812	GCST90201812	passed	""	source	""	0.914480264027227	estimated_from_source_maf	31404	31404	0	0	0	0	31404	0.01	0.5	0.914480264027227	0.0608725954879135	median implied SD=0.914, dispersion=0.061, n=31404	effect_scale_validation.R:v1
GCST90201813	GCST90201813	passed	""	source	""	0.940484842557396	estimated_from_source_maf	21337	21337	0	0	0	0	21337	0.01	0.5	0.940484842557396	0.0596898319264541	median implied SD=0.940, dispersion=0.060, n=21337	effect_scale_validation.R:v1
GCST90201814	GCST90201814	passed	""	source	""	0.910718966216316	estimated_from_source_maf	26108	26108	0	0	0	0	26108	0.01	0.5	0.910718966216316	0.0623890560504842	median implied SD=0.911, dispersion=0.062, n=26108	effect_scale_validation.R:v1
GCST90201815	GCST90201815	passed	""	source	""	0.934453869545604	estimated_from_source_maf	33503	33503	0	0	0	0	33503	0.01	0.5	0.934453869545604	0.0651747793120076	median implied SD=0.934, dispersion=0.065, n=33503	effect_scale_validation.R:v1
GCST90201816	GCST90201816	passed	""	source	""	0.938971193935949	estimated_from_source_maf	24020	24020	0	0	0	0	24020	0.01	0.5	0.938971193935949	0.0652346664340448	median implied SD=0.939, dispersion=0.065, n=24020	effect_scale_validation.R:v1
GCST90201817	GCST90201817	passed	""	source	""	0.926784824474822	estimated_from_source_maf	33865	33865	0	0	0	0	33865	0.01	0.5	0.926784824474822	0.0738592023381571	median implied SD=0.927, dispersion=0.074, n=33865	effect_scale_validation.R:v1
GCST90201818	GCST90201818	passed	""	source	""	0.877227913368372	estimated_from_source_maf	6775	6775	0	0	0	0	6775	0.01	0.5	0.877227913368372	0.0697250927408897	median implied SD=0.877, dispersion=0.070, n=6775	effect_scale_validation.R:v1
GCST90201819	GCST90201819	passed	""	source	""	0.876323003985568	estimated_from_source_maf	12797	12797	0	0	0	0	12797	0.01	0.5	0.876323003985568	0.0670548603577158	median implied SD=0.876, dispersion=0.067, n=12797	effect_scale_validation.R:v1
GCST90201820	GCST90201820	passed	""	source	""	0.961656834074977	estimated_from_source_maf	66989	66989	0	0	0	0	66989	0.01	0.5	0.961656834074977	0.0610059257659357	median implied SD=0.962, dispersion=0.061, n=66989	effect_scale_validation.R:v1
GCST90201821	GCST90201821	passed	""	source	""	1.00969995016294	estimated_from_source_maf	317380	317380	0	0	0	0	317380	0.01	0.5	1.00969995016294	0.05971876913161	median implied SD=1.010, dispersion=0.060, n=317380	effect_scale_validation.R:v1
GCST90201822	GCST90201822	passed	""	source	""	0.927332034079263	estimated_from_source_maf	82307	82307	0	0	0	0	82307	0.01	0.5	0.927332034079263	0.0619066447118028	median implied SD=0.927, dispersion=0.062, n=82307	effect_scale_validation.R:v1
GCST90201823	GCST90201823	passed	""	source	""	0.919810970711817	estimated_from_source_maf	6764	6764	0	0	0	0	6764	0.01	0.5	0.919810970711817	0.0685008026380294	median implied SD=0.920, dispersion=0.069, n=6764	effect_scale_validation.R:v1
GCST90201824	GCST90201824	passed	""	source	""	0.972292139444258	estimated_from_source_maf	6724	6724	0	0	0	0	6724	0.01	0.5	0.972292139444258	0.0684657969211121	median implied SD=0.972, dispersion=0.068, n=6724	effect_scale_validation.R:v1
GCST90201825	GCST90201825	passed	""	source	""	0.945004727948922	estimated_from_source_maf	17705	17705	0	0	0	0	17705	0.01	0.5	0.945004727948922	0.0613237638705443	median implied SD=0.945, dispersion=0.061, n=17705	effect_scale_validation.R:v1
GCST90201826	GCST90201826	passed	""	source	""	0.891683724036372	estimated_from_source_maf	28442	28442	0	0	0	0	28442	0.01	0.5	0.891683724036372	0.0667739790646033	median implied SD=0.892, dispersion=0.067, n=28442	effect_scale_validation.R:v1
GCST90201827	GCST90201827	passed	""	source	""	0.982619405814355	estimated_from_source_maf	17185	17185	0	0	0	0	17185	0.01	0.5	0.982619405814355	0.0670732199980721	median implied SD=0.983, dispersion=0.067, n=17185	effect_scale_validation.R:v1
GCST90201828	GCST90201828	passed	""	source	""	0.893845197873701	estimated_from_source_maf	33347	33347	0	0	0	0	33347	0.01	0.5	0.893845197873701	0.0650870141953771	median implied SD=0.894, dispersion=0.065, n=33347	effect_scale_validation.R:v1
GCST90201829	GCST90201829	passed	""	source	""	0.937465126730456	estimated_from_source_maf	50495	50495	0	0	0	0	50495	0.01	0.5	0.937465126730456	0.0648256852061961	median implied SD=0.937, dispersion=0.065, n=50495	effect_scale_validation.R:v1
GCST90201830	GCST90201830	passed	""	source	""	0.85395104631807	estimated_from_source_maf	12898	12898	0	0	0	0	12898	0.01	0.5	0.85395104631807	0.0630355987731029	median implied SD=0.854, dispersion=0.063, n=12898	effect_scale_validation.R:v1
GCST90201831	GCST90201831	passed	""	source	""	0.793576616462305	estimated_from_source_maf	18119	18119	0	0	0	1	18118	0.01	0.5	0.793576616462305	0.0683385171874531	median implied SD=0.794, dispersion=0.068, n=18118	effect_scale_validation.R:v1
GCST90201832	GCST90201832	passed	""	source	""	0.912272345781462	estimated_from_source_maf	25742	25742	0	0	0	0	25742	0.01	0.5	0.912272345781462	0.0700330551327681	median implied SD=0.912, dispersion=0.070, n=25742	effect_scale_validation.R:v1
GCST90201833	GCST90201833	passed	""	source	""	0.852719715603349	estimated_from_source_maf	14147	14147	0	0	0	0	14147	0.01	0.5	0.852719715603349	0.0661358068675613	median implied SD=0.853, dispersion=0.066, n=14147	effect_scale_validation.R:v1
GCST90201834	GCST90201834	passed	""	source	""	0.985332251733798	estimated_from_source_maf	25941	25941	0	0	0	0	25941	0.01	0.5	0.985332251733798	0.0624220162882975	median implied SD=0.985, dispersion=0.062, n=25941	effect_scale_validation.R:v1
GCST90201835	GCST90201835	passed	""	source	""	1.00277956030295	estimated_from_source_maf	29488	29488	0	0	0	0	29488	0.01	0.5	1.00277956030295	0.0594597834559744	median implied SD=1.003, dispersion=0.059, n=29488	effect_scale_validation.R:v1
GCST90201836	GCST90201836	passed	""	source	""	0.83039334016411	estimated_from_source_maf	36141	36141	0	0	0	0	36141	0.01	0.5	0.83039334016411	0.0670347016677157	median implied SD=0.830, dispersion=0.067, n=36141	effect_scale_validation.R:v1
GCST90201837	GCST90201837	passed	""	source	""	0.926558447813105	estimated_from_source_maf	6754	6754	0	0	0	0	6754	0.01	0.5	0.926558447813105	0.0693206392042541	median implied SD=0.927, dispersion=0.069, n=6754	effect_scale_validation.R:v1
GCST90201838	GCST90201838	passed	""	source	""	0.954772727759914	estimated_from_source_maf	49070	49070	0	0	0	0	49070	0.01	0.5	0.954772727759914	0.0623117881648852	median implied SD=0.955, dispersion=0.062, n=49070	effect_scale_validation.R:v1
GCST90201839	GCST90201839	passed	""	source	""	0.931934823683534	estimated_from_source_maf	26602	26602	0	0	0	0	26602	0.01	0.5	0.931934823683534	0.0648620910405823	median implied SD=0.932, dispersion=0.065, n=26602	effect_scale_validation.R:v1
GCST90201840	GCST90201840	passed	""	source	""	0.902075391915918	estimated_from_source_maf	26063	26063	0	0	0	8	26055	0.01	0.5	0.902075391915918	0.0589212579540975	median implied SD=0.902, dispersion=0.059, n=26055	effect_scale_validation.R:v1
GCST90201841	GCST90201841	passed	""	source	""	0.920023877095286	estimated_from_source_maf	17237	17237	0	0	0	0	17237	0.01	0.5	0.920023877095286	0.0660046661470583	median implied SD=0.920, dispersion=0.066, n=17237	effect_scale_validation.R:v1
GCST90201842	GCST90201842	passed	""	source	""	0.920733448384419	estimated_from_source_maf	12490	12490	0	0	0	0	12490	0.01	0.5	0.920733448384419	0.0678520458852322	median implied SD=0.921, dispersion=0.068, n=12490	effect_scale_validation.R:v1
GCST90201843	GCST90201843	passed	""	source	""	0.965079649420988	estimated_from_source_maf	12404	12404	0	0	0	0	12404	0.01	0.5	0.965079649420988	0.0650483158093365	median implied SD=0.965, dispersion=0.065, n=12404	effect_scale_validation.R:v1
GCST90201844	GCST90201844	passed	""	source	""	0.848858314924127	estimated_from_source_maf	19117	19117	0	0	0	0	19117	0.01	0.5	0.848858314924127	0.063487776898171	median implied SD=0.849, dispersion=0.063, n=19117	effect_scale_validation.R:v1
GCST90201845	GCST90201845	passed	""	source	""	0.960302904338888	estimated_from_source_maf	30923	30923	0	0	0	0	30923	0.01	0.5	0.960302904338888	0.0588930256013191	median implied SD=0.960, dispersion=0.059, n=30923	effect_scale_validation.R:v1
GCST90201846	GCST90201846	passed	""	source	""	0.9871359573003	estimated_from_source_maf	6786	6786	0	0	0	0	6786	0.01	0.5	0.9871359573003	0.0692608726958363	median implied SD=0.987, dispersion=0.069, n=6786	effect_scale_validation.R:v1
GCST90201847	GCST90201847	passed	""	source	""	1.00623614528085	estimated_from_source_maf	21378	21378	0	0	0	0	21378	0.01	0.5	1.00623614528085	0.0622674721435705	median implied SD=1.006, dispersion=0.062, n=21378	effect_scale_validation.R:v1
GCST90201848	GCST90201848	passed	""	source	""	0.794022906401824	estimated_from_source_maf	6705	6705	0	0	0	0	6705	0.01	0.5	0.794022906401824	0.0793433009874408	median implied SD=0.794, dispersion=0.079, n=6705	effect_scale_validation.R:v1
GCST90201849	GCST90201849	passed	""	source	""	0.824809334319897	estimated_from_source_maf	12301	12301	0	0	0	0	12301	0.01	0.5	0.824809334319897	0.0670793033497881	median implied SD=0.825, dispersion=0.067, n=12301	effect_scale_validation.R:v1
GCST90201850	GCST90201850	passed	""	source	""	0.850808768800231	estimated_from_source_maf	13481	13481	0	0	0	0	13481	0.01	0.5	0.850808768800231	0.0622918657077421	median implied SD=0.851, dispersion=0.062, n=13481	effect_scale_validation.R:v1
GCST90201851	GCST90201851	passed	""	source	""	0.952191566758825	estimated_from_source_maf	51425	51425	0	0	0	0	51425	0.01	0.5	0.952191566758825	0.0645852494434098	median implied SD=0.952, dispersion=0.065, n=51425	effect_scale_validation.R:v1
GCST90201852	GCST90201852	passed	""	source	""	0.97445668773636	estimated_from_source_maf	6724	6724	0	0	0	0	6724	0.01	0.5	0.97445668773636	0.0682318822152073	median implied SD=0.974, dispersion=0.068, n=6724	effect_scale_validation.R:v1
GCST90201853	GCST90201853	passed	""	source	""	0.95042201555263	estimated_from_source_maf	25492	25492	0	0	0	0	25492	0.01	0.5	0.95042201555263	0.0608819624522501	median implied SD=0.950, dispersion=0.061, n=25492	effect_scale_validation.R:v1
GCST90201854	GCST90201854	passed	""	source	""	0.931185205213422	estimated_from_source_maf	46860	46860	0	0	0	0	46860	0.01	0.5	0.931185205213422	0.0617674557962653	median implied SD=0.931, dispersion=0.062, n=46860	effect_scale_validation.R:v1
GCST90201855	GCST90201855	passed	""	source	""	0.983425918389621	estimated_from_source_maf	12136	12136	0	0	0	0	12136	0.01	0.5	0.983425918389621	0.0641660399334447	median implied SD=0.983, dispersion=0.064, n=12136	effect_scale_validation.R:v1
GCST90201856	GCST90201856	passed	""	source	""	1.00247360310857	estimated_from_source_maf	37025	37025	0	0	0	0	37025	0.01	0.5	1.00247360310857	0.0639502741135388	median implied SD=1.002, dispersion=0.064, n=37025	effect_scale_validation.R:v1
GCST90201857	GCST90201857	passed	""	source	""	0.92187734625681	estimated_from_source_maf	17997	17997	0	0	0	0	17997	0.01	0.5	0.92187734625681	0.0604148317031914	median implied SD=0.922, dispersion=0.060, n=17997	effect_scale_validation.R:v1
GCST90201858	GCST90201858	passed	""	source	""	0.963842371542899	estimated_from_source_maf	32493	32493	0	0	0	0	32493	0.01	0.5	0.963842371542899	0.0657838743262768	median implied SD=0.964, dispersion=0.066, n=32493	effect_scale_validation.R:v1
GCST90201859	GCST90201859	passed	""	source	""	0.914825820900565	estimated_from_source_maf	11948	11948	0	0	0	0	11948	0.01	0.5	0.914825820900565	0.0627901983556176	median implied SD=0.915, dispersion=0.063, n=11948	effect_scale_validation.R:v1
GCST90201860	GCST90201860	passed	""	source	""	0.786669583404054	estimated_from_source_maf	11089	11089	0	0	0	0	11089	0.01	0.5	0.786669583404054	0.0654400182618427	median implied SD=0.787, dispersion=0.065, n=11089	effect_scale_validation.R:v1
GCST90201861	GCST90201861	passed	""	source	""	0.909239877195182	estimated_from_source_maf	16357	16357	0	0	0	0	16357	0.01	0.5	0.909239877195182	0.0657197468209467	median implied SD=0.909, dispersion=0.066, n=16357	effect_scale_validation.R:v1
GCST90201862	GCST90201862	passed	""	source	""	0.970854092653505	estimated_from_source_maf	40874	40874	0	0	0	0	40874	0.01	0.5	0.970854092653505	0.0591774258947555	median implied SD=0.971, dispersion=0.059, n=40874	effect_scale_validation.R:v1
GCST90201863	GCST90201863	passed	""	source	""	1.01853632638626	estimated_from_source_maf	21213	21213	0	0	0	0	21213	0.01	0.5	1.01853632638626	0.0636438107658222	median implied SD=1.019, dispersion=0.064, n=21213	effect_scale_validation.R:v1
GCST90201864	GCST90201864	passed	""	source	""	0.918343909092962	estimated_from_source_maf	13392	13392	0	0	0	0	13392	0.01	0.5	0.918343909092962	0.0666313270359184	median implied SD=0.918, dispersion=0.067, n=13392	effect_scale_validation.R:v1
GCST90201865	GCST90201865	passed	""	source	""	0.854937330586921	estimated_from_source_maf	11847	11847	0	0	0	0	11847	0.01	0.5	0.854937330586921	0.063974103083023	median implied SD=0.855, dispersion=0.064, n=11847	effect_scale_validation.R:v1
GCST90201866	GCST90201866	passed	""	source	""	0.994492997006223	estimated_from_source_maf	12432	12432	0	0	0	0	12432	0.01	0.5	0.994492997006223	0.0607082020770898	median implied SD=0.994, dispersion=0.061, n=12432	effect_scale_validation.R:v1
GCST90201867	GCST90201867	passed	""	source	""	0.961013370580481	estimated_from_source_maf	44396	44396	0	0	0	0	44396	0.01	0.5	0.961013370580481	0.0629225175756328	median implied SD=0.961, dispersion=0.063, n=44396	effect_scale_validation.R:v1
GCST90201868	GCST90201868	passed	""	source	""	0.900086428437457	estimated_from_source_maf	15956	15956	0	0	0	0	15956	0.01	0.5	0.900086428437457	0.0665762200888677	median implied SD=0.900, dispersion=0.067, n=15956	effect_scale_validation.R:v1
GCST90201869	GCST90201869	passed	""	source	""	0.903530518951563	estimated_from_source_maf	20672	20672	0	0	0	0	20672	0.01	0.5	0.903530518951563	0.064228802434021	median implied SD=0.904, dispersion=0.064, n=20672	effect_scale_validation.R:v1
GCST90201870	GCST90201870	passed	""	source	""	0.895406546825634	estimated_from_source_maf	11233	11233	0	0	0	0	11233	0.01	0.5	0.895406546825634	0.0659177175616863	median implied SD=0.895, dispersion=0.066, n=11233	effect_scale_validation.R:v1
GCST90201871	GCST90201871	passed	""	source	""	0.977659489507894	estimated_from_source_maf	79382	79382	0	0	0	3	79379	0.01	0.5	0.977659489507894	0.0630817149907583	median implied SD=0.978, dispersion=0.063, n=79379	effect_scale_validation.R:v1
GCST90201872	GCST90201872	passed	""	source	""	0.926410535002091	estimated_from_source_maf	11472	11472	0	0	0	0	11472	0.01	0.5	0.926410535002091	0.0622514292335388	median implied SD=0.926, dispersion=0.062, n=11472	effect_scale_validation.R:v1
GCST90201873	GCST90201873	passed	""	source	""	0.954575440975976	estimated_from_source_maf	19706	19706	0	0	0	0	19706	0.01	0.5	0.954575440975976	0.062054586697736	median implied SD=0.955, dispersion=0.062, n=19706	effect_scale_validation.R:v1
GCST90201874	GCST90201874	passed	""	source	""	0.944653981416089	estimated_from_source_maf	19602	19602	0	0	0	0	19602	0.01	0.5	0.944653981416089	0.0669933804067761	median implied SD=0.945, dispersion=0.067, n=19602	effect_scale_validation.R:v1
GCST90201875	GCST90201875	passed	""	source	""	0.945805088601769	estimated_from_source_maf	11836	11836	0	0	0	0	11836	0.01	0.5	0.945805088601769	0.0748278361167045	median implied SD=0.946, dispersion=0.075, n=11836	effect_scale_validation.R:v1
GCST90201876	GCST90201876	passed	""	source	""	0.904834922872739	estimated_from_source_maf	85264	85264	0	0	0	0	85264	0.01	0.5	0.904834922872739	0.0725444981541511	median implied SD=0.905, dispersion=0.073, n=85264	effect_scale_validation.R:v1
GCST90201877	GCST90201877	passed	""	source	""	0.930852892454812	estimated_from_source_maf	174941	174941	0	0	0	2	174939	0.01	0.5	0.930852892454812	0.061019673820588	median implied SD=0.931, dispersion=0.061, n=174939	effect_scale_validation.R:v1
GCST90201878	GCST90201878	passed	""	source	""	0.939454035102133	estimated_from_source_maf	30575	30575	0	0	0	0	30575	0.01	0.5	0.939454035102133	0.0711026562660365	median implied SD=0.939, dispersion=0.071, n=30575	effect_scale_validation.R:v1
GCST90201879	GCST90201879	passed	""	source	""	0.987398326640616	estimated_from_source_maf	15723	15723	0	0	0	0	15723	0.01	0.5	0.987398326640616	0.0657026395575578	median implied SD=0.987, dispersion=0.066, n=15723	effect_scale_validation.R:v1
GCST90201880	GCST90201880	passed	""	source	""	0.952758800390447	estimated_from_source_maf	12116	12116	0	0	0	0	12116	0.01	0.5	0.952758800390447	0.0675524790432489	median implied SD=0.953, dispersion=0.068, n=12116	effect_scale_validation.R:v1
GCST90201881	GCST90201881	passed	""	source	""	0.969650052547376	estimated_from_source_maf	50275	50275	0	0	0	0	50275	0.01	0.5	0.969650052547376	0.0668461211070171	median implied SD=0.970, dispersion=0.067, n=50275	effect_scale_validation.R:v1
GCST90201882	GCST90201882	passed	""	source	""	0.934261033925355	estimated_from_source_maf	14008	14008	0	0	0	0	14008	0.01	0.5	0.934261033925355	0.0704073517735338	median implied SD=0.934, dispersion=0.070, n=14008	effect_scale_validation.R:v1
GCST90201883	GCST90201883	passed	""	source	""	0.939376980161023	estimated_from_source_maf	17739	17739	0	0	0	0	17739	0.01	0.5	0.939376980161023	0.0618292199273651	median implied SD=0.939, dispersion=0.062, n=17739	effect_scale_validation.R:v1
GCST90201884	GCST90201884	passed	""	source	""	0.833049600036313	estimated_from_source_maf	19542	19542	0	0	0	0	19542	0.01	0.5	0.833049600036313	0.0734838552004985	median implied SD=0.833, dispersion=0.073, n=19542	effect_scale_validation.R:v1
GCST90201885	GCST90201885	passed	""	source	""	0.908370094821045	estimated_from_source_maf	21997	21997	0	0	0	6	21991	0.01	0.5	0.908370094821045	0.062640007507851	median implied SD=0.908, dispersion=0.063, n=21991	effect_scale_validation.R:v1
GCST90201886	GCST90201886	passed	""	source	""	0.89627566686718	estimated_from_source_maf	61661	61661	0	0	0	0	61661	0.01	0.5	0.89627566686718	0.0669684513624311	median implied SD=0.896, dispersion=0.067, n=61661	effect_scale_validation.R:v1
GCST90201887	GCST90201887	passed	""	source	""	0.918967519284911	estimated_from_source_maf	17851	17851	0	0	0	0	17851	0.01	0.5	0.918967519284911	0.0630554472094297	median implied SD=0.919, dispersion=0.063, n=17851	effect_scale_validation.R:v1
GCST90201888	GCST90201888	passed	""	source	""	0.948974897380309	estimated_from_source_maf	21834	21834	0	0	0	0	21834	0.01	0.5	0.948974897380309	0.0612161202628427	median implied SD=0.949, dispersion=0.061, n=21834	effect_scale_validation.R:v1
GCST90201889	GCST90201889	passed	""	source	""	0.90478112522594	estimated_from_source_maf	26366	26366	0	0	0	0	26366	0.01	0.5	0.90478112522594	0.0686447724941714	median implied SD=0.905, dispersion=0.069, n=26366	effect_scale_validation.R:v1
GCST90201890	GCST90201890	passed	""	source	""	0.914431187538894	estimated_from_source_maf	25933	25933	0	0	0	0	25933	0.01	0.5	0.914431187538894	0.0647446290108863	median implied SD=0.914, dispersion=0.065, n=25933	effect_scale_validation.R:v1
GCST90201891	GCST90201891	passed	""	source	""	0.916838251596424	estimated_from_source_maf	17300	17300	0	0	0	0	17300	0.01	0.5	0.916838251596424	0.0690888374362045	median implied SD=0.917, dispersion=0.069, n=17300	effect_scale_validation.R:v1
GCST90201892	GCST90201892	passed	""	source	""	0.890295473894909	estimated_from_source_maf	7069	7069	0	0	0	0	7069	0.01	0.5	0.890295473894909	0.0755792025454016	median implied SD=0.890, dispersion=0.076, n=7069	effect_scale_validation.R:v1
GCST90201893	GCST90201893	passed	""	source	""	0.976161787601436	estimated_from_source_maf	62570	62570	0	0	0	0	62570	0.01	0.5	0.976161787601436	0.0654938711145034	median implied SD=0.976, dispersion=0.065, n=62570	effect_scale_validation.R:v1
GCST90201894	GCST90201894	passed	""	source	""	0.940084310253193	estimated_from_source_maf	24562	24562	0	0	0	0	24562	0.01	0.5	0.940084310253193	0.0665677497803366	median implied SD=0.940, dispersion=0.067, n=24562	effect_scale_validation.R:v1
GCST90201895	GCST90201895	passed	""	source	""	1.03053801138324	estimated_from_source_maf	808133	808133	0	0	0	15	808118	0.01	0.5	1.03053801138324	0.0619009217847698	median implied SD=1.031, dispersion=0.062, n=808118	effect_scale_validation.R:v1
GCST90201896	GCST90201896	passed	""	source	""	0.937140144469518	estimated_from_source_maf	57192	57192	0	0	0	0	57192	0.01	0.5	0.937140144469518	0.0672006095650355	median implied SD=0.937, dispersion=0.067, n=57192	effect_scale_validation.R:v1
GCST90201897	GCST90201897	passed	""	source	""	0.903280438094142	estimated_from_source_maf	13576	13576	0	0	0	0	13576	0.01	0.5	0.903280438094142	0.0696388907386894	median implied SD=0.903, dispersion=0.070, n=13576	effect_scale_validation.R:v1
GCST90201898	GCST90201898	passed	""	source	""	0.850036778786166	estimated_from_source_maf	44119	44119	0	0	0	0	44119	0.01	0.5	0.850036778786166	0.0716407557988379	median implied SD=0.850, dispersion=0.072, n=44119	effect_scale_validation.R:v1
GCST90201899	GCST90201899	passed	""	source	""	0.940072763032262	estimated_from_source_maf	66266	66266	0	0	0	0	66266	0.01	0.5	0.940072763032262	0.066171316044484	median implied SD=0.940, dispersion=0.066, n=66266	effect_scale_validation.R:v1
GCST90201900	GCST90201900	passed	""	source	""	0.905698403566102	estimated_from_source_maf	19491	19491	0	0	0	0	19491	0.01	0.5	0.905698403566102	0.0619513637393463	median implied SD=0.906, dispersion=0.062, n=19491	effect_scale_validation.R:v1
GCST90201901	GCST90201901	passed	""	source	""	0.982095691018326	estimated_from_source_maf	17185	17185	0	0	0	0	17185	0.01	0.5	0.982095691018326	0.0612941001868673	median implied SD=0.982, dispersion=0.061, n=17185	effect_scale_validation.R:v1
GCST90201902	GCST90201902	passed	""	source	""	0.915973707195329	estimated_from_source_maf	22363	22363	0	0	0	0	22363	0.01	0.5	0.915973707195329	0.0617815655050389	median implied SD=0.916, dispersion=0.062, n=22363	effect_scale_validation.R:v1
GCST90201903	GCST90201903	passed	""	source	""	0.955172363884642	estimated_from_source_maf	47500	47500	0	0	0	0	47500	0.01	0.5	0.955172363884642	0.0660241997189999	median implied SD=0.955, dispersion=0.066, n=47500	effect_scale_validation.R:v1
GCST90201904	GCST90201904	passed	""	source	""	0.859995970790556	estimated_from_source_maf	26898	26898	0	0	0	0	26898	0.01	0.5	0.859995970790556	0.0604222616667337	median implied SD=0.860, dispersion=0.060, n=26898	effect_scale_validation.R:v1
GCST90201905	GCST90201905	passed	""	source	""	0.90049010935605	estimated_from_source_maf	6715	6715	0	0	0	0	6715	0.01	0.5	0.90049010935605	0.0693620225606947	median implied SD=0.900, dispersion=0.069, n=6715	effect_scale_validation.R:v1
GCST90201906	GCST90201906	passed	""	source	""	0.92250475415952	estimated_from_source_maf	6782	6782	0	0	0	0	6782	0.01	0.5	0.92250475415952	0.0685861303471255	median implied SD=0.923, dispersion=0.069, n=6782	effect_scale_validation.R:v1
GCST90201907	GCST90201907	passed	""	source	""	0.96978882186035	estimated_from_source_maf	21346	21346	0	0	0	0	21346	0.01	0.5	0.96978882186035	0.0626764199203127	median implied SD=0.970, dispersion=0.063, n=21346	effect_scale_validation.R:v1
GCST90201908	GCST90201908	passed	""	source	""	0.827332488522124	estimated_from_source_maf	14537	14537	0	0	0	0	14537	0.01	0.5	0.827332488522124	0.062549206855748	median implied SD=0.827, dispersion=0.063, n=14537	effect_scale_validation.R:v1
GCST90201909	GCST90201909	passed	""	source	""	0.971805468853939	estimated_from_source_maf	17678	17678	0	0	0	0	17678	0.01	0.5	0.971805468853939	0.0612669386998777	median implied SD=0.972, dispersion=0.061, n=17678	effect_scale_validation.R:v1
GCST90201910	GCST90201910	passed	""	source	""	0.78996832277422	estimated_from_source_maf	81782	81782	0	0	0	0	81782	0.01	0.5	0.78996832277422	0.0774521374972324	median implied SD=0.790, dispersion=0.077, n=81782	effect_scale_validation.R:v1
GCST90201911	GCST90201911	passed	""	source	""	1.00008599669235	estimated_from_source_maf	19701	19701	0	0	0	0	19701	0.01	0.5	1.00008599669235	0.0627163902556079	median implied SD=1.000, dispersion=0.063, n=19701	effect_scale_validation.R:v1
GCST90201912	GCST90201912	passed	""	source	""	0.968586292592564	estimated_from_source_maf	6946	6946	0	0	0	0	6946	0.01	0.5	0.968586292592564	0.0730102230367144	median implied SD=0.969, dispersion=0.073, n=6946	effect_scale_validation.R:v1
GCST90201913	GCST90201913	passed	""	source	""	0.904091192907549	estimated_from_source_maf	6751	6751	0	0	0	0	6751	0.01	0.5	0.904091192907549	0.069275777858094	median implied SD=0.904, dispersion=0.069, n=6751	effect_scale_validation.R:v1
GCST90201914	GCST90201914	passed	""	source	""	0.93811349586152	estimated_from_source_maf	6757	6757	0	0	0	0	6757	0.01	0.5	0.93811349586152	0.068561847073436	median implied SD=0.938, dispersion=0.069, n=6757	effect_scale_validation.R:v1
GCST90201915	GCST90201915	passed	""	source	""	0.971966541646368	estimated_from_source_maf	22299	22299	0	0	0	0	22299	0.01	0.5	0.971966541646368	0.0646108382377353	median implied SD=0.972, dispersion=0.065, n=22299	effect_scale_validation.R:v1
GCST90201916	GCST90201916	passed	""	source	""	0.968301643632063	estimated_from_source_maf	26637	26637	0	0	0	1	26636	0.01	0.5	0.968301643632063	0.0654477588151779	median implied SD=0.968, dispersion=0.065, n=26636	effect_scale_validation.R:v1
GCST90201917	GCST90201917	passed	""	source	""	0.775738622494467	estimated_from_source_maf	65526	65526	0	0	0	0	65526	0.01	0.5	0.775738622494467	0.0746908567673933	median implied SD=0.776, dispersion=0.075, n=65526	effect_scale_validation.R:v1
GCST90201918	GCST90201918	passed	""	source	""	0.843858762203224	estimated_from_source_maf	106163	106163	0	0	0	0	106163	0.01	0.5	0.843858762203224	0.0746703940891257	median implied SD=0.844, dispersion=0.075, n=106163	effect_scale_validation.R:v1
GCST90201919	GCST90201919	passed	""	source	""	0.874549551425185	estimated_from_source_maf	28172	28172	0	0	0	0	28172	0.01	0.5	0.874549551425185	0.0640914518839343	median implied SD=0.875, dispersion=0.064, n=28172	effect_scale_validation.R:v1
GCST90201920	GCST90201920	passed	""	source	""	0.928870446068046	estimated_from_source_maf	12492	12492	0	0	0	0	12492	0.01	0.5	0.928870446068046	0.0677061123810587	median implied SD=0.929, dispersion=0.068, n=12492	effect_scale_validation.R:v1
GCST90201921	GCST90201921	passed	""	source	""	0.982244255697584	estimated_from_source_maf	38924	38924	0	0	0	0	38924	0.01	0.5	0.982244255697584	0.0642682512639516	median implied SD=0.982, dispersion=0.064, n=38924	effect_scale_validation.R:v1
GCST90201922	GCST90201922	passed	""	source	""	1.00857873861714	estimated_from_source_maf	65757	65757	0	0	0	0	65757	0.01	0.5	1.00857873861714	0.0646460349579252	median implied SD=1.009, dispersion=0.065, n=65757	effect_scale_validation.R:v1
GCST90201923	GCST90201923	passed	""	source	""	0.84992502248106	estimated_from_source_maf	25098	25098	0	0	0	0	25098	0.01	0.5	0.84992502248106	0.0627903090935884	median implied SD=0.850, dispersion=0.063, n=25098	effect_scale_validation.R:v1
GCST90201924	GCST90201924	passed	""	source	""	0.944592437519209	estimated_from_source_maf	18334	18334	0	0	0	0	18334	0.01	0.5	0.944592437519209	0.0669591726174686	median implied SD=0.945, dispersion=0.067, n=18334	effect_scale_validation.R:v1
GCST90201925	GCST90201925	passed	""	source	""	0.854728187043987	estimated_from_source_maf	12115	12115	0	0	0	0	12115	0.01	0.5	0.854728187043987	0.0674570895574663	median implied SD=0.855, dispersion=0.067, n=12115	effect_scale_validation.R:v1
GCST90201926	GCST90201926	passed	""	source	""	0.913397298328827	estimated_from_source_maf	48601	48601	0	0	0	0	48601	0.01	0.5	0.913397298328827	0.0686891046956668	median implied SD=0.913, dispersion=0.069, n=48601	effect_scale_validation.R:v1
GCST90201927	GCST90201927	passed	""	source	""	0.927470224825882	estimated_from_source_maf	11005	11005	0	0	0	0	11005	0.01	0.5	0.927470224825882	0.0731442052724641	median implied SD=0.927, dispersion=0.073, n=11005	effect_scale_validation.R:v1
GCST90201928	GCST90201928	passed	""	source	""	0.94160592902537	estimated_from_source_maf	19363	19363	0	0	0	0	19363	0.01	0.5	0.94160592902537	0.0637984563762818	median implied SD=0.942, dispersion=0.064, n=19363	effect_scale_validation.R:v1
GCST90201929	GCST90201929	passed	""	source	""	0.922501160367406	estimated_from_source_maf	64950	64950	0	0	0	0	64950	0.01	0.5	0.922501160367406	0.0609312666385108	median implied SD=0.923, dispersion=0.061, n=64950	effect_scale_validation.R:v1
GCST90201930	GCST90201930	passed	""	source	""	0.915482007089904	estimated_from_source_maf	181190	181190	0	0	0	0	181190	0.01	0.5	0.915482007089904	0.0678092982506965	median implied SD=0.915, dispersion=0.068, n=181190	effect_scale_validation.R:v1
GCST90201931	GCST90201931	passed	""	source	""	0.968101624420769	estimated_from_source_maf	181463	181463	0	0	0	0	181463	0.01	0.5	0.968101624420769	0.066435813239966	median implied SD=0.968, dispersion=0.066, n=181463	effect_scale_validation.R:v1
GCST90201932	GCST90201932	passed	""	source	""	0.915849243719896	estimated_from_source_maf	14746	14746	0	0	0	0	14746	0.01	0.5	0.915849243719896	0.0706725237817141	median implied SD=0.916, dispersion=0.071, n=14746	effect_scale_validation.R:v1
GCST90201933	GCST90201933	passed	""	source	""	0.959414746244322	estimated_from_source_maf	36754	36754	0	0	0	0	36754	0.01	0.5	0.959414746244322	0.0637415106778928	median implied SD=0.959, dispersion=0.064, n=36754	effect_scale_validation.R:v1
GCST90201934	GCST90201934	passed	""	source	""	0.878569671337053	estimated_from_source_maf	13814	13814	0	0	0	0	13814	0.01	0.5	0.878569671337053	0.0596292733727916	median implied SD=0.879, dispersion=0.060, n=13814	effect_scale_validation.R:v1
GCST90201935	GCST90201935	passed	""	source	""	0.977370406969197	estimated_from_source_maf	120187	120187	0	0	0	0	120187	0.01	0.5	0.977370406969197	0.0669584852387781	median implied SD=0.977, dispersion=0.067, n=120187	effect_scale_validation.R:v1
GCST90201936	GCST90201936	passed	""	source	""	0.946794945306503	estimated_from_source_maf	138145	138145	0	0	0	0	138145	0.01	0.5	0.946794945306503	0.072511756159166	median implied SD=0.947, dispersion=0.073, n=138145	effect_scale_validation.R:v1
GCST90201937	GCST90201937	passed	""	source	""	0.810605161269468	estimated_from_source_maf	17574	17574	0	0	0	0	17574	0.01	0.5	0.810605161269468	0.0632622234201316	median implied SD=0.811, dispersion=0.063, n=17574	effect_scale_validation.R:v1
GCST90201938	GCST90201938	passed	""	source	""	0.946634604324854	estimated_from_source_maf	12259	12259	0	0	0	0	12259	0.01	0.5	0.946634604324854	0.0660047527864133	median implied SD=0.947, dispersion=0.066, n=12259	effect_scale_validation.R:v1
GCST90201939	GCST90201939	passed	""	source	""	0.771922221116236	estimated_from_source_maf	27560	27560	0	0	0	0	27560	0.01	0.5	0.771922221116236	0.0616446403193715	median implied SD=0.772, dispersion=0.062, n=27560	effect_scale_validation.R:v1
GCST90201940	GCST90201940	passed	""	source	""	0.958000776769638	estimated_from_source_maf	18467	18467	0	0	0	0	18467	0.01	0.5	0.958000776769638	0.066995962680181	median implied SD=0.958, dispersion=0.067, n=18467	effect_scale_validation.R:v1
GCST90201941	GCST90201941	passed	""	source	""	1.01747584382476	estimated_from_source_maf	75428	75428	0	0	0	2	75426	0.01	0.5	1.01747584382476	0.0620437737168445	median implied SD=1.017, dispersion=0.062, n=75426	effect_scale_validation.R:v1
GCST90201942	GCST90201942	passed	""	source	""	0.917959080821201	estimated_from_source_maf	207655	207655	0	0	0	0	207655	0.01	0.5	0.917959080821201	0.0637579476469758	median implied SD=0.918, dispersion=0.064, n=207655	effect_scale_validation.R:v1
GCST90201943	GCST90201943	passed	""	source	""	0.907792774419208	estimated_from_source_maf	37050	37050	0	0	0	0	37050	0.01	0.5	0.907792774419208	0.0661203852266789	median implied SD=0.908, dispersion=0.066, n=37050	effect_scale_validation.R:v1
GCST90201944	GCST90201944	passed	""	source	""	0.906588361890364	estimated_from_source_maf	45683	45683	0	0	0	0	45683	0.01	0.5	0.906588361890364	0.063861332814801	median implied SD=0.907, dispersion=0.064, n=45683	effect_scale_validation.R:v1
GCST90201945	GCST90201945	passed	""	source	""	0.957204243470742	estimated_from_source_maf	13945	13945	0	0	0	0	13945	0.01	0.5	0.957204243470742	0.0661818569370265	median implied SD=0.957, dispersion=0.066, n=13945	effect_scale_validation.R:v1
GCST90201946	GCST90201946	passed	""	source	""	0.911863881670041	estimated_from_source_maf	41220	41220	0	0	0	0	41220	0.01	0.5	0.911863881670041	0.0674823751290307	median implied SD=0.912, dispersion=0.067, n=41220	effect_scale_validation.R:v1
GCST90201947	GCST90201947	passed	""	source	""	0.935034386018074	estimated_from_source_maf	10437	10437	0	0	0	0	10437	0.01	0.5	0.935034386018074	0.0680166405114005	median implied SD=0.935, dispersion=0.068, n=10437	effect_scale_validation.R:v1
GCST90201948	GCST90201948	passed	""	source	""	0.89765384253945	estimated_from_source_maf	18509	18509	0	0	0	0	18509	0.01	0.5	0.89765384253945	0.0636403885119961	median implied SD=0.898, dispersion=0.064, n=18509	effect_scale_validation.R:v1
GCST90201949	GCST90201949	passed	""	source	""	0.930363169204368	estimated_from_source_maf	21566	21566	0	0	0	1	21565	0.01	0.5	0.930363169204368	0.062661949037917	median implied SD=0.930, dispersion=0.063, n=21565	effect_scale_validation.R:v1
GCST90201950	GCST90201950	passed	""	source	""	0.970497581510234	estimated_from_source_maf	11840	11840	0	0	0	0	11840	0.01	0.5	0.970497581510234	0.0645506310575673	median implied SD=0.970, dispersion=0.065, n=11840	effect_scale_validation.R:v1
GCST90201951	GCST90201951	passed	""	source	""	0.983503688274691	estimated_from_source_maf	39194	39194	0	0	0	0	39194	0.01	0.5	0.983503688274691	0.0742517988721669	median implied SD=0.984, dispersion=0.074, n=39194	effect_scale_validation.R:v1
GCST90201952	GCST90201952	passed	""	source	""	0.920515648491113	estimated_from_source_maf	88643	88643	0	0	0	0	88643	0.01	0.5	0.920515648491113	0.060336278506783	median implied SD=0.921, dispersion=0.060, n=88643	effect_scale_validation.R:v1
GCST90201953	GCST90201953	passed	""	source	""	0.960895820055987	estimated_from_source_maf	6837	6837	0	0	0	0	6837	0.01	0.5	0.960895820055987	0.0692756743137153	median implied SD=0.961, dispersion=0.069, n=6837	effect_scale_validation.R:v1
GCST90201954	GCST90201954	passed	""	source	""	0.929632872355504	estimated_from_source_maf	13155	13155	0	0	0	0	13155	0.01	0.5	0.929632872355504	0.0636740216353891	median implied SD=0.930, dispersion=0.064, n=13155	effect_scale_validation.R:v1
GCST90201955	GCST90201955	passed	""	source	""	0.966612479311561	estimated_from_source_maf	27757	27757	0	0	0	0	27757	0.01	0.5	0.966612479311561	0.0599187110268561	median implied SD=0.967, dispersion=0.060, n=27757	effect_scale_validation.R:v1
GCST90201956	GCST90201956	passed	""	source	""	0.897777138773446	estimated_from_source_maf	11360	11360	0	0	0	0	11360	0.01	0.5	0.897777138773446	0.0654930770389321	median implied SD=0.898, dispersion=0.065, n=11360	effect_scale_validation.R:v1
GCST90201957	GCST90201957	passed	""	source	""	0.907443527835119	estimated_from_source_maf	23569	23569	0	0	0	0	23569	0.01	0.5	0.907443527835119	0.060604557196999	median implied SD=0.907, dispersion=0.061, n=23569	effect_scale_validation.R:v1
GCST90201958	GCST90201958	passed	""	source	""	0.99209345565869	estimated_from_source_maf	17709	17709	0	0	0	0	17709	0.01	0.5	0.99209345565869	0.0631608701014917	median implied SD=0.992, dispersion=0.063, n=17709	effect_scale_validation.R:v1
GCST90201959	GCST90201959	passed	""	source	""	0.978887704417037	estimated_from_source_maf	48860	48860	0	0	0	0	48860	0.01	0.5	0.978887704417037	0.0661717196173313	median implied SD=0.979, dispersion=0.066, n=48860	effect_scale_validation.R:v1
GCST90201960	GCST90201960	passed	""	source	""	0.938739398437771	estimated_from_source_maf	33798	33798	0	0	0	0	33798	0.01	0.5	0.938739398437771	0.0667651316749738	median implied SD=0.939, dispersion=0.067, n=33798	effect_scale_validation.R:v1
GCST90201961	GCST90201961	passed	""	source	""	0.98762598394069	estimated_from_source_maf	20520	20520	0	0	0	0	20520	0.01	0.5	0.98762598394069	0.0645177247988572	median implied SD=0.988, dispersion=0.065, n=20520	effect_scale_validation.R:v1
GCST90201962	GCST90201962	passed	""	source	""	0.911476238967068	estimated_from_source_maf	31067	31067	0	0	0	0	31067	0.01	0.5	0.911476238967068	0.0619871567374325	median implied SD=0.911, dispersion=0.062, n=31067	effect_scale_validation.R:v1
GCST90201963	GCST90201963	passed	""	source	""	0.867233376369849	estimated_from_source_maf	12688	12688	0	0	0	0	12688	0.01	0.5	0.867233376369849	0.0687812475161566	median implied SD=0.867, dispersion=0.069, n=12688	effect_scale_validation.R:v1
GCST90201964	GCST90201964	passed	""	source	""	0.981186639077572	estimated_from_source_maf	18576	18576	0	0	0	0	18576	0.01	0.5	0.981186639077572	0.0686845097261774	median implied SD=0.981, dispersion=0.069, n=18576	effect_scale_validation.R:v1
GCST90201965	GCST90201965	passed	""	source	""	0.897558802967751	estimated_from_source_maf	27548	27548	0	0	0	0	27548	0.01	0.5	0.897558802967751	0.0699148215000728	median implied SD=0.898, dispersion=0.070, n=27548	effect_scale_validation.R:v1
GCST90201966	GCST90201966	passed	""	source	""	0.982828164031916	estimated_from_source_maf	79363	79363	0	0	0	0	79363	0.01	0.5	0.982828164031916	0.0768720940175444	median implied SD=0.983, dispersion=0.077, n=79363	effect_scale_validation.R:v1
GCST90201967	GCST90201967	passed	""	source	""	1.01150584426072	estimated_from_source_maf	18237	18237	0	0	0	0	18237	0.01	0.5	1.01150584426072	0.0630059252870317	median implied SD=1.012, dispersion=0.063, n=18237	effect_scale_validation.R:v1
GCST90201968	GCST90201968	passed	""	source	""	0.926097926850509	estimated_from_source_maf	12764	12764	0	0	0	0	12764	0.01	0.5	0.926097926850509	0.0679674585678641	median implied SD=0.926, dispersion=0.068, n=12764	effect_scale_validation.R:v1
GCST90201969	GCST90201969	passed	""	source	""	0.871069252564071	estimated_from_source_maf	61366	61366	0	0	0	0	61366	0.01	0.5	0.871069252564071	0.0735701002363356	median implied SD=0.871, dispersion=0.074, n=61366	effect_scale_validation.R:v1
GCST90201970	GCST90201970	passed	""	source	""	0.885381032138153	estimated_from_source_maf	6790	6790	0	0	0	0	6790	0.01	0.5	0.885381032138153	0.0702091897966396	median implied SD=0.885, dispersion=0.070, n=6790	effect_scale_validation.R:v1
GCST90201971	GCST90201971	passed	""	source	""	0.935906518896108	estimated_from_source_maf	6758	6758	0	0	0	0	6758	0.01	0.5	0.935906518896108	0.0685958632513023	median implied SD=0.936, dispersion=0.069, n=6758	effect_scale_validation.R:v1
GCST90201972	GCST90201972	passed	""	source	""	0.742587498571667	estimated_from_source_maf	19835	19835	0	0	0	0	19835	0.01	0.5	0.742587498571667	0.0726666210864247	median implied SD=0.743, dispersion=0.073, n=19835	effect_scale_validation.R:v1
GCST90201973	GCST90201973	passed	""	source	""	0.938748265400344	estimated_from_source_maf	34617	34617	0	0	0	0	34617	0.01	0.5	0.938748265400344	0.063068576520869	median implied SD=0.939, dispersion=0.063, n=34617	effect_scale_validation.R:v1
GCST90201974	GCST90201974	passed	""	source	""	0.975221910191206	estimated_from_source_maf	36871	36871	0	0	0	0	36871	0.01	0.5	0.975221910191206	0.0638069356222592	median implied SD=0.975, dispersion=0.064, n=36871	effect_scale_validation.R:v1
GCST90201975	GCST90201975	passed	""	source	""	0.865436307573055	estimated_from_source_maf	22047	22047	0	0	0	0	22047	0.01	0.5	0.865436307573055	0.0632361709734064	median implied SD=0.865, dispersion=0.063, n=22047	effect_scale_validation.R:v1
GCST90201976	GCST90201976	passed	""	source	""	0.985087565283804	estimated_from_source_maf	28169	28169	0	0	0	0	28169	0.01	0.5	0.985087565283804	0.0607602022609962	median implied SD=0.985, dispersion=0.061, n=28169	effect_scale_validation.R:v1
GCST90201977	GCST90201977	passed	""	source	""	0.966913166045464	estimated_from_source_maf	30275	30275	0	0	0	0	30275	0.01	0.5	0.966913166045464	0.0654365867571358	median implied SD=0.967, dispersion=0.065, n=30275	effect_scale_validation.R:v1
GCST90201978	GCST90201978	passed	""	source	""	0.912154734524074	estimated_from_source_maf	12097	12097	0	0	0	0	12097	0.01	0.5	0.912154734524074	0.062137843498812	median implied SD=0.912, dispersion=0.062, n=12097	effect_scale_validation.R:v1
GCST90201979	GCST90201979	passed	""	source	""	0.891167774605698	estimated_from_source_maf	13364	13364	0	0	0	0	13364	0.01	0.5	0.891167774605698	0.0667117051862415	median implied SD=0.891, dispersion=0.067, n=13364	effect_scale_validation.R:v1
GCST90201980	GCST90201980	passed	""	source	""	0.97763400948036	estimated_from_source_maf	19689	19689	0	0	0	0	19689	0.01	0.5	0.97763400948036	0.0649497524011523	median implied SD=0.978, dispersion=0.065, n=19689	effect_scale_validation.R:v1
GCST90201981	GCST90201981	passed	""	source	""	0.953918336154483	estimated_from_source_maf	12360	12360	0	0	0	0	12360	0.01	0.5	0.953918336154483	0.0661467778783006	median implied SD=0.954, dispersion=0.066, n=12360	effect_scale_validation.R:v1
GCST90201982	GCST90201982	passed	""	source	""	0.97892659057719	estimated_from_source_maf	38638	38638	0	0	0	0	38638	0.01	0.5	0.97892659057719	0.0619301010474141	median implied SD=0.979, dispersion=0.062, n=38638	effect_scale_validation.R:v1
GCST90201983	GCST90201983	passed	""	source	""	0.95717956375964	estimated_from_source_maf	16060	16060	0	0	0	0	16060	0.01	0.5	0.95717956375964	0.0655739003388306	median implied SD=0.957, dispersion=0.066, n=16060	effect_scale_validation.R:v1
GCST90201984	GCST90201984	passed	""	source	""	0.969718471988537	estimated_from_source_maf	24709	24709	0	0	0	0	24709	0.01	0.5	0.969718471988537	0.0651342452752727	median implied SD=0.970, dispersion=0.065, n=24709	effect_scale_validation.R:v1
GCST90201985	GCST90201985	passed	""	source	""	0.973193245090195	estimated_from_source_maf	26004	26004	0	0	0	0	26004	0.01	0.5	0.973193245090195	0.0633237880965042	median implied SD=0.973, dispersion=0.063, n=26004	effect_scale_validation.R:v1
GCST90201986	GCST90201986	passed	""	source	""	0.884778883315313	estimated_from_source_maf	21369	21369	0	0	0	0	21369	0.01	0.5	0.884778883315313	0.0706758079154652	median implied SD=0.885, dispersion=0.071, n=21369	effect_scale_validation.R:v1
GCST90201987	GCST90201987	passed	""	source	""	0.754940244868696	estimated_from_source_maf	11992	11992	0	0	0	0	11992	0.01	0.5	0.754940244868696	0.0663222658981813	median implied SD=0.755, dispersion=0.066, n=11992	effect_scale_validation.R:v1
GCST90201988	GCST90201988	passed	""	source	""	1.00042857405098	estimated_from_source_maf	26904	26904	0	0	0	0	26904	0.01	0.5	1.00042857405098	0.0625785322911159	median implied SD=1.000, dispersion=0.063, n=26904	effect_scale_validation.R:v1
GCST90201989	GCST90201989	passed	""	source	""	0.917082896555724	estimated_from_source_maf	17802	17802	0	0	0	0	17802	0.01	0.5	0.917082896555724	0.0650933473844565	median implied SD=0.917, dispersion=0.065, n=17802	effect_scale_validation.R:v1
GCST90201990	GCST90201990	passed	""	source	""	0.81855201531606	estimated_from_source_maf	40184	40184	0	0	0	0	40184	0.01	0.5	0.81855201531606	0.0704046137734206	median implied SD=0.819, dispersion=0.070, n=40184	effect_scale_validation.R:v1
GCST90201991	GCST90201991	passed	""	source	""	0.862371099061666	estimated_from_source_maf	12839	12839	0	0	0	0	12839	0.01	0.5	0.862371099061666	0.064923389162502	median implied SD=0.862, dispersion=0.065, n=12839	effect_scale_validation.R:v1
GCST90201992	GCST90201992	passed	""	source	""	0.804598589632908	estimated_from_source_maf	28654	28654	0	0	0	0	28654	0.01	0.5	0.804598589632908	0.0724503213896208	median implied SD=0.805, dispersion=0.072, n=28654	effect_scale_validation.R:v1
GCST90201993	GCST90201993	passed	""	source	""	0.870600882490402	estimated_from_source_maf	28343	28343	0	0	0	0	28343	0.01	0.5	0.870600882490402	0.0636921063319231	median implied SD=0.871, dispersion=0.064, n=28343	effect_scale_validation.R:v1
GCST90201994	GCST90201994	passed	""	source	""	0.800405460120874	estimated_from_source_maf	19639	19639	0	0	0	0	19639	0.01	0.5	0.800405460120874	0.0685564812893287	median implied SD=0.800, dispersion=0.069, n=19639	effect_scale_validation.R:v1
GCST90201995	GCST90201995	passed	""	source	""	0.81794014001552	estimated_from_source_maf	24615	24615	0	0	0	0	24615	0.01	0.5	0.81794014001552	0.0602512358783827	median implied SD=0.818, dispersion=0.060, n=24615	effect_scale_validation.R:v1
GCST90201996	GCST90201996	passed	""	source	""	0.912976958738105	estimated_from_source_maf	76375	76375	0	0	0	0	76375	0.01	0.5	0.912976958738105	0.0738676307052868	median implied SD=0.913, dispersion=0.074, n=76375	effect_scale_validation.R:v1
GCST90201997	GCST90201997	passed	""	source	""	0.986784900626456	estimated_from_source_maf	12763	12763	0	0	0	0	12763	0.01	0.5	0.986784900626456	0.06595449128332	median implied SD=0.987, dispersion=0.066, n=12763	effect_scale_validation.R:v1
GCST90201998	GCST90201998	passed	""	source	""	0.939635923091153	estimated_from_source_maf	10632	10632	0	0	0	0	10632	0.01	0.5	0.939635923091153	0.0646943874514694	median implied SD=0.940, dispersion=0.065, n=10632	effect_scale_validation.R:v1
GCST90201999	GCST90201999	passed	""	source	""	0.930236730125678	estimated_from_source_maf	16990	16990	0	0	0	0	16990	0.01	0.5	0.930236730125678	0.0612312619873513	median implied SD=0.930, dispersion=0.061, n=16990	effect_scale_validation.R:v1
GCST90202000	GCST90202000	passed	""	source	""	1.01668178430438	estimated_from_source_maf	50820	50820	0	0	0	0	50820	0.01	0.5	1.01668178430438	0.0622328917257046	median implied SD=1.017, dispersion=0.062, n=50820	effect_scale_validation.R:v1
GCST90202001	GCST90202001	passed	""	source	""	0.965271250939061	estimated_from_source_maf	18981	18981	0	0	0	0	18981	0.01	0.5	0.965271250939061	0.0669818632271279	median implied SD=0.965, dispersion=0.067, n=18981	effect_scale_validation.R:v1
GCST90202002	GCST90202002	passed	""	source	""	0.898558921669701	estimated_from_source_maf	107950	107950	0	0	0	0	107950	0.01	0.5	0.898558921669701	0.0729041910523849	median implied SD=0.899, dispersion=0.073, n=107950	effect_scale_validation.R:v1
GCST90202003	GCST90202003	passed	""	source	""	0.942115420834135	estimated_from_source_maf	16011	16011	0	0	0	0	16011	0.01	0.5	0.942115420834135	0.0636401240073882	median implied SD=0.942, dispersion=0.064, n=16011	effect_scale_validation.R:v1
GCST90202004	GCST90202004	passed	""	source	""	0.921029402606399	estimated_from_source_maf	7121	7121	0	0	0	0	7121	0.01	0.5	0.921029402606399	0.0754583753251025	median implied SD=0.921, dispersion=0.075, n=7121	effect_scale_validation.R:v1
GCST90202005	GCST90202005	passed	""	source	""	0.920545585984075	estimated_from_source_maf	42107	42107	0	0	0	0	42107	0.01	0.5	0.920545585984075	0.0599414399161358	median implied SD=0.921, dispersion=0.060, n=42107	effect_scale_validation.R:v1
GCST90202006	GCST90202006	passed	""	source	""	0.919590188858617	estimated_from_source_maf	18690	18690	0	0	0	0	18690	0.01	0.5	0.919590188858617	0.0633261681439541	median implied SD=0.920, dispersion=0.063, n=18690	effect_scale_validation.R:v1
GCST90202007	GCST90202007	passed	""	source	""	0.994582620555021	estimated_from_source_maf	29005	29005	0	0	0	0	29005	0.01	0.5	0.994582620555021	0.0631163453292462	median implied SD=0.995, dispersion=0.063, n=29005	effect_scale_validation.R:v1
GCST90202008	GCST90202008	passed	""	source	""	0.957758618504683	estimated_from_source_maf	24651	24651	0	0	0	0	24651	0.01	0.5	0.957758618504683	0.0592222528003996	median implied SD=0.958, dispersion=0.059, n=24651	effect_scale_validation.R:v1
GCST90202009	GCST90202009	passed	""	source	""	0.975311950449793	estimated_from_source_maf	53880	53880	0	0	0	2	53878	0.01	0.5	0.975311950449793	0.0636876190383454	median implied SD=0.975, dispersion=0.064, n=53878	effect_scale_validation.R:v1
GCST90202010	GCST90202010	passed	""	source	""	0.909622132667931	estimated_from_source_maf	26273	26273	0	0	0	0	26273	0.01	0.5	0.909622132667931	0.061784596722429	median implied SD=0.910, dispersion=0.062, n=26273	effect_scale_validation.R:v1
GCST90202011	GCST90202011	passed	""	source	""	0.825525523172019	estimated_from_source_maf	19271	19271	0	0	0	0	19271	0.01	0.5	0.825525523172019	0.0731566519259174	median implied SD=0.826, dispersion=0.073, n=19271	effect_scale_validation.R:v1
GCST90202012	GCST90202012	passed	""	source	""	0.938261717353998	estimated_from_source_maf	36246	36246	0	0	0	0	36246	0.01	0.5	0.938261717353998	0.060635507546556	median implied SD=0.938, dispersion=0.061, n=36246	effect_scale_validation.R:v1
GCST90202013	GCST90202013	passed	""	source	""	0.89729494129674	estimated_from_source_maf	6756	6756	0	0	0	0	6756	0.01	0.5	0.89729494129674	0.0697198661166574	median implied SD=0.897, dispersion=0.070, n=6756	effect_scale_validation.R:v1
GCST90202014	GCST90202014	passed	""	source	""	0.878425314910445	estimated_from_source_maf	56117	56117	0	0	0	0	56117	0.01	0.5	0.878425314910445	0.0627756940200432	median implied SD=0.878, dispersion=0.063, n=56117	effect_scale_validation.R:v1
GCST90202015	GCST90202015	passed	""	source	""	0.727339637959378	estimated_from_source_maf	41430	41430	0	0	0	1	41429	0.01	0.5	0.727339637959378	0.0664143647950888	median implied SD=0.727, dispersion=0.066, n=41429	effect_scale_validation.R:v1
GCST90202016	GCST90202016	passed	""	source	""	0.925885653628249	estimated_from_source_maf	30571	30571	0	0	0	3	30568	0.01	0.5	0.925885653628249	0.064691659525916	median implied SD=0.926, dispersion=0.065, n=30568	effect_scale_validation.R:v1
GCST90202017	GCST90202017	passed	""	source	""	0.921556842222752	estimated_from_source_maf	6779	6779	0	0	0	0	6779	0.01	0.5	0.921556842222752	0.0712139132424517	median implied SD=0.922, dispersion=0.071, n=6779	effect_scale_validation.R:v1
GCST90202018	GCST90202018	passed	""	source	""	0.83123172122152	estimated_from_source_maf	35608	35608	0	0	0	0	35608	0.01	0.5	0.83123172122152	0.0648383792720071	median implied SD=0.831, dispersion=0.065, n=35608	effect_scale_validation.R:v1
GCST90202019	GCST90202019	passed	""	source	""	0.787048881711957	estimated_from_source_maf	30452	30452	0	0	0	0	30452	0.01	0.5	0.787048881711957	0.0634684113307782	median implied SD=0.787, dispersion=0.063, n=30452	effect_scale_validation.R:v1
GCST90202020	GCST90202020	passed	""	source	""	0.876496988591543	estimated_from_source_maf	55919	55919	0	0	0	0	55919	0.01	0.5	0.876496988591543	0.0597443799869421	median implied SD=0.876, dispersion=0.060, n=55919	effect_scale_validation.R:v1
GCST90202021	GCST90202021	passed	""	source	""	0.916728464057063	estimated_from_source_maf	37176	37176	0	0	0	0	37176	0.01	0.5	0.916728464057063	0.0712862997125205	median implied SD=0.917, dispersion=0.071, n=37176	effect_scale_validation.R:v1
GCST90202022	GCST90202022	passed	""	source	""	0.839683164159725	estimated_from_source_maf	112061	112061	0	0	0	0	112061	0.01	0.5	0.839683164159725	0.0686136727127356	median implied SD=0.840, dispersion=0.069, n=112061	effect_scale_validation.R:v1
GCST90202023	GCST90202023	passed	""	source	""	0.930820155789263	estimated_from_source_maf	38156	38156	0	0	0	1	38155	0.01	0.5	0.930820155789263	0.0616744073700138	median implied SD=0.931, dispersion=0.062, n=38155	effect_scale_validation.R:v1
GCST90202024	GCST90202024	passed	""	source	""	0.975064894226872	estimated_from_source_maf	6855	6855	0	0	0	0	6855	0.01	0.5	0.975064894226872	0.0694788217077375	median implied SD=0.975, dispersion=0.069, n=6855	effect_scale_validation.R:v1
GCST90202025	GCST90202025	passed	""	source	""	0.979699350650341	estimated_from_source_maf	25401	25401	0	0	0	0	25401	0.01	0.5	0.979699350650341	0.0661635632615117	median implied SD=0.980, dispersion=0.066, n=25401	effect_scale_validation.R:v1
GCST90202026	GCST90202026	passed	""	source	""	0.784565472254338	estimated_from_source_maf	198267	198267	0	0	0	0	198267	0.01	0.5	0.784565472254338	0.0731001338188905	median implied SD=0.785, dispersion=0.073, n=198267	effect_scale_validation.R:v1
GCST90202027	GCST90202027	passed	""	source	""	0.898246937835534	estimated_from_source_maf	62049	62049	0	0	0	0	62049	0.01	0.5	0.898246937835534	0.0654537037856063	median implied SD=0.898, dispersion=0.065, n=62049	effect_scale_validation.R:v1
GCST90202028	GCST90202028	passed	""	source	""	0.962078655957877	estimated_from_source_maf	18320	18320	0	0	0	0	18320	0.01	0.5	0.962078655957877	0.0661247669459139	median implied SD=0.962, dispersion=0.066, n=18320	effect_scale_validation.R:v1
GCST90202029	GCST90202029	passed	""	source	""	0.987076969919421	estimated_from_source_maf	41254	41254	0	0	0	0	41254	0.01	0.5	0.987076969919421	0.0640113703366902	median implied SD=0.987, dispersion=0.064, n=41254	effect_scale_validation.R:v1
GCST90202030	GCST90202030	passed	""	source	""	0.913769415904366	estimated_from_source_maf	17110	17110	0	0	0	0	17110	0.01	0.5	0.913769415904366	0.0646377359929731	median implied SD=0.914, dispersion=0.065, n=17110	effect_scale_validation.R:v1
GCST90202031	GCST90202031	passed	""	source	""	0.984056710895959	estimated_from_source_maf	23781	23781	0	0	0	0	23781	0.01	0.5	0.984056710895959	0.0652094283709799	median implied SD=0.984, dispersion=0.065, n=23781	effect_scale_validation.R:v1
GCST90202032	GCST90202032	passed	""	source	""	0.92122039723825	estimated_from_source_maf	6828	6828	0	0	0	0	6828	0.01	0.5	0.92122039723825	0.0688636041256042	median implied SD=0.921, dispersion=0.069, n=6828	effect_scale_validation.R:v1
GCST90202033	GCST90202033	passed	""	source	""	0.928558625366389	estimated_from_source_maf	47420	47420	0	0	0	0	47420	0.01	0.5	0.928558625366389	0.0625496144509518	median implied SD=0.929, dispersion=0.063, n=47420	effect_scale_validation.R:v1
GCST90202034	GCST90202034	passed	""	source	""	0.932433635684337	estimated_from_source_maf	18856	18856	0	0	0	0	18856	0.01	0.5	0.932433635684337	0.0625954936471773	median implied SD=0.932, dispersion=0.063, n=18856	effect_scale_validation.R:v1
GCST90202035	GCST90202035	passed	""	source	""	0.791696308190117	estimated_from_source_maf	13239	13239	0	0	0	0	13239	0.01	0.5	0.791696308190117	0.0652191398368068	median implied SD=0.792, dispersion=0.065, n=13239	effect_scale_validation.R:v1
GCST90202036	GCST90202036	passed	""	source	""	1.01439655532144	estimated_from_source_maf	19917	19917	0	0	0	0	19917	0.01	0.5	1.01439655532144	0.0637336330931287	median implied SD=1.014, dispersion=0.064, n=19917	effect_scale_validation.R:v1
GCST90202037	GCST90202037	passed	""	source	""	0.990263101052997	estimated_from_source_maf	11481	11481	0	0	0	0	11481	0.01	0.5	0.990263101052997	0.0608948373961772	median implied SD=0.990, dispersion=0.061, n=11481	effect_scale_validation.R:v1
GCST90202038	GCST90202038	passed	""	source	""	0.832269755885969	estimated_from_source_maf	34188	34188	0	0	0	0	34188	0.01	0.5	0.832269755885969	0.0642720788511401	median implied SD=0.832, dispersion=0.064, n=34188	effect_scale_validation.R:v1
GCST90202039	GCST90202039	passed	""	source	""	0.962280077015762	estimated_from_source_maf	15137	15137	0	0	0	0	15137	0.01	0.5	0.962280077015762	0.0679619125908985	median implied SD=0.962, dispersion=0.068, n=15137	effect_scale_validation.R:v1
GCST90202040	GCST90202040	passed	""	source	""	0.882535136102997	estimated_from_source_maf	12574	12574	0	0	0	0	12574	0.01	0.5	0.882535136102997	0.0707866258737434	median implied SD=0.883, dispersion=0.071, n=12574	effect_scale_validation.R:v1
GCST90202041	GCST90202041	passed	""	source	""	0.860438242836586	estimated_from_source_maf	6691	6691	0	0	0	0	6691	0.01	0.5	0.860438242836586	0.0689059557722402	median implied SD=0.860, dispersion=0.069, n=6691	effect_scale_validation.R:v1
GCST90202042	GCST90202042	passed	""	source	""	0.996312392593159	estimated_from_source_maf	20366	20366	0	0	0	0	20366	0.01	0.5	0.996312392593159	0.0610511829440869	median implied SD=0.996, dispersion=0.061, n=20366	effect_scale_validation.R:v1
GCST90202043	GCST90202043	passed	""	source	""	0.890600829350354	estimated_from_source_maf	12367	12367	0	0	0	0	12367	0.01	0.5	0.890600829350354	0.0709417942717261	median implied SD=0.891, dispersion=0.071, n=12367	effect_scale_validation.R:v1
GCST90202044	GCST90202044	passed	""	source	""	0.95965009970148	estimated_from_source_maf	21321	21321	0	0	0	0	21321	0.01	0.5	0.95965009970148	0.0648472953618016	median implied SD=0.960, dispersion=0.065, n=21321	effect_scale_validation.R:v1
GCST90202045	GCST90202045	passed	""	source	""	0.839806285969337	estimated_from_source_maf	15438	15438	0	0	0	0	15438	0.01	0.5	0.839806285969337	0.061995691253199	median implied SD=0.840, dispersion=0.062, n=15438	effect_scale_validation.R:v1
GCST90202046	GCST90202046	passed	""	source	""	0.979055325820697	estimated_from_source_maf	6772	6772	0	0	0	0	6772	0.01	0.5	0.979055325820697	0.0693278532560135	median implied SD=0.979, dispersion=0.069, n=6772	effect_scale_validation.R:v1
GCST90202047	GCST90202047	passed	""	source	""	1.00879545296063	estimated_from_source_maf	29869	29869	0	0	0	0	29869	0.01	0.5	1.00879545296063	0.0636096739509941	median implied SD=1.009, dispersion=0.064, n=29869	effect_scale_validation.R:v1
GCST90202048	GCST90202048	passed	""	source	""	0.92535108988775	estimated_from_source_maf	25068	25068	0	0	0	0	25068	0.01	0.5	0.92535108988775	0.0663426214133519	median implied SD=0.925, dispersion=0.066, n=25068	effect_scale_validation.R:v1
GCST90202049	GCST90202049	passed	""	source	""	0.991804270580855	estimated_from_source_maf	6775	6775	0	0	0	0	6775	0.01	0.5	0.991804270580855	0.0693552680647071	median implied SD=0.992, dispersion=0.069, n=6775	effect_scale_validation.R:v1
GCST90202050	GCST90202050	passed	""	source	""	0.929223896716123	estimated_from_source_maf	23792	23792	0	0	0	0	23792	0.01	0.5	0.929223896716123	0.0671943653796663	median implied SD=0.929, dispersion=0.067, n=23792	effect_scale_validation.R:v1
GCST90202051	GCST90202051	passed	""	source	""	1.00348253920277	estimated_from_source_maf	24695	24695	0	0	0	0	24695	0.01	0.5	1.00348253920277	0.0640479731930929	median implied SD=1.003, dispersion=0.064, n=24695	effect_scale_validation.R:v1
GCST90202052	GCST90202052	passed	""	source	""	0.963553170034688	estimated_from_source_maf	34725	34725	0	0	0	0	34725	0.01	0.5	0.963553170034688	0.0613665287214498	median implied SD=0.964, dispersion=0.061, n=34725	effect_scale_validation.R:v1
GCST90202053	GCST90202053	passed	""	source	""	0.883907693838009	estimated_from_source_maf	33102	33102	0	0	0	0	33102	0.01	0.5	0.883907693838009	0.0683203785373455	median implied SD=0.884, dispersion=0.068, n=33102	effect_scale_validation.R:v1
GCST90202054	GCST90202054	passed	""	source	""	0.945639988804497	estimated_from_source_maf	74283	74283	0	0	0	0	74283	0.01	0.5	0.945639988804497	0.0684811366097847	median implied SD=0.946, dispersion=0.068, n=74283	effect_scale_validation.R:v1
