analysis_id	source_analysis_id	source_ancestry_label	assigned_ancestry	ancestry_assignment_method	ancestry_reference_id	af_overlap	dominant_superpop	dominant_proportion	runner_up_margin	nnls_residual	gate_reason	ancestry_prop_AFR	ancestry_prop_AMR	ancestry_prop_EAS	ancestry_prop_EUR	ancestry_prop_MID	ancestry_prop_NAF	ancestry_prop_SAS	source_assigned_mismatch	ancestry_notes
GCST90202055	GCST90202055	East Asian	EAS	af_assigned	ukb-ancestry-mixture-hg38	5784	EAS	0.990045	0.985268	0.0333378	ok	0.00144661	0.0047766	0.990045	0.00373185	0	0	0	false	dominant=EAS proportion=0.990 margin=0.985 overlap=5784 residual=0.0333
GCST90202056	GCST90202056	East Asian	EAS	af_assigned	ukb-ancestry-mixture-hg38	5669	EAS	0.98927	0.983725	0.034223	ok	0.00218302	0.00554516	0.98927	0.00300185	0	0	0	false	dominant=EAS proportion=0.989 margin=0.984 overlap=5669 residual=0.0342
GCST90202057	GCST90202057	East Asian	EAS	af_assigned	ukb-ancestry-mixture-hg38	5783	EAS	0.983997	0.977779	0.0331381	ok	0.00516716	0.00461785	0.983997	0.00621814	0	0	0	false	dominant=EAS proportion=0.984 margin=0.978 overlap=5783 residual=0.0331
GCST90202058	GCST90202058	East Asian	EAS	af_assigned	ukb-ancestry-mixture-hg38	5593	EAS	0.983302	0.977588	0.033564	ok	0.00565881	0.00571481	0.983302	0.00532395	0	0	0	false	dominant=EAS proportion=0.983 margin=0.978 overlap=5593 residual=0.0336
GCST90202059	GCST90202059	East Asian	EAS	af_assigned	ukb-ancestry-mixture-hg38	5578	EAS	0.982829	0.974005	0.0392422	ok	0.00731869	0.00882413	0.982829	0.0010282	0	0	0	false	dominant=EAS proportion=0.983 margin=0.974 overlap=5578 residual=0.0392
GCST90202060	GCST90202060	East Asian	EAS	af_assigned	ukb-ancestry-mixture-hg38	10943	EAS	0.981234	0.962468	0.0329319	ok	0	0.0187662	0.981234	0	0	0	0	false	dominant=EAS proportion=0.981 margin=0.962 overlap=10943 residual=0.0329
GCST90202061	GCST90202061	East Asian	EAS	af_assigned	ukb-ancestry-mixture-hg38	5706	EAS	0.984356	0.978847	0.0328228	ok	0.0050563	0.00507877	0.984356	0.00550915	0	0	0	false	dominant=EAS proportion=0.984 margin=0.979 overlap=5706 residual=0.0328
GCST90202062	GCST90202062	East Asian	EAS	af_assigned	ukb-ancestry-mixture-hg38	5704	EAS	0.984317	0.978977	0.0328445	ok	0.00504759	0.00529662	0.984317	0.00533923	0	0	0	false	dominant=EAS proportion=0.984 margin=0.979 overlap=5704 residual=0.0328
GCST90202063	GCST90202063	East Asian	EAS	af_assigned	ukb-ancestry-mixture-hg38	5753	EAS	0.986416	0.981468	0.0332839	ok	0.00494826	0.00491199	0.986416	0.00372365	0	0	0	false	dominant=EAS proportion=0.986 margin=0.981 overlap=5753 residual=0.0333
GCST90202064	GCST90202064	East Asian	EAS	af_assigned	ukb-ancestry-mixture-hg38	5752	EAS	0.984188	0.97753	0.0331143	ok	0.00545695	0.00369641	0.984188	0.00665857	0	0	0	false	dominant=EAS proportion=0.984 margin=0.978 overlap=5752 residual=0.0331
GCST90202065	GCST90202065	East Asian	EAS	af_assigned	ukb-ancestry-mixture-hg38	8536	EAS	0.981056	0.970636	0.033373	ok	0.00288149	0.00564218	0.981056	0.01042	0	0	0	false	dominant=EAS proportion=0.981 margin=0.971 overlap=8536 residual=0.0334
GCST90202066	GCST90202066	East Asian	EAS	af_assigned	ukb-ancestry-mixture-hg38	8040	EAS	0.981366	0.974239	0.0333104	ok	0.0010841	0	0.981366	0.00484027	0.00558216	0	0.00712714	false	dominant=EAS proportion=0.981 margin=0.974 overlap=8040 residual=0.0333
GCST90202067	GCST90202067	East Asian	EAS	af_assigned	ukb-ancestry-mixture-hg38	13160	EAS	0.952699	0.905397	0.0374209	ok	0	0.0473013	0.952699	0	0	0	0	false	dominant=EAS proportion=0.953 margin=0.905 overlap=13160 residual=0.0374
GCST90202068	GCST90202068	East Asian	EAS	af_assigned	ukb-ancestry-mixture-hg38	5709	EAS	0.984467	0.979133	0.0328016	ok	0.00497198	0.00522655	0.984467	0.00533422	0	0	0	false	dominant=EAS proportion=0.984 margin=0.979 overlap=5709 residual=0.0328
GCST90202069	GCST90202069	East Asian	EAS	af_assigned	ukb-ancestry-mixture-hg38	5777	EAS	0.98414	0.977273	0.0331507	ok	0.0052101	0.00686676	0.98414	0.00378333	0	0	0	false	dominant=EAS proportion=0.984 margin=0.977 overlap=5777 residual=0.0332
GCST90202070	GCST90202070	East Asian	EAS	af_assigned	ukb-ancestry-mixture-hg38	7735	EAS	0.981075	0.969477	0.036122	ok	0.0115981	0.00104447	0.981075	0.00628254	0	0	0	false	dominant=EAS proportion=0.981 margin=0.969 overlap=7735 residual=0.0361
GCST90202071	GCST90202071	East Asian	EAS	af_assigned	ukb-ancestry-mixture-hg38	5730	EAS	0.984517	0.978912	0.0330256	ok	0.00514421	0.00473397	0.984517	0.00560477	0	0	0	false	dominant=EAS proportion=0.985 margin=0.979 overlap=5730 residual=0.0330
GCST90202072	GCST90202072	East Asian	EAS	af_assigned	ukb-ancestry-mixture-hg38	5731	EAS	0.984331	0.978081	0.0330002	ok	0.00541792	0.004001	0.984331	0.00625012	0	0	0	false	dominant=EAS proportion=0.984 margin=0.978 overlap=5731 residual=0.0330
GCST90202073	GCST90202073	East Asian	EAS	af_assigned	ukb-ancestry-mixture-hg38	5740	EAS	0.984292	0.978883	0.0329706	ok	0.00508776	0.00521039	0.984292	0.00540958	0	0	0	false	dominant=EAS proportion=0.984 margin=0.979 overlap=5740 residual=0.0330
GCST90202074	GCST90202074	East Asian	EAS	af_assigned	ukb-ancestry-mixture-hg38	7984	EAS	0.978436	0.966892	0.0322934	ok	0.00917212	0.000848383	0.978436	0	0	0	0.0115438	false	dominant=EAS proportion=0.978 margin=0.967 overlap=7984 residual=0.0323
GCST90202075	GCST90202075	East Asian	EAS	af_assigned	ukb-ancestry-mixture-hg38	17256	EAS	0.970318	0.955635	0.0330866	ok	0.00647698	0.00852286	0.970318	0.0146823	0	0	0	false	dominant=EAS proportion=0.970 margin=0.956 overlap=17256 residual=0.0331
GCST90202076	GCST90202076	East Asian	EAS	af_assigned	ukb-ancestry-mixture-hg38	5753	EAS	0.985848	0.980937	0.033107	ok	0.0045293	0.00471168	0.985848	0.00491078	0	0	0	false	dominant=EAS proportion=0.986 margin=0.981 overlap=5753 residual=0.0331
GCST90202077	GCST90202077	East Asian	EAS	af_assigned	ukb-ancestry-mixture-hg38	8478	EAS	0.994936	0.990978	0.0367413	ok	0.00110543	0.00395832	0.994936	0	0	0	0	false	dominant=EAS proportion=0.995 margin=0.991 overlap=8478 residual=0.0367
GCST90202078	GCST90202078	East Asian	EAS	af_assigned	ukb-ancestry-mixture-hg38	5767	EAS	0.983807	0.977345	0.0331506	ok	0.00518792	0.00454242	0.983807	0.00646234	0	0	0	false	dominant=EAS proportion=0.984 margin=0.977 overlap=5767 residual=0.0332
GCST90202079	GCST90202079	East Asian	EAS	af_assigned	ukb-ancestry-mixture-hg38	5809	EAS	0.983018	0.97681	0.0335208	ok	0.00504207	0.00620856	0.983018	0.0057309	0	0	0	false	dominant=EAS proportion=0.983 margin=0.977 overlap=5809 residual=0.0335
GCST90202080	GCST90202080	East Asian	EAS	af_assigned	ukb-ancestry-mixture-hg38	5587	EAS	0.989123	0.982566	0.0335013	ok	0.00157175	0.0065568	0.989123	0.00274835	0	0	0	false	dominant=EAS proportion=0.989 margin=0.983 overlap=5587 residual=0.0335
GCST90202081	GCST90202081	East Asian	EAS	af_assigned	ukb-ancestry-mixture-hg38	7712	EAS	0.985499	0.977479	0.034282	ok	0.00802007	0.00648125	0.985499	0	0	0	0	false	dominant=EAS proportion=0.985 margin=0.977 overlap=7712 residual=0.0343
GCST90202082	GCST90202082	East Asian	EAS	af_assigned	ukb-ancestry-mixture-hg38	5733	EAS	0.984388	0.978542	0.0330187	ok	0.00478592	0.00497935	0.984388	0.00584659	0	0	0	false	dominant=EAS proportion=0.984 margin=0.979 overlap=5733 residual=0.0330
GCST90202083	GCST90202083	East Asian	EAS	af_assigned	ukb-ancestry-mixture-hg38	5667	EAS	0.982039	0.973883	0.0338459	ok	0.00554567	0.00425985	0.982039	0.00815564	0	0	0	false	dominant=EAS proportion=0.982 margin=0.974 overlap=5667 residual=0.0338
GCST90202084	GCST90202084	East Asian	EAS	af_assigned	ukb-ancestry-mixture-hg38	5738	EAS	0.984543	0.979358	0.0330284	ok	0.0050873	0.00518522	0.984543	0.00518399	0	0	0	false	dominant=EAS proportion=0.985 margin=0.979 overlap=5738 residual=0.0330
GCST90202085	GCST90202085	East Asian	EAS	af_assigned	ukb-ancestry-mixture-hg38	5708	EAS	0.984515	0.979186	0.032829	ok	0.00491879	0.00523633	0.984515	0.00532957	0	0	0	false	dominant=EAS proportion=0.985 margin=0.979 overlap=5708 residual=0.0328
GCST90202086	GCST90202086	East Asian	EAS	af_assigned	ukb-ancestry-mixture-hg38	8350	EAS	0.979795	0.962499	0.0304631	ok	0.00127732	0.017296	0.979795	0	0	0.000448874	0.00118238	false	dominant=EAS proportion=0.980 margin=0.962 overlap=8350 residual=0.0305
GCST90202087	GCST90202087	East Asian	EAS	af_assigned	ukb-ancestry-mixture-hg38	5751	EAS	0.984535	0.97868	0.0331044	ok	0.00493499	0.00467449	0.984535	0.00585528	0	0	0	false	dominant=EAS proportion=0.985 margin=0.979 overlap=5751 residual=0.0331
GCST90202088	GCST90202088	East Asian	EAS	af_assigned	ukb-ancestry-mixture-hg38	5709	EAS	0.984491	0.979107	0.032831	ok	0.0050154	0.00538485	0.984491	0.00510825	0	0	0	false	dominant=EAS proportion=0.984 margin=0.979 overlap=5709 residual=0.0328
GCST90202089	GCST90202089	East Asian	EAS	af_assigned	ukb-ancestry-mixture-hg38	8040	EAS	0.981517	0.974647	0.0333396	ok	0.00114508	0	0.981517	0.00445673	0.00601003	0	0.00687066	false	dominant=EAS proportion=0.982 margin=0.975 overlap=8040 residual=0.0333
GCST90202090	GCST90202090	East Asian	EAS	af_assigned	ukb-ancestry-mixture-hg38	5704	EAS	0.984402	0.978926	0.03282	ok	0.00492259	0.00547608	0.984402	0.00519969	0	0	0	false	dominant=EAS proportion=0.984 margin=0.979 overlap=5704 residual=0.0328
GCST90202091	GCST90202091	East Asian	EAS	af_assigned	ukb-ancestry-mixture-hg38	5706	EAS	0.984271	0.978818	0.0328108	ok	0.00494925	0.00545319	0.984271	0.00532688	0	0	0	false	dominant=EAS proportion=0.984 margin=0.979 overlap=5706 residual=0.0328
GCST90202092	GCST90202092	East Asian	EAS	af_assigned	ukb-ancestry-mixture-hg38	5706	EAS	0.984304	0.97889	0.0328167	ok	0.0050242	0.00541382	0.984304	0.00525774	0	0	0	false	dominant=EAS proportion=0.984 margin=0.979 overlap=5706 residual=0.0328
GCST90202093	GCST90202093	East Asian	EAS	af_assigned	ukb-ancestry-mixture-hg38	5731	EAS	0.984571	0.9791	0.0328522	ok	0.00517882	0.00477974	0.984571	0.00547058	0	0	0	false	dominant=EAS proportion=0.985 margin=0.979 overlap=5731 residual=0.0329
GCST90202094	GCST90202094	East Asian	EAS	af_assigned	ukb-ancestry-mixture-hg38	8312	EAS	0.984034	0.969524	0.0318244	ok	0.00145522	0.0145105	0.984034	0	0	0	0	false	dominant=EAS proportion=0.984 margin=0.970 overlap=8312 residual=0.0318
GCST90202095	GCST90202095	East Asian	EAS	af_assigned	ukb-ancestry-mixture-hg38	5802	EAS	0.984305	0.978791	0.0332923	ok	0.00551433	0.00489219	0.984305	0.00528828	0	0	0	false	dominant=EAS proportion=0.984 margin=0.979 overlap=5802 residual=0.0333
GCST90202096	GCST90202096	East Asian	EAS	af_assigned	ukb-ancestry-mixture-hg38	6857	EAS	0.966357	0.932713	0.0339958	ok	0	0.0336433	0.966357	0	0	0	0	false	dominant=EAS proportion=0.966 margin=0.933 overlap=6857 residual=0.0340
GCST90202097	GCST90202097	East Asian	EAS	af_assigned	ukb-ancestry-mixture-hg38	5734	EAS	0.984039	0.978306	0.0330115	ok	0.00505947	0.00573274	0.984039	0.00516892	0	0	0	false	dominant=EAS proportion=0.984 margin=0.978 overlap=5734 residual=0.0330
GCST90202098	GCST90202098	East Asian	EAS	af_assigned	ukb-ancestry-mixture-hg38	8197	EAS	0.987494	0.979465	0.0313989	ok	0.00447744	0	0.987494	0.00802893	0	0	0	false	dominant=EAS proportion=0.987 margin=0.979 overlap=8197 residual=0.0314
GCST90202099	GCST90202099	East Asian	EAS	af_assigned	ukb-ancestry-mixture-hg38	5702	EAS	0.984417	0.979044	0.0328128	ok	0.00493711	0.0052731	0.984417	0.00537314	0	0	0	false	dominant=EAS proportion=0.984 margin=0.979 overlap=5702 residual=0.0328
GCST90202100	GCST90202100	East Asian	EAS	af_assigned	ukb-ancestry-mixture-hg38	8028	EAS	0.971315	0.956206	0.0328691	ok	0.00837956	0	0.971315	0.00519631	0	0	0.0151092	false	dominant=EAS proportion=0.971 margin=0.956 overlap=8028 residual=0.0329
GCST90202101	GCST90202101	East Asian	EAS	af_assigned	ukb-ancestry-mixture-hg38	5734	EAS	0.984496	0.978751	0.0329792	ok	0.00467286	0.00508663	0.984496	0.00574492	0	0	0	false	dominant=EAS proportion=0.984 margin=0.979 overlap=5734 residual=0.0330
GCST90202102	GCST90202102	East Asian	EAS	af_assigned	ukb-ancestry-mixture-hg38	5787	EAS	0.984565	0.977815	0.0332472	ok	0.0054695	0.00321567	0.984565	0.00674989	0	0	0	false	dominant=EAS proportion=0.985 margin=0.978 overlap=5787 residual=0.0332
GCST90202103	GCST90202103	East Asian	EAS	af_assigned	ukb-ancestry-mixture-hg38	5782	EAS	0.983945	0.977818	0.0331159	ok	0.00489571	0.00612728	0.983945	0.00503218	0	0	0	false	dominant=EAS proportion=0.984 margin=0.978 overlap=5782 residual=0.0331
GCST90202104	GCST90202104	East Asian	EAS	af_assigned	ukb-ancestry-mixture-hg38	5721	EAS	0.983933	0.978558	0.0329357	ok	0.00532351	0.0053679	0.983933	0.00537534	0	0	0	false	dominant=EAS proportion=0.984 margin=0.979 overlap=5721 residual=0.0329
GCST90202105	GCST90202105	East Asian	EAS	af_assigned	ukb-ancestry-mixture-hg38	8194	EAS	0.968757	0.95331	0.0315773	ok	0	0.015447	0.968757	0.000770871	0	0	0.015025	false	dominant=EAS proportion=0.969 margin=0.953 overlap=8194 residual=0.0316
GCST90202106	GCST90202106	East Asian	EAS	af_assigned	ukb-ancestry-mixture-hg38	10183	EAS	0.996408	0.992815	0.0388896	ok	0.00359234	0	0.996408	0	0	0	0	false	dominant=EAS proportion=0.996 margin=0.993 overlap=10183 residual=0.0389
GCST90202107	GCST90202107	East Asian	EAS	af_assigned	ukb-ancestry-mixture-hg38	5753	EAS	0.984869	0.979449	0.033101	ok	0.00504271	0.00466913	0.984869	0.00541942	0	0	0	false	dominant=EAS proportion=0.985 margin=0.979 overlap=5753 residual=0.0331
GCST90202108	GCST90202108	East Asian	EAS	af_assigned	ukb-ancestry-mixture-hg38	7583	EAS	0.974098	0.958002	0.03207	ok	0	0.0160964	0.974098	0	0.00980515	0	0	false	dominant=EAS proportion=0.974 margin=0.958 overlap=7583 residual=0.0321
GCST90202109	GCST90202109	East Asian	EAS	af_assigned	ukb-ancestry-mixture-hg38	5734	EAS	0.984452	0.978885	0.032981	ok	0.00556719	0.00490809	0.984452	0.00507231	0	0	0	false	dominant=EAS proportion=0.984 margin=0.979 overlap=5734 residual=0.0330
GCST90202110	GCST90202110	East Asian	EAS	af_assigned	ukb-ancestry-mixture-hg38	5708	EAS	0.984413	0.979014	0.0328329	ok	0.00499481	0.0051935	0.984413	0.00539864	0	0	0	false	dominant=EAS proportion=0.984 margin=0.979 overlap=5708 residual=0.0328
GCST90202111	GCST90202111	East Asian	EAS	af_assigned	ukb-ancestry-mixture-hg38	5708	EAS	0.984385	0.978826	0.0328149	ok	0.00498817	0.00555922	0.984385	0.0050673	0	0	0	false	dominant=EAS proportion=0.984 margin=0.979 overlap=5708 residual=0.0328
GCST90202112	GCST90202112	East Asian	EAS	af_assigned	ukb-ancestry-mixture-hg38	5634	EAS	0.982554	0.973841	0.035502	ok	0.00730681	0.00142571	0.982554	0.00871324	0	0	0	false	dominant=EAS proportion=0.983 margin=0.974 overlap=5634 residual=0.0355
GCST90202113	GCST90202113	East Asian	EAS	af_assigned	ukb-ancestry-mixture-hg38	5811	EAS	0.984306	0.978321	0.0331914	ok	0.00510375	0.00598509	0.984306	0.0046054	0	0	0	false	dominant=EAS proportion=0.984 margin=0.978 overlap=5811 residual=0.0332
GCST90202114	GCST90202114	East Asian	EAS	af_assigned	ukb-ancestry-mixture-hg38	5709	EAS	0.984786	0.979539	0.0328511	ok	0.00481246	0.00524706	0.984786	0.00515481	0	0	0	false	dominant=EAS proportion=0.985 margin=0.980 overlap=5709 residual=0.0329
GCST90202115	GCST90202115	East Asian	EAS	af_assigned	ukb-ancestry-mixture-hg38	10978	EAS	0.986026	0.972396	0.03189	ok	0.000344409	0.0136299	0.986026	0	0	0	0	false	dominant=EAS proportion=0.986 margin=0.972 overlap=10978 residual=0.0319
GCST90202116	GCST90202116	East Asian	EAS	af_assigned	ukb-ancestry-mixture-hg38	8587	EAS	0.970713	0.955527	0.0330261	ok	0.0141014	0	0.970713	0	0	0	0.0151856	false	dominant=EAS proportion=0.971 margin=0.956 overlap=8587 residual=0.0330
GCST90202117	GCST90202117	East Asian	EAS	af_assigned	ukb-ancestry-mixture-hg38	5568	EAS	0.981649	0.970554	0.0348936	ok	0.00725697	0	0.981649	0.0110943	0	0	0	false	dominant=EAS proportion=0.982 margin=0.971 overlap=5568 residual=0.0349
GCST90202118	GCST90202118	East Asian	EAS	af_assigned	ukb-ancestry-mixture-hg38	5722	EAS	0.974645	0.964663	0.0381986	ok	0.00826671	0.00998204	0.974645	0.00710599	0	0	0	false	dominant=EAS proportion=0.975 margin=0.965 overlap=5722 residual=0.0382
GCST90202119	GCST90202119	East Asian	EAS	af_assigned	ukb-ancestry-mixture-hg38	7943	EAS	0.990476	0.983548	0.0310213	ok	0.00259562	0	0.990476	0.00692831	0	0	0	false	dominant=EAS proportion=0.990 margin=0.984 overlap=7943 residual=0.0310
GCST90202120	GCST90202120	East Asian	EAS	af_assigned	ukb-ancestry-mixture-hg38	5576	EAS	0.983556	0.977239	0.0333357	ok	0.00631779	0.00508798	0.983556	0.00503779	0	0	0	false	dominant=EAS proportion=0.984 margin=0.977 overlap=5576 residual=0.0333
GCST90202121	GCST90202121	East Asian	EAS	af_assigned	ukb-ancestry-mixture-hg38	5705	EAS	0.984452	0.978991	0.0328171	ok	0.00500404	0.00508204	0.984452	0.0054617	0	0	0	false	dominant=EAS proportion=0.984 margin=0.979 overlap=5705 residual=0.0328
GCST90202122	GCST90202122	East Asian	EAS	af_assigned	ukb-ancestry-mixture-hg38	8782	EAS	0.975891	0.954912	0.0316508	ok	0.00313087	0	0.975891	0.0209784	0	0	0	false	dominant=EAS proportion=0.976 margin=0.955 overlap=8782 residual=0.0317
GCST90202123	GCST90202123	East Asian	EAS	af_assigned	ukb-ancestry-mixture-hg38	5728	EAS	0.984481	0.978751	0.0328941	ok	0.00526142	0.00452818	0.984481	0.00572987	0	0	0	false	dominant=EAS proportion=0.984 margin=0.979 overlap=5728 residual=0.0329
GCST90202124	GCST90202124	East Asian	EAS	af_assigned	ukb-ancestry-mixture-hg38	7946	EAS	0.991992	0.983985	0.0335078	ok	0.00800762	0	0.991992	0	0	0	0	false	dominant=EAS proportion=0.992 margin=0.984 overlap=7946 residual=0.0335
GCST90202125	GCST90202125	East Asian	EAS	af_assigned	ukb-ancestry-mixture-hg38	5732	EAS	0.984373	0.978907	0.0329707	ok	0.00546626	0.00524084	0.984373	0.00491986	0	0	0	false	dominant=EAS proportion=0.984 margin=0.979 overlap=5732 residual=0.0330
GCST90202126	GCST90202126	East Asian	EAS	af_assigned	ukb-ancestry-mixture-hg38	7714	EAS	0.97333	0.955758	0.0351266	ok	0.00285069	0.00624722	0.97333	0.0175721	0	0	0	false	dominant=EAS proportion=0.973 margin=0.956 overlap=7714 residual=0.0351
GCST90202127	GCST90202127	East Asian	EAS	af_assigned	ukb-ancestry-mixture-hg38	7125	EAS	0.98421	0.977202	0.0315828	ok	0.00700809	0.00555305	0.98421	0	0	0	0.0032292	false	dominant=EAS proportion=0.984 margin=0.977 overlap=7125 residual=0.0316
GCST90202128	GCST90202128	East Asian	EAS	af_assigned	ukb-ancestry-mixture-hg38	8913	EAS	0.96363	0.943944	0.0351888	ok	0	0.0166838	0.96363	0	0	0	0.0196859	false	dominant=EAS proportion=0.964 margin=0.944 overlap=8913 residual=0.0352
GCST90202129	GCST90202129	East Asian	EAS	af_assigned	ukb-ancestry-mixture-hg38	7479	EAS	0.977421	0.964356	0.0333919	ok	0.00271612	0.0130647	0.977421	0.00679804	0	0	0	false	dominant=EAS proportion=0.977 margin=0.964 overlap=7479 residual=0.0334
GCST90202130	GCST90202130	East Asian	EAS	af_assigned	ukb-ancestry-mixture-hg38	5771	EAS	0.984245	0.977829	0.0331925	ok	0.00462715	0.00641666	0.984245	0.00471101	0	0	0	false	dominant=EAS proportion=0.984 margin=0.978 overlap=5771 residual=0.0332
GCST90202131	GCST90202131	East Asian	EAS	af_assigned	ukb-ancestry-mixture-hg38	5755	EAS	0.983991	0.977721	0.032946	ok	0.00469527	0.00626931	0.983991	0.00504478	0	0	0	false	dominant=EAS proportion=0.984 margin=0.978 overlap=5755 residual=0.0329
GCST90202132	GCST90202132	East Asian	EAS	af_assigned	ukb-ancestry-mixture-hg38	5729	EAS	0.98442	0.978826	0.0328797	ok	0.00503517	0.00559452	0.98442	0.00495003	0	0	0	false	dominant=EAS proportion=0.984 margin=0.979 overlap=5729 residual=0.0329
GCST90202133	GCST90202133	East Asian	EAS	af_assigned	ukb-ancestry-mixture-hg38	5705	EAS	0.984486	0.979094	0.0328218	ok	0.00505943	0.0050635	0.984486	0.00539155	0	0	0	false	dominant=EAS proportion=0.984 margin=0.979 overlap=5705 residual=0.0328
GCST90202134	GCST90202134	East Asian	EAS	af_assigned	ukb-ancestry-mixture-hg38	5795	EAS	0.984617	0.9786	0.0333252	ok	0.00475503	0.00601671	0.984617	0.00461126	0	0	0	false	dominant=EAS proportion=0.985 margin=0.979 overlap=5795 residual=0.0333
GCST90202135	GCST90202135	East Asian	EAS	af_assigned	ukb-ancestry-mixture-hg38	5717	EAS	0.984404	0.978838	0.032828	ok	0.00483405	0.0055665	0.984404	0.0051954	0	0	0	false	dominant=EAS proportion=0.984 margin=0.979 overlap=5717 residual=0.0328
GCST90202136	GCST90202136	East Asian	EAS	af_assigned	ukb-ancestry-mixture-hg38	5804	EAS	0.984481	0.97845	0.033464	ok	0.0051427	0.00603054	0.984481	0.00434603	0	0	0	false	dominant=EAS proportion=0.984 margin=0.978 overlap=5804 residual=0.0335
GCST90202137	GCST90202137	East Asian	EAS	af_assigned	ukb-ancestry-mixture-hg38	9402	EAS	0.967874	0.949376	0.0335912	ok	0.00645356	0.00233093	0.967874	0.0184981	0	0	0.0048432	false	dominant=EAS proportion=0.968 margin=0.949 overlap=9402 residual=0.0336
GCST90202138	GCST90202138	East Asian	EAS	af_assigned	ukb-ancestry-mixture-hg38	5497	EAS	0.991316	0.983973	0.038076	ok	0.00020933	0.0011311	0.991316	0.00734339	0	0	0	false	dominant=EAS proportion=0.991 margin=0.984 overlap=5497 residual=0.0381
GCST90202139	GCST90202139	East Asian	EAS	af_assigned	ukb-ancestry-mixture-hg38	5520	EAS	0.97728	0.968678	0.0361395	ok	0.0063188	0.00779949	0.97728	0.00860174	0	0	0	false	dominant=EAS proportion=0.977 margin=0.969 overlap=5520 residual=0.0361
GCST90202140	GCST90202140	East Asian	EAS	af_assigned	ukb-ancestry-mixture-hg38	5745	EAS	0.984118	0.978592	0.0329768	ok	0.00512627	0.00552578	0.984118	0.00523019	0	0	0	false	dominant=EAS proportion=0.984 margin=0.979 overlap=5745 residual=0.0330
GCST90202141	GCST90202141	East Asian	EAS	af_assigned	ukb-ancestry-mixture-hg38	5534	EAS	0.984461	0.978045	0.034727	ok	0.00641608	0.00531766	0.984461	0.00352772	0	0	0.000277525	false	dominant=EAS proportion=0.984 margin=0.978 overlap=5534 residual=0.0347
GCST90202142	GCST90202142	East Asian	EAS	af_assigned	ukb-ancestry-mixture-hg38	5705	EAS	0.984332	0.978811	0.0328289	ok	0.00502835	0.00511851	0.984332	0.00552117	0	0	0	false	dominant=EAS proportion=0.984 margin=0.979 overlap=5705 residual=0.0328
GCST90202143	GCST90202143	East Asian	EAS	af_assigned	ukb-ancestry-mixture-hg38	5711	EAS	0.984426	0.979038	0.0328235	ok	0.00500516	0.00517981	0.984426	0.00538871	0	0	0	false	dominant=EAS proportion=0.984 margin=0.979 overlap=5711 residual=0.0328
GCST90202144	GCST90202144	East Asian	EAS	af_assigned	ukb-ancestry-mixture-hg38	7468	EAS	0.986431	0.980023	0.0308011	ok	0.00640772	0.00234212	0.986431	0.00481933	0	0	0	false	dominant=EAS proportion=0.986 margin=0.980 overlap=7468 residual=0.0308
GCST90202145	GCST90202145	East Asian	EAS	af_assigned	ukb-ancestry-mixture-hg38	5725	EAS	0.984535	0.978735	0.0327934	ok	0.00472905	0.00580062	0.984535	0.00493515	0	0	0	false	dominant=EAS proportion=0.985 margin=0.979 overlap=5725 residual=0.0328
GCST90202146	GCST90202146	East Asian	EAS	af_assigned	ukb-ancestry-mixture-hg38	5707	EAS	0.984483	0.978924	0.0328397	ok	0.00502389	0.00555941	0.984483	0.00493331	0	0	0	false	dominant=EAS proportion=0.984 margin=0.979 overlap=5707 residual=0.0328
GCST90202147	GCST90202147	East Asian	EAS	af_assigned	ukb-ancestry-mixture-hg38	5751	EAS	0.984495	0.978735	0.0331253	ok	0.00491228	0.00483377	0.984495	0.00575939	0	0	0	false	dominant=EAS proportion=0.984 margin=0.979 overlap=5751 residual=0.0331
GCST90202148	GCST90202148	East Asian	EAS	af_assigned	ukb-ancestry-mixture-hg38	5576	EAS	0.986439	0.979598	0.0347637	ok	0.00557387	0.00684132	0.986439	0.0011455	0	0	0	false	dominant=EAS proportion=0.986 margin=0.980 overlap=5576 residual=0.0348
GCST90202149	GCST90202149	East Asian	EAS	af_assigned	ukb-ancestry-mixture-hg38	5801	EAS	0.975077	0.965756	0.0406112	ok	0.00783186	0.00932144	0.975077	0.00776921	0	0	0	false	dominant=EAS proportion=0.975 margin=0.966 overlap=5801 residual=0.0406
GCST90202150	GCST90202150	East Asian	EAS	af_assigned	ukb-ancestry-mixture-hg38	5592	EAS	0.98489	0.979551	0.0335838	ok	0.00506512	0.00470602	0.98489	0.00533895	0	0	0	false	dominant=EAS proportion=0.985 margin=0.980 overlap=5592 residual=0.0336
GCST90202151	GCST90202151	East Asian	EAS	af_assigned	ukb-ancestry-mixture-hg38	5727	EAS	0.98406	0.978406	0.0329849	ok	0.00509414	0.005654	0.98406	0.00519172	0	0	0	false	dominant=EAS proportion=0.984 margin=0.978 overlap=5727 residual=0.0330
GCST90202152	GCST90202152	East Asian	EAS	af_assigned	ukb-ancestry-mixture-hg38	9649	EAS	0.963906	0.942143	0.0341889	ok	0.00638482	0.00794672	0.963906	0.0217627	0	0	0	false	dominant=EAS proportion=0.964 margin=0.942 overlap=9649 residual=0.0342
GCST90202153	GCST90202153	East Asian	EAS	af_assigned	ukb-ancestry-mixture-hg38	5585	EAS	0.983282	0.976033	0.0333102	ok	0.00557284	0.00724903	0.983282	0.00389603	0	0	0	false	dominant=EAS proportion=0.983 margin=0.976 overlap=5585 residual=0.0333
GCST90202154	GCST90202154	East Asian	EAS	af_assigned	ukb-ancestry-mixture-hg38	5587	EAS	0.984387	0.97838	0.033705	ok	0.00509824	0.00600732	0.984387	0.00450742	0	0	0	false	dominant=EAS proportion=0.984 margin=0.978 overlap=5587 residual=0.0337
GCST90202155	GCST90202155	East Asian	EAS	af_assigned	ukb-ancestry-mixture-hg38	7941	EAS	0.972623	0.960084	0.0323813	ok	0.008673	0	0.972623	0.00616476	0	0	0.0125393	false	dominant=EAS proportion=0.973 margin=0.960 overlap=7941 residual=0.0324
GCST90202156	GCST90202156	East Asian	EAS	af_assigned	ukb-ancestry-mixture-hg38	5710	EAS	0.984495	0.979237	0.032816	ok	0.0050518	0.0052581	0.984495	0.00519527	0	0	0	false	dominant=EAS proportion=0.984 margin=0.979 overlap=5710 residual=0.0328
GCST90202157	GCST90202157	East Asian	EAS	af_assigned	ukb-ancestry-mixture-hg38	7902	EAS	0.971272	0.960208	0.0319007	ok	0.0100798	0	0.971272	0.00758518	0	0	0.0110634	false	dominant=EAS proportion=0.971 margin=0.960 overlap=7902 residual=0.0319
GCST90202158	GCST90202158	East Asian	EAS	af_assigned	ukb-ancestry-mixture-hg38	8547	EAS	0.989227	0.980723	0.0331571	ok	0.0022692	0	0.989227	0.00850409	0	0	0	false	dominant=EAS proportion=0.989 margin=0.981 overlap=8547 residual=0.0332
GCST90202159	GCST90202159	East Asian	EAS	af_assigned	ukb-ancestry-mixture-hg38	5722	EAS	0.9894	0.984526	0.0330279	ok	0.00166889	0.00487413	0.9894	0.00405702	0	0	0	false	dominant=EAS proportion=0.989 margin=0.985 overlap=5722 residual=0.0330
GCST90202160	GCST90202160	East Asian	EAS	af_assigned	ukb-ancestry-mixture-hg38	10204	EAS	0.981475	0.962951	0.0329365	ok	0	0	0.981475	0.0185247	0	0	0	false	dominant=EAS proportion=0.981 margin=0.963 overlap=10204 residual=0.0329
GCST90202161	GCST90202161	East Asian	EAS	af_assigned	ukb-ancestry-mixture-hg38	5574	EAS	0.981823	0.97501	0.0335377	ok	0.00581703	0.00681352	0.981823	0.00554639	0	0	0	false	dominant=EAS proportion=0.982 margin=0.975 overlap=5574 residual=0.0335
GCST90202162	GCST90202162	East Asian	EAS	af_assigned	ukb-ancestry-mixture-hg38	5786	EAS	0.984817	0.979256	0.0331869	ok	0.0044207	0.00519987	0.984817	0.00556194	0	0	0	false	dominant=EAS proportion=0.985 margin=0.979 overlap=5786 residual=0.0332
GCST90202163	GCST90202163	East Asian	EAS	af_assigned	ukb-ancestry-mixture-hg38	5735	EAS	0.980303	0.973106	0.0359409	ok	0.00613093	0.00636849	0.980303	0.00719747	0	0	0	false	dominant=EAS proportion=0.980 margin=0.973 overlap=5735 residual=0.0359
GCST90202164	GCST90202164	East Asian	EAS	af_assigned	ukb-ancestry-mixture-hg38	5722	EAS	0.983977	0.978288	0.0329875	ok	0.00508611	0.00568881	0.983977	0.00524796	0	0	0	false	dominant=EAS proportion=0.984 margin=0.978 overlap=5722 residual=0.0330
GCST90202165	GCST90202165	East Asian	EAS	af_assigned	ukb-ancestry-mixture-hg38	5705	EAS	0.984438	0.979051	0.032815	ok	0.00491061	0.00526346	0.984438	0.00538758	0	0	0	false	dominant=EAS proportion=0.984 margin=0.979 overlap=5705 residual=0.0328
GCST90202166	GCST90202166	East Asian	EAS	af_assigned	ukb-ancestry-mixture-hg38	5727	EAS	0.984412	0.979053	0.0329416	ok	0.00505946	0.00535865	0.984412	0.00517026	0	0	0	false	dominant=EAS proportion=0.984 margin=0.979 overlap=5727 residual=0.0329
GCST90202167	GCST90202167	East Asian	EAS	af_assigned	ukb-ancestry-mixture-hg38	5763	EAS	0.984432	0.978234	0.0332035	ok	0.00518119	0.00418852	0.984432	0.0061981	0	0	0	false	dominant=EAS proportion=0.984 margin=0.978 overlap=5763 residual=0.0332
GCST90202168	GCST90202168	East Asian	EAS	af_assigned	ukb-ancestry-mixture-hg38	5723	EAS	0.984188	0.978613	0.0329566	ok	0.00511591	0.0051219	0.984188	0.00557444	0	0	0	false	dominant=EAS proportion=0.984 margin=0.979 overlap=5723 residual=0.0330
GCST90202169	GCST90202169	East Asian	EAS	af_assigned	ukb-ancestry-mixture-hg38	7102	EAS	0.984488	0.977694	0.0315246	ok	0.00679414	0.00648885	0.984488	0	0	0	0.00222887	false	dominant=EAS proportion=0.984 margin=0.978 overlap=7102 residual=0.0315
GCST90202170	GCST90202170	East Asian	EAS	af_assigned	ukb-ancestry-mixture-hg38	5740	EAS	0.984241	0.978456	0.0329736	ok	0.00448052	0.00549301	0.984241	0.00578513	0	0	0	false	dominant=EAS proportion=0.984 margin=0.978 overlap=5740 residual=0.0330
GCST90202171	GCST90202171	East Asian	EAS	af_assigned	ukb-ancestry-mixture-hg38	5792	EAS	0.980914	0.972929	0.0347047	ok	0.00648468	0.00798478	0.980914	0.00461656	0	0	0	false	dominant=EAS proportion=0.981 margin=0.973 overlap=5792 residual=0.0347
GCST90202172	GCST90202172	East Asian	EAS	af_assigned	ukb-ancestry-mixture-hg38	5732	EAS	0.98442	0.977993	0.0328256	ok	0.0047	0.00642617	0.98442	0.00445432	0	0	0	false	dominant=EAS proportion=0.984 margin=0.978 overlap=5732 residual=0.0328
GCST90202173	GCST90202173	East Asian	EAS	af_assigned	ukb-ancestry-mixture-hg38	5717	EAS	0.98464	0.979318	0.0328664	ok	0.00512616	0.00491126	0.98464	0.00532225	0	0	0	false	dominant=EAS proportion=0.985 margin=0.979 overlap=5717 residual=0.0329
GCST90202174	GCST90202174	East Asian	EAS	af_assigned	ukb-ancestry-mixture-hg38	7886	EAS	0.991514	0.983028	0.0317488	ok	0.00848603	0	0.991514	0	0	0	0	false	dominant=EAS proportion=0.992 margin=0.983 overlap=7886 residual=0.0317
GCST90202175	GCST90202175	East Asian	EAS	af_assigned	ukb-ancestry-mixture-hg38	8170	EAS	0.962209	0.9381	0.0323131	ok	0	0	0.962209	0.0136829	0	0	0.0241084	false	dominant=EAS proportion=0.962 margin=0.938 overlap=8170 residual=0.0323
GCST90202176	GCST90202176	East Asian	EAS	af_assigned	ukb-ancestry-mixture-hg38	5775	EAS	0.989332	0.98373	0.0334246	ok	0.00157107	0.00560265	0.989332	0.00349391	0	0	0	false	dominant=EAS proportion=0.989 margin=0.984 overlap=5775 residual=0.0334
GCST90202177	GCST90202177	East Asian	EAS	af_assigned	ukb-ancestry-mixture-hg38	5729	EAS	0.984635	0.979293	0.0330172	ok	0.00488759	0.00534148	0.984635	0.00513634	0	0	0	false	dominant=EAS proportion=0.985 margin=0.979 overlap=5729 residual=0.0330
GCST90202178	GCST90202178	East Asian	EAS	af_assigned	ukb-ancestry-mixture-hg38	5754	EAS	0.984086	0.978583	0.0329428	ok	0.00501889	0.00539173	0.984086	0.00550312	0	0	0	false	dominant=EAS proportion=0.984 margin=0.979 overlap=5754 residual=0.0329
GCST90202179	GCST90202179	East Asian	EAS	af_assigned	ukb-ancestry-mixture-hg38	8247	EAS	0.993515	0.98703	0.0350118	ok	0.00648486	0	0.993515	0	0	0	0	false	dominant=EAS proportion=0.994 margin=0.987 overlap=8247 residual=0.0350
GCST90202180	GCST90202180	East Asian	EAS	af_assigned	ukb-ancestry-mixture-hg38	5593	EAS	0.981039	0.972492	0.0350038	ok	0.00617214	0.00424217	0.981039	0.00854692	0	0	0	false	dominant=EAS proportion=0.981 margin=0.972 overlap=5593 residual=0.0350
GCST90202181	GCST90202181	East Asian	EAS	af_assigned	ukb-ancestry-mixture-hg38	5733	EAS	0.983083	0.975569	0.0359227	ok	0.00751409	0.00372943	0.983083	0.00567336	0	0	0	false	dominant=EAS proportion=0.983 margin=0.976 overlap=5733 residual=0.0359
GCST90202182	GCST90202182	East Asian	EAS	af_assigned	ukb-ancestry-mixture-hg38	5747	EAS	0.984932	0.979594	0.0331671	ok	0.00533847	0.00522887	0.984932	0.00450068	0	0	0	false	dominant=EAS proportion=0.985 margin=0.980 overlap=5747 residual=0.0332
GCST90202183	GCST90202183	East Asian	EAS	af_assigned	ukb-ancestry-mixture-hg38	8224	EAS	0.982262	0.965036	0.0324987	ok	0.000512967	0	0.982262	0.0172254	0	0	0	false	dominant=EAS proportion=0.982 margin=0.965 overlap=8224 residual=0.0325
GCST90202184	GCST90202184	East Asian	EAS	af_assigned	ukb-ancestry-mixture-hg38	5732	EAS	0.98464	0.97816	0.0330763	ok	0.0050283	0.00385143	0.98464	0.00648032	0	0	0	false	dominant=EAS proportion=0.985 margin=0.978 overlap=5732 residual=0.0331
GCST90202185	GCST90202185	East Asian	EAS	af_assigned	ukb-ancestry-mixture-hg38	11395	EAS	0.972855	0.950138	0.0306798	ok	0.00289088	0	0.972855	0.0227164	0	0	0.00153794	false	dominant=EAS proportion=0.973 margin=0.950 overlap=11395 residual=0.0307
GCST90202186	GCST90202186	East Asian	EAS	af_assigned	ukb-ancestry-mixture-hg38	5717	EAS	0.984501	0.979183	0.0328016	ok	0.0048669	0.00531867	0.984501	0.00531307	0	0	0	false	dominant=EAS proportion=0.985 margin=0.979 overlap=5717 residual=0.0328
GCST90202187	GCST90202187	East Asian	EAS	af_assigned	ukb-ancestry-mixture-hg38	8024	EAS	0.964914	0.937089	0.0327247	ok	0.00726108	0.0278251	0.964914	0	0	0	0	false	dominant=EAS proportion=0.965 margin=0.937 overlap=8024 residual=0.0327
GCST90202188	GCST90202188	East Asian	EAS	af_assigned	ukb-ancestry-mixture-hg38	7938	EAS	0.971124	0.960469	0.0321487	ok	0.00953864	0	0.971124	0.00868273	0	0	0.0106549	false	dominant=EAS proportion=0.971 margin=0.960 overlap=7938 residual=0.0321
GCST90202189	GCST90202189	East Asian	EAS	af_assigned	ukb-ancestry-mixture-hg38	7539	EAS	0.976093	0.957916	0.0341945	ok	0.00359664	0.0181774	0.976093	0.00213261	0	0	0	false	dominant=EAS proportion=0.976 margin=0.958 overlap=7539 residual=0.0342
GCST90202190	GCST90202190	East Asian	EAS	af_assigned	ukb-ancestry-mixture-hg38	5712	EAS	0.982688	0.975728	0.0342552	ok	0.00695922	0.0037142	0.982688	0.00663906	0	0	0	false	dominant=EAS proportion=0.983 margin=0.976 overlap=5712 residual=0.0343
GCST90202191	GCST90202191	East Asian	EAS	af_assigned	ukb-ancestry-mixture-hg38	5624	EAS	0.984742	0.975886	0.0352512	ok	0.00606607	0.000335746	0.984742	0.00885593	0	0	0	false	dominant=EAS proportion=0.985 margin=0.976 overlap=5624 residual=0.0353
GCST90202192	GCST90202192	East Asian	EAS	af_assigned	ukb-ancestry-mixture-hg38	5726	EAS	0.985352	0.980353	0.0329795	ok	0.00487146	0.00499965	0.985352	0.0047764	0	0	0	false	dominant=EAS proportion=0.985 margin=0.980 overlap=5726 residual=0.0330
GCST90202193	GCST90202193	East Asian	EAS	af_assigned	ukb-ancestry-mixture-hg38	5739	EAS	0.984789	0.979227	0.0341052	ok	0.0055612	0.00427195	0.984789	0.00537822	0	0	0	false	dominant=EAS proportion=0.985 margin=0.979 overlap=5739 residual=0.0341
GCST90202194	GCST90202194	East Asian	EAS	af_assigned	ukb-ancestry-mixture-hg38	5702	EAS	0.984328	0.978923	0.0328277	ok	0.00501329	0.00525353	0.984328	0.00540512	0	0	0	false	dominant=EAS proportion=0.984 margin=0.979 overlap=5702 residual=0.0328
GCST90202195	GCST90202195	East Asian	EAS	af_assigned	ukb-ancestry-mixture-hg38	8149	EAS	0.982606	0.973888	0.0321629	ok	0.00867511	0	0.982606	0.00871861	0	0	0	false	dominant=EAS proportion=0.983 margin=0.974 overlap=8149 residual=0.0322
GCST90202196	GCST90202196	East Asian	EAS	af_assigned	ukb-ancestry-mixture-hg38	5694	EAS	0.985313	0.979598	0.0341298	ok	0.00571489	0.00350681	0.985313	0.00546514	0	0	0	false	dominant=EAS proportion=0.985 margin=0.980 overlap=5694 residual=0.0341
GCST90202197	GCST90202197	East Asian	EAS	af_assigned	ukb-ancestry-mixture-hg38	10648	EAS	0.973364	0.963959	0.0364207	ok	0.00891454	0.00831557	0.973364	0	0	0	0.00940543	false	dominant=EAS proportion=0.973 margin=0.964 overlap=10648 residual=0.0364
GCST90202198	GCST90202198	East Asian	EAS	af_assigned	ukb-ancestry-mixture-hg38	7625	EAS	0.976299	0.965539	0.0392536	ok	0.0107602	0.00359809	0.976299	0.00913211	0	0	0.000210237	false	dominant=EAS proportion=0.976 margin=0.966 overlap=7625 residual=0.0393
GCST90202199	GCST90202199	East Asian	EAS	af_assigned	ukb-ancestry-mixture-hg38	5604	EAS	0.984255	0.97813	0.0334739	ok	0.00575473	0.00612597	0.984255	0.00386381	0	0	0	false	dominant=EAS proportion=0.984 margin=0.978 overlap=5604 residual=0.0335
GCST90202200	GCST90202200	East Asian	EAS	af_assigned	ukb-ancestry-mixture-hg38	5738	EAS	0.98429	0.977984	0.0329551	ok	0.00510403	0.00430005	0.98429	0.00630576	0	0	0	false	dominant=EAS proportion=0.984 margin=0.978 overlap=5738 residual=0.0330
GCST90202201	GCST90202201	East Asian	EAS	af_assigned	ukb-ancestry-mixture-hg38	5706	EAS	0.9845	0.979226	0.0328335	ok	0.00511071	0.00527443	0.9845	0.00511453	0	0	0	false	dominant=EAS proportion=0.985 margin=0.979 overlap=5706 residual=0.0328
GCST90202202	GCST90202202	East Asian	EAS	af_assigned	ukb-ancestry-mixture-hg38	5834	EAS	0.984877	0.979194	0.0336325	ok	0.00454746	0.00489301	0.984877	0.00568272	0	0	0	false	dominant=EAS proportion=0.985 margin=0.979 overlap=5834 residual=0.0336
GCST90202203	GCST90202203	East Asian	EAS	af_assigned	ukb-ancestry-mixture-hg38	5796	EAS	0.985308	0.9788	0.0333602	ok	0.00487661	0.00330658	0.985308	0.00650837	0	0	0	false	dominant=EAS proportion=0.985 margin=0.979 overlap=5796 residual=0.0334
GCST90202204	GCST90202204	East Asian	EAS	af_assigned	ukb-ancestry-mixture-hg38	5821	EAS	0.985301	0.980068	0.035286	ok	0.00452949	0.00493575	0.985301	0.00523344	0	0	0	false	dominant=EAS proportion=0.985 margin=0.980 overlap=5821 residual=0.0353
GCST90202205	GCST90202205	East Asian	EAS	af_assigned	ukb-ancestry-mixture-hg38	5759	EAS	0.985432	0.979947	0.0331545	ok	0.00483561	0.00424714	0.985432	0.00548498	0	0	0	false	dominant=EAS proportion=0.985 margin=0.980 overlap=5759 residual=0.0332
GCST90202206	GCST90202206	East Asian	EAS	af_assigned	ukb-ancestry-mixture-hg38	8512	EAS	0.976275	0.956774	0.0321044	ok	0.00422442	0	0.976275	0	0	0	0.0195006	false	dominant=EAS proportion=0.976 margin=0.957 overlap=8512 residual=0.0321
GCST90202207	GCST90202207	East Asian	EAS	af_assigned	ukb-ancestry-mixture-hg38	8469	EAS	1	1	0.0339723	ok	0	0	1	0	0	0	0	false	dominant=EAS proportion=1.000 margin=1.000 overlap=8469 residual=0.0340
GCST90202208	GCST90202208	East Asian	EAS	af_assigned	ukb-ancestry-mixture-hg38	5614	EAS	0.98164	0.97361	0.0350108	ok	0.00802988	0.00374213	0.98164	0.00658803	0	0	0	false	dominant=EAS proportion=0.982 margin=0.974 overlap=5614 residual=0.0350
GCST90202209	GCST90202209	East Asian	EAS	af_assigned	ukb-ancestry-mixture-hg38	8597	EAS	0.976229	0.963735	0.0340267	ok	0.0100209	0	0.976229	0.012494	0	0	0.00125569	false	dominant=EAS proportion=0.976 margin=0.964 overlap=8597 residual=0.0340
GCST90202210	GCST90202210	East Asian	EAS	af_assigned	ukb-ancestry-mixture-hg38	5708	EAS	0.984408	0.979113	0.0328242	ok	0.00506005	0.00529479	0.984408	0.00523739	0	0	0	false	dominant=EAS proportion=0.984 margin=0.979 overlap=5708 residual=0.0328
GCST90202211	GCST90202211	East Asian	EAS	af_assigned	ukb-ancestry-mixture-hg38	8011	EAS	0.966936	0.939884	0.0324146	ok	0.00601193	0.0270522	0.966936	0	0	0	0	false	dominant=EAS proportion=0.967 margin=0.940 overlap=8011 residual=0.0324
GCST90202212	GCST90202212	East Asian	EAS	af_assigned	ukb-ancestry-mixture-hg38	5549	EAS	0.98126	0.973957	0.0345798	ok	0.00730308	0.00439947	0.98126	0.00703768	0	0	0	false	dominant=EAS proportion=0.981 margin=0.974 overlap=5549 residual=0.0346
GCST90202213	GCST90202213	East Asian	EAS	af_assigned	ukb-ancestry-mixture-hg38	5776	EAS	0.983933	0.978034	0.0332809	ok	0.00553071	0.00463603	0.983933	0.00589978	0	0	0	false	dominant=EAS proportion=0.984 margin=0.978 overlap=5776 residual=0.0333
GCST90202214	GCST90202214	East Asian	EAS	af_assigned	ukb-ancestry-mixture-hg38	8470	EAS	0.983374	0.968384	0.032498	ok	0	0.0016354	0.983374	0.0149904	0	0	0	false	dominant=EAS proportion=0.983 margin=0.968 overlap=8470 residual=0.0325
GCST90202215	GCST90202215	East Asian	EAS	af_assigned	ukb-ancestry-mixture-hg38	5707	EAS	0.984503	0.97916	0.03282	ok	0.00505628	0.00509818	0.984503	0.00534294	0	0	0	false	dominant=EAS proportion=0.985 margin=0.979 overlap=5707 residual=0.0328
GCST90202216	GCST90202216	East Asian	EAS	af_assigned	ukb-ancestry-mixture-hg38	5607	EAS	0.982531	0.973918	0.039241	ok	0.00135671	0.00861267	0.982531	0.00750012	0	0	0	false	dominant=EAS proportion=0.983 margin=0.974 overlap=5607 residual=0.0392
GCST90202217	GCST90202217	East Asian	EAS	af_assigned	ukb-ancestry-mixture-hg38	5854	EAS	0.977874	0.969592	0.0367191	ok	0.00702635	0.00828199	0.977874	0.00681809	0	0	0	false	dominant=EAS proportion=0.978 margin=0.970 overlap=5854 residual=0.0367
GCST90202218	GCST90202218	East Asian	EAS	af_assigned	ukb-ancestry-mixture-hg38	5709	EAS	0.984413	0.978389	0.0328335	ok	0.00492574	0.00463693	0.984413	0.00602432	0	0	0	false	dominant=EAS proportion=0.984 margin=0.978 overlap=5709 residual=0.0328
GCST90202219	GCST90202219	East Asian	EAS	af_assigned	ukb-ancestry-mixture-hg38	5708	EAS	0.984681	0.979358	0.0328371	ok	0.00488934	0.00510639	0.984681	0.00532327	0	0	0	false	dominant=EAS proportion=0.985 margin=0.979 overlap=5708 residual=0.0328
GCST90202220	GCST90202220	East Asian	EAS	af_assigned	ukb-ancestry-mixture-hg38	6993	EAS	0.983165	0.976218	0.0321893	ok	0.00694731	0.00692631	0.983165	0.00296141	0	0	0	false	dominant=EAS proportion=0.983 margin=0.976 overlap=6993 residual=0.0322
GCST90202221	GCST90202221	East Asian	EAS	af_assigned	ukb-ancestry-mixture-hg38	5702	EAS	0.984437	0.978956	0.0328143	ok	0.00499828	0.00548069	0.984437	0.00508402	0	0	0	false	dominant=EAS proportion=0.984 margin=0.979 overlap=5702 residual=0.0328
GCST90202222	GCST90202222	East Asian	EAS	af_assigned	ukb-ancestry-mixture-hg38	7434	EAS	0.97174	0.950365	0.0315958	ok	0	0.0213747	0.97174	0	0	0	0.00688571	false	dominant=EAS proportion=0.972 margin=0.950 overlap=7434 residual=0.0316
GCST90202223	GCST90202223	East Asian	EAS	af_assigned	ukb-ancestry-mixture-hg38	5764	EAS	0.983871	0.977682	0.0333682	ok	0.00518603	0.00475385	0.983871	0.00618898	0	0	0	false	dominant=EAS proportion=0.984 margin=0.978 overlap=5764 residual=0.0334
GCST90202224	GCST90202224	East Asian	EAS	af_assigned	ukb-ancestry-mixture-hg38	5578	EAS	0.984251	0.977722	0.0334784	ok	0.00506732	0.00415233	0.984251	0.00652915	0	0	0	false	dominant=EAS proportion=0.984 margin=0.978 overlap=5578 residual=0.0335
GCST90202225	GCST90202225	East Asian	EAS	af_assigned	ukb-ancestry-mixture-hg38	5524	EAS	0.984131	0.977125	0.0365391	ok	0.00700669	0.00578245	0.984131	0.00307947	0	0	0	false	dominant=EAS proportion=0.984 margin=0.977 overlap=5524 residual=0.0365
GCST90202226	GCST90202226	East Asian	EAS	af_assigned	ukb-ancestry-mixture-hg38	5726	EAS	0.983923	0.97806	0.0329772	ok	0.00519506	0.00586303	0.983923	0.00501865	0	0	0	false	dominant=EAS proportion=0.984 margin=0.978 overlap=5726 residual=0.0330
GCST90202227	GCST90202227	East Asian	EAS	af_assigned	ukb-ancestry-mixture-hg38	5677	EAS	0.986726	0.980912	0.0340578	ok	0.00409954	0.00581463	0.986726	0.00335965	0	0	0	false	dominant=EAS proportion=0.987 margin=0.981 overlap=5677 residual=0.0341
GCST90202228	GCST90202228	East Asian	EAS	af_assigned	ukb-ancestry-mixture-hg38	5704	EAS	0.98463	0.979448	0.0328238	ok	0.00507895	0.00510816	0.98463	0.00518259	0	0	0	false	dominant=EAS proportion=0.985 margin=0.979 overlap=5704 residual=0.0328
GCST90202229	GCST90202229	East Asian	EAS	af_assigned	ukb-ancestry-mixture-hg38	5702	EAS	0.981118	0.973737	0.0340921	ok	0.0055561	0.00594363	0.981118	0.00738182	0	0	0	false	dominant=EAS proportion=0.981 margin=0.974 overlap=5702 residual=0.0341
GCST90202230	GCST90202230	East Asian	EAS	af_assigned	ukb-ancestry-mixture-hg38	7891	EAS	0.970493	0.955145	0.0343286	ok	0.0114603	0.00269872	0.970493	0.0153478	0	0	0	false	dominant=EAS proportion=0.970 margin=0.955 overlap=7891 residual=0.0343
GCST90202231	GCST90202231	East Asian	EAS	af_assigned	ukb-ancestry-mixture-hg38	10637	EAS	0.988168	0.976336	0.0336719	ok	0.0118322	0	0.988168	0	0	0	0	false	dominant=EAS proportion=0.988 margin=0.976 overlap=10637 residual=0.0337
GCST90202232	GCST90202232	East Asian	EAS	af_assigned	ukb-ancestry-mixture-hg38	8808	EAS	0.970742	0.94257	0.0311084	ok	0.00031803	0.028172	0.970742	0.000767672	0	0	0	false	dominant=EAS proportion=0.971 margin=0.943 overlap=8808 residual=0.0311
GCST90202233	GCST90202233	East Asian	EAS	af_assigned	ukb-ancestry-mixture-hg38	5716	EAS	0.984475	0.978457	0.0328109	ok	0.00480083	0.00601733	0.984475	0.00470712	0	0	0	false	dominant=EAS proportion=0.984 margin=0.978 overlap=5716 residual=0.0328
GCST90202234	GCST90202234	East Asian	EAS	af_assigned	ukb-ancestry-mixture-hg38	5712	EAS	0.984255	0.978198	0.0328242	ok	0.00502101	0.00466758	0.984255	0.00605656	0	0	0	false	dominant=EAS proportion=0.984 margin=0.978 overlap=5712 residual=0.0328
GCST90202235	GCST90202235	East Asian	EAS	af_assigned	ukb-ancestry-mixture-hg38	8774	EAS	0.968773	0.956924	0.0346604	ok	0.00967772	0.0118485	0.968773	0	0.00970091	0	0	false	dominant=EAS proportion=0.969 margin=0.957 overlap=8774 residual=0.0347
GCST90202236	GCST90202236	East Asian	EAS	af_assigned	ukb-ancestry-mixture-hg38	5730	EAS	0.984418	0.977796	0.032815	ok	0.00453138	0.00662237	0.984418	0.00442799	0	0	0	false	dominant=EAS proportion=0.984 margin=0.978 overlap=5730 residual=0.0328
GCST90202237	GCST90202237	East Asian	EAS	af_assigned	ukb-ancestry-mixture-hg38	8550	EAS	0.979961	0.965151	0.0315264	ok	0.0049323	0.0148102	0.979961	0.000296604	0	0	0	false	dominant=EAS proportion=0.980 margin=0.965 overlap=8550 residual=0.0315
GCST90202238	GCST90202238	East Asian	EAS	af_assigned	ukb-ancestry-mixture-hg38	10243	EAS	0.976281	0.963715	0.0313934	ok	0.00529813	0	0.976281	0	0.00585382	0	0.0125667	false	dominant=EAS proportion=0.976 margin=0.964 overlap=10243 residual=0.0314
GCST90202239	GCST90202239	East Asian	EAS	af_assigned	ukb-ancestry-mixture-hg38	5755	EAS	0.984661	0.979063	0.0331199	ok	0.00491942	0.00559816	0.984661	0.00482125	0	0	0	false	dominant=EAS proportion=0.985 margin=0.979 overlap=5755 residual=0.0331
GCST90202240	GCST90202240	East Asian	EAS	af_assigned	ukb-ancestry-mixture-hg38	5735	EAS	0.983912	0.976924	0.0330281	ok	0.00470539	0.00698872	0.983912	0.00439353	0	0	0	false	dominant=EAS proportion=0.984 margin=0.977 overlap=5735 residual=0.0330
GCST90202241	GCST90202241	East Asian	EAS	af_assigned	ukb-ancestry-mixture-hg38	8615	EAS	0.951178	0.920689	0.0330292	ok	0	0.0183329	0.951178	0	0	0	0.0304893	false	dominant=EAS proportion=0.951 margin=0.921 overlap=8615 residual=0.0330
GCST90202242	GCST90202242	East Asian	EAS	af_assigned	ukb-ancestry-mixture-hg38	8596	EAS	0.980012	0.965245	0.0317259	ok	0.0052184	0.0147668	0.980012	3.0593e-06	0	0	0	false	dominant=EAS proportion=0.980 margin=0.965 overlap=8596 residual=0.0317
GCST90202243	GCST90202243	East Asian	EAS	af_assigned	ukb-ancestry-mixture-hg38	5705	EAS	0.984387	0.978916	0.0328483	ok	0.00500649	0.00513508	0.984387	0.00547104	0	0	0	false	dominant=EAS proportion=0.984 margin=0.979 overlap=5705 residual=0.0328
GCST90202244	GCST90202244	East Asian	EAS	af_assigned	ukb-ancestry-mixture-hg38	5828	EAS	0.981336	0.974296	0.0349708	ok	0.00704016	0.00560717	0.981336	0.00601644	0	0	0	false	dominant=EAS proportion=0.981 margin=0.974 overlap=5828 residual=0.0350
GCST90202245	GCST90202245	East Asian	EAS	af_assigned	ukb-ancestry-mixture-hg38	5717	EAS	0.984764	0.979108	0.0329545	ok	0.00519985	0.00438071	0.984764	0.00565576	0	0	0	false	dominant=EAS proportion=0.985 margin=0.979 overlap=5717 residual=0.0330
GCST90202246	GCST90202246	East Asian	EAS	af_assigned	ukb-ancestry-mixture-hg38	5728	EAS	0.984716	0.979321	0.0329611	ok	0.00514775	0.00474109	0.984716	0.00539522	0	0	0	false	dominant=EAS proportion=0.985 margin=0.979 overlap=5728 residual=0.0330
GCST90202247	GCST90202247	East Asian	EAS	af_assigned	ukb-ancestry-mixture-hg38	8363	EAS	0.993123	0.987524	0.0400015	ok	0.00559873	0.0012784	0.993123	0	0	0	0	false	dominant=EAS proportion=0.993 margin=0.988 overlap=8363 residual=0.0400
GCST90202248	GCST90202248	East Asian	EAS	af_assigned	ukb-ancestry-mixture-hg38	5520	EAS	0.979702	0.967689	0.0384639	ok	0.00828406	0	0.979702	0.0120137	0	0	0	false	dominant=EAS proportion=0.980 margin=0.968 overlap=5520 residual=0.0385
GCST90202249	GCST90202249	East Asian	EAS	af_assigned	ukb-ancestry-mixture-hg38	5670	EAS	0.984043	0.977318	0.0339196	ok	0.00525571	0.00672453	0.984043	0.00397687	0	0	0	false	dominant=EAS proportion=0.984 margin=0.977 overlap=5670 residual=0.0339
GCST90202250	GCST90202250	East Asian	EAS	af_assigned	ukb-ancestry-mixture-hg38	5794	EAS	0.983627	0.977645	0.0335192	ok	0.00522949	0.00598177	0.983627	0.00516174	0	0	0	false	dominant=EAS proportion=0.984 margin=0.978 overlap=5794 residual=0.0335
GCST90202251	GCST90202251	East Asian	EAS	af_assigned	ukb-ancestry-mixture-hg38	5696	EAS	0.982209	0.973962	0.0341555	ok	0.00468854	0.00824712	0.982209	0.00485555	0	0	0	false	dominant=EAS proportion=0.982 margin=0.974 overlap=5696 residual=0.0342
GCST90202252	GCST90202252	East Asian	EAS	af_assigned	ukb-ancestry-mixture-hg38	11983	EAS	0.975227	0.964144	0.0318309	ok	0.00629666	0	0.975227	0.0110826	0	0	0.00739418	false	dominant=EAS proportion=0.975 margin=0.964 overlap=11983 residual=0.0318
GCST90202253	GCST90202253	East Asian	EAS	af_assigned	ukb-ancestry-mixture-hg38	7442	EAS	0.982011	0.966283	0.0329708	ok	0	0.0157278	0.982011	0	0.00226157	0	0	false	dominant=EAS proportion=0.982 margin=0.966 overlap=7442 residual=0.0330
GCST90202254	GCST90202254	East Asian	EAS	af_assigned	ukb-ancestry-mixture-hg38	5710	EAS	0.984316	0.978889	0.0328052	ok	0.00496635	0.00528995	0.984316	0.00542734	0	0	0	false	dominant=EAS proportion=0.984 margin=0.979 overlap=5710 residual=0.0328
GCST90202255	GCST90202255	East Asian	EAS	af_assigned	ukb-ancestry-mixture-hg38	5714	EAS	0.984652	0.979173	0.0328525	ok	0.00479027	0.00507892	0.984652	0.00547913	0	0	0	false	dominant=EAS proportion=0.985 margin=0.979 overlap=5714 residual=0.0329
GCST90202256	GCST90202256	East Asian	EAS	af_assigned	ukb-ancestry-mixture-hg38	11563	EAS	0.972471	0.951445	0.0311253	ok	0.00170858	0.00479368	0.972471	0.0210264	0	0	0	false	dominant=EAS proportion=0.972 margin=0.951 overlap=11563 residual=0.0311
GCST90202257	GCST90202257	East Asian	EAS	af_assigned	ukb-ancestry-mixture-hg38	5733	EAS	0.985023	0.979954	0.0330205	ok	0.00506842	0.00488696	0.985023	0.00502178	0	0	0	false	dominant=EAS proportion=0.985 margin=0.980 overlap=5733 residual=0.0330
GCST90202258	GCST90202258	East Asian	EAS	af_assigned	ukb-ancestry-mixture-hg38	5734	EAS	0.984169	0.978673	0.0330409	ok	0.00534972	0.00498476	0.984169	0.00549635	0	0	0	false	dominant=EAS proportion=0.984 margin=0.979 overlap=5734 residual=0.0330
GCST90202259	GCST90202259	East Asian	EAS	af_assigned	ukb-ancestry-mixture-hg38	7525	EAS	0.990221	0.980441	0.0323272	ok	0	0.00977943	0.990221	0	0	0	0	false	dominant=EAS proportion=0.990 margin=0.980 overlap=7525 residual=0.0323
GCST90202260	GCST90202260	East Asian	EAS	af_assigned	ukb-ancestry-mixture-hg38	5704	EAS	0.984632	0.979374	0.0328322	ok	0.00497401	0.00513513	0.984632	0.00525847	0	0	0	false	dominant=EAS proportion=0.985 margin=0.979 overlap=5704 residual=0.0328
GCST90202261	GCST90202261	East Asian	EAS	af_assigned	ukb-ancestry-mixture-hg38	5721	EAS	0.984541	0.978652	0.0328258	ok	0.00477018	0.00588875	0.984541	0.00480021	0	0	0	false	dominant=EAS proportion=0.985 margin=0.979 overlap=5721 residual=0.0328
GCST90202262	GCST90202262	East Asian	EAS	af_assigned	ukb-ancestry-mixture-hg38	5726	EAS	0.985487	0.980465	0.0329891	ok	0.00495715	0.00502143	0.985487	0.00453482	0	0	0	false	dominant=EAS proportion=0.985 margin=0.980 overlap=5726 residual=0.0330
GCST90202263	GCST90202263	East Asian	EAS	af_assigned	ukb-ancestry-mixture-hg38	5717	EAS	0.984147	0.978143	0.0328264	ok	0.00480981	0.00600327	0.984147	0.00504037	0	0	0	false	dominant=EAS proportion=0.984 margin=0.978 overlap=5717 residual=0.0328
GCST90202264	GCST90202264	East Asian	EAS	af_assigned	ukb-ancestry-mixture-hg38	5740	EAS	0.984041	0.978454	0.0329906	ok	0.00511416	0.00558731	0.984041	0.00525745	0	0	0	false	dominant=EAS proportion=0.984 margin=0.978 overlap=5740 residual=0.0330
GCST90202265	GCST90202265	East Asian	EAS	af_assigned	ukb-ancestry-mixture-hg38	5712	EAS	0.9846	0.979308	0.0328233	ok	0.00486113	0.00524659	0.9846	0.00529193	0	0	0	false	dominant=EAS proportion=0.985 margin=0.979 overlap=5712 residual=0.0328
GCST90202266	GCST90202266	East Asian	EAS	af_assigned	ukb-ancestry-mixture-hg38	8152	EAS	0.973606	0.948348	0.036989	ok	0.000989623	0.0252575	0.973606	0.000146997	0	0	0	false	dominant=EAS proportion=0.974 margin=0.948 overlap=8152 residual=0.0370
GCST90202267	GCST90202267	East Asian	EAS	af_assigned	ukb-ancestry-mixture-hg38	5763	EAS	0.984121	0.977233	0.0331589	ok	0.00557972	0.00341102	0.984121	0.0068882	0	0	0	false	dominant=EAS proportion=0.984 margin=0.977 overlap=5763 residual=0.0332
GCST90202268	GCST90202268	East Asian	EAS	af_assigned	ukb-ancestry-mixture-hg38	5562	EAS	0.98203	0.975358	0.0333511	ok	0.00667122	0.00577162	0.98203	0.00552749	0	0	0	false	dominant=EAS proportion=0.982 margin=0.975 overlap=5562 residual=0.0334
GCST90202269	GCST90202269	East Asian	EAS	af_assigned	ukb-ancestry-mixture-hg38	5688	EAS	0.979454	0.971783	0.0401263	ok	0.00767062	0.00608756	0.979454	0.00678784	0	0	0	false	dominant=EAS proportion=0.979 margin=0.972 overlap=5688 residual=0.0401
GCST90202270	GCST90202270	East Asian	EAS	af_assigned	ukb-ancestry-mixture-hg38	5675	EAS	0.98183	0.974806	0.0353328	ok	0.00563302	0.00702322	0.98183	0.0055142	0	0	0	false	dominant=EAS proportion=0.982 margin=0.975 overlap=5675 residual=0.0353
GCST90202271	GCST90202271	East Asian	EAS	af_assigned	ukb-ancestry-mixture-hg38	5705	EAS	0.98431	0.978855	0.0328145	ok	0.00491361	0.00532136	0.98431	0.00545516	0	0	0	false	dominant=EAS proportion=0.984 margin=0.979 overlap=5705 residual=0.0328
GCST90202272	GCST90202272	East Asian	EAS	af_assigned	ukb-ancestry-mixture-hg38	5714	EAS	0.984437	0.979078	0.0328022	ok	0.00492156	0.00528193	0.984437	0.00535913	0	0	0	false	dominant=EAS proportion=0.984 margin=0.979 overlap=5714 residual=0.0328
GCST90202273	GCST90202273	East Asian	EAS	af_assigned	ukb-ancestry-mixture-hg38	9615	EAS	0.978436	0.956873	0.0305467	ok	0	0	0.978436	0	0	0	0.0215637	false	dominant=EAS proportion=0.978 margin=0.957 overlap=9615 residual=0.0305
GCST90202274	GCST90202274	East Asian	EAS	af_assigned	ukb-ancestry-mixture-hg38	5722	EAS	0.984529	0.978511	0.0328163	ok	0.00471353	0.00601827	0.984529	0.0047392	0	0	0	false	dominant=EAS proportion=0.985 margin=0.979 overlap=5722 residual=0.0328
GCST90202275	GCST90202275	East Asian	EAS	af_assigned	ukb-ancestry-mixture-hg38	5705	EAS	0.984494	0.979228	0.0328243	ok	0.00499643	0.00524336	0.984494	0.00526615	0	0	0	false	dominant=EAS proportion=0.984 margin=0.979 overlap=5705 residual=0.0328
GCST90202276	GCST90202276	East Asian	EAS	af_assigned	ukb-ancestry-mixture-hg38	5726	EAS	0.984416	0.978326	0.0329627	ok	0.00519066	0.00430268	0.984416	0.00609047	0	0	0	false	dominant=EAS proportion=0.984 margin=0.978 overlap=5726 residual=0.0330
GCST90202277	GCST90202277	East Asian	EAS	af_assigned	ukb-ancestry-mixture-hg38	5566	EAS	0.978927	0.971185	0.0352758	ok	0.00596968	0.00736026	0.978927	0.00774274	0	0	0	false	dominant=EAS proportion=0.979 margin=0.971 overlap=5566 residual=0.0353
GCST90202278	GCST90202278	East Asian	EAS	af_assigned	ukb-ancestry-mixture-hg38	5700	EAS	0.984419	0.979122	0.0328175	ok	0.00500804	0.00527513	0.984419	0.00529764	0	0	0	false	dominant=EAS proportion=0.984 margin=0.979 overlap=5700 residual=0.0328
GCST90202279	GCST90202279	East Asian	EAS	af_assigned	ukb-ancestry-mixture-hg38	5703	EAS	0.984469	0.979064	0.0328102	ok	0.00499157	0.00513394	0.984469	0.00540548	0	0	0	false	dominant=EAS proportion=0.984 margin=0.979 overlap=5703 residual=0.0328
GCST90202280	GCST90202280	East Asian	EAS	af_assigned	ukb-ancestry-mixture-hg38	5737	EAS	0.983802	0.977257	0.0330265	ok	0.00539459	0.00425872	0.983802	0.00654478	0	0	0	false	dominant=EAS proportion=0.984 margin=0.977 overlap=5737 residual=0.0330
GCST90202281	GCST90202281	East Asian	EAS	af_assigned	ukb-ancestry-mixture-hg38	5703	EAS	0.984386	0.979007	0.0328075	ok	0.00501279	0.00537939	0.984386	0.00522143	0	0	0	false	dominant=EAS proportion=0.984 margin=0.979 overlap=5703 residual=0.0328
GCST90202282	GCST90202282	East Asian	EAS	af_assigned	ukb-ancestry-mixture-hg38	5758	EAS	0.984632	0.978054	0.0332388	ok	0.00547994	0.00331064	0.984632	0.00657747	0	0	0	false	dominant=EAS proportion=0.985 margin=0.978 overlap=5758 residual=0.0332
GCST90202283	GCST90202283	East Asian	EAS	af_assigned	ukb-ancestry-mixture-hg38	5703	EAS	0.984498	0.978988	0.032818	ok	0.00496855	0.00502391	0.984498	0.0055099	0	0	0	false	dominant=EAS proportion=0.984 margin=0.979 overlap=5703 residual=0.0328
GCST90202284	GCST90202284	East Asian	EAS	af_assigned	ukb-ancestry-mixture-hg38	5704	EAS	0.984607	0.979428	0.0328327	ok	0.00503765	0.00517964	0.984607	0.00517549	0	0	0	false	dominant=EAS proportion=0.985 margin=0.979 overlap=5704 residual=0.0328
GCST90202285	GCST90202285	East Asian	EAS	af_assigned	ukb-ancestry-mixture-hg38	5609	EAS	0.98276	0.974082	0.033908	ok	0.00417538	0.00867794	0.98276	0.00438673	0	0	0	false	dominant=EAS proportion=0.983 margin=0.974 overlap=5609 residual=0.0339
GCST90202286	GCST90202286	East Asian	EAS	af_assigned	ukb-ancestry-mixture-hg38	5729	EAS	0.984446	0.978765	0.0329997	ok	0.00529115	0.00458192	0.984446	0.00568117	0	0	0	false	dominant=EAS proportion=0.984 margin=0.979 overlap=5729 residual=0.0330
GCST90202287	GCST90202287	East Asian	EAS	af_assigned	ukb-ancestry-mixture-hg38	5758	EAS	0.984351	0.977078	0.0331192	ok	0.00493471	0.00344174	0.984351	0.00727284	0	0	0	false	dominant=EAS proportion=0.984 margin=0.977 overlap=5758 residual=0.0331
GCST90202288	GCST90202288	East Asian	EAS	af_assigned	ukb-ancestry-mixture-hg38	5707	EAS	0.98461	0.979333	0.0328536	ok	0.00507393	0.00503995	0.98461	0.00527646	0	0	0	false	dominant=EAS proportion=0.985 margin=0.979 overlap=5707 residual=0.0329
GCST90202289	GCST90202289	East Asian	EAS	af_assigned	ukb-ancestry-mixture-hg38	9331	EAS	0.975599	0.95924	0.0339529	ok	0.00204125	0.00368115	0.975599	0.0163595	0	0	0.00231898	false	dominant=EAS proportion=0.976 margin=0.959 overlap=9331 residual=0.0340
GCST90202290	GCST90202290	East Asian	EAS	af_assigned	ukb-ancestry-mixture-hg38	5709	EAS	0.984429	0.978871	0.0328184	ok	0.00501351	0.00499922	0.984429	0.00555828	0	0	0	false	dominant=EAS proportion=0.984 margin=0.979 overlap=5709 residual=0.0328
GCST90202291	GCST90202291	East Asian	EAS	af_assigned	ukb-ancestry-mixture-hg38	5736	EAS	0.984437	0.977838	0.0330418	ok	0.00480498	0.00659862	0.984437	0.00415968	0	0	0	false	dominant=EAS proportion=0.984 margin=0.978 overlap=5736 residual=0.0330
GCST90202292	GCST90202292	East Asian	EAS	af_assigned	ukb-ancestry-mixture-hg38	5765	EAS	0.983735	0.977732	0.0332262	ok	0.00542915	0.00483355	0.983735	0.00600273	0	0	0	false	dominant=EAS proportion=0.984 margin=0.978 overlap=5765 residual=0.0332
GCST90202293	GCST90202293	East Asian	EAS	af_assigned	ukb-ancestry-mixture-hg38	7976	EAS	0.962518	0.933231	0.0384447	ok	0.000794729	0.0074002	0.962518	0	0	0	0.029287	false	dominant=EAS proportion=0.963 margin=0.933 overlap=7976 residual=0.0384
GCST90202294	GCST90202294	East Asian	EAS	af_assigned	ukb-ancestry-mixture-hg38	5709	EAS	0.984346	0.978952	0.0328307	ok	0.00491319	0.00539373	0.984346	0.00534715	0	0	0	false	dominant=EAS proportion=0.984 margin=0.979 overlap=5709 residual=0.0328
GCST90202295	GCST90202295	East Asian	EAS	af_assigned	ukb-ancestry-mixture-hg38	8442	EAS	0.972651	0.962804	0.0335025	ok	0.00571399	0.00969241	0.972651	0.00984637	0.00209643	0	0	false	dominant=EAS proportion=0.973 margin=0.963 overlap=8442 residual=0.0335
GCST90202296	GCST90202296	East Asian	EAS	af_assigned	ukb-ancestry-mixture-hg38	5775	EAS	0.98435	0.978743	0.0331474	ok	0.0046597	0.00560656	0.98435	0.00538408	0	0	0	false	dominant=EAS proportion=0.984 margin=0.979 overlap=5775 residual=0.0331
GCST90202297	GCST90202297	East Asian	EAS	af_assigned	ukb-ancestry-mixture-hg38	8022	EAS	0.98213	0.96426	0.0331992	ok	0	0.0178702	0.98213	0	0	0	0	false	dominant=EAS proportion=0.982 margin=0.964 overlap=8022 residual=0.0332
GCST90202298	GCST90202298	East Asian	EAS	af_assigned	ukb-ancestry-mixture-hg38	5782	EAS	0.984141	0.976871	0.0333094	ok	0.00533041	0.00325914	0.984141	0.00726977	0	0	0	false	dominant=EAS proportion=0.984 margin=0.977 overlap=5782 residual=0.0333
GCST90202299	GCST90202299	East Asian	EAS	af_assigned	ukb-ancestry-mixture-hg38	5703	EAS	0.984622	0.97927	0.0328443	ok	0.00486883	0.00515668	0.984622	0.00535233	0	0	0	false	dominant=EAS proportion=0.985 margin=0.979 overlap=5703 residual=0.0328
GCST90202300	GCST90202300	East Asian	EAS	af_assigned	ukb-ancestry-mixture-hg38	5574	EAS	0.981937	0.974842	0.033679	ok	0.00508238	0.007095	0.981937	0.00588519	0	0	0	false	dominant=EAS proportion=0.982 margin=0.975 overlap=5574 residual=0.0337
GCST90202301	GCST90202301	East Asian	EAS	af_assigned	ukb-ancestry-mixture-hg38	5724	EAS	0.984325	0.978668	0.0330092	ok	0.00535404	0.00466447	0.984325	0.00565675	0	0	0	false	dominant=EAS proportion=0.984 margin=0.979 overlap=5724 residual=0.0330
GCST90202302	GCST90202302	East Asian	EAS	af_assigned	ukb-ancestry-mixture-hg38	9396	EAS	0.984494	0.97223	0.0335208	ok	0.00324262	0	0.984494	0.0122636	0	0	0	false	dominant=EAS proportion=0.984 margin=0.972 overlap=9396 residual=0.0335
GCST90202303	GCST90202303	East Asian	EAS	af_assigned	ukb-ancestry-mixture-hg38	9325	EAS	0.982043	0.972862	0.0324816	ok	0.00918116	0	0.982043	0.00877586	0	0	0	false	dominant=EAS proportion=0.982 margin=0.973 overlap=9325 residual=0.0325
GCST90202304	GCST90202304	East Asian	EAS	af_assigned	ukb-ancestry-mixture-hg38	5731	EAS	0.983934	0.978456	0.0330115	ok	0.00521158	0.00547754	0.983934	0.00537725	0	0	0	false	dominant=EAS proportion=0.984 margin=0.978 overlap=5731 residual=0.0330
GCST90202305	GCST90202305	East Asian	EAS	af_assigned	ukb-ancestry-mixture-hg38	5610	EAS	0.983702	0.977738	0.0337259	ok	0.0059634	0.00509374	0.983702	0.00524098	0	0	0	false	dominant=EAS proportion=0.984 margin=0.978 overlap=5610 residual=0.0337
GCST90202306	GCST90202306	East Asian	EAS	af_assigned	ukb-ancestry-mixture-hg38	7344	EAS	0.978533	0.967196	0.0337259	ok	0.0101297	0	0.978533	0.0113371	0	0	0	false	dominant=EAS proportion=0.979 margin=0.967 overlap=7344 residual=0.0337
GCST90202307	GCST90202307	East Asian	EAS	af_assigned	ukb-ancestry-mixture-hg38	5525	EAS	0.975518	0.964783	0.0389426	ok	0.00441756	0.00932966	0.975518	0.0107348	0	0	0	false	dominant=EAS proportion=0.976 margin=0.965 overlap=5525 residual=0.0389
GCST90202308	GCST90202308	East Asian	EAS	af_assigned	ukb-ancestry-mixture-hg38	5700	EAS	0.98437	0.979008	0.0328237	ok	0.00494534	0.00532263	0.98437	0.00536226	0	0	0	false	dominant=EAS proportion=0.984 margin=0.979 overlap=5700 residual=0.0328
GCST90202309	GCST90202309	East Asian	EAS	af_assigned	ukb-ancestry-mixture-hg38	5710	EAS	0.984707	0.979285	0.0328774	ok	0.00503353	0.0054216	0.984707	0.00483779	0	0	0	false	dominant=EAS proportion=0.985 margin=0.979 overlap=5710 residual=0.0329
GCST90202310	GCST90202310	East Asian	EAS	af_assigned	ukb-ancestry-mixture-hg38	5735	EAS	0.984554	0.9783	0.0330692	ok	0.00501282	0.00417902	0.984554	0.0062542	0	0	0	false	dominant=EAS proportion=0.985 margin=0.978 overlap=5735 residual=0.0331
GCST90202311	GCST90202311	East Asian	EAS	af_assigned	ukb-ancestry-mixture-hg38	5705	EAS	0.984352	0.978931	0.0328257	ok	0.00489447	0.00533392	0.984352	0.00542008	0	0	0	false	dominant=EAS proportion=0.984 margin=0.979 overlap=5705 residual=0.0328
GCST90202312	GCST90202312	East Asian	EAS	af_assigned	ukb-ancestry-mixture-hg38	5728	EAS	0.985358	0.98022	0.0330067	ok	0.00494611	0.00455669	0.985358	0.00513878	0	0	0	false	dominant=EAS proportion=0.985 margin=0.980 overlap=5728 residual=0.0330
GCST90202313	GCST90202313	East Asian	EAS	af_assigned	ukb-ancestry-mixture-hg38	5558	EAS	0.979536	0.970367	0.0365291	ok	0.0050089	0.0062857	0.979536	0.00916915	0	0	0	false	dominant=EAS proportion=0.980 margin=0.970 overlap=5558 residual=0.0365
GCST90202314	GCST90202314	East Asian	EAS	af_assigned	ukb-ancestry-mixture-hg38	5768	EAS	0.986343	0.980936	0.0333834	ok	0.00540688	0.00382227	0.986343	0.00442821	0	0	0	false	dominant=EAS proportion=0.986 margin=0.981 overlap=5768 residual=0.0334
GCST90202315	GCST90202315	East Asian	EAS	af_assigned	ukb-ancestry-mixture-hg38	10329	EAS	0.972324	0.944784	0.0324855	ok	0.000136339	0	0.972324	0.0275397	0	0	0	false	dominant=EAS proportion=0.972 margin=0.945 overlap=10329 residual=0.0325
GCST90202316	GCST90202316	East Asian	EAS	af_assigned	ukb-ancestry-mixture-hg38	5828	EAS	0.978212	0.969409	0.0384126	ok	0.00880238	0.00426569	0.978212	0.00872007	0	0	0	false	dominant=EAS proportion=0.978 margin=0.969 overlap=5828 residual=0.0384
GCST90202317	GCST90202317	East Asian	EAS	af_assigned	ukb-ancestry-mixture-hg38	5766	EAS	0.984415	0.9772	0.0331313	ok	0.00468817	0.00721519	0.984415	0.00368157	0	0	0	false	dominant=EAS proportion=0.984 margin=0.977 overlap=5766 residual=0.0331
GCST90202318	GCST90202318	East Asian	EAS	af_assigned	ukb-ancestry-mixture-hg38	7705	EAS	0.979757	0.968685	0.031674	ok	0.000650834	0.00852041	0.979757	0.0110721	0	0	0	false	dominant=EAS proportion=0.980 margin=0.969 overlap=7705 residual=0.0317
GCST90202319	GCST90202319	East Asian	EAS	af_assigned	ukb-ancestry-mixture-hg38	5726	EAS	0.984206	0.978502	0.0329859	ok	0.00510999	0.00570327	0.984206	0.00498118	0	0	0	false	dominant=EAS proportion=0.984 margin=0.979 overlap=5726 residual=0.0330
GCST90202320	GCST90202320	East Asian	EAS	af_assigned	ukb-ancestry-mixture-hg38	7842	EAS	0.988722	0.982294	0.0329362	ok	0.006428	0.00428727	0.988722	0	0	0	0.000562585	false	dominant=EAS proportion=0.989 margin=0.982 overlap=7842 residual=0.0329
GCST90202321	GCST90202321	East Asian	EAS	af_assigned	ukb-ancestry-mixture-hg38	5615	EAS	0.984095	0.977613	0.0338529	ok	0.00512886	0.00648226	0.984095	0.00429392	0	0	0	false	dominant=EAS proportion=0.984 margin=0.978 overlap=5615 residual=0.0339
GCST90202322	GCST90202322	East Asian	EAS	af_assigned	ukb-ancestry-mixture-hg38	5808	EAS	0.981413	0.97489	0.036495	ok	0.00652294	0.0058877	0.981413	0.00617603	0	0	0	false	dominant=EAS proportion=0.981 margin=0.975 overlap=5808 residual=0.0365
GCST90202323	GCST90202323	East Asian	EAS	af_assigned	ukb-ancestry-mixture-hg38	5598	EAS	0.983639	0.977175	0.0339002	ok	0.00503976	0.00485808	0.983639	0.00646338	0	0	0	false	dominant=EAS proportion=0.984 margin=0.977 overlap=5598 residual=0.0339
GCST90202324	GCST90202324	East Asian	EAS	af_assigned	ukb-ancestry-mixture-hg38	5724	EAS	0.9839	0.97808	0.0329734	ok	0.00484873	0.00543099	0.9839	0.00582011	0	0	0	false	dominant=EAS proportion=0.984 margin=0.978 overlap=5724 residual=0.0330
GCST90202325	GCST90202325	East Asian	EAS	af_assigned	ukb-ancestry-mixture-hg38	8541	EAS	0.968609	0.955869	0.030882	ok	0.00527253	0.0127398	0.968609	0	0.00882354	0	0.00455521	false	dominant=EAS proportion=0.969 margin=0.956 overlap=8541 residual=0.0309
GCST90202326	GCST90202326	East Asian	EAS	af_assigned	ukb-ancestry-mixture-hg38	5732	EAS	0.984468	0.97889	0.0329778	ok	0.00557818	0.00511122	0.984468	0.00484291	0	0	0	false	dominant=EAS proportion=0.984 margin=0.979 overlap=5732 residual=0.0330
GCST90202327	GCST90202327	East Asian	EAS	af_assigned	ukb-ancestry-mixture-hg38	5725	EAS	0.985331	0.980401	0.0329999	ok	0.00487593	0.00492987	0.985331	0.00486295	0	0	0	false	dominant=EAS proportion=0.985 margin=0.980 overlap=5725 residual=0.0330
GCST90202328	GCST90202328	East Asian	EAS	af_assigned	ukb-ancestry-mixture-hg38	8899	EAS	0.94762	0.907346	0.0355919	ok	0.00942323	0.00268367	0.94762	0	0	0	0.0402734	false	dominant=EAS proportion=0.948 margin=0.907 overlap=8899 residual=0.0356
GCST90202329	GCST90202329	East Asian	EAS	af_assigned	ukb-ancestry-mixture-hg38	8081	EAS	0.969669	0.939338	0.0330735	ok	0	0.0303311	0.969669	0	0	0	0	false	dominant=EAS proportion=0.970 margin=0.939 overlap=8081 residual=0.0331
GCST90202330	GCST90202330	East Asian	EAS	af_assigned	ukb-ancestry-mixture-hg38	5561	EAS	0.982202	0.975734	0.0334353	ok	0.00542624	0.00590304	0.982202	0.00646834	0	0	0	false	dominant=EAS proportion=0.982 margin=0.976 overlap=5561 residual=0.0334
GCST90202331	GCST90202331	East Asian	EAS	af_assigned	ukb-ancestry-mixture-hg38	5705	EAS	0.984456	0.979131	0.0328146	ok	0.00494857	0.00532449	0.984456	0.00527115	0	0	0	false	dominant=EAS proportion=0.984 margin=0.979 overlap=5705 residual=0.0328
GCST90202332	GCST90202332	East Asian	EAS	af_assigned	ukb-ancestry-mixture-hg38	5785	EAS	0.984594	0.979027	0.0332676	ok	0.00556656	0.00454805	0.984594	0.00529157	0	0	0	false	dominant=EAS proportion=0.985 margin=0.979 overlap=5785 residual=0.0333
GCST90202333	GCST90202333	East Asian	EAS	af_assigned	ukb-ancestry-mixture-hg38	5727	EAS	0.983831	0.978318	0.0329719	ok	0.00529986	0.00535473	0.983831	0.00551395	0	0	0	false	dominant=EAS proportion=0.984 margin=0.978 overlap=5727 residual=0.0330
GCST90202334	GCST90202334	East Asian	EAS	af_assigned	ukb-ancestry-mixture-hg38	5738	EAS	0.984486	0.978624	0.0329453	ok	0.00520213	0.00444946	0.984486	0.00586201	0	0	0	false	dominant=EAS proportion=0.984 margin=0.979 overlap=5738 residual=0.0329
GCST90202335	GCST90202335	East Asian	EAS	af_assigned	ukb-ancestry-mixture-hg38	5732	EAS	0.984682	0.979008	0.0329356	ok	0.00532869	0.00431566	0.984682	0.00567376	0	0	0	false	dominant=EAS proportion=0.985 margin=0.979 overlap=5732 residual=0.0329
GCST90202336	GCST90202336	East Asian	EAS	af_assigned	ukb-ancestry-mixture-hg38	5781	EAS	0.985767	0.980538	0.0332183	ok	0.00522852	0.00482093	0.985767	0.00418396	0	0	0	false	dominant=EAS proportion=0.986 margin=0.981 overlap=5781 residual=0.0332
GCST90202337	GCST90202337	East Asian	EAS	af_assigned	ukb-ancestry-mixture-hg38	5781	EAS	0.984454	0.977189	0.0332254	ok	0.00526907	0.00301194	0.984454	0.00726517	0	0	0	false	dominant=EAS proportion=0.984 margin=0.977 overlap=5781 residual=0.0332
GCST90202338	GCST90202338	East Asian	EAS	af_assigned	ukb-ancestry-mixture-hg38	7907	EAS	0.975308	0.953414	0.0328823	ok	0.00279695	0.0218946	0.975308	0	0	0	0	false	dominant=EAS proportion=0.975 margin=0.953 overlap=7907 residual=0.0329
GCST90202339	GCST90202339	East Asian	EAS	af_assigned	ukb-ancestry-mixture-hg38	5727	EAS	0.98424	0.978685	0.0329305	ok	0.00516055	0.00555546	0.98424	0.00504355	0	0	0	false	dominant=EAS proportion=0.984 margin=0.979 overlap=5727 residual=0.0329
GCST90202340	GCST90202340	East Asian	EAS	af_assigned	ukb-ancestry-mixture-hg38	9875	EAS	0.968321	0.952311	0.0333694	ok	0	0.0160099	0.968321	0.0156692	0	0	0	false	dominant=EAS proportion=0.968 margin=0.952 overlap=9875 residual=0.0334
GCST90202341	GCST90202341	East Asian	EAS	af_assigned	ukb-ancestry-mixture-hg38	5776	EAS	0.985623	0.980323	0.0333281	ok	0.00530058	0.00499779	0.985623	0.00407829	0	0	0	false	dominant=EAS proportion=0.986 margin=0.980 overlap=5776 residual=0.0333
GCST90202342	GCST90202342	East Asian	EAS	af_assigned	ukb-ancestry-mixture-hg38	5718	EAS	0.984487	0.97877	0.0330116	ok	0.00515683	0.00463878	0.984487	0.00571729	0	0	0	false	dominant=EAS proportion=0.984 margin=0.979 overlap=5718 residual=0.0330
GCST90202343	GCST90202343	East Asian	EAS	af_assigned	ukb-ancestry-mixture-hg38	5716	EAS	0.98405	0.978487	0.0329977	ok	0.00509254	0.00529592	0.98405	0.00556203	0	0	0	false	dominant=EAS proportion=0.984 margin=0.978 overlap=5716 residual=0.0330
GCST90202344	GCST90202344	East Asian	EAS	af_assigned	ukb-ancestry-mixture-hg38	5709	EAS	0.984425	0.979062	0.0328133	ok	0.00500447	0.0052085	0.984425	0.00536243	0	0	0	false	dominant=EAS proportion=0.984 margin=0.979 overlap=5709 residual=0.0328
GCST90202345	GCST90202345	East Asian	EAS	af_assigned	ukb-ancestry-mixture-hg38	5704	EAS	0.984442	0.979027	0.0328141	ok	0.00504294	0.00509979	0.984442	0.00541528	0	0	0	false	dominant=EAS proportion=0.984 margin=0.979 overlap=5704 residual=0.0328
GCST90202346	GCST90202346	East Asian	EAS	af_assigned	ukb-ancestry-mixture-hg38	5617	EAS	0.983544	0.975695	0.0336769	ok	0.00637397	0.00223225	0.983544	0.00784951	0	0	0	false	dominant=EAS proportion=0.984 margin=0.976 overlap=5617 residual=0.0337
GCST90202347	GCST90202347	East Asian	EAS	af_assigned	ukb-ancestry-mixture-hg38	5615	EAS	0.983754	0.977754	0.0335864	ok	0.00580394	0.00600053	0.983754	0.00444118	0	0	0	false	dominant=EAS proportion=0.984 margin=0.978 overlap=5615 residual=0.0336
GCST90202348	GCST90202348	East Asian	EAS	af_assigned	ukb-ancestry-mixture-hg38	5711	EAS	0.984249	0.978749	0.0328204	ok	0.00496333	0.00528801	0.984249	0.00549996	0	0	0	false	dominant=EAS proportion=0.984 margin=0.979 overlap=5711 residual=0.0328
GCST90202349	GCST90202349	East Asian	EAS	af_assigned	ukb-ancestry-mixture-hg38	8293	EAS	0.965726	0.944827	0.0345976	ok	0	0.0133744	0.965726	0.0208993	0	0	0	false	dominant=EAS proportion=0.966 margin=0.945 overlap=8293 residual=0.0346
GCST90202350	GCST90202350	East Asian	EAS	af_assigned	ukb-ancestry-mixture-hg38	8782	EAS	0.973354	0.959511	0.0303544	ok	0.0138422	0.00805082	0.973354	0.00475327	0	0	0	false	dominant=EAS proportion=0.973 margin=0.960 overlap=8782 residual=0.0304
GCST90202351	GCST90202351	East Asian	EAS	af_assigned	ukb-ancestry-mixture-hg38	9656	EAS	0.977243	0.961524	0.033892	ok	0	0	0.977243	0.0157185	0	0	0.00703896	false	dominant=EAS proportion=0.977 margin=0.962 overlap=9656 residual=0.0339
GCST90202352	GCST90202352	East Asian	EAS	af_assigned	ukb-ancestry-mixture-hg38	5777	EAS	0.983765	0.977629	0.0331475	ok	0.00504255	0.00613537	0.983765	0.00505747	0	0	0	false	dominant=EAS proportion=0.984 margin=0.978 overlap=5777 residual=0.0331
GCST90202353	GCST90202353	East Asian	EAS	af_assigned	ukb-ancestry-mixture-hg38	7981	EAS	0.970642	0.958512	0.0311725	ok	0.00804239	0.00918566	0.970642	0.0121299	0	0	0	false	dominant=EAS proportion=0.971 margin=0.959 overlap=7981 residual=0.0312
GCST90202354	GCST90202354	East Asian	EAS	af_assigned	ukb-ancestry-mixture-hg38	5704	EAS	0.984566	0.979277	0.032837	ok	0.00498367	0.00516118	0.984566	0.00528931	0	0	0	false	dominant=EAS proportion=0.985 margin=0.979 overlap=5704 residual=0.0328
GCST90202355	GCST90202355	East Asian	EAS	af_assigned	ukb-ancestry-mixture-hg38	8251	EAS	0.985684	0.971367	0.0331897	ok	0	0	0.985684	0.0143163	0	0	0	false	dominant=EAS proportion=0.986 margin=0.971 overlap=8251 residual=0.0332
GCST90202356	GCST90202356	East Asian	EAS	af_assigned	ukb-ancestry-mixture-hg38	5782	EAS	0.984214	0.978886	0.0332146	ok	0.00532869	0.00514638	0.984214	0.00531063	0	0	0	false	dominant=EAS proportion=0.984 margin=0.979 overlap=5782 residual=0.0332
GCST90202357	GCST90202357	East Asian	EAS	af_assigned	ukb-ancestry-mixture-hg38	5732	EAS	0.984053	0.978085	0.0329874	ok	0.00501125	0.00596774	0.984053	0.00496804	0	0	0	false	dominant=EAS proportion=0.984 margin=0.978 overlap=5732 residual=0.0330
GCST90202358	GCST90202358	East Asian	EAS	af_assigned	ukb-ancestry-mixture-hg38	7814	EAS	0.996133	0.994118	0.0323312	ok	0.00185115	0	0.996133	0	0	0	0.00201565	false	dominant=EAS proportion=0.996 margin=0.994 overlap=7814 residual=0.0323
GCST90202359	GCST90202359	East Asian	EAS	af_assigned	ukb-ancestry-mixture-hg38	8480	EAS	0.983082	0.971656	0.0319015	ok	0.00549332	0	0.983082	0.0114252	0	0	0	false	dominant=EAS proportion=0.983 margin=0.972 overlap=8480 residual=0.0319
GCST90202360	GCST90202360	East Asian	EAS	af_assigned	ukb-ancestry-mixture-hg38	11700	EAS	0.974259	0.948518	0.0291002	ok	0	0.0257408	0.974259	0	0	0	0	false	dominant=EAS proportion=0.974 margin=0.949 overlap=11700 residual=0.0291
GCST90202361	GCST90202361	East Asian	EAS	af_assigned	ukb-ancestry-mixture-hg38	9398	EAS	0.983656	0.967312	0.0317227	ok	0	0	0.983656	0.0163439	0	0	0	false	dominant=EAS proportion=0.984 margin=0.967 overlap=9398 residual=0.0317
GCST90202362	GCST90202362	East Asian	EAS	af_assigned	ukb-ancestry-mixture-hg38	5719	EAS	0.984434	0.978402	0.0328135	ok	0.00482554	0.00603226	0.984434	0.00470796	0	0	0	false	dominant=EAS proportion=0.984 margin=0.978 overlap=5719 residual=0.0328
GCST90202363	GCST90202363	East Asian	EAS	af_assigned	ukb-ancestry-mixture-hg38	8360	EAS	0.978901	0.960081	0.0334297	ok	0.00215437	0	0.978901	0.0188198	0	0	0.000124638	false	dominant=EAS proportion=0.979 margin=0.960 overlap=8360 residual=0.0334
GCST90202364	GCST90202364	East Asian	EAS	af_assigned	ukb-ancestry-mixture-hg38	7865	EAS	0.973561	0.963368	0.035192	ok	0.00182063	0	0.973561	0.0101921	0	0.00817824	0.00624843	false	dominant=EAS proportion=0.974 margin=0.963 overlap=7865 residual=0.0352
GCST90202365	GCST90202365	East Asian	EAS	af_assigned	ukb-ancestry-mixture-hg38	5552	EAS	0.983623	0.977309	0.0332327	ok	0.00573944	0.00432429	0.983623	0.00631356	0	0	0	false	dominant=EAS proportion=0.984 margin=0.977 overlap=5552 residual=0.0332
GCST90202366	GCST90202366	East Asian	EAS	af_assigned	ukb-ancestry-mixture-hg38	8306	EAS	0.977968	0.960324	0.0358497	ok	0.0043884	0	0.977968	0.017644	0	0	0	false	dominant=EAS proportion=0.978 margin=0.960 overlap=8306 residual=0.0358
GCST90202367	GCST90202367	East Asian	EAS	af_assigned	ukb-ancestry-mixture-hg38	5706	EAS	0.984497	0.979065	0.0328074	ok	0.00497814	0.00509239	0.984497	0.00543209	0	0	0	false	dominant=EAS proportion=0.984 margin=0.979 overlap=5706 residual=0.0328
GCST90202368	GCST90202368	East Asian	EAS	af_assigned	ukb-ancestry-mixture-hg38	5849	EAS	0.979181	0.969979	0.0387246	ok	0.00799629	0.00920191	0.979181	0.00362045	0	0	0	false	dominant=EAS proportion=0.979 margin=0.970 overlap=5849 residual=0.0387
GCST90202369	GCST90202369	East Asian	EAS	af_assigned	ukb-ancestry-mixture-hg38	7884	EAS	0.97758	0.963554	0.0337239	ok	0.00378777	0	0.97758	0.00460643	0	0	0.014026	false	dominant=EAS proportion=0.978 margin=0.964 overlap=7884 residual=0.0337
GCST90202370	GCST90202370	East Asian	EAS	af_assigned	ukb-ancestry-mixture-hg38	5814	EAS	0.983157	0.977059	0.0336104	ok	0.00527317	0.00547113	0.983157	0.00609821	0	0	0	false	dominant=EAS proportion=0.983 margin=0.977 overlap=5814 residual=0.0336
GCST90202371	GCST90202371	East Asian	EAS	af_assigned	ukb-ancestry-mixture-hg38	5759	EAS	0.980847	0.972403	0.0382247	ok	0.00756425	0.00314527	0.980847	0.00844395	0	0	0	false	dominant=EAS proportion=0.981 margin=0.972 overlap=5759 residual=0.0382
GCST90202372	GCST90202372	East Asian	EAS	af_assigned	ukb-ancestry-mixture-hg38	8234	EAS	0.955653	0.927698	0.0377244	ok	0	0.0279546	0.955653	0.0126605	0	0	0.00373172	false	dominant=EAS proportion=0.956 margin=0.928 overlap=8234 residual=0.0377
GCST90202373	GCST90202373	East Asian	EAS	af_assigned	ukb-ancestry-mixture-hg38	8461	EAS	0.985551	0.977017	0.0321998	ok	0.008534	0	0.985551	0.00591541	0	0	0	false	dominant=EAS proportion=0.986 margin=0.977 overlap=8461 residual=0.0322
GCST90202374	GCST90202374	East Asian	EAS	af_assigned	ukb-ancestry-mixture-hg38	8275	EAS	0.971605	0.955349	0.0311773	ok	0	0.0162562	0.971605	0.00661334	0	0	0.00552507	false	dominant=EAS proportion=0.972 margin=0.955 overlap=8275 residual=0.0312
GCST90202375	GCST90202375	East Asian	EAS	af_assigned	ukb-ancestry-mixture-hg38	5543	EAS	0.983467	0.976923	0.0334343	ok	0.00522836	0.00476159	0.983467	0.00654336	0	0	0	false	dominant=EAS proportion=0.983 margin=0.977 overlap=5543 residual=0.0334
GCST90202376	GCST90202376	East Asian	EAS	af_assigned	ukb-ancestry-mixture-hg38	8026	EAS	0.968673	0.939371	0.0344255	ok	0.000803776	0.00122127	0.968673	0	0	0	0.0293018	false	dominant=EAS proportion=0.969 margin=0.939 overlap=8026 residual=0.0344
GCST90202377	GCST90202377	East Asian	EAS	af_assigned	ukb-ancestry-mixture-hg38	5800	EAS	0.983754	0.977641	0.0335236	ok	0.00582512	0.00430733	0.983754	0.00611341	0	0	0	false	dominant=EAS proportion=0.984 margin=0.978 overlap=5800 residual=0.0335
GCST90202378	GCST90202378	East Asian	EAS	af_assigned	ukb-ancestry-mixture-hg38	7829	EAS	0.97869	0.965154	0.0334927	ok	0	0	0.97869	0.00777407	0	0	0.0135362	false	dominant=EAS proportion=0.979 margin=0.965 overlap=7829 residual=0.0335
GCST90202379	GCST90202379	East Asian	EAS	af_assigned	ukb-ancestry-mixture-hg38	5784	EAS	0.984033	0.978127	0.0332909	ok	0.00590611	0.00541447	0.984033	0.00464608	0	0	0	false	dominant=EAS proportion=0.984 margin=0.978 overlap=5784 residual=0.0333
GCST90202380	GCST90202380	East Asian	EAS	af_assigned	ukb-ancestry-mixture-hg38	8394	EAS	0.968503	0.949032	0.0370206	ok	0.0107082	0.0194708	0.968503	0.00131847	0	0	0	false	dominant=EAS proportion=0.969 margin=0.949 overlap=8394 residual=0.0370
GCST90202381	GCST90202381	East Asian	EAS	af_assigned	ukb-ancestry-mixture-hg38	5756	EAS	0.984019	0.978519	0.0329954	ok	0.00549996	0.00541751	0.984019	0.00506359	0	0	0	false	dominant=EAS proportion=0.984 margin=0.979 overlap=5756 residual=0.0330
GCST90202382	GCST90202382	East Asian	EAS	af_assigned	ukb-ancestry-mixture-hg38	7776	EAS	0.988108	0.978223	0.0316218	ok	0.00988435	0.00200792	0.988108	0	0	0	0	false	dominant=EAS proportion=0.988 margin=0.978 overlap=7776 residual=0.0316
GCST90202383	GCST90202383	East Asian	EAS	af_assigned	ukb-ancestry-mixture-hg38	8669	EAS	0.971253	0.953162	0.0345729	ok	0.010656	0	0.971253	0.018091	0	0	0	false	dominant=EAS proportion=0.971 margin=0.953 overlap=8669 residual=0.0346
GCST90202384	GCST90202384	East Asian	EAS	af_assigned	ukb-ancestry-mixture-hg38	5722	EAS	0.984379	0.978756	0.0329553	ok	0.00503819	0.00562296	0.984379	0.00495968	0	0	0	false	dominant=EAS proportion=0.984 margin=0.979 overlap=5722 residual=0.0330
GCST90202385	GCST90202385	East Asian	EAS	af_assigned	ukb-ancestry-mixture-hg38	5670	EAS	0.982883	0.975777	0.0338627	ok	0.0050031	0.00500774	0.982883	0.00710627	0	0	0	false	dominant=EAS proportion=0.983 margin=0.976 overlap=5670 residual=0.0339
GCST90202386	GCST90202386	East Asian	EAS	af_assigned	ukb-ancestry-mixture-hg38	5703	EAS	0.984499	0.978888	0.0328208	ok	0.00493238	0.00495786	0.984499	0.00561071	0	0	0	false	dominant=EAS proportion=0.984 margin=0.979 overlap=5703 residual=0.0328
GCST90202387	GCST90202387	East Asian	EAS	af_assigned	ukb-ancestry-mixture-hg38	5669	EAS	0.985812	0.97749	0.0373761	ok	0.00172422	0.00414145	0.985812	0.00832212	0	0	0	false	dominant=EAS proportion=0.986 margin=0.977 overlap=5669 residual=0.0374
GCST90202388	GCST90202388	East Asian	EAS	af_assigned	ukb-ancestry-mixture-hg38	8026	EAS	0.962893	0.935251	0.0336246	ok	0	0.027642	0.962893	0.00144291	0	0	0.00802192	false	dominant=EAS proportion=0.963 margin=0.935 overlap=8026 residual=0.0336
GCST90202389	GCST90202389	East Asian	EAS	af_assigned	ukb-ancestry-mixture-hg38	5771	EAS	0.983956	0.975775	0.0360864	ok	0.00677328	0.00818179	0.983956	0.00108849	0	0	0	false	dominant=EAS proportion=0.984 margin=0.976 overlap=5771 residual=0.0361
GCST90202390	GCST90202390	East Asian	EAS	af_assigned	ukb-ancestry-mixture-hg38	9435	EAS	0.989711	0.979423	0.0358391	ok	0.0102885	0	0.989711	0	0	0	0	false	dominant=EAS proportion=0.990 margin=0.979 overlap=9435 residual=0.0358
GCST90202391	GCST90202391	East Asian	EAS	af_assigned	ukb-ancestry-mixture-hg38	5770	EAS	0.985106	0.975507	0.036175	ok	0.00105281	0.00959909	0.985106	0.00424235	0	0	0	false	dominant=EAS proportion=0.985 margin=0.976 overlap=5770 residual=0.0362
GCST90202392	GCST90202392	East Asian	EAS	af_assigned	ukb-ancestry-mixture-hg38	7772	EAS	0.976639	0.964498	0.0398901	ok	0.00723793	0.0039829	0.976639	0.0121404	0	0	0	false	dominant=EAS proportion=0.977 margin=0.964 overlap=7772 residual=0.0399
GCST90202393	GCST90202393	East Asian	EAS	af_assigned	ukb-ancestry-mixture-hg38	5707	EAS	0.984476	0.978926	0.0328065	ok	0.00506961	0.00490411	0.984476	0.00555002	0	0	0	false	dominant=EAS proportion=0.984 margin=0.979 overlap=5707 residual=0.0328
GCST90202394	GCST90202394	East Asian	EAS	af_assigned	ukb-ancestry-mixture-hg38	5715	EAS	0.983902	0.978483	0.0330635	ok	0.00541938	0.00528859	0.983902	0.00538999	0	0	0	false	dominant=EAS proportion=0.984 margin=0.978 overlap=5715 residual=0.0331
GCST90202395	GCST90202395	East Asian	EAS	af_assigned	ukb-ancestry-mixture-hg38	5575	EAS	0.985562	0.979714	0.0335551	ok	0.00584761	0.00438002	0.985562	0.00421034	0	0	0	false	dominant=EAS proportion=0.986 margin=0.980 overlap=5575 residual=0.0336
GCST90202396	GCST90202396	East Asian	EAS	af_assigned	ukb-ancestry-mixture-hg38	5758	EAS	0.984031	0.977651	0.0330189	ok	0.00493807	0.00465034	0.984031	0.00638041	0	0	0	false	dominant=EAS proportion=0.984 margin=0.978 overlap=5758 residual=0.0330
GCST90202397	GCST90202397	East Asian	EAS	af_assigned	ukb-ancestry-mixture-hg38	8312	EAS	0.980809	0.966339	0.0332583	ok	0.00319008	0.0144699	0.980809	0.00153148	0	0	0	false	dominant=EAS proportion=0.981 margin=0.966 overlap=8312 residual=0.0333
GCST90202398	GCST90202398	East Asian	EAS	af_assigned	ukb-ancestry-mixture-hg38	5822	EAS	0.983255	0.976962	0.0345645	ok	0.00629273	0.00503152	0.983255	0.00542098	0	0	0	false	dominant=EAS proportion=0.983 margin=0.977 overlap=5822 residual=0.0346
GCST90202399	GCST90202399	East Asian	EAS	af_assigned	ukb-ancestry-mixture-hg38	8148	EAS	0.984312	0.972615	0.0307391	ok	0.0116961	0	0.984312	0.00399233	0	0	0	false	dominant=EAS proportion=0.984 margin=0.973 overlap=8148 residual=0.0307
GCST90202400	GCST90202400	East Asian	EAS	af_assigned	ukb-ancestry-mixture-hg38	7473	EAS	0.956036	0.942998	0.0386143	ok	0.0113343	0.0130387	0.956036	0.0124938	0	0	0.00709682	false	dominant=EAS proportion=0.956 margin=0.943 overlap=7473 residual=0.0386
GCST90202401	GCST90202401	East Asian	EAS	af_assigned	ukb-ancestry-mixture-hg38	5570	EAS	0.989034	0.98379	0.0333866	ok	0.0022843	0.00524381	0.989034	0.0034383	0	0	0	false	dominant=EAS proportion=0.989 margin=0.984 overlap=5570 residual=0.0334
GCST90202402	GCST90202402	East Asian	EAS	af_assigned	ukb-ancestry-mixture-hg38	5690	EAS	0.984145	0.976443	0.035696	ok	0.00770211	0.00414633	0.984145	0.00226107	0	0	0.00174512	false	dominant=EAS proportion=0.984 margin=0.976 overlap=5690 residual=0.0357
GCST90202403	GCST90202403	East Asian	EAS	af_assigned	ukb-ancestry-mixture-hg38	5761	EAS	0.983925	0.977456	0.0334152	ok	0.00502783	0.00646934	0.983925	0.00457757	0	0	0	false	dominant=EAS proportion=0.984 margin=0.977 overlap=5761 residual=0.0334
GCST90202404	GCST90202404	East Asian	EAS	af_assigned	ukb-ancestry-mixture-hg38	5701	EAS	0.984578	0.979194	0.0328325	ok	0.00492196	0.00511591	0.984578	0.00538401	0	0	0	false	dominant=EAS proportion=0.985 margin=0.979 overlap=5701 residual=0.0328
GCST90202405	GCST90202405	East Asian	EAS	af_assigned	ukb-ancestry-mixture-hg38	5727	EAS	0.984288	0.978828	0.0329482	ok	0.00527949	0.00545971	0.984288	0.0049728	0	0	0	false	dominant=EAS proportion=0.984 margin=0.979 overlap=5727 residual=0.0329
GCST90202406	GCST90202406	East Asian	EAS	af_assigned	ukb-ancestry-mixture-hg38	5746	EAS	0.984302	0.977805	0.0329337	ok	0.00486769	0.00649718	0.984302	0.0043331	0	0	0	false	dominant=EAS proportion=0.984 margin=0.978 overlap=5746 residual=0.0329
GCST90202407	GCST90202407	East Asian	EAS	af_assigned	ukb-ancestry-mixture-hg38	5710	EAS	0.984161	0.978681	0.0328212	ok	0.00503686	0.00548064	0.984161	0.00532131	0	0	0	false	dominant=EAS proportion=0.984 margin=0.979 overlap=5710 residual=0.0328
GCST90202408	GCST90202408	East Asian	EAS	af_assigned	ukb-ancestry-mixture-hg38	5724	EAS	0.983474	0.977768	0.0329963	ok	0.00514236	0.00567647	0.983474	0.00570675	0	0	0	false	dominant=EAS proportion=0.983 margin=0.978 overlap=5724 residual=0.0330
GCST90202409	GCST90202409	East Asian	EAS	af_assigned	ukb-ancestry-mixture-hg38	5661	EAS	0.981534	0.973817	0.0374716	ok	0.00597913	0.00771673	0.981534	0.00477042	0	0	0	false	dominant=EAS proportion=0.982 margin=0.974 overlap=5661 residual=0.0375
GCST90202410	GCST90202410	East Asian	EAS	af_assigned	ukb-ancestry-mixture-hg38	5534	EAS	0.984196	0.978023	0.0335028	ok	0.0049292	0.00617288	0.984196	0.00470183	0	0	0	false	dominant=EAS proportion=0.984 margin=0.978 overlap=5534 residual=0.0335
GCST90202411	GCST90202411	East Asian	EAS	af_assigned	ukb-ancestry-mixture-hg38	8622	EAS	0.979806	0.959612	0.0368455	ok	0	0	0.979806	0.020194	0	0	0	false	dominant=EAS proportion=0.980 margin=0.960 overlap=8622 residual=0.0368
GCST90202412	GCST90202412	East Asian	EAS	af_assigned	ukb-ancestry-mixture-hg38	5651	EAS	0.982266	0.975974	0.0356201	ok	0.00629125	0.00623882	0.982266	0.0052043	0	0	0	false	dominant=EAS proportion=0.982 margin=0.976 overlap=5651 residual=0.0356
GCST90202413	GCST90202413	East Asian	EAS	af_assigned	ukb-ancestry-mixture-hg38	5707	EAS	0.984589	0.979109	0.0328139	ok	0.00495775	0.00497411	0.984589	0.00547943	0	0	0	false	dominant=EAS proportion=0.985 margin=0.979 overlap=5707 residual=0.0328
GCST90202414	GCST90202414	East Asian	EAS	af_assigned	ukb-ancestry-mixture-hg38	5736	EAS	0.984371	0.977905	0.0329713	ok	0.00499949	0.00416341	0.984371	0.00646628	0	0	0	false	dominant=EAS proportion=0.984 margin=0.978 overlap=5736 residual=0.0330
GCST90202415	GCST90202415	East Asian	EAS	af_assigned	ukb-ancestry-mixture-hg38	5783	EAS	0.985391	0.980185	0.0333526	ok	0.0051618	0.00424208	0.985391	0.00520552	0	0	0	false	dominant=EAS proportion=0.985 margin=0.980 overlap=5783 residual=0.0334
GCST90202416	GCST90202416	East Asian	EAS	af_assigned	ukb-ancestry-mixture-hg38	9201	EAS	0.98281	0.966494	0.0333959	ok	0.0163159	0	0.98281	0.000874373	0	0	0	false	dominant=EAS proportion=0.983 margin=0.966 overlap=9201 residual=0.0334
GCST90202417	GCST90202417	East Asian	EAS	af_assigned	ukb-ancestry-mixture-hg38	5784	EAS	0.98375	0.978091	0.0332355	ok	0.00510338	0.0056596	0.98375	0.00548655	0	0	0	false	dominant=EAS proportion=0.984 margin=0.978 overlap=5784 residual=0.0332
GCST90202418	GCST90202418	East Asian	EAS	af_assigned	ukb-ancestry-mixture-hg38	5766	EAS	0.982824	0.976222	0.0345183	ok	0.00659296	0.00398168	0.982824	0.00660172	0	0	0	false	dominant=EAS proportion=0.983 margin=0.976 overlap=5766 residual=0.0345
GCST90202419	GCST90202419	East Asian	EAS	af_assigned	ukb-ancestry-mixture-hg38	5812	EAS	0.98657	0.980926	0.0349753	ok	0.00564369	0.00394069	0.98657	0.00384584	0	0	0	false	dominant=EAS proportion=0.987 margin=0.981 overlap=5812 residual=0.0350
GCST90202420	GCST90202420	East Asian	EAS	af_assigned	ukb-ancestry-mixture-hg38	8803	EAS	0.996669	0.993338	0.0317055	ok	0.00333099	0	0.996669	0	0	0	0	false	dominant=EAS proportion=0.997 margin=0.993 overlap=8803 residual=0.0317
GCST90202421	GCST90202421	East Asian	EAS	af_assigned	ukb-ancestry-mixture-hg38	5703	EAS	0.984286	0.978886	0.0328441	ok	0.00503581	0.00540071	0.984286	0.00527698	0	0	0	false	dominant=EAS proportion=0.984 margin=0.979 overlap=5703 residual=0.0328
GCST90202422	GCST90202422	East Asian	EAS	af_assigned	ukb-ancestry-mixture-hg38	5734	EAS	0.984244	0.977831	0.0329125	ok	0.00538113	0.00396224	0.984244	0.00641299	0	0	0	false	dominant=EAS proportion=0.984 margin=0.978 overlap=5734 residual=0.0329
GCST90202423	GCST90202423	East Asian	EAS	af_assigned	ukb-ancestry-mixture-hg38	8375	EAS	0.979408	0.958815	0.0339036	ok	0.0205924	0	0.979408	0	0	0	0	false	dominant=EAS proportion=0.979 margin=0.959 overlap=8375 residual=0.0339
GCST90202424	GCST90202424	East Asian	EAS	af_assigned	ukb-ancestry-mixture-hg38	5718	EAS	0.979604	0.971731	0.0361528	ok	0.00596026	0.00656208	0.979604	0.00787316	0	0	0	false	dominant=EAS proportion=0.980 margin=0.972 overlap=5718 residual=0.0362
GCST90202425	GCST90202425	East Asian	EAS	af_assigned	ukb-ancestry-mixture-hg38	7933	EAS	0.971125	0.960418	0.0321507	ok	0.00959	0	0.971125	0.00857818	0	0	0.0107071	false	dominant=EAS proportion=0.971 margin=0.960 overlap=7933 residual=0.0322
GCST90202426	GCST90202426	East Asian	EAS	af_assigned	ukb-ancestry-mixture-hg38	5821	EAS	0.982201	0.975636	0.0333814	ok	0.0050154	0.0062194	0.982201	0.00656436	0	0	0	false	dominant=EAS proportion=0.982 margin=0.976 overlap=5821 residual=0.0334
GCST90202427	GCST90202427	East Asian	EAS	af_assigned	ukb-ancestry-mixture-hg38	5761	EAS	0.984288	0.978008	0.0329966	ok	0.00541506	0.00401637	0.984288	0.00628009	0	0	0	false	dominant=EAS proportion=0.984 margin=0.978 overlap=5761 residual=0.0330
GCST90202428	GCST90202428	East Asian	EAS	af_assigned	ukb-ancestry-mixture-hg38	5705	EAS	0.984573	0.979104	0.0328268	ok	0.00499622	0.00496152	0.984573	0.00546934	0	0	0	false	dominant=EAS proportion=0.985 margin=0.979 overlap=5705 residual=0.0328
GCST90202429	GCST90202429	East Asian	EAS	af_assigned	ukb-ancestry-mixture-hg38	8904	EAS	0.975985	0.964936	0.0314516	ok	0.00345234	0.0110495	0.975985	0.00352375	0	0	0.00598902	false	dominant=EAS proportion=0.976 margin=0.965 overlap=8904 residual=0.0315
GCST90202430	GCST90202430	East Asian	EAS	af_assigned	ukb-ancestry-mixture-hg38	8391	EAS	0.978949	0.964685	0.0356217	ok	0.00165756	0	0.978949	0.0142637	0	0	0.00513022	false	dominant=EAS proportion=0.979 margin=0.965 overlap=8391 residual=0.0356
GCST90202431	GCST90202431	East Asian	EAS	af_assigned	ukb-ancestry-mixture-hg38	14727	EAS	0.977269	0.958511	0.0341278	ok	0.00397261	0.0187582	0.977269	0	0	0	0	false	dominant=EAS proportion=0.977 margin=0.959 overlap=14727 residual=0.0341
GCST90202432	GCST90202432	East Asian	EAS	af_assigned	ukb-ancestry-mixture-hg38	8452	EAS	0.985567	0.977051	0.0322071	ok	0.0085158	0	0.985567	0.00591767	0	0	0	false	dominant=EAS proportion=0.986 margin=0.977 overlap=8452 residual=0.0322
GCST90202433	GCST90202433	East Asian	EAS	af_assigned	ukb-ancestry-mixture-hg38	9243	EAS	0.972319	0.959478	0.0342128	ok	0	0.0128407	0.972319	0.00861747	0	0	0.00622286	false	dominant=EAS proportion=0.972 margin=0.959 overlap=9243 residual=0.0342
GCST90202434	GCST90202434	East Asian	EAS	af_assigned	ukb-ancestry-mixture-hg38	5669	EAS	0.979042	0.970605	0.0356816	ok	0.00610195	0.00641829	0.979042	0.00843744	0	0	0	false	dominant=EAS proportion=0.979 margin=0.971 overlap=5669 residual=0.0357
GCST90202435	GCST90202435	East Asian	EAS	af_assigned	ukb-ancestry-mixture-hg38	9186	EAS	0.969707	0.953549	0.0354633	ok	0.00632746	0.00180023	0.969707	0.0161575	0	0	0.00600826	false	dominant=EAS proportion=0.970 margin=0.954 overlap=9186 residual=0.0355
GCST90202436	GCST90202436	East Asian	EAS	af_assigned	ukb-ancestry-mixture-hg38	5573	EAS	0.980892	0.972409	0.0370505	ok	0.00833499	0.00228913	0.980892	0.00848357	0	0	0	false	dominant=EAS proportion=0.981 margin=0.972 overlap=5573 residual=0.0371
GCST90202437	GCST90202437	East Asian	EAS	af_assigned	ukb-ancestry-mixture-hg38	16443	EAS	0.974485	0.956135	0.0368496	ok	0.0183501	0	0.974485	0	0	0	0.00716475	false	dominant=EAS proportion=0.974 margin=0.956 overlap=16443 residual=0.0368
GCST90202438	GCST90202438	East Asian	EAS	af_assigned	ukb-ancestry-mixture-hg38	10766	EAS	0.96999	0.949545	0.0386397	ok	0	0.0204451	0.96999	0	0	0	0.0095646	false	dominant=EAS proportion=0.970 margin=0.950 overlap=10766 residual=0.0386
GCST90202439	GCST90202439	East Asian	EAS	af_assigned	ukb-ancestry-mixture-hg38	12781	EAS	0.964483	0.942401	0.0358841	ok	0	0.0220812	0.964483	0.0134361	0	0	0	false	dominant=EAS proportion=0.964 margin=0.942 overlap=12781 residual=0.0359
GCST90202440	GCST90202440	East Asian	EAS	af_assigned	ukb-ancestry-mixture-hg38	8755	EAS	0.981241	0.969197	0.0294136	ok	0.0120437	0	0.981241	0.00671517	0	0	0	false	dominant=EAS proportion=0.981 margin=0.969 overlap=8755 residual=0.0294
GCST90202441	GCST90202441	East Asian	EAS	af_assigned	ukb-ancestry-mixture-hg38	5708	EAS	0.984529	0.979239	0.0328176	ok	0.00502973	0.00515088	0.984529	0.00529	0	0	0	false	dominant=EAS proportion=0.985 margin=0.979 overlap=5708 residual=0.0328
GCST90202442	GCST90202442	East Asian	EAS	af_assigned	ukb-ancestry-mixture-hg38	5747	EAS	0.979377	0.972179	0.036042	ok	0.00648552	0.0069395	0.979377	0.00719797	0	0	0	false	dominant=EAS proportion=0.979 margin=0.972 overlap=5747 residual=0.0360
GCST90202443	GCST90202443	East Asian	EAS	af_assigned	ukb-ancestry-mixture-hg38	5757	EAS	0.981673	0.974257	0.0341534	ok	0.00520751	0.0074158	0.981673	0.00570354	0	0	0	false	dominant=EAS proportion=0.982 margin=0.974 overlap=5757 residual=0.0342
GCST90202444	GCST90202444	East Asian	EAS	af_assigned	ukb-ancestry-mixture-hg38	5797	EAS	0.981224	0.974929	0.036769	ok	0.0062949	0.00529853	0.981224	0.00365522	0	0	0.00352753	false	dominant=EAS proportion=0.981 margin=0.975 overlap=5797 residual=0.0368
GCST90202445	GCST90202445	East Asian	EAS	af_assigned	ukb-ancestry-mixture-hg38	5553	EAS	0.982449	0.975863	0.0334655	ok	0.00492093	0.00658583	0.982449	0.00604414	0	0	0	false	dominant=EAS proportion=0.982 margin=0.976 overlap=5553 residual=0.0335
GCST90202446	GCST90202446	East Asian	EAS	af_assigned	ukb-ancestry-mixture-hg38	9094	EAS	0.987693	0.975385	0.0317699	ok	0.0123074	0	0.987693	0	0	0	0	false	dominant=EAS proportion=0.988 margin=0.975 overlap=9094 residual=0.0318
GCST90202447	GCST90202447	East Asian	EAS	af_assigned	ukb-ancestry-mixture-hg38	5727	EAS	0.98198	0.975281	0.0343663	ok	0.00669899	0.00594974	0.98198	0.00537137	0	0	0	false	dominant=EAS proportion=0.982 margin=0.975 overlap=5727 residual=0.0344
GCST90202448	GCST90202448	East Asian	EAS	af_assigned	ukb-ancestry-mixture-hg38	5726	EAS	0.984523	0.978669	0.0327961	ok	0.00491296	0.00585387	0.984523	0.00471036	0	0	0	false	dominant=EAS proportion=0.985 margin=0.979 overlap=5726 residual=0.0328
GCST90202449	GCST90202449	East Asian	EAS	af_assigned	ukb-ancestry-mixture-hg38	5729	EAS	0.984014	0.978574	0.0330171	ok	0.00543988	0.00533854	0.984014	0.00520778	0	0	0	false	dominant=EAS proportion=0.984 margin=0.979 overlap=5729 residual=0.0330
GCST90202450	GCST90202450	East Asian	EAS	af_assigned	ukb-ancestry-mixture-hg38	5574	EAS	0.983952	0.977095	0.0363813	ok	0.00644055	0.00685638	0.983952	0.00275122	0	0	0	false	dominant=EAS proportion=0.984 margin=0.977 overlap=5574 residual=0.0364
GCST90202451	GCST90202451	East Asian	EAS	af_assigned	ukb-ancestry-mixture-hg38	5668	EAS	0.979499	0.968438	0.0370291	ok	0.00866438	0.000774844	0.979499	0.0110615	0	0	0	false	dominant=EAS proportion=0.979 margin=0.968 overlap=5668 residual=0.0370
GCST90202452	GCST90202452	East Asian	EAS	af_assigned	ukb-ancestry-mixture-hg38	5773	EAS	0.984137	0.978605	0.0332992	ok	0.00523083	0.0051012	0.984137	0.00553129	0	0	0	false	dominant=EAS proportion=0.984 margin=0.979 overlap=5773 residual=0.0333
GCST90202453	GCST90202453	East Asian	EAS	af_assigned	ukb-ancestry-mixture-hg38	5732	EAS	0.983971	0.977389	0.0330235	ok	0.00483416	0.00658198	0.983971	0.00461311	0	0	0	false	dominant=EAS proportion=0.984 margin=0.977 overlap=5732 residual=0.0330
GCST90202454	GCST90202454	East Asian	EAS	af_assigned	ukb-ancestry-mixture-hg38	5702	EAS	0.984369	0.978775	0.0328383	ok	0.00494209	0.00509475	0.984369	0.00559398	0	0	0	false	dominant=EAS proportion=0.984 margin=0.979 overlap=5702 residual=0.0328
GCST90202455	GCST90202455	East Asian	EAS	af_assigned	ukb-ancestry-mixture-hg38	7620	EAS	0.981626	0.968871	0.0314252	ok	0.00386217	0.0127552	0.981626	0.00175619	0	0	0	false	dominant=EAS proportion=0.982 margin=0.969 overlap=7620 residual=0.0314
GCST90202456	GCST90202456	East Asian	EAS	af_assigned	ukb-ancestry-mixture-hg38	5733	EAS	0.983996	0.978422	0.0329987	ok	0.00490571	0.00552355	0.983996	0.00557433	0	0	0	false	dominant=EAS proportion=0.984 margin=0.978 overlap=5733 residual=0.0330
GCST90202457	GCST90202457	East Asian	EAS	af_assigned	ukb-ancestry-mixture-hg38	5728	EAS	0.985124	0.979285	0.0329914	ok	0.00455552	0.00583952	0.985124	0.00448053	0	0	0	false	dominant=EAS proportion=0.985 margin=0.979 overlap=5728 residual=0.0330
GCST90202458	GCST90202458	East Asian	EAS	af_assigned	ukb-ancestry-mixture-hg38	5703	EAS	0.984435	0.978804	0.0328381	ok	0.00489514	0.00563148	0.984435	0.00503833	0	0	0	false	dominant=EAS proportion=0.984 margin=0.979 overlap=5703 residual=0.0328
GCST90202459	GCST90202459	East Asian	EAS	af_assigned	ukb-ancestry-mixture-hg38	5753	EAS	0.985349	0.979675	0.0331297	ok	0.0050324	0.00394411	0.985349	0.0056741	0	0	0	false	dominant=EAS proportion=0.985 margin=0.980 overlap=5753 residual=0.0331
GCST90202460	GCST90202460	East Asian	EAS	af_assigned	ukb-ancestry-mixture-hg38	7711	EAS	0.990984	0.985227	0.0325533	ok	0.00575724	0.00325829	0.990984	0	0	0	0	false	dominant=EAS proportion=0.991 margin=0.985 overlap=7711 residual=0.0326
GCST90202461	GCST90202461	East Asian	EAS	af_assigned	ukb-ancestry-mixture-hg38	5705	EAS	0.984419	0.97889	0.0328397	ok	0.00506936	0.00552929	0.984419	0.00498256	0	0	0	false	dominant=EAS proportion=0.984 margin=0.979 overlap=5705 residual=0.0328
GCST90202462	GCST90202462	East Asian	EAS	af_assigned	ukb-ancestry-mixture-hg38	8171	EAS	0.980302	0.966636	0.0322415	ok	0	0	0.980302	0.00603238	0	0	0.0136656	false	dominant=EAS proportion=0.980 margin=0.967 overlap=8171 residual=0.0322
GCST90202463	GCST90202463	East Asian	EAS	af_assigned	ukb-ancestry-mixture-hg38	5799	EAS	0.983981	0.978464	0.0333461	ok	0.00517588	0.00532619	0.983981	0.00551679	0	0	0	false	dominant=EAS proportion=0.984 margin=0.978 overlap=5799 residual=0.0333
GCST90202464	GCST90202464	East Asian	EAS	af_assigned	ukb-ancestry-mixture-hg38	5810	EAS	0.985404	0.980159	0.0334474	ok	0.00511417	0.0042371	0.985404	0.00524489	0	0	0	false	dominant=EAS proportion=0.985 margin=0.980 overlap=5810 residual=0.0334
GCST90202465	GCST90202465	East Asian	EAS	af_assigned	ukb-ancestry-mixture-hg38	5818	EAS	0.980134	0.973153	0.0366043	ok	0.00684157	0.00604317	0.980134	0.00698094	0	0	0	false	dominant=EAS proportion=0.980 margin=0.973 overlap=5818 residual=0.0366
GCST90202466	GCST90202466	East Asian	EAS	af_assigned	ukb-ancestry-mixture-hg38	5715	EAS	0.984032	0.978572	0.0328775	ok	0.00508307	0.00542409	0.984032	0.00546056	0	0	0	false	dominant=EAS proportion=0.984 margin=0.979 overlap=5715 residual=0.0329
GCST90202467	GCST90202467	East Asian	EAS	af_assigned	ukb-ancestry-mixture-hg38	5703	EAS	0.984455	0.979126	0.0328276	ok	0.00505557	0.00516038	0.984455	0.00532909	0	0	0	false	dominant=EAS proportion=0.984 margin=0.979 overlap=5703 residual=0.0328
GCST90202468	GCST90202468	East Asian	EAS	af_assigned	ukb-ancestry-mixture-hg38	5629	EAS	0.984134	0.978102	0.033763	ok	0.00590144	0.00603263	0.984134	0.00393175	0	0	0	false	dominant=EAS proportion=0.984 margin=0.978 overlap=5629 residual=0.0338
GCST90202469	GCST90202469	East Asian	EAS	af_assigned	ukb-ancestry-mixture-hg38	5620	EAS	0.982351	0.976034	0.0347446	ok	0.00631741	0.00551365	0.982351	0.00581792	0	0	0	false	dominant=EAS proportion=0.982 margin=0.976 overlap=5620 residual=0.0347
GCST90202470	GCST90202470	East Asian	EAS	af_assigned	ukb-ancestry-mixture-hg38	13307	EAS	0.961828	0.937749	0.0342172	ok	0.0083697	0.0240781	0.961828	0.000553129	0	0	0.00517154	false	dominant=EAS proportion=0.962 margin=0.938 overlap=13307 residual=0.0342
GCST90202471	GCST90202471	East Asian	EAS	af_assigned	ukb-ancestry-mixture-hg38	7806	EAS	0.970054	0.959034	0.0328332	ok	0.00966741	0.0031723	0.970054	0.00608631	0	0	0.0110199	false	dominant=EAS proportion=0.970 margin=0.959 overlap=7806 residual=0.0328
GCST90202472	GCST90202472	East Asian	EAS	af_assigned	ukb-ancestry-mixture-hg38	7546	EAS	0.977118	0.955107	0.0344488	ok	0.000870206	0	0.977118	0.0220114	0	0	0	false	dominant=EAS proportion=0.977 margin=0.955 overlap=7546 residual=0.0344
GCST90202473	GCST90202473	East Asian	EAS	af_assigned	ukb-ancestry-mixture-hg38	5703	EAS	0.984397	0.97905	0.0328079	ok	0.00500537	0.00525078	0.984397	0.00534701	0	0	0	false	dominant=EAS proportion=0.984 margin=0.979 overlap=5703 residual=0.0328
GCST90202474	GCST90202474	East Asian	EAS	af_assigned	ukb-ancestry-mixture-hg38	8240	EAS	0.972258	0.958247	0.0342105	ok	0.0140116	0	0.972258	0.0137302	0	0	0	false	dominant=EAS proportion=0.972 margin=0.958 overlap=8240 residual=0.0342
GCST90202475	GCST90202475	East Asian	EAS	af_assigned	ukb-ancestry-mixture-hg38	17360	EAS	0.972463	0.948993	0.0400846	ok	0.00406622	0	0.972463	0.0234704	0	0	0	false	dominant=EAS proportion=0.972 margin=0.949 overlap=17360 residual=0.0401
GCST90202476	GCST90202476	East Asian	EAS	af_assigned	ukb-ancestry-mixture-hg38	8272	EAS	0.972056	0.957942	0.034194	ok	0.0138292	0	0.972056	0.0141146	0	0	0	false	dominant=EAS proportion=0.972 margin=0.958 overlap=8272 residual=0.0342
GCST90202477	GCST90202477	East Asian	EAS	af_assigned	ukb-ancestry-mixture-hg38	5703	EAS	0.984559	0.979255	0.0328104	ok	0.00497145	0.00516564	0.984559	0.00530396	0	0	0	false	dominant=EAS proportion=0.985 margin=0.979 overlap=5703 residual=0.0328
GCST90202478	GCST90202478	East Asian	EAS	af_assigned	ukb-ancestry-mixture-hg38	7303	EAS	0.970009	0.95283	0.03223	ok	0.00283826	0.00700853	0.970009	0.00296518	0	0	0.0171791	false	dominant=EAS proportion=0.970 margin=0.953 overlap=7303 residual=0.0322
GCST90202479	GCST90202479	East Asian	EAS	af_assigned	ukb-ancestry-mixture-hg38	5814	EAS	0.983577	0.977089	0.0334979	ok	0.0054491	0.00648801	0.983577	0.00448576	0	0	0	false	dominant=EAS proportion=0.984 margin=0.977 overlap=5814 residual=0.0335
GCST90202480	GCST90202480	East Asian	EAS	af_assigned	ukb-ancestry-mixture-hg38	8195	EAS	0.962306	0.937976	0.032337	ok	0	0	0.962306	0.0133649	0	0	0.0243294	false	dominant=EAS proportion=0.962 margin=0.938 overlap=8195 residual=0.0323
GCST90202481	GCST90202481	East Asian	EAS	af_assigned	ukb-ancestry-mixture-hg38	8183	EAS	0.982411	0.968787	0.0314158	ok	0.013624	0	0.982411	0.0039645	0	0	0	false	dominant=EAS proportion=0.982 margin=0.969 overlap=8183 residual=0.0314
GCST90202482	GCST90202482	East Asian	EAS	af_assigned	ukb-ancestry-mixture-hg38	7479	EAS	0.973252	0.955401	0.0315223	ok	0.00889707	0	0.973252	0	0	0	0.0178512	false	dominant=EAS proportion=0.973 margin=0.955 overlap=7479 residual=0.0315
GCST90202483	GCST90202483	East Asian	EAS	af_assigned	ukb-ancestry-mixture-hg38	5704	EAS	0.984474	0.979161	0.0328074	ok	0.0050007	0.00521117	0.984474	0.00531367	0	0	0	false	dominant=EAS proportion=0.984 margin=0.979 overlap=5704 residual=0.0328
GCST90202484	GCST90202484	East Asian	EAS	af_assigned	ukb-ancestry-mixture-hg38	5721	EAS	0.989363	0.984299	0.0330232	ok	0.00162828	0.00506415	0.989363	0.00394459	0	0	0	false	dominant=EAS proportion=0.989 margin=0.984 overlap=5721 residual=0.0330
GCST90202485	GCST90202485	East Asian	EAS	af_assigned	ukb-ancestry-mixture-hg38	8214	EAS	0.992241	0.986598	0.0347291	ok	0.00564241	0	0.992241	0	0	0	0.00211679	false	dominant=EAS proportion=0.992 margin=0.987 overlap=8214 residual=0.0347
GCST90202486	GCST90202486	East Asian	EAS	af_assigned	ukb-ancestry-mixture-hg38	5789	EAS	0.98575	0.980861	0.0333845	ok	0.00460615	0.00475445	0.98575	0.00488926	0	0	0	false	dominant=EAS proportion=0.986 margin=0.981 overlap=5789 residual=0.0334
GCST90202487	GCST90202487	East Asian	EAS	af_assigned	ukb-ancestry-mixture-hg38	5716	EAS	0.984572	0.979151	0.0328187	ok	0.00496548	0.00542084	0.984572	0.00504214	0	0	0	false	dominant=EAS proportion=0.985 margin=0.979 overlap=5716 residual=0.0328
GCST90202488	GCST90202488	East Asian	EAS	af_assigned	ukb-ancestry-mixture-hg38	5705	EAS	0.984432	0.979097	0.0328047	ok	0.00498534	0.00524875	0.984432	0.00533435	0	0	0	false	dominant=EAS proportion=0.984 margin=0.979 overlap=5705 residual=0.0328
GCST90202489	GCST90202489	East Asian	EAS	af_assigned	ukb-ancestry-mixture-hg38	5721	EAS	0.984118	0.978357	0.0329121	ok	0.00475332	0.0053668	0.984118	0.00576139	0	0	0	false	dominant=EAS proportion=0.984 margin=0.978 overlap=5721 residual=0.0329
GCST90202490	GCST90202490	East Asian	EAS	af_assigned	ukb-ancestry-mixture-hg38	5705	EAS	0.984426	0.978874	0.0328324	ok	0.00500947	0.00501174	0.984426	0.00555256	0	0	0	false	dominant=EAS proportion=0.984 margin=0.979 overlap=5705 residual=0.0328
GCST90202491	GCST90202491	East Asian	EAS	af_assigned	ukb-ancestry-mixture-hg38	12891	EAS	0.977787	0.957414	0.0346428	ok	0.0203736	0.00183901	0.977787	0	0	0	0	false	dominant=EAS proportion=0.978 margin=0.957 overlap=12891 residual=0.0346
GCST90202492	GCST90202492	East Asian	EAS	af_assigned	ukb-ancestry-mixture-hg38	5722	EAS	0.984591	0.978405	0.0328239	ok	0.00475241	0.00618627	0.984591	0.00446987	0	0	0	false	dominant=EAS proportion=0.985 margin=0.978 overlap=5722 residual=0.0328
GCST90202493	GCST90202493	East Asian	EAS	af_assigned	ukb-ancestry-mixture-hg38	5728	EAS	0.984402	0.979027	0.0329909	ok	0.00493474	0.00537472	0.984402	0.00528835	0	0	0	false	dominant=EAS proportion=0.984 margin=0.979 overlap=5728 residual=0.0330
GCST90202494	GCST90202494	East Asian	EAS	af_assigned	ukb-ancestry-mixture-hg38	5705	EAS	0.984551	0.979248	0.0328136	ok	0.00498028	0.00516535	0.984551	0.00530324	0	0	0	false	dominant=EAS proportion=0.985 margin=0.979 overlap=5705 residual=0.0328
GCST90202495	GCST90202495	East Asian	EAS	af_assigned	ukb-ancestry-mixture-hg38	5705	EAS	0.984575	0.979261	0.0328207	ok	0.00497915	0.00531365	0.984575	0.00513229	0	0	0	false	dominant=EAS proportion=0.985 margin=0.979 overlap=5705 residual=0.0328
GCST90202496	GCST90202496	East Asian	EAS	af_assigned	ukb-ancestry-mixture-hg38	8465	EAS	0.974909	0.953807	0.0340404	ok	0.00398828	0	0.974909	0	0	0	0.0211025	false	dominant=EAS proportion=0.975 margin=0.954 overlap=8465 residual=0.0340
GCST90202497	GCST90202497	East Asian	EAS	af_assigned	ukb-ancestry-mixture-hg38	5705	EAS	0.984412	0.979055	0.0328094	ok	0.0049272	0.00535706	0.984412	0.00530408	0	0	0	false	dominant=EAS proportion=0.984 margin=0.979 overlap=5705 residual=0.0328
GCST90202498	GCST90202498	East Asian	EAS	af_assigned	ukb-ancestry-mixture-hg38	5722	EAS	0.984422	0.978661	0.032806	ok	0.00482755	0.00576097	0.984422	0.00498955	0	0	0	false	dominant=EAS proportion=0.984 margin=0.979 overlap=5722 residual=0.0328
GCST90202499	GCST90202499	East Asian	EAS	af_assigned	ukb-ancestry-mixture-hg38	5792	EAS	0.983863	0.977993	0.0333115	ok	0.00502977	0.0052363	0.983863	0.00587065	0	0	0	false	dominant=EAS proportion=0.984 margin=0.978 overlap=5792 residual=0.0333
GCST90202500	GCST90202500	East Asian	EAS	af_assigned	ukb-ancestry-mixture-hg38	5711	EAS	0.984495	0.979084	0.0328399	ok	0.00492191	0.00541016	0.984495	0.00517336	0	0	0	false	dominant=EAS proportion=0.984 margin=0.979 overlap=5711 residual=0.0328
GCST90202501	GCST90202501	East Asian	EAS	af_assigned	ukb-ancestry-mixture-hg38	5708	EAS	0.984143	0.978571	0.0328437	ok	0.00504243	0.00524335	0.984143	0.00557139	0	0	0	false	dominant=EAS proportion=0.984 margin=0.979 overlap=5708 residual=0.0328
GCST90202502	GCST90202502	East Asian	EAS	af_assigned	ukb-ancestry-mixture-hg38	10492	EAS	0.948398	0.904884	0.0314873	ok	0.00808762	0	0.948398	0.0435141	0	0	0	false	dominant=EAS proportion=0.948 margin=0.905 overlap=10492 residual=0.0315
GCST90202503	GCST90202503	East Asian	EAS	af_assigned	ukb-ancestry-mixture-hg38	8151	EAS	0.993685	0.98803	0.030807	ok	0.00565531	0	0.993685	0.000659227	0	0	0	false	dominant=EAS proportion=0.994 margin=0.988 overlap=8151 residual=0.0308
GCST90202504	GCST90202504	East Asian	EAS	af_assigned	ukb-ancestry-mixture-hg38	5726	EAS	0.984423	0.978287	0.0330031	ok	0.00508975	0.00613638	0.984423	0.00435074	0	0	0	false	dominant=EAS proportion=0.984 margin=0.978 overlap=5726 residual=0.0330
GCST90202505	GCST90202505	East Asian	EAS	af_assigned	ukb-ancestry-mixture-hg38	5705	EAS	0.984558	0.979154	0.0328564	ok	0.00495175	0.00508663	0.984558	0.00540397	0	0	0	false	dominant=EAS proportion=0.985 margin=0.979 overlap=5705 residual=0.0329
GCST90202506	GCST90202506	East Asian	EAS	af_assigned	ukb-ancestry-mixture-hg38	5788	EAS	0.985127	0.979038	0.033313	ok	0.00476294	0.00402195	0.985127	0.00608831	0	0	0	false	dominant=EAS proportion=0.985 margin=0.979 overlap=5788 residual=0.0333
GCST90202507	GCST90202507	East Asian	EAS	af_assigned	ukb-ancestry-mixture-hg38	9999	EAS	0.983872	0.973248	0.031579	ok	0.0106238	0	0.983872	0.00550407	0	0	0	false	dominant=EAS proportion=0.984 margin=0.973 overlap=9999 residual=0.0316
GCST90202508	GCST90202508	East Asian	EAS	af_assigned	ukb-ancestry-mixture-hg38	5805	EAS	0.983058	0.976426	0.0335298	ok	0.00520189	0.00510821	0.983058	0.00663191	0	0	0	false	dominant=EAS proportion=0.983 margin=0.976 overlap=5805 residual=0.0335
GCST90202509	GCST90202509	East Asian	EAS	af_assigned	ukb-ancestry-mixture-hg38	7593	EAS	1	1	0.0319815	ok	0	0	1	0	0	0	0	false	dominant=EAS proportion=1.000 margin=1.000 overlap=7593 residual=0.0320
GCST90202510	GCST90202510	East Asian	EAS	af_assigned	ukb-ancestry-mixture-hg38	5666	EAS	0.97662	0.967675	0.0371508	ok	0.00865077	0.00578453	0.97662	0.00894462	0	0	0	false	dominant=EAS proportion=0.977 margin=0.968 overlap=5666 residual=0.0372
GCST90202511	GCST90202511	East Asian	EAS	af_assigned	ukb-ancestry-mixture-hg38	5703	EAS	0.984572	0.979172	0.0328112	ok	0.00496232	0.0050658	0.984572	0.00540018	0	0	0	false	dominant=EAS proportion=0.985 margin=0.979 overlap=5703 residual=0.0328
GCST90202512	GCST90202512	East Asian	EAS	af_assigned	ukb-ancestry-mixture-hg38	5707	EAS	0.984447	0.97892	0.0328186	ok	0.00491068	0.00552771	0.984447	0.00511426	0	0	0	false	dominant=EAS proportion=0.984 margin=0.979 overlap=5707 residual=0.0328
GCST90202513	GCST90202513	East Asian	EAS	af_assigned	ukb-ancestry-mixture-hg38	5602	EAS	0.982065	0.974561	0.0337045	ok	0.00538923	0.0050411	0.982065	0.00750425	0	0	0	false	dominant=EAS proportion=0.982 margin=0.975 overlap=5602 residual=0.0337
GCST90202514	GCST90202514	East Asian	EAS	af_assigned	ukb-ancestry-mixture-hg38	5707	EAS	0.984464	0.979104	0.0328304	ok	0.00490607	0.00526996	0.984464	0.00536007	0	0	0	false	dominant=EAS proportion=0.984 margin=0.979 overlap=5707 residual=0.0328
GCST90202515	GCST90202515	East Asian	EAS	af_assigned	ukb-ancestry-mixture-hg38	5748	EAS	0.981518	0.97406	0.0344983	ok	0.00745758	0.0051391	0.981518	0.00588553	0	0	0	false	dominant=EAS proportion=0.982 margin=0.974 overlap=5748 residual=0.0345
GCST90202516	GCST90202516	East Asian	EAS	af_assigned	ukb-ancestry-mixture-hg38	5767	EAS	0.984831	0.978906	0.0332319	ok	0.00494175	0.00430132	0.984831	0.00592552	0	0	0	false	dominant=EAS proportion=0.985 margin=0.979 overlap=5767 residual=0.0332
GCST90202517	GCST90202517	East Asian	EAS	af_assigned	ukb-ancestry-mixture-hg38	5754	EAS	0.983853	0.978384	0.0331759	ok	0.00542289	0.00546911	0.983853	0.00525508	0	0	0	false	dominant=EAS proportion=0.984 margin=0.978 overlap=5754 residual=0.0332
GCST90202518	GCST90202518	East Asian	EAS	af_assigned	ukb-ancestry-mixture-hg38	5737	EAS	0.985017	0.979606	0.0330729	ok	0.00509498	0.00447688	0.985017	0.00541103	0	0	0	false	dominant=EAS proportion=0.985 margin=0.980 overlap=5737 residual=0.0331
GCST90202519	GCST90202519	East Asian	EAS	af_assigned	ukb-ancestry-mixture-hg38	14994	EAS	0.975195	0.961909	0.0414447	ok	0.0132858	0.0115195	0.975195	0	0	0	0	false	dominant=EAS proportion=0.975 margin=0.962 overlap=14994 residual=0.0414
GCST90202520	GCST90202520	East Asian	EAS	af_assigned	ukb-ancestry-mixture-hg38	7823	EAS	0.988427	0.976855	0.0342981	ok	0.0115727	0	0.988427	0	0	0	0	false	dominant=EAS proportion=0.988 margin=0.977 overlap=7823 residual=0.0343
GCST90202521	GCST90202521	East Asian	EAS	af_assigned	ukb-ancestry-mixture-hg38	5740	EAS	0.984652	0.978398	0.0330494	ok	0.00502397	0.00406921	0.984652	0.00625464	0	0	0	false	dominant=EAS proportion=0.985 margin=0.978 overlap=5740 residual=0.0330
GCST90202522	GCST90202522	East Asian	EAS	af_assigned	ukb-ancestry-mixture-hg38	5711	EAS	0.984458	0.979013	0.0327915	ok	0.00495492	0.00514246	0.984458	0.00544479	0	0	0	false	dominant=EAS proportion=0.984 margin=0.979 overlap=5711 residual=0.0328
GCST90202523	GCST90202523	East Asian	EAS	af_assigned	ukb-ancestry-mixture-hg38	8389	EAS	0.981452	0.964286	0.0391668	ok	0.0171662	0	0.981452	0	0	0.00138175	0	false	dominant=EAS proportion=0.981 margin=0.964 overlap=8389 residual=0.0392
GCST90202524	GCST90202524	East Asian	EAS	af_assigned	ukb-ancestry-mixture-hg38	5709	EAS	0.984409	0.979009	0.0328087	ok	0.00498058	0.00539971	0.984409	0.00521113	0	0	0	false	dominant=EAS proportion=0.984 margin=0.979 overlap=5709 residual=0.0328
GCST90202525	GCST90202525	East Asian	EAS	af_assigned	ukb-ancestry-mixture-hg38	5734	EAS	0.983829	0.977591	0.0330185	ok	0.00533642	0.00459756	0.983829	0.00623727	0	0	0	false	dominant=EAS proportion=0.984 margin=0.978 overlap=5734 residual=0.0330
GCST90202526	GCST90202526	East Asian	EAS	af_assigned	ukb-ancestry-mixture-hg38	5567	EAS	0.980529	0.971882	0.0348894	ok	0.00634487	0.00447853	0.980529	0.00864735	0	0	0	false	dominant=EAS proportion=0.981 margin=0.972 overlap=5567 residual=0.0349
GCST90202527	GCST90202527	East Asian	EAS	af_assigned	ukb-ancestry-mixture-hg38	5692	EAS	0.982079	0.975487	0.0342815	ok	0.00555949	0.0065922	0.982079	0.0057696	0	0	0	false	dominant=EAS proportion=0.982 margin=0.975 overlap=5692 residual=0.0343
GCST90202528	GCST90202528	East Asian	EAS	af_assigned	ukb-ancestry-mixture-hg38	5564	EAS	0.982516	0.976184	0.0332265	ok	0.00571253	0.00543855	0.982516	0.0063327	0	0	0	false	dominant=EAS proportion=0.983 margin=0.976 overlap=5564 residual=0.0332
GCST90202529	GCST90202529	East Asian	EAS	af_assigned	ukb-ancestry-mixture-hg38	5707	EAS	0.984469	0.97892	0.0328118	ok	0.00504161	0.00494027	0.984469	0.00554926	0	0	0	false	dominant=EAS proportion=0.984 margin=0.979 overlap=5707 residual=0.0328
GCST90202530	GCST90202530	East Asian	EAS	af_assigned	ukb-ancestry-mixture-hg38	8277	EAS	0.986558	0.977807	0.0345563	ok	0.00875148	0.0012591	0.986558	0.00343108	0	0	0	false	dominant=EAS proportion=0.987 margin=0.978 overlap=8277 residual=0.0346
GCST90202531	GCST90202531	East Asian	EAS	af_assigned	ukb-ancestry-mixture-hg38	5737	EAS	0.984294	0.978846	0.0329919	ok	0.00500766	0.00544811	0.984294	0.00525002	0	0	0	false	dominant=EAS proportion=0.984 margin=0.979 overlap=5737 residual=0.0330
GCST90202532	GCST90202532	East Asian	EAS	af_assigned	ukb-ancestry-mixture-hg38	5770	EAS	0.984253	0.977923	0.0332639	ok	0.00531561	0.00410204	0.984253	0.00632974	0	0	0	false	dominant=EAS proportion=0.984 margin=0.978 overlap=5770 residual=0.0333
GCST90202533	GCST90202533	East Asian	EAS	af_assigned	ukb-ancestry-mixture-hg38	5817	EAS	0.984427	0.97786	0.0336468	ok	0.00517406	0.00383259	0.984427	0.00656655	0	0	0	false	dominant=EAS proportion=0.984 margin=0.978 overlap=5817 residual=0.0336
GCST90202534	GCST90202534	East Asian	EAS	af_assigned	ukb-ancestry-mixture-hg38	10648	EAS	0.952394	0.925506	0.034104	ok	0.00835693	0.026888	0.952394	0.0123613	0	0	0	false	dominant=EAS proportion=0.952 margin=0.926 overlap=10648 residual=0.0341
GCST90202535	GCST90202535	East Asian	EAS	af_assigned	ukb-ancestry-mixture-hg38	5706	EAS	0.984481	0.979057	0.0328041	ok	0.00493613	0.00515841	0.984481	0.00542415	0	0	0	false	dominant=EAS proportion=0.984 margin=0.979 overlap=5706 residual=0.0328
GCST90202536	GCST90202536	East Asian	EAS	af_assigned	ukb-ancestry-mixture-hg38	5787	EAS	0.983606	0.977927	0.0331961	ok	0.00567908	0.0056109	0.983606	0.00510394	0	0	0	false	dominant=EAS proportion=0.984 margin=0.978 overlap=5787 residual=0.0332
GCST90202537	GCST90202537	East Asian	EAS	af_assigned	ukb-ancestry-mixture-hg38	5680	EAS	0.9797	0.969511	0.0356176	ok	0.00776984	0.00234073	0.9797	0.010189	0	0	0	false	dominant=EAS proportion=0.980 margin=0.970 overlap=5680 residual=0.0356
GCST90202538	GCST90202538	East Asian	EAS	af_assigned	ukb-ancestry-mixture-hg38	5647	EAS	0.984088	0.977949	0.033876	ok	0.00613848	0.00399989	0.984088	0.00577409	0	0	0	false	dominant=EAS proportion=0.984 margin=0.978 overlap=5647 residual=0.0339
GCST90202539	GCST90202539	East Asian	EAS	af_assigned	ukb-ancestry-mixture-hg38	5615	EAS	0.985952	0.980078	0.0334085	ok	0.00587443	0.00497006	0.985952	0.00320354	0	0	0	false	dominant=EAS proportion=0.986 margin=0.980 overlap=5615 residual=0.0334
GCST90202540	GCST90202540	East Asian	EAS	af_assigned	ukb-ancestry-mixture-hg38	8162	EAS	0.959685	0.93939	0.0344162	ok	0.00035674	0.00493739	0.959685	0.020295	0	0	0.0147262	false	dominant=EAS proportion=0.960 margin=0.939 overlap=8162 residual=0.0344
GCST90202541	GCST90202541	East Asian	EAS	af_assigned	ukb-ancestry-mixture-hg38	5742	EAS	0.984176	0.978832	0.0330971	ok	0.00519349	0.00534446	0.984176	0.00528582	0	0	0	false	dominant=EAS proportion=0.984 margin=0.979 overlap=5742 residual=0.0331
GCST90202542	GCST90202542	East Asian	EAS	af_assigned	ukb-ancestry-mixture-hg38	5734	EAS	0.984299	0.978416	0.0329515	ok	0.0046183	0.00520076	0.984299	0.00588244	0	0	0	false	dominant=EAS proportion=0.984 margin=0.978 overlap=5734 residual=0.0330
GCST90202543	GCST90202543	East Asian	EAS	af_assigned	ukb-ancestry-mixture-hg38	5751	EAS	0.984737	0.978326	0.0329352	ok	0.00520324	0.00641166	0.984737	0.0036478	0	0	0	false	dominant=EAS proportion=0.985 margin=0.978 overlap=5751 residual=0.0329
GCST90202544	GCST90202544	East Asian	EAS	af_assigned	ukb-ancestry-mixture-hg38	5768	EAS	0.984112	0.978183	0.0330804	ok	0.00565283	0.00430718	0.984112	0.0059284	0	0	0	false	dominant=EAS proportion=0.984 margin=0.978 overlap=5768 residual=0.0331
GCST90202545	GCST90202545	East Asian	EAS	af_assigned	ukb-ancestry-mixture-hg38	11481	EAS	0.978934	0.957868	0.0324972	ok	0	0	0.978934	0.0210661	0	0	0	false	dominant=EAS proportion=0.979 margin=0.958 overlap=11481 residual=0.0325
GCST90202546	GCST90202546	East Asian	EAS	af_assigned	ukb-ancestry-mixture-hg38	5587	EAS	0.983415	0.977222	0.0335605	ok	0.0061929	0.00477278	0.983415	0.00561901	0	0	0	false	dominant=EAS proportion=0.983 margin=0.977 overlap=5587 residual=0.0336
GCST90202547	GCST90202547	East Asian	EAS	af_assigned	ukb-ancestry-mixture-hg38	5706	EAS	0.984419	0.979026	0.0328335	ok	0.00491775	0.00539256	0.984419	0.00527107	0	0	0	false	dominant=EAS proportion=0.984 margin=0.979 overlap=5706 residual=0.0328
GCST90202548	GCST90202548	East Asian	EAS	af_assigned	ukb-ancestry-mixture-hg38	11331	EAS	0.984927	0.97524	0.0331081	ok	0.00538616	0	0.984927	0.00968671	0	0	0	false	dominant=EAS proportion=0.985 margin=0.975 overlap=11331 residual=0.0331
GCST90202549	GCST90202549	East Asian	EAS	af_assigned	ukb-ancestry-mixture-hg38	5732	EAS	0.985274	0.980267	0.0329716	ok	0.0048747	0.00500716	0.985274	0.00484371	0	0	0	false	dominant=EAS proportion=0.985 margin=0.980 overlap=5732 residual=0.0330
GCST90202550	GCST90202550	East Asian	EAS	af_assigned	ukb-ancestry-mixture-hg38	5798	EAS	0.979437	0.972066	0.040528	ok	0.00629116	0.00690137	0.979437	0.00737064	0	0	0	false	dominant=EAS proportion=0.979 margin=0.972 overlap=5798 residual=0.0405
GCST90202551	GCST90202551	East Asian	EAS	af_assigned	ukb-ancestry-mixture-hg38	5759	EAS	0.986442	0.981032	0.0349137	ok	0.00491039	0.00540963	0.986442	0.00323829	0	0	0	false	dominant=EAS proportion=0.986 margin=0.981 overlap=5759 residual=0.0349
GCST90202552	GCST90202552	East Asian	EAS	af_assigned	ukb-ancestry-mixture-hg38	5605	EAS	0.983386	0.976207	0.0337013	ok	0.00609113	0.00334255	0.983386	0.00717982	0	0	0	false	dominant=EAS proportion=0.983 margin=0.976 overlap=5605 residual=0.0337
GCST90202553	GCST90202553	East Asian	EAS	af_assigned	ukb-ancestry-mixture-hg38	5808	EAS	0.983879	0.97692	0.0334167	ok	0.00590523	0.00325634	0.983879	0.00695927	0	0	0	false	dominant=EAS proportion=0.984 margin=0.977 overlap=5808 residual=0.0334
GCST90202554	GCST90202554	East Asian	EAS	af_assigned	ukb-ancestry-mixture-hg38	5664	EAS	0.9799	0.970488	0.0357089	ok	0.00498452	0.00941187	0.9799	0.00570337	0	0	0	false	dominant=EAS proportion=0.980 margin=0.970 overlap=5664 residual=0.0357
GCST90202555	GCST90202555	East Asian	EAS	af_assigned	ukb-ancestry-mixture-hg38	8415	EAS	0.988211	0.976423	0.0373365	ok	0.0117886	0	0.988211	0	0	0	0	false	dominant=EAS proportion=0.988 margin=0.976 overlap=8415 residual=0.0373
GCST90202556	GCST90202556	East Asian	EAS	af_assigned	ukb-ancestry-mixture-hg38	5694	EAS	0.983342	0.976288	0.0339606	ok	0.00619489	0.00340915	0.983342	0.00705405	0	0	0	false	dominant=EAS proportion=0.983 margin=0.976 overlap=5694 residual=0.0340
GCST90202557	GCST90202557	East Asian	EAS	af_assigned	ukb-ancestry-mixture-hg38	5659	EAS	0.980385	0.97278	0.0372971	ok	0.00760571	0.00586781	0.980385	0.00614104	0	0	0	false	dominant=EAS proportion=0.980 margin=0.973 overlap=5659 residual=0.0373
GCST90202558	GCST90202558	East Asian	EAS	af_assigned	ukb-ancestry-mixture-hg38	5626	EAS	0.982221	0.975246	0.0340667	ok	0.00550071	0.00530331	0.982221	0.00697523	0	0	0	false	dominant=EAS proportion=0.982 margin=0.975 overlap=5626 residual=0.0341
GCST90202559	GCST90202559	East Asian	EAS	af_assigned	ukb-ancestry-mixture-hg38	5635	EAS	0.981939	0.973742	0.0350648	ok	0.00687554	0.00298827	0.981939	0.00819713	0	0	0	false	dominant=EAS proportion=0.982 margin=0.974 overlap=5635 residual=0.0351
GCST90202560	GCST90202560	East Asian	EAS	af_assigned	ukb-ancestry-mixture-hg38	5638	EAS	0.985319	0.980052	0.0357246	ok	0.00435371	0.00506093	0.985319	0.00526679	0	0	0	false	dominant=EAS proportion=0.985 margin=0.980 overlap=5638 residual=0.0357
GCST90202561	GCST90202561	East Asian	EAS	af_assigned	ukb-ancestry-mixture-hg38	5707	EAS	0.984459	0.979071	0.0328353	ok	0.00489462	0.00525877	0.984459	0.00538791	0	0	0	false	dominant=EAS proportion=0.984 margin=0.979 overlap=5707 residual=0.0328
GCST90202562	GCST90202562	East Asian	EAS	af_assigned	ukb-ancestry-mixture-hg38	7880	EAS	0.993294	0.987243	0.0327062	ok	0.00605096	0	0.993294	0.000654756	0	0	0	false	dominant=EAS proportion=0.993 margin=0.987 overlap=7880 residual=0.0327
GCST90202563	GCST90202563	East Asian	EAS	af_assigned	ukb-ancestry-mixture-hg38	5716	EAS	0.984557	0.97917	0.0327874	ok	0.00501997	0.00503528	0.984557	0.00538752	0	0	0	false	dominant=EAS proportion=0.985 margin=0.979 overlap=5716 residual=0.0328
GCST90202564	GCST90202564	East Asian	EAS	af_assigned	ukb-ancestry-mixture-hg38	5710	EAS	0.984571	0.979376	0.0328379	ok	0.0050462	0.00519522	0.984571	0.00518717	0	0	0	false	dominant=EAS proportion=0.985 margin=0.979 overlap=5710 residual=0.0328
GCST90202565	GCST90202565	East Asian	EAS	af_assigned	ukb-ancestry-mixture-hg38	5705	EAS	0.984333	0.978724	0.0328253	ok	0.00485634	0.00560919	0.984333	0.00520171	0	0	0	false	dominant=EAS proportion=0.984 margin=0.979 overlap=5705 residual=0.0328
GCST90202566	GCST90202566	East Asian	EAS	af_assigned	ukb-ancestry-mixture-hg38	5727	EAS	0.985014	0.979927	0.0330109	ok	0.00508685	0.00504958	0.985014	0.00484944	0	0	0	false	dominant=EAS proportion=0.985 margin=0.980 overlap=5727 residual=0.0330
GCST90202567	GCST90202567	East Asian	EAS	af_assigned	ukb-ancestry-mixture-hg38	5773	EAS	0.985298	0.979209	0.0332106	ok	0.00535569	0.00325728	0.985298	0.00608887	0	0	0	false	dominant=EAS proportion=0.985 margin=0.979 overlap=5773 residual=0.0332
GCST90202568	GCST90202568	East Asian	EAS	af_assigned	ukb-ancestry-mixture-hg38	7921	EAS	0.959052	0.923628	0.0327691	ok	0.00552473	0.0354235	0.959052	0	0	0	0	false	dominant=EAS proportion=0.959 margin=0.924 overlap=7921 residual=0.0328
GCST90202569	GCST90202569	East Asian	EAS	af_assigned	ukb-ancestry-mixture-hg38	5702	EAS	0.984398	0.978972	0.0328332	ok	0.00498663	0.00518979	0.984398	0.00542571	0	0	0	false	dominant=EAS proportion=0.984 margin=0.979 overlap=5702 residual=0.0328
GCST90202570	GCST90202570	East Asian	EAS	af_assigned	ukb-ancestry-mixture-hg38	5703	EAS	0.984515	0.979185	0.0328177	ok	0.0049452	0.00520979	0.984515	0.00532997	0	0	0	false	dominant=EAS proportion=0.985 margin=0.979 overlap=5703 residual=0.0328
GCST90202571	GCST90202571	East Asian	EAS	af_assigned	ukb-ancestry-mixture-hg38	11147	EAS	0.979046	0.967936	0.0336454	ok	0	0	0.979046	0.00984398	0.0111101	0	0	false	dominant=EAS proportion=0.979 margin=0.968 overlap=11147 residual=0.0336
GCST90202572	GCST90202572	East Asian	EAS	af_assigned	ukb-ancestry-mixture-hg38	8568	EAS	0.980576	0.972118	0.0328215	ok	0.00456733	0.00639935	0.980576	0.00845755	0	0	0	false	dominant=EAS proportion=0.981 margin=0.972 overlap=8568 residual=0.0328
GCST90202573	GCST90202573	East Asian	EAS	af_assigned	ukb-ancestry-mixture-hg38	5704	EAS	0.984457	0.979086	0.0328318	ok	0.00502932	0.00514263	0.984457	0.00537127	0	0	0	false	dominant=EAS proportion=0.984 margin=0.979 overlap=5704 residual=0.0328
GCST90202574	GCST90202574	East Asian	EAS	af_assigned	ukb-ancestry-mixture-hg38	5620	EAS	0.986837	0.979028	0.0353162	ok	0.00489564	0.00780869	0.986837	0.000458513	0	0	0	false	dominant=EAS proportion=0.987 margin=0.979 overlap=5620 residual=0.0353
GCST90202575	GCST90202575	East Asian	EAS	af_assigned	ukb-ancestry-mixture-hg38	5571	EAS	0.982578	0.976497	0.0335182	ok	0.00608132	0.00579963	0.982578	0.00554116	0	0	0	false	dominant=EAS proportion=0.983 margin=0.976 overlap=5571 residual=0.0335
GCST90202576	GCST90202576	East Asian	EAS	af_assigned	ukb-ancestry-mixture-hg38	5711	EAS	0.984253	0.978768	0.0328278	ok	0.0050416	0.00548471	0.984253	0.00522096	0	0	0	false	dominant=EAS proportion=0.984 margin=0.979 overlap=5711 residual=0.0328
GCST90202577	GCST90202577	East Asian	EAS	af_assigned	ukb-ancestry-mixture-hg38	5704	EAS	0.984508	0.979022	0.0328186	ok	0.00483035	0.0054857	0.984508	0.00517598	0	0	0	false	dominant=EAS proportion=0.985 margin=0.979 overlap=5704 residual=0.0328
GCST90202578	GCST90202578	East Asian	EAS	af_assigned	ukb-ancestry-mixture-hg38	5737	EAS	0.98372	0.978256	0.0330423	ok	0.00546454	0.00536379	0.98372	0.00545161	0	0	0	false	dominant=EAS proportion=0.984 margin=0.978 overlap=5737 residual=0.0330
GCST90202579	GCST90202579	East Asian	EAS	af_assigned	ukb-ancestry-mixture-hg38	5730	EAS	0.98419	0.978397	0.0329476	ok	0.00519813	0.00579322	0.98419	0.00481822	0	0	0	false	dominant=EAS proportion=0.984 margin=0.978 overlap=5730 residual=0.0329
GCST90202580	GCST90202580	East Asian	EAS	af_assigned	ukb-ancestry-mixture-hg38	8661	EAS	0.977592	0.96416	0.0312344	ok	0.00278054	0	0.977592	0	0	0.0134315	0.0061964	false	dominant=EAS proportion=0.978 margin=0.964 overlap=8661 residual=0.0312
GCST90202581	GCST90202581	East Asian	EAS	af_assigned	ukb-ancestry-mixture-hg38	5760	EAS	0.984469	0.978544	0.0331744	ok	0.00508653	0.00451899	0.984469	0.00592532	0	0	0	false	dominant=EAS proportion=0.984 margin=0.979 overlap=5760 residual=0.0332
GCST90202582	GCST90202582	East Asian	EAS	af_assigned	ukb-ancestry-mixture-hg38	5782	EAS	0.983829	0.978128	0.0333443	ok	0.00563216	0.00570081	0.983829	0.00483839	0	0	0	false	dominant=EAS proportion=0.984 margin=0.978 overlap=5782 residual=0.0333
GCST90202583	GCST90202583	East Asian	EAS	af_assigned	ukb-ancestry-mixture-hg38	5702	EAS	0.98422	0.978671	0.0328284	ok	0.00491303	0.00554892	0.98422	0.00531821	0	0	0	false	dominant=EAS proportion=0.984 margin=0.979 overlap=5702 residual=0.0328
GCST90202584	GCST90202584	East Asian	EAS	af_assigned	ukb-ancestry-mixture-hg38	5705	EAS	0.984891	0.979679	0.0328118	ok	0.00486139	0.00503601	0.984891	0.00521185	0	0	0	false	dominant=EAS proportion=0.985 margin=0.980 overlap=5705 residual=0.0328
GCST90202585	GCST90202585	East Asian	EAS	af_assigned	ukb-ancestry-mixture-hg38	9499	EAS	0.989185	0.979922	0.035712	ok	0.00155176	0.00926299	0.989185	0	0	0	0	false	dominant=EAS proportion=0.989 margin=0.980 overlap=9499 residual=0.0357
GCST90202586	GCST90202586	East Asian	EAS	af_assigned	ukb-ancestry-mixture-hg38	8485	EAS	0.990261	0.980522	0.0333705	ok	0	0	0.990261	0.00973876	0	0	0	false	dominant=EAS proportion=0.990 margin=0.981 overlap=8485 residual=0.0334
GCST90202587	GCST90202587	East Asian	EAS	af_assigned	ukb-ancestry-mixture-hg38	5705	EAS	0.984492	0.979073	0.0328233	ok	0.00496157	0.00512852	0.984492	0.00541835	0	0	0	false	dominant=EAS proportion=0.984 margin=0.979 overlap=5705 residual=0.0328
GCST90202588	GCST90202588	East Asian	EAS	af_assigned	ukb-ancestry-mixture-hg38	5782	EAS	0.983755	0.977266	0.0346898	ok	0.00587917	0.00648893	0.983755	0.00387684	0	0	0	false	dominant=EAS proportion=0.984 margin=0.977 overlap=5782 residual=0.0347
GCST90202589	GCST90202589	East Asian	EAS	af_assigned	ukb-ancestry-mixture-hg38	5622	EAS	0.983905	0.974528	0.0391594	ok	0.00937656	0	0.983905	0.00432769	0	0	0.00239071	false	dominant=EAS proportion=0.984 margin=0.975 overlap=5622 residual=0.0392
GCST90202590	GCST90202590	East Asian	EAS	af_assigned	ukb-ancestry-mixture-hg38	8334	EAS	0.966348	0.946049	0.0378704	ok	0.00323342	0.0202996	0.966348	0.0101188	0	0	0	false	dominant=EAS proportion=0.966 margin=0.946 overlap=8334 residual=0.0379
GCST90202591	GCST90202591	East Asian	EAS	af_assigned	ukb-ancestry-mixture-hg38	5843	EAS	0.97972	0.970444	0.0388985	ok	0.00676943	0.00927597	0.97972	0.00423438	0	0	0	false	dominant=EAS proportion=0.980 margin=0.970 overlap=5843 residual=0.0389
GCST90202592	GCST90202592	East Asian	EAS	af_assigned	ukb-ancestry-mixture-hg38	5732	EAS	0.984463	0.97821	0.0328086	ok	0.00480861	0.00625271	0.984463	0.00447553	0	0	0	false	dominant=EAS proportion=0.984 margin=0.978 overlap=5732 residual=0.0328
GCST90202593	GCST90202593	East Asian	EAS	af_assigned	ukb-ancestry-mixture-hg38	8521	EAS	0.969459	0.944738	0.0386721	ok	0.0058205	0.0247209	0.969459	0	0	0	0	false	dominant=EAS proportion=0.969 margin=0.945 overlap=8521 residual=0.0387
GCST90202594	GCST90202594	East Asian	EAS	af_assigned	ukb-ancestry-mixture-hg38	7715	EAS	0.970655	0.955745	0.041906	ok	0	0.0149104	0.970655	0	0	0	0.0144341	false	dominant=EAS proportion=0.971 margin=0.956 overlap=7715 residual=0.0419
GCST90202595	GCST90202595	East Asian	EAS	af_assigned	ukb-ancestry-mixture-hg38	8995	EAS	0.956881	0.927275	0.0313274	ok	0	0	0.956881	0.0135123	0	0	0.0296063	false	dominant=EAS proportion=0.957 margin=0.927 overlap=8995 residual=0.0313
GCST90202596	GCST90202596	East Asian	EAS	af_assigned	ukb-ancestry-mixture-hg38	5721	EAS	0.983973	0.97835	0.0330249	ok	0.00537006	0.00562243	0.983973	0.00503477	0	0	0	false	dominant=EAS proportion=0.984 margin=0.978 overlap=5721 residual=0.0330
GCST90202597	GCST90202597	East Asian	EAS	af_assigned	ukb-ancestry-mixture-hg38	9644	EAS	0.980282	0.969069	0.0304358	ok	0.00850483	0	0.980282	0.0112129	0	0	0	false	dominant=EAS proportion=0.980 margin=0.969 overlap=9644 residual=0.0304
GCST90202598	GCST90202598	East Asian	EAS	af_assigned	ukb-ancestry-mixture-hg38	5706	EAS	0.984414	0.978907	0.0328404	ok	0.0048923	0.00518575	0.984414	0.00550757	0	0	0	false	dominant=EAS proportion=0.984 margin=0.979 overlap=5706 residual=0.0328
GCST90202599	GCST90202599	East Asian	EAS	af_assigned	ukb-ancestry-mixture-hg38	9809	EAS	0.966191	0.938591	0.0338046	ok	0.00284418	0.0276007	0.966191	0	0	0	0.00336398	false	dominant=EAS proportion=0.966 margin=0.939 overlap=9809 residual=0.0338
GCST90202600	GCST90202600	East Asian	EAS	af_assigned	ukb-ancestry-mixture-hg38	8225	EAS	0.972496	0.956281	0.0361155	ok	0.016215	0.00824545	0.972496	0.00304389	0	0	0	false	dominant=EAS proportion=0.972 margin=0.956 overlap=8225 residual=0.0361
GCST90202601	GCST90202601	East Asian	EAS	af_assigned	ukb-ancestry-mixture-hg38	8284	EAS	0.981498	0.968658	0.0303642	ok	0.00559319	6.92228e-05	0.981498	0.0128396	0	0	0	false	dominant=EAS proportion=0.981 margin=0.969 overlap=8284 residual=0.0304
GCST90202602	GCST90202602	East Asian	EAS	af_assigned	ukb-ancestry-mixture-hg38	5706	EAS	0.981694	0.974453	0.0342541	ok	0.00498867	0.00607688	0.981694	0.00724078	0	0	0	false	dominant=EAS proportion=0.982 margin=0.974 overlap=5706 residual=0.0343
GCST90202603	GCST90202603	East Asian	EAS	af_assigned	ukb-ancestry-mixture-hg38	5702	EAS	0.984508	0.979258	0.032815	ok	0.00499972	0.00524266	0.984508	0.00524965	0	0	0	false	dominant=EAS proportion=0.985 margin=0.979 overlap=5702 residual=0.0328
GCST90202604	GCST90202604	East Asian	EAS	af_assigned	ukb-ancestry-mixture-hg38	7728	EAS	0.985177	0.970354	0.0340485	ok	0.0148231	0	0.985177	0	0	0	0	false	dominant=EAS proportion=0.985 margin=0.970 overlap=7728 residual=0.0340
GCST90202605	GCST90202605	East Asian	EAS	af_assigned	ukb-ancestry-mixture-hg38	5668	EAS	0.985171	0.97969	0.0340084	ok	0.00548034	0.00390157	0.985171	0.00544755	0	0	0	false	dominant=EAS proportion=0.985 margin=0.980 overlap=5668 residual=0.0340
GCST90202606	GCST90202606	East Asian	EAS	af_assigned	ukb-ancestry-mixture-hg38	5785	EAS	0.982932	0.97655	0.0332534	ok	0.00545587	0.00523071	0.982932	0.00638169	0	0	0	false	dominant=EAS proportion=0.983 margin=0.977 overlap=5785 residual=0.0333
GCST90202607	GCST90202607	East Asian	EAS	af_assigned	ukb-ancestry-mixture-hg38	8332	EAS	0.98116	0.969764	0.0322319	ok	0.00527225	0.0113962	0.98116	0.00217155	0	0	0	false	dominant=EAS proportion=0.981 margin=0.970 overlap=8332 residual=0.0322
GCST90202608	GCST90202608	East Asian	EAS	af_assigned	ukb-ancestry-mixture-hg38	7750	EAS	0.969803	0.957693	0.0322472	ok	0.0110383	0	0.969803	0.00704914	0	0	0.0121096	false	dominant=EAS proportion=0.970 margin=0.958 overlap=7750 residual=0.0322
GCST90202609	GCST90202609	East Asian	EAS	af_assigned	ukb-ancestry-mixture-hg38	5567	EAS	0.977607	0.967937	0.0387054	ok	0.0096694	0.000638068	0.977607	0.00661089	0	0	0.00547504	false	dominant=EAS proportion=0.978 margin=0.968 overlap=5567 residual=0.0387
GCST90202610	GCST90202610	East Asian	EAS	af_assigned	ukb-ancestry-mixture-hg38	10924	EAS	0.976357	0.962754	0.0322502	ok	0.00286315	0.00265671	0.976357	0.00452159	0	0	0.013602	false	dominant=EAS proportion=0.976 margin=0.963 overlap=10924 residual=0.0323
GCST90202611	GCST90202611	East Asian	EAS	af_assigned	ukb-ancestry-mixture-hg38	11467	EAS	0.978984	0.966601	0.0320136	ok	0.00380672	0.00169416	0.978984	0.0123836	0	0	0.00313118	false	dominant=EAS proportion=0.979 margin=0.967 overlap=11467 residual=0.0320
GCST90202612	GCST90202612	East Asian	EAS	af_assigned	ukb-ancestry-mixture-hg38	5618	EAS	0.984928	0.978481	0.0349408	ok	0.00606622	0.00255922	0.984928	0.00644696	0	0	0	false	dominant=EAS proportion=0.985 margin=0.978 overlap=5618 residual=0.0349
GCST90202613	GCST90202613	East Asian	EAS	af_assigned	ukb-ancestry-mixture-hg38	5734	EAS	0.984328	0.978343	0.0329552	ok	0.00518658	0.00449997	0.984328	0.00598523	0	0	0	false	dominant=EAS proportion=0.984 margin=0.978 overlap=5734 residual=0.0330
GCST90202614	GCST90202614	East Asian	EAS	af_assigned	ukb-ancestry-mixture-hg38	5557	EAS	0.978902	0.970103	0.0369	ok	0.00689945	0.00448215	0.978902	0.00879855	0	0	0.00091813	false	dominant=EAS proportion=0.979 margin=0.970 overlap=5557 residual=0.0369
GCST90202615	GCST90202615	East Asian	EAS	af_assigned	ukb-ancestry-mixture-hg38	5746	EAS	0.983769	0.977938	0.0331185	ok	0.0054543	0.00583055	0.983769	0.00494633	0	0	0	false	dominant=EAS proportion=0.984 margin=0.978 overlap=5746 residual=0.0331
GCST90202616	GCST90202616	East Asian	EAS	af_assigned	ukb-ancestry-mixture-hg38	5698	EAS	0.984426	0.979062	0.0328439	ok	0.00496209	0.00536424	0.984426	0.00524786	0	0	0	false	dominant=EAS proportion=0.984 margin=0.979 overlap=5698 residual=0.0328
GCST90202617	GCST90202617	East Asian	EAS	af_assigned	ukb-ancestry-mixture-hg38	5728	EAS	0.984395	0.978252	0.0329511	ok	0.00517047	0.00429199	0.984395	0.00614298	0	0	0	false	dominant=EAS proportion=0.984 margin=0.978 overlap=5728 residual=0.0330
GCST90202618	GCST90202618	East Asian	EAS	af_assigned	ukb-ancestry-mixture-hg38	5749	EAS	0.983793	0.976682	0.0331556	ok	0.00484627	0.0071114	0.983793	0.00424933	0	0	0	false	dominant=EAS proportion=0.984 margin=0.977 overlap=5749 residual=0.0332
GCST90202619	GCST90202619	East Asian	EAS	af_assigned	ukb-ancestry-mixture-hg38	8888	EAS	0.98226	0.965624	0.0351451	ok	0	0.0166354	0.98226	0	0	0	0.00110483	false	dominant=EAS proportion=0.982 margin=0.966 overlap=8888 residual=0.0351
GCST90202620	GCST90202620	East Asian	EAS	af_assigned	ukb-ancestry-mixture-hg38	5779	EAS	0.98108	0.974612	0.0346881	ok	0.00646772	0.00622874	0.98108	0.00622388	0	0	0	false	dominant=EAS proportion=0.981 margin=0.975 overlap=5779 residual=0.0347
GCST90202621	GCST90202621	East Asian	EAS	af_assigned	ukb-ancestry-mixture-hg38	5560	EAS	0.984059	0.978525	0.0334768	ok	0.00490519	0.00550247	0.984059	0.0055337	0	0	0	false	dominant=EAS proportion=0.984 margin=0.979 overlap=5560 residual=0.0335
GCST90202622	GCST90202622	East Asian	EAS	af_assigned	ukb-ancestry-mixture-hg38	5705	EAS	0.984529	0.979148	0.0328065	ok	0.00504387	0.0050458	0.984529	0.00538128	0	0	0	false	dominant=EAS proportion=0.985 margin=0.979 overlap=5705 residual=0.0328
GCST90202623	GCST90202623	East Asian	EAS	af_assigned	ukb-ancestry-mixture-hg38	5738	EAS	0.984032	0.978339	0.0329497	ok	0.00465674	0.00561864	0.984032	0.00569295	0	0	0	false	dominant=EAS proportion=0.984 margin=0.978 overlap=5738 residual=0.0329
GCST90202624	GCST90202624	East Asian	EAS	af_assigned	ukb-ancestry-mixture-hg38	5727	EAS	0.984207	0.978748	0.033024	ok	0.00513634	0.00545852	0.984207	0.00519813	0	0	0	false	dominant=EAS proportion=0.984 margin=0.979 overlap=5727 residual=0.0330
GCST90202625	GCST90202625	East Asian	EAS	af_assigned	ukb-ancestry-mixture-hg38	5790	EAS	0.983642	0.977614	0.0333638	ok	0.00574237	0.00458871	0.983642	0.00602741	0	0	0	false	dominant=EAS proportion=0.984 margin=0.978 overlap=5790 residual=0.0334
GCST90202626	GCST90202626	East Asian	EAS	af_assigned	ukb-ancestry-mixture-hg38	5774	EAS	0.983424	0.977541	0.0348466	ok	0.00492463	0.00588367	0.983424	0.00576734	0	0	0	false	dominant=EAS proportion=0.983 margin=0.978 overlap=5774 residual=0.0348
GCST90202627	GCST90202627	East Asian	EAS	af_assigned	ukb-ancestry-mixture-hg38	5721	EAS	0.984411	0.978473	0.032803	ok	0.00480689	0.00593714	0.984411	0.00484547	0	0	0	false	dominant=EAS proportion=0.984 margin=0.978 overlap=5721 residual=0.0328
GCST90202628	GCST90202628	East Asian	EAS	af_assigned	ukb-ancestry-mixture-hg38	5752	EAS	0.984375	0.978172	0.0329911	ok	0.00488931	0.00620311	0.984375	0.00453215	0	0	0	false	dominant=EAS proportion=0.984 margin=0.978 overlap=5752 residual=0.0330
GCST90202629	GCST90202629	East Asian	EAS	af_assigned	ukb-ancestry-mixture-hg38	5630	EAS	0.984223	0.976911	0.0353129	ok	0.00554655	0.00291938	0.984223	0.00731143	0	0	0	false	dominant=EAS proportion=0.984 margin=0.977 overlap=5630 residual=0.0353
GCST90202630	GCST90202630	East Asian	EAS	af_assigned	ukb-ancestry-mixture-hg38	5669	EAS	0.980827	0.973573	0.0340729	ok	0.00725356	0.00542994	0.980827	0.00648961	0	0	0	false	dominant=EAS proportion=0.981 margin=0.974 overlap=5669 residual=0.0341
GCST90202631	GCST90202631	East Asian	EAS	af_assigned	ukb-ancestry-mixture-hg38	8354	EAS	0.975967	0.961169	0.0336828	ok	0.00413304	0	0.975967	0.0147986	0	0	0.005101	false	dominant=EAS proportion=0.976 margin=0.961 overlap=8354 residual=0.0337
GCST90202632	GCST90202632	East Asian	EAS	af_assigned	ukb-ancestry-mixture-hg38	8085	EAS	0.978263	0.962599	0.0325817	ok	0.00607182	0	0.978263	0.0156647	0	0	0	false	dominant=EAS proportion=0.978 margin=0.963 overlap=8085 residual=0.0326
GCST90202633	GCST90202633	East Asian	EAS	af_assigned	ukb-ancestry-mixture-hg38	8130	EAS	0.97495	0.958582	0.0332121	ok	0.00868251	0	0.97495	0.0163679	0	0	0	false	dominant=EAS proportion=0.975 margin=0.959 overlap=8130 residual=0.0332
GCST90202634	GCST90202634	East Asian	EAS	af_assigned	ukb-ancestry-mixture-hg38	5667	EAS	0.988287	0.979861	0.0377024	ok	0.00842682	0.00124049	0.988287	0.000611951	0	0	0.00143334	false	dominant=EAS proportion=0.988 margin=0.980 overlap=5667 residual=0.0377
GCST90202635	GCST90202635	East Asian	EAS	af_assigned	ukb-ancestry-mixture-hg38	5664	EAS	0.981293	0.973579	0.0338758	ok	0.00577621	0.00771419	0.981293	0.00521656	0	0	0	false	dominant=EAS proportion=0.981 margin=0.974 overlap=5664 residual=0.0339
GCST90202636	GCST90202636	East Asian	EAS	af_assigned	ukb-ancestry-mixture-hg38	5827	EAS	0.983903	0.978163	0.0335198	ok	0.00574064	0.00476409	0.983903	0.00559188	0	0	0	false	dominant=EAS proportion=0.984 margin=0.978 overlap=5827 residual=0.0335
GCST90202637	GCST90202637	East Asian	EAS	af_assigned	ukb-ancestry-mixture-hg38	5760	EAS	0.984135	0.978261	0.0332825	ok	0.00508668	0.00490365	0.984135	0.00587417	0	0	0	false	dominant=EAS proportion=0.984 margin=0.978 overlap=5760 residual=0.0333
GCST90202638	GCST90202638	East Asian	EAS	af_assigned	ukb-ancestry-mixture-hg38	5658	EAS	0.984241	0.977717	0.0338096	ok	0.00652392	0.00340548	0.984241	0.00582963	0	0	0	false	dominant=EAS proportion=0.984 margin=0.978 overlap=5658 residual=0.0338
GCST90202639	GCST90202639	East Asian	EAS	af_assigned	ukb-ancestry-mixture-hg38	9033	EAS	0.971062	0.954041	0.0385239	ok	0.00460188	0.0170208	0.971062	0	0	0	0.00731543	false	dominant=EAS proportion=0.971 margin=0.954 overlap=9033 residual=0.0385
GCST90202640	GCST90202640	East Asian	EAS	af_assigned	ukb-ancestry-mixture-hg38	8879	EAS	0.957508	0.915017	0.0350188	ok	0	0.0424916	0.957508	0	0	0	0	false	dominant=EAS proportion=0.958 margin=0.915 overlap=8879 residual=0.0350
GCST90202641	GCST90202641	East Asian	EAS	af_assigned	ukb-ancestry-mixture-hg38	5761	EAS	0.980142	0.972325	0.0346264	ok	0.00781691	0.00576064	0.980142	0.00628044	0	0	0	false	dominant=EAS proportion=0.980 margin=0.972 overlap=5761 residual=0.0346
GCST90202642	GCST90202642	East Asian	EAS	af_assigned	ukb-ancestry-mixture-hg38	5677	EAS	0.980915	0.973736	0.0341076	ok	0.00717882	0.00644468	0.980915	0.00546124	0	0	0	false	dominant=EAS proportion=0.981 margin=0.974 overlap=5677 residual=0.0341
GCST90202643	GCST90202643	East Asian	EAS	af_assigned	ukb-ancestry-mixture-hg38	8350	EAS	0.994701	0.990079	0.03357	ok	0.00462197	0	0.994701	0.000677143	0	0	0	false	dominant=EAS proportion=0.995 margin=0.990 overlap=8350 residual=0.0336
GCST90202644	GCST90202644	East Asian	EAS	af_assigned	ukb-ancestry-mixture-hg38	5746	EAS	0.984405	0.97803	0.0329625	ok	0.00478179	0.00637477	0.984405	0.00443873	0	0	0	false	dominant=EAS proportion=0.984 margin=0.978 overlap=5746 residual=0.0330
GCST90202645	GCST90202645	East Asian	EAS	af_assigned	ukb-ancestry-mixture-hg38	5706	EAS	0.984305	0.978865	0.0328106	ok	0.00498395	0.00527122	0.984305	0.00543988	0	0	0	false	dominant=EAS proportion=0.984 margin=0.979 overlap=5706 residual=0.0328
GCST90202646	GCST90202646	East Asian	EAS	af_assigned	ukb-ancestry-mixture-hg38	7727	EAS	0.97288	0.955222	0.0328418	ok	0.0020958	0.017658	0.97288	0.00736635	0	0	0	false	dominant=EAS proportion=0.973 margin=0.955 overlap=7727 residual=0.0328
GCST90202647	GCST90202647	East Asian	EAS	af_assigned	ukb-ancestry-mixture-hg38	5571	EAS	0.982298	0.976006	0.0334735	ok	0.00629264	0.00583285	0.982298	0.00557634	0	0	0	false	dominant=EAS proportion=0.982 margin=0.976 overlap=5571 residual=0.0335
GCST90202648	GCST90202648	East Asian	EAS	af_assigned	ukb-ancestry-mixture-hg38	5751	EAS	0.984325	0.977654	0.0331507	ok	0.00527718	0.00372697	0.984325	0.00667088	0	0	0	false	dominant=EAS proportion=0.984 margin=0.978 overlap=5751 residual=0.0332
GCST90202649	GCST90202649	East Asian	EAS	af_assigned	ukb-ancestry-mixture-hg38	5523	EAS	0.975229	0.965731	0.0386964	ok	0.00949754	0.00897305	0.975229	0.00630046	0	0	0	false	dominant=EAS proportion=0.975 margin=0.966 overlap=5523 residual=0.0387
GCST90202650	GCST90202650	East Asian	EAS	af_assigned	ukb-ancestry-mixture-hg38	7398	EAS	0.978221	0.965076	0.0370257	ok	0.000572756	0.00443814	0.978221	0.00362315	0	0	0.0131451	false	dominant=EAS proportion=0.978 margin=0.965 overlap=7398 residual=0.0370
GCST90202651	GCST90202651	East Asian	EAS	af_assigned	ukb-ancestry-mixture-hg38	8260	EAS	0.97646	0.956388	0.0343905	ok	0	0	0.97646	0.0200722	0	0	0.00346763	false	dominant=EAS proportion=0.976 margin=0.956 overlap=8260 residual=0.0344
GCST90202652	GCST90202652	East Asian	EAS	af_assigned	ukb-ancestry-mixture-hg38	10226	EAS	0.980069	0.960139	0.0368134	ok	0	0	0.980069	0.0199306	0	0	0	false	dominant=EAS proportion=0.980 margin=0.960 overlap=10226 residual=0.0368
GCST90202653	GCST90202653	East Asian	EAS	af_assigned	ukb-ancestry-mixture-hg38	5620	EAS	0.980671	0.971702	0.0352188	ok	0.00896878	0.00334605	0.980671	0.00701455	0	0	0	false	dominant=EAS proportion=0.981 margin=0.972 overlap=5620 residual=0.0352
GCST90202654	GCST90202654	East Asian	EAS	af_assigned	ukb-ancestry-mixture-hg38	5596	EAS	0.983874	0.978284	0.0331829	ok	0.00559008	0.00538945	0.983874	0.00514662	0	0	0	false	dominant=EAS proportion=0.984 margin=0.978 overlap=5596 residual=0.0332
GCST90202655	GCST90202655	East Asian	EAS	af_assigned	ukb-ancestry-mixture-hg38	7728	EAS	0.959655	0.935747	0.0340588	ok	0.0058588	0.0239076	0.959655	0.0105789	0	0	0	false	dominant=EAS proportion=0.960 margin=0.936 overlap=7728 residual=0.0341
GCST90202656	GCST90202656	East Asian	EAS	af_assigned	ukb-ancestry-mixture-hg38	8690	EAS	0.968706	0.951138	0.0347562	ok	0	0	0.968706	0.0175678	0	0	0.0137261	false	dominant=EAS proportion=0.969 margin=0.951 overlap=8690 residual=0.0348
GCST90202657	GCST90202657	East Asian	EAS	af_assigned	ukb-ancestry-mixture-hg38	5725	EAS	0.984574	0.979099	0.033004	ok	0.00517443	0.00477678	0.984574	0.0054749	0	0	0	false	dominant=EAS proportion=0.985 margin=0.979 overlap=5725 residual=0.0330
GCST90202658	GCST90202658	East Asian	EAS	af_assigned	ukb-ancestry-mixture-hg38	5505	EAS	0.9846	0.97375	0.0415916	ok	0.0108496	0	0.9846	0.0045505	0	0	0	false	dominant=EAS proportion=0.985 margin=0.974 overlap=5505 residual=0.0416
GCST90202659	GCST90202659	East Asian	EAS	af_assigned	ukb-ancestry-mixture-hg38	5553	EAS	0.980211	0.973201	0.0365493	ok	0.00701016	0.00669271	0.980211	0.00608571	0	0	0	false	dominant=EAS proportion=0.980 margin=0.973 overlap=5553 residual=0.0365
GCST90202660	GCST90202660	East Asian	EAS	af_assigned	ukb-ancestry-mixture-hg38	5735	EAS	0.984877	0.979471	0.0329346	ok	0.00533211	0.00438405	0.984877	0.00540642	0	0	0	false	dominant=EAS proportion=0.985 margin=0.979 overlap=5735 residual=0.0329
GCST90202661	GCST90202661	East Asian	EAS	af_assigned	ukb-ancestry-mixture-hg38	5702	EAS	0.98446	0.979081	0.0328254	ok	0.00496595	0.00537871	0.98446	0.00519563	0	0	0	false	dominant=EAS proportion=0.984 margin=0.979 overlap=5702 residual=0.0328
GCST90202662	GCST90202662	East Asian	EAS	af_assigned	ukb-ancestry-mixture-hg38	5743	EAS	0.983926	0.978142	0.0329732	ok	0.00518119	0.00510962	0.983926	0.00578367	0	0	0	false	dominant=EAS proportion=0.984 margin=0.978 overlap=5743 residual=0.0330
GCST90202663	GCST90202663	East Asian	EAS	af_assigned	ukb-ancestry-mixture-hg38	5728	EAS	0.984143	0.978358	0.0329568	ok	0.00514298	0.0057852	0.984143	0.00492888	0	0	0	false	dominant=EAS proportion=0.984 margin=0.978 overlap=5728 residual=0.0330
GCST90202664	GCST90202664	East Asian	EAS	af_assigned	ukb-ancestry-mixture-hg38	5674	EAS	0.98209	0.974788	0.0356419	ok	0.00633991	0.00730203	0.98209	0.00426787	0	0	0	false	dominant=EAS proportion=0.982 margin=0.975 overlap=5674 residual=0.0356
GCST90202665	GCST90202665	East Asian	EAS	af_assigned	ukb-ancestry-mixture-hg38	7451	EAS	0.967595	0.95584	0.0341105	ok	0.0117544	0.00948309	0.967595	0.00204354	0	0	0.00912409	false	dominant=EAS proportion=0.968 margin=0.956 overlap=7451 residual=0.0341
GCST90202666	GCST90202666	East Asian	EAS	af_assigned	ukb-ancestry-mixture-hg38	8942	EAS	0.983743	0.974414	0.0388643	ok	0.00692805	0	0.983743	0	0	0	0.00932874	false	dominant=EAS proportion=0.984 margin=0.974 overlap=8942 residual=0.0389
GCST90202667	GCST90202667	East Asian	EAS	af_assigned	ukb-ancestry-mixture-hg38	5825	EAS	0.989347	0.982715	0.0334313	ok	0.00142578	0.00663137	0.989347	0.00259634	0	0	0	false	dominant=EAS proportion=0.989 margin=0.983 overlap=5825 residual=0.0334
GCST90202668	GCST90202668	East Asian	EAS	af_assigned	ukb-ancestry-mixture-hg38	5757	EAS	0.985488	0.980046	0.0331128	ok	0.00495852	0.00411194	0.985488	0.00544192	0	0	0	false	dominant=EAS proportion=0.985 margin=0.980 overlap=5757 residual=0.0331
GCST90202669	GCST90202669	East Asian	EAS	af_assigned	ukb-ancestry-mixture-hg38	5729	EAS	0.984213	0.978415	0.0329887	ok	0.00513986	0.00484946	0.984213	0.00579775	0	0	0	false	dominant=EAS proportion=0.984 margin=0.978 overlap=5729 residual=0.0330
GCST90202670	GCST90202670	East Asian	EAS	af_assigned	ukb-ancestry-mixture-hg38	7398	EAS	0.978072	0.966704	0.0338767	ok	0.0105607	0	0.978072	0.0113676	0	0	0	false	dominant=EAS proportion=0.978 margin=0.967 overlap=7398 residual=0.0339
GCST90202671	GCST90202671	East Asian	EAS	af_assigned	ukb-ancestry-mixture-hg38	5706	EAS	0.984476	0.979014	0.0328197	ok	0.00496555	0.00546174	0.984476	0.00509718	0	0	0	false	dominant=EAS proportion=0.984 margin=0.979 overlap=5706 residual=0.0328
GCST90202672	GCST90202672	East Asian	EAS	af_assigned	ukb-ancestry-mixture-hg38	7450	EAS	0.976292	0.962386	0.0322765	ok	0.00635593	0.00344519	0.976292	0.0139067	0	0	0	false	dominant=EAS proportion=0.976 margin=0.962 overlap=7450 residual=0.0323
GCST90202673	GCST90202673	East Asian	EAS	af_assigned	ukb-ancestry-mixture-hg38	5602	EAS	0.981311	0.974079	0.0348898	ok	0.00585007	0.007232	0.981311	0.00560682	0	0	0	false	dominant=EAS proportion=0.981 margin=0.974 overlap=5602 residual=0.0349
GCST90202674	GCST90202674	East Asian	EAS	af_assigned	ukb-ancestry-mixture-hg38	5701	EAS	0.987679	0.981102	0.0339358	ok	0.00219114	0.0065769	0.987679	0.00355327	0	0	0	false	dominant=EAS proportion=0.988 margin=0.981 overlap=5701 residual=0.0339
GCST90202675	GCST90202675	East Asian	EAS	af_assigned	ukb-ancestry-mixture-hg38	5718	EAS	0.984558	0.979186	0.0329984	ok	0.0053715	0.00481538	0.984558	0.00525561	0	0	0	false	dominant=EAS proportion=0.985 margin=0.979 overlap=5718 residual=0.0330
GCST90202676	GCST90202676	East Asian	EAS	af_assigned	ukb-ancestry-mixture-hg38	5626	EAS	0.981362	0.972289	0.0354942	ok	0.00724459	0.00232121	0.981362	0.00907254	0	0	0	false	dominant=EAS proportion=0.981 margin=0.972 overlap=5626 residual=0.0355
GCST90202677	GCST90202677	East Asian	EAS	af_assigned	ukb-ancestry-mixture-hg38	5761	EAS	0.984496	0.978727	0.0330909	ok	0.00512262	0.00461206	0.984496	0.00576935	0	0	0	false	dominant=EAS proportion=0.984 margin=0.979 overlap=5761 residual=0.0331
GCST90202678	GCST90202678	East Asian	EAS	af_assigned	ukb-ancestry-mixture-hg38	5641	EAS	0.983528	0.977148	0.0340122	ok	0.00637932	0.0043608	0.983528	0.00573224	0	0	0	false	dominant=EAS proportion=0.984 margin=0.977 overlap=5641 residual=0.0340
GCST90202679	GCST90202679	East Asian	EAS	af_assigned	ukb-ancestry-mixture-hg38	5706	EAS	0.984563	0.979189	0.0328118	ok	0.00503047	0.00503255	0.984563	0.00537405	0	0	0	false	dominant=EAS proportion=0.985 margin=0.979 overlap=5706 residual=0.0328
GCST90202680	GCST90202680	East Asian	EAS	af_assigned	ukb-ancestry-mixture-hg38	5744	EAS	0.984782	0.978391	0.0330606	ok	0.00489924	0.00392737	0.984782	0.00639133	0	0	0	false	dominant=EAS proportion=0.985 margin=0.978 overlap=5744 residual=0.0331
GCST90202681	GCST90202681	East Asian	EAS	af_assigned	ukb-ancestry-mixture-hg38	5705	EAS	0.982103	0.976064	0.0342178	ok	0.00603836	0.00597276	0.982103	0.00588635	0	0	0	false	dominant=EAS proportion=0.982 margin=0.976 overlap=5705 residual=0.0342
GCST90202682	GCST90202682	East Asian	EAS	af_assigned	ukb-ancestry-mixture-hg38	5717	EAS	0.984524	0.979342	0.0328294	ok	0.00515869	0.00513617	0.984524	0.00518151	0	0	0	false	dominant=EAS proportion=0.985 margin=0.979 overlap=5717 residual=0.0328
GCST90202683	GCST90202683	East Asian	EAS	af_assigned	ukb-ancestry-mixture-hg38	7497	EAS	0.988593	0.984053	0.0316845	ok	0.00375446	0.00311312	0.988593	0.00453988	0	0	0	false	dominant=EAS proportion=0.989 margin=0.984 overlap=7497 residual=0.0317
GCST90202684	GCST90202684	East Asian	EAS	af_assigned	ukb-ancestry-mixture-hg38	5777	EAS	0.984104	0.976066	0.0344267	ok	0.00670315	0.00115462	0.984104	0.00803818	0	0	0	false	dominant=EAS proportion=0.984 margin=0.976 overlap=5777 residual=0.0344
GCST90202685	GCST90202685	East Asian	EAS	af_assigned	ukb-ancestry-mixture-hg38	5615	EAS	0.986025	0.980094	0.0338244	ok	0.00593074	0.00347263	0.986025	0.00457173	0	0	0	false	dominant=EAS proportion=0.986 margin=0.980 overlap=5615 residual=0.0338
GCST90202686	GCST90202686	East Asian	EAS	af_assigned	ukb-ancestry-mixture-hg38	8780	EAS	0.976902	0.958874	0.0307281	ok	0.00482143	0.018028	0.976902	0.000248907	0	0	0	false	dominant=EAS proportion=0.977 margin=0.959 overlap=8780 residual=0.0307
GCST90202687	GCST90202687	East Asian	EAS	af_assigned	ukb-ancestry-mixture-hg38	7417	EAS	0.981459	0.970519	0.0317898	ok	0.00760186	0	0.981459	0	0	0	0.0109396	false	dominant=EAS proportion=0.981 margin=0.971 overlap=7417 residual=0.0318
GCST90202688	GCST90202688	East Asian	EAS	af_assigned	ukb-ancestry-mixture-hg38	5779	EAS	0.983535	0.975235	0.034728	ok	0.00573882	0.00242598	0.983535	0.00830004	0	0	0	false	dominant=EAS proportion=0.984 margin=0.975 overlap=5779 residual=0.0347
GCST90202689	GCST90202689	East Asian	EAS	af_assigned	ukb-ancestry-mixture-hg38	5703	EAS	0.984571	0.97915	0.0328187	ok	0.00497598	0.00503292	0.984571	0.00542054	0	0	0	false	dominant=EAS proportion=0.985 margin=0.979 overlap=5703 residual=0.0328
GCST90202690	GCST90202690	East Asian	EAS	af_assigned	ukb-ancestry-mixture-hg38	7973	EAS	0.985701	0.974588	0.0314485	ok	0.00124351	0.00194262	0.985701	0	0	0	0.0111129	false	dominant=EAS proportion=0.986 margin=0.975 overlap=7973 residual=0.0314
GCST90202691	GCST90202691	East Asian	EAS	af_assigned	ukb-ancestry-mixture-hg38	5790	EAS	0.983457	0.976986	0.0332629	ok	0.00527721	0.00479602	0.983457	0.00647016	0	0	0	false	dominant=EAS proportion=0.983 margin=0.977 overlap=5790 residual=0.0333
GCST90202692	GCST90202692	East Asian	EAS	af_assigned	ukb-ancestry-mixture-hg38	8069	EAS	1	1	0.0331861	ok	0	0	1	0	0	0	0	false	dominant=EAS proportion=1.000 margin=1.000 overlap=8069 residual=0.0332
GCST90202693	GCST90202693	East Asian	EAS	af_assigned	ukb-ancestry-mixture-hg38	7538	EAS	0.98372	0.975108	0.0337144	ok	0.00861162	0.00766852	0.98372	0	0	0	0	false	dominant=EAS proportion=0.984 margin=0.975 overlap=7538 residual=0.0337
GCST90202694	GCST90202694	East Asian	EAS	af_assigned	ukb-ancestry-mixture-hg38	8141	EAS	0.981436	0.973962	0.0318888	ok	0.005716	0.00537402	0.981436	0.00747397	0	0	0	false	dominant=EAS proportion=0.981 margin=0.974 overlap=8141 residual=0.0319
GCST90202695	GCST90202695	East Asian	EAS	af_assigned	ukb-ancestry-mixture-hg38	10318	EAS	0.977469	0.964768	0.0439011	ok	0.0127012	0	0.977469	0.00982984	0	0	0	false	dominant=EAS proportion=0.977 margin=0.965 overlap=10318 residual=0.0439
GCST90202696	GCST90202696	East Asian	EAS	af_assigned	ukb-ancestry-mixture-hg38	5805	EAS	0.982296	0.974199	0.0344568	ok	0.0061474	0.00345976	0.982296	0.00809713	0	0	0	false	dominant=EAS proportion=0.982 margin=0.974 overlap=5805 residual=0.0345
GCST90202697	GCST90202697	East Asian	EAS	af_assigned	ukb-ancestry-mixture-hg38	7789	EAS	0.979981	0.967481	0.0326236	ok	0.00392615	0.0124997	0.979981	0.00359288	0	0	0	false	dominant=EAS proportion=0.980 margin=0.967 overlap=7789 residual=0.0326
GCST90202698	GCST90202698	East Asian	EAS	af_assigned	ukb-ancestry-mixture-hg38	7504	EAS	0.973765	0.955964	0.0338074	ok	0.000966374	0	0.973765	0.00746704	0.0178015	0	0	false	dominant=EAS proportion=0.974 margin=0.956 overlap=7504 residual=0.0338
GCST90202699	GCST90202699	East Asian	EAS	af_assigned	ukb-ancestry-mixture-hg38	5699	EAS	0.984349	0.97903	0.0328264	ok	0.00501862	0.00531266	0.984349	0.00531947	0	0	0	false	dominant=EAS proportion=0.984 margin=0.979 overlap=5699 residual=0.0328
GCST90202700	GCST90202700	East Asian	EAS	af_assigned	ukb-ancestry-mixture-hg38	5760	EAS	0.983825	0.976568	0.0331939	ok	0.00556657	0.00335044	0.983825	0.00725773	0	0	0	false	dominant=EAS proportion=0.984 margin=0.977 overlap=5760 residual=0.0332
GCST90202701	GCST90202701	East Asian	EAS	af_assigned	ukb-ancestry-mixture-hg38	5746	EAS	0.984763	0.978408	0.0330632	ok	0.00505173	0.00382981	0.984763	0.00635516	0	0	0	false	dominant=EAS proportion=0.985 margin=0.978 overlap=5746 residual=0.0331
GCST90202702	GCST90202702	East Asian	EAS	af_assigned	ukb-ancestry-mixture-hg38	5821	EAS	0.983544	0.976233	0.0350069	ok	0.0062303	0.00291566	0.983544	0.00731048	0	0	0	false	dominant=EAS proportion=0.984 margin=0.976 overlap=5821 residual=0.0350
GCST90202703	GCST90202703	East Asian	EAS	af_assigned	ukb-ancestry-mixture-hg38	9926	EAS	0.98404	0.968081	0.0323256	ok	0	0	0.98404	0.0159597	0	0	0	false	dominant=EAS proportion=0.984 margin=0.968 overlap=9926 residual=0.0323
GCST90202704	GCST90202704	East Asian	EAS	af_assigned	ukb-ancestry-mixture-hg38	5753	EAS	0.982455	0.975277	0.0348262	ok	0.00567797	0.00717735	0.982455	0.00468985	0	0	0	false	dominant=EAS proportion=0.982 margin=0.975 overlap=5753 residual=0.0348
GCST90202705	GCST90202705	East Asian	EAS	af_assigned	ukb-ancestry-mixture-hg38	7294	EAS	0.982189	0.972458	0.0353668	ok	0	0.0097309	0.982189	0.00807992	0	0	0	false	dominant=EAS proportion=0.982 margin=0.972 overlap=7294 residual=0.0354
GCST90202706	GCST90202706	East Asian	EAS	af_assigned	ukb-ancestry-mixture-hg38	7478	EAS	0.971707	0.951109	0.0317829	ok	0	0.0205984	0.971707	0	0	0	0.00769418	false	dominant=EAS proportion=0.972 margin=0.951 overlap=7478 residual=0.0318
GCST90202707	GCST90202707	East Asian	EAS	af_assigned	ukb-ancestry-mixture-hg38	5755	EAS	0.984118	0.97823	0.0330792	ok	0.00501611	0.00588709	0.984118	0.00497921	0	0	0	false	dominant=EAS proportion=0.984 margin=0.978 overlap=5755 residual=0.0331
GCST90202708	GCST90202708	East Asian	EAS	af_assigned	ukb-ancestry-mixture-hg38	8035	EAS	0.983502	0.971954	0.0328341	ok	0.0115482	0	0.983502	0	0	0	0.00494968	false	dominant=EAS proportion=0.984 margin=0.972 overlap=8035 residual=0.0328
GCST90202709	GCST90202709	East Asian	EAS	af_assigned	ukb-ancestry-mixture-hg38	5733	EAS	0.98424	0.977949	0.0329696	ok	0.00524967	0.00421836	0.98424	0.00629148	0	0	0	false	dominant=EAS proportion=0.984 margin=0.978 overlap=5733 residual=0.0330
GCST90202710	GCST90202710	East Asian	EAS	af_assigned	ukb-ancestry-mixture-hg38	5759	EAS	0.984242	0.977827	0.033281	ok	0.00531896	0.0040242	0.984242	0.00641481	0	0	0	false	dominant=EAS proportion=0.984 margin=0.978 overlap=5759 residual=0.0333
GCST90202711	GCST90202711	East Asian	EAS	af_assigned	ukb-ancestry-mixture-hg38	5708	EAS	0.984304	0.978836	0.0328177	ok	0.00488265	0.00534393	0.984304	0.00546893	0	0	0	false	dominant=EAS proportion=0.984 margin=0.979 overlap=5708 residual=0.0328
GCST90202712	GCST90202712	East Asian	EAS	af_assigned	ukb-ancestry-mixture-hg38	5706	EAS	0.984577	0.979137	0.0328252	ok	0.0050576	0.00492666	0.984577	0.00543918	0	0	0	false	dominant=EAS proportion=0.985 margin=0.979 overlap=5706 residual=0.0328
GCST90202713	GCST90202713	East Asian	EAS	af_assigned	ukb-ancestry-mixture-hg38	5705	EAS	0.98456	0.979335	0.0328167	ok	0.00512699	0.00508818	0.98456	0.00522467	0	0	0	false	dominant=EAS proportion=0.985 margin=0.979 overlap=5705 residual=0.0328
GCST90202714	GCST90202714	East Asian	EAS	af_assigned	ukb-ancestry-mixture-hg38	5791	EAS	0.983512	0.977839	0.0332631	ok	0.00528934	0.0055257	0.983512	0.0056732	0	0	0	false	dominant=EAS proportion=0.984 margin=0.978 overlap=5791 residual=0.0333
GCST90202715	GCST90202715	East Asian	EAS	af_assigned	ukb-ancestry-mixture-hg38	5751	EAS	0.984569	0.978983	0.0332751	ok	0.00532974	0.0045157	0.984569	0.00558602	0	0	0	false	dominant=EAS proportion=0.985 margin=0.979 overlap=5751 residual=0.0333
GCST90202716	GCST90202716	East Asian	EAS	af_assigned	ukb-ancestry-mixture-hg38	5669	EAS	0.983097	0.977314	0.0338711	ok	0.00556462	0.00578285	0.983097	0.0055554	0	0	0	false	dominant=EAS proportion=0.983 margin=0.977 overlap=5669 residual=0.0339
GCST90202717	GCST90202717	East Asian	EAS	af_assigned	ukb-ancestry-mixture-hg38	5733	EAS	0.98436	0.97842	0.0329713	ok	0.00532624	0.00437278	0.98436	0.00594058	0	0	0	false	dominant=EAS proportion=0.984 margin=0.978 overlap=5733 residual=0.0330
GCST90202718	GCST90202718	East Asian	EAS	af_assigned	ukb-ancestry-mixture-hg38	5770	EAS	0.984222	0.977127	0.0334171	ok	0.00482248	0.00386077	0.984222	0.00709495	0	0	0	false	dominant=EAS proportion=0.984 margin=0.977 overlap=5770 residual=0.0334
GCST90202719	GCST90202719	East Asian	EAS	af_assigned	ukb-ancestry-mixture-hg38	5746	EAS	0.98475	0.978697	0.0330524	ok	0.00505748	0.00414039	0.98475	0.00605244	0	0	0	false	dominant=EAS proportion=0.985 margin=0.979 overlap=5746 residual=0.0331
GCST90202720	GCST90202720	East Asian	EAS	af_assigned	ukb-ancestry-mixture-hg38	7914	EAS	0.989538	0.980412	0.0315965	ok	0.00133584	0	0.989538	0.0091261	0	0	0	false	dominant=EAS proportion=0.990 margin=0.980 overlap=7914 residual=0.0316
GCST90202721	GCST90202721	East Asian	EAS	af_assigned	ukb-ancestry-mixture-hg38	5751	EAS	0.984896	0.978895	0.0332431	ok	0.00455763	0.00454583	0.984896	0.00600081	0	0	0	false	dominant=EAS proportion=0.985 margin=0.979 overlap=5751 residual=0.0332
GCST90202722	GCST90202722	East Asian	EAS	af_assigned	ukb-ancestry-mixture-hg38	7305	EAS	0.977461	0.962514	0.0324911	ok	0.00759222	0.0149468	0.977461	0	0	0	0	false	dominant=EAS proportion=0.977 margin=0.963 overlap=7305 residual=0.0325
GCST90202723	GCST90202723	East Asian	EAS	af_assigned	ukb-ancestry-mixture-hg38	8259	EAS	0.982257	0.964514	0.030401	ok	0	0	0.982257	0.0177429	0	0	0	false	dominant=EAS proportion=0.982 margin=0.965 overlap=8259 residual=0.0304
GCST90202724	GCST90202724	East Asian	EAS	af_assigned	ukb-ancestry-mixture-hg38	5727	EAS	0.984649	0.97905	0.032906	ok	0.00526085	0.0044906	0.984649	0.00559912	0	0	0	false	dominant=EAS proportion=0.985 margin=0.979 overlap=5727 residual=0.0329
GCST90202725	GCST90202725	East Asian	EAS	af_assigned	ukb-ancestry-mixture-hg38	5699	EAS	0.984431	0.979018	0.0328297	ok	0.00490925	0.00541317	0.984431	0.00524624	0	0	0	false	dominant=EAS proportion=0.984 margin=0.979 overlap=5699 residual=0.0328
GCST90202726	GCST90202726	East Asian	EAS	af_assigned	ukb-ancestry-mixture-hg38	5742	EAS	0.984446	0.978146	0.033004	ok	0.00459597	0.00629986	0.984446	0.00465804	0	0	0	false	dominant=EAS proportion=0.984 margin=0.978 overlap=5742 residual=0.0330
GCST90202727	GCST90202727	East Asian	EAS	af_assigned	ukb-ancestry-mixture-hg38	5732	EAS	0.984872	0.979635	0.0330195	ok	0.00523689	0.00500016	0.984872	0.00489063	0	0	0	false	dominant=EAS proportion=0.985 margin=0.980 overlap=5732 residual=0.0330
GCST90202728	GCST90202728	East Asian	EAS	af_assigned	ukb-ancestry-mixture-hg38	5705	EAS	0.984644	0.979286	0.0328195	ok	0.00503627	0.00496101	0.984644	0.00535823	0	0	0	false	dominant=EAS proportion=0.985 margin=0.979 overlap=5705 residual=0.0328
GCST90202729	GCST90202729	East Asian	EAS	af_assigned	ukb-ancestry-mixture-hg38	7952	EAS	0.991199	0.982399	0.0325232	ok	0.00880072	0	0.991199	0	0	0	0	false	dominant=EAS proportion=0.991 margin=0.982 overlap=7952 residual=0.0325
GCST90202730	GCST90202730	East Asian	EAS	af_assigned	ukb-ancestry-mixture-hg38	5726	EAS	0.984221	0.977855	0.0328353	ok	0.00493083	0.00636604	0.984221	0.00448191	0	0	0	false	dominant=EAS proportion=0.984 margin=0.978 overlap=5726 residual=0.0328
GCST90202731	GCST90202731	East Asian	EAS	af_assigned	ukb-ancestry-mixture-hg38	5573	EAS	0.982899	0.976363	0.0332258	ok	0.00489242	0.00567207	0.982899	0.00653637	0	0	0	false	dominant=EAS proportion=0.983 margin=0.976 overlap=5573 residual=0.0332
GCST90202732	GCST90202732	East Asian	EAS	af_assigned	ukb-ancestry-mixture-hg38	5702	EAS	0.984476	0.979112	0.0328172	ok	0.00497972	0.00517964	0.984476	0.00536438	0	0	0	false	dominant=EAS proportion=0.984 margin=0.979 overlap=5702 residual=0.0328
GCST90202733	GCST90202733	East Asian	EAS	af_assigned	ukb-ancestry-mixture-hg38	5612	EAS	0.98416	0.977819	0.0337021	ok	0.00614201	0.00335682	0.98416	0.00634093	0	0	0	false	dominant=EAS proportion=0.984 margin=0.978 overlap=5612 residual=0.0337
GCST90202734	GCST90202734	East Asian	EAS	af_assigned	ukb-ancestry-mixture-hg38	10397	EAS	0.989818	0.984098	0.0321831	ok	0.00571956	0	0.989818	0.00221232	0	0	0.00225047	false	dominant=EAS proportion=0.990 margin=0.984 overlap=10397 residual=0.0322
GCST90202735	GCST90202735	East Asian	EAS	af_assigned	ukb-ancestry-mixture-hg38	8419	EAS	0.977512	0.968537	0.0314072	ok	0.00595184	0	0.977512	0.00756101	0	0	0.00897514	false	dominant=EAS proportion=0.978 margin=0.969 overlap=8419 residual=0.0314
GCST90202736	GCST90202736	East Asian	EAS	af_assigned	ukb-ancestry-mixture-hg38	5774	EAS	0.98358	0.976116	0.0332227	ok	0.00533725	0.00746391	0.98358	0.00361881	0	0	0	false	dominant=EAS proportion=0.984 margin=0.976 overlap=5774 residual=0.0332
GCST90202737	GCST90202737	East Asian	EAS	af_assigned	ukb-ancestry-mixture-hg38	5811	EAS	0.983772	0.977746	0.0334196	ok	0.00556088	0.00464073	0.983772	0.00602605	0	0	0	false	dominant=EAS proportion=0.984 margin=0.978 overlap=5811 residual=0.0334
GCST90202738	GCST90202738	East Asian	EAS	af_assigned	ukb-ancestry-mixture-hg38	11314	EAS	0.955804	0.925617	0.034102	ok	0.0105263	0.0301868	0.955804	0.00348312	0	0	0	false	dominant=EAS proportion=0.956 margin=0.926 overlap=11314 residual=0.0341
GCST90202739	GCST90202739	East Asian	EAS	af_assigned	ukb-ancestry-mixture-hg38	5737	EAS	0.9846	0.978727	0.0329699	ok	0.00519089	0.00433592	0.9846	0.00587302	0	0	0	false	dominant=EAS proportion=0.985 margin=0.979 overlap=5737 residual=0.0330
GCST90202740	GCST90202740	East Asian	EAS	af_assigned	ukb-ancestry-mixture-hg38	5759	EAS	0.984677	0.979351	0.0331351	ok	0.00525611	0.00474145	0.984677	0.00532575	0	0	0	false	dominant=EAS proportion=0.985 margin=0.979 overlap=5759 residual=0.0331
GCST90202741	GCST90202741	East Asian	EAS	af_assigned	ukb-ancestry-mixture-hg38	8255	EAS	0.974245	0.953293	0.0337186	ok	0.00480247	0	0.974245	0.020952	0	0	0	false	dominant=EAS proportion=0.974 margin=0.953 overlap=8255 residual=0.0337
GCST90202742	GCST90202742	East Asian	EAS	af_assigned	ukb-ancestry-mixture-hg38	5719	EAS	0.984116	0.978446	0.0329355	ok	0.00485322	0.00536104	0.984116	0.00566967	0	0	0	false	dominant=EAS proportion=0.984 margin=0.978 overlap=5719 residual=0.0329
GCST90202743	GCST90202743	East Asian	EAS	af_assigned	ukb-ancestry-mixture-hg38	7801	EAS	0.994494	0.988989	0.0348374	ok	0.00550561	0	0.994494	0	0	0	0	false	dominant=EAS proportion=0.994 margin=0.989 overlap=7801 residual=0.0348
GCST90202744	GCST90202744	East Asian	EAS	af_assigned	ukb-ancestry-mixture-hg38	8329	EAS	0.983003	0.970063	0.0319613	ok	0.00405773	0	0.983003	0.0129395	0	0	0	false	dominant=EAS proportion=0.983 margin=0.970 overlap=8329 residual=0.0320
GCST90202745	GCST90202745	East Asian	EAS	af_assigned	ukb-ancestry-mixture-hg38	8687	EAS	0.988028	0.983354	0.0319176	ok	0.00467431	0.00267193	0.988028	0.00462571	0	0	0	false	dominant=EAS proportion=0.988 margin=0.983 overlap=8687 residual=0.0319
GCST90202746	GCST90202746	East Asian	EAS	af_assigned	ukb-ancestry-mixture-hg38	5709	EAS	0.984475	0.979012	0.0328242	ok	0.00507616	0.00498532	0.984475	0.00546311	0	0	0	false	dominant=EAS proportion=0.984 margin=0.979 overlap=5709 residual=0.0328
GCST90202747	GCST90202747	East Asian	EAS	af_assigned	ukb-ancestry-mixture-hg38	5532	EAS	0.983412	0.976758	0.0334093	ok	0.00515102	0.00665374	0.983412	0.00478362	0	0	0	false	dominant=EAS proportion=0.983 margin=0.977 overlap=5532 residual=0.0334
GCST90202748	GCST90202748	East Asian	EAS	af_assigned	ukb-ancestry-mixture-hg38	5767	EAS	0.987273	0.979605	0.0362001	ok	0.00766854	0.00112075	0.987273	0.00393757	0	0	0	false	dominant=EAS proportion=0.987 margin=0.980 overlap=5767 residual=0.0362
GCST90202749	GCST90202749	East Asian	EAS	af_assigned	ukb-ancestry-mixture-hg38	9862	EAS	0.97891	0.96887	0.0418976	ok	0.00820613	0.00181207	0.97891	0.00103132	0	0	0.0100403	false	dominant=EAS proportion=0.979 margin=0.969 overlap=9862 residual=0.0419
GCST90202750	GCST90202750	East Asian	EAS	af_assigned	ukb-ancestry-mixture-hg38	5760	EAS	0.985116	0.979447	0.0331294	ok	0.00485431	0.00436008	0.985116	0.00566946	0	0	0	false	dominant=EAS proportion=0.985 margin=0.979 overlap=5760 residual=0.0331
GCST90202751	GCST90202751	East Asian	EAS	af_assigned	ukb-ancestry-mixture-hg38	5738	EAS	0.984584	0.978896	0.0329533	ok	0.00484418	0.00568775	0.984584	0.00488441	0	0	0	false	dominant=EAS proportion=0.985 margin=0.979 overlap=5738 residual=0.0330
GCST90202752	GCST90202752	East Asian	EAS	af_assigned	ukb-ancestry-mixture-hg38	5708	EAS	0.984508	0.978963	0.0328015	ok	0.00491189	0.00503497	0.984508	0.00554524	0	0	0	false	dominant=EAS proportion=0.985 margin=0.979 overlap=5708 residual=0.0328
GCST90202753	GCST90202753	East Asian	EAS	af_assigned	ukb-ancestry-mixture-hg38	5729	EAS	0.984054	0.977587	0.0330179	ok	0.00481112	0.00646735	0.984054	0.00466766	0	0	0	false	dominant=EAS proportion=0.984 margin=0.978 overlap=5729 residual=0.0330
GCST90202754	GCST90202754	East Asian	EAS	af_assigned	ukb-ancestry-mixture-hg38	8837	EAS	0.953481	0.913429	0.0336744	ok	0.00382437	0.0400525	0.953481	0.00264179	0	0	0	false	dominant=EAS proportion=0.953 margin=0.913 overlap=8837 residual=0.0337
GCST90202755	GCST90202755	East Asian	EAS	af_assigned	ukb-ancestry-mixture-hg38	5836	EAS	0.982642	0.974882	0.035134	ok	0.00377007	0.00776062	0.982642	0.00582713	0	0	0	false	dominant=EAS proportion=0.983 margin=0.975 overlap=5836 residual=0.0351
GCST90202756	GCST90202756	East Asian	EAS	af_assigned	ukb-ancestry-mixture-hg38	5701	EAS	0.984535	0.979288	0.0328205	ok	0.00506516	0.00515335	0.984535	0.00524668	0	0	0	false	dominant=EAS proportion=0.985 margin=0.979 overlap=5701 residual=0.0328
GCST90202757	GCST90202757	East Asian	EAS	af_assigned	ukb-ancestry-mixture-hg38	7725	EAS	0.98262	0.970034	0.0315195	ok	0.00429103	0.000503009	0.98262	0.0125861	0	0	0	false	dominant=EAS proportion=0.983 margin=0.970 overlap=7725 residual=0.0315
GCST90202758	GCST90202758	East Asian	EAS	af_assigned	ukb-ancestry-mixture-hg38	5710	EAS	0.984437	0.979095	0.0328126	ok	0.00497628	0.0052452	0.984437	0.0053417	0	0	0	false	dominant=EAS proportion=0.984 margin=0.979 overlap=5710 residual=0.0328
GCST90202759	GCST90202759	East Asian	EAS	af_assigned	ukb-ancestry-mixture-hg38	5739	EAS	0.984017	0.978532	0.0331041	ok	0.00519853	0.00529908	0.984017	0.00548504	0	0	0	false	dominant=EAS proportion=0.984 margin=0.979 overlap=5739 residual=0.0331
GCST90202760	GCST90202760	East Asian	EAS	af_assigned	ukb-ancestry-mixture-hg38	5707	EAS	0.984385	0.97899	0.0328106	ok	0.00497476	0.00524577	0.984385	0.0053946	0	0	0	false	dominant=EAS proportion=0.984 margin=0.979 overlap=5707 residual=0.0328
GCST90202761	GCST90202761	East Asian	EAS	af_assigned	ukb-ancestry-mixture-hg38	5705	EAS	0.984337	0.978976	0.0328235	ok	0.00503428	0.00526834	0.984337	0.00536072	0	0	0	false	dominant=EAS proportion=0.984 margin=0.979 overlap=5705 residual=0.0328
GCST90202762	GCST90202762	East Asian	EAS	af_assigned	ukb-ancestry-mixture-hg38	5738	EAS	0.984479	0.978788	0.0329077	ok	0.00473594	0.00509467	0.984479	0.00569072	0	0	0	false	dominant=EAS proportion=0.984 margin=0.979 overlap=5738 residual=0.0329
GCST90202763	GCST90202763	East Asian	EAS	af_assigned	ukb-ancestry-mixture-hg38	7732	EAS	0.986066	0.979825	0.0321681	ok	0.0036098	0	0.986066	0.00353587	0.000548086	0	0.00624071	false	dominant=EAS proportion=0.986 margin=0.980 overlap=7732 residual=0.0322
GCST90202764	GCST90202764	East Asian	EAS	af_assigned	ukb-ancestry-mixture-hg38	14437	EAS	0.981073	0.962232	0.0335102	ok	0	8.70899e-05	0.981073	0.0188404	0	0	0	false	dominant=EAS proportion=0.981 margin=0.962 overlap=14437 residual=0.0335
GCST90202765	GCST90202765	East Asian	EAS	af_assigned	ukb-ancestry-mixture-hg38	5704	EAS	0.984411	0.978965	0.0328223	ok	0.00497282	0.00544602	0.984411	0.00517021	0	0	0	false	dominant=EAS proportion=0.984 margin=0.979 overlap=5704 residual=0.0328
GCST90202766	GCST90202766	East Asian	EAS	af_assigned	ukb-ancestry-mixture-hg38	8658	EAS	0.984691	0.971248	0.0332197	ok	0.00186573	0	0.984691	0.0134433	0	0	0	false	dominant=EAS proportion=0.985 margin=0.971 overlap=8658 residual=0.0332
GCST90202767	GCST90202767	East Asian	EAS	af_assigned	ukb-ancestry-mixture-hg38	5781	EAS	0.983578	0.976043	0.033441	ok	0.00452746	0.00753461	0.983578	0.00436039	0	0	0	false	dominant=EAS proportion=0.984 margin=0.976 overlap=5781 residual=0.0334
GCST90202768	GCST90202768	East Asian	EAS	af_assigned	ukb-ancestry-mixture-hg38	5731	EAS	0.984096	0.97819	0.0329836	ok	0.00474562	0.00590588	0.984096	0.00525222	0	0	0	false	dominant=EAS proportion=0.984 margin=0.978 overlap=5731 residual=0.0330
GCST90202769	GCST90202769	East Asian	EAS	af_assigned	ukb-ancestry-mixture-hg38	5709	EAS	0.984524	0.979195	0.0328052	ok	0.00491597	0.00523022	0.984524	0.00532937	0	0	0	false	dominant=EAS proportion=0.985 margin=0.979 overlap=5709 residual=0.0328
GCST90202770	GCST90202770	East Asian	EAS	af_assigned	ukb-ancestry-mixture-hg38	14414	EAS	0.959126	0.932159	0.0316765	ok	0	0.0139065	0.959126	0.0269671	0	0	0	false	dominant=EAS proportion=0.959 margin=0.932 overlap=14414 residual=0.0317
GCST90202771	GCST90202771	East Asian	EAS	af_assigned	ukb-ancestry-mixture-hg38	5796	EAS	0.984063	0.977708	0.0332754	ok	0.00517205	0.00440948	0.984063	0.00635542	0	0	0	false	dominant=EAS proportion=0.984 margin=0.978 overlap=5796 residual=0.0333
GCST90202772	GCST90202772	East Asian	EAS	af_assigned	ukb-ancestry-mixture-hg38	5573	EAS	0.982366	0.974746	0.0333723	ok	0.005296	0.00762079	0.982366	0.00471676	0	0	0	false	dominant=EAS proportion=0.982 margin=0.975 overlap=5573 residual=0.0334
GCST90202773	GCST90202773	East Asian	EAS	af_assigned	ukb-ancestry-mixture-hg38	5626	EAS	0.980371	0.972637	0.0376438	ok	0.00773453	0.00642688	0.980371	0.00546727	0	0	0	false	dominant=EAS proportion=0.980 margin=0.973 overlap=5626 residual=0.0376
GCST90202774	GCST90202774	East Asian	EAS	af_assigned	ukb-ancestry-mixture-hg38	8210	EAS	0.982136	0.964805	0.0324943	ok	0.000533731	0	0.982136	0.0173305	0	0	0	false	dominant=EAS proportion=0.982 margin=0.965 overlap=8210 residual=0.0325
GCST90202775	GCST90202775	East Asian	EAS	af_assigned	ukb-ancestry-mixture-hg38	5704	EAS	0.984564	0.979259	0.0328215	ok	0.00490689	0.0052251	0.984564	0.00530428	0	0	0	false	dominant=EAS proportion=0.985 margin=0.979 overlap=5704 residual=0.0328
GCST90202776	GCST90202776	East Asian	EAS	af_assigned	ukb-ancestry-mixture-hg38	8773	EAS	0.992951	0.985902	0.0337521	ok	0.00704914	0	0.992951	0	0	0	0	false	dominant=EAS proportion=0.993 margin=0.986 overlap=8773 residual=0.0338
GCST90202777	GCST90202777	East Asian	EAS	af_assigned	ukb-ancestry-mixture-hg38	5626	EAS	0.983343	0.975839	0.0335833	ok	0.00613745	0.00301524	0.983343	0.00750392	0	0	0	false	dominant=EAS proportion=0.983 margin=0.976 overlap=5626 residual=0.0336
GCST90202778	GCST90202778	East Asian	EAS	af_assigned	ukb-ancestry-mixture-hg38	5647	EAS	0.982966	0.974807	0.0338849	ok	0.00567913	0.00319509	0.982966	0.00815945	0	0	0	false	dominant=EAS proportion=0.983 margin=0.975 overlap=5647 residual=0.0339
GCST90202779	GCST90202779	East Asian	EAS	af_assigned	ukb-ancestry-mixture-hg38	16958	EAS	0.987672	0.980919	0.0333731	ok	0.00557544	0.00675275	0.987672	0	0	0	0	false	dominant=EAS proportion=0.988 margin=0.981 overlap=16958 residual=0.0334
GCST90202780	GCST90202780	East Asian	EAS	af_assigned	ukb-ancestry-mixture-hg38	5755	EAS	0.984635	0.979173	0.0331585	ok	0.00486259	0.00503985	0.984635	0.00546225	0	0	0	false	dominant=EAS proportion=0.985 margin=0.979 overlap=5755 residual=0.0332
GCST90202781	GCST90202781	East Asian	EAS	af_assigned	ukb-ancestry-mixture-hg38	8584	EAS	0.952525	0.905051	0.0366487	ok	0	0.0474746	0.952525	0	0	0	0	false	dominant=EAS proportion=0.953 margin=0.905 overlap=8584 residual=0.0366
GCST90202782	GCST90202782	East Asian	EAS	af_assigned	ukb-ancestry-mixture-hg38	5732	EAS	0.984276	0.977807	0.0329909	ok	0.00536424	0.00389117	0.984276	0.00646881	0	0	0	false	dominant=EAS proportion=0.984 margin=0.978 overlap=5732 residual=0.0330
GCST90202783	GCST90202783	East Asian	EAS	af_assigned	ukb-ancestry-mixture-hg38	5731	EAS	0.984739	0.979211	0.0329388	ok	0.00531698	0.0044156	0.984739	0.00552801	0	0	0	false	dominant=EAS proportion=0.985 margin=0.979 overlap=5731 residual=0.0329
GCST90202784	GCST90202784	East Asian	EAS	af_assigned	ukb-ancestry-mixture-hg38	8332	EAS	0.980152	0.971145	0.0329547	ok	0.00828996	0	0.980152	0.00900688	0	0	0.00255138	false	dominant=EAS proportion=0.980 margin=0.971 overlap=8332 residual=0.0330
GCST90202785	GCST90202785	East Asian	EAS	af_assigned	ukb-ancestry-mixture-hg38	5728	EAS	0.983974	0.978432	0.0330129	ok	0.00533944	0.00554231	0.983974	0.00514418	0	0	0	false	dominant=EAS proportion=0.984 margin=0.978 overlap=5728 residual=0.0330
GCST90202786	GCST90202786	East Asian	EAS	af_assigned	ukb-ancestry-mixture-hg38	5770	EAS	0.984044	0.978261	0.0331796	ok	0.00543717	0.00578311	0.984044	0.0047353	0	0	0	false	dominant=EAS proportion=0.984 margin=0.978 overlap=5770 residual=0.0332
GCST90202787	GCST90202787	East Asian	EAS	af_assigned	ukb-ancestry-mixture-hg38	5725	EAS	0.984564	0.979045	0.0331108	ok	0.00517336	0.00474312	0.984564	0.00551927	0	0	0	false	dominant=EAS proportion=0.985 margin=0.979 overlap=5725 residual=0.0331
GCST90202788	GCST90202788	East Asian	EAS	af_assigned	ukb-ancestry-mixture-hg38	5724	EAS	0.984513	0.978614	0.0331085	ok	0.00527185	0.00431552	0.984513	0.00589926	0	0	0	false	dominant=EAS proportion=0.985 margin=0.979 overlap=5724 residual=0.0331
GCST90202789	GCST90202789	East Asian	EAS	af_assigned	ukb-ancestry-mixture-hg38	5703	EAS	0.984534	0.979032	0.0328187	ok	0.00497091	0.00499312	0.984534	0.00550207	0	0	0	false	dominant=EAS proportion=0.985 margin=0.979 overlap=5703 residual=0.0328
GCST90202790	GCST90202790	East Asian	EAS	af_assigned	ukb-ancestry-mixture-hg38	10448	EAS	0.99259	0.98518	0.0348068	ok	0	0	0.99259	0.00741001	0	0	0	false	dominant=EAS proportion=0.993 margin=0.985 overlap=10448 residual=0.0348
GCST90202791	GCST90202791	East Asian	EAS	af_assigned	ukb-ancestry-mixture-hg38	8055	EAS	0.983944	0.973011	0.0318251	ok	0.0109334	0.00512257	0.983944	0	0	0	0	false	dominant=EAS proportion=0.984 margin=0.973 overlap=8055 residual=0.0318
GCST90202792	GCST90202792	East Asian	EAS	af_assigned	ukb-ancestry-mixture-hg38	5755	EAS	0.98618	0.980959	0.0346794	ok	0.00522063	0.00493881	0.98618	0.00366049	0	0	0	false	dominant=EAS proportion=0.986 margin=0.981 overlap=5755 residual=0.0347
GCST90202793	GCST90202793	East Asian	EAS	af_assigned	ukb-ancestry-mixture-hg38	5708	EAS	0.984297	0.978802	0.0328226	ok	0.00491454	0.00549578	0.984297	0.00529227	0	0	0	false	dominant=EAS proportion=0.984 margin=0.979 overlap=5708 residual=0.0328
GCST90202794	GCST90202794	East Asian	EAS	af_assigned	ukb-ancestry-mixture-hg38	5727	EAS	0.984221	0.978799	0.0330428	ok	0.00509057	0.00526757	0.984221	0.00542118	0	0	0	false	dominant=EAS proportion=0.984 margin=0.979 overlap=5727 residual=0.0330
GCST90202795	GCST90202795	East Asian	EAS	af_assigned	ukb-ancestry-mixture-hg38	5737	EAS	0.984524	0.978966	0.0329879	ok	0.0055575	0.00446266	0.984524	0.00545599	0	0	0	false	dominant=EAS proportion=0.985 margin=0.979 overlap=5737 residual=0.0330
GCST90202796	GCST90202796	East Asian	EAS	af_assigned	ukb-ancestry-mixture-hg38	5651	EAS	0.984869	0.978394	0.0339343	ok	0.00647517	0.00288663	0.984869	0.00576916	0	0	0	false	dominant=EAS proportion=0.985 margin=0.978 overlap=5651 residual=0.0339
GCST90202797	GCST90202797	East Asian	EAS	af_assigned	ukb-ancestry-mixture-hg38	7669	EAS	0.949795	0.921232	0.0381939	ok	0	0.0216425	0.949795	0	0	0	0.0285625	false	dominant=EAS proportion=0.950 margin=0.921 overlap=7669 residual=0.0382
GCST90202798	GCST90202798	East Asian	EAS	af_assigned	ukb-ancestry-mixture-hg38	5587	EAS	0.988231	0.983599	0.0349434	ok	0.00261537	0.00452035	0.988231	0.00463283	0	0	0	false	dominant=EAS proportion=0.988 margin=0.984 overlap=5587 residual=0.0349
GCST90202799	GCST90202799	East Asian	EAS	af_assigned	ukb-ancestry-mixture-hg38	5704	EAS	0.984545	0.978917	0.0328223	ok	0.00503411	0.00479315	0.984545	0.00562777	0	0	0	false	dominant=EAS proportion=0.985 margin=0.979 overlap=5704 residual=0.0328
GCST90202800	GCST90202800	East Asian	EAS	af_assigned	ukb-ancestry-mixture-hg38	5699	EAS	0.984466	0.97911	0.0328512	ok	0.00510163	0.0053558	0.984466	0.00507645	0	0	0	false	dominant=EAS proportion=0.984 margin=0.979 overlap=5699 residual=0.0329
GCST90202801	GCST90202801	East Asian	EAS	af_assigned	ukb-ancestry-mixture-hg38	5592	EAS	0.983203	0.976663	0.0336117	ok	0.00653959	0.0049388	0.983203	0.00531873	0	0	0	false	dominant=EAS proportion=0.983 margin=0.977 overlap=5592 residual=0.0336
GCST90202802	GCST90202802	East Asian	EAS	af_assigned	ukb-ancestry-mixture-hg38	8672	EAS	0.963851	0.9511	0.0308712	ok	0.0112348	0.0121626	0.963851	0	0	0	0.0127512	false	dominant=EAS proportion=0.964 margin=0.951 overlap=8672 residual=0.0309
GCST90202803	GCST90202803	East Asian	EAS	af_assigned	ukb-ancestry-mixture-hg38	5705	EAS	0.984593	0.979312	0.0328452	ok	0.00495696	0.00516818	0.984593	0.00528164	0	0	0	false	dominant=EAS proportion=0.985 margin=0.979 overlap=5705 residual=0.0328
GCST90202804	GCST90202804	East Asian	EAS	af_assigned	ukb-ancestry-mixture-hg38	7964	EAS	0.994437	0.989319	0.0309846	ok	0.000444923	0.00511799	0.994437	0	0	0	0	false	dominant=EAS proportion=0.994 margin=0.989 overlap=7964 residual=0.0310
GCST90202805	GCST90202805	East Asian	EAS	af_assigned	ukb-ancestry-mixture-hg38	5795	EAS	0.98487	0.979028	0.0334705	ok	0.00584221	0.00474045	0.98487	0.00454706	0	0	0	false	dominant=EAS proportion=0.985 margin=0.979 overlap=5795 residual=0.0335
GCST90202806	GCST90202806	East Asian	EAS	af_assigned	ukb-ancestry-mixture-hg38	5699	EAS	0.984469	0.979057	0.0328368	ok	0.00500619	0.00511243	0.984469	0.00541242	0	0	0	false	dominant=EAS proportion=0.984 margin=0.979 overlap=5699 residual=0.0328
GCST90202807	GCST90202807	East Asian	EAS	af_assigned	ukb-ancestry-mixture-hg38	5636	EAS	0.981806	0.973097	0.0371183	ok	0.00637368	0.00311152	0.981806	0.00870872	0	0	0	false	dominant=EAS proportion=0.982 margin=0.973 overlap=5636 residual=0.0371
GCST90202808	GCST90202808	East Asian	EAS	af_assigned	ukb-ancestry-mixture-hg38	5704	EAS	0.984566	0.979083	0.0328572	ok	0.00495705	0.00499471	0.984566	0.00548262	0	0	0	false	dominant=EAS proportion=0.985 margin=0.979 overlap=5704 residual=0.0329
GCST90202809	GCST90202809	East Asian	EAS	af_assigned	ukb-ancestry-mixture-hg38	5727	EAS	0.983531	0.977777	0.0330075	ok	0.0050406	0.00567429	0.983531	0.00575402	0	0	0	false	dominant=EAS proportion=0.984 margin=0.978 overlap=5727 residual=0.0330
GCST90202810	GCST90202810	East Asian	EAS	af_assigned	ukb-ancestry-mixture-hg38	5754	EAS	0.984694	0.979063	0.0331033	ok	0.00451252	0.00563036	0.984694	0.00516335	0	0	0	false	dominant=EAS proportion=0.985 margin=0.979 overlap=5754 residual=0.0331
GCST90202811	GCST90202811	East Asian	EAS	af_assigned	ukb-ancestry-mixture-hg38	5567	EAS	0.980806	0.973953	0.0349764	ok	0.0066121	0.00685304	0.980806	0.00572873	0	0	0	false	dominant=EAS proportion=0.981 margin=0.974 overlap=5567 residual=0.0350
GCST90202812	GCST90202812	East Asian	EAS	af_assigned	ukb-ancestry-mixture-hg38	5725	EAS	0.984928	0.979822	0.0330038	ok	0.00510585	0.00495634	0.984928	0.00501003	0	0	0	false	dominant=EAS proportion=0.985 margin=0.980 overlap=5725 residual=0.0330
GCST90202813	GCST90202813	East Asian	EAS	af_assigned	ukb-ancestry-mixture-hg38	10818	EAS	0.95524	0.914693	0.0334036	ok	0	0	0.95524	0.00421397	0	0	0.0405465	false	dominant=EAS proportion=0.955 margin=0.915 overlap=10818 residual=0.0334
GCST90202814	GCST90202814	East Asian	EAS	af_assigned	ukb-ancestry-mixture-hg38	5701	EAS	0.984435	0.979038	0.0328514	ok	0.0048797	0.00539607	0.984435	0.00528971	0	0	0	false	dominant=EAS proportion=0.984 margin=0.979 overlap=5701 residual=0.0329
GCST90202815	GCST90202815	East Asian	EAS	af_assigned	ukb-ancestry-mixture-hg38	8292	EAS	0.97877	0.966535	0.0323432	ok	0.0089947	0	0.97877	0.0122351	0	0	0	false	dominant=EAS proportion=0.979 margin=0.967 overlap=8292 residual=0.0323
GCST90202816	GCST90202816	East Asian	EAS	af_assigned	ukb-ancestry-mixture-hg38	7215	EAS	0.990162	0.980895	0.0349707	ok	0.00926652	0.00057155	0.990162	0	0	0	0	false	dominant=EAS proportion=0.990 margin=0.981 overlap=7215 residual=0.0350
GCST90202817	GCST90202817	East Asian	EAS	af_assigned	ukb-ancestry-mixture-hg38	5805	EAS	0.987946	0.983167	0.0335648	ok	0.00477878	0.00293034	0.987946	0.00434528	0	0	0	false	dominant=EAS proportion=0.988 margin=0.983 overlap=5805 residual=0.0336
GCST90202818	GCST90202818	East Asian	EAS	af_assigned	ukb-ancestry-mixture-hg38	7953	EAS	0.981562	0.971881	0.0328721	ok	0.00968087	0.0015098	0.981562	0.00724724	0	0	0	false	dominant=EAS proportion=0.982 margin=0.972 overlap=7953 residual=0.0329
GCST90202819	GCST90202819	East Asian	EAS	af_assigned	ukb-ancestry-mixture-hg38	5811	EAS	0.985331	0.979628	0.033399	ok	0.00515942	0.00380591	0.985331	0.00570335	0	0	0	false	dominant=EAS proportion=0.985 margin=0.980 overlap=5811 residual=0.0334
GCST90202820	GCST90202820	East Asian	EAS	af_assigned	ukb-ancestry-mixture-hg38	5727	EAS	0.984389	0.978006	0.032929	ok	0.00524711	0.00398096	0.984389	0.00638279	0	0	0	false	dominant=EAS proportion=0.984 margin=0.978 overlap=5727 residual=0.0329
GCST90202821	GCST90202821	East Asian	EAS	af_assigned	ukb-ancestry-mixture-hg38	5774	EAS	0.984973	0.979755	0.0333097	ok	0.00521774	0.00479664	0.984973	0.0050129	0	0	0	false	dominant=EAS proportion=0.985 margin=0.980 overlap=5774 residual=0.0333
GCST90202822	GCST90202822	East Asian	EAS	af_assigned	ukb-ancestry-mixture-hg38	5707	EAS	0.984408	0.978999	0.0328163	ok	0.0049557	0.0054088	0.984408	0.00522757	0	0	0	false	dominant=EAS proportion=0.984 margin=0.979 overlap=5707 residual=0.0328
GCST90202823	GCST90202823	East Asian	EAS	af_assigned	ukb-ancestry-mixture-hg38	5726	EAS	0.984407	0.978628	0.0331038	ok	0.00543246	0.00438175	0.984407	0.00577883	0	0	0	false	dominant=EAS proportion=0.984 margin=0.979 overlap=5726 residual=0.0331
GCST90202824	GCST90202824	East Asian	EAS	af_assigned	ukb-ancestry-mixture-hg38	8186	EAS	0.989444	0.978887	0.0330679	ok	0.0105564	0	0.989444	0	0	0	0	false	dominant=EAS proportion=0.989 margin=0.979 overlap=8186 residual=0.0331
GCST90202825	GCST90202825	East Asian	EAS	af_assigned	ukb-ancestry-mixture-hg38	5508	EAS	0.980368	0.970728	0.0414693	ok	0.00964007	0	0.980368	0.00658462	0	0	0.00340695	false	dominant=EAS proportion=0.980 margin=0.971 overlap=5508 residual=0.0415
GCST90202826	GCST90202826	East Asian	EAS	af_assigned	ukb-ancestry-mixture-hg38	5708	EAS	0.984609	0.979305	0.0328333	ok	0.00505417	0.00530447	0.984609	0.00503216	0	0	0	false	dominant=EAS proportion=0.985 margin=0.979 overlap=5708 residual=0.0328
GCST90202827	GCST90202827	East Asian	EAS	af_assigned	ukb-ancestry-mixture-hg38	5705	EAS	0.984528	0.979262	0.0328005	ok	0.00500961	0.00526591	0.984528	0.00519683	0	0	0	false	dominant=EAS proportion=0.985 margin=0.979 overlap=5705 residual=0.0328
GCST90202828	GCST90202828	East Asian	EAS	af_assigned	ukb-ancestry-mixture-hg38	5776	EAS	0.983864	0.977493	0.0333268	ok	0.00480847	0.00637122	0.983864	0.0049559	0	0	0	false	dominant=EAS proportion=0.984 margin=0.977 overlap=5776 residual=0.0333
GCST90202829	GCST90202829	East Asian	EAS	af_assigned	ukb-ancestry-mixture-hg38	5705	EAS	0.984579	0.979308	0.0328191	ok	0.00493095	0.00527089	0.984579	0.00521921	0	0	0	false	dominant=EAS proportion=0.985 margin=0.979 overlap=5705 residual=0.0328
GCST90202830	GCST90202830	East Asian	EAS	af_assigned	ukb-ancestry-mixture-hg38	5712	EAS	0.984409	0.978753	0.0328203	ok	0.00499284	0.004941	0.984409	0.00565683	0	0	0	false	dominant=EAS proportion=0.984 margin=0.979 overlap=5712 residual=0.0328
GCST90202831	GCST90202831	East Asian	EAS	af_assigned	ukb-ancestry-mixture-hg38	8413	EAS	0.979295	0.961854	0.0323528	ok	0.00326492	0	0.979295	0.0174405	0	0	0	false	dominant=EAS proportion=0.979 margin=0.962 overlap=8413 residual=0.0324
GCST90202832	GCST90202832	East Asian	EAS	af_assigned	ukb-ancestry-mixture-hg38	5728	EAS	0.984308	0.978729	0.0329507	ok	0.00516961	0.00557905	0.984308	0.00494286	0	0	0	false	dominant=EAS proportion=0.984 margin=0.979 overlap=5728 residual=0.0330
GCST90202833	GCST90202833	East Asian	EAS	af_assigned	ukb-ancestry-mixture-hg38	5707	EAS	0.98445	0.979014	0.0328171	ok	0.00502277	0.00508987	0.98445	0.00543688	0	0	0	false	dominant=EAS proportion=0.984 margin=0.979 overlap=5707 residual=0.0328
GCST90202834	GCST90202834	East Asian	EAS	af_assigned	ukb-ancestry-mixture-hg38	5740	EAS	0.98402	0.978509	0.0330909	ok	0.00515634	0.00531273	0.98402	0.00551072	0	0	0	false	dominant=EAS proportion=0.984 margin=0.979 overlap=5740 residual=0.0331
GCST90202835	GCST90202835	East Asian	EAS	af_assigned	ukb-ancestry-mixture-hg38	12871	EAS	1	1	0.0329693	ok	0	0	1	0	0	0	0	false	dominant=EAS proportion=1.000 margin=1.000 overlap=12871 residual=0.0330
GCST90202836	GCST90202836	East Asian	EAS	af_assigned	ukb-ancestry-mixture-hg38	11698	EAS	0.98837	0.982273	0.0315263	ok	0.00553415	0.00609621	0.98837	0	0	0	0	false	dominant=EAS proportion=0.988 margin=0.982 overlap=11698 residual=0.0315
GCST90202837	GCST90202837	East Asian	EAS	af_assigned	ukb-ancestry-mixture-hg38	5747	EAS	0.984257	0.97805	0.0331315	ok	0.00489645	0.00463949	0.984257	0.00620691	0	0	0	false	dominant=EAS proportion=0.984 margin=0.978 overlap=5747 residual=0.0331
GCST90202838	GCST90202838	East Asian	EAS	af_assigned	ukb-ancestry-mixture-hg38	5705	EAS	0.984432	0.979135	0.0328173	ok	0.0050813	0.00529689	0.984432	0.0051901	0	0	0	false	dominant=EAS proportion=0.984 margin=0.979 overlap=5705 residual=0.0328
GCST90202839	GCST90202839	East Asian	EAS	af_assigned	ukb-ancestry-mixture-hg38	5714	EAS	0.984536	0.978973	0.0328198	ok	0.00503838	0.00486325	0.984536	0.00556278	0	0	0	false	dominant=EAS proportion=0.985 margin=0.979 overlap=5714 residual=0.0328
GCST90202840	GCST90202840	East Asian	EAS	af_assigned	ukb-ancestry-mixture-hg38	5707	EAS	0.984464	0.979226	0.0328501	ok	0.00510563	0.00523792	0.984464	0.00519213	0	0	0	false	dominant=EAS proportion=0.984 margin=0.979 overlap=5707 residual=0.0329
GCST90202841	GCST90202841	East Asian	EAS	af_assigned	ukb-ancestry-mixture-hg38	5755	EAS	0.984952	0.979191	0.0332403	ok	0.00461256	0.00467458	0.984952	0.00576105	0	0	0	false	dominant=EAS proportion=0.985 margin=0.979 overlap=5755 residual=0.0332
GCST90202842	GCST90202842	East Asian	EAS	af_assigned	ukb-ancestry-mixture-hg38	8287	EAS	0.989689	0.979377	0.0322715	ok	0	0.0103114	0.989689	0	0	0	0	false	dominant=EAS proportion=0.990 margin=0.979 overlap=8287 residual=0.0323
GCST90202843	GCST90202843	East Asian	EAS	af_assigned	ukb-ancestry-mixture-hg38	5714	EAS	0.984617	0.979112	0.0328579	ok	0.00474137	0.00550546	0.984617	0.00513605	0	0	0	false	dominant=EAS proportion=0.985 margin=0.979 overlap=5714 residual=0.0329
GCST90202844	GCST90202844	East Asian	EAS	af_assigned	ukb-ancestry-mixture-hg38	5750	EAS	0.985193	0.979372	0.0329799	ok	0.00469337	0.00582078	0.985193	0.00429329	0	0	0	false	dominant=EAS proportion=0.985 margin=0.979 overlap=5750 residual=0.0330
GCST90202845	GCST90202845	East Asian	EAS	af_assigned	ukb-ancestry-mixture-hg38	5675	EAS	0.982363	0.975161	0.0373983	ok	0.00720211	0.00383723	0.982363	0.00659731	0	0	0	false	dominant=EAS proportion=0.982 margin=0.975 overlap=5675 residual=0.0374
GCST90202846	GCST90202846	East Asian	EAS	af_assigned	ukb-ancestry-mixture-hg38	5739	EAS	0.98442	0.978202	0.0329868	ok	0.00469387	0.00621813	0.98442	0.00466777	0	0	0	false	dominant=EAS proportion=0.984 margin=0.978 overlap=5739 residual=0.0330
GCST90202847	GCST90202847	East Asian	EAS	af_assigned	ukb-ancestry-mixture-hg38	5804	EAS	0.983634	0.977931	0.0334898	ok	0.00528832	0.00570305	0.983634	0.00537462	0	0	0	false	dominant=EAS proportion=0.984 margin=0.978 overlap=5804 residual=0.0335
GCST90202848	GCST90202848	East Asian	EAS	af_assigned	ukb-ancestry-mixture-hg38	5738	EAS	0.984136	0.978783	0.0329546	ok	0.00529749	0.00521361	0.984136	0.005353	0	0	0	false	dominant=EAS proportion=0.984 margin=0.979 overlap=5738 residual=0.0330
GCST90202849	GCST90202849	East Asian	EAS	af_assigned	ukb-ancestry-mixture-hg38	5761	EAS	0.984814	0.979379	0.0330946	ok	0.00543463	0.00475871	0.984814	0.00499311	0	0	0	false	dominant=EAS proportion=0.985 margin=0.979 overlap=5761 residual=0.0331
GCST90202850	GCST90202850	East Asian	EAS	af_assigned	ukb-ancestry-mixture-hg38	14025	EAS	0.976128	0.964112	0.0314168	ok	0.0120159	0	0.976128	0.0118561	0	0	0	false	dominant=EAS proportion=0.976 margin=0.964 overlap=14025 residual=0.0314
GCST90202851	GCST90202851	East Asian	EAS	af_assigned	ukb-ancestry-mixture-hg38	5710	EAS	0.984528	0.979257	0.0328023	ok	0.00497537	0.00527098	0.984528	0.00522536	0	0	0	false	dominant=EAS proportion=0.985 margin=0.979 overlap=5710 residual=0.0328
GCST90202852	GCST90202852	East Asian	EAS	af_assigned	ukb-ancestry-mixture-hg38	5722	EAS	0.984422	0.978821	0.0331195	ok	0.00540003	0.00457733	0.984422	0.0056009	0	0	0	false	dominant=EAS proportion=0.984 margin=0.979 overlap=5722 residual=0.0331
GCST90202853	GCST90202853	East Asian	EAS	af_assigned	ukb-ancestry-mixture-hg38	16441	EAS	0.995608	0.991216	0.036851	ok	0.00439207	0	0.995608	0	0	0	0	false	dominant=EAS proportion=0.996 margin=0.991 overlap=16441 residual=0.0369
GCST90202854	GCST90202854	East Asian	EAS	af_assigned	ukb-ancestry-mixture-hg38	8207	EAS	0.967022	0.946963	0.0324703	ok	0.0129186	0	0.967022	0	0	0	0.0200594	false	dominant=EAS proportion=0.967 margin=0.947 overlap=8207 residual=0.0325
GCST90202855	GCST90202855	East Asian	EAS	af_assigned	ukb-ancestry-mixture-hg38	10342	EAS	1	1	0.0334274	ok	0	0	1	0	0	0	0	false	dominant=EAS proportion=1.000 margin=1.000 overlap=10342 residual=0.0334
GCST90202856	GCST90202856	East Asian	EAS	af_assigned	ukb-ancestry-mixture-hg38	5723	EAS	0.984786	0.979072	0.033	ok	0.00491865	0.00458014	0.984786	0.00571476	0	0	0	false	dominant=EAS proportion=0.985 margin=0.979 overlap=5723 residual=0.0330
GCST90202857	GCST90202857	East Asian	EAS	af_assigned	ukb-ancestry-mixture-hg38	5706	EAS	0.984481	0.978868	0.0328258	ok	0.00495598	0.0049493	0.984481	0.00561324	0	0	0	false	dominant=EAS proportion=0.984 margin=0.979 overlap=5706 residual=0.0328
GCST90202858	GCST90202858	East Asian	EAS	af_assigned	ukb-ancestry-mixture-hg38	5621	EAS	0.982043	0.97512	0.0336365	ok	0.00555779	0.00547501	0.982043	0.00692376	0	0	0	false	dominant=EAS proportion=0.982 margin=0.975 overlap=5621 residual=0.0336
GCST90202859	GCST90202859	East Asian	EAS	af_assigned	ukb-ancestry-mixture-hg38	5721	EAS	0.984388	0.978116	0.0328137	ok	0.00470503	0.00627204	0.984388	0.0046351	0	0	0	false	dominant=EAS proportion=0.984 margin=0.978 overlap=5721 residual=0.0328
GCST90202860	GCST90202860	East Asian	EAS	af_assigned	ukb-ancestry-mixture-hg38	5708	EAS	0.984617	0.979356	0.0328483	ok	0.00491356	0.00526137	0.984617	0.00520791	0	0	0	false	dominant=EAS proportion=0.985 margin=0.979 overlap=5708 residual=0.0328
GCST90202861	GCST90202861	East Asian	EAS	af_assigned	ukb-ancestry-mixture-hg38	5709	EAS	0.984223	0.978739	0.0328107	ok	0.00502434	0.0054841	0.984223	0.00526831	0	0	0	false	dominant=EAS proportion=0.984 margin=0.979 overlap=5709 residual=0.0328
GCST90202862	GCST90202862	East Asian	EAS	af_assigned	ukb-ancestry-mixture-hg38	5733	EAS	0.984296	0.978848	0.0329194	ok	0.00517413	0.00544713	0.984296	0.00508312	0	0	0	false	dominant=EAS proportion=0.984 margin=0.979 overlap=5733 residual=0.0329
GCST90202863	GCST90202863	East Asian	EAS	af_assigned	ukb-ancestry-mixture-hg38	5736	EAS	0.984366	0.978758	0.0331325	ok	0.00484066	0.00560846	0.984366	0.0051846	0	0	0	false	dominant=EAS proportion=0.984 margin=0.979 overlap=5736 residual=0.0331
GCST90202864	GCST90202864	East Asian	EAS	af_assigned	ukb-ancestry-mixture-hg38	5734	EAS	0.983883	0.978225	0.0329639	ok	0.00520764	0.00525201	0.983883	0.0056577	0	0	0	false	dominant=EAS proportion=0.984 margin=0.978 overlap=5734 residual=0.0330
GCST90202865	GCST90202865	East Asian	EAS	af_assigned	ukb-ancestry-mixture-hg38	7903	EAS	0.980193	0.970695	0.0313576	ok	0.00765822	0.00949759	0.980193	0.0026515	0	0	0	false	dominant=EAS proportion=0.980 margin=0.971 overlap=7903 residual=0.0314
GCST90202866	GCST90202866	East Asian	EAS	af_assigned	ukb-ancestry-mixture-hg38	8174	EAS	0.962292	0.938245	0.0323144	ok	0	0	0.962292	0.0136604	0	0	0.0240472	false	dominant=EAS proportion=0.962 margin=0.938 overlap=8174 residual=0.0323
GCST90202867	GCST90202867	East Asian	EAS	af_assigned	ukb-ancestry-mixture-hg38	5703	EAS	0.984476	0.979149	0.0328169	ok	0.00498675	0.00532752	0.984476	0.00520924	0	0	0	false	dominant=EAS proportion=0.984 margin=0.979 overlap=5703 residual=0.0328
GCST90202868	GCST90202868	East Asian	EAS	af_assigned	ukb-ancestry-mixture-hg38	5737	EAS	0.983967	0.978306	0.0329673	ok	0.00472738	0.00566056	0.983967	0.00564528	0	0	0	false	dominant=EAS proportion=0.984 margin=0.978 overlap=5737 residual=0.0330
GCST90202869	GCST90202869	East Asian	EAS	af_assigned	ukb-ancestry-mixture-hg38	5712	EAS	0.98455	0.979276	0.0328085	ok	0.00499679	0.00518048	0.98455	0.00527315	0	0	0	false	dominant=EAS proportion=0.985 margin=0.979 overlap=5712 residual=0.0328
GCST90202870	GCST90202870	East Asian	EAS	af_assigned	ukb-ancestry-mixture-hg38	11973	EAS	0.97976	0.970135	0.0313547	ok	0.00962434	0.00871357	0.97976	0.00190251	0	0	0	false	dominant=EAS proportion=0.980 margin=0.970 overlap=11973 residual=0.0314
GCST90202871	GCST90202871	East Asian	EAS	af_assigned	ukb-ancestry-mixture-hg38	10894	EAS	0.996952	0.993903	0.0329751	ok	0.00304837	0	0.996952	0	0	0	0	false	dominant=EAS proportion=0.997 margin=0.994 overlap=10894 residual=0.0330
GCST90202872	GCST90202872	East Asian	EAS	af_assigned	ukb-ancestry-mixture-hg38	12192	EAS	0.988894	0.977831	0.034582	ok	4.32978e-05	0	0.988894	0	0.0110628	0	0	false	dominant=EAS proportion=0.989 margin=0.978 overlap=12192 residual=0.0346
GCST90202873	GCST90202873	East Asian	EAS	af_assigned	ukb-ancestry-mixture-hg38	5758	EAS	0.985461	0.98003	0.0331258	ok	0.00492307	0.00418473	0.985461	0.00543108	0	0	0	false	dominant=EAS proportion=0.985 margin=0.980 overlap=5758 residual=0.0331
GCST90202874	GCST90202874	East Asian	EAS	af_assigned	ukb-ancestry-mixture-hg38	5749	EAS	0.984369	0.978795	0.0331271	ok	0.00524021	0.00557452	0.984369	0.00481587	0	0	0	false	dominant=EAS proportion=0.984 margin=0.979 overlap=5749 residual=0.0331
GCST90202875	GCST90202875	East Asian	EAS	af_assigned	ukb-ancestry-mixture-hg38	5580	EAS	0.98281	0.976606	0.0335416	ok	0.00494733	0.00620415	0.98281	0.00603837	0	0	0	false	dominant=EAS proportion=0.983 margin=0.977 overlap=5580 residual=0.0335
GCST90202876	GCST90202876	East Asian	EAS	af_assigned	ukb-ancestry-mixture-hg38	12433	EAS	0.981948	0.970795	0.0353544	ok	0.00689927	0	0.981948	0.0111528	0	0	0	false	dominant=EAS proportion=0.982 margin=0.971 overlap=12433 residual=0.0354
GCST90202877	GCST90202877	East Asian	EAS	af_assigned	ukb-ancestry-mixture-hg38	5762	EAS	0.984609	0.979332	0.0331546	ok	0.00527652	0.00499641	0.984609	0.00511824	0	0	0	false	dominant=EAS proportion=0.985 margin=0.979 overlap=5762 residual=0.0332
GCST90202878	GCST90202878	East Asian	EAS	af_assigned	ukb-ancestry-mixture-hg38	5705	EAS	0.98452	0.978901	0.032804	ok	0.0049856	0.00487621	0.98452	0.00561836	0	0	0	false	dominant=EAS proportion=0.985 margin=0.979 overlap=5705 residual=0.0328
GCST90202879	GCST90202879	East Asian	EAS	af_assigned	ukb-ancestry-mixture-hg38	15369	EAS	0.971916	0.947802	0.0326306	ok	0.00397001	0	0.971916	0.0241142	0	0	0	false	dominant=EAS proportion=0.972 margin=0.948 overlap=15369 residual=0.0326
GCST90202880	GCST90202880	East Asian	EAS	af_assigned	ukb-ancestry-mixture-hg38	5754	EAS	0.983282	0.976931	0.033286	ok	0.00531704	0.00504996	0.983282	0.00635122	0	0	0	false	dominant=EAS proportion=0.983 margin=0.977 overlap=5754 residual=0.0333
GCST90202881	GCST90202881	East Asian	EAS	af_assigned	ukb-ancestry-mixture-hg38	5546	EAS	0.986228	0.980849	0.0366219	ok	0.00513146	0.00326169	0.986228	0.0053787	0	0	0	false	dominant=EAS proportion=0.986 margin=0.981 overlap=5546 residual=0.0366
GCST90202882	GCST90202882	East Asian	EAS	af_assigned	ukb-ancestry-mixture-hg38	8502	EAS	0.977939	0.961379	0.0333084	ok	0.0165597	0.00550161	0.977939	0	0	0	0	false	dominant=EAS proportion=0.978 margin=0.961 overlap=8502 residual=0.0333
GCST90202883	GCST90202883	East Asian	EAS	af_assigned	ukb-ancestry-mixture-hg38	5713	EAS	0.984492	0.979178	0.0328085	ok	0.00501963	0.00531358	0.984492	0.00517479	0	0	0	false	dominant=EAS proportion=0.984 margin=0.979 overlap=5713 residual=0.0328
GCST90202884	GCST90202884	East Asian	EAS	af_assigned	ukb-ancestry-mixture-hg38	6705	EAS	0.981869	0.974289	0.036309	ok	0.00385265	0	0.981869	0.0075804	0	0	0.00669785	false	dominant=EAS proportion=0.982 margin=0.974 overlap=6705 residual=0.0363
GCST90202885	GCST90202885	East Asian	EAS	af_assigned	ukb-ancestry-mixture-hg38	5706	EAS	0.984355	0.97893	0.0328154	ok	0.00500458	0.00521486	0.984355	0.00542508	0	0	0	false	dominant=EAS proportion=0.984 margin=0.979 overlap=5706 residual=0.0328
GCST90202886	GCST90202886	East Asian	EAS	af_assigned	ukb-ancestry-mixture-hg38	5806	EAS	0.982836	0.975362	0.0334599	ok	0.00471885	0.00747383	0.982836	0.00497142	0	0	0	false	dominant=EAS proportion=0.983 margin=0.975 overlap=5806 residual=0.0335
GCST90202887	GCST90202887	East Asian	EAS	af_assigned	ukb-ancestry-mixture-hg38	5728	EAS	0.983854	0.978126	0.0329438	ok	0.00482859	0.00572806	0.983854	0.00558905	0	0	0	false	dominant=EAS proportion=0.984 margin=0.978 overlap=5728 residual=0.0329
GCST90202888	GCST90202888	East Asian	EAS	af_assigned	ukb-ancestry-mixture-hg38	8770	EAS	0.985469	0.974167	0.0325498	ok	0.00322913	0.0113019	0.985469	0	0	0	0	false	dominant=EAS proportion=0.985 margin=0.974 overlap=8770 residual=0.0325
GCST90202889	GCST90202889	East Asian	EAS	af_assigned	ukb-ancestry-mixture-hg38	5731	EAS	0.985321	0.980343	0.0329834	ok	0.00485284	0.004978	0.985321	0.00484841	0	0	0	false	dominant=EAS proportion=0.985 margin=0.980 overlap=5731 residual=0.0330
GCST90202890	GCST90202890	East Asian	EAS	af_assigned	ukb-ancestry-mixture-hg38	5700	EAS	0.978779	0.971167	0.0358704	ok	0.00616008	0.0076124	0.978779	0.00744836	0	0	0	false	dominant=EAS proportion=0.979 margin=0.971 overlap=5700 residual=0.0359
GCST90202891	GCST90202891	East Asian	EAS	af_assigned	ukb-ancestry-mixture-hg38	5782	EAS	0.983028	0.976706	0.0332172	ok	0.00519697	0.00632179	0.983028	0.00545305	0	0	0	false	dominant=EAS proportion=0.983 margin=0.977 overlap=5782 residual=0.0332
GCST90202892	GCST90202892	East Asian	EAS	af_assigned	ukb-ancestry-mixture-hg38	11788	EAS	0.964199	0.945852	0.032127	ok	0.00141855	0	0.964199	0.0183472	0	0	0.0160351	false	dominant=EAS proportion=0.964 margin=0.946 overlap=11788 residual=0.0321
GCST90202893	GCST90202893	East Asian	EAS	af_assigned	ukb-ancestry-mixture-hg38	5736	EAS	0.984156	0.978182	0.0329698	ok	0.0054047	0.00446485	0.984156	0.00597406	0	0	0	false	dominant=EAS proportion=0.984 margin=0.978 overlap=5736 residual=0.0330
GCST90202894	GCST90202894	East Asian	EAS	af_assigned	ukb-ancestry-mixture-hg38	5727	EAS	0.984431	0.978866	0.0329963	ok	0.00519881	0.00480425	0.984431	0.00556546	0	0	0	false	dominant=EAS proportion=0.984 margin=0.979 overlap=5727 residual=0.0330
GCST90202895	GCST90202895	East Asian	EAS	af_assigned	ukb-ancestry-mixture-hg38	5708	EAS	0.984336	0.978967	0.0328227	ok	0.00499056	0.00536948	0.984336	0.00530394	0	0	0	false	dominant=EAS proportion=0.984 margin=0.979 overlap=5708 residual=0.0328
GCST90202896	GCST90202896	East Asian	EAS	af_assigned	ukb-ancestry-mixture-hg38	5705	EAS	0.984322	0.978781	0.0328323	ok	0.00492018	0.00554078	0.984322	0.00521687	0	0	0	false	dominant=EAS proportion=0.984 margin=0.979 overlap=5705 residual=0.0328
GCST90202897	GCST90202897	East Asian	EAS	af_assigned	ukb-ancestry-mixture-hg38	7579	EAS	0.982657	0.974934	0.031566	ok	0.00704499	0.00257568	0.982657	0.00772279	0	0	0	false	dominant=EAS proportion=0.983 margin=0.975 overlap=7579 residual=0.0316
GCST90202898	GCST90202898	East Asian	EAS	af_assigned	ukb-ancestry-mixture-hg38	5562	EAS	0.982254	0.975707	0.0333746	ok	0.00589617	0.00530284	0.982254	0.0065468	0	0	0	false	dominant=EAS proportion=0.982 margin=0.976 overlap=5562 residual=0.0334
GCST90202899	GCST90202899	East Asian	EAS	af_assigned	ukb-ancestry-mixture-hg38	5602	EAS	0.979708	0.972705	0.0348114	ok	0.00700319	0.00655737	0.979708	0.00673167	0	0	0	false	dominant=EAS proportion=0.980 margin=0.973 overlap=5602 residual=0.0348
GCST90202900	GCST90202900	East Asian	EAS	af_assigned	ukb-ancestry-mixture-hg38	5736	EAS	0.985194	0.979832	0.0329981	ok	0.00486522	0.00536133	0.985194	0.00457967	0	0	0	false	dominant=EAS proportion=0.985 margin=0.980 overlap=5736 residual=0.0330
GCST90202901	GCST90202901	East Asian	EAS	af_assigned	ukb-ancestry-mixture-hg38	5730	EAS	0.983888	0.978022	0.0329597	ok	0.00511648	0.0058665	0.983888	0.00512895	0	0	0	false	dominant=EAS proportion=0.984 margin=0.978 overlap=5730 residual=0.0330
GCST90202902	GCST90202902	East Asian	EAS	af_assigned	ukb-ancestry-mixture-hg38	5722	EAS	0.983472	0.97769	0.0330191	ok	0.00507362	0.00578241	0.983472	0.00567189	0	0	0	false	dominant=EAS proportion=0.983 margin=0.978 overlap=5722 residual=0.0330
GCST90202903	GCST90202903	East Asian	EAS	af_assigned	ukb-ancestry-mixture-hg38	5767	EAS	0.984999	0.978474	0.0331833	ok	0.00502551	0.00345015	0.984999	0.00652504	0	0	0	false	dominant=EAS proportion=0.985 margin=0.978 overlap=5767 residual=0.0332
GCST90202904	GCST90202904	East Asian	EAS	af_assigned	ukb-ancestry-mixture-hg38	5578	EAS	0.979772	0.97161	0.0348733	ok	0.00789447	0.00417119	0.979772	0.00816206	0	0	0	false	dominant=EAS proportion=0.980 margin=0.972 overlap=5578 residual=0.0349
GCST90202905	GCST90202905	East Asian	EAS	af_assigned	ukb-ancestry-mixture-hg38	5725	EAS	0.984088	0.977425	0.0330245	ok	0.00478038	0.00666349	0.984088	0.00446805	0	0	0	false	dominant=EAS proportion=0.984 margin=0.977 overlap=5725 residual=0.0330
GCST90202906	GCST90202906	East Asian	EAS	af_assigned	ukb-ancestry-mixture-hg38	8891	EAS	0.988315	0.97663	0.0332126	ok	0	0	0.988315	0.0116849	0	0	0	false	dominant=EAS proportion=0.988 margin=0.977 overlap=8891 residual=0.0332
GCST90202907	GCST90202907	East Asian	EAS	af_assigned	ukb-ancestry-mixture-hg38	5750	EAS	0.984534	0.978693	0.0329671	ok	0.00500152	0.00584075	0.984534	0.0046238	0	0	0	false	dominant=EAS proportion=0.985 margin=0.979 overlap=5750 residual=0.0330
GCST90202908	GCST90202908	East Asian	EAS	af_assigned	ukb-ancestry-mixture-hg38	18253	EAS	0.964665	0.945814	0.0385766	ok	0.0157045	0.000780551	0.964665	0.0188502	0	0	0	false	dominant=EAS proportion=0.965 margin=0.946 overlap=18253 residual=0.0386
GCST90202909	GCST90202909	East Asian	EAS	af_assigned	ukb-ancestry-mixture-hg38	5550	EAS	0.976558	0.96656	0.0391063	ok	0.00568007	0.00776395	0.976558	0.00999799	0	0	0	false	dominant=EAS proportion=0.977 margin=0.967 overlap=5550 residual=0.0391
GCST90202910	GCST90202910	East Asian	EAS	af_assigned	ukb-ancestry-mixture-hg38	5707	EAS	0.984329	0.978788	0.0328079	ok	0.00491148	0.00554112	0.984329	0.00521854	0	0	0	false	dominant=EAS proportion=0.984 margin=0.979 overlap=5707 residual=0.0328
GCST90202911	GCST90202911	East Asian	EAS	af_assigned	ukb-ancestry-mixture-hg38	5793	EAS	0.980941	0.973858	0.034742	ok	0.00620267	0.00708346	0.980941	0.00577285	0	0	0	false	dominant=EAS proportion=0.981 margin=0.974 overlap=5793 residual=0.0347
GCST90202912	GCST90202912	East Asian	EAS	af_assigned	ukb-ancestry-mixture-hg38	5582	EAS	0.980451	0.972605	0.034838	ok	0.00784641	0.00401047	0.980451	0.00769191	0	0	0	false	dominant=EAS proportion=0.980 margin=0.973 overlap=5582 residual=0.0348
GCST90202913	GCST90202913	East Asian	EAS	af_assigned	ukb-ancestry-mixture-hg38	5733	EAS	0.985534	0.980604	0.0329637	ok	0.00487989	0.00465718	0.985534	0.00492924	0	0	0	false	dominant=EAS proportion=0.986 margin=0.981 overlap=5733 residual=0.0330
GCST90202914	GCST90202914	East Asian	EAS	af_assigned	ukb-ancestry-mixture-hg38	5718	EAS	0.982449	0.975594	0.033948	ok	0.00570163	0.00499393	0.982449	0.00685533	0	0	0	false	dominant=EAS proportion=0.982 margin=0.976 overlap=5718 residual=0.0339
GCST90202915	GCST90202915	East Asian	EAS	af_assigned	ukb-ancestry-mixture-hg38	5574	EAS	0.982736	0.976635	0.0335293	ok	0.00596272	0.00519915	0.982736	0.00610174	0	0	0	false	dominant=EAS proportion=0.983 margin=0.977 overlap=5574 residual=0.0335
GCST90202916	GCST90202916	East Asian	EAS	af_assigned	ukb-ancestry-mixture-hg38	7263	EAS	0.984174	0.969028	0.0321634	ok	0.000680861	0	0.984174	0.0151454	0	0	0	false	dominant=EAS proportion=0.984 margin=0.969 overlap=7263 residual=0.0322
GCST90202917	GCST90202917	East Asian	EAS	af_assigned	ukb-ancestry-mixture-hg38	5795	EAS	0.983177	0.976625	0.0333734	ok	0.00490769	0.00536319	0.983177	0.00655212	0	0	0	false	dominant=EAS proportion=0.983 margin=0.977 overlap=5795 residual=0.0334
GCST90202918	GCST90202918	East Asian	EAS	af_assigned	ukb-ancestry-mixture-hg38	10088	EAS	0.996089	0.992178	0.0328385	ok	0.00391093	0	0.996089	0	0	0	0	false	dominant=EAS proportion=0.996 margin=0.992 overlap=10088 residual=0.0328
GCST90202919	GCST90202919	East Asian	EAS	af_assigned	ukb-ancestry-mixture-hg38	7500	EAS	0.979011	0.962084	0.0358722	ok	0.00171417	0.00232984	0.979011	0	0	0.0169278	1.68148e-05	false	dominant=EAS proportion=0.979 margin=0.962 overlap=7500 residual=0.0359
GCST90202920	GCST90202920	East Asian	EAS	af_assigned	ukb-ancestry-mixture-hg38	5806	EAS	0.983707	0.976742	0.0334602	ok	0.00568571	0.00364297	0.983707	0.00696456	0	0	0	false	dominant=EAS proportion=0.984 margin=0.977 overlap=5806 residual=0.0335
GCST90202921	GCST90202921	East Asian	EAS	af_assigned	ukb-ancestry-mixture-hg38	5753	EAS	0.985248	0.97971	0.033151	ok	0.00504157	0.00553813	0.985248	0.00417183	0	0	0	false	dominant=EAS proportion=0.985 margin=0.980 overlap=5753 residual=0.0332
GCST90202922	GCST90202922	East Asian	EAS	af_assigned	ukb-ancestry-mixture-hg38	8371	EAS	0.978777	0.960263	0.0335431	ok	0.00270902	0	0.978777	0.018514	0	0	0	false	dominant=EAS proportion=0.979 margin=0.960 overlap=8371 residual=0.0335
GCST90202923	GCST90202923	East Asian	EAS	af_assigned	ukb-ancestry-mixture-hg38	8765	EAS	0.972119	0.949736	0.0335364	ok	0	0	0.972119	0.00549798	0.0223831	0	0	false	dominant=EAS proportion=0.972 margin=0.950 overlap=8765 residual=0.0335
GCST90202924	GCST90202924	East Asian	EAS	af_assigned	ukb-ancestry-mixture-hg38	5842	EAS	0.985704	0.978234	0.0387462	ok	0.00747006	0.00383786	0.985704	0.00298837	0	0	0	false	dominant=EAS proportion=0.986 margin=0.978 overlap=5842 residual=0.0387
GCST90202925	GCST90202925	East Asian	EAS	af_assigned	ukb-ancestry-mixture-hg38	8290	EAS	0.991108	0.982217	0.0351722	ok	0	0	0.991108	0.00889155	0	0	0	false	dominant=EAS proportion=0.991 margin=0.982 overlap=8290 residual=0.0352
GCST90202926	GCST90202926	East Asian	EAS	af_assigned	ukb-ancestry-mixture-hg38	9816	EAS	0.981452	0.972544	0.0346674	ok	0.00675063	0.00176134	0.981452	0.00890709	0.00112943	0	0	false	dominant=EAS proportion=0.981 margin=0.973 overlap=9816 residual=0.0347
GCST90202927	GCST90202927	East Asian	EAS	af_assigned	ukb-ancestry-mixture-hg38	5653	EAS	0.981786	0.973984	0.0353666	ok	0.00780206	0.00526239	0.981786	0.00514964	0	0	0	false	dominant=EAS proportion=0.982 margin=0.974 overlap=5653 residual=0.0354
GCST90202928	GCST90202928	East Asian	EAS	af_assigned	ukb-ancestry-mixture-hg38	5746	EAS	0.984982	0.979884	0.0329334	ok	0.00504972	0.00486976	0.984982	0.00509809	0	0	0	false	dominant=EAS proportion=0.985 margin=0.980 overlap=5746 residual=0.0329
GCST90202929	GCST90202929	East Asian	EAS	af_assigned	ukb-ancestry-mixture-hg38	11621	EAS	1	1	0.0352094	ok	0	0	1	0	0	0	0	false	dominant=EAS proportion=1.000 margin=1.000 overlap=11621 residual=0.0352
GCST90202930	GCST90202930	East Asian	EAS	af_assigned	ukb-ancestry-mixture-hg38	5507	EAS	0.98344	0.973256	0.0382538	ok	0.00474758	0	0.98344	0.0101845	0	0	0.00162758	false	dominant=EAS proportion=0.983 margin=0.973 overlap=5507 residual=0.0383
GCST90202931	GCST90202931	East Asian	EAS	af_assigned	ukb-ancestry-mixture-hg38	5691	EAS	0.982078	0.974029	0.0357565	ok	0.0053953	0.00447735	0.982078	0.00804899	0	0	0	false	dominant=EAS proportion=0.982 margin=0.974 overlap=5691 residual=0.0358
GCST90202932	GCST90202932	East Asian	EAS	af_assigned	ukb-ancestry-mixture-hg38	5750	EAS	0.984425	0.979156	0.0329643	ok	0.00508205	0.00526803	0.984425	0.0052254	0	0	0	false	dominant=EAS proportion=0.984 margin=0.979 overlap=5750 residual=0.0330
GCST90202933	GCST90202933	East Asian	EAS	af_assigned	ukb-ancestry-mixture-hg38	5753	EAS	0.983097	0.976681	0.0339694	ok	0.00641552	0.0040711	0.983097	0.00641643	0	0	0	false	dominant=EAS proportion=0.983 margin=0.977 overlap=5753 residual=0.0340
GCST90202934	GCST90202934	East Asian	EAS	af_assigned	ukb-ancestry-mixture-hg38	12377	EAS	0.964012	0.930808	0.0315374	ok	0.00171667	0.033204	0.964012	0.00106716	0	0	0	false	dominant=EAS proportion=0.964 margin=0.931 overlap=12377 residual=0.0315
GCST90202935	GCST90202935	East Asian	EAS	af_assigned	ukb-ancestry-mixture-hg38	5791	EAS	0.979786	0.970602	0.0363699	ok	0.00767222	0.00189851	0.979786	0.00918409	0	0	0.00145926	false	dominant=EAS proportion=0.980 margin=0.971 overlap=5791 residual=0.0364
GCST90202936	GCST90202936	East Asian	EAS	af_assigned	ukb-ancestry-mixture-hg38	5755	EAS	0.983724	0.97808	0.0331554	ok	0.00533634	0.00564334	0.983724	0.00529677	0	0	0	false	dominant=EAS proportion=0.984 margin=0.978 overlap=5755 residual=0.0332
GCST90202937	GCST90202937	East Asian	EAS	af_assigned	ukb-ancestry-mixture-hg38	5731	EAS	0.984308	0.978432	0.0329638	ok	0.00487195	0.00587663	0.984308	0.00494322	0	0	0	false	dominant=EAS proportion=0.984 margin=0.978 overlap=5731 residual=0.0330
GCST90202938	GCST90202938	East Asian	EAS	af_assigned	ukb-ancestry-mixture-hg38	5655	EAS	0.988035	0.980758	0.0356056	ok	0.00207004	0.00261669	0.988035	0.00727781	0	0	0	false	dominant=EAS proportion=0.988 margin=0.981 overlap=5655 residual=0.0356
GCST90202939	GCST90202939	East Asian	EAS	af_assigned	ukb-ancestry-mixture-hg38	5625	EAS	0.981881	0.973897	0.0351455	ok	0.0063671	0.00798372	0.981881	0.00376853	0	0	0	false	dominant=EAS proportion=0.982 margin=0.974 overlap=5625 residual=0.0351
GCST90202940	GCST90202940	East Asian	EAS	af_assigned	ukb-ancestry-mixture-hg38	7885	EAS	0.981344	0.969719	0.0436795	ok	0.0116246	0.000748279	0.981344	0.00628352	0	0	0	false	dominant=EAS proportion=0.981 margin=0.970 overlap=7885 residual=0.0437
GCST90202941	GCST90202941	East Asian	EAS	af_assigned	ukb-ancestry-mixture-hg38	5816	EAS	0.983943	0.978282	0.0335369	ok	0.00525627	0.00566081	0.983943	0.0051401	0	0	0	false	dominant=EAS proportion=0.984 margin=0.978 overlap=5816 residual=0.0335
GCST90202942	GCST90202942	East Asian	EAS	af_assigned	ukb-ancestry-mixture-hg38	8045	EAS	0.993575	0.990327	0.0352743	ok	0.00324731	0	0.993575	0.00317807	0	0	0	false	dominant=EAS proportion=0.994 margin=0.990 overlap=8045 residual=0.0353
GCST90202943	GCST90202943	East Asian	EAS	af_assigned	ukb-ancestry-mixture-hg38	5793	EAS	0.978892	0.971103	0.0360955	ok	0.00709251	0.00622616	0.978892	0.00778926	0	0	0	false	dominant=EAS proportion=0.979 margin=0.971 overlap=5793 residual=0.0361
GCST90202944	GCST90202944	East Asian	EAS	af_assigned	ukb-ancestry-mixture-hg38	5598	EAS	0.979114	0.967448	0.0425285	ok	0.00891066	0.000309125	0.979114	0.0116662	0	0	0	false	dominant=EAS proportion=0.979 margin=0.967 overlap=5598 residual=0.0425
GCST90202945	GCST90202945	East Asian	EAS	af_assigned	ukb-ancestry-mixture-hg38	5720	EAS	0.98463	0.978841	0.0330144	ok	0.0051549	0.00442652	0.98463	0.00578881	0	0	0	false	dominant=EAS proportion=0.985 margin=0.979 overlap=5720 residual=0.0330
GCST90202946	GCST90202946	East Asian	EAS	af_assigned	ukb-ancestry-mixture-hg38	5730	EAS	0.984405	0.978181	0.0329684	ok	0.00513868	0.0042326	0.984405	0.00622393	0	0	0	false	dominant=EAS proportion=0.984 margin=0.978 overlap=5730 residual=0.0330
GCST90202947	GCST90202947	East Asian	EAS	af_assigned	ukb-ancestry-mixture-hg38	9447	EAS	0.971828	0.958264	0.0314451	ok	0.011778	0	0.971828	0.0135641	0	0	0.00283015	false	dominant=EAS proportion=0.972 margin=0.958 overlap=9447 residual=0.0314
GCST90202948	GCST90202948	East Asian	EAS	af_assigned	ukb-ancestry-mixture-hg38	5819	EAS	0.978018	0.967622	0.0369669	ok	0.00568571	0.010396	0.978018	0.0059007	0	0	0	false	dominant=EAS proportion=0.978 margin=0.968 overlap=5819 residual=0.0370
GCST90202949	GCST90202949	East Asian	EAS	af_assigned	ukb-ancestry-mixture-hg38	5757	EAS	0.981835	0.973107	0.0349407	ok	0.00628324	0.00315272	0.981835	0.00872867	0	0	0	false	dominant=EAS proportion=0.982 margin=0.973 overlap=5757 residual=0.0349
GCST90202950	GCST90202950	East Asian	EAS	af_assigned	ukb-ancestry-mixture-hg38	5744	EAS	0.984766	0.97959	0.0331772	ok	0.00515847	0.00517562	0.984766	0.00489981	0	0	0	false	dominant=EAS proportion=0.985 margin=0.980 overlap=5744 residual=0.0332
GCST90202951	GCST90202951	East Asian	EAS	af_assigned	ukb-ancestry-mixture-hg38	5707	EAS	0.984446	0.979091	0.0328188	ok	0.00508213	0.00511758	0.984446	0.0053547	0	0	0	false	dominant=EAS proportion=0.984 margin=0.979 overlap=5707 residual=0.0328
GCST90202952	GCST90202952	East Asian	EAS	af_assigned	ukb-ancestry-mixture-hg38	8532	EAS	0.987366	0.979212	0.0286523	ok	0	0.00815384	0.987366	0.00448043	0	0	0	false	dominant=EAS proportion=0.987 margin=0.979 overlap=8532 residual=0.0287
GCST90202953	GCST90202953	East Asian	EAS	af_assigned	ukb-ancestry-mixture-hg38	7770	EAS	0.978626	0.96716	0.0348573	ok	0.011466	0	0.978626	0.00990842	0	0	0	false	dominant=EAS proportion=0.979 margin=0.967 overlap=7770 residual=0.0349
GCST90202954	GCST90202954	East Asian	EAS	af_assigned	ukb-ancestry-mixture-hg38	5711	EAS	0.984394	0.978804	0.0328044	ok	0.00503676	0.00497974	0.984394	0.00558983	0	0	0	false	dominant=EAS proportion=0.984 margin=0.979 overlap=5711 residual=0.0328
GCST90202955	GCST90202955	East Asian	EAS	af_assigned	ukb-ancestry-mixture-hg38	5792	EAS	0.983713	0.97595	0.036455	ok	0.00776264	0.00337985	0.983713	0.00514498	0	0	0	false	dominant=EAS proportion=0.984 margin=0.976 overlap=5792 residual=0.0365
GCST90202956	GCST90202956	East Asian	EAS	af_assigned	ukb-ancestry-mixture-hg38	5744	EAS	0.984325	0.978183	0.0329723	ok	0.00516767	0.00436633	0.984325	0.0061413	0	0	0	false	dominant=EAS proportion=0.984 margin=0.978 overlap=5744 residual=0.0330
GCST90202957	GCST90202957	East Asian	EAS	af_assigned	ukb-ancestry-mixture-hg38	7967	EAS	0.981434	0.966059	0.0333904	ok	0.00319145	0.0153749	0.981434	0	0	0	0	false	dominant=EAS proportion=0.981 margin=0.966 overlap=7967 residual=0.0334
GCST90202958	GCST90202958	East Asian	EAS	af_assigned	ukb-ancestry-mixture-hg38	5815	EAS	0.980235	0.97346	0.036064	ok	0.00639117	0.00677441	0.980235	0.0065997	0	0	0	false	dominant=EAS proportion=0.980 margin=0.973 overlap=5815 residual=0.0361
GCST90202959	GCST90202959	East Asian	EAS	af_assigned	ukb-ancestry-mixture-hg38	7776	EAS	0.979374	0.967631	0.0321925	ok	0.0117432	0.00423863	0.979374	0.00464431	0	0	0	false	dominant=EAS proportion=0.979 margin=0.968 overlap=7776 residual=0.0322
GCST90202960	GCST90202960	East Asian	EAS	af_assigned	ukb-ancestry-mixture-hg38	8468	EAS	0.974018	0.961159	0.0319976	ok	0.0123911	0	0.974018	0.0128584	0	0	0.00073297	false	dominant=EAS proportion=0.974 margin=0.961 overlap=8468 residual=0.0320
GCST90202961	GCST90202961	East Asian	EAS	af_assigned	ukb-ancestry-mixture-hg38	8301	EAS	0.977906	0.960231	0.0321342	ok	0.0044183	0	0.977906	0.0176754	0	0	0	false	dominant=EAS proportion=0.978 margin=0.960 overlap=8301 residual=0.0321
GCST90202962	GCST90202962	East Asian	EAS	af_assigned	ukb-ancestry-mixture-hg38	10964	EAS	0.983894	0.970376	0.0373265	ok	0.000218761	0.0135177	0.983894	0.0023696	0	0	0	false	dominant=EAS proportion=0.984 margin=0.970 overlap=10964 residual=0.0373
GCST90202963	GCST90202963	East Asian	EAS	af_assigned	ukb-ancestry-mixture-hg38	5526	EAS	0.984558	0.977254	0.0363187	ok	0.00125458	0.00730326	0.984558	0.00688456	0	0	0	false	dominant=EAS proportion=0.985 margin=0.977 overlap=5526 residual=0.0363
GCST90202964	GCST90202964	East Asian	EAS	af_assigned	ukb-ancestry-mixture-hg38	26060	EAS	0.961419	0.923352	0.0402481	ok	0	0	0.961419	0	0.000515128	0	0.0380663	false	dominant=EAS proportion=0.961 margin=0.923 overlap=26060 residual=0.0402
GCST90202965	GCST90202965	East Asian	EAS	af_assigned	ukb-ancestry-mixture-hg38	5783	EAS	0.981754	0.97464	0.0378548	ok	0.00711465	0.00631202	0.981754	0.0041464	0	0	0.000672484	false	dominant=EAS proportion=0.982 margin=0.975 overlap=5783 residual=0.0379
GCST90202966	GCST90202966	East Asian	EAS	af_assigned	ukb-ancestry-mixture-hg38	5628	EAS	0.983484	0.977225	0.0357075	ok	0.00625879	0.00535053	0.983484	0.00490658	0	0	0	false	dominant=EAS proportion=0.983 margin=0.977 overlap=5628 residual=0.0357
GCST90202967	GCST90202967	East Asian	EAS	af_assigned	ukb-ancestry-mixture-hg38	5661	EAS	0.983986	0.977856	0.0339963	ok	0.00613023	0.00451498	0.983986	0.00536874	0	0	0	false	dominant=EAS proportion=0.984 margin=0.978 overlap=5661 residual=0.0340
GCST90202968	GCST90202968	East Asian	EAS	af_assigned	ukb-ancestry-mixture-hg38	7310	EAS	0.970776	0.946341	0.038868	ok	0.00478968	0	0.970776	0	0	0	0.0244346	false	dominant=EAS proportion=0.971 margin=0.946 overlap=7310 residual=0.0389
GCST90202969	GCST90202969	East Asian	EAS	af_assigned	ukb-ancestry-mixture-hg38	5573	EAS	0.983389	0.976128	0.0334455	ok	0.00567801	0.00726069	0.983389	0.0036722	0	0	0	false	dominant=EAS proportion=0.983 margin=0.976 overlap=5573 residual=0.0334
GCST90202970	GCST90202970	East Asian	EAS	af_assigned	ukb-ancestry-mixture-hg38	5667	EAS	0.979044	0.969928	0.0357543	ok	0.00676163	0.00507795	0.979044	0.00911625	0	0	0	false	dominant=EAS proportion=0.979 margin=0.970 overlap=5667 residual=0.0358
GCST90202971	GCST90202971	East Asian	EAS	af_assigned	ukb-ancestry-mixture-hg38	5640	EAS	0.984413	0.978627	0.0338729	ok	0.00478274	0.00578585	0.984413	0.00501835	0	0	0	false	dominant=EAS proportion=0.984 margin=0.979 overlap=5640 residual=0.0339
GCST90202972	GCST90202972	East Asian	EAS	af_assigned	ukb-ancestry-mixture-hg38	5756	EAS	0.988256	0.982327	0.0345302	ok	0.00592897	0.00365434	0.988256	0.00216109	0	0	0	false	dominant=EAS proportion=0.988 margin=0.982 overlap=5756 residual=0.0345
GCST90202973	GCST90202973	East Asian	EAS	af_assigned	ukb-ancestry-mixture-hg38	7808	EAS	0.983601	0.975311	0.0310348	ok	0.00829008	0	0.983601	0.00120655	0	0.0069021	0	false	dominant=EAS proportion=0.984 margin=0.975 overlap=7808 residual=0.0310
GCST90202974	GCST90202974	East Asian	EAS	af_assigned	ukb-ancestry-mixture-hg38	5628	EAS	0.986482	0.979969	0.0339599	ok	0.00651343	0.00377236	0.986482	0.00323213	0	0	0	false	dominant=EAS proportion=0.986 margin=0.980 overlap=5628 residual=0.0340
GCST90202975	GCST90202975	East Asian	EAS	af_assigned	ukb-ancestry-mixture-hg38	5811	EAS	0.988914	0.983933	0.0337019	ok	0.00201552	0.00498092	0.988914	0.00408941	0	0	0	false	dominant=EAS proportion=0.989 margin=0.984 overlap=5811 residual=0.0337
GCST90202976	GCST90202976	East Asian	EAS	af_assigned	ukb-ancestry-mixture-hg38	5762	EAS	0.983719	0.977239	0.0332616	ok	0.00565738	0.00648023	0.983719	0.00414295	0	0	0	false	dominant=EAS proportion=0.984 margin=0.977 overlap=5762 residual=0.0333
GCST90202977	GCST90202977	East Asian	EAS	af_assigned	ukb-ancestry-mixture-hg38	5778	EAS	0.984292	0.978498	0.0330934	ok	0.00539517	0.00451922	0.984292	0.00579405	0	0	0	false	dominant=EAS proportion=0.984 margin=0.978 overlap=5778 residual=0.0331
GCST90202978	GCST90202978	East Asian	EAS	af_assigned	ukb-ancestry-mixture-hg38	5706	EAS	0.984434	0.978939	0.0328245	ok	0.00498855	0.00508244	0.984434	0.00549512	0	0	0	false	dominant=EAS proportion=0.984 margin=0.979 overlap=5706 residual=0.0328
GCST90202979	GCST90202979	East Asian	EAS	af_assigned	ukb-ancestry-mixture-hg38	5777	EAS	0.985038	0.979073	0.0331982	ok	0.00526012	0.00596475	0.985038	0.00373724	0	0	0	false	dominant=EAS proportion=0.985 margin=0.979 overlap=5777 residual=0.0332
GCST90202980	GCST90202980	East Asian	EAS	af_assigned	ukb-ancestry-mixture-hg38	5555	EAS	0.982809	0.974473	0.0347413	ok	0.00572875	0.00312692	0.982809	0.00833561	0	0	0	false	dominant=EAS proportion=0.983 margin=0.974 overlap=5555 residual=0.0347
GCST90202981	GCST90202981	East Asian	EAS	af_assigned	ukb-ancestry-mixture-hg38	5712	EAS	0.984521	0.979172	0.0329115	ok	0.00493558	0.00519406	0.984521	0.00534918	0	0	0	false	dominant=EAS proportion=0.985 margin=0.979 overlap=5712 residual=0.0329
GCST90202982	GCST90202982	East Asian	EAS	af_assigned	ukb-ancestry-mixture-hg38	5765	EAS	0.983096	0.976255	0.0346097	ok	0.00630074	0.00376298	0.983096	0.00684058	0	0	0	false	dominant=EAS proportion=0.983 margin=0.976 overlap=5765 residual=0.0346
GCST90202983	GCST90202983	East Asian	EAS	af_assigned	ukb-ancestry-mixture-hg38	10645	EAS	0.967728	0.950427	0.0354636	ok	0	0.0173013	0.967728	0.0149707	0	0	0	false	dominant=EAS proportion=0.968 margin=0.950 overlap=10645 residual=0.0355
GCST90202984	GCST90202984	East Asian	EAS	af_assigned	ukb-ancestry-mixture-hg38	7469	EAS	0.980136	0.969593	0.0336583	ok	0	0.0105436	0.980136	0.00932003	0	0	0	false	dominant=EAS proportion=0.980 margin=0.970 overlap=7469 residual=0.0337
GCST90202985	GCST90202985	East Asian	EAS	af_assigned	ukb-ancestry-mixture-hg38	5810	EAS	0.991671	0.986424	0.034785	ok	0.00164496	0.00524688	0.991671	0.00143746	0	0	0	false	dominant=EAS proportion=0.992 margin=0.986 overlap=5810 residual=0.0348
GCST90202986	GCST90202986	East Asian	EAS	af_assigned	ukb-ancestry-mixture-hg38	8842	EAS	0.979325	0.961865	0.0334654	ok	0	0	0.979325	0.0174597	0	0	0.00321528	false	dominant=EAS proportion=0.979 margin=0.962 overlap=8842 residual=0.0335
GCST90202987	GCST90202987	East Asian	EAS	af_assigned	ukb-ancestry-mixture-hg38	5711	EAS	0.98426	0.978587	0.0328461	ok	0.00505866	0.00567269	0.98426	0.00500871	0	0	0	false	dominant=EAS proportion=0.984 margin=0.979 overlap=5711 residual=0.0328
GCST90202988	GCST90202988	East Asian	EAS	af_assigned	ukb-ancestry-mixture-hg38	5750	EAS	0.984753	0.979199	0.0330046	ok	0.00507983	0.00555416	0.984753	0.00461268	0	0	0	false	dominant=EAS proportion=0.985 margin=0.979 overlap=5750 residual=0.0330
GCST90202989	GCST90202989	East Asian	EAS	af_assigned	ukb-ancestry-mixture-hg38	5552	EAS	0.985964	0.979251	0.0332614	ok	0.0067133	0.00197009	0.985964	0.00535277	0	0	0	false	dominant=EAS proportion=0.986 margin=0.979 overlap=5552 residual=0.0333
GCST90202990	GCST90202990	East Asian	EAS	af_assigned	ukb-ancestry-mixture-hg38	7735	EAS	0.962967	0.926997	0.0332866	ok	0.0010635	0.03597	0.962967	0	0	0	0	false	dominant=EAS proportion=0.963 margin=0.927 overlap=7735 residual=0.0333
GCST90202991	GCST90202991	East Asian	EAS	af_assigned	ukb-ancestry-mixture-hg38	11720	EAS	0.99054	0.982325	0.0315542	ok	0.00821521	0	0.99054	0	0	0	0.00124434	false	dominant=EAS proportion=0.991 margin=0.982 overlap=11720 residual=0.0316
GCST90202992	GCST90202992	East Asian	EAS	af_assigned	ukb-ancestry-mixture-hg38	8829	EAS	0.987975	0.97784	0.0306718	ok	0.0101346	0.00189072	0.987975	0	0	0	0	false	dominant=EAS proportion=0.988 margin=0.978 overlap=8829 residual=0.0307
GCST90202993	GCST90202993	East Asian	EAS	af_assigned	ukb-ancestry-mixture-hg38	5818	EAS	0.988902	0.983638	0.0349954	ok	0.00368471	0.00214827	0.988902	0.00526467	0	0	0	false	dominant=EAS proportion=0.989 margin=0.984 overlap=5818 residual=0.0350
GCST90202994	GCST90202994	East Asian	EAS	af_assigned	ukb-ancestry-mixture-hg38	7613	EAS	0.971705	0.95512	0.0329255	ok	0.00672882	0	0.971705	0.0165845	0	0	0.00498187	false	dominant=EAS proportion=0.972 margin=0.955 overlap=7613 residual=0.0329
GCST90202995	GCST90202995	East Asian	EAS	af_assigned	ukb-ancestry-mixture-hg38	5655	EAS	0.974973	0.962635	0.0372413	ok	0.00968945	0.00299967	0.974973	0.0123379	0	0	0	false	dominant=EAS proportion=0.975 margin=0.963 overlap=5655 residual=0.0372
GCST90202996	GCST90202996	East Asian	EAS	af_assigned	ukb-ancestry-mixture-hg38	5799	EAS	0.986092	0.980453	0.0335421	ok	0.00563873	0.00463219	0.986092	0.00363729	0	0	0	false	dominant=EAS proportion=0.986 margin=0.980 overlap=5799 residual=0.0335
GCST90202997	GCST90202997	East Asian	EAS	af_assigned	ukb-ancestry-mixture-hg38	10344	EAS	0.975187	0.957772	0.0320242	ok	0.00434775	0.017415	0.975187	0	0	0	0.0030504	false	dominant=EAS proportion=0.975 margin=0.958 overlap=10344 residual=0.0320
GCST90202998	GCST90202998	East Asian	EAS	af_assigned	ukb-ancestry-mixture-hg38	5563	EAS	0.986747	0.98142	0.0350493	ok	0.00311061	0.00481433	0.986747	0.00532761	0	0	0	false	dominant=EAS proportion=0.987 margin=0.981 overlap=5563 residual=0.0350
GCST90202999	GCST90202999	East Asian	EAS	af_assigned	ukb-ancestry-mixture-hg38	5723	EAS	0.98446	0.979112	0.0329972	ok	0.00488633	0.00534805	0.98446	0.00530569	0	0	0	false	dominant=EAS proportion=0.984 margin=0.979 overlap=5723 residual=0.0330
GCST90203000	GCST90203000	East Asian	EAS	af_assigned	ukb-ancestry-mixture-hg38	5683	EAS	0.98208	0.975419	0.035358	ok	0.00666086	0.00493876	0.98208	0.00632046	0	0	0	false	dominant=EAS proportion=0.982 margin=0.975 overlap=5683 residual=0.0354
GCST90203001	GCST90203001	East Asian	EAS	af_assigned	ukb-ancestry-mixture-hg38	5755	EAS	0.984187	0.978788	0.0331271	ok	0.00537714	0.00539912	0.984187	0.00503644	0	0	0	false	dominant=EAS proportion=0.984 margin=0.979 overlap=5755 residual=0.0331
GCST90203002	GCST90203002	East Asian	EAS	af_assigned	ukb-ancestry-mixture-hg38	5711	EAS	0.984478	0.979026	0.0328232	ok	0.00485899	0.00545162	0.984478	0.00521163	0	0	0	false	dominant=EAS proportion=0.984 margin=0.979 overlap=5711 residual=0.0328
GCST90203003	GCST90203003	East Asian	EAS	af_assigned	ukb-ancestry-mixture-hg38	5707	EAS	0.984639	0.979084	0.0328157	ok	0.00486208	0.00494392	0.984639	0.00555477	0	0	0	false	dominant=EAS proportion=0.985 margin=0.979 overlap=5707 residual=0.0328
GCST90203004	GCST90203004	East Asian	EAS	af_assigned	ukb-ancestry-mixture-hg38	5760	EAS	0.990187	0.985086	0.0333957	ok	0.00183108	0.00288046	0.990187	0.00510103	0	0	0	false	dominant=EAS proportion=0.990 margin=0.985 overlap=5760 residual=0.0334
GCST90203005	GCST90203005	East Asian	EAS	af_assigned	ukb-ancestry-mixture-hg38	7813	EAS	0.978594	0.960182	0.0327661	ok	0.00299305	0	0.978594	0.0184126	0	0	0	false	dominant=EAS proportion=0.979 margin=0.960 overlap=7813 residual=0.0328
GCST90203006	GCST90203006	East Asian	EAS	af_assigned	ukb-ancestry-mixture-hg38	8945	EAS	0.971016	0.955649	0.0347758	ok	0.0117102	0.0019079	0.971016	0.0153664	0	0	0	false	dominant=EAS proportion=0.971 margin=0.956 overlap=8945 residual=0.0348
GCST90203007	GCST90203007	East Asian	EAS	af_assigned	ukb-ancestry-mixture-hg38	5733	EAS	0.984303	0.978715	0.0330216	ok	0.00487188	0.00558774	0.984303	0.00523756	0	0	0	false	dominant=EAS proportion=0.984 margin=0.979 overlap=5733 residual=0.0330
GCST90203008	GCST90203008	East Asian	EAS	af_assigned	ukb-ancestry-mixture-hg38	5778	EAS	0.985056	0.979722	0.0332696	ok	0.00526736	0.00434312	0.985056	0.00533365	0	0	0	false	dominant=EAS proportion=0.985 margin=0.980 overlap=5778 residual=0.0333
GCST90203009	GCST90203009	East Asian	EAS	af_assigned	ukb-ancestry-mixture-hg38	5725	EAS	0.984238	0.97882	0.032966	ok	0.00537073	0.00541753	0.984238	0.0049742	0	0	0	false	dominant=EAS proportion=0.984 margin=0.979 overlap=5725 residual=0.0330
GCST90203010	GCST90203010	East Asian	EAS	af_assigned	ukb-ancestry-mixture-hg38	5788	EAS	0.989327	0.983733	0.0334802	ok	0.00151302	0.00559447	0.989327	0.00356526	0	0	0	false	dominant=EAS proportion=0.989 margin=0.984 overlap=5788 residual=0.0335
GCST90203011	GCST90203011	East Asian	EAS	af_assigned	ukb-ancestry-mixture-hg38	11317	EAS	0.991623	0.986278	0.0304218	ok	0.00303245	0	0.991623	0.00534467	0	0	0	false	dominant=EAS proportion=0.992 margin=0.986 overlap=11317 residual=0.0304
GCST90203012	GCST90203012	East Asian	EAS	af_assigned	ukb-ancestry-mixture-hg38	10085	EAS	0.982189	0.964379	0.036546	ok	0	0	0.982189	0.0178107	0	0	0	false	dominant=EAS proportion=0.982 margin=0.964 overlap=10085 residual=0.0365
GCST90203013	GCST90203013	East Asian	EAS	af_assigned	ukb-ancestry-mixture-hg38	5728	EAS	0.984	0.977768	0.0329566	ok	0.00443185	0.00623186	0.984	0.00533633	0	0	0	false	dominant=EAS proportion=0.984 margin=0.978 overlap=5728 residual=0.0330
GCST90203014	GCST90203014	East Asian	EAS	af_assigned	ukb-ancestry-mixture-hg38	5762	EAS	0.976656	0.967286	0.0406456	ok	0.00887582	0.00509852	0.976656	0.0093699	0	0	0	false	dominant=EAS proportion=0.977 margin=0.967 overlap=5762 residual=0.0406
GCST90203015	GCST90203015	East Asian	EAS	af_assigned	ukb-ancestry-mixture-hg38	5731	EAS	0.984369	0.978479	0.0329443	ok	0.0049151	0.00588999	0.984369	0.00482578	0	0	0	false	dominant=EAS proportion=0.984 margin=0.978 overlap=5731 residual=0.0329
GCST90203016	GCST90203016	East Asian	EAS	af_assigned	ukb-ancestry-mixture-hg38	5757	EAS	0.984399	0.978487	0.0331528	ok	0.00556022	0.0059122	0.984399	0.00412866	0	0	0	false	dominant=EAS proportion=0.984 margin=0.978 overlap=5757 residual=0.0332
GCST90203017	GCST90203017	East Asian	EAS	af_assigned	ukb-ancestry-mixture-hg38	5781	EAS	0.98059	0.973136	0.0343992	ok	0.00688714	0.00506879	0.98059	0.00745428	0	0	0	false	dominant=EAS proportion=0.981 margin=0.973 overlap=5781 residual=0.0344
GCST90203018	GCST90203018	East Asian	EAS	af_assigned	ukb-ancestry-mixture-hg38	9110	EAS	0.982403	0.969839	0.0356422	ok	0.0125636	0	0.982403	0.00503341	0	0	0	false	dominant=EAS proportion=0.982 margin=0.970 overlap=9110 residual=0.0356
GCST90203019	GCST90203019	East Asian	EAS	af_assigned	ukb-ancestry-mixture-hg38	5740	EAS	0.984241	0.978509	0.0329865	ok	0.00508463	0.00573164	0.984241	0.00494266	0	0	0	false	dominant=EAS proportion=0.984 margin=0.979 overlap=5740 residual=0.0330
GCST90203020	GCST90203020	East Asian	EAS	af_assigned	ukb-ancestry-mixture-hg38	5539	EAS	0.978463	0.966386	0.0416237	ok	0.00829345	0.00111233	0.978463	0.0120775	0	0	5.33961e-05	false	dominant=EAS proportion=0.978 margin=0.966 overlap=5539 residual=0.0416
GCST90203021	GCST90203021	East Asian	EAS	af_assigned	ukb-ancestry-mixture-hg38	5809	EAS	0.980297	0.971694	0.0349966	ok	0.00527053	0.00583012	0.980297	0.00860274	0	0	0	false	dominant=EAS proportion=0.980 margin=0.972 overlap=5809 residual=0.0350
GCST90203022	GCST90203022	East Asian	EAS	af_assigned	ukb-ancestry-mixture-hg38	5797	EAS	0.980926	0.971382	0.0406009	ok	0.00346554	0.00954412	0.980926	0.00606416	0	0	0	false	dominant=EAS proportion=0.981 margin=0.971 overlap=5797 residual=0.0406
GCST90203023	GCST90203023	East Asian	EAS	af_assigned	ukb-ancestry-mixture-hg38	5774	EAS	0.984413	0.978443	0.0332358	ok	0.00516325	0.00445302	0.984413	0.00597025	0	0	0	false	dominant=EAS proportion=0.984 margin=0.978 overlap=5774 residual=0.0332
GCST90203024	GCST90203024	East Asian	EAS	af_assigned	ukb-ancestry-mixture-hg38	5747	EAS	0.988328	0.981561	0.0347653	ok	0.00175042	0.00676714	0.988328	0.00315468	0	0	0	false	dominant=EAS proportion=0.988 margin=0.982 overlap=5747 residual=0.0348
GCST90203025	GCST90203025	East Asian	EAS	af_assigned	ukb-ancestry-mixture-hg38	7582	EAS	0.974851	0.956574	0.0368344	ok	0	0.0182774	0.974851	0.0068712	0	0	0	false	dominant=EAS proportion=0.975 margin=0.957 overlap=7582 residual=0.0368
GCST90203026	GCST90203026	East Asian	EAS	af_assigned	ukb-ancestry-mixture-hg38	5709	EAS	0.984707	0.979542	0.0328194	ok	0.00497564	0.00516478	0.984707	0.00515257	0	0	0	false	dominant=EAS proportion=0.985 margin=0.980 overlap=5709 residual=0.0328
GCST90203027	GCST90203027	East Asian	EAS	af_assigned	ukb-ancestry-mixture-hg38	5627	EAS	0.979191	0.971389	0.0353174	ok	0.00678854	0.0062179	0.979191	0.00780224	0	0	0	false	dominant=EAS proportion=0.979 margin=0.971 overlap=5627 residual=0.0353
GCST90203028	GCST90203028	East Asian	EAS	af_assigned	ukb-ancestry-mixture-hg38	8969	EAS	0.990126	0.982089	0.0319549	ok	0.00803664	0.00183724	0.990126	0	0	0	0	false	dominant=EAS proportion=0.990 margin=0.982 overlap=8969 residual=0.0320
GCST90203029	GCST90203029	East Asian	EAS	af_assigned	ukb-ancestry-mixture-hg38	5581	EAS	0.983448	0.976032	0.0333354	ok	0.00741536	0.0033696	0.983448	0.00576724	0	0	0	false	dominant=EAS proportion=0.983 margin=0.976 overlap=5581 residual=0.0333
GCST90203030	GCST90203030	East Asian	EAS	af_assigned	ukb-ancestry-mixture-hg38	5717	EAS	0.984382	0.978618	0.0328262	ok	0.00498748	0.00576365	0.984382	0.00486706	0	0	0	false	dominant=EAS proportion=0.984 margin=0.979 overlap=5717 residual=0.0328
GCST90203031	GCST90203031	East Asian	EAS	af_assigned	ukb-ancestry-mixture-hg38	5709	EAS	0.984455	0.979175	0.0328377	ok	0.00503965	0.00522639	0.984455	0.00527923	0	0	0	false	dominant=EAS proportion=0.984 margin=0.979 overlap=5709 residual=0.0328
GCST90203032	GCST90203032	East Asian	EAS	af_assigned	ukb-ancestry-mixture-hg38	5704	EAS	0.984529	0.979137	0.0328287	ok	0.00503238	0.00504682	0.984529	0.00539207	0	0	0	false	dominant=EAS proportion=0.985 margin=0.979 overlap=5704 residual=0.0328
GCST90203033	GCST90203033	East Asian	EAS	af_assigned	ukb-ancestry-mixture-hg38	5780	EAS	0.986109	0.979316	0.0380035	ok	0.00679296	0.00191232	0.986109	0.00439162	0	0	0.00079437	false	dominant=EAS proportion=0.986 margin=0.979 overlap=5780 residual=0.0380
GCST90203034	GCST90203034	East Asian	EAS	af_assigned	ukb-ancestry-mixture-hg38	8246	EAS	0.986731	0.973462	0.0322907	ok	0	0	0.986731	0	0	0.0132688	0	false	dominant=EAS proportion=0.987 margin=0.973 overlap=8246 residual=0.0323
GCST90203035	GCST90203035	East Asian	EAS	af_assigned	ukb-ancestry-mixture-hg38	8694	EAS	0.982108	0.972861	0.0323041	ok	0.00924696	0	0.982108	0.00864479	0	0	0	false	dominant=EAS proportion=0.982 margin=0.973 overlap=8694 residual=0.0323
GCST90203036	GCST90203036	East Asian	EAS	af_assigned	ukb-ancestry-mixture-hg38	11810	EAS	0.96448	0.945469	0.0400127	ok	0	0.0190109	0.96448	0.0165089	0	0	0	false	dominant=EAS proportion=0.964 margin=0.945 overlap=11810 residual=0.0400
GCST90203037	GCST90203037	East Asian	EAS	af_assigned	ukb-ancestry-mixture-hg38	5753	EAS	0.98374	0.977206	0.0331699	ok	0.00518643	0.00653364	0.98374	0.00453982	0	0	0	false	dominant=EAS proportion=0.984 margin=0.977 overlap=5753 residual=0.0332
GCST90203038	GCST90203038	East Asian	EAS	af_assigned	ukb-ancestry-mixture-hg38	8142	EAS	0.979696	0.966453	0.0327301	ok	0.0070602	0.0132435	0.979696	0	0	0	0	false	dominant=EAS proportion=0.980 margin=0.966 overlap=8142 residual=0.0327
GCST90203039	GCST90203039	East Asian	EAS	af_assigned	ukb-ancestry-mixture-hg38	11372	EAS	0.99144	0.983594	0.0327387	ok	0.00784583	0	0.99144	0.000714571	0	0	0	false	dominant=EAS proportion=0.991 margin=0.984 overlap=11372 residual=0.0327
GCST90203040	GCST90203040	East Asian	EAS	af_assigned	ukb-ancestry-mixture-hg38	5599	EAS	0.984411	0.978173	0.0334547	ok	0.00527059	0.00623784	0.984411	0.00408026	0	0	0	false	dominant=EAS proportion=0.984 margin=0.978 overlap=5599 residual=0.0335
GCST90203041	GCST90203041	East Asian	EAS	af_assigned	ukb-ancestry-mixture-hg38	5771	EAS	0.981477	0.97374	0.0344804	ok	0.00612449	0.00466233	0.981477	0.00773641	0	0	0	false	dominant=EAS proportion=0.981 margin=0.974 overlap=5771 residual=0.0345
GCST90203042	GCST90203042	East Asian	EAS	af_assigned	ukb-ancestry-mixture-hg38	5628	EAS	0.980608	0.972643	0.0350729	ok	0.00742605	0.00400175	0.980608	0.00796437	0	0	0	false	dominant=EAS proportion=0.981 margin=0.973 overlap=5628 residual=0.0351
GCST90203043	GCST90203043	East Asian	EAS	af_assigned	ukb-ancestry-mixture-hg38	7646	EAS	0.975049	0.963109	0.0319541	ok	0.011328	0	0.975049	0.00168196	0	0	0.0119406	false	dominant=EAS proportion=0.975 margin=0.963 overlap=7646 residual=0.0320
GCST90203044	GCST90203044	East Asian	EAS	af_assigned	ukb-ancestry-mixture-hg38	5810	EAS	0.986226	0.979382	0.0334753	ok	0.00399267	0.00684427	0.986226	0.00293722	0	0	0	false	dominant=EAS proportion=0.986 margin=0.979 overlap=5810 residual=0.0335
GCST90203045	GCST90203045	East Asian	EAS	af_assigned	ukb-ancestry-mixture-hg38	5765	EAS	0.983624	0.977199	0.033259	ok	0.00476674	0.00518472	0.983624	0.00642459	0	0	0	false	dominant=EAS proportion=0.984 margin=0.977 overlap=5765 residual=0.0333
GCST90203046	GCST90203046	East Asian	EAS	af_assigned	ukb-ancestry-mixture-hg38	8085	EAS	0.969814	0.948253	0.0337155	ok	0	0.0215608	0.969814	0	0	0	0.00862536	false	dominant=EAS proportion=0.970 margin=0.948 overlap=8085 residual=0.0337
GCST90203047	GCST90203047	East Asian	EAS	af_assigned	ukb-ancestry-mixture-hg38	5750	EAS	0.984228	0.978947	0.0330461	ok	0.00528069	0.00525847	0.984228	0.00523307	0	0	0	false	dominant=EAS proportion=0.984 margin=0.979 overlap=5750 residual=0.0330
GCST90203048	GCST90203048	East Asian	EAS	af_assigned	ukb-ancestry-mixture-hg38	8176	EAS	0.976476	0.957293	0.0338682	ok	0.00434078	0.0191829	0.976476	0	0	0	0	false	dominant=EAS proportion=0.976 margin=0.957 overlap=8176 residual=0.0339
GCST90203049	GCST90203049	East Asian	EAS	af_assigned	ukb-ancestry-mixture-hg38	5746	EAS	0.984147	0.978597	0.0331157	ok	0.00490021	0.00540377	0.984147	0.00554927	0	0	0	false	dominant=EAS proportion=0.984 margin=0.979 overlap=5746 residual=0.0331
GCST90203050	GCST90203050	East Asian	EAS	af_assigned	ukb-ancestry-mixture-hg38	5704	EAS	0.984496	0.979014	0.0328249	ok	0.00482177	0.00519956	0.984496	0.00548232	0	0	0	false	dominant=EAS proportion=0.984 margin=0.979 overlap=5704 residual=0.0328
GCST90203051	GCST90203051	East Asian	EAS	af_assigned	ukb-ancestry-mixture-hg38	5574	EAS	0.984449	0.978265	0.0336019	ok	0.00556676	0.0038012	0.984449	0.0061834	0	0	0	false	dominant=EAS proportion=0.984 margin=0.978 overlap=5574 residual=0.0336
GCST90203052	GCST90203052	East Asian	EAS	af_assigned	ukb-ancestry-mixture-hg38	5563	EAS	0.98285	0.975283	0.0333767	ok	0.00594641	0.00756683	0.98285	0.00363671	0	0	0	false	dominant=EAS proportion=0.983 margin=0.975 overlap=5563 residual=0.0334
GCST90203053	GCST90203053	East Asian	EAS	af_assigned	ukb-ancestry-mixture-hg38	8400	EAS	0.978022	0.96507	0.0313527	ok	0.00902672	0	0.978022	0	0	0	0.0129515	false	dominant=EAS proportion=0.978 margin=0.965 overlap=8400 residual=0.0314
GCST90203054	GCST90203054	East Asian	EAS	af_assigned	ukb-ancestry-mixture-hg38	5674	EAS	0.978253	0.970367	0.0377345	ok	0.00745409	0.00640612	0.978253	0.00788656	0	0	0	false	dominant=EAS proportion=0.978 margin=0.970 overlap=5674 residual=0.0377
GCST90203055	GCST90203055	East Asian	EAS	af_assigned	ukb-ancestry-mixture-hg38	5624	EAS	0.985134	0.978549	0.0355387	ok	0.00658571	0.00405316	0.985134	0.00422669	0	0	0	false	dominant=EAS proportion=0.985 margin=0.979 overlap=5624 residual=0.0355
GCST90203056	GCST90203056	East Asian	EAS	af_assigned	ukb-ancestry-mixture-hg38	7870	EAS	0.980803	0.966892	0.0401847	ok	0.0139106	0.00412917	0.980803	0.00115745	0	0	0	false	dominant=EAS proportion=0.981 margin=0.967 overlap=7870 residual=0.0402
GCST90203057	GCST90203057	East Asian	EAS	af_assigned	ukb-ancestry-mixture-hg38	8160	EAS	0.973181	0.946362	0.0353896	ok	0	0	0.973181	0	0	0	0.0268188	false	dominant=EAS proportion=0.973 margin=0.946 overlap=8160 residual=0.0354
GCST90203058	GCST90203058	East Asian	EAS	af_assigned	ukb-ancestry-mixture-hg38	8338	EAS	0.97882	0.964968	0.0344941	ok	0.0138524	0	0.97882	0.00732752	0	0	0	false	dominant=EAS proportion=0.979 margin=0.965 overlap=8338 residual=0.0345
GCST90203059	GCST90203059	East Asian	EAS	af_assigned	ukb-ancestry-mixture-hg38	5703	EAS	0.984431	0.979128	0.0328255	ok	0.00505156	0.00530269	0.984431	0.00521506	0	0	0	false	dominant=EAS proportion=0.984 margin=0.979 overlap=5703 residual=0.0328
GCST90203060	GCST90203060	East Asian	EAS	af_assigned	ukb-ancestry-mixture-hg38	5667	EAS	0.976419	0.964285	0.0394468	ok	0.00836813	0.00307916	0.976419	0.0121338	0	0	0	false	dominant=EAS proportion=0.976 margin=0.964 overlap=5667 residual=0.0394
GCST90203061	GCST90203061	East Asian	EAS	af_assigned	ukb-ancestry-mixture-hg38	25007	EAS	0.987216	0.976096	0.0431238	ok	0.0111209	0	0.987216	0	0	0	0.00166256	false	dominant=EAS proportion=0.987 margin=0.976 overlap=25007 residual=0.0431
GCST90203062	GCST90203062	East Asian	EAS	af_assigned	ukb-ancestry-mixture-hg38	5640	EAS	0.983498	0.976829	0.0339875	ok	0.00624088	0.00359279	0.983498	0.00666866	0	0	0	false	dominant=EAS proportion=0.983 margin=0.977 overlap=5640 residual=0.0340
GCST90203063	GCST90203063	East Asian	EAS	af_assigned	ukb-ancestry-mixture-hg38	5772	EAS	0.983356	0.976479	0.0332526	ok	0.00546541	0.00430234	0.983356	0.0068765	0	0	0	false	dominant=EAS proportion=0.983 margin=0.976 overlap=5772 residual=0.0333
GCST90203064	GCST90203064	East Asian	EAS	af_assigned	ukb-ancestry-mixture-hg38	5740	EAS	0.984875	0.979295	0.0330633	ok	0.00505645	0.00448922	0.984875	0.00557947	0	0	0	false	dominant=EAS proportion=0.985 margin=0.979 overlap=5740 residual=0.0331
GCST90203065	GCST90203065	East Asian	EAS	af_assigned	ukb-ancestry-mixture-hg38	5873	EAS	0.991593	0.984127	0.0415541	ok	0.00746574	0	0.991593	0.00094139	0	0	0	false	dominant=EAS proportion=0.992 margin=0.984 overlap=5873 residual=0.0416
GCST90203066	GCST90203066	East Asian	EAS	af_assigned	ukb-ancestry-mixture-hg38	5752	EAS	0.984712	0.979061	0.0330315	ok	0.00495533	0.00565087	0.984712	0.00468179	0	0	0	false	dominant=EAS proportion=0.985 margin=0.979 overlap=5752 residual=0.0330
GCST90203067	GCST90203067	East Asian	EAS	af_assigned	ukb-ancestry-mixture-hg38	5721	EAS	0.984531	0.978471	0.0328044	ok	0.00480253	0.0060601	0.984531	0.00460635	0	0	0	false	dominant=EAS proportion=0.985 margin=0.978 overlap=5721 residual=0.0328
GCST90203068	GCST90203068	East Asian	EAS	af_assigned	ukb-ancestry-mixture-hg38	5665	EAS	0.980064	0.971718	0.0358814	ok	0.00675338	0.00483716	0.980064	0.00834577	0	0	0	false	dominant=EAS proportion=0.980 margin=0.972 overlap=5665 residual=0.0359
GCST90203069	GCST90203069	East Asian	EAS	af_assigned	ukb-ancestry-mixture-hg38	7333	EAS	1	1	0.0438736	ok	0	0	1	0	0	0	0	false	dominant=EAS proportion=1.000 margin=1.000 overlap=7333 residual=0.0439
GCST90203070	GCST90203070	East Asian	EAS	af_assigned	ukb-ancestry-mixture-hg38	5601	EAS	0.976716	0.964989	0.0421828	ok	0.00989034	0.00166744	0.976716	0.0117265	0	0	0	false	dominant=EAS proportion=0.977 margin=0.965 overlap=5601 residual=0.0422
GCST90203071	GCST90203071	East Asian	EAS	af_assigned	ukb-ancestry-mixture-hg38	5771	EAS	0.98377	0.978167	0.0331141	ok	0.00531454	0.00560274	0.98377	0.0053128	0	0	0	false	dominant=EAS proportion=0.984 margin=0.978 overlap=5771 residual=0.0331
GCST90203072	GCST90203072	East Asian	EAS	af_assigned	ukb-ancestry-mixture-hg38	5739	EAS	0.983982	0.978427	0.0330279	ok	0.00518203	0.00528164	0.983982	0.00555444	0	0	0	false	dominant=EAS proportion=0.984 margin=0.978 overlap=5739 residual=0.0330
GCST90203073	GCST90203073	East Asian	EAS	af_assigned	ukb-ancestry-mixture-hg38	5616	EAS	0.982131	0.975738	0.0337827	ok	0.00529106	0.00639215	0.982131	0.00618621	0	0	0	false	dominant=EAS proportion=0.982 margin=0.976 overlap=5616 residual=0.0338
GCST90203074	GCST90203074	East Asian	EAS	af_assigned	ukb-ancestry-mixture-hg38	5590	EAS	0.98373	0.976253	0.0337349	ok	0.00520353	0.00358919	0.98373	0.00747693	0	0	0	false	dominant=EAS proportion=0.984 margin=0.976 overlap=5590 residual=0.0337
GCST90203075	GCST90203075	East Asian	EAS	af_assigned	ukb-ancestry-mixture-hg38	5710	EAS	0.984324	0.978782	0.0328277	ok	0.00503743	0.00554256	0.984324	0.00509588	0	0	0	false	dominant=EAS proportion=0.984 margin=0.979 overlap=5710 residual=0.0328
GCST90203076	GCST90203076	East Asian	EAS	af_assigned	ukb-ancestry-mixture-hg38	5718	EAS	0.984311	0.978504	0.033012	ok	0.00494888	0.00493407	0.984311	0.00580653	0	0	0	false	dominant=EAS proportion=0.984 margin=0.979 overlap=5718 residual=0.0330
GCST90203077	GCST90203077	East Asian	EAS	af_assigned	ukb-ancestry-mixture-hg38	5792	EAS	0.983132	0.976609	0.0334132	ok	0.00578663	0.00455949	0.983132	0.00652234	0	0	0	false	dominant=EAS proportion=0.983 margin=0.977 overlap=5792 residual=0.0334
GCST90203078	GCST90203078	East Asian	EAS	af_assigned	ukb-ancestry-mixture-hg38	5768	EAS	0.985389	0.978955	0.0332908	ok	0.00474163	0.0064334	0.985389	0.00343628	0	0	0	false	dominant=EAS proportion=0.985 margin=0.979 overlap=5768 residual=0.0333
GCST90203079	GCST90203079	East Asian	EAS	af_assigned	ukb-ancestry-mixture-hg38	9060	EAS	0.986933	0.980153	0.0324393	ok	0.00159901	0.00198077	0.986933	0.00270658	0	0	0.00678052	false	dominant=EAS proportion=0.987 margin=0.980 overlap=9060 residual=0.0324
GCST90203080	GCST90203080	East Asian	EAS	af_assigned	ukb-ancestry-mixture-hg38	5707	EAS	0.984519	0.979285	0.0328302	ok	0.00507822	0.00523429	0.984519	0.00516807	0	0	0	false	dominant=EAS proportion=0.985 margin=0.979 overlap=5707 residual=0.0328
GCST90203081	GCST90203081	East Asian	EAS	af_assigned	ukb-ancestry-mixture-hg38	13442	EAS	0.985136	0.970397	0.0319195	ok	0.000125388	0	0.985136	0.0147388	0	0	0	false	dominant=EAS proportion=0.985 margin=0.970 overlap=13442 residual=0.0319
GCST90203082	GCST90203082	East Asian	EAS	af_assigned	ukb-ancestry-mixture-hg38	5711	EAS	0.982036	0.974713	0.0340804	ok	0.00597872	0.00466118	0.982036	0.00732364	0	0	0	false	dominant=EAS proportion=0.982 margin=0.975 overlap=5711 residual=0.0341
GCST90203083	GCST90203083	East Asian	EAS	af_assigned	ukb-ancestry-mixture-hg38	5731	EAS	0.983905	0.978319	0.0328416	ok	0.00509547	0.00541418	0.983905	0.00558584	0	0	0	false	dominant=EAS proportion=0.984 margin=0.978 overlap=5731 residual=0.0328
GCST90203084	GCST90203084	East Asian	EAS	af_assigned	ukb-ancestry-mixture-hg38	5741	EAS	0.983454	0.976724	0.0330048	ok	0.00496971	0.00673011	0.983454	0.00484583	0	0	0	false	dominant=EAS proportion=0.983 margin=0.977 overlap=5741 residual=0.0330
GCST90203085	GCST90203085	East Asian	EAS	af_assigned	ukb-ancestry-mixture-hg38	10173	EAS	0.980056	0.962239	0.0356896	ok	0.00212673	0	0.980056	0	0	0	0.0178174	false	dominant=EAS proportion=0.980 margin=0.962 overlap=10173 residual=0.0357
GCST90203086	GCST90203086	East Asian	EAS	af_assigned	ukb-ancestry-mixture-hg38	5736	EAS	0.983325	0.977606	0.033007	ok	0.00538481	0.00557069	0.983325	0.00571913	0	0	0	false	dominant=EAS proportion=0.983 margin=0.978 overlap=5736 residual=0.0330
GCST90203087	GCST90203087	East Asian	EAS	af_assigned	ukb-ancestry-mixture-hg38	7935	EAS	0.997991	0.995982	0.0320837	ok	0.00200923	0	0.997991	0	0	0	0	false	dominant=EAS proportion=0.998 margin=0.996 overlap=7935 residual=0.0321
GCST90203088	GCST90203088	East Asian	EAS	af_assigned	ukb-ancestry-mixture-hg38	11334	EAS	0.977741	0.955482	0.0317802	ok	0	0	0.977741	0.0222591	0	0	0	false	dominant=EAS proportion=0.978 margin=0.955 overlap=11334 residual=0.0318
GCST90203089	GCST90203089	East Asian	EAS	af_assigned	ukb-ancestry-mixture-hg38	5749	EAS	0.985243	0.979561	0.0329845	ok	0.00475939	0.00568177	0.985243	0.00431631	0	0	0	false	dominant=EAS proportion=0.985 margin=0.980 overlap=5749 residual=0.0330
GCST90203090	GCST90203090	East Asian	EAS	af_assigned	ukb-ancestry-mixture-hg38	5757	EAS	0.98523	0.978828	0.0330006	ok	0.00437321	0.00640161	0.98523	0.00399539	0	0	0	false	dominant=EAS proportion=0.985 margin=0.979 overlap=5757 residual=0.0330
GCST90203091	GCST90203091	East Asian	EAS	af_assigned	ukb-ancestry-mixture-hg38	5699	EAS	0.981316	0.972755	0.0340554	ok	0.00708403	0.00303949	0.981316	0.00856069	0	0	0	false	dominant=EAS proportion=0.981 margin=0.973 overlap=5699 residual=0.0341
GCST90203092	GCST90203092	East Asian	EAS	af_assigned	ukb-ancestry-mixture-hg38	7064	EAS	0.967495	0.938487	0.0383465	ok	0	0.0034966	0.967495	0.029008	0	0	0	false	dominant=EAS proportion=0.967 margin=0.938 overlap=7064 residual=0.0383
