analysis_id	status	error	attempt	retry_count	source_url	downloaded_bytes	input_rows	retained_rows	retained_fraction	cis_rows	significant_trans_regions	significant_trans_rows	suggestive_leads	qc_panel_rows	output_file	output_bytes	checksum_algorithm	checksum	download_seconds	filter_seconds	total_seconds
GCST90202055	ok	""	1	0	http://ftp.ebi.ac.uk/pub/databases/gwas/summary_statistics/GCST90202001-GCST90203000/GCST90202055/harmonised/GCST90202055.h.tsv.gz	87523336	4210984	5791	0.001375	0	0	0	20	5771	/data/opengwasdb/metabolome-plasma-2023/releases/2023-chen-full-east-asian/filtered/GCST90202055_GCST90202055.filtered.tsv.gz	161260	sha256	fe0f2834447b0e88b4936733e0937348898b6aa3e02883e47b3a81a84fbcc69d	6.7	10.6	17.4
GCST90202056	ok	""	1	0	http://ftp.ebi.ac.uk/pub/databases/gwas/summary_statistics/GCST90202001-GCST90203000/GCST90202056/harmonised/GCST90202056.h.tsv.gz	85702675	4145602	5680	0.00137	0	0	0	21	5659	/data/opengwasdb/metabolome-plasma-2023/releases/2023-chen-full-east-asian/filtered/GCST90202056_GCST90202056.filtered.tsv.gz	158808	sha256	ff8b5580f2d477e534d9084a9f513b1294225584d3256989f95a5cafa1c2570b	4.1	11.7	15.8
GCST90202057	ok	""	1	0	http://ftp.ebi.ac.uk/pub/databases/gwas/summary_statistics/GCST90202001-GCST90203000/GCST90202057/harmonised/GCST90202057.h.tsv.gz	83783207	4218615	5792	0.001373	0	0	0	18	5774	/data/opengwasdb/metabolome-plasma-2023/releases/2023-chen-full-east-asian/filtered/GCST90202057_GCST90202057.filtered.tsv.gz	161326	sha256	56579010ca30514828ca174807d57751bbdc9b4fca1d15bad0809b12b9093140	3.1	10.8	13.9
GCST90202058	ok	""	1	0	http://ftp.ebi.ac.uk/pub/databases/gwas/summary_statistics/GCST90202001-GCST90203000/GCST90202058/harmonised/GCST90202058.h.tsv.gz	80809284	4085955	5600	0.001371	0	0	0	28	5572	/data/opengwasdb/metabolome-plasma-2023/releases/2023-chen-full-east-asian/filtered/GCST90202058_GCST90202058.filtered.tsv.gz	156673	sha256	016d7e79952f29a9eb2d969801ab2e46ccadb9891c9f4424aa06aedcf14912ee	5.5	10.9	16.4
GCST90202059	ok	""	1	0	http://ftp.ebi.ac.uk/pub/databases/gwas/summary_statistics/GCST90202001-GCST90203000/GCST90202059/harmonised/GCST90202059.h.tsv.gz	81539968	4086482	5584	0.001366	0	0	0	22	5562	/data/opengwasdb/metabolome-plasma-2023/releases/2023-chen-full-east-asian/filtered/GCST90202059_GCST90202059.filtered.tsv.gz	155046	sha256	d74c7a6bf56af144223f09b7843413a8e5d3c376603baf4a60a17b715a81f79a	5.1	10.7	15.8
GCST90202060	ok	""	1	0	http://ftp.ebi.ac.uk/pub/databases/gwas/summary_statistics/GCST90202001-GCST90203000/GCST90202060/harmonised/GCST90202060.h.tsv.gz	80453614	4125284	12818	0.003107	0	2	7180	31	5616	/data/opengwasdb/metabolome-plasma-2023/releases/2023-chen-full-east-asian/filtered/GCST90202060_GCST90202060.filtered.tsv.gz	293666	sha256	78e009e307285b8cb5ac2a8a094687fd376823ccdb585091d81d5754ae418926	5.3	11.3	16.6
GCST90202061	ok	""	1	0	http://ftp.ebi.ac.uk/pub/databases/gwas/summary_statistics/GCST90202001-GCST90203000/GCST90202061/harmonised/GCST90202061.h.tsv.gz	82990796	4171012	5711	0.001369	0	0	0	15	5696	/data/opengwasdb/metabolome-plasma-2023/releases/2023-chen-full-east-asian/filtered/GCST90202061_GCST90202061.filtered.tsv.gz	159179	sha256	0a46d89139f1a2edcd5f54c45944cbbf9a5826526bc536d081eb8afcb0cb6b62	5.6	10.6	16.1
GCST90202062	ok	""	1	0	http://ftp.ebi.ac.uk/pub/databases/gwas/summary_statistics/GCST90202001-GCST90203000/GCST90202062/harmonised/GCST90202062.h.tsv.gz	82936419	4171012	5711	0.001369	0	0	0	15	5696	/data/opengwasdb/metabolome-plasma-2023/releases/2023-chen-full-east-asian/filtered/GCST90202062_GCST90202062.filtered.tsv.gz	159128	sha256	2be4e6fbf778573b633aaffc849fa49d5fb6f966ac5f7cff964a7b6814b8e68e	6.3	10.9	17.2
GCST90202063	ok	""	1	0	http://ftp.ebi.ac.uk/pub/databases/gwas/summary_statistics/GCST90202001-GCST90203000/GCST90202063/harmonised/GCST90202063.h.tsv.gz	83425649	4201699	5765	0.001372	0	0	0	23	5742	/data/opengwasdb/metabolome-plasma-2023/releases/2023-chen-full-east-asian/filtered/GCST90202063_GCST90202063.filtered.tsv.gz	160569	sha256	58479ed1c82e6ec978f983a876027eee1fb36e0705078c07b8dcafd45d88f42a	5.4	10.6	15.9
GCST90202064	ok	""	1	0	http://ftp.ebi.ac.uk/pub/databases/gwas/summary_statistics/GCST90202001-GCST90203000/GCST90202064/harmonised/GCST90202064.h.tsv.gz	87832597	4202023	5756	0.00137	0	0	0	15	5741	/data/opengwasdb/metabolome-plasma-2023/releases/2023-chen-full-east-asian/filtered/GCST90202064_GCST90202064.filtered.tsv.gz	160435	sha256	89a176ec77669ccace7f2355863f364c3bf885452cc3af93cee5ed9616de43ca	6.5	11	17.5
GCST90202065	ok	""	1	0	http://ftp.ebi.ac.uk/pub/databases/gwas/summary_statistics/GCST90202001-GCST90203000/GCST90202065/harmonised/GCST90202065.h.tsv.gz	81528411	4201403	9438	0.002246	0	1	3665	42	5734	/data/opengwasdb/metabolome-plasma-2023/releases/2023-chen-full-east-asian/filtered/GCST90202065_GCST90202065.filtered.tsv.gz	233099	sha256	de2052dc165517907e8ccb651a8fad5ce4d07778257784dd7d0b2709f5c4d2ce	6.5	10.4	16.8
GCST90202066	ok	""	1	0	http://ftp.ebi.ac.uk/pub/databases/gwas/summary_statistics/GCST90202001-GCST90203000/GCST90202066/harmonised/GCST90202066.h.tsv.gz	87299910	4171012	8601	0.002062	0	1	2889	19	5696	/data/opengwasdb/metabolome-plasma-2023/releases/2023-chen-full-east-asian/filtered/GCST90202066_GCST90202066.filtered.tsv.gz	214141	sha256	bee3eef0fd4dda43f9f6b964123221c05fcb594a6ceb9fb5e129353b5c5ebc8f	6.9	11.3	18.2
GCST90202067	ok	""	1	0	http://ftp.ebi.ac.uk/pub/databases/gwas/summary_statistics/GCST90202001-GCST90203000/GCST90202067/harmonised/GCST90202067.h.tsv.gz	81113169	4234725	16224	0.003831	0	2	10417	32	5787	/data/opengwasdb/metabolome-plasma-2023/releases/2023-chen-full-east-asian/filtered/GCST90202067_GCST90202067.filtered.tsv.gz	341997	sha256	1e932bd5a430e96ee119852975d4364e79bec9464db07aea03d4e7170f2cd28d	5.8	11.2	17
GCST90202068	ok	""	1	0	http://ftp.ebi.ac.uk/pub/databases/gwas/summary_statistics/GCST90202001-GCST90203000/GCST90202068/harmonised/GCST90202068.h.tsv.gz	82986069	4171012	5714	0.00137	0	0	0	18	5696	/data/opengwasdb/metabolome-plasma-2023/releases/2023-chen-full-east-asian/filtered/GCST90202068_GCST90202068.filtered.tsv.gz	159476	sha256	f0df270fa5f4e04e067928f8cec58e6dd58321767c547bd9d8702586bc8e7872	5.7	11.4	17
GCST90202069	ok	""	1	0	http://ftp.ebi.ac.uk/pub/databases/gwas/summary_statistics/GCST90202001-GCST90203000/GCST90202069/harmonised/GCST90202069.h.tsv.gz	83655087	4208446	5782	0.001374	0	0	0	23	5759	/data/opengwasdb/metabolome-plasma-2023/releases/2023-chen-full-east-asian/filtered/GCST90202069_GCST90202069.filtered.tsv.gz	161183	sha256	3ed5c696d9aaf77ac31d4f92e89bad45a0c111eefdac62fcb984a2aa6959c4ad	3.8	10.7	14.5
GCST90202070	ok	""	1	0	http://ftp.ebi.ac.uk/pub/databases/gwas/summary_statistics/GCST90202001-GCST90203000/GCST90202070/harmonised/GCST90202070.h.tsv.gz	82074575	4228323	8785	0.002078	0	1	2996	24	5767	/data/opengwasdb/metabolome-plasma-2023/releases/2023-chen-full-east-asian/filtered/GCST90202070_GCST90202070.filtered.tsv.gz	219973	sha256	a984df9af698685cad17e551877217a9c2c4cb6554df04423716fd39a8a0f9d1	5.4	10.5	16
GCST90202071	ok	""	1	0	http://ftp.ebi.ac.uk/pub/databases/gwas/summary_statistics/GCST90202001-GCST90203000/GCST90202071/harmonised/GCST90202071.h.tsv.gz	87563951	4186837	5736	0.00137	0	0	0	20	5716	/data/opengwasdb/metabolome-plasma-2023/releases/2023-chen-full-east-asian/filtered/GCST90202071_GCST90202071.filtered.tsv.gz	160126	sha256	bf14d83c16e498fb1a3668c913e9de09c14bd26598a79af4ef5bfdc85b2186c5	6.3	11.9	18.2
GCST90202072	ok	""	1	0	http://ftp.ebi.ac.uk/pub/databases/gwas/summary_statistics/GCST90202001-GCST90203000/GCST90202072/harmonised/GCST90202072.h.tsv.gz	83296737	4188209	5741	0.001371	0	0	0	16	5725	/data/opengwasdb/metabolome-plasma-2023/releases/2023-chen-full-east-asian/filtered/GCST90202072_GCST90202072.filtered.tsv.gz	160159	sha256	fd0665a5854550dbac95bd70790477382d1eb90e969f0dbb66ca3f13b227f34d	6.1	11.1	17.2
GCST90202073	ok	""	1	0	http://ftp.ebi.ac.uk/pub/databases/gwas/summary_statistics/GCST90202001-GCST90203000/GCST90202073/harmonised/GCST90202073.h.tsv.gz	83278470	4187419	5753	0.001374	0	0	0	21	5732	/data/opengwasdb/metabolome-plasma-2023/releases/2023-chen-full-east-asian/filtered/GCST90202073_GCST90202073.filtered.tsv.gz	160496	sha256	d7b8d44070231575eb94c92ed471c4056444330d46d864939b9e2929a94ce405	4.5	10.9	15.4
GCST90202074	ok	""	1	0	http://ftp.ebi.ac.uk/pub/databases/gwas/summary_statistics/GCST90202001-GCST90203000/GCST90202074/harmonised/GCST90202074.h.tsv.gz	82985489	4171012	9166	0.002198	0	1	3452	23	5696	/data/opengwasdb/metabolome-plasma-2023/releases/2023-chen-full-east-asian/filtered/GCST90202074_GCST90202074.filtered.tsv.gz	226103	sha256	9dca15ecbc0b70fae6b876e7ef7b2401e42adec96d0212d7e63b89d3cc393694	5.3	11.1	16.3
GCST90202075	ok	""	1	0	http://ftp.ebi.ac.uk/pub/databases/gwas/summary_statistics/GCST90202001-GCST90203000/GCST90202075/harmonised/GCST90202075.h.tsv.gz	84094648	4239635	21085	0.004973	0	5	15258	45	5806	/data/opengwasdb/metabolome-plasma-2023/releases/2023-chen-full-east-asian/filtered/GCST90202075_GCST90202075.filtered.tsv.gz	445383	sha256	41e1c93e82d8c3d4ff201d3c217f152a853527a96671c14173018731c793c53e	6.1	11.7	17.8
GCST90202076	ok	""	1	0	http://ftp.ebi.ac.uk/pub/databases/gwas/summary_statistics/GCST90202001-GCST90203000/GCST90202076/harmonised/GCST90202076.h.tsv.gz	87872954	4204521	5763	0.001371	0	0	0	14	5749	/data/opengwasdb/metabolome-plasma-2023/releases/2023-chen-full-east-asian/filtered/GCST90202076_GCST90202076.filtered.tsv.gz	160739	sha256	72ebb1ef72a5432293875c439d9bf5e43e9ffd976f472de991ed04cc42a29242	5.1	9.9	15
GCST90202077	ok	""	1	0	http://ftp.ebi.ac.uk/pub/databases/gwas/summary_statistics/GCST90202001-GCST90203000/GCST90202077/harmonised/GCST90202077.h.tsv.gz	87153833	4225706	9217	0.002181	0	1	3403	31	5785	/data/opengwasdb/metabolome-plasma-2023/releases/2023-chen-full-east-asian/filtered/GCST90202077_GCST90202077.filtered.tsv.gz	232097	sha256	57ab229542a3c928d50d81103cedb91501cf67e5fc4ff3a929b55215d7fd3ae3	4.8	11.1	15.9
GCST90202078	ok	""	1	0	http://ftp.ebi.ac.uk/pub/databases/gwas/summary_statistics/GCST90202001-GCST90203000/GCST90202078/harmonised/GCST90202078.h.tsv.gz	87956223	4207866	5770	0.001371	0	0	0	15	5755	/data/opengwasdb/metabolome-plasma-2023/releases/2023-chen-full-east-asian/filtered/GCST90202078_GCST90202078.filtered.tsv.gz	160800	sha256	cda31b4ea13adc261dcde39824153dec1c3d0a093dbdc2f7bc0c93207ce2312e	4	11.2	15.2
GCST90202079	ok	""	1	0	http://ftp.ebi.ac.uk/pub/databases/gwas/summary_statistics/GCST90202001-GCST90203000/GCST90202079/harmonised/GCST90202079.h.tsv.gz	84113752	4242865	5821	0.001372	0	0	0	26	5795	/data/opengwasdb/metabolome-plasma-2023/releases/2023-chen-full-east-asian/filtered/GCST90202079_GCST90202079.filtered.tsv.gz	161947	sha256	567812ee086975c05232f9b01008906f9ba8d55b296c81bbb78900ceda3b792c	3.1	10.3	13.4
GCST90202080	ok	""	1	0	http://ftp.ebi.ac.uk/pub/databases/gwas/summary_statistics/GCST90202001-GCST90203000/GCST90202080/harmonised/GCST90202080.h.tsv.gz	84774881	4093708	5590	0.001366	0	0	0	16	5574	/data/opengwasdb/metabolome-plasma-2023/releases/2023-chen-full-east-asian/filtered/GCST90202080_GCST90202080.filtered.tsv.gz	156238	sha256	07a2eac3fbc23bff10d81a3dc90cb3fee8d0aca17ef02fb6e3e04e243981771e	4.9	12.3	17.1
GCST90202081	ok	""	1	0	http://ftp.ebi.ac.uk/pub/databases/gwas/summary_statistics/GCST90202001-GCST90203000/GCST90202081/harmonised/GCST90202081.h.tsv.gz	85858569	4134011	8401	0.002032	0	1	2759	12	5632	/data/opengwasdb/metabolome-plasma-2023/releases/2023-chen-full-east-asian/filtered/GCST90202081_GCST90202081.filtered.tsv.gz	207702	sha256	96f856fb31fb28b61c8e41f94d35b166df2dd01559929906bafa57c9e9107718	4.6	10.6	15.2
GCST90202082	ok	""	1	0	http://ftp.ebi.ac.uk/pub/databases/gwas/summary_statistics/GCST90202001-GCST90203000/GCST90202082/harmonised/GCST90202082.h.tsv.gz	87599634	4189283	5738	0.00137	0	0	0	13	5725	/data/opengwasdb/metabolome-plasma-2023/releases/2023-chen-full-east-asian/filtered/GCST90202082_GCST90202082.filtered.tsv.gz	160144	sha256	6b7592f3ef812cb9ae170c51744af0956d5c042cf207622f2a5a82cff05d1e08	3.7	11.5	15.2
GCST90202083	ok	""	1	0	http://ftp.ebi.ac.uk/pub/databases/gwas/summary_statistics/GCST90202001-GCST90203000/GCST90202083/harmonised/GCST90202083.h.tsv.gz	82054123	4155317	5672	0.001365	0	0	0	16	5656	/data/opengwasdb/metabolome-plasma-2023/releases/2023-chen-full-east-asian/filtered/GCST90202083_GCST90202083.filtered.tsv.gz	158401	sha256	9cb395150cb52e42f65ba0f85b0dae8a2ad97678c941ef0f52987707f5d20023	6.1	10.4	16.5
GCST90202084	ok	""	1	0	http://ftp.ebi.ac.uk/pub/databases/gwas/summary_statistics/GCST90202001-GCST90203000/GCST90202084/harmonised/GCST90202084.h.tsv.gz	87526297	4186573	5746	0.001372	0	0	0	22	5724	/data/opengwasdb/metabolome-plasma-2023/releases/2023-chen-full-east-asian/filtered/GCST90202084_GCST90202084.filtered.tsv.gz	160274	sha256	05a56f4addeed012bfe0033a1f81faaacaf2b2db1571abddef3a2348d35d2e3f	5.6	11.7	17.4
GCST90202085	ok	""	1	0	http://ftp.ebi.ac.uk/pub/databases/gwas/summary_statistics/GCST90202001-GCST90203000/GCST90202085/harmonised/GCST90202085.h.tsv.gz	82963312	4171012	5714	0.00137	0	0	0	18	5696	/data/opengwasdb/metabolome-plasma-2023/releases/2023-chen-full-east-asian/filtered/GCST90202085_GCST90202085.filtered.tsv.gz	159288	sha256	e0a9754c9a8c25110b2fce884bae026e044f68a9ef86e31dbb8677d520f28ec8	4.7	10.8	15.5
GCST90202086	ok	""	1	0	http://ftp.ebi.ac.uk/pub/databases/gwas/summary_statistics/GCST90202001-GCST90203000/GCST90202086/harmonised/GCST90202086.h.tsv.gz	87290990	4171012	9227	0.002212	0	1	3514	21	5696	/data/opengwasdb/metabolome-plasma-2023/releases/2023-chen-full-east-asian/filtered/GCST90202086_GCST90202086.filtered.tsv.gz	223643	sha256	d98616c231c3c3ec389e7e5e960b537ea18481794628a1307458800df0a2f0fd	6.1	11.5	17.6
GCST90202087	ok	""	1	0	http://ftp.ebi.ac.uk/pub/databases/gwas/summary_statistics/GCST90202001-GCST90203000/GCST90202087/harmonised/GCST90202087.h.tsv.gz	83442641	4193208	5756	0.001373	0	0	0	10	5746	/data/opengwasdb/metabolome-plasma-2023/releases/2023-chen-full-east-asian/filtered/GCST90202087_GCST90202087.filtered.tsv.gz	160692	sha256	b983dd8323d2f8795cf72261740ed6fc6ba32408b37c0be16c16e780d422eb40	5.1	9.4	14.5
GCST90202088	ok	""	1	0	http://ftp.ebi.ac.uk/pub/databases/gwas/summary_statistics/GCST90202001-GCST90203000/GCST90202088/harmonised/GCST90202088.h.tsv.gz	87292054	4171012	5717	0.001371	0	0	0	21	5696	/data/opengwasdb/metabolome-plasma-2023/releases/2023-chen-full-east-asian/filtered/GCST90202088_GCST90202088.filtered.tsv.gz	159394	sha256	30ceddcc5f132bd0b915fc652e8f150643c0c4e1ba5691e3a71f5b35ac48b24a	6.7	11.3	18
GCST90202089	ok	""	1	0	http://ftp.ebi.ac.uk/pub/databases/gwas/summary_statistics/GCST90202001-GCST90203000/GCST90202089/harmonised/GCST90202089.h.tsv.gz	87299290	4171012	8600	0.002062	0	1	2889	18	5696	/data/opengwasdb/metabolome-plasma-2023/releases/2023-chen-full-east-asian/filtered/GCST90202089_GCST90202089.filtered.tsv.gz	214096	sha256	843b6b4ab6704c238eeb7cf21ad984bdf9642ba1d4ae18e7106e20957940a62f	4.8	12.1	16.9
GCST90202090	ok	""	1	0	http://ftp.ebi.ac.uk/pub/databases/gwas/summary_statistics/GCST90202001-GCST90203000/GCST90202090/harmonised/GCST90202090.h.tsv.gz	82971471	4171012	5712	0.001369	0	0	0	16	5696	/data/opengwasdb/metabolome-plasma-2023/releases/2023-chen-full-east-asian/filtered/GCST90202090_GCST90202090.filtered.tsv.gz	159197	sha256	c9453dd43267ed5c4e24f1fd34c18fad2520c166c33b9fdc70029f0667bb8149	5	9.8	14.9
GCST90202091	ok	""	1	0	http://ftp.ebi.ac.uk/pub/databases/gwas/summary_statistics/GCST90202001-GCST90203000/GCST90202091/harmonised/GCST90202091.h.tsv.gz	87283198	4171012	5717	0.001371	0	0	0	21	5696	/data/opengwasdb/metabolome-plasma-2023/releases/2023-chen-full-east-asian/filtered/GCST90202091_GCST90202091.filtered.tsv.gz	159546	sha256	0b7c08d0706de4e0becab05e418db3483493f50444f8970a7b8d9eedfcc3caaa	5.2	10.5	15.7
GCST90202092	ok	""	1	0	http://ftp.ebi.ac.uk/pub/databases/gwas/summary_statistics/GCST90202001-GCST90203000/GCST90202092/harmonised/GCST90202092.h.tsv.gz	83000598	4171012	5713	0.00137	0	0	0	17	5696	/data/opengwasdb/metabolome-plasma-2023/releases/2023-chen-full-east-asian/filtered/GCST90202092_GCST90202092.filtered.tsv.gz	159174	sha256	f44f4004d95ada4fdefd96a1e0ea5f7bc7623c04c990480095702a84637b7f54	3.3	10.6	13.9
GCST90202093	ok	""	1	0	http://ftp.ebi.ac.uk/pub/databases/gwas/summary_statistics/GCST90202001-GCST90203000/GCST90202093/harmonised/GCST90202093.h.tsv.gz	87584962	4187053	5738	0.00137	0	0	0	18	5720	/data/opengwasdb/metabolome-plasma-2023/releases/2023-chen-full-east-asian/filtered/GCST90202093_GCST90202093.filtered.tsv.gz	160132	sha256	c4e0e32b094b293ef5b1f4c21ac712ce39e5b6353d962c95c67b686650e808d2	6	10.4	16.4
GCST90202094	ok	""	1	0	http://ftp.ebi.ac.uk/pub/databases/gwas/summary_statistics/GCST90202001-GCST90203000/GCST90202094/harmonised/GCST90202094.h.tsv.gz	88132385	4218431	9052	0.002146	0	1	3259	24	5775	/data/opengwasdb/metabolome-plasma-2023/releases/2023-chen-full-east-asian/filtered/GCST90202094_GCST90202094.filtered.tsv.gz	221753	sha256	eef50ba8bfd445a92115f8ea98368d10f20720394b4f91062d9198d7f8c7d432	3.7	10	13.7
GCST90202095	ok	""	1	0	http://ftp.ebi.ac.uk/pub/databases/gwas/summary_statistics/GCST90202001-GCST90203000/GCST90202095/harmonised/GCST90202095.h.tsv.gz	83805890	4220822	5810	0.001377	0	0	0	20	5790	/data/opengwasdb/metabolome-plasma-2023/releases/2023-chen-full-east-asian/filtered/GCST90202095_GCST90202095.filtered.tsv.gz	161932	sha256	78f1942f4d1fbbb7123195a8ee484fb60a86542c6ab277009a36f401fa177247	4.9	10.8	15.7
GCST90202096	ok	""	1	0	http://ftp.ebi.ac.uk/pub/databases/gwas/summary_statistics/GCST90202001-GCST90203000/GCST90202096/harmonised/GCST90202096.h.tsv.gz	87018448	4194171	7342	0.001751	0	1	1583	45	5720	/data/opengwasdb/metabolome-plasma-2023/releases/2023-chen-full-east-asian/filtered/GCST90202096_GCST90202096.filtered.tsv.gz	190700	sha256	6f199e066670abd4bdaec686a64499e124d55ee62d098d1eb04c0421e15f2dc7	4.9	10.3	15.3
GCST90202097	ok	""	1	0	http://ftp.ebi.ac.uk/pub/databases/gwas/summary_statistics/GCST90202001-GCST90203000/GCST90202097/harmonised/GCST90202097.h.tsv.gz	83226575	4185648	5740	0.001371	0	0	0	23	5717	/data/opengwasdb/metabolome-plasma-2023/releases/2023-chen-full-east-asian/filtered/GCST90202097_GCST90202097.filtered.tsv.gz	160164	sha256	5af6990100c6355939a01a333e74cf717eb3dd8ca4221cb890706ad32ba0ca98	3.9	11.1	15.1
GCST90202098	ok	""	1	0	http://ftp.ebi.ac.uk/pub/databases/gwas/summary_statistics/GCST90202001-GCST90203000/GCST90202098/harmonised/GCST90202098.h.tsv.gz	87524544	4185585	9029	0.002157	0	1	3290	30	5711	/data/opengwasdb/metabolome-plasma-2023/releases/2023-chen-full-east-asian/filtered/GCST90202098_GCST90202098.filtered.tsv.gz	224964	sha256	eaddeae1bc105b455d464855520019e89bebd0ff34513c8b65729edda82e73e6	4.5	10.8	15.4
GCST90202099	ok	""	1	0	http://ftp.ebi.ac.uk/pub/databases/gwas/summary_statistics/GCST90202001-GCST90203000/GCST90202099/harmonised/GCST90202099.h.tsv.gz	82975793	4171012	5711	0.001369	0	0	0	15	5696	/data/opengwasdb/metabolome-plasma-2023/releases/2023-chen-full-east-asian/filtered/GCST90202099_GCST90202099.filtered.tsv.gz	159206	sha256	a33771cb7d6aac006209661e3047282f7bbcc7212e55ab413910a33ea33d7e31	5.9	10.8	16.7
GCST90202100	ok	""	1	0	http://ftp.ebi.ac.uk/pub/databases/gwas/summary_statistics/GCST90202001-GCST90203000/GCST90202100/harmonised/GCST90202100.h.tsv.gz	83582070	4205745	8573	0.002038	0	1	2803	16	5758	/data/opengwasdb/metabolome-plasma-2023/releases/2023-chen-full-east-asian/filtered/GCST90202100_GCST90202100.filtered.tsv.gz	212837	sha256	4121a9f5aac7531c17ceca51aaff0b305c6b0cca3eca78f9da7c77a931839fdd	3.1	11	14.1
GCST90202101	ok	""	1	0	http://ftp.ebi.ac.uk/pub/databases/gwas/summary_statistics/GCST90202001-GCST90203000/GCST90202101/harmonised/GCST90202101.h.tsv.gz	83296235	4188744	5739	0.00137	0	0	0	14	5725	/data/opengwasdb/metabolome-plasma-2023/releases/2023-chen-full-east-asian/filtered/GCST90202101_GCST90202101.filtered.tsv.gz	160139	sha256	ceff5c6242f4a2e13fdba8448571039e9c2ae3619d4ddfc40f26e51dafe25db9	4.6	10	14.6
GCST90202102	ok	""	1	0	http://ftp.ebi.ac.uk/pub/databases/gwas/summary_statistics/GCST90202001-GCST90203000/GCST90202102/harmonised/GCST90202102.h.tsv.gz	88144092	4218737	5795	0.001374	0	0	0	19	5776	/data/opengwasdb/metabolome-plasma-2023/releases/2023-chen-full-east-asian/filtered/GCST90202102_GCST90202102.filtered.tsv.gz	161531	sha256	6d40819945ff69689ecb0acda064be10096a37c04fee328d5c40a66d7a78c281	6.7	10.8	17.5
GCST90202103	ok	""	1	0	http://ftp.ebi.ac.uk/pub/databases/gwas/summary_statistics/GCST90202001-GCST90203000/GCST90202103/harmonised/GCST90202103.h.tsv.gz	83706882	4208777	5789	0.001375	0	0	0	21	5768	/data/opengwasdb/metabolome-plasma-2023/releases/2023-chen-full-east-asian/filtered/GCST90202103_GCST90202103.filtered.tsv.gz	161329	sha256	e7053e8f44fa6e834e3be345a77b1f10d79e3cbdab402c4a28c57c85c79af508	3.7	12.1	15.8
GCST90202104	ok	""	1	0	http://ftp.ebi.ac.uk/pub/databases/gwas/summary_statistics/GCST90202001-GCST90203000/GCST90202104/harmonised/GCST90202104.h.tsv.gz	87485469	4184151	5731	0.00137	0	0	0	21	5710	/data/opengwasdb/metabolome-plasma-2023/releases/2023-chen-full-east-asian/filtered/GCST90202104_GCST90202104.filtered.tsv.gz	159866	sha256	86b72f060d533d621cb303f50c10ddd211138a96234a20f2c8d2e4e485982942	3.4	10.4	13.8
GCST90202105	ok	""	1	0	http://ftp.ebi.ac.uk/pub/databases/gwas/summary_statistics/GCST90202001-GCST90203000/GCST90202105/harmonised/GCST90202105.h.tsv.gz	83501966	4203319	8731	0.002077	0	1	2973	20	5741	/data/opengwasdb/metabolome-plasma-2023/releases/2023-chen-full-east-asian/filtered/GCST90202105_GCST90202105.filtered.tsv.gz	216471	sha256	22f8f0551d0c66c8a4e2ea0a44f5e016756de43c1be456a2d4bee31349f94d73	3.8	11.3	15.1
GCST90202106	ok	""	1	0	http://ftp.ebi.ac.uk/pub/databases/gwas/summary_statistics/GCST90202001-GCST90203000/GCST90202106/harmonised/GCST90202106.h.tsv.gz	81667809	4080338	11726	0.002874	0	2	6148	25	5560	/data/opengwasdb/metabolome-plasma-2023/releases/2023-chen-full-east-asian/filtered/GCST90202106_GCST90202106.filtered.tsv.gz	264820	sha256	2d6d96c7cd0eeefc0bb24ccd15a84f28a64b966fd0c0bc7f0dd2e8bef1378252	5.7	11.1	16.8
GCST90202107	ok	""	1	0	http://ftp.ebi.ac.uk/pub/databases/gwas/summary_statistics/GCST90202001-GCST90203000/GCST90202107/harmonised/GCST90202107.h.tsv.gz	83496550	4203319	5761	0.001371	0	0	0	20	5741	/data/opengwasdb/metabolome-plasma-2023/releases/2023-chen-full-east-asian/filtered/GCST90202107_GCST90202107.filtered.tsv.gz	160558	sha256	fb2b79ad18b16a28658e493f0b4eda9cbb689da92281bf6e8c87b20a61884cc9	6	10.6	16.6
GCST90202108	ok	""	1	0	http://ftp.ebi.ac.uk/pub/databases/gwas/summary_statistics/GCST90202001-GCST90203000/GCST90202108/harmonised/GCST90202108.h.tsv.gz	83000978	4171012	8110	0.001944	0	1	2396	23	5696	/data/opengwasdb/metabolome-plasma-2023/releases/2023-chen-full-east-asian/filtered/GCST90202108_GCST90202108.filtered.tsv.gz	206802	sha256	620f79dccb2420eb5abf470dea0ddf3ac9718568c585e410b2151215fd34e720	4.8	10.4	15.3
GCST90202109	ok	""	1	0	http://ftp.ebi.ac.uk/pub/databases/gwas/summary_statistics/GCST90202001-GCST90203000/GCST90202109/harmonised/GCST90202109.h.tsv.gz	87631640	4189403	5741	0.00137	0	0	0	14	5727	/data/opengwasdb/metabolome-plasma-2023/releases/2023-chen-full-east-asian/filtered/GCST90202109_GCST90202109.filtered.tsv.gz	160174	sha256	e76dbcf8e74bbe25702e1a1a9003c0f6bc363815e278139c0b26651a5f3293bf	5.7	11.5	17.1
GCST90202110	ok	""	1	0	http://ftp.ebi.ac.uk/pub/databases/gwas/summary_statistics/GCST90202001-GCST90203000/GCST90202110/harmonised/GCST90202110.h.tsv.gz	87301018	4171012	5716	0.00137	0	0	0	20	5696	/data/opengwasdb/metabolome-plasma-2023/releases/2023-chen-full-east-asian/filtered/GCST90202110_GCST90202110.filtered.tsv.gz	159416	sha256	1f40a77ea503b88fce6edc20856f4e7cc00f52c406ba35d230a438a43a37f7d4	4.9	11.6	16.5
GCST90202111	ok	""	1	0	http://ftp.ebi.ac.uk/pub/databases/gwas/summary_statistics/GCST90202001-GCST90203000/GCST90202111/harmonised/GCST90202111.h.tsv.gz	82997382	4171012	5712	0.001369	0	0	0	16	5696	/data/opengwasdb/metabolome-plasma-2023/releases/2023-chen-full-east-asian/filtered/GCST90202111_GCST90202111.filtered.tsv.gz	159349	sha256	31b1e80240904ebde7c691b2a6a79a741ca16b1522a5bf0f243197a75fe8341c	5.7	11.3	17
GCST90202112	ok	""	1	0	http://ftp.ebi.ac.uk/pub/databases/gwas/summary_statistics/GCST90202001-GCST90203000/GCST90202112/harmonised/GCST90202112.h.tsv.gz	84711280	4128798	5642	0.001366	0	0	0	17	5625	/data/opengwasdb/metabolome-plasma-2023/releases/2023-chen-full-east-asian/filtered/GCST90202112_GCST90202112.filtered.tsv.gz	157385	sha256	55557ec0ba09bce469f93201c9f7ad19ff541897240aeea02dff0e48fc295bbf	5.3	10.1	15.3
GCST90202113	ok	""	1	0	http://ftp.ebi.ac.uk/pub/databases/gwas/summary_statistics/GCST90202001-GCST90203000/GCST90202113/harmonised/GCST90202113.h.tsv.gz	84075960	4229764	5820	0.001376	0	0	0	21	5799	/data/opengwasdb/metabolome-plasma-2023/releases/2023-chen-full-east-asian/filtered/GCST90202113_GCST90202113.filtered.tsv.gz	162142	sha256	d1f93b02e283d7c6ffe842bf19625c35f7e201e3c9550197f2ddf0a632520824	4.2	9.7	13.9
GCST90202114	ok	""	1	0	http://ftp.ebi.ac.uk/pub/databases/gwas/summary_statistics/GCST90202001-GCST90203000/GCST90202114/harmonised/GCST90202114.h.tsv.gz	87284969	4171012	5715	0.00137	0	0	0	19	5696	/data/opengwasdb/metabolome-plasma-2023/releases/2023-chen-full-east-asian/filtered/GCST90202114_GCST90202114.filtered.tsv.gz	159277	sha256	a2cf1371f44727782750e878238b48975f8f36671a296997d40e5a95621e3d07	5.2	11.1	16.3
GCST90202115	ok	""	1	0	http://ftp.ebi.ac.uk/pub/databases/gwas/summary_statistics/GCST90202001-GCST90203000/GCST90202115/harmonised/GCST90202115.h.tsv.gz	87304539	4171012	12444	0.002983	0	2	6738	16	5696	/data/opengwasdb/metabolome-plasma-2023/releases/2023-chen-full-east-asian/filtered/GCST90202115_GCST90202115.filtered.tsv.gz	289831	sha256	d24e4bb961e5c6e5396e93bc7ee3c28ea27354002835de594b6f35741ad2edb6	5.2	10.9	16.2
GCST90202116	ok	""	1	0	http://ftp.ebi.ac.uk/pub/databases/gwas/summary_statistics/GCST90202001-GCST90203000/GCST90202116/harmonised/GCST90202116.h.tsv.gz	81214669	4171985	9933	0.002381	0	1	4218	23	5695	/data/opengwasdb/metabolome-plasma-2023/releases/2023-chen-full-east-asian/filtered/GCST90202116_GCST90202116.filtered.tsv.gz	234973	sha256	4eadf3977e71bbd2d50e003490fbeff6d0157b5171675f85dbcc45923cac9ae8	5.1	10.1	15.3
GCST90202117	ok	""	1	0	http://ftp.ebi.ac.uk/pub/databases/gwas/summary_statistics/GCST90202001-GCST90203000/GCST90202117/harmonised/GCST90202117.h.tsv.gz	84036247	4079915	5578	0.001367	0	0	0	22	5556	/data/opengwasdb/metabolome-plasma-2023/releases/2023-chen-full-east-asian/filtered/GCST90202117_GCST90202117.filtered.tsv.gz	156166	sha256	606662c23a3c20c2540e2e18b470de5def7a4dd01a7d38c7bf0c96561e2c61b8	6.2	10.8	17
GCST90202118	ok	""	1	0	http://ftp.ebi.ac.uk/pub/databases/gwas/summary_statistics/GCST90202001-GCST90203000/GCST90202118/harmonised/GCST90202118.h.tsv.gz	80471789	4190960	5730	0.001367	0	0	0	21	5709	/data/opengwasdb/metabolome-plasma-2023/releases/2023-chen-full-east-asian/filtered/GCST90202118_GCST90202118.filtered.tsv.gz	159368	sha256	47cd1eb4154ee4fcc619016dead0efd2a6fccba5ce33277a8c53aa05195d77d2	3.1	10.1	13.2
GCST90202119	ok	""	1	0	http://ftp.ebi.ac.uk/pub/databases/gwas/summary_statistics/GCST90202001-GCST90203000/GCST90202119/harmonised/GCST90202119.h.tsv.gz	87654699	4189130	8952	0.002137	0	1	3215	13	5727	/data/opengwasdb/metabolome-plasma-2023/releases/2023-chen-full-east-asian/filtered/GCST90202119_GCST90202119.filtered.tsv.gz	219492	sha256	620ca2d535fb8f2444a4ffe1f72fc15a6607c39cbcafd394ed0d8894c9918463	5.9	10.9	16.8
GCST90202120	ok	""	1	0	http://ftp.ebi.ac.uk/pub/databases/gwas/summary_statistics/GCST90202001-GCST90203000/GCST90202120/harmonised/GCST90202120.h.tsv.gz	85158535	4090667	5582	0.001365	0	0	0	21	5561	/data/opengwasdb/metabolome-plasma-2023/releases/2023-chen-full-east-asian/filtered/GCST90202120_GCST90202120.filtered.tsv.gz	156240	sha256	dead1b8158a8104e543415dc007993cb8ff668894229e66f618041036aeb6ae4	4.9	10.7	15.6
GCST90202121	ok	""	1	0	http://ftp.ebi.ac.uk/pub/databases/gwas/summary_statistics/GCST90202001-GCST90203000/GCST90202121/harmonised/GCST90202121.h.tsv.gz	82965466	4171012	5710	0.001369	0	0	0	14	5696	/data/opengwasdb/metabolome-plasma-2023/releases/2023-chen-full-east-asian/filtered/GCST90202121_GCST90202121.filtered.tsv.gz	159238	sha256	4b65b9790a3ff4fdbf3fdb9c39f8f5c137f2a95d7751b66e5ad907ccd20850e8	3.2	11	14.2
GCST90202122	ok	""	1	0	http://ftp.ebi.ac.uk/pub/databases/gwas/summary_statistics/GCST90202001-GCST90203000/GCST90202122/harmonised/GCST90202122.h.tsv.gz	87300028	4171012	10110	0.002424	0	1	4407	13	5696	/data/opengwasdb/metabolome-plasma-2023/releases/2023-chen-full-east-asian/filtered/GCST90202122_GCST90202122.filtered.tsv.gz	230120	sha256	ac771df73b1f97ba91e062d62c2dab05df6876b2dded8847244ca9b6621761a1	6.2	11.3	17.4
GCST90202123	ok	""	1	0	http://ftp.ebi.ac.uk/pub/databases/gwas/summary_statistics/GCST90202001-GCST90203000/GCST90202123/harmonised/GCST90202123.h.tsv.gz	87603457	4188704	5738	0.00137	0	0	0	21	5717	/data/opengwasdb/metabolome-plasma-2023/releases/2023-chen-full-east-asian/filtered/GCST90202123_GCST90202123.filtered.tsv.gz	160179	sha256	2a9c7eb40554f43df2053deaadeac9c41a049bf3b96d4ce48e8a1a9779be60a6	5.7	9.7	15.4
GCST90202124	ok	""	1	0	http://ftp.ebi.ac.uk/pub/databases/gwas/summary_statistics/GCST90202001-GCST90203000/GCST90202124/harmonised/GCST90202124.h.tsv.gz	87554064	4186794	8552	0.002043	0	1	2829	18	5712	/data/opengwasdb/metabolome-plasma-2023/releases/2023-chen-full-east-asian/filtered/GCST90202124_GCST90202124.filtered.tsv.gz	211708	sha256	3c1f89d147434b3e9112ff8035cd123209dd4dc671e1837a439c6c63bb2f4a3b	6.7	11.5	18.2
GCST90202125	ok	""	1	0	http://ftp.ebi.ac.uk/pub/databases/gwas/summary_statistics/GCST90202001-GCST90203000/GCST90202125/harmonised/GCST90202125.h.tsv.gz	87642510	4189403	5738	0.00137	0	0	0	11	5727	/data/opengwasdb/metabolome-plasma-2023/releases/2023-chen-full-east-asian/filtered/GCST90202125_GCST90202125.filtered.tsv.gz	160093	sha256	6cb522a4beeb239ac4d479ee7a44d6cd806670dd564c46e3b23eb6e14d6310b4	6	9.8	15.8
GCST90202126	ok	""	1	0	http://ftp.ebi.ac.uk/pub/databases/gwas/summary_statistics/GCST90202001-GCST90203000/GCST90202126/harmonised/GCST90202126.h.tsv.gz	85847976	4193004	8598	0.002051	0	1	2853	22	5728	/data/opengwasdb/metabolome-plasma-2023/releases/2023-chen-full-east-asian/filtered/GCST90202126_GCST90202126.filtered.tsv.gz	214571	sha256	3fc3c2828e2dfe0bf05b886936f78987610ac692335745fa077473406d53f097	4.7	10.8	15.4
GCST90202127	ok	""	1	0	http://ftp.ebi.ac.uk/pub/databases/gwas/summary_statistics/GCST90202001-GCST90203000/GCST90202127/harmonised/GCST90202127.h.tsv.gz	83212464	4186837	7552	0.001804	0	1	1830	11	5716	/data/opengwasdb/metabolome-plasma-2023/releases/2023-chen-full-east-asian/filtered/GCST90202127_GCST90202127.filtered.tsv.gz	193885	sha256	8ad34dba9c0e4c6eada6fc5830f5aef0cf3d3c563ea07dba5ce1fe25f204dde9	6.1	11.6	17.7
GCST90202128	ok	""	1	0	http://ftp.ebi.ac.uk/pub/databases/gwas/summary_statistics/GCST90202001-GCST90203000/GCST90202128/harmonised/GCST90202128.h.tsv.gz	82977498	4171012	9916	0.002377	0	2	4206	22	5696	/data/opengwasdb/metabolome-plasma-2023/releases/2023-chen-full-east-asian/filtered/GCST90202128_GCST90202128.filtered.tsv.gz	244095	sha256	69dcb4afa6c1f85d9add0af51d0ab1221847f91b41860e974529adb6feb801b7	5.9	11.6	17.5
GCST90202129	ok	""	1	0	http://ftp.ebi.ac.uk/pub/databases/gwas/summary_statistics/GCST90202001-GCST90203000/GCST90202129/harmonised/GCST90202129.h.tsv.gz	80902123	4087045	8213	0.00201	0	1	2617	24	5574	/data/opengwasdb/metabolome-plasma-2023/releases/2023-chen-full-east-asian/filtered/GCST90202129_GCST90202129.filtered.tsv.gz	208304	sha256	2409d071ad59a3b1a684078f9de345a6ad98a91669059f3c5696a8cdd4167d59	5	10.4	15.4
GCST90202130	ok	""	1	0	http://ftp.ebi.ac.uk/pub/databases/gwas/summary_statistics/GCST90202001-GCST90203000/GCST90202130/harmonised/GCST90202130.h.tsv.gz	83563205	4205532	5781	0.001375	0	0	0	22	5759	/data/opengwasdb/metabolome-plasma-2023/releases/2023-chen-full-east-asian/filtered/GCST90202130_GCST90202130.filtered.tsv.gz	161099	sha256	0e33ce4c8baf0dcab57a6d42e5a7ee673d8a147a59989456c661f741c25e035d	5.2	10.1	15.3
GCST90202131	ok	""	1	0	http://ftp.ebi.ac.uk/pub/databases/gwas/summary_statistics/GCST90202001-GCST90203000/GCST90202131/harmonised/GCST90202131.h.tsv.gz	83443568	4192414	5768	0.001376	0	0	0	30	5738	/data/opengwasdb/metabolome-plasma-2023/releases/2023-chen-full-east-asian/filtered/GCST90202131_GCST90202131.filtered.tsv.gz	161076	sha256	373dd2d8bf666aeaf03d8d06cf305b65e085556a0514705077f7ee15ec3b77f1	6.3	11.3	17.6
GCST90202132	ok	""	1	0	http://ftp.ebi.ac.uk/pub/databases/gwas/summary_statistics/GCST90202001-GCST90203000/GCST90202132/harmonised/GCST90202132.h.tsv.gz	87497799	4184489	5732	0.00137	0	0	0	13	5719	/data/opengwasdb/metabolome-plasma-2023/releases/2023-chen-full-east-asian/filtered/GCST90202132_GCST90202132.filtered.tsv.gz	159876	sha256	ae58b22d99edbe540dc62772a452361c7d877b4050e2a41440cb09478db1cee6	5.6	9.3	14.9
GCST90202133	ok	""	1	0	http://ftp.ebi.ac.uk/pub/databases/gwas/summary_statistics/GCST90202001-GCST90203000/GCST90202133/harmonised/GCST90202133.h.tsv.gz	82998567	4171012	5710	0.001369	0	0	0	14	5696	/data/opengwasdb/metabolome-plasma-2023/releases/2023-chen-full-east-asian/filtered/GCST90202133_GCST90202133.filtered.tsv.gz	159249	sha256	e9e4540cf829cad40e74d8acc5cba070d7621ae1a0fb527d5a5d830314af82ed	5.8	9.8	15.6
GCST90202134	ok	""	1	0	http://ftp.ebi.ac.uk/pub/databases/gwas/summary_statistics/GCST90202001-GCST90203000/GCST90202134/harmonised/GCST90202134.h.tsv.gz	84021560	4229489	5799	0.001371	0	0	0	15	5784	/data/opengwasdb/metabolome-plasma-2023/releases/2023-chen-full-east-asian/filtered/GCST90202134_GCST90202134.filtered.tsv.gz	161353	sha256	c8c1e8e45d4851740df2675b531adf552089d7d214522ef473c914ee9229156a	5.2	10.5	15.8
GCST90202135	ok	""	1	0	http://ftp.ebi.ac.uk/pub/databases/gwas/summary_statistics/GCST90202001-GCST90203000/GCST90202135/harmonised/GCST90202135.h.tsv.gz	82984942	4171012	5730	0.001374	0	0	0	35	5696	/data/opengwasdb/metabolome-plasma-2023/releases/2023-chen-full-east-asian/filtered/GCST90202135_GCST90202135.filtered.tsv.gz	159866	sha256	4a578eb6963512b4ab21bbba07dd82d9a2b0dfcea4c0b3530770d1501fdbba68	3.1	10.5	13.5
GCST90202136	ok	""	1	0	http://ftp.ebi.ac.uk/pub/databases/gwas/summary_statistics/GCST90202001-GCST90203000/GCST90202136/harmonised/GCST90202136.h.tsv.gz	84073437	4240747	5813	0.001371	0	0	0	21	5792	/data/opengwasdb/metabolome-plasma-2023/releases/2023-chen-full-east-asian/filtered/GCST90202136_GCST90202136.filtered.tsv.gz	161639	sha256	8f936e86929c7c1ddb2b5b8d8c20903d6f12807993efbabb38635900e27c0288	6.1	10.6	16.8
GCST90202137	ok	""	1	0	http://ftp.ebi.ac.uk/pub/databases/gwas/summary_statistics/GCST90202001-GCST90203000/GCST90202137/harmonised/GCST90202137.h.tsv.gz	84293599	4091172	10591	0.002589	0	1	5040	17	5536	/data/opengwasdb/metabolome-plasma-2023/releases/2023-chen-full-east-asian/filtered/GCST90202137_GCST90202137.filtered.tsv.gz	251926	sha256	4f85548606fb9634865a18e59c3f9ceec7170644e90427328166dc34f092b0a0	5.4	11.1	16.5
GCST90202138	ok	""	1	0	http://ftp.ebi.ac.uk/pub/databases/gwas/summary_statistics/GCST90202001-GCST90203000/GCST90202138/harmonised/GCST90202138.h.tsv.gz	76107989	4034720	5503	0.001364	0	0	0	19	5484	/data/opengwasdb/metabolome-plasma-2023/releases/2023-chen-full-east-asian/filtered/GCST90202138_GCST90202138.filtered.tsv.gz	153052	sha256	edb5987e205b5423dc173557e64269f03607aac0a3739ba16986a5d93bde6b2d	3.6	10.6	14.2
GCST90202139	ok	""	1	0	http://ftp.ebi.ac.uk/pub/databases/gwas/summary_statistics/GCST90202001-GCST90203000/GCST90202139/harmonised/GCST90202139.h.tsv.gz	78329915	4064408	5529	0.00136	0	0	0	24	5505	/data/opengwasdb/metabolome-plasma-2023/releases/2023-chen-full-east-asian/filtered/GCST90202139_GCST90202139.filtered.tsv.gz	154144	sha256	a1418444bed791611e503786d3c53f585cfe042171a5fec326ad2dd70a0c6d12	4.7	10.7	15.4
GCST90202140	ok	""	1	0	http://ftp.ebi.ac.uk/pub/databases/gwas/summary_statistics/GCST90202001-GCST90203000/GCST90202140/harmonised/GCST90202140.h.tsv.gz	87567981	4187419	5753	0.001374	0	0	0	21	5732	/data/opengwasdb/metabolome-plasma-2023/releases/2023-chen-full-east-asian/filtered/GCST90202140_GCST90202140.filtered.tsv.gz	160443	sha256	e3507f629f14859625d7257f5b19fa2ba7dc08cc48b0aa7d407634480b3aabf2	5.7	11.1	16.8
GCST90202141	ok	""	1	0	http://ftp.ebi.ac.uk/pub/databases/gwas/summary_statistics/GCST90202001-GCST90203000/GCST90202141/harmonised/GCST90202141.h.tsv.gz	79512274	4063999	5540	0.001363	0	0	0	11	5529	/data/opengwasdb/metabolome-plasma-2023/releases/2023-chen-full-east-asian/filtered/GCST90202141_GCST90202141.filtered.tsv.gz	155113	sha256	4c9c071e15579907d76c3ae7cda837153c6143a6ce4564604faaf88e5023d183	6.4	9.2	15.6
GCST90202142	ok	""	1	0	http://ftp.ebi.ac.uk/pub/databases/gwas/summary_statistics/GCST90202001-GCST90203000/GCST90202142/harmonised/GCST90202142.h.tsv.gz	82956665	4171012	5712	0.001369	0	0	0	16	5696	/data/opengwasdb/metabolome-plasma-2023/releases/2023-chen-full-east-asian/filtered/GCST90202142_GCST90202142.filtered.tsv.gz	159413	sha256	9dade24dbdf33effd81043919cc87c04a187163eb262a6063566e22b084f68da	4.4	10.7	15.1
GCST90202143	ok	""	1	0	http://ftp.ebi.ac.uk/pub/databases/gwas/summary_statistics/GCST90202001-GCST90203000/GCST90202143/harmonised/GCST90202143.h.tsv.gz	82990385	4171012	5717	0.001371	0	0	0	21	5696	/data/opengwasdb/metabolome-plasma-2023/releases/2023-chen-full-east-asian/filtered/GCST90202143_GCST90202143.filtered.tsv.gz	159474	sha256	4fa72b6974de6cdba7d41ec77f9dff718e003a52fc449482a1120cefc4577f55	3.7	10.6	14.3
GCST90202144	ok	""	1	0	http://ftp.ebi.ac.uk/pub/databases/gwas/summary_statistics/GCST90202001-GCST90203000/GCST90202144/harmonised/GCST90202144.h.tsv.gz	83143768	4176280	8040	0.001925	0	1	2318	15	5713	/data/opengwasdb/metabolome-plasma-2023/releases/2023-chen-full-east-asian/filtered/GCST90202144_GCST90202144.filtered.tsv.gz	207189	sha256	90c575078c2ed2d828def8742e71d8877b656e06f2a776804195870e4a4656a9	5.3	11.5	16.8
GCST90202145	ok	""	1	0	http://ftp.ebi.ac.uk/pub/databases/gwas/summary_statistics/GCST90202001-GCST90203000/GCST90202145/harmonised/GCST90202145.h.tsv.gz	83149942	4176280	5729	0.001372	0	0	0	16	5713	/data/opengwasdb/metabolome-plasma-2023/releases/2023-chen-full-east-asian/filtered/GCST90202145_GCST90202145.filtered.tsv.gz	159825	sha256	63ab7377578eefbe039a1102dc318fa05ada293775e06badc10b1aa4fc72f4ec	4.7	12.4	17.1
GCST90202146	ok	""	1	0	http://ftp.ebi.ac.uk/pub/databases/gwas/summary_statistics/GCST90202001-GCST90203000/GCST90202146/harmonised/GCST90202146.h.tsv.gz	87302128	4171012	5711	0.001369	0	0	0	15	5696	/data/opengwasdb/metabolome-plasma-2023/releases/2023-chen-full-east-asian/filtered/GCST90202146_GCST90202146.filtered.tsv.gz	159313	sha256	081a731a4fc71b8d493b05918abd3b0789c79bea7ff073eb20a7c9f152f3838a	6.3	11.3	17.6
GCST90202147	ok	""	1	0	http://ftp.ebi.ac.uk/pub/databases/gwas/summary_statistics/GCST90202001-GCST90203000/GCST90202147/harmonised/GCST90202147.h.tsv.gz	87860284	4204202	5755	0.001369	0	0	0	16	5739	/data/opengwasdb/metabolome-plasma-2023/releases/2023-chen-full-east-asian/filtered/GCST90202147_GCST90202147.filtered.tsv.gz	160308	sha256	dae200ecd430d147051db5f1b294c9c9a35273efaa119167b05f60758f0d97d6	3.8	10.9	14.7
GCST90202148	ok	""	1	0	http://ftp.ebi.ac.uk/pub/databases/gwas/summary_statistics/GCST90202001-GCST90203000/GCST90202148/harmonised/GCST90202148.h.tsv.gz	79763942	4075924	5579	0.001369	0	0	0	15	5564	/data/opengwasdb/metabolome-plasma-2023/releases/2023-chen-full-east-asian/filtered/GCST90202148_GCST90202148.filtered.tsv.gz	156216	sha256	e910cb20cf77f20ad746ebd6e1a4b99430a5417e374e64c5ca865d361189c2ea	4.9	10.6	15.5
GCST90202149	ok	""	1	0	http://ftp.ebi.ac.uk/pub/databases/gwas/summary_statistics/GCST90202001-GCST90203000/GCST90202149/harmonised/GCST90202149.h.tsv.gz	79739214	4230445	5813	0.001374	0	0	0	39	5774	/data/opengwasdb/metabolome-plasma-2023/releases/2023-chen-full-east-asian/filtered/GCST90202149_GCST90202149.filtered.tsv.gz	161242	sha256	0c3b140219dad69e2924b161896366924e910203e619b71daa5f581feedac9ef	4.8	11	15.8
GCST90202150	ok	""	1	0	http://ftp.ebi.ac.uk/pub/databases/gwas/summary_statistics/GCST90202001-GCST90203000/GCST90202150/harmonised/GCST90202150.h.tsv.gz	85238554	4098122	5597	0.001366	0	0	0	12	5585	/data/opengwasdb/metabolome-plasma-2023/releases/2023-chen-full-east-asian/filtered/GCST90202150_GCST90202150.filtered.tsv.gz	156481	sha256	1b67cad1cbf1693487ac165c195893fd056c18c57395e5406250b4942b13c6cc	5.5	10.4	15.9
GCST90202151	ok	""	1	0	http://ftp.ebi.ac.uk/pub/databases/gwas/summary_statistics/GCST90202001-GCST90203000/GCST90202151/harmonised/GCST90202151.h.tsv.gz	87607522	4188452	5738	0.00137	0	0	0	24	5714	/data/opengwasdb/metabolome-plasma-2023/releases/2023-chen-full-east-asian/filtered/GCST90202151_GCST90202151.filtered.tsv.gz	160159	sha256	99ff5c5156dc5d703eee06772a1552b87a5dcf75f357273deaf6cc6ab8fc8457	3.6	11.4	15
GCST90202152	ok	""	1	0	http://ftp.ebi.ac.uk/pub/databases/gwas/summary_statistics/GCST90202001-GCST90203000/GCST90202152/harmonised/GCST90202152.h.tsv.gz	88109094	4220130	10829	0.002566	0	1	5037	32	5767	/data/opengwasdb/metabolome-plasma-2023/releases/2023-chen-full-east-asian/filtered/GCST90202152_GCST90202152.filtered.tsv.gz	245075	sha256	1075d824e29bcdd74b2efb03a592b45eedd16bdd545fcecbd20725428e3a50f4	6.3	11.9	18.3
GCST90202153	ok	""	1	0	http://ftp.ebi.ac.uk/pub/databases/gwas/summary_statistics/GCST90202001-GCST90203000/GCST90202153/harmonised/GCST90202153.h.tsv.gz	85066576	4088007	5590	0.001367	0	0	0	17	5575	/data/opengwasdb/metabolome-plasma-2023/releases/2023-chen-full-east-asian/filtered/GCST90202153_GCST90202153.filtered.tsv.gz	156299	sha256	a4381ef6993714047e24b0a9612379c1cf09121badac10a26a2978b9d0d3af6d	3.2	10.3	13.5
GCST90202154	ok	""	1	0	http://ftp.ebi.ac.uk/pub/databases/gwas/summary_statistics/GCST90202001-GCST90203000/GCST90202154/harmonised/GCST90202154.h.tsv.gz	85314191	4100254	5591	0.001364	0	0	0	15	5576	/data/opengwasdb/metabolome-plasma-2023/releases/2023-chen-full-east-asian/filtered/GCST90202154_GCST90202154.filtered.tsv.gz	156498	sha256	98a8637257935344b4ebd43edb1220e5bdca7fced9697389da66b441ccd03ec0	5.2	10.8	16
GCST90202155	ok	""	1	0	http://ftp.ebi.ac.uk/pub/databases/gwas/summary_statistics/GCST90202001-GCST90203000/GCST90202155/harmonised/GCST90202155.h.tsv.gz	87294746	4171012	8482	0.002034	0	1	2779	11	5696	/data/opengwasdb/metabolome-plasma-2023/releases/2023-chen-full-east-asian/filtered/GCST90202155_GCST90202155.filtered.tsv.gz	210730	sha256	73b9fa782a539b7499c6d0b754e56d1537adc701f3037b7a8def4ae0ef36c110	5.8	11.4	17.1
GCST90202156	ok	""	1	0	http://ftp.ebi.ac.uk/pub/databases/gwas/summary_statistics/GCST90202001-GCST90203000/GCST90202156/harmonised/GCST90202156.h.tsv.gz	87310462	4171012	5719	0.001371	0	0	0	23	5696	/data/opengwasdb/metabolome-plasma-2023/releases/2023-chen-full-east-asian/filtered/GCST90202156_GCST90202156.filtered.tsv.gz	159460	sha256	5f605fc3dc0080c5222cb1a15fbf15a7ef006e38aac6fd7383b82ecf9555bb1c	4.2	11.2	15.4
GCST90202157	ok	""	1	0	http://ftp.ebi.ac.uk/pub/databases/gwas/summary_statistics/GCST90202001-GCST90203000/GCST90202157/harmonised/GCST90202157.h.tsv.gz	87289833	4171012	8440	0.002023	0	1	2730	19	5696	/data/opengwasdb/metabolome-plasma-2023/releases/2023-chen-full-east-asian/filtered/GCST90202157_GCST90202157.filtered.tsv.gz	209971	sha256	f4c497457bb07b739284edc3b0f1d98ab50acd896ea583d807b14f9c70501d0a	3.6	11.7	15.3
GCST90202158	ok	""	1	0	http://ftp.ebi.ac.uk/pub/databases/gwas/summary_statistics/GCST90202001-GCST90203000/GCST90202158/harmonised/GCST90202158.h.tsv.gz	83356387	4191169	9719	0.002319	0	1	3970	18	5735	/data/opengwasdb/metabolome-plasma-2023/releases/2023-chen-full-east-asian/filtered/GCST90202158_GCST90202158.filtered.tsv.gz	243674	sha256	13f3858f49d20f0db4a0031290d18e56567f2b00e175ec36a0ffc86db1e2584e	3.3	12.3	15.6
GCST90202159	ok	""	1	0	http://ftp.ebi.ac.uk/pub/databases/gwas/summary_statistics/GCST90202001-GCST90203000/GCST90202159/harmonised/GCST90202159.h.tsv.gz	87120022	4182371	5730	0.00137	0	0	0	16	5714	/data/opengwasdb/metabolome-plasma-2023/releases/2023-chen-full-east-asian/filtered/GCST90202159_GCST90202159.filtered.tsv.gz	159780	sha256	963ca6fb5b36f996a38c52db8fff154d74ee5a4b368130844081842bca59bfb3	3.1	11.8	14.9
GCST90202160	ok	""	1	0	http://ftp.ebi.ac.uk/pub/databases/gwas/summary_statistics/GCST90202001-GCST90203000/GCST90202160/harmonised/GCST90202160.h.tsv.gz	87584731	4187907	11422	0.002727	0	2	5686	20	5728	/data/opengwasdb/metabolome-plasma-2023/releases/2023-chen-full-east-asian/filtered/GCST90202160_GCST90202160.filtered.tsv.gz	274009	sha256	dec7507a2f7b69f6882bdce3e94c0e2e2764b6b3dcc583176fa5fe9f988f98ba	5.1	10.9	16.1
GCST90202161	ok	""	1	0	http://ftp.ebi.ac.uk/pub/databases/gwas/summary_statistics/GCST90202001-GCST90203000/GCST90202161/harmonised/GCST90202161.h.tsv.gz	80877669	4088800	5585	0.001366	0	0	0	26	5559	/data/opengwasdb/metabolome-plasma-2023/releases/2023-chen-full-east-asian/filtered/GCST90202161_GCST90202161.filtered.tsv.gz	156387	sha256	f1b2ed233c2f4cd11a5660be4287926da4d42b5101f195deab1717e0597f355b	2.7	10.9	13.6
GCST90202162	ok	""	1	0	http://ftp.ebi.ac.uk/pub/databases/gwas/summary_statistics/GCST90202001-GCST90203000/GCST90202162/harmonised/GCST90202162.h.tsv.gz	83747015	4212339	5790	0.001375	0	0	0	17	5773	/data/opengwasdb/metabolome-plasma-2023/releases/2023-chen-full-east-asian/filtered/GCST90202162_GCST90202162.filtered.tsv.gz	161405	sha256	bc70e21a76f61ea98dcd2f611038aca55c9393b6a7d62fdf7521b29db1bdf7e4	3.1	9.9	13
GCST90202163	ok	""	1	0	http://ftp.ebi.ac.uk/pub/databases/gwas/summary_statistics/GCST90202001-GCST90203000/GCST90202163/harmonised/GCST90202163.h.tsv.gz	85948437	4199894	5742	0.001367	0	0	0	17	5726	/data/opengwasdb/metabolome-plasma-2023/releases/2023-chen-full-east-asian/filtered/GCST90202163_GCST90202163.filtered.tsv.gz	159818	sha256	13baf47e62402005762336435ef9f37f3dd11832ae61a28e98767b80ab07a4c0	3.9	9.7	13.6
GCST90202164	ok	""	1	0	http://ftp.ebi.ac.uk/pub/databases/gwas/summary_statistics/GCST90202001-GCST90203000/GCST90202164/harmonised/GCST90202164.h.tsv.gz	83302462	4188452	5724	0.001367	0	0	0	10	5714	/data/opengwasdb/metabolome-plasma-2023/releases/2023-chen-full-east-asian/filtered/GCST90202164_GCST90202164.filtered.tsv.gz	159761	sha256	536a379f47c4fe739697a05a55da295476b091164c800c77d91d86b7f8fd88b3	5	10.7	15.7
GCST90202165	ok	""	1	0	http://ftp.ebi.ac.uk/pub/databases/gwas/summary_statistics/GCST90202001-GCST90203000/GCST90202165/harmonised/GCST90202165.h.tsv.gz	87270243	4171012	5710	0.001369	0	0	0	14	5696	/data/opengwasdb/metabolome-plasma-2023/releases/2023-chen-full-east-asian/filtered/GCST90202165_GCST90202165.filtered.tsv.gz	159122	sha256	e556521f6d4ce5c4c0fb00fd3ab50d45b92e5bc46af6592fa3a3eb8e8e91ef50	4.7	10	14.7
GCST90202166	ok	""	1	0	http://ftp.ebi.ac.uk/pub/databases/gwas/summary_statistics/GCST90202001-GCST90203000/GCST90202166/harmonised/GCST90202166.h.tsv.gz	87534302	4185880	5733	0.00137	0	0	0	15	5718	/data/opengwasdb/metabolome-plasma-2023/releases/2023-chen-full-east-asian/filtered/GCST90202166_GCST90202166.filtered.tsv.gz	159929	sha256	db48ef1e04c2f63e1b6e913fa6bcbf9268196f3ece17919aecce9a3f2cfe7d45	5.7	11.1	16.8
GCST90202167	ok	""	1	0	http://ftp.ebi.ac.uk/pub/databases/gwas/summary_statistics/GCST90202001-GCST90203000/GCST90202167/harmonised/GCST90202167.h.tsv.gz	83486824	4202637	5768	0.001372	0	0	0	19	5749	/data/opengwasdb/metabolome-plasma-2023/releases/2023-chen-full-east-asian/filtered/GCST90202167_GCST90202167.filtered.tsv.gz	160828	sha256	f2686293d7757a25f26dfaf5015bfc98c6785e99d901739763698be57007d372	6	11.1	17.1
GCST90202168	ok	""	1	0	http://ftp.ebi.ac.uk/pub/databases/gwas/summary_statistics/GCST90202001-GCST90203000/GCST90202168/harmonised/GCST90202168.h.tsv.gz	87606165	4187452	5733	0.001369	0	0	0	15	5718	/data/opengwasdb/metabolome-plasma-2023/releases/2023-chen-full-east-asian/filtered/GCST90202168_GCST90202168.filtered.tsv.gz	160008	sha256	4a29a0bd5674073a35c0e1f47dddd0b386c1d4218d8871f81671c619e05a01b2	6.2	10.6	16.8
GCST90202169	ok	""	1	0	http://ftp.ebi.ac.uk/pub/databases/gwas/summary_statistics/GCST90202001-GCST90203000/GCST90202169/harmonised/GCST90202169.h.tsv.gz	87524439	4186837	7523	0.001797	0	1	1800	12	5716	/data/opengwasdb/metabolome-plasma-2023/releases/2023-chen-full-east-asian/filtered/GCST90202169_GCST90202169.filtered.tsv.gz	193348	sha256	6f0a7b578820917b709265774354b26922bd01cc92e2573f74ff422a278009b3	5.9	11.2	17.1
GCST90202170	ok	""	1	0	http://ftp.ebi.ac.uk/pub/databases/gwas/summary_statistics/GCST90202001-GCST90203000/GCST90202170/harmonised/GCST90202170.h.tsv.gz	87637506	4188744	5743	0.001371	0	0	0	18	5725	/data/opengwasdb/metabolome-plasma-2023/releases/2023-chen-full-east-asian/filtered/GCST90202170_GCST90202170.filtered.tsv.gz	160163	sha256	394fefd8cbf6bd3fface6b63c34bdf7ba224ca6d0634dda3d96cbf1e0e36c33a	6.4	10.1	16.5
GCST90202171	ok	""	1	0	http://ftp.ebi.ac.uk/pub/databases/gwas/summary_statistics/GCST90202001-GCST90203000/GCST90202171/harmonised/GCST90202171.h.tsv.gz	87724973	4231517	5805	0.001372	0	0	0	25	5780	/data/opengwasdb/metabolome-plasma-2023/releases/2023-chen-full-east-asian/filtered/GCST90202171_GCST90202171.filtered.tsv.gz	162286	sha256	a7e572d445003c282ae1b851dfb05ba7df70f3cf68168978030c019841d4565f	6.4	10.6	17
GCST90202172	ok	""	1	0	http://ftp.ebi.ac.uk/pub/databases/gwas/summary_statistics/GCST90202001-GCST90203000/GCST90202172/harmonised/GCST90202172.h.tsv.gz	83149882	4176280	5736	0.001373	0	0	0	23	5713	/data/opengwasdb/metabolome-plasma-2023/releases/2023-chen-full-east-asian/filtered/GCST90202172_GCST90202172.filtered.tsv.gz	160030	sha256	803a987fe69df4c58c35cd81a8b27d6b05f74d850ceac8c56dc1866378b348da	6.2	11	17.3
GCST90202173	ok	""	1	0	http://ftp.ebi.ac.uk/pub/databases/gwas/summary_statistics/GCST90202001-GCST90203000/GCST90202173/harmonised/GCST90202173.h.tsv.gz	87275527	4171012	5722	0.001372	0	0	0	26	5696	/data/opengwasdb/metabolome-plasma-2023/releases/2023-chen-full-east-asian/filtered/GCST90202173_GCST90202173.filtered.tsv.gz	159630	sha256	59c4bd225c0203b2b74d3ebe360bd5d09bec645427a5bf3a4ce45d1a88450ae7	6.3	10.6	17
GCST90202174	ok	""	1	0	http://ftp.ebi.ac.uk/pub/databases/gwas/summary_statistics/GCST90202001-GCST90203000/GCST90202174/harmonised/GCST90202174.h.tsv.gz	87546412	4185880	8569	0.002047	0	1	2837	19	5718	/data/opengwasdb/metabolome-plasma-2023/releases/2023-chen-full-east-asian/filtered/GCST90202174_GCST90202174.filtered.tsv.gz	212721	sha256	989681e119ab582e631e683006794cf3d0b3fbd7d3b5a6bb431aecbb4b03498e	5.4	11.6	16.9
GCST90202175	ok	""	1	0	http://ftp.ebi.ac.uk/pub/databases/gwas/summary_statistics/GCST90202001-GCST90203000/GCST90202175/harmonised/GCST90202175.h.tsv.gz	87297828	4171012	8867	0.002126	0	1	3157	19	5696	/data/opengwasdb/metabolome-plasma-2023/releases/2023-chen-full-east-asian/filtered/GCST90202175_GCST90202175.filtered.tsv.gz	217266	sha256	43e8660814a4e11bff2197e3bea2fd486d04f05e135bb3b451bfe881be22dff4	5.7	10.9	16.6
GCST90202176	ok	""	1	0	http://ftp.ebi.ac.uk/pub/databases/gwas/summary_statistics/GCST90202001-GCST90203000/GCST90202176/harmonised/GCST90202176.h.tsv.gz	87623465	4214011	5782	0.001372	0	0	0	16	5766	/data/opengwasdb/metabolome-plasma-2023/releases/2023-chen-full-east-asian/filtered/GCST90202176_GCST90202176.filtered.tsv.gz	161130	sha256	81a2c8d61ec41d338923756cae1b5d21b7d7700a15158c086a8486c870bdac0a	5.7	11	16.7
GCST90202177	ok	""	1	0	http://ftp.ebi.ac.uk/pub/databases/gwas/summary_statistics/GCST90202001-GCST90203000/GCST90202177/harmonised/GCST90202177.h.tsv.gz	87563494	4186573	5740	0.001371	0	0	0	16	5724	/data/opengwasdb/metabolome-plasma-2023/releases/2023-chen-full-east-asian/filtered/GCST90202177_GCST90202177.filtered.tsv.gz	160133	sha256	2c888f12911ce786267276e2925f4c492961ac2c7b46f4a6f44f91e9ba478fe0	4.7	9.7	14.4
GCST90202178	ok	""	1	0	http://ftp.ebi.ac.uk/pub/databases/gwas/summary_statistics/GCST90202001-GCST90203000/GCST90202178/harmonised/GCST90202178.h.tsv.gz	83448693	4194431	5760	0.001373	0	0	0	20	5740	/data/opengwasdb/metabolome-plasma-2023/releases/2023-chen-full-east-asian/filtered/GCST90202178_GCST90202178.filtered.tsv.gz	160764	sha256	c8db1b42f185b919480e0846899e97205ecb3d596ed89b0fc44e3dc97f8ab6dc	4.1	9.5	13.6
GCST90202179	ok	""	1	0	http://ftp.ebi.ac.uk/pub/databases/gwas/summary_statistics/GCST90202001-GCST90203000/GCST90202179/harmonised/GCST90202179.h.tsv.gz	83903770	4086032	9105	0.002228	0	1	3532	17	5560	/data/opengwasdb/metabolome-plasma-2023/releases/2023-chen-full-east-asian/filtered/GCST90202179_GCST90202179.filtered.tsv.gz	221959	sha256	788beaeca051dc5eb85348eae2da4cf1ea04683b1c925100cb7c6a3bbddbee97	5	10.6	15.6
GCST90202180	ok	""	1	0	http://ftp.ebi.ac.uk/pub/databases/gwas/summary_statistics/GCST90202001-GCST90203000/GCST90202180/harmonised/GCST90202180.h.tsv.gz	84480783	4115552	5601	0.001361	0	0	0	20	5581	/data/opengwasdb/metabolome-plasma-2023/releases/2023-chen-full-east-asian/filtered/GCST90202180_GCST90202180.filtered.tsv.gz	156068	sha256	30bad46247c4a4018f6bc92b021a852d262b2e99a183baaf7859c6e9b2de5b11	4.7	11.5	16.2
GCST90202181	ok	""	1	0	http://ftp.ebi.ac.uk/pub/databases/gwas/summary_statistics/GCST90202001-GCST90203000/GCST90202181/harmonised/GCST90202181.h.tsv.gz	85733306	4190355	5744	0.001371	0	0	0	27	5717	/data/opengwasdb/metabolome-plasma-2023/releases/2023-chen-full-east-asian/filtered/GCST90202181_GCST90202181.filtered.tsv.gz	159905	sha256	4be783ecfd062348dd815e9bbb247c70cca50be5585de6717d005858e2bd0520	6.4	11	17.4
GCST90202182	ok	""	1	0	http://ftp.ebi.ac.uk/pub/databases/gwas/summary_statistics/GCST90202001-GCST90203000/GCST90202182/harmonised/GCST90202182.h.tsv.gz	87736917	4200341	5751	0.001369	0	0	0	13	5738	/data/opengwasdb/metabolome-plasma-2023/releases/2023-chen-full-east-asian/filtered/GCST90202182_GCST90202182.filtered.tsv.gz	160240	sha256	cb5d147977d63589d2d8959900b1c1ddd1b87e6e0004ab304e10e10d4aeca000	5.4	10.3	15.7
GCST90202183	ok	""	1	0	http://ftp.ebi.ac.uk/pub/databases/gwas/summary_statistics/GCST90202001-GCST90203000/GCST90202183/harmonised/GCST90202183.h.tsv.gz	87592512	4187705	8818	0.002106	0	1	3079	17	5729	/data/opengwasdb/metabolome-plasma-2023/releases/2023-chen-full-east-asian/filtered/GCST90202183_GCST90202183.filtered.tsv.gz	221668	sha256	c8e64d05319c9ea9831f23e1a46284a3eb4c70b874f9051045efab7eaadae4e9	6.2	11.2	17.4
GCST90202184	ok	""	1	0	http://ftp.ebi.ac.uk/pub/databases/gwas/summary_statistics/GCST90202001-GCST90203000/GCST90202184/harmonised/GCST90202184.h.tsv.gz	87605346	4187902	5741	0.001371	0	0	0	12	5729	/data/opengwasdb/metabolome-plasma-2023/releases/2023-chen-full-east-asian/filtered/GCST90202184_GCST90202184.filtered.tsv.gz	160153	sha256	fd977a12a1c24b993f5dd4f45152aa4cfe34b1bc60ab78000ac2309115c6fedf	5.8	11.4	17.2
GCST90202185	ok	""	1	0	http://ftp.ebi.ac.uk/pub/databases/gwas/summary_statistics/GCST90202001-GCST90203000/GCST90202185/harmonised/GCST90202185.h.tsv.gz	87279085	4171012	13149	0.003152	0	2	7423	37	5696	/data/opengwasdb/metabolome-plasma-2023/releases/2023-chen-full-east-asian/filtered/GCST90202185_GCST90202185.filtered.tsv.gz	299276	sha256	0841eb629daa7a9b2c2175a72e9582f7405fee394736fde745746b642018cab2	5.6	11.8	17.5
GCST90202186	ok	""	1	0	http://ftp.ebi.ac.uk/pub/databases/gwas/summary_statistics/GCST90202001-GCST90203000/GCST90202186/harmonised/GCST90202186.h.tsv.gz	87265076	4171012	5729	0.001374	0	0	0	33	5696	/data/opengwasdb/metabolome-plasma-2023/releases/2023-chen-full-east-asian/filtered/GCST90202186_GCST90202186.filtered.tsv.gz	159804	sha256	944feae4ee9350e0e3976119a797181983fac396d2fbf82054a44dd2a0cf4f66	6.3	11	17.3
GCST90202187	ok	""	1	0	http://ftp.ebi.ac.uk/pub/databases/gwas/summary_statistics/GCST90202001-GCST90203000/GCST90202187/harmonised/GCST90202187.h.tsv.gz	83416503	4194431	8703	0.002075	0	1	2953	15	5740	/data/opengwasdb/metabolome-plasma-2023/releases/2023-chen-full-east-asian/filtered/GCST90202187_GCST90202187.filtered.tsv.gz	215604	sha256	e2aa0c43c8b1298506835420d100744911c3b1228a2a552ad74b1a9589c6ffff	5.2	11.1	16.3
GCST90202188	ok	""	1	0	http://ftp.ebi.ac.uk/pub/databases/gwas/summary_statistics/GCST90202001-GCST90203000/GCST90202188/harmonised/GCST90202188.h.tsv.gz	87628582	4188744	8472	0.002023	0	1	2737	14	5725	/data/opengwasdb/metabolome-plasma-2023/releases/2023-chen-full-east-asian/filtered/GCST90202188_GCST90202188.filtered.tsv.gz	210432	sha256	ced5a61f4b6703626f39ab54cfc5ce11ebdb274a2d21c639e91de2fbf376c6a6	4.9	11.1	15.9
GCST90202189	ok	""	1	0	http://ftp.ebi.ac.uk/pub/databases/gwas/summary_statistics/GCST90202001-GCST90203000/GCST90202189/harmonised/GCST90202189.h.tsv.gz	87291101	4171012	8223	0.001971	0	1	2515	14	5696	/data/opengwasdb/metabolome-plasma-2023/releases/2023-chen-full-east-asian/filtered/GCST90202189_GCST90202189.filtered.tsv.gz	214136	sha256	c2895b7691b76f68425161ef87f65c5ecbe3b13938ee53634d0c4180218ec10b	6.1	10.1	16.2
GCST90202190	ok	""	1	0	http://ftp.ebi.ac.uk/pub/databases/gwas/summary_statistics/GCST90202001-GCST90203000/GCST90202190/harmonised/GCST90202190.h.tsv.gz	86894951	4191730	5718	0.001364	0	0	0	17	5701	/data/opengwasdb/metabolome-plasma-2023/releases/2023-chen-full-east-asian/filtered/GCST90202190_GCST90202190.filtered.tsv.gz	159816	sha256	5efab53a6ec0f2e2263062bd3579db2b984823782feef3b23e5e65a5e753ec4c	4.5	9.7	14.3
GCST90202191	ok	""	1	0	http://ftp.ebi.ac.uk/pub/databases/gwas/summary_statistics/GCST90202001-GCST90203000/GCST90202191/harmonised/GCST90202191.h.tsv.gz	84596662	4118314	5630	0.001367	0	0	0	24	5606	/data/opengwasdb/metabolome-plasma-2023/releases/2023-chen-full-east-asian/filtered/GCST90202191_GCST90202191.filtered.tsv.gz	156984	sha256	4d22c82ec0ad7408359fa5736a25ad72400d93a86ccdc68ba3c9f2b83e88006a	5.1	10.3	15.5
GCST90202192	ok	""	1	0	http://ftp.ebi.ac.uk/pub/databases/gwas/summary_statistics/GCST90202001-GCST90203000/GCST90202192/harmonised/GCST90202192.h.tsv.gz	87506921	4184887	5730	0.001369	0	0	0	9	5721	/data/opengwasdb/metabolome-plasma-2023/releases/2023-chen-full-east-asian/filtered/GCST90202192_GCST90202192.filtered.tsv.gz	159719	sha256	6ff8bda08c997177707c480cd1f3ddaafabfacb33e452dc4f5f9a78c7431cba3	6.3	11.4	17.7
GCST90202193	ok	""	1	0	http://ftp.ebi.ac.uk/pub/databases/gwas/summary_statistics/GCST90202001-GCST90203000/GCST90202193/harmonised/GCST90202193.h.tsv.gz	82552388	4179730	5745	0.001374	0	0	0	11	5734	/data/opengwasdb/metabolome-plasma-2023/releases/2023-chen-full-east-asian/filtered/GCST90202193_GCST90202193.filtered.tsv.gz	160802	sha256	0dbd849b62665284318962d92e9a6090a8b8c25443222286a35e7e7a496c5505	6	10.6	16.6
GCST90202194	ok	""	1	0	http://ftp.ebi.ac.uk/pub/databases/gwas/summary_statistics/GCST90202001-GCST90203000/GCST90202194/harmonised/GCST90202194.h.tsv.gz	82989934	4171012	5708	0.001368	0	0	0	12	5696	/data/opengwasdb/metabolome-plasma-2023/releases/2023-chen-full-east-asian/filtered/GCST90202194_GCST90202194.filtered.tsv.gz	159187	sha256	482a2efb22a1297af87d1251c2a45a3ecc25f2080dba0640a619d018c86389ad	4.7	10	14.7
GCST90202195	ok	""	1	0	http://ftp.ebi.ac.uk/pub/databases/gwas/summary_statistics/GCST90202001-GCST90203000/GCST90202195/harmonised/GCST90202195.h.tsv.gz	87542918	4185880	8822	0.002108	0	1	3101	9	5718	/data/opengwasdb/metabolome-plasma-2023/releases/2023-chen-full-east-asian/filtered/GCST90202195_GCST90202195.filtered.tsv.gz	221424	sha256	eef9a1fc33b4b044003f1d37cc440ea6fc0f5b97ea6fb95efaa8df66e00e2fbd	5.5	11.2	16.7
GCST90202196	ok	""	1	0	http://ftp.ebi.ac.uk/pub/databases/gwas/summary_statistics/GCST90202001-GCST90203000/GCST90202196/harmonised/GCST90202196.h.tsv.gz	86475322	4162321	5702	0.00137	0	0	0	30	5672	/data/opengwasdb/metabolome-plasma-2023/releases/2023-chen-full-east-asian/filtered/GCST90202196_GCST90202196.filtered.tsv.gz	159367	sha256	eebf0bbd662a5dc1afc456170f1c8929bab40feccdb2be1543fc2fe1e348a2a5	6.2	11.6	17.8
GCST90202197	ok	""	1	0	http://ftp.ebi.ac.uk/pub/databases/gwas/summary_statistics/GCST90202001-GCST90203000/GCST90202197/harmonised/GCST90202197.h.tsv.gz	79460841	4137839	12314	0.002976	0	2	6669	21	5634	/data/opengwasdb/metabolome-plasma-2023/releases/2023-chen-full-east-asian/filtered/GCST90202197_GCST90202197.filtered.tsv.gz	292252	sha256	9ee17895436ddb426103173c979db85a2e3903705f81f9a887ad8006fab1229b	5.3	11.4	16.7
GCST90202198	ok	""	1	0	http://ftp.ebi.ac.uk/pub/databases/gwas/summary_statistics/GCST90202001-GCST90203000/GCST90202198/harmonised/GCST90202198.h.tsv.gz	81271800	4065121	8286	0.002038	0	1	2779	20	5490	/data/opengwasdb/metabolome-plasma-2023/releases/2023-chen-full-east-asian/filtered/GCST90202198_GCST90202198.filtered.tsv.gz	208020	sha256	1c2b22b2480df5a878e8843731835b788aaf3c8c1f35ec9ff756676111355627	5.7	10.9	16.6
GCST90202199	ok	""	1	0	http://ftp.ebi.ac.uk/pub/databases/gwas/summary_statistics/GCST90202001-GCST90203000/GCST90202199/harmonised/GCST90202199.h.tsv.gz	81250561	4108854	5612	0.001366	0	0	0	20	5592	/data/opengwasdb/metabolome-plasma-2023/releases/2023-chen-full-east-asian/filtered/GCST90202199_GCST90202199.filtered.tsv.gz	157096	sha256	314a8afb0026b4b8a8538aa5ba708f67e538b5ee4e21ca52336d8a78bc445e87	5.8	10.4	16.2
GCST90202200	ok	""	1	0	http://ftp.ebi.ac.uk/pub/databases/gwas/summary_statistics/GCST90202001-GCST90203000/GCST90202200/harmonised/GCST90202200.h.tsv.gz	83279341	4189154	5751	0.001373	0	0	0	28	5723	/data/opengwasdb/metabolome-plasma-2023/releases/2023-chen-full-east-asian/filtered/GCST90202200_GCST90202200.filtered.tsv.gz	160363	sha256	268cbe6e7612c4ce032628b3fbbbc6a546de27da0e7b9ec7db5e5c09a98f0418	5.6	11.2	16.9
GCST90202201	ok	""	1	0	http://ftp.ebi.ac.uk/pub/databases/gwas/summary_statistics/GCST90202001-GCST90203000/GCST90202201/harmonised/GCST90202201.h.tsv.gz	82978356	4171012	5712	0.001369	0	0	0	16	5696	/data/opengwasdb/metabolome-plasma-2023/releases/2023-chen-full-east-asian/filtered/GCST90202201_GCST90202201.filtered.tsv.gz	159296	sha256	56564bb5b1a1ca5f5cdaf0cdc51ef322bbb86161128c42d75ac5720c05cae0e8	3.7	10.8	14.6
GCST90202202	ok	""	1	0	http://ftp.ebi.ac.uk/pub/databases/gwas/summary_statistics/GCST90202001-GCST90203000/GCST90202202/harmonised/GCST90202202.h.tsv.gz	84097530	4241744	5842	0.001377	0	0	0	16	5826	/data/opengwasdb/metabolome-plasma-2023/releases/2023-chen-full-east-asian/filtered/GCST90202202_GCST90202202.filtered.tsv.gz	162357	sha256	17dd10e4d5eb87ae62a93c75ff3b9d6a4823d6f61bf42999d62759a1627496a4	3.3	10.6	13.8
GCST90202203	ok	""	1	0	http://ftp.ebi.ac.uk/pub/databases/gwas/summary_statistics/GCST90202001-GCST90203000/GCST90202203/harmonised/GCST90202203.h.tsv.gz	83755506	4220180	5798	0.001374	0	0	0	23	5775	/data/opengwasdb/metabolome-plasma-2023/releases/2023-chen-full-east-asian/filtered/GCST90202203_GCST90202203.filtered.tsv.gz	161375	sha256	80c7b931328b713c4c10fcccffc87a7a43e71ae0a6116596588d96bd2bd2ff40	7.3	11.2	18.5
GCST90202204	ok	""	1	0	http://ftp.ebi.ac.uk/pub/databases/gwas/summary_statistics/GCST90202001-GCST90203000/GCST90202204/harmonised/GCST90202204.h.tsv.gz	87792925	4240604	5830	0.001375	0	0	0	32	5798	/data/opengwasdb/metabolome-plasma-2023/releases/2023-chen-full-east-asian/filtered/GCST90202204_GCST90202204.filtered.tsv.gz	162618	sha256	a4b4d9bcc43ba72940bf39fb38580d7179221fa029ef1e007aa2934a906a71a2	3.8	11	14.8
GCST90202205	ok	""	1	0	http://ftp.ebi.ac.uk/pub/databases/gwas/summary_statistics/GCST90202001-GCST90203000/GCST90202205/harmonised/GCST90202205.h.tsv.gz	87777695	4202981	5764	0.001371	0	0	0	17	5747	/data/opengwasdb/metabolome-plasma-2023/releases/2023-chen-full-east-asian/filtered/GCST90202205_GCST90202205.filtered.tsv.gz	160549	sha256	ce7afe1125faf67236f23de55a596679c1d6d1ec23319ff09b8ef4449740107d	4	10.4	14.4
GCST90202206	ok	""	1	0	http://ftp.ebi.ac.uk/pub/databases/gwas/summary_statistics/GCST90202001-GCST90203000/GCST90202206/harmonised/GCST90202206.h.tsv.gz	81492244	4124721	9693	0.00235	0	1	4047	34	5617	/data/opengwasdb/metabolome-plasma-2023/releases/2023-chen-full-east-asian/filtered/GCST90202206_GCST90202206.filtered.tsv.gz	239304	sha256	77c1656b3e5076be4d113b988dbcf0f28a9a9e5ea2ebcf7eea81cc68d9e62159	6.4	11	17.4
GCST90202207	ok	""	1	0	http://ftp.ebi.ac.uk/pub/databases/gwas/summary_statistics/GCST90202001-GCST90203000/GCST90202207/harmonised/GCST90202207.h.tsv.gz	80853104	4112615	9282	0.002257	0	1	3663	30	5594	/data/opengwasdb/metabolome-plasma-2023/releases/2023-chen-full-east-asian/filtered/GCST90202207_GCST90202207.filtered.tsv.gz	227801	sha256	5a3a314ace70f5d4673f5e505dfe3d4b9916a80b350df4cefbcb9a429b1b0633	2.9	9.5	12.4
GCST90202208	ok	""	1	0	http://ftp.ebi.ac.uk/pub/databases/gwas/summary_statistics/GCST90202001-GCST90203000/GCST90202208/harmonised/GCST90202208.h.tsv.gz	80345330	4118370	5622	0.001365	0	0	0	17	5605	/data/opengwasdb/metabolome-plasma-2023/releases/2023-chen-full-east-asian/filtered/GCST90202208_GCST90202208.filtered.tsv.gz	156691	sha256	f4859997c8fb4ce191e254cc8185a55a19d8bea6c027c80ab4332813737aa548	6.5	11.6	18.1
GCST90202209	ok	""	1	0	http://ftp.ebi.ac.uk/pub/databases/gwas/summary_statistics/GCST90202001-GCST90203000/GCST90202209/harmonised/GCST90202209.h.tsv.gz	87415914	4214807	9484	0.00225	0	1	3721	15	5753	/data/opengwasdb/metabolome-plasma-2023/releases/2023-chen-full-east-asian/filtered/GCST90202209_GCST90202209.filtered.tsv.gz	229493	sha256	cdab663d0d4195ddde3d1438af44a8ba95854dcb0cd00bdda86281c18aa317d9	5.1	11.3	16.4
GCST90202210	ok	""	1	0	http://ftp.ebi.ac.uk/pub/databases/gwas/summary_statistics/GCST90202001-GCST90203000/GCST90202210/harmonised/GCST90202210.h.tsv.gz	87280050	4171012	5715	0.00137	0	0	0	19	5696	/data/opengwasdb/metabolome-plasma-2023/releases/2023-chen-full-east-asian/filtered/GCST90202210_GCST90202210.filtered.tsv.gz	159371	sha256	af0d0e52b7bbfe0aa00ebcb0917f3c24ae1d3be6d461542eb1e41f3b15faca3f	6.3	10.4	16.7
GCST90202211	ok	""	1	0	http://ftp.ebi.ac.uk/pub/databases/gwas/summary_statistics/GCST90202001-GCST90203000/GCST90202211/harmonised/GCST90202211.h.tsv.gz	87535478	4185880	8674	0.002072	0	1	2940	21	5718	/data/opengwasdb/metabolome-plasma-2023/releases/2023-chen-full-east-asian/filtered/GCST90202211_GCST90202211.filtered.tsv.gz	215019	sha256	de9d5e9059378bd2c8c4a2a02a31a7ab85e8138bd7803638367b1439f1746aec	6.2	11.8	18
GCST90202212	ok	""	1	0	http://ftp.ebi.ac.uk/pub/databases/gwas/summary_statistics/GCST90202001-GCST90203000/GCST90202212/harmonised/GCST90202212.h.tsv.gz	84169972	4085122	5557	0.00136	0	0	0	19	5538	/data/opengwasdb/metabolome-plasma-2023/releases/2023-chen-full-east-asian/filtered/GCST90202212_GCST90202212.filtered.tsv.gz	155277	sha256	4f0e797b7157e33408b056b8cbb814268fd35022e10fe585695c79a74e89122c	4.6	11.1	15.6
GCST90202213	ok	""	1	0	http://ftp.ebi.ac.uk/pub/databases/gwas/summary_statistics/GCST90202001-GCST90203000/GCST90202213/harmonised/GCST90202213.h.tsv.gz	83776160	4219083	5786	0.001371	0	0	0	21	5765	/data/opengwasdb/metabolome-plasma-2023/releases/2023-chen-full-east-asian/filtered/GCST90202213_GCST90202213.filtered.tsv.gz	160998	sha256	ec16bfdc15f46d20c52b7d7135b3a269be3f18db16ae31507175f91288814447	6.2	10.1	16.2
GCST90202214	ok	""	1	0	http://ftp.ebi.ac.uk/pub/databases/gwas/summary_statistics/GCST90202001-GCST90203000/GCST90202214/harmonised/GCST90202214.h.tsv.gz	82939440	4171012	9449	0.002265	0	1	3739	17	5696	/data/opengwasdb/metabolome-plasma-2023/releases/2023-chen-full-east-asian/filtered/GCST90202214_GCST90202214.filtered.tsv.gz	234784	sha256	619e5f12be8e23820511148d21d85f6243a0a20cec7904bf1e34b4a014a18763	6.4	11.6	18.1
GCST90202215	ok	""	1	0	http://ftp.ebi.ac.uk/pub/databases/gwas/summary_statistics/GCST90202001-GCST90203000/GCST90202215/harmonised/GCST90202215.h.tsv.gz	87276154	4171012	5714	0.00137	0	0	0	18	5696	/data/opengwasdb/metabolome-plasma-2023/releases/2023-chen-full-east-asian/filtered/GCST90202215_GCST90202215.filtered.tsv.gz	159396	sha256	77fd4d7ae6997d5b1c7eb9949223535a52f0897b9608eb98da9679295f32b0f5	7.8	11.1	18.9
GCST90202216	ok	""	1	0	http://ftp.ebi.ac.uk/pub/databases/gwas/summary_statistics/GCST90202001-GCST90203000/GCST90202216/harmonised/GCST90202216.h.tsv.gz	76905157	4080425	5613	0.001376	0	0	0	17	5596	/data/opengwasdb/metabolome-plasma-2023/releases/2023-chen-full-east-asian/filtered/GCST90202216_GCST90202216.filtered.tsv.gz	155731	sha256	b44d4d2689dcbe94a1f4b46d35ef18bfd648bd5e4fcbf2ed817216cdbabd653a	8.8	10.3	19.2
GCST90202217	ok	""	1	0	http://ftp.ebi.ac.uk/pub/databases/gwas/summary_statistics/GCST90202001-GCST90203000/GCST90202217/harmonised/GCST90202217.h.tsv.gz	82562392	4259183	5866	0.001377	0	0	0	36	5830	/data/opengwasdb/metabolome-plasma-2023/releases/2023-chen-full-east-asian/filtered/GCST90202217_GCST90202217.filtered.tsv.gz	162442	sha256	032ab5130ddd7add3a46052c6037e205500c903c2be44594253277f5a018b462	8.5	10.2	18.8
GCST90202218	ok	""	1	0	http://ftp.ebi.ac.uk/pub/databases/gwas/summary_statistics/GCST90202001-GCST90203000/GCST90202218/harmonised/GCST90202218.h.tsv.gz	82943196	4171012	5714	0.00137	0	0	0	18	5696	/data/opengwasdb/metabolome-plasma-2023/releases/2023-chen-full-east-asian/filtered/GCST90202218_GCST90202218.filtered.tsv.gz	159294	sha256	d24f7be54ecc05557e09ae3b18548f5f4863cfed5e9340b9fdeca9ead424e3be	4.5	10.9	15.4
GCST90202219	ok	""	1	0	http://ftp.ebi.ac.uk/pub/databases/gwas/summary_statistics/GCST90202001-GCST90203000/GCST90202219/harmonised/GCST90202219.h.tsv.gz	87280135	4171012	5718	0.001371	0	0	0	22	5696	/data/opengwasdb/metabolome-plasma-2023/releases/2023-chen-full-east-asian/filtered/GCST90202219_GCST90202219.filtered.tsv.gz	159465	sha256	14311f9b6049a329325d48e5cd13ae134a45e3f2b02d9680adfea5ad6bf7a1ea	6.8	11.3	18.1
GCST90202220	ok	""	1	0	http://ftp.ebi.ac.uk/pub/databases/gwas/summary_statistics/GCST90202001-GCST90203000/GCST90202220/harmonised/GCST90202220.h.tsv.gz	87310460	4171012	7380	0.001769	0	1	1672	16	5696	/data/opengwasdb/metabolome-plasma-2023/releases/2023-chen-full-east-asian/filtered/GCST90202220_GCST90202220.filtered.tsv.gz	194140	sha256	0f15abef2151af24fcd0f9f42c62232f37277d87d931c3bac03ea5b3e19c6e50	8.6	12.1	20.7
GCST90202221	ok	""	1	0	http://ftp.ebi.ac.uk/pub/databases/gwas/summary_statistics/GCST90202001-GCST90203000/GCST90202221/harmonised/GCST90202221.h.tsv.gz	82966228	4171012	5706	0.001368	0	0	0	10	5696	/data/opengwasdb/metabolome-plasma-2023/releases/2023-chen-full-east-asian/filtered/GCST90202221_GCST90202221.filtered.tsv.gz	159169	sha256	0cee678acf443d7dc6c392f140464afa97066c1fcc1d08a4c945ac3b0f8455c0	7.9	11.3	19.1
GCST90202222	ok	""	1	0	http://ftp.ebi.ac.uk/pub/databases/gwas/summary_statistics/GCST90202001-GCST90203000/GCST90202222/harmonised/GCST90202222.h.tsv.gz	82994652	4171012	7916	0.001898	0	1	2202	19	5696	/data/opengwasdb/metabolome-plasma-2023/releases/2023-chen-full-east-asian/filtered/GCST90202222_GCST90202222.filtered.tsv.gz	203690	sha256	4d1da25bd8550471e0e7334954b3160b91367d9d23a5373c92e2a1df1eac011e	6.8	11.8	18.6
GCST90202223	ok	""	1	0	http://ftp.ebi.ac.uk/pub/databases/gwas/summary_statistics/GCST90202001-GCST90203000/GCST90202223/harmonised/GCST90202223.h.tsv.gz	87753941	4199943	5774	0.001375	0	0	0	26	5748	/data/opengwasdb/metabolome-plasma-2023/releases/2023-chen-full-east-asian/filtered/GCST90202223_GCST90202223.filtered.tsv.gz	161022	sha256	4fa2a266f025de90e394836a16d3766f7f9f547cc22513b4423d0542f9f96d32	7.7	10.9	18.6
GCST90202224	ok	""	1	0	http://ftp.ebi.ac.uk/pub/databases/gwas/summary_statistics/GCST90202001-GCST90203000/GCST90202224/harmonised/GCST90202224.h.tsv.gz	85289057	4098936	5583	0.001362	0	0	0	11	5572	/data/opengwasdb/metabolome-plasma-2023/releases/2023-chen-full-east-asian/filtered/GCST90202224_GCST90202224.filtered.tsv.gz	155908	sha256	f5492739df5ea3def1e9ae06c32b9d90afcfbcf886d8a5b77223508fa285d457	3.8	11.8	15.6
GCST90202225	ok	""	1	0	http://ftp.ebi.ac.uk/pub/databases/gwas/summary_statistics/GCST90202001-GCST90203000/GCST90202225/harmonised/GCST90202225.h.tsv.gz	82356491	4061643	5530	0.001362	0	0	0	18	5512	/data/opengwasdb/metabolome-plasma-2023/releases/2023-chen-full-east-asian/filtered/GCST90202225_GCST90202225.filtered.tsv.gz	153931	sha256	cf275bb882e9ad6c7dbe21acb4b889adf29162649d027ee6477548397219b1ad	6	11.4	17.4
GCST90202226	ok	""	1	0	http://ftp.ebi.ac.uk/pub/databases/gwas/summary_statistics/GCST90202001-GCST90203000/GCST90202226/harmonised/GCST90202226.h.tsv.gz	87523085	4185880	5733	0.00137	0	0	0	15	5718	/data/opengwasdb/metabolome-plasma-2023/releases/2023-chen-full-east-asian/filtered/GCST90202226_GCST90202226.filtered.tsv.gz	159927	sha256	d9251a176ae9403bf914d1160dc698d8b8e2e457e4d472979df75ea5349b4e84	4.9	11.8	16.7
GCST90202227	ok	""	1	0	http://ftp.ebi.ac.uk/pub/databases/gwas/summary_statistics/GCST90202001-GCST90203000/GCST90202227/harmonised/GCST90202227.h.tsv.gz	81931516	4148983	5688	0.001371	0	0	0	21	5667	/data/opengwasdb/metabolome-plasma-2023/releases/2023-chen-full-east-asian/filtered/GCST90202227_GCST90202227.filtered.tsv.gz	158882	sha256	fc15dd792b791a7c55cd7aee1b425558fb2b497b56f0b43f0dc2347f4e5d2414	5.8	11	16.9
GCST90202228	ok	""	1	0	http://ftp.ebi.ac.uk/pub/databases/gwas/summary_statistics/GCST90202001-GCST90203000/GCST90202228/harmonised/GCST90202228.h.tsv.gz	87286475	4171012	5709	0.001369	0	0	0	13	5696	/data/opengwasdb/metabolome-plasma-2023/releases/2023-chen-full-east-asian/filtered/GCST90202228_GCST90202228.filtered.tsv.gz	159054	sha256	c37aa95c72ecc70e6ef09abd57d0939ab9218cc7eeadae828604d80ee2eda82d	3.8	10.1	13.9
GCST90202229	ok	""	1	0	http://ftp.ebi.ac.uk/pub/databases/gwas/summary_statistics/GCST90202001-GCST90203000/GCST90202229/harmonised/GCST90202229.h.tsv.gz	82430243	4175589	5705	0.001366	0	0	0	15	5690	/data/opengwasdb/metabolome-plasma-2023/releases/2023-chen-full-east-asian/filtered/GCST90202229_GCST90202229.filtered.tsv.gz	159498	sha256	ace36099657ed6e9eab4a58b2373031f6255d9cf9f6e849569a371ad77c007c0	4.6	11	15.6
GCST90202230	ok	""	1	0	http://ftp.ebi.ac.uk/pub/databases/gwas/summary_statistics/GCST90202001-GCST90203000/GCST90202230/harmonised/GCST90202230.h.tsv.gz	86272363	4153402	8631	0.002078	0	1	2954	15	5664	/data/opengwasdb/metabolome-plasma-2023/releases/2023-chen-full-east-asian/filtered/GCST90202230_GCST90202230.filtered.tsv.gz	211687	sha256	1c7f370fcfc6b4c4560bb0f690afcc667bd4b03e7ca9bd1335d9602edb228338	6.4	13.4	19.8
GCST90202231	ok	""	1	0	http://ftp.ebi.ac.uk/pub/databases/gwas/summary_statistics/GCST90202001-GCST90203000/GCST90202231/harmonised/GCST90202231.h.tsv.gz	87294013	4171012	12343	0.002959	0	2	6640	18	5696	/data/opengwasdb/metabolome-plasma-2023/releases/2023-chen-full-east-asian/filtered/GCST90202231_GCST90202231.filtered.tsv.gz	290407	sha256	4a0edc64f296676cd95553a6d5dd4672b698c4db8af335e210ad7a1ac4180b33	5.8	11.7	17.5
GCST90202232	ok	""	1	0	http://ftp.ebi.ac.uk/pub/databases/gwas/summary_statistics/GCST90202001-GCST90203000/GCST90202232/harmonised/GCST90202232.h.tsv.gz	87269969	4171012	9950	0.002386	0	1	4239	21	5696	/data/opengwasdb/metabolome-plasma-2023/releases/2023-chen-full-east-asian/filtered/GCST90202232_GCST90202232.filtered.tsv.gz	233991	sha256	afac9311c5fac0df50176748b65733684078eabf92eaf289f3eb5314417a63d4	3.9	10.2	14
GCST90202233	ok	""	1	0	http://ftp.ebi.ac.uk/pub/databases/gwas/summary_statistics/GCST90202001-GCST90203000/GCST90202233/harmonised/GCST90202233.h.tsv.gz	83113511	4176280	5720	0.00137	0	0	0	7	5713	/data/opengwasdb/metabolome-plasma-2023/releases/2023-chen-full-east-asian/filtered/GCST90202233_GCST90202233.filtered.tsv.gz	159417	sha256	97b0d88c4b88d1bfed51c1f54d99bec7b840fb1744f38ecc904c186eb4996b3f	5.1	10.2	15.4
GCST90202234	ok	""	1	0	http://ftp.ebi.ac.uk/pub/databases/gwas/summary_statistics/GCST90202001-GCST90203000/GCST90202234/harmonised/GCST90202234.h.tsv.gz	82972623	4171012	5718	0.001371	0	0	0	22	5696	/data/opengwasdb/metabolome-plasma-2023/releases/2023-chen-full-east-asian/filtered/GCST90202234_GCST90202234.filtered.tsv.gz	159505	sha256	8379addb34d7f7e48bcd26956b20c78da6300942d0bcc8d828794d2c2127dd63	5.2	10.9	16
GCST90202235	ok	""	1	0	http://ftp.ebi.ac.uk/pub/databases/gwas/summary_statistics/GCST90202001-GCST90203000/GCST90202235/harmonised/GCST90202235.h.tsv.gz	82764771	4206592	9544	0.002269	0	1	3776	19	5752	/data/opengwasdb/metabolome-plasma-2023/releases/2023-chen-full-east-asian/filtered/GCST90202235_GCST90202235.filtered.tsv.gz	237693	sha256	3d82048f3afeba6e244b10854397b19978b1a298339b233817cf19a3c74d097e	5.5	11.2	16.7
GCST90202236	ok	""	1	0	http://ftp.ebi.ac.uk/pub/databases/gwas/summary_statistics/GCST90202001-GCST90203000/GCST90202236/harmonised/GCST90202236.h.tsv.gz	83121406	4176280	5741	0.001375	0	0	0	28	5713	/data/opengwasdb/metabolome-plasma-2023/releases/2023-chen-full-east-asian/filtered/GCST90202236_GCST90202236.filtered.tsv.gz	160200	sha256	8aae01617311ee31069452292cbb888a5226e82fbafa6a66d57cab98c1fa4e8d	3.3	11.6	14.8
GCST90202237	ok	""	1	0	http://ftp.ebi.ac.uk/pub/databases/gwas/summary_statistics/GCST90202001-GCST90203000/GCST90202237/harmonised/GCST90202237.h.tsv.gz	87282589	4171012	9431	0.002261	0	1	3724	16	5696	/data/opengwasdb/metabolome-plasma-2023/releases/2023-chen-full-east-asian/filtered/GCST90202237_GCST90202237.filtered.tsv.gz	235067	sha256	69e4b0a6a208e1ba8d7e5dfe18940bde11eb2931ac07631fe14a570b0724d102	6.3	10	16.3
GCST90202238	ok	""	1	0	http://ftp.ebi.ac.uk/pub/databases/gwas/summary_statistics/GCST90202001-GCST90203000/GCST90202238/harmonised/GCST90202238.h.tsv.gz	83206853	4185880	12007	0.002868	0	2	6281	16	5718	/data/opengwasdb/metabolome-plasma-2023/releases/2023-chen-full-east-asian/filtered/GCST90202238_GCST90202238.filtered.tsv.gz	279031	sha256	401a00358491a0fe5aa0ccdae83b955568f487cbcbcb1057f3662e027e411b4d	5	11.5	16.5
GCST90202239	ok	""	1	0	http://ftp.ebi.ac.uk/pub/databases/gwas/summary_statistics/GCST90202001-GCST90203000/GCST90202239/harmonised/GCST90202239.h.tsv.gz	83548142	4204552	5763	0.001371	0	0	0	26	5737	/data/opengwasdb/metabolome-plasma-2023/releases/2023-chen-full-east-asian/filtered/GCST90202239_GCST90202239.filtered.tsv.gz	160810	sha256	415b117bc101829c90c6216f3d962a1d5b67ae03f3daf6c2e48d60a7a2d14b45	7.6	11	18.5
GCST90202240	ok	""	1	0	http://ftp.ebi.ac.uk/pub/databases/gwas/summary_statistics/GCST90202001-GCST90203000/GCST90202240/harmonised/GCST90202240.h.tsv.gz	87589167	4186701	5740	0.001371	0	0	0	22	5718	/data/opengwasdb/metabolome-plasma-2023/releases/2023-chen-full-east-asian/filtered/GCST90202240_GCST90202240.filtered.tsv.gz	160247	sha256	2f18b87030082bce193d01c73b70eabee298131d5356ee723cda61c288aab197	7.7	11.3	19
GCST90202241	ok	""	1	0	http://ftp.ebi.ac.uk/pub/databases/gwas/summary_statistics/GCST90202001-GCST90203000/GCST90202241/harmonised/GCST90202241.h.tsv.gz	83477324	4202112	9522	0.002266	0	1	3759	13	5753	/data/opengwasdb/metabolome-plasma-2023/releases/2023-chen-full-east-asian/filtered/GCST90202241_GCST90202241.filtered.tsv.gz	237638	sha256	488795a7a2e578dffa825a24f36639a5371c81534654bf0af99deaf24184c7e0	7.5	11.2	18.7
GCST90202242	ok	""	1	0	http://ftp.ebi.ac.uk/pub/databases/gwas/summary_statistics/GCST90202001-GCST90203000/GCST90202242/harmonised/GCST90202242.h.tsv.gz	83318916	4190084	9483	0.002263	0	1	3748	14	5726	/data/opengwasdb/metabolome-plasma-2023/releases/2023-chen-full-east-asian/filtered/GCST90202242_GCST90202242.filtered.tsv.gz	236245	sha256	9f063acbe467b68d99428672876d47826005f607c136d089eae375b2d6e74256	6.3	9.8	16.1
GCST90202243	ok	""	1	0	http://ftp.ebi.ac.uk/pub/databases/gwas/summary_statistics/GCST90202001-GCST90203000/GCST90202243/harmonised/GCST90202243.h.tsv.gz	82952518	4171012	5711	0.001369	0	0	0	15	5696	/data/opengwasdb/metabolome-plasma-2023/releases/2023-chen-full-east-asian/filtered/GCST90202243_GCST90202243.filtered.tsv.gz	159285	sha256	7bb1f76317b183b9bf3954e22c926fb58ac55cfd3117836f51f7d6a69522976b	4.9	11.1	16
GCST90202244	ok	""	1	0	http://ftp.ebi.ac.uk/pub/databases/gwas/summary_statistics/GCST90202001-GCST90203000/GCST90202244/harmonised/GCST90202244.h.tsv.gz	87908735	4246157	5837	0.001375	0	0	0	12	5825	/data/opengwasdb/metabolome-plasma-2023/releases/2023-chen-full-east-asian/filtered/GCST90202244_GCST90202244.filtered.tsv.gz	162540	sha256	af2ae41fec0a1a1e304ca226a14489fc29a2c57e1a6f9ae924ccad9a7759231d	6.7	11.6	18.4
GCST90202245	ok	""	1	0	http://ftp.ebi.ac.uk/pub/databases/gwas/summary_statistics/GCST90202001-GCST90203000/GCST90202245/harmonised/GCST90202245.h.tsv.gz	87602152	4187835	5723	0.001367	0	0	0	13	5710	/data/opengwasdb/metabolome-plasma-2023/releases/2023-chen-full-east-asian/filtered/GCST90202245_GCST90202245.filtered.tsv.gz	159696	sha256	834a68ed20fb0b7db6ec0313f0b2660600b56cdf3f699311e953f0f58390bcc8	4.5	10.6	15
GCST90202246	ok	""	1	0	http://ftp.ebi.ac.uk/pub/databases/gwas/summary_statistics/GCST90202001-GCST90203000/GCST90202246/harmonised/GCST90202246.h.tsv.gz	87590128	4187835	5736	0.00137	0	0	0	26	5710	/data/opengwasdb/metabolome-plasma-2023/releases/2023-chen-full-east-asian/filtered/GCST90202246_GCST90202246.filtered.tsv.gz	160103	sha256	8a729eb43c1d19f820d52e49aa19c47e24910f6965b37bd3fffe4995bdf8e991	5.3	11.3	16.7
GCST90202247	ok	""	1	0	http://ftp.ebi.ac.uk/pub/databases/gwas/summary_statistics/GCST90202001-GCST90203000/GCST90202247/harmonised/GCST90202247.h.tsv.gz	76147301	4088710	9125	0.002232	0	1	3548	21	5564	/data/opengwasdb/metabolome-plasma-2023/releases/2023-chen-full-east-asian/filtered/GCST90202247_GCST90202247.filtered.tsv.gz	214840	sha256	80c8fb0bf68c999868c0857fbab5544b92e2c1d17bfa42121e3a5d5327bb88c7	4.5	11.6	16.1
GCST90202248	ok	""	1	0	http://ftp.ebi.ac.uk/pub/databases/gwas/summary_statistics/GCST90202001-GCST90203000/GCST90202248/harmonised/GCST90202248.h.tsv.gz	76871370	4047310	5532	0.001367	0	0	0	27	5505	/data/opengwasdb/metabolome-plasma-2023/releases/2023-chen-full-east-asian/filtered/GCST90202248_GCST90202248.filtered.tsv.gz	153731	sha256	3d64dbbd29c418ce9b145322b30a4bb2e66e061b7d055f4700722a9364e705c8	5.2	11	16.2
GCST90202249	ok	""	1	0	http://ftp.ebi.ac.uk/pub/databases/gwas/summary_statistics/GCST90202001-GCST90203000/GCST90202249/harmonised/GCST90202249.h.tsv.gz	81728790	4137649	5679	0.001373	0	0	0	18	5661	/data/opengwasdb/metabolome-plasma-2023/releases/2023-chen-full-east-asian/filtered/GCST90202249_GCST90202249.filtered.tsv.gz	158732	sha256	5e3a4a12438186ac888b1cbf277e9a9c2e5d47433803a1b66e05f4f05357c43c	2.9	11.3	14.2
GCST90202250	ok	""	1	0	http://ftp.ebi.ac.uk/pub/databases/gwas/summary_statistics/GCST90202001-GCST90203000/GCST90202250/harmonised/GCST90202250.h.tsv.gz	83883087	4231539	5804	0.001372	0	0	0	20	5784	/data/opengwasdb/metabolome-plasma-2023/releases/2023-chen-full-east-asian/filtered/GCST90202250_GCST90202250.filtered.tsv.gz	161491	sha256	d790a706e74eca74271f2ba728ab663ffa33b6005b17f35e0414c91dedd2d4cf	5.6	10.7	16.4
GCST90202251	ok	""	1	0	http://ftp.ebi.ac.uk/pub/databases/gwas/summary_statistics/GCST90202001-GCST90203000/GCST90202251/harmonised/GCST90202251.h.tsv.gz	86811647	4179037	5702	0.001364	0	0	0	13	5689	/data/opengwasdb/metabolome-plasma-2023/releases/2023-chen-full-east-asian/filtered/GCST90202251_GCST90202251.filtered.tsv.gz	159309	sha256	183dacad5db92217233b3209986786505169fcbc79e6e49bbd6275978b1a4905	6.6	12.3	19
GCST90202252	ok	""	1	0	http://ftp.ebi.ac.uk/pub/databases/gwas/summary_statistics/GCST90202001-GCST90203000/GCST90202252/harmonised/GCST90202252.h.tsv.gz	82903678	4171012	14380	0.003448	0	2	8677	17	5696	/data/opengwasdb/metabolome-plasma-2023/releases/2023-chen-full-east-asian/filtered/GCST90202252_GCST90202252.filtered.tsv.gz	319033	sha256	7553573e558165dad791e6104b684733fe6ef0fd38b1f0ab4f5d9754e8ec23a7	5.7	11.6	17.3
GCST90202253	ok	""	1	0	http://ftp.ebi.ac.uk/pub/databases/gwas/summary_statistics/GCST90202001-GCST90203000/GCST90202253/harmonised/GCST90202253.h.tsv.gz	87534681	4185598	7865	0.001879	0	1	2109	42	5719	/data/opengwasdb/metabolome-plasma-2023/releases/2023-chen-full-east-asian/filtered/GCST90202253_GCST90202253.filtered.tsv.gz	197377	sha256	051fdf02ce163449b3275f892bfcf2642933ec6258408a1234a65ca9f6f8c5dd	6.9	11.8	18.7
GCST90202254	ok	""	1	0	http://ftp.ebi.ac.uk/pub/databases/gwas/summary_statistics/GCST90202001-GCST90203000/GCST90202254/harmonised/GCST90202254.h.tsv.gz	87286579	4171012	5721	0.001372	0	0	0	25	5696	/data/opengwasdb/metabolome-plasma-2023/releases/2023-chen-full-east-asian/filtered/GCST90202254_GCST90202254.filtered.tsv.gz	159584	sha256	c5410f3b1512df6fd2deaa785741604e3f18b54968e6b52e5cd010ab98fab55c	6.7	11	17.7
GCST90202255	ok	""	1	0	http://ftp.ebi.ac.uk/pub/databases/gwas/summary_statistics/GCST90202001-GCST90203000/GCST90202255/harmonised/GCST90202255.h.tsv.gz	87286630	4171012	5720	0.001371	0	0	0	24	5696	/data/opengwasdb/metabolome-plasma-2023/releases/2023-chen-full-east-asian/filtered/GCST90202255_GCST90202255.filtered.tsv.gz	159540	sha256	b85d6828fd2528be9027621f207ca8412df09087379db269e233dbd85e818dd2	5.2	11.4	16.6
GCST90202256	ok	""	1	0	http://ftp.ebi.ac.uk/pub/databases/gwas/summary_statistics/GCST90202001-GCST90203000/GCST90202256/harmonised/GCST90202256.h.tsv.gz	87910322	4205874	13208	0.00314	0	2	7441	28	5747	/data/opengwasdb/metabolome-plasma-2023/releases/2023-chen-full-east-asian/filtered/GCST90202256_GCST90202256.filtered.tsv.gz	289993	sha256	8aff6f2a3026111f08d8b4fba5ae2bd54647597b22bc6df88ed13d42cf5cef66	6.1	9.6	15.8
GCST90202257	ok	""	1	0	http://ftp.ebi.ac.uk/pub/databases/gwas/summary_statistics/GCST90202001-GCST90203000/GCST90202257/harmonised/GCST90202257.h.tsv.gz	87527953	4185464	5736	0.00137	0	0	0	20	5716	/data/opengwasdb/metabolome-plasma-2023/releases/2023-chen-full-east-asian/filtered/GCST90202257_GCST90202257.filtered.tsv.gz	159997	sha256	27239adc059ee0939fb31ceaa1837ccdf875ba2a51db2bce7395ae21c4c615c8	6.2	9.8	16.1
GCST90202258	ok	""	1	0	http://ftp.ebi.ac.uk/pub/databases/gwas/summary_statistics/GCST90202001-GCST90203000/GCST90202258/harmonised/GCST90202258.h.tsv.gz	83241901	4186151	5739	0.001371	0	0	0	19	5720	/data/opengwasdb/metabolome-plasma-2023/releases/2023-chen-full-east-asian/filtered/GCST90202258_GCST90202258.filtered.tsv.gz	160206	sha256	b13e5e0d7c28f5ee33889ee383f3748adb5f95c0361a90b4bcb3fe282c306c81	5.6	11	16.6
GCST90202259	ok	""	1	0	http://ftp.ebi.ac.uk/pub/databases/gwas/summary_statistics/GCST90202001-GCST90203000/GCST90202259/harmonised/GCST90202259.h.tsv.gz	87286036	4171012	8153	0.001955	0	1	2441	21	5696	/data/opengwasdb/metabolome-plasma-2023/releases/2023-chen-full-east-asian/filtered/GCST90202259_GCST90202259.filtered.tsv.gz	205517	sha256	28f7dbb62130e03e10f07f188e5fe73d9a88b182525fb702a1a135903c349967	6	9.5	15.5
GCST90202260	ok	""	1	0	http://ftp.ebi.ac.uk/pub/databases/gwas/summary_statistics/GCST90202001-GCST90203000/GCST90202260/harmonised/GCST90202260.h.tsv.gz	87269972	4171012	5712	0.001369	0	0	0	16	5696	/data/opengwasdb/metabolome-plasma-2023/releases/2023-chen-full-east-asian/filtered/GCST90202260_GCST90202260.filtered.tsv.gz	159290	sha256	e37fbc666dcaafccf8038b9ee4e532ccea0af8f99bae175c270373bdbc848db5	4.2	11.5	15.6
GCST90202261	ok	""	1	0	http://ftp.ebi.ac.uk/pub/databases/gwas/summary_statistics/GCST90202001-GCST90203000/GCST90202261/harmonised/GCST90202261.h.tsv.gz	83161692	4176280	5726	0.001371	0	0	0	13	5713	/data/opengwasdb/metabolome-plasma-2023/releases/2023-chen-full-east-asian/filtered/GCST90202261_GCST90202261.filtered.tsv.gz	159741	sha256	fb53507a75c18ccefba1a9ad825a4c062fc0327858a9d02518e5acac27888f4d	6.2	11.3	17.5
GCST90202262	ok	""	1	0	http://ftp.ebi.ac.uk/pub/databases/gwas/summary_statistics/GCST90202001-GCST90203000/GCST90202262/harmonised/GCST90202262.h.tsv.gz	83186027	4184887	5734	0.00137	0	0	0	13	5721	/data/opengwasdb/metabolome-plasma-2023/releases/2023-chen-full-east-asian/filtered/GCST90202262_GCST90202262.filtered.tsv.gz	159948	sha256	86cc81c852f7adb0404aeb3bd2bc7efbc2fa6f72b746aa33247e18166fcfeee2	3.6	11.5	15.1
GCST90202263	ok	""	1	0	http://ftp.ebi.ac.uk/pub/databases/gwas/summary_statistics/GCST90202001-GCST90203000/GCST90202263/harmonised/GCST90202263.h.tsv.gz	87292196	4171012	5722	0.001372	0	0	0	26	5696	/data/opengwasdb/metabolome-plasma-2023/releases/2023-chen-full-east-asian/filtered/GCST90202263_GCST90202263.filtered.tsv.gz	159542	sha256	0f84f34e0c902345517a8d9377d33454956142214fc1b4c4de06cbd50609cda0	5	11.4	16.4
GCST90202264	ok	""	1	0	http://ftp.ebi.ac.uk/pub/databases/gwas/summary_statistics/GCST90202001-GCST90203000/GCST90202264/harmonised/GCST90202264.h.tsv.gz	87572663	4187419	5748	0.001373	0	0	0	16	5732	/data/opengwasdb/metabolome-plasma-2023/releases/2023-chen-full-east-asian/filtered/GCST90202264_GCST90202264.filtered.tsv.gz	160400	sha256	da5e0dda54f8004762364f415e250711f10f8a5298c297d719da5873188f0272	3.9	10.6	14.5
GCST90202265	ok	""	1	0	http://ftp.ebi.ac.uk/pub/databases/gwas/summary_statistics/GCST90202001-GCST90203000/GCST90202265/harmonised/GCST90202265.h.tsv.gz	87279939	4171012	5718	0.001371	0	0	0	22	5696	/data/opengwasdb/metabolome-plasma-2023/releases/2023-chen-full-east-asian/filtered/GCST90202265_GCST90202265.filtered.tsv.gz	159516	sha256	e93bc89047118902e00f2f5756eb7cb806f1f4b0f790783b213dbaf96b58c54f	4	11.3	15.3
GCST90202266	ok	""	1	0	http://ftp.ebi.ac.uk/pub/databases/gwas/summary_statistics/GCST90202001-GCST90203000/GCST90202266/harmonised/GCST90202266.h.tsv.gz	86008168	4211454	9187	0.002181	0	1	3396	16	5780	/data/opengwasdb/metabolome-plasma-2023/releases/2023-chen-full-east-asian/filtered/GCST90202266_GCST90202266.filtered.tsv.gz	223726	sha256	daa936dd66e03b2e286dbee0a8b4040500fc0da99613bab027c90352a462258c	5.5	10.9	16.5
GCST90202267	ok	""	1	0	http://ftp.ebi.ac.uk/pub/databases/gwas/summary_statistics/GCST90202001-GCST90203000/GCST90202267/harmonised/GCST90202267.h.tsv.gz	87937132	4206691	5772	0.001372	0	0	0	19	5753	/data/opengwasdb/metabolome-plasma-2023/releases/2023-chen-full-east-asian/filtered/GCST90202267_GCST90202267.filtered.tsv.gz	160908	sha256	c8b0f8a9ce2208804ff6e74ba7cc3b42b771380dd1e21835185ad21db3b2a620	5.9	11.3	17.1
GCST90202268	ok	""	1	0	http://ftp.ebi.ac.uk/pub/databases/gwas/summary_statistics/GCST90202001-GCST90203000/GCST90202268/harmonised/GCST90202268.h.tsv.gz	80770498	4083835	5572	0.001364	0	0	0	19	5553	/data/opengwasdb/metabolome-plasma-2023/releases/2023-chen-full-east-asian/filtered/GCST90202268_GCST90202268.filtered.tsv.gz	155857	sha256	8b085311d8e5e189f1612753a495a402acf4e5f658b740ba581a352e4552e982	5.4	10.7	16.1
GCST90202269	ok	""	1	0	http://ftp.ebi.ac.uk/pub/databases/gwas/summary_statistics/GCST90202001-GCST90203000/GCST90202269/harmonised/GCST90202269.h.tsv.gz	82871712	4164763	5694	0.001367	0	0	0	22	5672	/data/opengwasdb/metabolome-plasma-2023/releases/2023-chen-full-east-asian/filtered/GCST90202269_GCST90202269.filtered.tsv.gz	157763	sha256	e6441f4202cec019a1c067792d72e59fadbceef7d5ba3b7c7736ff6b99226f40	5.9	10.5	16.4
GCST90202270	ok	""	1	0	http://ftp.ebi.ac.uk/pub/databases/gwas/summary_statistics/GCST90202001-GCST90203000/GCST90202270/harmonised/GCST90202270.h.tsv.gz	80890092	4151882	5679	0.001368	0	0	0	20	5659	/data/opengwasdb/metabolome-plasma-2023/releases/2023-chen-full-east-asian/filtered/GCST90202270_GCST90202270.filtered.tsv.gz	158054	sha256	ce8532058be50604a2c37e4d8d07dec17a62acd1968c50bbb61b6d0e7106b898	6.7	11	17.7
GCST90202271	ok	""	1	0	http://ftp.ebi.ac.uk/pub/databases/gwas/summary_statistics/GCST90202001-GCST90203000/GCST90202271/harmonised/GCST90202271.h.tsv.gz	82996997	4171012	5711	0.001369	0	0	0	15	5696	/data/opengwasdb/metabolome-plasma-2023/releases/2023-chen-full-east-asian/filtered/GCST90202271_GCST90202271.filtered.tsv.gz	159359	sha256	e99916004b4cbdb03babc1a8db6f6e0b8e414935a7c20e52def3018ae0326dcc	5.3	11	16.3
GCST90202272	ok	""	1	0	http://ftp.ebi.ac.uk/pub/databases/gwas/summary_statistics/GCST90202001-GCST90203000/GCST90202272/harmonised/GCST90202272.h.tsv.gz	87295153	4171012	5728	0.001373	0	0	0	32	5696	/data/opengwasdb/metabolome-plasma-2023/releases/2023-chen-full-east-asian/filtered/GCST90202272_GCST90202272.filtered.tsv.gz	159752	sha256	11310c060f273c94b284c103261754d9c338e00e21b8a9e9b7c213a20c3abed7	5.4	11.9	17.3
GCST90202273	ok	""	1	0	http://ftp.ebi.ac.uk/pub/databases/gwas/summary_statistics/GCST90202001-GCST90203000/GCST90202273/harmonised/GCST90202273.h.tsv.gz	87596829	4187377	10899	0.002603	0	2	5168	11	5727	/data/opengwasdb/metabolome-plasma-2023/releases/2023-chen-full-east-asian/filtered/GCST90202273_GCST90202273.filtered.tsv.gz	253889	sha256	eddec85f6686fb4b76ab804195945d6000ffe1304981c58a696e35178ab59522	5.4	10.8	16.2
GCST90202274	ok	""	1	0	http://ftp.ebi.ac.uk/pub/databases/gwas/summary_statistics/GCST90202001-GCST90203000/GCST90202274/harmonised/GCST90202274.h.tsv.gz	83125885	4176280	5727	0.001371	0	0	0	14	5713	/data/opengwasdb/metabolome-plasma-2023/releases/2023-chen-full-east-asian/filtered/GCST90202274_GCST90202274.filtered.tsv.gz	159809	sha256	b14530b250c7ffe4ef94ca7cec8bcb5dee7ba96060fc0b3a0bec0f0616ccb176	5.4	10.8	16.2
GCST90202275	ok	""	1	0	http://ftp.ebi.ac.uk/pub/databases/gwas/summary_statistics/GCST90202001-GCST90203000/GCST90202275/harmonised/GCST90202275.h.tsv.gz	83002916	4171012	5711	0.001369	0	0	0	15	5696	/data/opengwasdb/metabolome-plasma-2023/releases/2023-chen-full-east-asian/filtered/GCST90202275_GCST90202275.filtered.tsv.gz	159175	sha256	dd75b99315a750d975d8eb5f97e3b2ab3278be9e4f4a1b45aca5f42b46403d5f	7.3	11.4	18.7
GCST90202276	ok	""	1	0	http://ftp.ebi.ac.uk/pub/databases/gwas/summary_statistics/GCST90202001-GCST90203000/GCST90202276/harmonised/GCST90202276.h.tsv.gz	83255968	4189154	5735	0.001369	0	0	0	12	5723	/data/opengwasdb/metabolome-plasma-2023/releases/2023-chen-full-east-asian/filtered/GCST90202276_GCST90202276.filtered.tsv.gz	159918	sha256	f61ca8cc2c140587d93d438d37ad4b85c66432b3961f7c6fac455677b372d045	7.7	11.4	19.1
GCST90202277	ok	""	1	0	http://ftp.ebi.ac.uk/pub/databases/gwas/summary_statistics/GCST90202001-GCST90203000/GCST90202277/harmonised/GCST90202277.h.tsv.gz	83786726	4080432	5574	0.001366	0	0	0	22	5552	/data/opengwasdb/metabolome-plasma-2023/releases/2023-chen-full-east-asian/filtered/GCST90202277_GCST90202277.filtered.tsv.gz	155463	sha256	09b83e12021f2f96bd64bd0707c46903fce6eae757f566320e7ce52ac9b71c6c	8.4	10.3	18.7
GCST90202278	ok	""	1	0	http://ftp.ebi.ac.uk/pub/databases/gwas/summary_statistics/GCST90202001-GCST90203000/GCST90202278/harmonised/GCST90202278.h.tsv.gz	87273703	4171012	5704	0.001368	0	0	0	8	5696	/data/opengwasdb/metabolome-plasma-2023/releases/2023-chen-full-east-asian/filtered/GCST90202278_GCST90202278.filtered.tsv.gz	159054	sha256	ed92cda8ba83c0ee95848b426446819bb008d643dbc6a83502d312286c4f3a60	8.1	10.9	19
GCST90202279	ok	""	1	0	http://ftp.ebi.ac.uk/pub/databases/gwas/summary_statistics/GCST90202001-GCST90203000/GCST90202279/harmonised/GCST90202279.h.tsv.gz	82972619	4171012	5705	0.001368	0	0	0	9	5696	/data/opengwasdb/metabolome-plasma-2023/releases/2023-chen-full-east-asian/filtered/GCST90202279_GCST90202279.filtered.tsv.gz	159151	sha256	0ce68e00e9d04e11fb6ecd6cb95b9aed24b5d62252326d1b13753a212f765b14	10.2	10.9	21.2
GCST90202280	ok	""	1	0	http://ftp.ebi.ac.uk/pub/databases/gwas/summary_statistics/GCST90202001-GCST90203000/GCST90202280/harmonised/GCST90202280.h.tsv.gz	87638953	4190084	5742	0.00137	0	0	0	16	5726	/data/opengwasdb/metabolome-plasma-2023/releases/2023-chen-full-east-asian/filtered/GCST90202280_GCST90202280.filtered.tsv.gz	160151	sha256	3a59e9ef1e89a701666d3ca44b7affa02b40cda90a7b0d894559e3d260950b07	12.3	11	23.3
GCST90202281	ok	""	1	0	http://ftp.ebi.ac.uk/pub/databases/gwas/summary_statistics/GCST90202001-GCST90203000/GCST90202281/harmonised/GCST90202281.h.tsv.gz	87283872	4171012	5710	0.001369	0	0	0	14	5696	/data/opengwasdb/metabolome-plasma-2023/releases/2023-chen-full-east-asian/filtered/GCST90202281_GCST90202281.filtered.tsv.gz	159019	sha256	597338776be68032c81780f2b1176d087aeba7a46d9f55d4efd41c8aefad614f	12.4	10.7	23.1
GCST90202282	ok	""	1	0	http://ftp.ebi.ac.uk/pub/databases/gwas/summary_statistics/GCST90202001-GCST90203000/GCST90202282/harmonised/GCST90202282.h.tsv.gz	87808693	4203300	5762	0.001371	0	0	0	18	5744	/data/opengwasdb/metabolome-plasma-2023/releases/2023-chen-full-east-asian/filtered/GCST90202282_GCST90202282.filtered.tsv.gz	160522	sha256	08ca15ae43859ffd3b7b540f39c18822fdc5b777b8b612e0e619e39f0ddca93d	10.9	10.9	21.8
GCST90202283	ok	""	1	0	http://ftp.ebi.ac.uk/pub/databases/gwas/summary_statistics/GCST90202001-GCST90203000/GCST90202283/harmonised/GCST90202283.h.tsv.gz	87257279	4171012	5714	0.00137	0	0	0	18	5696	/data/opengwasdb/metabolome-plasma-2023/releases/2023-chen-full-east-asian/filtered/GCST90202283_GCST90202283.filtered.tsv.gz	159281	sha256	0fcb25064c162eff84fbb9825eb9801d76fc90043e90335add474d861a271bd4	8.5	10.8	19.4
GCST90202284	ok	""	1	0	http://ftp.ebi.ac.uk/pub/databases/gwas/summary_statistics/GCST90202001-GCST90203000/GCST90202284/harmonised/GCST90202284.h.tsv.gz	87285361	4171012	5712	0.001369	0	0	0	17	5696	/data/opengwasdb/metabolome-plasma-2023/releases/2023-chen-full-east-asian/filtered/GCST90202284_GCST90202284.filtered.tsv.gz	159401	sha256	19b57370b49a6cfe11957ded78f84a59dacb0461a7c311b29cc9da7a0fbf8906	10	9.5	19.5
GCST90202285	ok	""	1	0	http://ftp.ebi.ac.uk/pub/databases/gwas/summary_statistics/GCST90202001-GCST90203000/GCST90202285/harmonised/GCST90202285.h.tsv.gz	85481764	4114528	5617	0.001365	0	0	0	18	5599	/data/opengwasdb/metabolome-plasma-2023/releases/2023-chen-full-east-asian/filtered/GCST90202285_GCST90202285.filtered.tsv.gz	156860	sha256	66e626d192665ffad2d26eaf4e29246040a8ebc23515cf127b32a51806a17f1c	10.3	10.3	20.6
GCST90202286	ok	""	1	0	http://ftp.ebi.ac.uk/pub/databases/gwas/summary_statistics/GCST90202001-GCST90203000/GCST90202286/harmonised/GCST90202286.h.tsv.gz	87520144	4186837	5736	0.00137	0	0	0	20	5716	/data/opengwasdb/metabolome-plasma-2023/releases/2023-chen-full-east-asian/filtered/GCST90202286_GCST90202286.filtered.tsv.gz	159989	sha256	ea6b1448847886a38f8c792697939677af98fd37d0d49cd8c67cc793d0803c66	11.9	10.7	22.6
GCST90202287	ok	""	1	0	http://ftp.ebi.ac.uk/pub/databases/gwas/summary_statistics/GCST90202001-GCST90203000/GCST90202287/harmonised/GCST90202287.h.tsv.gz	87917398	4206028	5765	0.001371	0	0	0	16	5749	/data/opengwasdb/metabolome-plasma-2023/releases/2023-chen-full-east-asian/filtered/GCST90202287_GCST90202287.filtered.tsv.gz	160770	sha256	63cb8cf3e1caccae1e2c7c91aa2e2cc77b8ff184c56f37a9b7ebe780cf069720	9	11.1	20.2
GCST90202288	ok	""	1	0	http://ftp.ebi.ac.uk/pub/databases/gwas/summary_statistics/GCST90202001-GCST90203000/GCST90202288/harmonised/GCST90202288.h.tsv.gz	87317247	4171012	5711	0.001369	0	0	0	15	5696	/data/opengwasdb/metabolome-plasma-2023/releases/2023-chen-full-east-asian/filtered/GCST90202288_GCST90202288.filtered.tsv.gz	159182	sha256	adcf70f8ffe41d8b9e42d4ba80b0c7645a7c4d7eb88c584471a6c4824ce5037a	9.7	10	19.7
GCST90202289	ok	""	1	0	http://ftp.ebi.ac.uk/pub/databases/gwas/summary_statistics/GCST90202001-GCST90203000/GCST90202289/harmonised/GCST90202289.h.tsv.gz	81761193	4165486	10630	0.002552	0	1	4966	7	5662	/data/opengwasdb/metabolome-plasma-2023/releases/2023-chen-full-east-asian/filtered/GCST90202289_GCST90202289.filtered.tsv.gz	264961	sha256	30083f2944a24084ea77911c27066666f994cb2f78621eba6f02286dd8dd5518	7.6	10.5	18.1
GCST90202290	ok	""	1	0	http://ftp.ebi.ac.uk/pub/databases/gwas/summary_statistics/GCST90202001-GCST90203000/GCST90202290/harmonised/GCST90202290.h.tsv.gz	87241889	4171012	5714	0.00137	0	0	0	18	5696	/data/opengwasdb/metabolome-plasma-2023/releases/2023-chen-full-east-asian/filtered/GCST90202290_GCST90202290.filtered.tsv.gz	159334	sha256	90da21ca19fbaa5446a2fe5074a1141ad398ab2ce8f907695b55088ee2cb3165	10.3	10.6	20.9
GCST90202291	ok	""	1	0	http://ftp.ebi.ac.uk/pub/databases/gwas/summary_statistics/GCST90202001-GCST90203000/GCST90202291/harmonised/GCST90202291.h.tsv.gz	87570793	4186701	5748	0.001373	0	0	0	30	5718	/data/opengwasdb/metabolome-plasma-2023/releases/2023-chen-full-east-asian/filtered/GCST90202291_GCST90202291.filtered.tsv.gz	160476	sha256	219363600399331d4d89d500318e1b6ed264b182b4c61eb3140da816b9b88cde	13.1	11	24.1
GCST90202292	ok	""	1	0	http://ftp.ebi.ac.uk/pub/databases/gwas/summary_statistics/GCST90202001-GCST90203000/GCST90202292/harmonised/GCST90202292.h.tsv.gz	83723373	4216494	5771	0.001369	0	0	0	19	5752	/data/opengwasdb/metabolome-plasma-2023/releases/2023-chen-full-east-asian/filtered/GCST90202292_GCST90202292.filtered.tsv.gz	160529	sha256	1eb84405c088d92b1e7551b9ded84eccb9a51c926f01e43f1da200893eb44a76	13	11.8	24.8
GCST90202293	ok	""	1	0	http://ftp.ebi.ac.uk/pub/databases/gwas/summary_statistics/GCST90202001-GCST90203000/GCST90202293/harmonised/GCST90202293.h.tsv.gz	80020659	4202661	8549	0.002034	0	1	2771	30	5750	/data/opengwasdb/metabolome-plasma-2023/releases/2023-chen-full-east-asian/filtered/GCST90202293_GCST90202293.filtered.tsv.gz	214177	sha256	b8d170cc2757b9004d2dca7ffd4e31d6db8ecce257b3c9c1fc305cda67982d56	12.7	10.9	23.6
GCST90202294	ok	""	1	0	http://ftp.ebi.ac.uk/pub/databases/gwas/summary_statistics/GCST90202001-GCST90203000/GCST90202294/harmonised/GCST90202294.h.tsv.gz	87287882	4171012	5714	0.00137	0	0	0	18	5696	/data/opengwasdb/metabolome-plasma-2023/releases/2023-chen-full-east-asian/filtered/GCST90202294_GCST90202294.filtered.tsv.gz	159271	sha256	bc33fe34806fbd54d8708d37b0d28175de7e281f1ad1820f63c3bf748cf11eff	11.4	10.8	22.2
GCST90202295	ok	""	1	0	http://ftp.ebi.ac.uk/pub/databases/gwas/summary_statistics/GCST90202001-GCST90203000/GCST90202295/harmonised/GCST90202295.h.tsv.gz	87545334	4186837	9283	0.002217	0	1	3553	20	5716	/data/opengwasdb/metabolome-plasma-2023/releases/2023-chen-full-east-asian/filtered/GCST90202295_GCST90202295.filtered.tsv.gz	227595	sha256	cc01e4fb70516b0864095d1c047f1be4510313b7ce13523990c1fc7d9f1c4e05	10.2	11.1	21.3
GCST90202296	ok	""	1	0	http://ftp.ebi.ac.uk/pub/databases/gwas/summary_statistics/GCST90202001-GCST90203000/GCST90202296/harmonised/GCST90202296.h.tsv.gz	83679419	4210065	5781	0.001373	0	0	0	18	5763	/data/opengwasdb/metabolome-plasma-2023/releases/2023-chen-full-east-asian/filtered/GCST90202296_GCST90202296.filtered.tsv.gz	161181	sha256	03969cc23e2fee4bad4d79523d430be77076221f96bb78bb08b7f14d25f85b57	8.7	10.8	19.5
GCST90202297	ok	""	1	0	http://ftp.ebi.ac.uk/pub/databases/gwas/summary_statistics/GCST90202001-GCST90203000/GCST90202297/harmonised/GCST90202297.h.tsv.gz	87516093	4186837	8744	0.002088	0	1	3017	14	5716	/data/opengwasdb/metabolome-plasma-2023/releases/2023-chen-full-east-asian/filtered/GCST90202297_GCST90202297.filtered.tsv.gz	218235	sha256	1b5df62579df92ec5e811909c6ce2e0d6c49e6972ba4fe50f14604863b831df9	9.5	11.2	20.7
GCST90202298	ok	""	1	0	http://ftp.ebi.ac.uk/pub/databases/gwas/summary_statistics/GCST90202001-GCST90203000/GCST90202298/harmonised/GCST90202298.h.tsv.gz	83855246	4222257	5788	0.001371	0	0	0	17	5771	/data/opengwasdb/metabolome-plasma-2023/releases/2023-chen-full-east-asian/filtered/GCST90202298_GCST90202298.filtered.tsv.gz	161158	sha256	e71c0baa95118ca26e4ccb1b738dd82e620f8b602076b5b2adca5ea7c3d95522	13.2	10.6	23.8
GCST90202299	ok	""	1	0	http://ftp.ebi.ac.uk/pub/databases/gwas/summary_statistics/GCST90202001-GCST90203000/GCST90202299/harmonised/GCST90202299.h.tsv.gz	87288898	4171012	5713	0.00137	0	0	0	17	5696	/data/opengwasdb/metabolome-plasma-2023/releases/2023-chen-full-east-asian/filtered/GCST90202299_GCST90202299.filtered.tsv.gz	159330	sha256	71bc604b384e1559354132ed94aad06e36d7fb1c2e18f5a949ca511d7ea0b788	12.6	10.5	23.1
GCST90202300	ok	""	1	0	http://ftp.ebi.ac.uk/pub/databases/gwas/summary_statistics/GCST90202001-GCST90203000/GCST90202300/harmonised/GCST90202300.h.tsv.gz	81065471	4102187	5580	0.00136	0	0	0	12	5568	/data/opengwasdb/metabolome-plasma-2023/releases/2023-chen-full-east-asian/filtered/GCST90202300_GCST90202300.filtered.tsv.gz	155617	sha256	af99f4724fea72205e67144a80353f822e725bb44aec56d2d4c6ffba2b3dd657	11.6	10.3	21.9
GCST90202301	ok	""	1	0	http://ftp.ebi.ac.uk/pub/databases/gwas/summary_statistics/GCST90202001-GCST90203000/GCST90202301/harmonised/GCST90202301.h.tsv.gz	87588842	4186837	5730	0.001369	0	0	0	14	5716	/data/opengwasdb/metabolome-plasma-2023/releases/2023-chen-full-east-asian/filtered/GCST90202301_GCST90202301.filtered.tsv.gz	159929	sha256	91522be0c75811900abe3e938e9c3b6cd9d90339444a194a7e14ecdd307cde6c	12.8	10.8	23.6
GCST90202302	ok	""	1	0	http://ftp.ebi.ac.uk/pub/databases/gwas/summary_statistics/GCST90202001-GCST90203000/GCST90202302/harmonised/GCST90202302.h.tsv.gz	84821457	4132412	10576	0.002559	0	2	4953	15	5618	/data/opengwasdb/metabolome-plasma-2023/releases/2023-chen-full-east-asian/filtered/GCST90202302_GCST90202302.filtered.tsv.gz	243297	sha256	09085c19d54d4419045b95ea489d4ae4a54fa1836fabc7c9c63f3f62185ec196	11.1	9.8	20.9
GCST90202303	ok	""	1	0	http://ftp.ebi.ac.uk/pub/databases/gwas/summary_statistics/GCST90202001-GCST90203000/GCST90202303/harmonised/GCST90202303.h.tsv.gz	83539256	4207268	10444	0.002482	0	2	4696	16	5744	/data/opengwasdb/metabolome-plasma-2023/releases/2023-chen-full-east-asian/filtered/GCST90202303_GCST90202303.filtered.tsv.gz	250184	sha256	380f1d9f6e2474dba2ce2b29867c5068b2766e32760aabde42f2ef6df5883c0b	12.2	10.5	22.7
GCST90202304	ok	""	1	0	http://ftp.ebi.ac.uk/pub/databases/gwas/summary_statistics/GCST90202001-GCST90203000/GCST90202304/harmonised/GCST90202304.h.tsv.gz	87525861	4186837	5743	0.001372	0	0	0	27	5716	/data/opengwasdb/metabolome-plasma-2023/releases/2023-chen-full-east-asian/filtered/GCST90202304_GCST90202304.filtered.tsv.gz	160022	sha256	03819b702d6b493fbe0bf6b586f472809f5b0d9f4f129750cb20baa900929aae	13.4	10.2	23.6
GCST90202305	ok	""	1	0	http://ftp.ebi.ac.uk/pub/databases/gwas/summary_statistics/GCST90202001-GCST90203000/GCST90202305/harmonised/GCST90202305.h.tsv.gz	85572584	4116871	5622	0.001366	0	0	0	29	5593	/data/opengwasdb/metabolome-plasma-2023/releases/2023-chen-full-east-asian/filtered/GCST90202305_GCST90202305.filtered.tsv.gz	157170	sha256	7e178086d5b997dbb2ce67dde5bc2e69bec7b567b34e00d2591e0ee3d50ad34b	13.9	10.2	24.1
GCST90202306	ok	""	1	0	http://ftp.ebi.ac.uk/pub/databases/gwas/summary_statistics/GCST90202001-GCST90203000/GCST90202306/harmonised/GCST90202306.h.tsv.gz	87213753	4171012	7824	0.001876	0	1	2115	18	5696	/data/opengwasdb/metabolome-plasma-2023/releases/2023-chen-full-east-asian/filtered/GCST90202306_GCST90202306.filtered.tsv.gz	203000	sha256	4d1f1e378c1cc5b002332d2d0c3484879860e2e52cad5c32df49e3c6f8006d66	14.7	10.7	25.4
GCST90202307	ok	""	1	0	http://ftp.ebi.ac.uk/pub/databases/gwas/summary_statistics/GCST90202001-GCST90203000/GCST90202307/harmonised/GCST90202307.h.tsv.gz	81050632	4057434	5533	0.001364	0	0	0	18	5515	/data/opengwasdb/metabolome-plasma-2023/releases/2023-chen-full-east-asian/filtered/GCST90202307_GCST90202307.filtered.tsv.gz	153383	sha256	b085891a457934d9c6abdea814e6e42db02b7d8901830bb21782825a5ccfef39	16.1	9.2	25.3
GCST90202308	ok	""	1	0	http://ftp.ebi.ac.uk/pub/databases/gwas/summary_statistics/GCST90202001-GCST90203000/GCST90202308/harmonised/GCST90202308.h.tsv.gz	87266936	4171012	5708	0.001368	0	0	0	12	5696	/data/opengwasdb/metabolome-plasma-2023/releases/2023-chen-full-east-asian/filtered/GCST90202308_GCST90202308.filtered.tsv.gz	158951	sha256	c9bc90db23f78b7d87404bff27ee9437983ac2020fedf8a005b4f2be7f403ebd	17.6	10.6	28.2
GCST90202309	ok	""	1	0	http://ftp.ebi.ac.uk/pub/databases/gwas/summary_statistics/GCST90202001-GCST90203000/GCST90202309/harmonised/GCST90202309.h.tsv.gz	82998527	4171012	5718	0.001371	0	0	0	22	5696	/data/opengwasdb/metabolome-plasma-2023/releases/2023-chen-full-east-asian/filtered/GCST90202309_GCST90202309.filtered.tsv.gz	159518	sha256	5181fbfba5ec4b74d9f9d29eb156bd6efc3fcd1817d35bea041362c355cac045	14.6	10.2	24.9
GCST90202310	ok	""	1	0	http://ftp.ebi.ac.uk/pub/databases/gwas/summary_statistics/GCST90202001-GCST90203000/GCST90202310/harmonised/GCST90202310.h.tsv.gz	83277268	4187902	5740	0.001371	0	0	0	11	5729	/data/opengwasdb/metabolome-plasma-2023/releases/2023-chen-full-east-asian/filtered/GCST90202310_GCST90202310.filtered.tsv.gz	160086	sha256	91ed870a97ea8a93e274b3c0ce9ea9f0b004dc0d7d814c790ae7645574701d74	12.2	10.6	22.7
GCST90202311	ok	""	1	0	http://ftp.ebi.ac.uk/pub/databases/gwas/summary_statistics/GCST90202001-GCST90203000/GCST90202311/harmonised/GCST90202311.h.tsv.gz	83002583	4171012	5717	0.001371	0	0	0	21	5696	/data/opengwasdb/metabolome-plasma-2023/releases/2023-chen-full-east-asian/filtered/GCST90202311_GCST90202311.filtered.tsv.gz	159648	sha256	93c89582616f4186a252eb1e0251ce38dfca3993019154e913d55391e94b007e	10.5	10.3	20.9
GCST90202312	ok	""	1	0	http://ftp.ebi.ac.uk/pub/databases/gwas/summary_statistics/GCST90202001-GCST90203000/GCST90202312/harmonised/GCST90202312.h.tsv.gz	83179207	4184887	5739	0.001371	0	0	0	18	5721	/data/opengwasdb/metabolome-plasma-2023/releases/2023-chen-full-east-asian/filtered/GCST90202312_GCST90202312.filtered.tsv.gz	160173	sha256	cd23088fbef4e06e1a49e08f4ef81a260431fe22d1d95958084d2c62a645ea68	11.8	10.4	22.1
GCST90202313	ok	""	1	0	http://ftp.ebi.ac.uk/pub/databases/gwas/summary_statistics/GCST90202001-GCST90203000/GCST90202313/harmonised/GCST90202313.h.tsv.gz	78230486	4061165	5563	0.00137	0	0	0	24	5539	/data/opengwasdb/metabolome-plasma-2023/releases/2023-chen-full-east-asian/filtered/GCST90202313_GCST90202313.filtered.tsv.gz	154874	sha256	591fb7bfac35466bf197013637de4a430020c99dbd5e5eb4368c7d0ff45d1788	11.4	9.8	21.2
GCST90202314	ok	""	1	0	http://ftp.ebi.ac.uk/pub/databases/gwas/summary_statistics/GCST90202001-GCST90203000/GCST90202314/harmonised/GCST90202314.h.tsv.gz	87995337	4215843	5776	0.00137	0	0	0	24	5752	/data/opengwasdb/metabolome-plasma-2023/releases/2023-chen-full-east-asian/filtered/GCST90202314_GCST90202314.filtered.tsv.gz	160686	sha256	2047923ace3562f0a7b00908fa42d9b835045243c64aa3b5beeb115d0a0d72df	11.7	10.8	22.5
GCST90202315	ok	""	1	0	http://ftp.ebi.ac.uk/pub/databases/gwas/summary_statistics/GCST90202001-GCST90203000/GCST90202315/harmonised/GCST90202315.h.tsv.gz	87296170	4171012	11831	0.002836	0	2	6132	13	5696	/data/opengwasdb/metabolome-plasma-2023/releases/2023-chen-full-east-asian/filtered/GCST90202315_GCST90202315.filtered.tsv.gz	278733	sha256	a6354a553985962f60108dbdc11390b40a65c664c5ccdad4284f5eb31d90c081	10.7	11.3	22
GCST90202316	ok	""	1	0	http://ftp.ebi.ac.uk/pub/databases/gwas/summary_statistics/GCST90202001-GCST90203000/GCST90202316/harmonised/GCST90202316.h.tsv.gz	81199373	4244604	5838	0.001375	0	0	0	15	5823	/data/opengwasdb/metabolome-plasma-2023/releases/2023-chen-full-east-asian/filtered/GCST90202316_GCST90202316.filtered.tsv.gz	162076	sha256	429e612d9c0995663d1d605280803238d90616796207aeb98232cf117bd8ba30	9.1	11.1	20.3
GCST90202317	ok	""	1	0	http://ftp.ebi.ac.uk/pub/databases/gwas/summary_statistics/GCST90202001-GCST90203000/GCST90202317/harmonised/GCST90202317.h.tsv.gz	83693585	4208842	5770	0.001371	0	0	0	14	5756	/data/opengwasdb/metabolome-plasma-2023/releases/2023-chen-full-east-asian/filtered/GCST90202317_GCST90202317.filtered.tsv.gz	160795	sha256	1d019942fcf22c9c253c6b1eb819d0f27d4cfcb7a6bb826ea137853ce84355c2	10	10.6	20.6
GCST90202318	ok	""	1	0	http://ftp.ebi.ac.uk/pub/databases/gwas/summary_statistics/GCST90202001-GCST90203000/GCST90202318/harmonised/GCST90202318.h.tsv.gz	85461040	4111223	8202	0.001995	0	1	2591	9	5603	/data/opengwasdb/metabolome-plasma-2023/releases/2023-chen-full-east-asian/filtered/GCST90202318_GCST90202318.filtered.tsv.gz	198703	sha256	0f23aee0483c569b0e8de6d0d30f43f8d28c89d5d10f32462ec84f2c1bd5d7e3	8.7	10.9	19.6
GCST90202319	ok	""	1	0	http://ftp.ebi.ac.uk/pub/databases/gwas/summary_statistics/GCST90202001-GCST90203000/GCST90202319/harmonised/GCST90202319.h.tsv.gz	83304409	4188452	5734	0.001369	0	0	0	20	5714	/data/opengwasdb/metabolome-plasma-2023/releases/2023-chen-full-east-asian/filtered/GCST90202319_GCST90202319.filtered.tsv.gz	160101	sha256	68141a0e9179e72521569299111d11e6e2d51de695762d07b3e637df3898d300	9.5	9.3	18.8
GCST90202320	ok	""	1	0	http://ftp.ebi.ac.uk/pub/databases/gwas/summary_statistics/GCST90202001-GCST90203000/GCST90202320/harmonised/GCST90202320.h.tsv.gz	82999683	4171012	8501	0.002038	0	1	2787	22	5696	/data/opengwasdb/metabolome-plasma-2023/releases/2023-chen-full-east-asian/filtered/GCST90202320_GCST90202320.filtered.tsv.gz	210915	sha256	c4d920ed53297509c2339091160d72b359ee89577d85cc0897d0c52aabd5c183	13	10.6	23.6
GCST90202321	ok	""	1	0	http://ftp.ebi.ac.uk/pub/databases/gwas/summary_statistics/GCST90202001-GCST90203000/GCST90202321/harmonised/GCST90202321.h.tsv.gz	81507685	4129914	5620	0.001361	0	0	0	14	5606	/data/opengwasdb/metabolome-plasma-2023/releases/2023-chen-full-east-asian/filtered/GCST90202321_GCST90202321.filtered.tsv.gz	156846	sha256	adecac3160b9e75fe74c1435360087dfbe9ed71c767f982b57f17b6f54d3bebd	12.6	10.2	22.8
GCST90202322	ok	""	1	0	http://ftp.ebi.ac.uk/pub/databases/gwas/summary_statistics/GCST90202001-GCST90203000/GCST90202322/harmonised/GCST90202322.h.tsv.gz	82343099	4239869	5816	0.001372	0	0	0	23	5793	/data/opengwasdb/metabolome-plasma-2023/releases/2023-chen-full-east-asian/filtered/GCST90202322_GCST90202322.filtered.tsv.gz	161674	sha256	a330e9d1ac3967f5e4399df2d5b4e1008d7272a9887b81c3aa0c520a1eb78afd	13.5	10.4	23.9
GCST90202323	ok	""	1	0	http://ftp.ebi.ac.uk/pub/databases/gwas/summary_statistics/GCST90202001-GCST90203000/GCST90202323/harmonised/GCST90202323.h.tsv.gz	85545768	4115518	5605	0.001362	0	0	0	13	5592	/data/opengwasdb/metabolome-plasma-2023/releases/2023-chen-full-east-asian/filtered/GCST90202323_GCST90202323.filtered.tsv.gz	156757	sha256	27d0c991bc69e1c3799192f9e16c057b5ec1c91ee98119cdac832afd0b9d0d8f	18.5	9.9	28.4
GCST90202324	ok	""	1	0	http://ftp.ebi.ac.uk/pub/databases/gwas/summary_statistics/GCST90202001-GCST90203000/GCST90202324/harmonised/GCST90202324.h.tsv.gz	87537053	4185757	5733	0.00137	0	0	0	11	5722	/data/opengwasdb/metabolome-plasma-2023/releases/2023-chen-full-east-asian/filtered/GCST90202324_GCST90202324.filtered.tsv.gz	160008	sha256	3283bd769ec0b0699c11d2a89ffaf6c8e828a8256584c365e3472f19296a0ef7	19.9	11.1	31
GCST90202325	ok	""	1	0	http://ftp.ebi.ac.uk/pub/databases/gwas/summary_statistics/GCST90202001-GCST90203000/GCST90202325/harmonised/GCST90202325.h.tsv.gz	85892722	4135298	9334	0.002257	0	1	3696	18	5623	/data/opengwasdb/metabolome-plasma-2023/releases/2023-chen-full-east-asian/filtered/GCST90202325_GCST90202325.filtered.tsv.gz	221444	sha256	0ec6c5fbd8169f699ff29823d7f2381aad67fe3596269679c6b29ebc28662785	19.5	11.6	31.1
GCST90202326	ok	""	1	0	http://ftp.ebi.ac.uk/pub/databases/gwas/summary_statistics/GCST90202001-GCST90203000/GCST90202326/harmonised/GCST90202326.h.tsv.gz	87626174	4189403	5736	0.001369	0	0	0	9	5727	/data/opengwasdb/metabolome-plasma-2023/releases/2023-chen-full-east-asian/filtered/GCST90202326_GCST90202326.filtered.tsv.gz	159924	sha256	7812ecf3aa290dab218d9c652c09acb4e501e20337f8adf02bcbfd2a3a7c9485	16	10.9	26.9
GCST90202327	ok	""	1	0	http://ftp.ebi.ac.uk/pub/databases/gwas/summary_statistics/GCST90202001-GCST90203000/GCST90202327/harmonised/GCST90202327.h.tsv.gz	87484269	4184887	5734	0.00137	0	0	0	13	5721	/data/opengwasdb/metabolome-plasma-2023/releases/2023-chen-full-east-asian/filtered/GCST90202327_GCST90202327.filtered.tsv.gz	159963	sha256	0abf5ee7fb7f348527576d044a97aa8577e8a5eab8da763ca5a6716a11065bfd	15.9	10.5	26.4
GCST90202328	ok	""	1	0	http://ftp.ebi.ac.uk/pub/databases/gwas/summary_statistics/GCST90202001-GCST90203000/GCST90202328/harmonised/GCST90202328.h.tsv.gz	83430564	4193208	9920	0.002366	0	1	4160	20	5746	/data/opengwasdb/metabolome-plasma-2023/releases/2023-chen-full-east-asian/filtered/GCST90202328_GCST90202328.filtered.tsv.gz	235164	sha256	d0414dd0b700221a9ee43fcbdf09e2b849df921bc787d989f74176bdcbc2db5d	17.9	11.7	29.6
GCST90202329	ok	""	1	0	http://ftp.ebi.ac.uk/pub/databases/gwas/summary_statistics/GCST90202001-GCST90203000/GCST90202329/harmonised/GCST90202329.h.tsv.gz	83007135	4171012	9379	0.002249	0	1	3676	12	5696	/data/opengwasdb/metabolome-plasma-2023/releases/2023-chen-full-east-asian/filtered/GCST90202329_GCST90202329.filtered.tsv.gz	230558	sha256	b4e856e67b94b891ee4bb36ed0fa69477d5f2f8e2a5796373dd128cfc5477b71	17.7	11.1	28.7
GCST90202330	ok	""	1	0	http://ftp.ebi.ac.uk/pub/databases/gwas/summary_statistics/GCST90202001-GCST90203000/GCST90202330/harmonised/GCST90202330.h.tsv.gz	84982620	4084284	5570	0.001364	0	0	0	19	5551	/data/opengwasdb/metabolome-plasma-2023/releases/2023-chen-full-east-asian/filtered/GCST90202330_GCST90202330.filtered.tsv.gz	155870	sha256	58c5551e20afb13d71da35bfdb23741c5e87bf4972f11f38482110260a0d2855	17.7	9.9	27.6
GCST90202331	ok	""	1	0	http://ftp.ebi.ac.uk/pub/databases/gwas/summary_statistics/GCST90202001-GCST90203000/GCST90202331/harmonised/GCST90202331.h.tsv.gz	87224335	4171012	5714	0.00137	0	0	0	18	5696	/data/opengwasdb/metabolome-plasma-2023/releases/2023-chen-full-east-asian/filtered/GCST90202331_GCST90202331.filtered.tsv.gz	159245	sha256	7914781b6cdaff07b5f4b6e08b7aef1d47c1825033442d641b03e90868c6abe1	19.7	10.8	30.5
GCST90202332	ok	""	1	0	http://ftp.ebi.ac.uk/pub/databases/gwas/summary_statistics/GCST90202001-GCST90203000/GCST90202332/harmonised/GCST90202332.h.tsv.gz	88110828	4220596	5797	0.001374	0	0	0	20	5777	/data/opengwasdb/metabolome-plasma-2023/releases/2023-chen-full-east-asian/filtered/GCST90202332_GCST90202332.filtered.tsv.gz	161491	sha256	54b148bd3f2c06c50ceb8ddcd187899dd7fc8f74cf0a4681cd72d1a62cfe8f36	20.3	10.9	31.2
GCST90202333	ok	""	1	0	http://ftp.ebi.ac.uk/pub/databases/gwas/summary_statistics/GCST90202001-GCST90203000/GCST90202333/harmonised/GCST90202333.h.tsv.gz	87550394	4188363	5730	0.001368	0	0	0	8	5722	/data/opengwasdb/metabolome-plasma-2023/releases/2023-chen-full-east-asian/filtered/GCST90202333_GCST90202333.filtered.tsv.gz	159846	sha256	99190a1b875dcbdd0cda9b23001f9ea1e271c0a9ada3f11be902e91cb92076c8	20.1	10.9	31
GCST90202334	ok	""	1	0	http://ftp.ebi.ac.uk/pub/databases/gwas/summary_statistics/GCST90202001-GCST90203000/GCST90202334/harmonised/GCST90202334.h.tsv.gz	83309507	4189154	5744	0.001371	0	0	0	21	5723	/data/opengwasdb/metabolome-plasma-2023/releases/2023-chen-full-east-asian/filtered/GCST90202334_GCST90202334.filtered.tsv.gz	160236	sha256	bcf695842b1c235b018305aae40a5a0a25ddb148477e171cfad2ad81d79f61a1	18.8	10.5	29.3
GCST90202335	ok	""	1	0	http://ftp.ebi.ac.uk/pub/databases/gwas/summary_statistics/GCST90202001-GCST90203000/GCST90202335/harmonised/GCST90202335.h.tsv.gz	87628304	4189064	5740	0.00137	0	0	0	16	5724	/data/opengwasdb/metabolome-plasma-2023/releases/2023-chen-full-east-asian/filtered/GCST90202335_GCST90202335.filtered.tsv.gz	160157	sha256	373eb9d91cb5454e31d6df1279d5029e4121d90a13a925e4a5603ea0449ba70a	14.7	10.3	25
GCST90202336	ok	""	1	0	http://ftp.ebi.ac.uk/pub/databases/gwas/summary_statistics/GCST90202001-GCST90203000/GCST90202336/harmonised/GCST90202336.h.tsv.gz	83751584	4219029	5791	0.001373	0	0	0	23	5768	/data/opengwasdb/metabolome-plasma-2023/releases/2023-chen-full-east-asian/filtered/GCST90202336_GCST90202336.filtered.tsv.gz	161388	sha256	d9dd6017e3e6549bc66fa6311046f353d21b884a16660ecf1b55e5c98918669a	14.5	10.8	25.3
GCST90202337	ok	""	1	0	http://ftp.ebi.ac.uk/pub/databases/gwas/summary_statistics/GCST90202001-GCST90203000/GCST90202337/harmonised/GCST90202337.h.tsv.gz	88218622	4222455	5788	0.001371	0	0	0	15	5773	/data/opengwasdb/metabolome-plasma-2023/releases/2023-chen-full-east-asian/filtered/GCST90202337_GCST90202337.filtered.tsv.gz	161187	sha256	25f07d78746c39c896f96ecc863f2704f4b8ac515cb7c380a8c25af852e70e27	15.1	11.2	26.4
GCST90202338	ok	""	1	0	http://ftp.ebi.ac.uk/pub/databases/gwas/summary_statistics/GCST90202001-GCST90203000/GCST90202338/harmonised/GCST90202338.h.tsv.gz	87906162	4206039	8450	0.002009	0	1	2669	24	5760	/data/opengwasdb/metabolome-plasma-2023/releases/2023-chen-full-east-asian/filtered/GCST90202338_GCST90202338.filtered.tsv.gz	211839	sha256	9649910af70a99a4a0f6c125485a3db2318949dd676351330a557c7727bb5439	15.1	10.8	25.8
GCST90202339	ok	""	1	0	http://ftp.ebi.ac.uk/pub/databases/gwas/summary_statistics/GCST90202001-GCST90203000/GCST90202339/harmonised/GCST90202339.h.tsv.gz	87549273	4185880	5731	0.001369	0	0	0	13	5718	/data/opengwasdb/metabolome-plasma-2023/releases/2023-chen-full-east-asian/filtered/GCST90202339_GCST90202339.filtered.tsv.gz	159708	sha256	3ad1b7d73fe75fd75c62aaddf00c3ca3987d88a577b6419d6da4fa4e1bf58b4e	12.6	10.8	23.4
GCST90202340	ok	""	1	0	http://ftp.ebi.ac.uk/pub/databases/gwas/summary_statistics/GCST90202001-GCST90203000/GCST90202340/harmonised/GCST90202340.h.tsv.gz	82241826	4166766	11215	0.002692	0	2	5522	15	5686	/data/opengwasdb/metabolome-plasma-2023/releases/2023-chen-full-east-asian/filtered/GCST90202340_GCST90202340.filtered.tsv.gz	264815	sha256	c26dcfa52aa77c6345374280df408395f1ea9d391718709b7e92d314061796d1	12.6	11.4	23.9
GCST90202341	ok	""	1	0	http://ftp.ebi.ac.uk/pub/databases/gwas/summary_statistics/GCST90202001-GCST90203000/GCST90202341/harmonised/GCST90202341.h.tsv.gz	88071842	4218824	5784	0.001371	0	0	0	18	5766	/data/opengwasdb/metabolome-plasma-2023/releases/2023-chen-full-east-asian/filtered/GCST90202341_GCST90202341.filtered.tsv.gz	160943	sha256	5b69a703c76d5f778723976b7973d60931f3b71abbba89aa59829db3f8d5912e	13.7	10.4	24
GCST90202342	ok	""	1	0	http://ftp.ebi.ac.uk/pub/databases/gwas/summary_statistics/GCST90202001-GCST90203000/GCST90202342/harmonised/GCST90202342.h.tsv.gz	83474302	4186837	5724	0.001367	0	0	0	8	5716	/data/opengwasdb/metabolome-plasma-2023/releases/2023-chen-full-east-asian/filtered/GCST90202342_GCST90202342.filtered.tsv.gz	160617	sha256	14b20319b206a289143ab08c7bdd3ac04e5007c73f8f51c081e53d75edd25147	13	10.3	23.4
GCST90202343	ok	""	1	0	http://ftp.ebi.ac.uk/pub/databases/gwas/summary_statistics/GCST90202001-GCST90203000/GCST90202343/harmonised/GCST90202343.h.tsv.gz	87554454	4185886	5723	0.001367	0	0	0	10	5713	/data/opengwasdb/metabolome-plasma-2023/releases/2023-chen-full-east-asian/filtered/GCST90202343_GCST90202343.filtered.tsv.gz	159645	sha256	1ecbff76b68cd3ebcd99e84ef8cb148496982593855efc288c86a309639f8549	12.5	11.3	23.8
GCST90202344	ok	""	1	0	http://ftp.ebi.ac.uk/pub/databases/gwas/summary_statistics/GCST90202001-GCST90203000/GCST90202344/harmonised/GCST90202344.h.tsv.gz	87239276	4171012	5719	0.001371	0	0	0	23	5696	/data/opengwasdb/metabolome-plasma-2023/releases/2023-chen-full-east-asian/filtered/GCST90202344_GCST90202344.filtered.tsv.gz	159573	sha256	4cf78528b7eb604568610de1e877e99f550d28773b2b006f65b913aae6131e60	14.7	10.6	25.3
GCST90202345	ok	""	1	0	http://ftp.ebi.ac.uk/pub/databases/gwas/summary_statistics/GCST90202001-GCST90203000/GCST90202345/harmonised/GCST90202345.h.tsv.gz	87287358	4171012	5715	0.00137	0	0	0	19	5696	/data/opengwasdb/metabolome-plasma-2023/releases/2023-chen-full-east-asian/filtered/GCST90202345_GCST90202345.filtered.tsv.gz	159517	sha256	afcd3a68d2be9216cfa056463ca2c3a1290fc93180fe2f801ebddda22bc8017c	16.2	11.3	27.4
GCST90202346	ok	""	1	0	http://ftp.ebi.ac.uk/pub/databases/gwas/summary_statistics/GCST90202001-GCST90203000/GCST90202346/harmonised/GCST90202346.h.tsv.gz	85727219	4123675	5625	0.001364	0	0	0	20	5605	/data/opengwasdb/metabolome-plasma-2023/releases/2023-chen-full-east-asian/filtered/GCST90202346_GCST90202346.filtered.tsv.gz	157236	sha256	7c482bc0ac94596d91f87a2fdbdd9a60065169d552ae74ec8a3cebb83f715755	15.7	10.6	26.3
GCST90202347	ok	""	1	0	http://ftp.ebi.ac.uk/pub/databases/gwas/summary_statistics/GCST90202001-GCST90203000/GCST90202347/harmonised/GCST90202347.h.tsv.gz	81475745	4123118	5621	0.001363	0	0	0	16	5605	/data/opengwasdb/metabolome-plasma-2023/releases/2023-chen-full-east-asian/filtered/GCST90202347_GCST90202347.filtered.tsv.gz	157070	sha256	4bfcd8bf7763734fd8e1565f726c9e93b989b7352593f12eb60a9bfbfb0e465b	13.6	10.6	24.2
GCST90202348	ok	""	1	0	http://ftp.ebi.ac.uk/pub/databases/gwas/summary_statistics/GCST90202001-GCST90203000/GCST90202348/harmonised/GCST90202348.h.tsv.gz	87316255	4171012	5714	0.00137	0	0	0	18	5696	/data/opengwasdb/metabolome-plasma-2023/releases/2023-chen-full-east-asian/filtered/GCST90202348_GCST90202348.filtered.tsv.gz	159479	sha256	ccc162b5989e9ab6b27f393e83f9d9a7ece4139e01ef0bf3d0bddd07f17b7f36	12.7	11.2	23.9
GCST90202349	ok	""	1	0	http://ftp.ebi.ac.uk/pub/databases/gwas/summary_statistics/GCST90202001-GCST90203000/GCST90202349/harmonised/GCST90202349.h.tsv.gz	84531692	4121742	8980	0.002179	0	1	3329	41	5615	/data/opengwasdb/metabolome-plasma-2023/releases/2023-chen-full-east-asian/filtered/GCST90202349_GCST90202349.filtered.tsv.gz	220282	sha256	15e088e9a28da893dfcbe456bf0f34406ce36c7fc4056f148824843eff36a3d1	13.3	10.9	24.1
GCST90202350	ok	""	1	0	http://ftp.ebi.ac.uk/pub/databases/gwas/summary_statistics/GCST90202001-GCST90203000/GCST90202350/harmonised/GCST90202350.h.tsv.gz	83956104	4233595	9557	0.002257	0	1	3776	16	5770	/data/opengwasdb/metabolome-plasma-2023/releases/2023-chen-full-east-asian/filtered/GCST90202350_GCST90202350.filtered.tsv.gz	225151	sha256	131f2174a9de03c77a964088c351a0f5292fb5ed05ab535602d13291a1009f33	13.1	10.7	23.9
GCST90202351	ok	""	1	0	http://ftp.ebi.ac.uk/pub/databases/gwas/summary_statistics/GCST90202001-GCST90203000/GCST90202351/harmonised/GCST90202351.h.tsv.gz	85402286	4104954	10881	0.002651	0	2	5262	29	5597	/data/opengwasdb/metabolome-plasma-2023/releases/2023-chen-full-east-asian/filtered/GCST90202351_GCST90202351.filtered.tsv.gz	271230	sha256	329cd53efd37907b2aa1654c4051e9e3e658a9431e315d0c43e8b2ee9acc3374	15.7	10.6	26.3
GCST90202352	ok	""	1	0	http://ftp.ebi.ac.uk/pub/databases/gwas/summary_statistics/GCST90202001-GCST90203000/GCST90202352/harmonised/GCST90202352.h.tsv.gz	83606699	4204997	5787	0.001376	0	0	0	23	5764	/data/opengwasdb/metabolome-plasma-2023/releases/2023-chen-full-east-asian/filtered/GCST90202352_GCST90202352.filtered.tsv.gz	161267	sha256	1fcf0f539187016580f144148113481a56674d4afc0c449130de29309ebd36b9	15.4	12.3	27.7
GCST90202353	ok	""	1	0	http://ftp.ebi.ac.uk/pub/databases/gwas/summary_statistics/GCST90202001-GCST90203000/GCST90202353/harmonised/GCST90202353.h.tsv.gz	87304894	4171012	8562	0.002053	0	1	2848	22	5696	/data/opengwasdb/metabolome-plasma-2023/releases/2023-chen-full-east-asian/filtered/GCST90202353_GCST90202353.filtered.tsv.gz	214665	sha256	8e789ad9503526423b3fa242303b5eb5faeddeb0623946fc6e0f78d9f734aca4	15.8	10.5	26.3
GCST90202354	ok	""	1	0	http://ftp.ebi.ac.uk/pub/databases/gwas/summary_statistics/GCST90202001-GCST90203000/GCST90202354/harmonised/GCST90202354.h.tsv.gz	82952085	4171012	5707	0.001368	0	0	0	11	5696	/data/opengwasdb/metabolome-plasma-2023/releases/2023-chen-full-east-asian/filtered/GCST90202354_GCST90202354.filtered.tsv.gz	159023	sha256	4c9420db2b53586bac148820c3831c96e014ad38d92ca8a647887daaacfb7156	16.6	12.2	28.8
GCST90202355	ok	""	1	0	http://ftp.ebi.ac.uk/pub/databases/gwas/summary_statistics/GCST90202001-GCST90203000/GCST90202355/harmonised/GCST90202355.h.tsv.gz	87256763	4171012	9103	0.002182	0	1	3402	9	5696	/data/opengwasdb/metabolome-plasma-2023/releases/2023-chen-full-east-asian/filtered/GCST90202355_GCST90202355.filtered.tsv.gz	229070	sha256	d64b507356d07d2dac4f8ca083d2962cbadf9a8b7304e1be309babe235516d17	16	10.9	26.8
GCST90202356	ok	""	1	0	http://ftp.ebi.ac.uk/pub/databases/gwas/summary_statistics/GCST90202001-GCST90203000/GCST90202356/harmonised/GCST90202356.h.tsv.gz	88106530	4218542	5788	0.001372	0	0	0	16	5772	/data/opengwasdb/metabolome-plasma-2023/releases/2023-chen-full-east-asian/filtered/GCST90202356_GCST90202356.filtered.tsv.gz	161031	sha256	8a19eba36281e3a9cca5c54306bc2c1d6cf1d9fa89ae51c52e8486d82e418d39	22.2	11.2	33.4
GCST90202357	ok	""	1	0	http://ftp.ebi.ac.uk/pub/databases/gwas/summary_statistics/GCST90202001-GCST90203000/GCST90202357/harmonised/GCST90202357.h.tsv.gz	87590518	4185700	5738	0.001371	0	0	0	13	5725	/data/opengwasdb/metabolome-plasma-2023/releases/2023-chen-full-east-asian/filtered/GCST90202357_GCST90202357.filtered.tsv.gz	160045	sha256	cd5253fea69352fa580be72b6452cf6c0fe12a98ab8ba402ba4ad37840db2aac	21.6	10.7	32.3
GCST90202358	ok	""	1	0	http://ftp.ebi.ac.uk/pub/databases/gwas/summary_statistics/GCST90202001-GCST90203000/GCST90202358/harmonised/GCST90202358.h.tsv.gz	83317142	4189283	8378	0.002	0	1	2635	25	5725	/data/opengwasdb/metabolome-plasma-2023/releases/2023-chen-full-east-asian/filtered/GCST90202358_GCST90202358.filtered.tsv.gz	209821	sha256	a825163bc6c01f7702b46b790ad7997a5361b93d9dbc950a03aa13d20e3f6410	21.6	11.5	33.2
GCST90202359	ok	""	1	0	http://ftp.ebi.ac.uk/pub/databases/gwas/summary_statistics/GCST90202001-GCST90203000/GCST90202359/harmonised/GCST90202359.h.tsv.gz	87639154	4189403	9852	0.002352	0	1	4116	13	5727	/data/opengwasdb/metabolome-plasma-2023/releases/2023-chen-full-east-asian/filtered/GCST90202359_GCST90202359.filtered.tsv.gz	246004	sha256	02000322afddd67484b5f86775605525dfe3c690390bed12e6cc982be0045ace	21.9	11.3	33.2
GCST90202360	ok	""	1	0	http://ftp.ebi.ac.uk/pub/databases/gwas/summary_statistics/GCST90202001-GCST90203000/GCST90202360/harmonised/GCST90202360.h.tsv.gz	83252719	4189154	13548	0.003234	0	2	7816	18	5723	/data/opengwasdb/metabolome-plasma-2023/releases/2023-chen-full-east-asian/filtered/GCST90202360_GCST90202360.filtered.tsv.gz	307409	sha256	ac50291f3709d7d6a7a2355cc3403920dcd5a5735cfae8fdeb055776b0d91e4a	20.5	11.8	32.3
GCST90202361	ok	""	1	0	http://ftp.ebi.ac.uk/pub/databases/gwas/summary_statistics/GCST90202001-GCST90203000/GCST90202361/harmonised/GCST90202361.h.tsv.gz	87610996	4189330	10937	0.002611	0	1	5203	18	5720	/data/opengwasdb/metabolome-plasma-2023/releases/2023-chen-full-east-asian/filtered/GCST90202361_GCST90202361.filtered.tsv.gz	246911	sha256	dbcf81ea7b387976caa60e2df74676ee6f058431525d8b3d2c3528cac6498e86	21.5	9.9	31.4
GCST90202362	ok	""	1	0	http://ftp.ebi.ac.uk/pub/databases/gwas/summary_statistics/GCST90202001-GCST90203000/GCST90202362/harmonised/GCST90202362.h.tsv.gz	83136717	4176280	5728	0.001372	0	0	0	15	5713	/data/opengwasdb/metabolome-plasma-2023/releases/2023-chen-full-east-asian/filtered/GCST90202362_GCST90202362.filtered.tsv.gz	159884	sha256	cfb6945627ce2c30585824fcdcb7bb052312425453c3e0119f0bcc85f9430acf	20.9	10.7	31.7
GCST90202363	ok	""	1	0	http://ftp.ebi.ac.uk/pub/databases/gwas/summary_statistics/GCST90202001-GCST90203000/GCST90202363/harmonised/GCST90202363.h.tsv.gz	87286930	4171012	9161	0.002196	0	1	3454	16	5696	/data/opengwasdb/metabolome-plasma-2023/releases/2023-chen-full-east-asian/filtered/GCST90202363_GCST90202363.filtered.tsv.gz	219000	sha256	f29c54295594483bcd7928770b92af3dec3f81ce30c02f60e979f3acff8a2d9d	23	10.5	33.5
GCST90202364	ok	""	1	0	http://ftp.ebi.ac.uk/pub/databases/gwas/summary_statistics/GCST90202001-GCST90203000/GCST90202364/harmonised/GCST90202364.h.tsv.gz	86327472	4154912	8666	0.002086	0	1	2992	13	5664	/data/opengwasdb/metabolome-plasma-2023/releases/2023-chen-full-east-asian/filtered/GCST90202364_GCST90202364.filtered.tsv.gz	219523	sha256	36c8d64b441f42f372aadefc475ea0e855b683eb16d088ac0daf48a7a4d7af02	22.2	11.4	33.5
GCST90202365	ok	""	1	0	http://ftp.ebi.ac.uk/pub/databases/gwas/summary_statistics/GCST90202001-GCST90203000/GCST90202365/harmonised/GCST90202365.h.tsv.gz	85086897	4088378	5558	0.001359	0	0	0	11	5547	/data/opengwasdb/metabolome-plasma-2023/releases/2023-chen-full-east-asian/filtered/GCST90202365_GCST90202365.filtered.tsv.gz	155581	sha256	69824af6487ce54b6655bef88a46fdd74f17105dbf5e1423abd72eba2cdc23a8	21.9	11.7	33.6
GCST90202366	ok	""	1	0	http://ftp.ebi.ac.uk/pub/databases/gwas/summary_statistics/GCST90202001-GCST90203000/GCST90202366/harmonised/GCST90202366.h.tsv.gz	82139361	4158789	9018	0.002168	0	1	3347	17	5657	/data/opengwasdb/metabolome-plasma-2023/releases/2023-chen-full-east-asian/filtered/GCST90202366_GCST90202366.filtered.tsv.gz	218971	sha256	9d7c0f0715a8c0b40c32f9229974436fd335b31708f51b20c57e4435db379b16	21	10.2	31.2
GCST90202367	ok	""	1	0	http://ftp.ebi.ac.uk/pub/databases/gwas/summary_statistics/GCST90202001-GCST90203000/GCST90202367/harmonised/GCST90202367.h.tsv.gz	87279429	4171012	5715	0.00137	0	0	0	19	5696	/data/opengwasdb/metabolome-plasma-2023/releases/2023-chen-full-east-asian/filtered/GCST90202367_GCST90202367.filtered.tsv.gz	159442	sha256	1bdac36cce645370063be5bf6cbf5563b916bebadac8274aeaf086d98e64c150	23.2	10.7	33.9
GCST90202368	ok	""	1	0	http://ftp.ebi.ac.uk/pub/databases/gwas/summary_statistics/GCST90202001-GCST90203000/GCST90202368/harmonised/GCST90202368.h.tsv.gz	81434582	4254429	5856	0.001376	0	0	0	13	5843	/data/opengwasdb/metabolome-plasma-2023/releases/2023-chen-full-east-asian/filtered/GCST90202368_GCST90202368.filtered.tsv.gz	162422	sha256	d33e423059fbbf7bea2b485b1afb6944ba746f9c91c398983f59ac6ce7b85572	21.9	10.4	32.3
GCST90202369	ok	""	1	0	http://ftp.ebi.ac.uk/pub/databases/gwas/summary_statistics/GCST90202001-GCST90203000/GCST90202369/harmonised/GCST90202369.h.tsv.gz	83784787	4230705	8742	0.002066	0	1	2928	24	5792	/data/opengwasdb/metabolome-plasma-2023/releases/2023-chen-full-east-asian/filtered/GCST90202369_GCST90202369.filtered.tsv.gz	216061	sha256	fcb80911b83ea57dcd4837574a5b0f9980d860b92cfe839317faa0ccafe2d3e8	24	10.8	34.8
GCST90202370	ok	""	1	0	http://ftp.ebi.ac.uk/pub/databases/gwas/summary_statistics/GCST90202001-GCST90203000/GCST90202370/harmonised/GCST90202370.h.tsv.gz	88335725	4235972	5825	0.001375	0	0	0	23	5802	/data/opengwasdb/metabolome-plasma-2023/releases/2023-chen-full-east-asian/filtered/GCST90202370_GCST90202370.filtered.tsv.gz	161882	sha256	52c1d965bd4ef93c526b80ad61666489b8cf583a79ad103abc2b65ea9b65dbbd	23.9	10.3	34.2
GCST90202371	ok	""	1	0	http://ftp.ebi.ac.uk/pub/databases/gwas/summary_statistics/GCST90202001-GCST90203000/GCST90202371/harmonised/GCST90202371.h.tsv.gz	81038527	4233689	5765	0.001362	0	0	0	12	5753	/data/opengwasdb/metabolome-plasma-2023/releases/2023-chen-full-east-asian/filtered/GCST90202371_GCST90202371.filtered.tsv.gz	160060	sha256	0fddf363faeb468a59421a6158e6789e5885be5555ab5ce85d3face8eb400b5f	21.7	10.3	32
GCST90202372	ok	""	1	0	http://ftp.ebi.ac.uk/pub/databases/gwas/summary_statistics/GCST90202001-GCST90203000/GCST90202372/harmonised/GCST90202372.h.tsv.gz	81407099	4073024	9071	0.002227	0	1	3498	31	5545	/data/opengwasdb/metabolome-plasma-2023/releases/2023-chen-full-east-asian/filtered/GCST90202372_GCST90202372.filtered.tsv.gz	223532	sha256	28434e1c550b17ae29e3fba870e0d4aa48a7d6a2dbf704fdbd44513354d8690a	21.4	11.9	33.3
GCST90202373	ok	""	1	0	http://ftp.ebi.ac.uk/pub/databases/gwas/summary_statistics/GCST90202001-GCST90203000/GCST90202373/harmonised/GCST90202373.h.tsv.gz	82996049	4171012	9191	0.002204	0	1	3481	19	5696	/data/opengwasdb/metabolome-plasma-2023/releases/2023-chen-full-east-asian/filtered/GCST90202373_GCST90202373.filtered.tsv.gz	231866	sha256	edd1751c64913ed40a175b593ba6d1b7734eda7145959e0e70cb197d138f142a	23.6	11.4	35
GCST90202374	ok	""	1	0	http://ftp.ebi.ac.uk/pub/databases/gwas/summary_statistics/GCST90202001-GCST90203000/GCST90202374/harmonised/GCST90202374.h.tsv.gz	83220473	4185598	9147	0.002185	0	1	3418	14	5719	/data/opengwasdb/metabolome-plasma-2023/releases/2023-chen-full-east-asian/filtered/GCST90202374_GCST90202374.filtered.tsv.gz	224171	sha256	9bcc222fc2815b1f9d058bd15371004fa8d53ef18a09505014886a6b2dd0e617	23.8	10.1	33.9
GCST90202375	ok	""	1	0	http://ftp.ebi.ac.uk/pub/databases/gwas/summary_statistics/GCST90202001-GCST90203000/GCST90202375/harmonised/GCST90202375.h.tsv.gz	85031558	4085571	5548	0.001358	0	0	0	15	5533	/data/opengwasdb/metabolome-plasma-2023/releases/2023-chen-full-east-asian/filtered/GCST90202375_GCST90202375.filtered.tsv.gz	155241	sha256	53fa04fffb7ef1fb9cb40c730fcd32c3c42da569930f132c3a937a6426a024e7	24.5	10.3	34.8
GCST90202376	ok	""	1	0	http://ftp.ebi.ac.uk/pub/databases/gwas/summary_statistics/GCST90202001-GCST90203000/GCST90202376/harmonised/GCST90202376.h.tsv.gz	81186245	4104798	8597	0.002094	0	1	2991	16	5592	/data/opengwasdb/metabolome-plasma-2023/releases/2023-chen-full-east-asian/filtered/GCST90202376_GCST90202376.filtered.tsv.gz	217600	sha256	95253f84b762a9346187f633cb17adffc7469fc67c0ab54391acc97af3255fb4	28.7	12.3	41
GCST90202377	ok	""	1	0	http://ftp.ebi.ac.uk/pub/databases/gwas/summary_statistics/GCST90202001-GCST90203000/GCST90202377/harmonised/GCST90202377.h.tsv.gz	88284936	4233404	5804	0.001371	0	0	0	17	5787	/data/opengwasdb/metabolome-plasma-2023/releases/2023-chen-full-east-asian/filtered/GCST90202377_GCST90202377.filtered.tsv.gz	161163	sha256	65d3090099c6e7b5608126333a0346e7f06030e7da8fc98bcd15009713c26b1f	29.1	11.3	40.4
GCST90202378	ok	""	1	0	http://ftp.ebi.ac.uk/pub/databases/gwas/summary_statistics/GCST90202001-GCST90203000/GCST90202378/harmonised/GCST90202378.h.tsv.gz	87633241	4189283	8380	0.002	0	1	2643	16	5725	/data/opengwasdb/metabolome-plasma-2023/releases/2023-chen-full-east-asian/filtered/GCST90202378_GCST90202378.filtered.tsv.gz	210787	sha256	13463f50767de379827b27b219f2aa5239ea37bad331c22740d99f40b1878393	28.9	11.6	40.5
GCST90202379	ok	""	1	0	http://ftp.ebi.ac.uk/pub/databases/gwas/summary_statistics/GCST90202001-GCST90203000/GCST90202379/harmonised/GCST90202379.h.tsv.gz	88193880	4221974	5795	0.001373	0	0	0	21	5774	/data/opengwasdb/metabolome-plasma-2023/releases/2023-chen-full-east-asian/filtered/GCST90202379_GCST90202379.filtered.tsv.gz	161441	sha256	ff612576d5aa5799f8e0104232c57a5fb1dee334e57186c17509c4b3f0f7a481	25.5	11.4	36.9
GCST90202380	ok	""	1	0	http://ftp.ebi.ac.uk/pub/databases/gwas/summary_statistics/GCST90202001-GCST90203000/GCST90202380/harmonised/GCST90202380.h.tsv.gz	77586393	4090861	9536	0.002331	0	1	3929	14	5596	/data/opengwasdb/metabolome-plasma-2023/releases/2023-chen-full-east-asian/filtered/GCST90202380_GCST90202380.filtered.tsv.gz	229597	sha256	bd579a0aafb984e2969153519faf22387af0d8a00ae02d300aa852f5d38796ea	16.3	10.1	26.4
GCST90202381	ok	""	1	0	http://ftp.ebi.ac.uk/pub/databases/gwas/summary_statistics/GCST90202001-GCST90203000/GCST90202381/harmonised/GCST90202381.h.tsv.gz	83548640	4204799	5764	0.001371	0	0	0	22	5742	/data/opengwasdb/metabolome-plasma-2023/releases/2023-chen-full-east-asian/filtered/GCST90202381_GCST90202381.filtered.tsv.gz	160818	sha256	5931fe9e8383ffbb826be4679f9485a4954a1c79b03e3c385e91d874669097ed	20.8	11	31.8
GCST90202382	ok	""	1	0	http://ftp.ebi.ac.uk/pub/databases/gwas/summary_statistics/GCST90202001-GCST90203000/GCST90202382/harmonised/GCST90202382.h.tsv.gz	83303025	4186423	8326	0.001989	0	1	2601	13	5717	/data/opengwasdb/metabolome-plasma-2023/releases/2023-chen-full-east-asian/filtered/GCST90202382_GCST90202382.filtered.tsv.gz	207189	sha256	060e010d931a77b241fd4dadf922c3364b404a056fca06b8e2cc10fd9e5aa52a	21.2	10.9	32.1
GCST90202383	ok	""	1	0	http://ftp.ebi.ac.uk/pub/databases/gwas/summary_statistics/GCST90202001-GCST90203000/GCST90202383/harmonised/GCST90202383.h.tsv.gz	87290968	4171012	9467	0.00227	0	1	3762	14	5696	/data/opengwasdb/metabolome-plasma-2023/releases/2023-chen-full-east-asian/filtered/GCST90202383_GCST90202383.filtered.tsv.gz	229834	sha256	33083fba86b80ae5acfc1191b1c0d3259a98fed32f5a5f83ca9c3d171f2f6aa7	22.6	10.4	33
GCST90202384	ok	""	1	0	http://ftp.ebi.ac.uk/pub/databases/gwas/summary_statistics/GCST90202001-GCST90203000/GCST90202384/harmonised/GCST90202384.h.tsv.gz	83325149	4188676	5729	0.001368	0	0	0	12	5717	/data/opengwasdb/metabolome-plasma-2023/releases/2023-chen-full-east-asian/filtered/GCST90202384_GCST90202384.filtered.tsv.gz	159877	sha256	6639365062b8e61223bb2de1a676ed9dfbea04fef5a21cddd32b51dc3ef6f480	19.8	9.8	29.6
GCST90202385	ok	""	1	0	http://ftp.ebi.ac.uk/pub/databases/gwas/summary_statistics/GCST90202001-GCST90203000/GCST90202385/harmonised/GCST90202385.h.tsv.gz	81926217	4150219	5678	0.001368	0	0	0	22	5656	/data/opengwasdb/metabolome-plasma-2023/releases/2023-chen-full-east-asian/filtered/GCST90202385_GCST90202385.filtered.tsv.gz	158544	sha256	f425c4083916f91c0087c3b5c0bf3d28c4eea5b23baf1d58888a14efbbf4d2bf	21	10.5	31.6
GCST90202386	ok	""	1	0	http://ftp.ebi.ac.uk/pub/databases/gwas/summary_statistics/GCST90202001-GCST90203000/GCST90202386/harmonised/GCST90202386.h.tsv.gz	87272236	4171012	5710	0.001369	0	0	0	14	5696	/data/opengwasdb/metabolome-plasma-2023/releases/2023-chen-full-east-asian/filtered/GCST90202386_GCST90202386.filtered.tsv.gz	159299	sha256	26545d90a0e44428506bb226e8651ddf953859d1590f8eccf5c6de3ba424120a	21.2	10.9	32.2
GCST90202387	ok	""	1	0	http://ftp.ebi.ac.uk/pub/databases/gwas/summary_statistics/GCST90202001-GCST90203000/GCST90202387/harmonised/GCST90202387.h.tsv.gz	78876429	4137336	5676	0.001372	0	0	0	19	5657	/data/opengwasdb/metabolome-plasma-2023/releases/2023-chen-full-east-asian/filtered/GCST90202387_GCST90202387.filtered.tsv.gz	156991	sha256	da4e9b6c8d90179875de08be8c0164a3eb75a386720f1d38f0719f885af19974	22.1	10.3	32.3
GCST90202388	ok	""	1	0	http://ftp.ebi.ac.uk/pub/databases/gwas/summary_statistics/GCST90202001-GCST90203000/GCST90202388/harmonised/GCST90202388.h.tsv.gz	81969015	4150484	8554	0.002061	0	1	2863	22	5672	/data/opengwasdb/metabolome-plasma-2023/releases/2023-chen-full-east-asian/filtered/GCST90202388_GCST90202388.filtered.tsv.gz	212928	sha256	9ce7327aef77e92796490253f7bfa0e6548caffe490ae3982c0d2324e098b523	31.8	10.3	42
GCST90202389	ok	""	1	0	http://ftp.ebi.ac.uk/pub/databases/gwas/summary_statistics/GCST90202001-GCST90203000/GCST90202389/harmonised/GCST90202389.h.tsv.gz	81435748	4201646	5782	0.001376	0	0	0	24	5758	/data/opengwasdb/metabolome-plasma-2023/releases/2023-chen-full-east-asian/filtered/GCST90202389_GCST90202389.filtered.tsv.gz	160619	sha256	2c40ab7c38f391f1b0bcc31990480a4ed080855e62433222d8862f5e98b6a2cc	32	11.2	43.2
GCST90202390	ok	""	1	0	http://ftp.ebi.ac.uk/pub/databases/gwas/summary_statistics/GCST90202001-GCST90203000/GCST90202390/harmonised/GCST90202390.h.tsv.gz	83428063	4120560	10984	0.002666	0	2	5369	13	5606	/data/opengwasdb/metabolome-plasma-2023/releases/2023-chen-full-east-asian/filtered/GCST90202390_GCST90202390.filtered.tsv.gz	254443	sha256	0cecf927d53f7af2d446184034b6f2d48ec17011fc98c336d1c92dff6b54c7b6	32.7	11.2	43.9
GCST90202391	ok	""	1	0	http://ftp.ebi.ac.uk/pub/databases/gwas/summary_statistics/GCST90202001-GCST90203000/GCST90202391/harmonised/GCST90202391.h.tsv.gz	85776595	4216372	5775	0.00137	0	0	0	18	5757	/data/opengwasdb/metabolome-plasma-2023/releases/2023-chen-full-east-asian/filtered/GCST90202391_GCST90202391.filtered.tsv.gz	160401	sha256	df26be7ce61429fb725ea901f92fc8ae48c178b79e2eea300b5be4fa5bc0d6be	31.3	10.4	41.7
GCST90202392	ok	""	1	0	http://ftp.ebi.ac.uk/pub/databases/gwas/summary_statistics/GCST90202001-GCST90203000/GCST90202392/harmonised/GCST90202392.h.tsv.gz	79527347	4063774	8330	0.00205	0	1	2775	18	5542	/data/opengwasdb/metabolome-plasma-2023/releases/2023-chen-full-east-asian/filtered/GCST90202392_GCST90202392.filtered.tsv.gz	202137	sha256	79cd1d90e1a501bfa23affae814d979c71c56b48c2c949918bda3d1dc56180aa	19.9	9.3	29.1
GCST90202393	ok	""	1	0	http://ftp.ebi.ac.uk/pub/databases/gwas/summary_statistics/GCST90202001-GCST90203000/GCST90202393/harmonised/GCST90202393.h.tsv.gz	87273066	4171012	5712	0.001369	0	0	0	16	5696	/data/opengwasdb/metabolome-plasma-2023/releases/2023-chen-full-east-asian/filtered/GCST90202393_GCST90202393.filtered.tsv.gz	159206	sha256	8886812445766c46cbe3f50aa34c1431bf72dc507c18f603fa3644379cc01f20	21.7	11.3	32.9
GCST90202394	ok	""	1	0	http://ftp.ebi.ac.uk/pub/databases/gwas/summary_statistics/GCST90202001-GCST90203000/GCST90202394/harmonised/GCST90202394.h.tsv.gz	83224148	4185103	5720	0.001367	0	0	0	10	5710	/data/opengwasdb/metabolome-plasma-2023/releases/2023-chen-full-east-asian/filtered/GCST90202394_GCST90202394.filtered.tsv.gz	159498	sha256	c3e810c6a987f94ff378cadd91159ae626ba08e2bb5707ec70a159ed19b06e02	20.5	10.7	31.1
GCST90202395	ok	""	1	0	http://ftp.ebi.ac.uk/pub/databases/gwas/summary_statistics/GCST90202001-GCST90203000/GCST90202395/harmonised/GCST90202395.h.tsv.gz	81078859	4103382	5582	0.00136	0	0	0	13	5569	/data/opengwasdb/metabolome-plasma-2023/releases/2023-chen-full-east-asian/filtered/GCST90202395_GCST90202395.filtered.tsv.gz	156103	sha256	df03b8d801c7ee75624f7aa4ee5464a1aa134f6777fc209398305a18087eadf4	19.8	9.5	29.3
GCST90202396	ok	""	1	0	http://ftp.ebi.ac.uk/pub/databases/gwas/summary_statistics/GCST90202001-GCST90203000/GCST90202396/harmonised/GCST90202396.h.tsv.gz	83536881	4204686	5766	0.001371	0	0	0	21	5745	/data/opengwasdb/metabolome-plasma-2023/releases/2023-chen-full-east-asian/filtered/GCST90202396_GCST90202396.filtered.tsv.gz	160758	sha256	56fea5683f32631b316d46ffec539045dafc9c70f9c97e0f62787610bf34d4ec	19.9	10.1	30
GCST90202397	ok	""	1	0	http://ftp.ebi.ac.uk/pub/databases/gwas/summary_statistics/GCST90202001-GCST90203000/GCST90202397/harmonised/GCST90202397.h.tsv.gz	87825901	4202425	9054	0.002154	0	1	3306	17	5738	/data/opengwasdb/metabolome-plasma-2023/releases/2023-chen-full-east-asian/filtered/GCST90202397_GCST90202397.filtered.tsv.gz	221076	sha256	dda3aa11b9353f32bec7bab63581abd0c7cad8d019b7476222198c00ecebdfa3	23.1	11.1	34.2
GCST90202398	ok	""	1	0	http://ftp.ebi.ac.uk/pub/databases/gwas/summary_statistics/GCST90202001-GCST90203000/GCST90202398/harmonised/GCST90202398.h.tsv.gz	83586519	4248819	5834	0.001373	0	0	0	33	5801	/data/opengwasdb/metabolome-plasma-2023/releases/2023-chen-full-east-asian/filtered/GCST90202398_GCST90202398.filtered.tsv.gz	162992	sha256	fe8676323614d48280778e93271c27cdfd1c7da75b71871bb2cfde322a1d6b74	22	10.8	32.9
GCST90202399	ok	""	1	0	http://ftp.ebi.ac.uk/pub/databases/gwas/summary_statistics/GCST90202001-GCST90203000/GCST90202399/harmonised/GCST90202399.h.tsv.gz	87649236	4192212	9148	0.002182	0	1	3397	18	5738	/data/opengwasdb/metabolome-plasma-2023/releases/2023-chen-full-east-asian/filtered/GCST90202399_GCST90202399.filtered.tsv.gz	222914	sha256	ed3aaa242bda6666294df4d23f7e6edd473e50ac09a8e1b549f9fc4065143b83	23.2	11	34.2
GCST90202400	ok	""	1	0	http://ftp.ebi.ac.uk/pub/databases/gwas/summary_statistics/GCST90202001-GCST90203000/GCST90202400/harmonised/GCST90202400.h.tsv.gz	81635457	4263657	7978	0.001871	0	1	2110	26	5847	/data/opengwasdb/metabolome-plasma-2023/releases/2023-chen-full-east-asian/filtered/GCST90202400_GCST90202400.filtered.tsv.gz	202891	sha256	2cc04253ddb7019d9fe1e1d7c9673d779ba82cd8a9e402dd64ef9a63c749bf31	17.7	10.7	28.4
GCST90202401	ok	""	1	0	http://ftp.ebi.ac.uk/pub/databases/gwas/summary_statistics/GCST90202001-GCST90203000/GCST90202401/harmonised/GCST90202401.h.tsv.gz	84504770	4078398	5576	0.001367	0	0	0	17	5559	/data/opengwasdb/metabolome-plasma-2023/releases/2023-chen-full-east-asian/filtered/GCST90202401_GCST90202401.filtered.tsv.gz	156019	sha256	8061d86583d0116d5c735341de594b7f254c1f1c93cc88e0f5d578d2a49d15ad	19.6	10.8	30.4
GCST90202402	ok	""	1	0	http://ftp.ebi.ac.uk/pub/databases/gwas/summary_statistics/GCST90202001-GCST90203000/GCST90202402/harmonised/GCST90202402.h.tsv.gz	85467655	4168255	5697	0.001367	0	0	0	15	5682	/data/opengwasdb/metabolome-plasma-2023/releases/2023-chen-full-east-asian/filtered/GCST90202402_GCST90202402.filtered.tsv.gz	158879	sha256	2a4b4408b86e215d8964968c321f9364a431905fea46229292911a23c2994be4	20.1	10.6	30.7
GCST90202403	ok	""	1	0	http://ftp.ebi.ac.uk/pub/databases/gwas/summary_statistics/GCST90202001-GCST90203000/GCST90202403/harmonised/GCST90202403.h.tsv.gz	83660146	4208405	5770	0.001371	0	0	0	15	5755	/data/opengwasdb/metabolome-plasma-2023/releases/2023-chen-full-east-asian/filtered/GCST90202403_GCST90202403.filtered.tsv.gz	160887	sha256	ad50ff3c5a4de4ce115c9caade75d7f47ec451a3b6d0223a52011f7041c37e95	19.3	10.5	29.8
GCST90202404	ok	""	1	0	http://ftp.ebi.ac.uk/pub/databases/gwas/summary_statistics/GCST90202001-GCST90203000/GCST90202404/harmonised/GCST90202404.h.tsv.gz	87291619	4171012	5708	0.001368	0	0	0	12	5696	/data/opengwasdb/metabolome-plasma-2023/releases/2023-chen-full-east-asian/filtered/GCST90202404_GCST90202404.filtered.tsv.gz	159000	sha256	a4de03957fe68eb5aa0e17cea47a24d555e9f01fc2e9fb4a56ce7fefc6a63451	18.8	10.4	29.1
GCST90202405	ok	""	1	0	http://ftp.ebi.ac.uk/pub/databases/gwas/summary_statistics/GCST90202001-GCST90203000/GCST90202405/harmonised/GCST90202405.h.tsv.gz	83214988	4185880	5733	0.00137	0	0	0	15	5718	/data/opengwasdb/metabolome-plasma-2023/releases/2023-chen-full-east-asian/filtered/GCST90202405_GCST90202405.filtered.tsv.gz	159934	sha256	25a04e403a5478e25aee17d7ee918a37bf20127ca20ca60d04badc93872a161c	19.7	10.7	30.4
GCST90202406	ok	""	1	0	http://ftp.ebi.ac.uk/pub/databases/gwas/summary_statistics/GCST90202001-GCST90203000/GCST90202406/harmonised/GCST90202406.h.tsv.gz	83476842	4193962	5750	0.001371	0	0	0	15	5735	/data/opengwasdb/metabolome-plasma-2023/releases/2023-chen-full-east-asian/filtered/GCST90202406_GCST90202406.filtered.tsv.gz	160498	sha256	9ddb8596b5c2b88f6b4c623d3e4b6e04b5d20db1a69c465e2a9508a2b34f7683	19.3	11.8	31.1
GCST90202407	ok	""	1	0	http://ftp.ebi.ac.uk/pub/databases/gwas/summary_statistics/GCST90202001-GCST90203000/GCST90202407/harmonised/GCST90202407.h.tsv.gz	82965352	4171012	5720	0.001371	0	0	0	24	5696	/data/opengwasdb/metabolome-plasma-2023/releases/2023-chen-full-east-asian/filtered/GCST90202407_GCST90202407.filtered.tsv.gz	159547	sha256	7947b9853bb45f5828bb26cccc8d722227268692884c9470f59a812abc4cdfa6	19.1	11	30.1
GCST90202408	ok	""	1	0	http://ftp.ebi.ac.uk/pub/databases/gwas/summary_statistics/GCST90202001-GCST90203000/GCST90202408/harmonised/GCST90202408.h.tsv.gz	87535188	4185325	5735	0.00137	0	0	0	20	5715	/data/opengwasdb/metabolome-plasma-2023/releases/2023-chen-full-east-asian/filtered/GCST90202408_GCST90202408.filtered.tsv.gz	160268	sha256	53de065dea1239a28b860b4708f8103f4e59432ab6aa47094669a4dfac8baa69	20.2	10.6	30.8
GCST90202409	ok	""	1	0	http://ftp.ebi.ac.uk/pub/databases/gwas/summary_statistics/GCST90202001-GCST90203000/GCST90202409/harmonised/GCST90202409.h.tsv.gz	84077024	4161009	5665	0.001361	0	0	0	10	5655	/data/opengwasdb/metabolome-plasma-2023/releases/2023-chen-full-east-asian/filtered/GCST90202409_GCST90202409.filtered.tsv.gz	156871	sha256	15960873186093563974a1702ab37b9a0b13c8958c3c70b69beb6a3b3ea0ce4c	22.3	11.1	33.4
GCST90202410	ok	""	1	0	http://ftp.ebi.ac.uk/pub/databases/gwas/summary_statistics/GCST90202001-GCST90203000/GCST90202410/harmonised/GCST90202410.h.tsv.gz	84857964	4078779	5537	0.001358	0	0	0	8	5529	/data/opengwasdb/metabolome-plasma-2023/releases/2023-chen-full-east-asian/filtered/GCST90202410_GCST90202410.filtered.tsv.gz	154838	sha256	b18d57d78ae5f50a2936a855d1d88f73550f51ff549813ebe7f86eb6f0320f0e	54.9	10.1	64.9
GCST90202411	ok	""	1	0	http://ftp.ebi.ac.uk/pub/databases/gwas/summary_statistics/GCST90202001-GCST90203000/GCST90202411/harmonised/GCST90202411.h.tsv.gz	80550655	4192522	9301	0.002218	0	1	3557	20	5730	/data/opengwasdb/metabolome-plasma-2023/releases/2023-chen-full-east-asian/filtered/GCST90202411_GCST90202411.filtered.tsv.gz	223929	sha256	cc5249870946a191b8b5c989358671710ce5f9ab1ae5fe2c80c23abe340ecc61	20.4	11.3	31.7
GCST90202412	ok	""	1	0	http://ftp.ebi.ac.uk/pub/databases/gwas/summary_statistics/GCST90202001-GCST90203000/GCST90202412/harmonised/GCST90202412.h.tsv.gz	80585138	4139889	5656	0.001366	0	0	0	16	5640	/data/opengwasdb/metabolome-plasma-2023/releases/2023-chen-full-east-asian/filtered/GCST90202412_GCST90202412.filtered.tsv.gz	157370	sha256	cd004f6b4fdc0ff8f1360ba08da9cc417df95303c53f13404814edf5e5d80826	19.2	10.3	29.5
GCST90202413	ok	""	1	0	http://ftp.ebi.ac.uk/pub/databases/gwas/summary_statistics/GCST90202001-GCST90203000/GCST90202413/harmonised/GCST90202413.h.tsv.gz	87226004	4171012	5715	0.00137	0	0	0	19	5696	/data/opengwasdb/metabolome-plasma-2023/releases/2023-chen-full-east-asian/filtered/GCST90202413_GCST90202413.filtered.tsv.gz	159416	sha256	f374da8ad8d3658bef3fe6a185925564b53f813c65a15f6b5d2b6eb89175f296	25.2	11.2	36.4
GCST90202414	ok	""	1	0	http://ftp.ebi.ac.uk/pub/databases/gwas/summary_statistics/GCST90202001-GCST90203000/GCST90202414/harmonised/GCST90202414.h.tsv.gz	87608933	4189154	5743	0.001371	0	0	0	20	5723	/data/opengwasdb/metabolome-plasma-2023/releases/2023-chen-full-east-asian/filtered/GCST90202414_GCST90202414.filtered.tsv.gz	160181	sha256	15f69c3278a8dd2908a2961f5e61aea930c1612cd3d6d44b3ae5d8b6b2d0ed56	79.8	10.7	90.5
GCST90202415	ok	""	1	0	http://ftp.ebi.ac.uk/pub/databases/gwas/summary_statistics/GCST90202001-GCST90203000/GCST90202415/harmonised/GCST90202415.h.tsv.gz	87971106	4215904	5789	0.001373	0	0	0	19	5770	/data/opengwasdb/metabolome-plasma-2023/releases/2023-chen-full-east-asian/filtered/GCST90202415_GCST90202415.filtered.tsv.gz	161049	sha256	c12866c3acba1c5564d7106d8110ec66e7f362c7ec170a124eb448d9a6a9ecf7	22.5	10.7	33.2
GCST90202416	ok	""	1	0	http://ftp.ebi.ac.uk/pub/databases/gwas/summary_statistics/GCST90202001-GCST90203000/GCST90202416/harmonised/GCST90202416.h.tsv.gz	88520043	4243568	10566	0.00249	0	1	4749	18	5806	/data/opengwasdb/metabolome-plasma-2023/releases/2023-chen-full-east-asian/filtered/GCST90202416_GCST90202416.filtered.tsv.gz	241955	sha256	9136a53585e07e76f2fe7e743f716d3b6bcb3be4e79465f8372927b9d3c4c4fc	32.8	11	43.8
GCST90202417	ok	""	1	0	http://ftp.ebi.ac.uk/pub/databases/gwas/summary_statistics/GCST90202001-GCST90203000/GCST90202417/harmonised/GCST90202417.h.tsv.gz	83965001	4225498	5793	0.001371	0	0	0	22	5771	/data/opengwasdb/metabolome-plasma-2023/releases/2023-chen-full-east-asian/filtered/GCST90202417_GCST90202417.filtered.tsv.gz	161255	sha256	afe88f80f65d61339ee1cb94cdc4bdda7d02cd8c827af5766cfca557abdf9b2f	31.4	10.4	41.8
GCST90202418	ok	""	1	0	http://ftp.ebi.ac.uk/pub/databases/gwas/summary_statistics/GCST90202001-GCST90203000/GCST90202418/harmonised/GCST90202418.h.tsv.gz	87434680	4213746	5778	0.001371	0	0	0	21	5757	/data/opengwasdb/metabolome-plasma-2023/releases/2023-chen-full-east-asian/filtered/GCST90202418_GCST90202418.filtered.tsv.gz	161351	sha256	8a61d64a408e03a0f43a86612c8a3cb6273a148621e06ef6cddee923f130410c	33.2	10.9	44.1
GCST90202419	ok	""	1	0	http://ftp.ebi.ac.uk/pub/databases/gwas/summary_statistics/GCST90202001-GCST90203000/GCST90202419/harmonised/GCST90202419.h.tsv.gz	83505094	4245453	5818	0.00137	0	0	0	21	5797	/data/opengwasdb/metabolome-plasma-2023/releases/2023-chen-full-east-asian/filtered/GCST90202419_GCST90202419.filtered.tsv.gz	162406	sha256	a4f8bc5d21503d3a73eedec57098052780c83162ed6286d20c6c2c7c4678612b	21.8	10.8	32.6
GCST90202420	ok	""	1	0	http://ftp.ebi.ac.uk/pub/databases/gwas/summary_statistics/GCST90202001-GCST90203000/GCST90202420/harmonised/GCST90202420.h.tsv.gz	83151931	4176280	9675	0.002317	0	1	3955	11	5713	/data/opengwasdb/metabolome-plasma-2023/releases/2023-chen-full-east-asian/filtered/GCST90202420_GCST90202420.filtered.tsv.gz	227739	sha256	85a50c5f49abe390f98cd6b92a871016f2f1726683d2b2c12934e2acd54bed5a	20.9	11.5	32.3
GCST90202421	ok	""	1	0	http://ftp.ebi.ac.uk/pub/databases/gwas/summary_statistics/GCST90202001-GCST90203000/GCST90202421/harmonised/GCST90202421.h.tsv.gz	87284910	4171012	5708	0.001368	0	0	0	12	5696	/data/opengwasdb/metabolome-plasma-2023/releases/2023-chen-full-east-asian/filtered/GCST90202421_GCST90202421.filtered.tsv.gz	159240	sha256	143b11c0a8b7c565897e3e916ed9617a34c60fada77097034ed1719f3d9cc19b	19.7	10.6	30.2
GCST90202422	ok	""	1	0	http://ftp.ebi.ac.uk/pub/databases/gwas/summary_statistics/GCST90202001-GCST90203000/GCST90202422/harmonised/GCST90202422.h.tsv.gz	87556351	4186077	5747	0.001373	0	0	0	25	5722	/data/opengwasdb/metabolome-plasma-2023/releases/2023-chen-full-east-asian/filtered/GCST90202422_GCST90202422.filtered.tsv.gz	160288	sha256	b9fe3dce940147fd65406599b7179c5f83da206e84c05c94bbbaacb32d5c8f67	20	10.5	30.5
GCST90202423	ok	""	1	0	http://ftp.ebi.ac.uk/pub/databases/gwas/summary_statistics/GCST90202001-GCST90203000/GCST90202423/harmonised/GCST90202423.h.tsv.gz	81923477	4149987	9790	0.002359	0	1	4125	19	5649	/data/opengwasdb/metabolome-plasma-2023/releases/2023-chen-full-east-asian/filtered/GCST90202423_GCST90202423.filtered.tsv.gz	230301	sha256	e1560bb3b0e36e7a283012ab624842055fb22ce9fd5fd3b8a792a3a65e92529e	15.6	10.8	26.4
GCST90202424	ok	""	1	0	http://ftp.ebi.ac.uk/pub/databases/gwas/summary_statistics/GCST90202001-GCST90203000/GCST90202424/harmonised/GCST90202424.h.tsv.gz	81352920	4183917	5729	0.001369	0	0	0	20	5709	/data/opengwasdb/metabolome-plasma-2023/releases/2023-chen-full-east-asian/filtered/GCST90202424_GCST90202424.filtered.tsv.gz	159403	sha256	74e4680e51c41a1ee4d77cec7760f052f5eb53a770de409039bc9c5ce563093b	15	11.1	26.1
GCST90202425	ok	""	1	0	http://ftp.ebi.ac.uk/pub/databases/gwas/summary_statistics/GCST90202001-GCST90203000/GCST90202425/harmonised/GCST90202425.h.tsv.gz	87635809	4188744	8468	0.002022	0	1	2737	10	5725	/data/opengwasdb/metabolome-plasma-2023/releases/2023-chen-full-east-asian/filtered/GCST90202425_GCST90202425.filtered.tsv.gz	210465	sha256	937c5d2387b03dff521d54c082f88f0cd107febcbc2639127a1e7007c8463894	14	11.5	25.6
GCST90202426	ok	""	1	0	http://ftp.ebi.ac.uk/pub/databases/gwas/summary_statistics/GCST90202001-GCST90203000/GCST90202426/harmonised/GCST90202426.h.tsv.gz	88376424	4236687	5829	0.001376	0	0	0	22	5807	/data/opengwasdb/metabolome-plasma-2023/releases/2023-chen-full-east-asian/filtered/GCST90202426_GCST90202426.filtered.tsv.gz	161960	sha256	2eae7d0c43349e1cb1fce9cdb59a7f53d80d68cf964182f0602d1e39341246cd	16.1	10.8	26.9
GCST90202427	ok	""	1	0	http://ftp.ebi.ac.uk/pub/databases/gwas/summary_statistics/GCST90202001-GCST90203000/GCST90202427/harmonised/GCST90202427.h.tsv.gz	87904819	4205219	5767	0.001371	0	0	0	15	5752	/data/opengwasdb/metabolome-plasma-2023/releases/2023-chen-full-east-asian/filtered/GCST90202427_GCST90202427.filtered.tsv.gz	160859	sha256	b0f8a690508f85d910543d75103e2f23b2db34243abdf6768d12158153a25bc2	18.6	9.9	28.5
GCST90202428	ok	""	1	0	http://ftp.ebi.ac.uk/pub/databases/gwas/summary_statistics/GCST90202001-GCST90203000/GCST90202428/harmonised/GCST90202428.h.tsv.gz	87264984	4171012	5714	0.00137	0	0	0	18	5696	/data/opengwasdb/metabolome-plasma-2023/releases/2023-chen-full-east-asian/filtered/GCST90202428_GCST90202428.filtered.tsv.gz	159164	sha256	29e12f348ba68e42a27b784ef584714b18f0405f1693219b76347e564d4984e1	23.8	10.6	34.4
GCST90202429	ok	""	1	0	http://ftp.ebi.ac.uk/pub/databases/gwas/summary_statistics/GCST90202001-GCST90203000/GCST90202429/harmonised/GCST90202429.h.tsv.gz	83137461	4176280	9701	0.002323	0	1	3975	16	5713	/data/opengwasdb/metabolome-plasma-2023/releases/2023-chen-full-east-asian/filtered/GCST90202429_GCST90202429.filtered.tsv.gz	240009	sha256	49b66441bcaf04d57c95457055a8527d3e4342aa9e8463ac66bf6fd13eec3566	25.4	11.5	36.9
GCST90202430	ok	""	1	0	http://ftp.ebi.ac.uk/pub/databases/gwas/summary_statistics/GCST90202001-GCST90203000/GCST90202430/harmonised/GCST90202430.h.tsv.gz	82482565	4063535	9595	0.002361	0	1	4077	16	5507	/data/opengwasdb/metabolome-plasma-2023/releases/2023-chen-full-east-asian/filtered/GCST90202430_GCST90202430.filtered.tsv.gz	234706	sha256	8f622a6d108b8c3d811084ac99b1c7ff866750a9c8851076abd1508555c20017	33.6	9.7	43.2
GCST90202431	ok	""	1	0	http://ftp.ebi.ac.uk/pub/databases/gwas/summary_statistics/GCST90202001-GCST90203000/GCST90202431/harmonised/GCST90202431.h.tsv.gz	87133232	4202810	17125	0.004075	0	4	11368	30	5743	/data/opengwasdb/metabolome-plasma-2023/releases/2023-chen-full-east-asian/filtered/GCST90202431_GCST90202431.filtered.tsv.gz	371658	sha256	d2ce674b24641e83ee909bdeb0b5ce72a25beab6ab02818cceb9a4535e9c52df	36.9	10.4	47.2
GCST90202432	ok	""	1	0	http://ftp.ebi.ac.uk/pub/databases/gwas/summary_statistics/GCST90202001-GCST90203000/GCST90202432/harmonised/GCST90202432.h.tsv.gz	87302698	4171012	9177	0.0022	0	1	3476	10	5696	/data/opengwasdb/metabolome-plasma-2023/releases/2023-chen-full-east-asian/filtered/GCST90202432_GCST90202432.filtered.tsv.gz	231336	sha256	d3faf69fff4f5f7de794d69fae8d553f30ab774314453321c5bd460c15862a4b	37.7	11	48.7
GCST90202433	ok	""	1	0	http://ftp.ebi.ac.uk/pub/databases/gwas/summary_statistics/GCST90202001-GCST90203000/GCST90202433/harmonised/GCST90202433.h.tsv.gz	81736469	4203142	10638	0.002531	0	1	4886	28	5729	/data/opengwasdb/metabolome-plasma-2023/releases/2023-chen-full-east-asian/filtered/GCST90202433_GCST90202433.filtered.tsv.gz	255985	sha256	1c5dbdd946874bc99c112024fe4ff83e894ff8db34de8a54c84c08170ff97898	36.5	10.6	47.1
GCST90202434	ok	""	1	0	http://ftp.ebi.ac.uk/pub/databases/gwas/summary_statistics/GCST90202001-GCST90203000/GCST90202434/harmonised/GCST90202434.h.tsv.gz	85201036	4157145	5676	0.001365	0	0	0	19	5657	/data/opengwasdb/metabolome-plasma-2023/releases/2023-chen-full-east-asian/filtered/GCST90202434_GCST90202434.filtered.tsv.gz	158064	sha256	76eb2f56d4e1607ca1c66299519dd3611f5693c618e3d23c2dccf4fa7f56dce8	41.4	9.6	51
GCST90202435	ok	""	1	0	http://ftp.ebi.ac.uk/pub/databases/gwas/summary_statistics/GCST90202001-GCST90203000/GCST90202435/harmonised/GCST90202435.h.tsv.gz	86234318	4151322	10231	0.002465	0	1	4559	20	5657	/data/opengwasdb/metabolome-plasma-2023/releases/2023-chen-full-east-asian/filtered/GCST90202435_GCST90202435.filtered.tsv.gz	237098	sha256	453aa4964196fbc70c28e1104bca872317debdf4f13560282bbf03b001cd46ea	44.5	10.8	55.4
GCST90202436	ok	""	1	0	http://ftp.ebi.ac.uk/pub/databases/gwas/summary_statistics/GCST90202001-GCST90203000/GCST90202436/harmonised/GCST90202436.h.tsv.gz	82917426	4096023	5579	0.001362	0	0	0	22	5557	/data/opengwasdb/metabolome-plasma-2023/releases/2023-chen-full-east-asian/filtered/GCST90202436_GCST90202436.filtered.tsv.gz	155021	sha256	7397451c0a4eeac2cb211f814b38f2de5b998c3ab845a5113c2553fa7e0c1eb7	42	9.6	51.7
GCST90202437	ok	""	1	0	http://ftp.ebi.ac.uk/pub/databases/gwas/summary_statistics/GCST90202001-GCST90203000/GCST90202437/harmonised/GCST90202437.h.tsv.gz	83744106	4144652	20033	0.004833	0	5	14429	26	5598	/data/opengwasdb/metabolome-plasma-2023/releases/2023-chen-full-east-asian/filtered/GCST90202437_GCST90202437.filtered.tsv.gz	423903	sha256	b60db5b74a700986b5d50dff2f1b18e4359c3d193a8e8d0047f4bd6cbcec366f	41.2	10.2	51.3
GCST90202438	ok	""	1	0	http://ftp.ebi.ac.uk/pub/databases/gwas/summary_statistics/GCST90202001-GCST90203000/GCST90202438/harmonised/GCST90202438.h.tsv.gz	81341847	4108831	12291	0.002991	0	2	6683	25	5594	/data/opengwasdb/metabolome-plasma-2023/releases/2023-chen-full-east-asian/filtered/GCST90202438_GCST90202438.filtered.tsv.gz	277044	sha256	f93db48ae7df0ca1cf2cb932ccb8aeb86b102285deb3850f32b8b29d808ee678	34.6	10.5	45
GCST90202439	ok	""	1	0	http://ftp.ebi.ac.uk/pub/databases/gwas/summary_statistics/GCST90202001-GCST90203000/GCST90202439/harmonised/GCST90202439.h.tsv.gz	81964703	4286825	15662	0.003654	0	2	9755	35	5883	/data/opengwasdb/metabolome-plasma-2023/releases/2023-chen-full-east-asian/filtered/GCST90202439_GCST90202439.filtered.tsv.gz	329021	sha256	bea4e86c3d1ddeeec1612df0d35b2f75c3661bd3aba5cc6cc2b51b727e021de5	24.9	10.3	35.2
GCST90202440	ok	""	1	0	http://ftp.ebi.ac.uk/pub/databases/gwas/summary_statistics/GCST90202001-GCST90203000/GCST90202440/harmonised/GCST90202440.h.tsv.gz	87533890	4185464	9563	0.002285	0	1	3835	18	5716	/data/opengwasdb/metabolome-plasma-2023/releases/2023-chen-full-east-asian/filtered/GCST90202440_GCST90202440.filtered.tsv.gz	225967	sha256	cef59a254b8c0c53c26e00bb44c114315bca4fa6fbfd4b9382615fd6eacdfc15	29.1	10.9	40
GCST90202441	ok	""	1	0	http://ftp.ebi.ac.uk/pub/databases/gwas/summary_statistics/GCST90202001-GCST90203000/GCST90202441/harmonised/GCST90202441.h.tsv.gz	83000815	4171012	5718	0.001371	0	0	0	22	5696	/data/opengwasdb/metabolome-plasma-2023/releases/2023-chen-full-east-asian/filtered/GCST90202441_GCST90202441.filtered.tsv.gz	159526	sha256	89c140a0999286f5d960f5680015060e6f3d0acabf995e562baa32ee8ec1fd1d	27.7	10.2	37.9
GCST90202442	ok	""	1	0	http://ftp.ebi.ac.uk/pub/databases/gwas/summary_statistics/GCST90202001-GCST90203000/GCST90202442/harmonised/GCST90202442.h.tsv.gz	86009922	4202632	5753	0.001369	0	0	0	17	5736	/data/opengwasdb/metabolome-plasma-2023/releases/2023-chen-full-east-asian/filtered/GCST90202442_GCST90202442.filtered.tsv.gz	159928	sha256	4add1217e47c00eb9a7ba6bf85a32293a930a141c6faecfab8637ac8986b632f	30.1	10.1	40.2
GCST90202443	ok	""	1	0	http://ftp.ebi.ac.uk/pub/databases/gwas/summary_statistics/GCST90202001-GCST90203000/GCST90202443/harmonised/GCST90202443.h.tsv.gz	82976197	4203452	5765	0.001371	0	0	0	15	5750	/data/opengwasdb/metabolome-plasma-2023/releases/2023-chen-full-east-asian/filtered/GCST90202443_GCST90202443.filtered.tsv.gz	161386	sha256	baf6c46b21200a0d7f9a4066720462d74eecef14466a0f9f8706e620c1a61de0	28.1	10.1	38.3
GCST90202444	ok	""	1	0	http://ftp.ebi.ac.uk/pub/databases/gwas/summary_statistics/GCST90202001-GCST90203000/GCST90202444/harmonised/GCST90202444.h.tsv.gz	86570163	4235896	5801	0.001369	0	0	0	19	5782	/data/opengwasdb/metabolome-plasma-2023/releases/2023-chen-full-east-asian/filtered/GCST90202444_GCST90202444.filtered.tsv.gz	161021	sha256	584f44205ea43dcc92c6e9889b56b58c76e19fcf0c44e63b3a76724f314d952c	29.1	11.2	40.4
GCST90202445	ok	""	1	0	http://ftp.ebi.ac.uk/pub/databases/gwas/summary_statistics/GCST90202001-GCST90203000/GCST90202445/harmonised/GCST90202445.h.tsv.gz	80788105	4083592	5559	0.001361	0	0	0	12	5547	/data/opengwasdb/metabolome-plasma-2023/releases/2023-chen-full-east-asian/filtered/GCST90202445_GCST90202445.filtered.tsv.gz	155374	sha256	f142fdee34ff67f916a84531084c64a6db75d0ad614584a0ca257efbfe9f889f	27.4	10.9	38.3
GCST90202446	ok	""	1	0	http://ftp.ebi.ac.uk/pub/databases/gwas/summary_statistics/GCST90202001-GCST90203000/GCST90202446/harmonised/GCST90202446.h.tsv.gz	84126489	4241408	10797	0.002546	0	1	5000	19	5783	/data/opengwasdb/metabolome-plasma-2023/releases/2023-chen-full-east-asian/filtered/GCST90202446_GCST90202446.filtered.tsv.gz	253582	sha256	7cd143b3626affde5d4d6c0bf243540319d947762bbd39cfe86f1c2a9ae24278	31.7	10.3	42.1
GCST90202447	ok	""	1	0	http://ftp.ebi.ac.uk/pub/databases/gwas/summary_statistics/GCST90202001-GCST90203000/GCST90202447/harmonised/GCST90202447.h.tsv.gz	86951012	4191881	5732	0.001367	0	0	0	14	5718	/data/opengwasdb/metabolome-plasma-2023/releases/2023-chen-full-east-asian/filtered/GCST90202447_GCST90202447.filtered.tsv.gz	159888	sha256	bb5fb70e5bd5e6b684d4032e985116438c72e49cdfbdb05e1a376e17ff1f1d3a	34.1	10.5	44.6
GCST90202448	ok	""	1	0	http://ftp.ebi.ac.uk/pub/databases/gwas/summary_statistics/GCST90202001-GCST90203000/GCST90202448/harmonised/GCST90202448.h.tsv.gz	83149853	4176280	5737	0.001374	0	0	0	24	5713	/data/opengwasdb/metabolome-plasma-2023/releases/2023-chen-full-east-asian/filtered/GCST90202448_GCST90202448.filtered.tsv.gz	160013	sha256	a786777eb601f829da83aa68eebe3c9dccd403ba38250917cc5af38d8ef49e66	29.5	10.5	40
GCST90202449	ok	""	1	0	http://ftp.ebi.ac.uk/pub/databases/gwas/summary_statistics/GCST90202001-GCST90203000/GCST90202449/harmonised/GCST90202449.h.tsv.gz	87541924	4186151	5736	0.00137	0	0	0	16	5720	/data/opengwasdb/metabolome-plasma-2023/releases/2023-chen-full-east-asian/filtered/GCST90202449_GCST90202449.filtered.tsv.gz	159938	sha256	b4d217ae4b1be8cf916231771affed0efcd16c224fae757c05eb2d78b01a7f03	29.6	11.3	40.9
GCST90202450	ok	""	1	0	http://ftp.ebi.ac.uk/pub/databases/gwas/summary_statistics/GCST90202001-GCST90203000/GCST90202450/harmonised/GCST90202450.h.tsv.gz	78664737	4082266	5582	0.001367	0	0	0	15	5567	/data/opengwasdb/metabolome-plasma-2023/releases/2023-chen-full-east-asian/filtered/GCST90202450_GCST90202450.filtered.tsv.gz	155523	sha256	3c722a16666b38ebf9b8e4e198a4eea17b7a9b93e95df0c12249439df63d6820	22.4	9.6	32.1
GCST90202451	ok	""	1	0	http://ftp.ebi.ac.uk/pub/databases/gwas/summary_statistics/GCST90202001-GCST90203000/GCST90202451/harmonised/GCST90202451.h.tsv.gz	83762395	4138664	5675	0.001371	0	0	0	30	5645	/data/opengwasdb/metabolome-plasma-2023/releases/2023-chen-full-east-asian/filtered/GCST90202451_GCST90202451.filtered.tsv.gz	157233	sha256	394c97a6b5891203a8ef3c4f853e4980ea8ea3723b87aa31d3fc6b7a5e4474af	38.6	10.3	48.9
GCST90202452	ok	""	1	0	http://ftp.ebi.ac.uk/pub/databases/gwas/summary_statistics/GCST90202001-GCST90203000/GCST90202452/harmonised/GCST90202452.h.tsv.gz	83635121	4207268	5781	0.001374	0	0	0	17	5764	/data/opengwasdb/metabolome-plasma-2023/releases/2023-chen-full-east-asian/filtered/GCST90202452_GCST90202452.filtered.tsv.gz	161209	sha256	f7b1918acbe17ac4d6e292180bf429e897e18581e81a5c04e3b5cb707c00f436	42	10.2	52.2
GCST90202453	ok	""	1	0	http://ftp.ebi.ac.uk/pub/databases/gwas/summary_statistics/GCST90202001-GCST90203000/GCST90202453/harmonised/GCST90202453.h.tsv.gz	83261414	4186701	5739	0.001371	0	0	0	21	5718	/data/opengwasdb/metabolome-plasma-2023/releases/2023-chen-full-east-asian/filtered/GCST90202453_GCST90202453.filtered.tsv.gz	160183	sha256	22e25504b4db25f47834941e32998f12b79bb83e805843f102dda9d6c59a897d	43.6	10.2	53.8
GCST90202454	ok	""	1	0	http://ftp.ebi.ac.uk/pub/databases/gwas/summary_statistics/GCST90202001-GCST90203000/GCST90202454/harmonised/GCST90202454.h.tsv.gz	83002010	4171012	5708	0.001368	0	0	0	12	5696	/data/opengwasdb/metabolome-plasma-2023/releases/2023-chen-full-east-asian/filtered/GCST90202454_GCST90202454.filtered.tsv.gz	159388	sha256	9cc009b8dd3cccf6d1f7f4d4f596b5004a61c97b8ca4b5eda3b5e7d8b47b495b	44.9	9.7	54.6
GCST90202455	ok	""	1	0	http://ftp.ebi.ac.uk/pub/databases/gwas/summary_statistics/GCST90202001-GCST90203000/GCST90202455/harmonised/GCST90202455.h.tsv.gz	82990771	4171012	8295	0.001989	0	1	2589	14	5696	/data/opengwasdb/metabolome-plasma-2023/releases/2023-chen-full-east-asian/filtered/GCST90202455_GCST90202455.filtered.tsv.gz	210257	sha256	b91a236a3026c4debd87763dcd4882b5de2464fa3ded92b74133db449708f696	35.7	11.6	47.2
GCST90202456	ok	""	1	0	http://ftp.ebi.ac.uk/pub/databases/gwas/summary_statistics/GCST90202001-GCST90203000/GCST90202456/harmonised/GCST90202456.h.tsv.gz	87596289	4187129	5741	0.001371	0	0	0	19	5722	/data/opengwasdb/metabolome-plasma-2023/releases/2023-chen-full-east-asian/filtered/GCST90202456_GCST90202456.filtered.tsv.gz	160382	sha256	fb8bd3f2d3ba0ca09b61be8a5114817d02168bf161eaeda726a9e30569a2dca2	34.1	10.9	45
GCST90202457	ok	""	1	0	http://ftp.ebi.ac.uk/pub/databases/gwas/summary_statistics/GCST90202001-GCST90203000/GCST90202457/harmonised/GCST90202457.h.tsv.gz	87637049	4189095	5736	0.001369	0	0	0	16	5720	/data/opengwasdb/metabolome-plasma-2023/releases/2023-chen-full-east-asian/filtered/GCST90202457_GCST90202457.filtered.tsv.gz	160075	sha256	28480718d484045fa556b08fa3f77943f0326b0f9843c8f2d04bdc8d7bd66343	33.9	10.6	44.6
GCST90202458	ok	""	1	0	http://ftp.ebi.ac.uk/pub/databases/gwas/summary_statistics/GCST90202001-GCST90203000/GCST90202458/harmonised/GCST90202458.h.tsv.gz	87288443	4171012	5710	0.001369	0	0	0	14	5696	/data/opengwasdb/metabolome-plasma-2023/releases/2023-chen-full-east-asian/filtered/GCST90202458_GCST90202458.filtered.tsv.gz	159346	sha256	81c119e41e26a81f78cd69d39b79d2e8d211cd1dd9c455cdb7887830dbbe3c12	33.8	10.4	44.2
GCST90202459	ok	""	1	0	http://ftp.ebi.ac.uk/pub/databases/gwas/summary_statistics/GCST90202001-GCST90203000/GCST90202459/harmonised/GCST90202459.h.tsv.gz	87762150	4202981	5757	0.00137	0	0	0	10	5747	/data/opengwasdb/metabolome-plasma-2023/releases/2023-chen-full-east-asian/filtered/GCST90202459_GCST90202459.filtered.tsv.gz	160246	sha256	3bde24524be516b2f53fe9a38135d533447598c0bf45957e79dea3ce950a82be	33.4	10.5	44
GCST90202460	ok	""	1	0	http://ftp.ebi.ac.uk/pub/databases/gwas/summary_statistics/GCST90202001-GCST90203000/GCST90202460/harmonised/GCST90202460.h.tsv.gz	83268830	4186908	8289	0.00198	0	1	2557	20	5717	/data/opengwasdb/metabolome-plasma-2023/releases/2023-chen-full-east-asian/filtered/GCST90202460_GCST90202460.filtered.tsv.gz	210187	sha256	1a6856ebd68f635a5c9c0421c050b9291f5196242066c7186c41f89f22645822	30	11.2	41.2
GCST90202461	ok	""	1	0	http://ftp.ebi.ac.uk/pub/databases/gwas/summary_statistics/GCST90202001-GCST90203000/GCST90202461/harmonised/GCST90202461.h.tsv.gz	87246342	4171012	5710	0.001369	0	0	0	15	5696	/data/opengwasdb/metabolome-plasma-2023/releases/2023-chen-full-east-asian/filtered/GCST90202461_GCST90202461.filtered.tsv.gz	159057	sha256	9ee6807ba95f5292ce6d521496674f07143f3cb4739435a15391dc14899f2908	31.7	11.2	42.9
GCST90202462	ok	""	1	0	http://ftp.ebi.ac.uk/pub/databases/gwas/summary_statistics/GCST90202001-GCST90203000/GCST90202462/harmonised/GCST90202462.h.tsv.gz	87285033	4171012	8760	0.0021	0	1	3047	20	5696	/data/opengwasdb/metabolome-plasma-2023/releases/2023-chen-full-east-asian/filtered/GCST90202462_GCST90202462.filtered.tsv.gz	218121	sha256	da070bf9e69aa30bcf9d851a17b2a6ecca25b30b10cac5f0a2cf21027e431b55	36.2	10.2	46.5
GCST90202463	ok	""	1	0	http://ftp.ebi.ac.uk/pub/databases/gwas/summary_statistics/GCST90202001-GCST90203000/GCST90202463/harmonised/GCST90202463.h.tsv.gz	88376602	4238778	5813	0.001371	0	0	0	23	5790	/data/opengwasdb/metabolome-plasma-2023/releases/2023-chen-full-east-asian/filtered/GCST90202463_GCST90202463.filtered.tsv.gz	161445	sha256	e30d0eead8bdde236e43ad5b72732561625977d4fb866792244b10af47539cef	30.9	10.4	41.3
GCST90202464	ok	""	1	0	http://ftp.ebi.ac.uk/pub/databases/gwas/summary_statistics/GCST90202001-GCST90203000/GCST90202464/harmonised/GCST90202464.h.tsv.gz	88375585	4236561	5814	0.001372	0	0	0	13	5801	/data/opengwasdb/metabolome-plasma-2023/releases/2023-chen-full-east-asian/filtered/GCST90202464_GCST90202464.filtered.tsv.gz	161675	sha256	76e9bdde90d42e00b7ce47f2aba077d481a49996ed642d187adfa5688652013b	30.8	11.6	42.5
GCST90202465	ok	""	1	0	http://ftp.ebi.ac.uk/pub/databases/gwas/summary_statistics/GCST90202001-GCST90203000/GCST90202465/harmonised/GCST90202465.h.tsv.gz	86728807	4254168	5827	0.00137	0	0	0	20	5807	/data/opengwasdb/metabolome-plasma-2023/releases/2023-chen-full-east-asian/filtered/GCST90202465_GCST90202465.filtered.tsv.gz	161554	sha256	71242557c1b50ccbf0b71ddf7ecc28f289d77adb4892f22863ff7e7adef0907a	29.9	11.7	41.6
GCST90202466	ok	""	1	0	http://ftp.ebi.ac.uk/pub/databases/gwas/summary_statistics/GCST90202001-GCST90203000/GCST90202466/harmonised/GCST90202466.h.tsv.gz	82994846	4171012	5725	0.001373	0	0	0	29	5696	/data/opengwasdb/metabolome-plasma-2023/releases/2023-chen-full-east-asian/filtered/GCST90202466_GCST90202466.filtered.tsv.gz	159592	sha256	3a8fcb038879cf0e58aaf04c6b62dda72aeaba525ee49fe4bbb4c55af035e2dc	28.5	10.2	38.7
GCST90202467	ok	""	1	0	http://ftp.ebi.ac.uk/pub/databases/gwas/summary_statistics/GCST90202001-GCST90203000/GCST90202467/harmonised/GCST90202467.h.tsv.gz	82987801	4171012	5710	0.001369	0	0	0	14	5696	/data/opengwasdb/metabolome-plasma-2023/releases/2023-chen-full-east-asian/filtered/GCST90202467_GCST90202467.filtered.tsv.gz	159172	sha256	ede64fff0c6582f6eef2b39c0bebd3358296114ac10992cfed871a797cf491bf	24.6	10.6	35.1
GCST90202468	ok	""	1	0	http://ftp.ebi.ac.uk/pub/databases/gwas/summary_statistics/GCST90202001-GCST90203000/GCST90202468/harmonised/GCST90202468.h.tsv.gz	81281967	4114715	5638	0.00137	0	0	0	21	5617	/data/opengwasdb/metabolome-plasma-2023/releases/2023-chen-full-east-asian/filtered/GCST90202468_GCST90202468.filtered.tsv.gz	157603	sha256	dc2586a7633256fd2412a53961a7b82f21640cccd381e3db221bdebd6284547f	21.8	10.6	32.4
GCST90202469	ok	""	1	0	http://ftp.ebi.ac.uk/pub/databases/gwas/summary_statistics/GCST90202001-GCST90203000/GCST90202469/harmonised/GCST90202469.h.tsv.gz	84295725	4104945	5629	0.001371	0	0	0	23	5606	/data/opengwasdb/metabolome-plasma-2023/releases/2023-chen-full-east-asian/filtered/GCST90202469_GCST90202469.filtered.tsv.gz	156904	sha256	ae0b5f69a56e77fbee93ed3629f00d2494a109a73ac06662d8525b119cf9eff2	21.5	10.6	32.2
GCST90202470	ok	""	1	0	http://ftp.ebi.ac.uk/pub/databases/gwas/summary_statistics/GCST90202001-GCST90203000/GCST90202470/harmonised/GCST90202470.h.tsv.gz	83433638	4238502	15608	0.003682	0	3	9808	18	5789	/data/opengwasdb/metabolome-plasma-2023/releases/2023-chen-full-east-asian/filtered/GCST90202470_GCST90202470.filtered.tsv.gz	355684	sha256	4856ecc7242e7e7c6d4e564fe39d6d1164ba9c127a9b5621275371bb16f8cd73	19.7	11.3	31
GCST90202471	ok	""	1	0	http://ftp.ebi.ac.uk/pub/databases/gwas/summary_statistics/GCST90202001-GCST90203000/GCST90202471/harmonised/GCST90202471.h.tsv.gz	85743689	4125076	8339	0.002022	0	1	2723	23	5597	/data/opengwasdb/metabolome-plasma-2023/releases/2023-chen-full-east-asian/filtered/GCST90202471_GCST90202471.filtered.tsv.gz	207329	sha256	995b6d75b2a44d80dcba6c3b5ad9160fa6c808ba918e55fe9ee86cf01ff4189d	21.8	11	32.8
GCST90202472	ok	""	1	0	http://ftp.ebi.ac.uk/pub/databases/gwas/summary_statistics/GCST90202001-GCST90203000/GCST90202472/harmonised/GCST90202472.h.tsv.gz	79141442	4075975	8034	0.001971	0	1	2473	14	5549	/data/opengwasdb/metabolome-plasma-2023/releases/2023-chen-full-east-asian/filtered/GCST90202472_GCST90202472.filtered.tsv.gz	206664	sha256	cbb7c552e988a68deb10549a1bf2315a72f0d06d7569d0f7cec40ef9f148e42b	20.3	11.2	31.5
GCST90202473	ok	""	1	0	http://ftp.ebi.ac.uk/pub/databases/gwas/summary_statistics/GCST90202001-GCST90203000/GCST90202473/harmonised/GCST90202473.h.tsv.gz	87280434	4171012	5710	0.001369	0	0	0	14	5696	/data/opengwasdb/metabolome-plasma-2023/releases/2023-chen-full-east-asian/filtered/GCST90202473_GCST90202473.filtered.tsv.gz	159214	sha256	4dbc686686df200425a7aec7332d845a3dfdc54697b6a67f435dd1a4371824da	21	11.4	32.4
GCST90202474	ok	""	1	0	http://ftp.ebi.ac.uk/pub/databases/gwas/summary_statistics/GCST90202001-GCST90203000/GCST90202474/harmonised/GCST90202474.h.tsv.gz	83165802	4176280	8988	0.002152	0	1	3262	15	5713	/data/opengwasdb/metabolome-plasma-2023/releases/2023-chen-full-east-asian/filtered/GCST90202474_GCST90202474.filtered.tsv.gz	217747	sha256	8b35055c200ab87c345c9d44063796ef990761ec7d0ba3d7530b985d15700a56	18.2	10.8	29.1
GCST90202475	ok	""	1	0	http://ftp.ebi.ac.uk/pub/databases/gwas/summary_statistics/GCST90202001-GCST90203000/GCST90202475/harmonised/GCST90202475.h.tsv.gz	79365886	4047202	20996	0.005188	0	4	15503	21	5495	/data/opengwasdb/metabolome-plasma-2023/releases/2023-chen-full-east-asian/filtered/GCST90202475_GCST90202475.filtered.tsv.gz	423688	sha256	1ec64ab79201442240d89a4cc23dd8bab6533ac3e30eedfc727080645e7932e1	13.7	10.8	24.5
GCST90202476	ok	""	1	0	http://ftp.ebi.ac.uk/pub/databases/gwas/summary_statistics/GCST90202001-GCST90203000/GCST90202476/harmonised/GCST90202476.h.tsv.gz	83155576	4176280	9038	0.002164	0	1	3311	16	5713	/data/opengwasdb/metabolome-plasma-2023/releases/2023-chen-full-east-asian/filtered/GCST90202476_GCST90202476.filtered.tsv.gz	218634	sha256	ce3dd563a883c227ad8a5347330dc68eb48bfb15e99b67b0de2c674abbf43835	14.3	10.9	25.3
GCST90202477	ok	""	1	0	http://ftp.ebi.ac.uk/pub/databases/gwas/summary_statistics/GCST90202001-GCST90203000/GCST90202477/harmonised/GCST90202477.h.tsv.gz	87280086	4171012	5708	0.001368	0	0	0	12	5696	/data/opengwasdb/metabolome-plasma-2023/releases/2023-chen-full-east-asian/filtered/GCST90202477_GCST90202477.filtered.tsv.gz	159210	sha256	0852cb5e35c83dcf755cf5e27901c02cdbb930f112dfdef7be9792e1297f309f	18	10.2	28.2
GCST90202478	ok	""	1	0	http://ftp.ebi.ac.uk/pub/databases/gwas/summary_statistics/GCST90202001-GCST90203000/GCST90202478/harmonised/GCST90202478.h.tsv.gz	83224853	4185832	7821	0.001868	0	1	2090	13	5722	/data/opengwasdb/metabolome-plasma-2023/releases/2023-chen-full-east-asian/filtered/GCST90202478_GCST90202478.filtered.tsv.gz	201058	sha256	267379442c399936f80abf8431dc2f00d929e089d5f8462b4f329e269f25297e	18.9	10.1	29
GCST90202479	ok	""	1	0	http://ftp.ebi.ac.uk/pub/databases/gwas/summary_statistics/GCST90202001-GCST90203000/GCST90202479/harmonised/GCST90202479.h.tsv.gz	84115527	4240317	5818	0.001372	0	0	0	13	5805	/data/opengwasdb/metabolome-plasma-2023/releases/2023-chen-full-east-asian/filtered/GCST90202479_GCST90202479.filtered.tsv.gz	161502	sha256	304551a7c3bf861c973e3d3ec1db066c00fc6195b4d6d0bf67d3d5da9d460103	15.4	11	26.4
GCST90202480	ok	""	1	0	http://ftp.ebi.ac.uk/pub/databases/gwas/summary_statistics/GCST90202001-GCST90203000/GCST90202480/harmonised/GCST90202480.h.tsv.gz	83146447	4176280	8889	0.002128	0	1	3163	18	5713	/data/opengwasdb/metabolome-plasma-2023/releases/2023-chen-full-east-asian/filtered/GCST90202480_GCST90202480.filtered.tsv.gz	218297	sha256	09ff7d891ce4297f9bbc5f1f79b40e62677a6242b9c86e553ca7dbe0dab29abd	14.4	11	25.4
GCST90202481	ok	""	1	0	http://ftp.ebi.ac.uk/pub/databases/gwas/summary_statistics/GCST90202001-GCST90203000/GCST90202481/harmonised/GCST90202481.h.tsv.gz	88146122	4218699	9190	0.002178	0	1	3410	17	5768	/data/opengwasdb/metabolome-plasma-2023/releases/2023-chen-full-east-asian/filtered/GCST90202481_GCST90202481.filtered.tsv.gz	223835	sha256	5536c4e81b7e41d64e5edbfd226dccc21e94081a89f059d4ebde765b89b93822	14.6	10.8	25.4
GCST90202482	ok	""	1	0	http://ftp.ebi.ac.uk/pub/databases/gwas/summary_statistics/GCST90202001-GCST90203000/GCST90202482/harmonised/GCST90202482.h.tsv.gz	87289113	4171012	7915	0.001898	0	1	2208	13	5696	/data/opengwasdb/metabolome-plasma-2023/releases/2023-chen-full-east-asian/filtered/GCST90202482_GCST90202482.filtered.tsv.gz	201432	sha256	173dc191930edd005af91f9b29e25778ef7474fbfc365c73983f71c51c2b8e50	13.9	11.1	25
GCST90202483	ok	""	1	0	http://ftp.ebi.ac.uk/pub/databases/gwas/summary_statistics/GCST90202001-GCST90203000/GCST90202483/harmonised/GCST90202483.h.tsv.gz	87266381	4171012	5713	0.00137	0	0	0	17	5696	/data/opengwasdb/metabolome-plasma-2023/releases/2023-chen-full-east-asian/filtered/GCST90202483_GCST90202483.filtered.tsv.gz	159431	sha256	28aed5427c210692be10a6970e9b183f984ac957098652bb8d0ba81092f27673	13.2	10.9	24.1
GCST90202484	ok	""	1	0	http://ftp.ebi.ac.uk/pub/databases/gwas/summary_statistics/GCST90202001-GCST90203000/GCST90202484/harmonised/GCST90202484.h.tsv.gz	87117686	4182371	5727	0.001369	0	0	0	13	5714	/data/opengwasdb/metabolome-plasma-2023/releases/2023-chen-full-east-asian/filtered/GCST90202484_GCST90202484.filtered.tsv.gz	159732	sha256	1e75df9e6fded59186e00dca88441579773d97186f5ff3853dc98f8d18109714	13.3	10.9	24.2
GCST90202485	ok	""	1	0	http://ftp.ebi.ac.uk/pub/databases/gwas/summary_statistics/GCST90202001-GCST90203000/GCST90202485/harmonised/GCST90202485.h.tsv.gz	81955717	4213225	9055	0.002149	0	1	3280	27	5750	/data/opengwasdb/metabolome-plasma-2023/releases/2023-chen-full-east-asian/filtered/GCST90202485_GCST90202485.filtered.tsv.gz	224352	sha256	dd29d3f844c5372fcfb1d2e843af2bfaa28d72014db51c9e402f366ac483d4c4	13.4	10.6	24
GCST90202486	ok	""	1	0	http://ftp.ebi.ac.uk/pub/databases/gwas/summary_statistics/GCST90202001-GCST90203000/GCST90202486/harmonised/GCST90202486.h.tsv.gz	88124617	4219936	5794	0.001373	0	0	0	16	5778	/data/opengwasdb/metabolome-plasma-2023/releases/2023-chen-full-east-asian/filtered/GCST90202486_GCST90202486.filtered.tsv.gz	161403	sha256	a29b6fc99d1f22cf390736d6741ca684eefa59c85cbdf288ba5ab0cc30a21f32	12.9	10.8	23.7
GCST90202487	ok	""	1	0	http://ftp.ebi.ac.uk/pub/databases/gwas/summary_statistics/GCST90202001-GCST90203000/GCST90202487/harmonised/GCST90202487.h.tsv.gz	82982103	4171012	5722	0.001372	0	0	0	26	5696	/data/opengwasdb/metabolome-plasma-2023/releases/2023-chen-full-east-asian/filtered/GCST90202487_GCST90202487.filtered.tsv.gz	159638	sha256	aa5d6ece24f6cfb9ac396016c6aca9eb44c3cdf2ec341713c956dd51caf6273c	11	10.7	21.7
GCST90202488	ok	""	1	0	http://ftp.ebi.ac.uk/pub/databases/gwas/summary_statistics/GCST90202001-GCST90203000/GCST90202488/harmonised/GCST90202488.h.tsv.gz	87265932	4171012	5711	0.001369	0	0	0	15	5696	/data/opengwasdb/metabolome-plasma-2023/releases/2023-chen-full-east-asian/filtered/GCST90202488_GCST90202488.filtered.tsv.gz	159193	sha256	7a2dc54b826bc2b2d9ac7cc9ad0fe8641a46e66e831ef4693cb9f353c415cb1d	11.4	10.8	22.3
GCST90202489	ok	""	1	0	http://ftp.ebi.ac.uk/pub/databases/gwas/summary_statistics/GCST90202001-GCST90203000/GCST90202489/harmonised/GCST90202489.h.tsv.gz	87559635	4186423	5729	0.001368	0	0	0	12	5717	/data/opengwasdb/metabolome-plasma-2023/releases/2023-chen-full-east-asian/filtered/GCST90202489_GCST90202489.filtered.tsv.gz	159747	sha256	2832b2501f7cb3cdd0de8adc4676848cf1ed4073ad82367ac1960f48806eac03	10.5	11	21.5
GCST90202490	ok	""	1	0	http://ftp.ebi.ac.uk/pub/databases/gwas/summary_statistics/GCST90202001-GCST90203000/GCST90202490/harmonised/GCST90202490.h.tsv.gz	87264148	4171012	5725	0.001373	0	0	0	29	5696	/data/opengwasdb/metabolome-plasma-2023/releases/2023-chen-full-east-asian/filtered/GCST90202490_GCST90202490.filtered.tsv.gz	159641	sha256	09cbd2612ba0a724b881296f3f9691e22971d27f161f52279afb60529301304f	10.5	10.7	21.2
GCST90202491	ok	""	1	0	http://ftp.ebi.ac.uk/pub/databases/gwas/summary_statistics/GCST90202001-GCST90203000/GCST90202491/harmonised/GCST90202491.h.tsv.gz	82988676	4171012	15370	0.003685	0	3	9674	14	5696	/data/opengwasdb/metabolome-plasma-2023/releases/2023-chen-full-east-asian/filtered/GCST90202491_GCST90202491.filtered.tsv.gz	340201	sha256	4414e0d86454e20027d6e76cfce43c1e54ada79ec9354136df7cb4cccf4b3642	15.1	10.7	25.8
GCST90202492	ok	""	1	0	http://ftp.ebi.ac.uk/pub/databases/gwas/summary_statistics/GCST90202001-GCST90203000/GCST90202492/harmonised/GCST90202492.h.tsv.gz	83120904	4176280	5726	0.001371	0	0	0	13	5713	/data/opengwasdb/metabolome-plasma-2023/releases/2023-chen-full-east-asian/filtered/GCST90202492_GCST90202492.filtered.tsv.gz	159604	sha256	db09746cf7a28e1dc8603e1f14a359c9ad684fdf8c647f0ce527242acbf32b55	17.3	10.9	28.2
GCST90202493	ok	""	1	0	http://ftp.ebi.ac.uk/pub/databases/gwas/summary_statistics/GCST90202001-GCST90203000/GCST90202493/harmonised/GCST90202493.h.tsv.gz	87581690	4186908	5735	0.00137	0	0	0	18	5717	/data/opengwasdb/metabolome-plasma-2023/releases/2023-chen-full-east-asian/filtered/GCST90202493_GCST90202493.filtered.tsv.gz	159910	sha256	adb963ad28dfab35f861bf697298bb2b4cec97e55f655bd6c4b65d39f35c9d6b	18.3	10.5	28.8
GCST90202494	ok	""	1	0	http://ftp.ebi.ac.uk/pub/databases/gwas/summary_statistics/GCST90202001-GCST90203000/GCST90202494/harmonised/GCST90202494.h.tsv.gz	87304545	4171012	5711	0.001369	0	0	0	15	5696	/data/opengwasdb/metabolome-plasma-2023/releases/2023-chen-full-east-asian/filtered/GCST90202494_GCST90202494.filtered.tsv.gz	159367	sha256	dee3dc6fd0019a33bf13aa7292433f3f82fc96d4c023c76cc00299922b83b60b	18.5	11.3	29.8
GCST90202495	ok	""	1	0	http://ftp.ebi.ac.uk/pub/databases/gwas/summary_statistics/GCST90202001-GCST90203000/GCST90202495/harmonised/GCST90202495.h.tsv.gz	87296160	4171012	5712	0.001369	0	0	0	16	5696	/data/opengwasdb/metabolome-plasma-2023/releases/2023-chen-full-east-asian/filtered/GCST90202495_GCST90202495.filtered.tsv.gz	159311	sha256	8c2682177e8b49478ee1eedae5801b051bfc680697cdf9f7499531c70d68a87d	16.4	10.8	27.2
GCST90202496	ok	""	1	0	http://ftp.ebi.ac.uk/pub/databases/gwas/summary_statistics/GCST90202001-GCST90203000/GCST90202496/harmonised/GCST90202496.h.tsv.gz	87579733	4187902	9511	0.002271	0	1	3777	12	5729	/data/opengwasdb/metabolome-plasma-2023/releases/2023-chen-full-east-asian/filtered/GCST90202496_GCST90202496.filtered.tsv.gz	231311	sha256	ec026c01c313e55617736b01a67b3ebd90a4fa860efcfdf0b3b381a60078fc3a	15.1	11.6	26.8
GCST90202497	ok	""	1	0	http://ftp.ebi.ac.uk/pub/databases/gwas/summary_statistics/GCST90202001-GCST90203000/GCST90202497/harmonised/GCST90202497.h.tsv.gz	87300222	4171012	5711	0.001369	0	0	0	15	5696	/data/opengwasdb/metabolome-plasma-2023/releases/2023-chen-full-east-asian/filtered/GCST90202497_GCST90202497.filtered.tsv.gz	159339	sha256	9da52fd659d75e03d2fed08e7f43c3a1fe2c91df0f5484645e01e4831ee4e161	13.5	11	24.5
GCST90202498	ok	""	1	0	http://ftp.ebi.ac.uk/pub/databases/gwas/summary_statistics/GCST90202001-GCST90203000/GCST90202498/harmonised/GCST90202498.h.tsv.gz	83146069	4176280	5731	0.001372	0	0	0	18	5713	/data/opengwasdb/metabolome-plasma-2023/releases/2023-chen-full-east-asian/filtered/GCST90202498_GCST90202498.filtered.tsv.gz	159891	sha256	df1fb7329cf6c326bb3f439ef09370c3a27c59dd7feff2923d42d9a10ffd6a3a	11.6	11	22.7
GCST90202499	ok	""	1	0	http://ftp.ebi.ac.uk/pub/databases/gwas/summary_statistics/GCST90202001-GCST90203000/GCST90202499/harmonised/GCST90202499.h.tsv.gz	88122004	4219113	5799	0.001374	0	0	0	27	5772	/data/opengwasdb/metabolome-plasma-2023/releases/2023-chen-full-east-asian/filtered/GCST90202499_GCST90202499.filtered.tsv.gz	161563	sha256	7551eddd1acaef4d659940adbcee8524c2e2ecbefb600aa5aee6f1f52e9d3edc	11.2	11	22.2
GCST90202500	ok	""	1	0	http://ftp.ebi.ac.uk/pub/databases/gwas/summary_statistics/GCST90202001-GCST90203000/GCST90202500/harmonised/GCST90202500.h.tsv.gz	87282733	4171012	5720	0.001371	0	0	0	24	5696	/data/opengwasdb/metabolome-plasma-2023/releases/2023-chen-full-east-asian/filtered/GCST90202500_GCST90202500.filtered.tsv.gz	159463	sha256	d8528fac2e4fc973deb1c45d8681958669db2795f787e3d9cdf22ff22aaf71e4	11.5	11.1	22.6
GCST90202501	ok	""	1	0	http://ftp.ebi.ac.uk/pub/databases/gwas/summary_statistics/GCST90202001-GCST90203000/GCST90202501/harmonised/GCST90202501.h.tsv.gz	87275821	4171012	5715	0.00137	0	0	0	19	5696	/data/opengwasdb/metabolome-plasma-2023/releases/2023-chen-full-east-asian/filtered/GCST90202501_GCST90202501.filtered.tsv.gz	159360	sha256	776efa24a8517a12921e743baa397f10b4bdd08fe7dadd38d1f25b25ef2765e1	11.2	10.8	22
GCST90202502	ok	""	1	0	http://ftp.ebi.ac.uk/pub/databases/gwas/summary_statistics/GCST90202001-GCST90203000/GCST90202502/harmonised/GCST90202502.h.tsv.gz	83000516	4171012	11978	0.002872	0	2	6277	12	5696	/data/opengwasdb/metabolome-plasma-2023/releases/2023-chen-full-east-asian/filtered/GCST90202502_GCST90202502.filtered.tsv.gz	272276	sha256	318460790ed71ae7749fdc5d90a25114048e2bff375b80f40dd3ba79e7ed0a24	10.8	11.7	22.6
GCST90202503	ok	""	1	0	http://ftp.ebi.ac.uk/pub/databases/gwas/summary_statistics/GCST90202001-GCST90203000/GCST90202503/harmonised/GCST90202503.h.tsv.gz	87506813	4185464	8816	0.002106	0	1	3083	19	5716	/data/opengwasdb/metabolome-plasma-2023/releases/2023-chen-full-east-asian/filtered/GCST90202503_GCST90202503.filtered.tsv.gz	220156	sha256	a02611fa648675f744667e2cd10052991fc2d6d90ae09797f123b9cfde1be6d3	10.6	10.8	21.5
GCST90202504	ok	""	1	0	http://ftp.ebi.ac.uk/pub/databases/gwas/summary_statistics/GCST90202001-GCST90203000/GCST90202504/harmonised/GCST90202504.h.tsv.gz	83296519	4187268	5735	0.00137	0	0	0	18	5717	/data/opengwasdb/metabolome-plasma-2023/releases/2023-chen-full-east-asian/filtered/GCST90202504_GCST90202504.filtered.tsv.gz	160094	sha256	3cf08a11fb9c8ae487660bdeb8937f13589942a5ac186c62cedc2b10b5f14e9e	10.7	9.8	20.5
GCST90202505	ok	""	1	0	http://ftp.ebi.ac.uk/pub/databases/gwas/summary_statistics/GCST90202001-GCST90203000/GCST90202505/harmonised/GCST90202505.h.tsv.gz	82997126	4171012	5714	0.00137	0	0	0	18	5696	/data/opengwasdb/metabolome-plasma-2023/releases/2023-chen-full-east-asian/filtered/GCST90202505_GCST90202505.filtered.tsv.gz	159150	sha256	ed36e5202e54b307298deb7cbd814a66b32104a254870e0e90bc064e84cdca7f	11.1	10.8	22
GCST90202506	ok	""	1	0	http://ftp.ebi.ac.uk/pub/databases/gwas/summary_statistics/GCST90202001-GCST90203000/GCST90202506/harmonised/GCST90202506.h.tsv.gz	83894816	4223643	5799	0.001373	0	0	0	22	5777	/data/opengwasdb/metabolome-plasma-2023/releases/2023-chen-full-east-asian/filtered/GCST90202506_GCST90202506.filtered.tsv.gz	161477	sha256	d4c29bd41c7fa629a7365b94263478742e7232cf305903b9cadb4d817b08de80	19	10.5	29.5
GCST90202507	ok	""	1	0	http://ftp.ebi.ac.uk/pub/databases/gwas/summary_statistics/GCST90202001-GCST90203000/GCST90202507/harmonised/GCST90202507.h.tsv.gz	87592965	4187902	11389	0.00272	0	2	5644	27	5729	/data/opengwasdb/metabolome-plasma-2023/releases/2023-chen-full-east-asian/filtered/GCST90202507_GCST90202507.filtered.tsv.gz	269793	sha256	bec2c1850341fe5c88a0f05dd3605a47021d930098f9d8f466969090f30b0cc6	14.6	11.1	25.7
GCST90202508	ok	""	1	0	http://ftp.ebi.ac.uk/pub/databases/gwas/summary_statistics/GCST90202001-GCST90203000/GCST90202508/harmonised/GCST90202508.h.tsv.gz	83914336	4232437	5814	0.001374	0	0	0	32	5782	/data/opengwasdb/metabolome-plasma-2023/releases/2023-chen-full-east-asian/filtered/GCST90202508_GCST90202508.filtered.tsv.gz	161518	sha256	ac66af5aabc73d1820e3721a39f52ee452ad6cbe5c5d1c1b2840654a7c1e28c8	13.1	10.4	23.5
GCST90202509	ok	""	1	0	http://ftp.ebi.ac.uk/pub/databases/gwas/summary_statistics/GCST90202001-GCST90203000/GCST90202509/harmonised/GCST90202509.h.tsv.gz	87292817	4171012	8064	0.001933	0	1	2359	16	5696	/data/opengwasdb/metabolome-plasma-2023/releases/2023-chen-full-east-asian/filtered/GCST90202509_GCST90202509.filtered.tsv.gz	205979	sha256	bd2b1b8cfbedb5994311237c31d025e262d4385d548394da0d9dfae8e048d038	11.5	11	22.4
GCST90202510	ok	""	1	0	http://ftp.ebi.ac.uk/pub/databases/gwas/summary_statistics/GCST90202001-GCST90203000/GCST90202510/harmonised/GCST90202510.h.tsv.gz	83907222	4145604	5671	0.001368	0	0	0	14	5657	/data/opengwasdb/metabolome-plasma-2023/releases/2023-chen-full-east-asian/filtered/GCST90202510_GCST90202510.filtered.tsv.gz	157112	sha256	36e061609df5e7799a8ac0b66e362aaca55a8559c4d6d71af0b739ad02c0acad	11.2	10.5	21.7
GCST90202511	ok	""	1	0	http://ftp.ebi.ac.uk/pub/databases/gwas/summary_statistics/GCST90202001-GCST90203000/GCST90202511/harmonised/GCST90202511.h.tsv.gz	82945721	4171012	5712	0.001369	0	0	0	16	5696	/data/opengwasdb/metabolome-plasma-2023/releases/2023-chen-full-east-asian/filtered/GCST90202511_GCST90202511.filtered.tsv.gz	159310	sha256	dfb785e50194d8c9e16fbba01c4d9c3341d3556838212596f6c0c2e058b3a4b3	13.7	11	24.7
GCST90202512	ok	""	1	0	http://ftp.ebi.ac.uk/pub/databases/gwas/summary_statistics/GCST90202001-GCST90203000/GCST90202512/harmonised/GCST90202512.h.tsv.gz	87262889	4171012	5715	0.00137	0	0	0	19	5696	/data/opengwasdb/metabolome-plasma-2023/releases/2023-chen-full-east-asian/filtered/GCST90202512_GCST90202512.filtered.tsv.gz	159244	sha256	c1d2a4c6ef11990a9e71de61387fff944053cf9e8f2b614cbdb4028e60b4abf8	16.1	10.7	26.7
GCST90202513	ok	""	1	0	http://ftp.ebi.ac.uk/pub/databases/gwas/summary_statistics/GCST90202001-GCST90203000/GCST90202513/harmonised/GCST90202513.h.tsv.gz	85541604	4114763	5608	0.001363	0	0	0	21	5587	/data/opengwasdb/metabolome-plasma-2023/releases/2023-chen-full-east-asian/filtered/GCST90202513_GCST90202513.filtered.tsv.gz	157021	sha256	ec1f9c36c065fc3fb2c407d34e1a2f6b627480f1310a2467872d5dd266a78995	14.7	10.2	24.9
GCST90202514	ok	""	1	0	http://ftp.ebi.ac.uk/pub/databases/gwas/summary_statistics/GCST90202001-GCST90203000/GCST90202514/harmonised/GCST90202514.h.tsv.gz	87297621	4171012	5717	0.001371	0	0	0	21	5696	/data/opengwasdb/metabolome-plasma-2023/releases/2023-chen-full-east-asian/filtered/GCST90202514_GCST90202514.filtered.tsv.gz	159378	sha256	a663e020e7ae7aeeb98818bd73a47e2a2e9539d9253048cf2226dc387d7cbd56	14.2	10.9	25.1
GCST90202515	ok	""	1	0	http://ftp.ebi.ac.uk/pub/databases/gwas/summary_statistics/GCST90202001-GCST90203000/GCST90202515/harmonised/GCST90202515.h.tsv.gz	83093410	4217420	5755	0.001365	0	0	0	11	5744	/data/opengwasdb/metabolome-plasma-2023/releases/2023-chen-full-east-asian/filtered/GCST90202515_GCST90202515.filtered.tsv.gz	160708	sha256	92b3c3aab0e3e96eeb115052a33e877c43c0d164e0f9e9cf9cc66ce224cf838a	12.7	10.8	23.5
GCST90202516	ok	""	1	0	http://ftp.ebi.ac.uk/pub/databases/gwas/summary_statistics/GCST90202001-GCST90203000/GCST90202516/harmonised/GCST90202516.h.tsv.gz	88070233	4216471	5771	0.001369	0	0	0	11	5760	/data/opengwasdb/metabolome-plasma-2023/releases/2023-chen-full-east-asian/filtered/GCST90202516_GCST90202516.filtered.tsv.gz	160720	sha256	9d32ef7036a6b0a8d970ed4a57a89167146acb332eeb1c2c834e423116fc316f	12.3	11	23.3
GCST90202517	ok	""	1	0	http://ftp.ebi.ac.uk/pub/databases/gwas/summary_statistics/GCST90202001-GCST90203000/GCST90202517/harmonised/GCST90202517.h.tsv.gz	83583013	4206355	5763	0.00137	0	0	0	19	5744	/data/opengwasdb/metabolome-plasma-2023/releases/2023-chen-full-east-asian/filtered/GCST90202517_GCST90202517.filtered.tsv.gz	160673	sha256	ee453ce060701e59a5fca5c1db94225d93089ca97f133dcb6d17683ed4b4dd6d	11.2	11.7	22.9
GCST90202518	ok	""	1	0	http://ftp.ebi.ac.uk/pub/databases/gwas/summary_statistics/GCST90202001-GCST90203000/GCST90202518/harmonised/GCST90202518.h.tsv.gz	83240023	4186780	5745	0.001372	0	0	0	14	5731	/data/opengwasdb/metabolome-plasma-2023/releases/2023-chen-full-east-asian/filtered/GCST90202518_GCST90202518.filtered.tsv.gz	160324	sha256	934e0e8eb4261e0eaab11ae75e11ac3201d52f333ad57a2c6d813826600d0f54	11.1	10.6	21.7
GCST90202519	ok	""	1	0	http://ftp.ebi.ac.uk/pub/databases/gwas/summary_statistics/GCST90202001-GCST90203000/GCST90202519/harmonised/GCST90202519.h.tsv.gz	81252527	4167884	17803	0.004271	0	3	12114	39	5666	/data/opengwasdb/metabolome-plasma-2023/releases/2023-chen-full-east-asian/filtered/GCST90202519_GCST90202519.filtered.tsv.gz	355858	sha256	dc1723214b59f06d9d6ea22e66d64624b8edcaa065adccff60dc921ba368aa66	12.7	11.4	24.2
GCST90202520	ok	""	1	0	http://ftp.ebi.ac.uk/pub/databases/gwas/summary_statistics/GCST90202001-GCST90203000/GCST90202520/harmonised/GCST90202520.h.tsv.gz	87300314	4171012	8428	0.002021	0	1	2715	20	5696	/data/opengwasdb/metabolome-plasma-2023/releases/2023-chen-full-east-asian/filtered/GCST90202520_GCST90202520.filtered.tsv.gz	217258	sha256	46efe3847d46fdab52fa24210d1a68451fe3e7e58f3a2f8dd010953dbade3ec1	15.3	9.6	24.9
GCST90202521	ok	""	1	0	http://ftp.ebi.ac.uk/pub/databases/gwas/summary_statistics/GCST90202001-GCST90203000/GCST90202521/harmonised/GCST90202521.h.tsv.gz	83290482	4187902	5747	0.001372	0	0	0	18	5729	/data/opengwasdb/metabolome-plasma-2023/releases/2023-chen-full-east-asian/filtered/GCST90202521_GCST90202521.filtered.tsv.gz	160325	sha256	95a6d65e12e476fccd655bf430cf45b523afe90355770987560266f792afc680	14.9	11	25.9
GCST90202522	ok	""	1	0	http://ftp.ebi.ac.uk/pub/databases/gwas/summary_statistics/GCST90202001-GCST90203000/GCST90202522/harmonised/GCST90202522.h.tsv.gz	87304669	4171012	5716	0.00137	0	0	0	20	5696	/data/opengwasdb/metabolome-plasma-2023/releases/2023-chen-full-east-asian/filtered/GCST90202522_GCST90202522.filtered.tsv.gz	159316	sha256	69327af6f012cfa626fd35c611c15acb5c63791c0a73260f8e56ae1466d4dd4d	14.7	10.5	25.2
GCST90202523	ok	""	1	0	http://ftp.ebi.ac.uk/pub/databases/gwas/summary_statistics/GCST90202001-GCST90203000/GCST90202523/harmonised/GCST90202523.h.tsv.gz	75742737	4079579	9076	0.002225	0	1	3504	32	5546	/data/opengwasdb/metabolome-plasma-2023/releases/2023-chen-full-east-asian/filtered/GCST90202523_GCST90202523.filtered.tsv.gz	213023	sha256	f2b89528af928739257ff5d7ea5e261f37ebec3dcdb6504f2ba46fd57274c797	17.4	10.5	27.9
GCST90202524	ok	""	1	0	http://ftp.ebi.ac.uk/pub/databases/gwas/summary_statistics/GCST90202001-GCST90203000/GCST90202524/harmonised/GCST90202524.h.tsv.gz	82994885	4171012	5716	0.00137	0	0	0	20	5696	/data/opengwasdb/metabolome-plasma-2023/releases/2023-chen-full-east-asian/filtered/GCST90202524_GCST90202524.filtered.tsv.gz	159377	sha256	fe344801aa2f614e476237369079ca4da443bdd8e3277da9112b76d253f738fa	13.7	11.5	25.2
GCST90202525	ok	""	1	0	http://ftp.ebi.ac.uk/pub/databases/gwas/summary_statistics/GCST90202001-GCST90203000/GCST90202525/harmonised/GCST90202525.h.tsv.gz	87641344	4190084	5738	0.001369	0	0	0	12	5726	/data/opengwasdb/metabolome-plasma-2023/releases/2023-chen-full-east-asian/filtered/GCST90202525_GCST90202525.filtered.tsv.gz	160079	sha256	f7b298c9f397fee35646096c8bfa989a851fcd86329c78f1833b49ddaa022722	14	12.6	26.6
GCST90202526	ok	""	1	0	http://ftp.ebi.ac.uk/pub/databases/gwas/summary_statistics/GCST90202001-GCST90203000/GCST90202526/harmonised/GCST90202526.h.tsv.gz	79872948	4080428	5570	0.001365	0	0	0	16	5554	/data/opengwasdb/metabolome-plasma-2023/releases/2023-chen-full-east-asian/filtered/GCST90202526_GCST90202526.filtered.tsv.gz	155569	sha256	b0c45d610647060eb45dcd3dbcedaf8bb3b9b7b1915da8b3bc655dda21d55027	11.6	9.9	21.5
GCST90202527	ok	""	1	0	http://ftp.ebi.ac.uk/pub/databases/gwas/summary_statistics/GCST90202001-GCST90203000/GCST90202527/harmonised/GCST90202527.h.tsv.gz	86467238	4160708	5698	0.001369	0	0	0	13	5685	/data/opengwasdb/metabolome-plasma-2023/releases/2023-chen-full-east-asian/filtered/GCST90202527_GCST90202527.filtered.tsv.gz	159157	sha256	9a8e8ef20bce6d235d2bef9dccf52090d6a2ca821ca91300ce678e6a6ffd6df1	14.9	11.9	26.7
GCST90202528	ok	""	1	0	http://ftp.ebi.ac.uk/pub/databases/gwas/summary_statistics/GCST90202001-GCST90203000/GCST90202528/harmonised/GCST90202528.h.tsv.gz	84960839	4082422	5571	0.001365	0	0	0	19	5552	/data/opengwasdb/metabolome-plasma-2023/releases/2023-chen-full-east-asian/filtered/GCST90202528_GCST90202528.filtered.tsv.gz	155777	sha256	8a5150c047e8662d45bdbfa420865e74596771d04c4f5cb5d94ce62db9837f38	13.9	10.5	24.4
GCST90202529	ok	""	1	0	http://ftp.ebi.ac.uk/pub/databases/gwas/summary_statistics/GCST90202001-GCST90203000/GCST90202529/harmonised/GCST90202529.h.tsv.gz	82997877	4171012	5713	0.00137	0	0	0	17	5696	/data/opengwasdb/metabolome-plasma-2023/releases/2023-chen-full-east-asian/filtered/GCST90202529_GCST90202529.filtered.tsv.gz	159241	sha256	52d11258e925015c627bf8f5dc9644e1e2efe86504be79f6e9e6813042b74c60	14.5	10.8	25.3
GCST90202530	ok	""	1	0	http://ftp.ebi.ac.uk/pub/databases/gwas/summary_statistics/GCST90202001-GCST90203000/GCST90202530/harmonised/GCST90202530.h.tsv.gz	82988649	4171012	8929	0.002141	0	1	3223	16	5696	/data/opengwasdb/metabolome-plasma-2023/releases/2023-chen-full-east-asian/filtered/GCST90202530_GCST90202530.filtered.tsv.gz	219918	sha256	d9b81619e4d022e5a42af1e6e3f74771527956b5434d5a4a82a942b56673a0db	13.4	9.8	23.2
GCST90202531	ok	""	1	0	http://ftp.ebi.ac.uk/pub/databases/gwas/summary_statistics/GCST90202001-GCST90203000/GCST90202531/harmonised/GCST90202531.h.tsv.gz	87571133	4186908	5742	0.001371	0	0	0	25	5717	/data/opengwasdb/metabolome-plasma-2023/releases/2023-chen-full-east-asian/filtered/GCST90202531_GCST90202531.filtered.tsv.gz	160199	sha256	1f06d122490633b0b559e70c3be10a10ad3aa61e47c9071410350b55c2b2ecb2	14.2	11.6	25.9
GCST90202532	ok	""	1	0	http://ftp.ebi.ac.uk/pub/databases/gwas/summary_statistics/GCST90202001-GCST90203000/GCST90202532/harmonised/GCST90202532.h.tsv.gz	83511497	4203181	5779	0.001375	0	0	0	24	5756	/data/opengwasdb/metabolome-plasma-2023/releases/2023-chen-full-east-asian/filtered/GCST90202532_GCST90202532.filtered.tsv.gz	161232	sha256	1657a944eefe8754ab2cd0263bae74033a73ab32f5c596fcf76b7bcb3ae77a3b	13.4	11.3	24.7
GCST90202533	ok	""	1	0	http://ftp.ebi.ac.uk/pub/databases/gwas/summary_statistics/GCST90202001-GCST90203000/GCST90202533/harmonised/GCST90202533.h.tsv.gz	88365705	4238028	5822	0.001374	0	0	0	16	5806	/data/opengwasdb/metabolome-plasma-2023/releases/2023-chen-full-east-asian/filtered/GCST90202533_GCST90202533.filtered.tsv.gz	161688	sha256	41c0f4d7fdf761567891b57c54f66c75133c9bf1cfef5ae1bb4fad52b03cdd8b	12.6	11.8	24.3
GCST90202534	ok	""	1	0	http://ftp.ebi.ac.uk/pub/databases/gwas/summary_statistics/GCST90202001-GCST90203000/GCST90202534/harmonised/GCST90202534.h.tsv.gz	82314961	4170088	12805	0.003071	0	2	7102	23	5690	/data/opengwasdb/metabolome-plasma-2023/releases/2023-chen-full-east-asian/filtered/GCST90202534_GCST90202534.filtered.tsv.gz	299535	sha256	709662d5e2f775201e9900567261120ad6318df3f0459bd025d463dd111d361c	10.9	10.2	21.1
GCST90202535	ok	""	1	0	http://ftp.ebi.ac.uk/pub/databases/gwas/summary_statistics/GCST90202001-GCST90203000/GCST90202535/harmonised/GCST90202535.h.tsv.gz	83017331	4171012	5713	0.00137	0	0	0	17	5696	/data/opengwasdb/metabolome-plasma-2023/releases/2023-chen-full-east-asian/filtered/GCST90202535_GCST90202535.filtered.tsv.gz	159348	sha256	18d3945adc0801378b5ef79b6df1c7f16ab91eed03c1b1e94cb2cb8d99a02a3d	9.8	10.9	20.7
GCST90202536	ok	""	1	0	http://ftp.ebi.ac.uk/pub/databases/gwas/summary_statistics/GCST90202001-GCST90203000/GCST90202536/harmonised/GCST90202536.h.tsv.gz	83998287	4227282	5795	0.001371	0	0	0	9	5786	/data/opengwasdb/metabolome-plasma-2023/releases/2023-chen-full-east-asian/filtered/GCST90202536_GCST90202536.filtered.tsv.gz	161599	sha256	d7953ce2880ba745ea814d905969244ef96a0f5acecc6770f99c8fb0ce8a8179	10.5	10.7	21.2
GCST90202537	ok	""	1	0	http://ftp.ebi.ac.uk/pub/databases/gwas/summary_statistics/GCST90202001-GCST90203000/GCST90202537/harmonised/GCST90202537.h.tsv.gz	85523609	4169307	5686	0.001364	0	0	0	18	5669	/data/opengwasdb/metabolome-plasma-2023/releases/2023-chen-full-east-asian/filtered/GCST90202537_GCST90202537.filtered.tsv.gz	158301	sha256	d156720099db9aca690b578db2ec957b0f40b7aef9885fb89314f28be08c642c	11.7	10.8	22.5
GCST90202538	ok	""	1	0	http://ftp.ebi.ac.uk/pub/databases/gwas/summary_statistics/GCST90202001-GCST90203000/GCST90202538/harmonised/GCST90202538.h.tsv.gz	85809283	4125582	5651	0.00137	0	0	0	12	5639	/data/opengwasdb/metabolome-plasma-2023/releases/2023-chen-full-east-asian/filtered/GCST90202538_GCST90202538.filtered.tsv.gz	157929	sha256	02ba5adbd9339fb0a08e129ed2d848a81292109bf51c134c5eff73b38f56e763	11.4	10.2	21.6
GCST90202539	ok	""	1	0	http://ftp.ebi.ac.uk/pub/databases/gwas/summary_statistics/GCST90202001-GCST90203000/GCST90202539/harmonised/GCST90202539.h.tsv.gz	81091525	4103195	5620	0.00137	0	0	0	16	5604	/data/opengwasdb/metabolome-plasma-2023/releases/2023-chen-full-east-asian/filtered/GCST90202539_GCST90202539.filtered.tsv.gz	157015	sha256	07e034760f77d6c5617279eaa977a76d52b0553aef2d99290f7bf5d8013e22a4	12.1	10.8	22.9
GCST90202540	ok	""	1	0	http://ftp.ebi.ac.uk/pub/databases/gwas/summary_statistics/GCST90202001-GCST90203000/GCST90202540/harmonised/GCST90202540.h.tsv.gz	87369974	4213289	9153	0.002172	0	1	3398	22	5737	/data/opengwasdb/metabolome-plasma-2023/releases/2023-chen-full-east-asian/filtered/GCST90202540_GCST90202540.filtered.tsv.gz	224465	sha256	1a0b49599a556cd80e8fdf70333f18eac7ce875d3be04f434dd0e834256dbb2c	12.5	11.2	23.7
GCST90202541	ok	""	1	0	http://ftp.ebi.ac.uk/pub/databases/gwas/summary_statistics/GCST90202001-GCST90203000/GCST90202541/harmonised/GCST90202541.h.tsv.gz	83293137	4187705	5746	0.001372	0	0	0	17	5729	/data/opengwasdb/metabolome-plasma-2023/releases/2023-chen-full-east-asian/filtered/GCST90202541_GCST90202541.filtered.tsv.gz	160216	sha256	f46d809ad8e8ad74f36f9912a3361529f3b9bb9275ec289a582cc19816ddc282	12.2	10.7	22.9
GCST90202542	ok	""	1	0	http://ftp.ebi.ac.uk/pub/databases/gwas/summary_statistics/GCST90202001-GCST90203000/GCST90202542/harmonised/GCST90202542.h.tsv.gz	83314561	4188744	5738	0.00137	0	0	0	13	5725	/data/opengwasdb/metabolome-plasma-2023/releases/2023-chen-full-east-asian/filtered/GCST90202542_GCST90202542.filtered.tsv.gz	160051	sha256	8a2b03189632c60b1fddf673d7dd8decabf9a1bca74f89b2295ce3af7903f158	12.1	10.9	22.9
GCST90202543	ok	""	1	0	http://ftp.ebi.ac.uk/pub/databases/gwas/summary_statistics/GCST90202001-GCST90203000/GCST90202543/harmonised/GCST90202543.h.tsv.gz	83467395	4195576	5758	0.001372	0	0	0	21	5737	/data/opengwasdb/metabolome-plasma-2023/releases/2023-chen-full-east-asian/filtered/GCST90202543_GCST90202543.filtered.tsv.gz	160870	sha256	c5a726092d0a15d786ce2d56505bbc647f5507e54b2edaede6fa6a5bb501da5d	12.6	11	23.6
GCST90202544	ok	""	1	0	http://ftp.ebi.ac.uk/pub/databases/gwas/summary_statistics/GCST90202001-GCST90203000/GCST90202544/harmonised/GCST90202544.h.tsv.gz	87935583	4206690	5774	0.001373	0	0	0	19	5755	/data/opengwasdb/metabolome-plasma-2023/releases/2023-chen-full-east-asian/filtered/GCST90202544_GCST90202544.filtered.tsv.gz	160936	sha256	6f4f1a134839a9987a4b4c9256fbc0f4ec4a17aa94a9237d4f359e678858c4d7	13.2	11	24.3
GCST90202545	ok	""	1	0	http://ftp.ebi.ac.uk/pub/databases/gwas/summary_statistics/GCST90202001-GCST90203000/GCST90202545/harmonised/GCST90202545.h.tsv.gz	87568133	4186375	13537	0.003234	0	2	7824	12	5711	/data/opengwasdb/metabolome-plasma-2023/releases/2023-chen-full-east-asian/filtered/GCST90202545_GCST90202545.filtered.tsv.gz	304964	sha256	8e0ed64e03a5d71fe2321b941c308381eee478b902f5f2165d468c1e3bdf920f	13.2	11.3	24.5
GCST90202546	ok	""	1	0	http://ftp.ebi.ac.uk/pub/databases/gwas/summary_statistics/GCST90202001-GCST90203000/GCST90202546/harmonised/GCST90202546.h.tsv.gz	85366245	4101988	5593	0.001363	0	0	0	19	5574	/data/opengwasdb/metabolome-plasma-2023/releases/2023-chen-full-east-asian/filtered/GCST90202546_GCST90202546.filtered.tsv.gz	156425	sha256	8216055fa644a4be5447e2f0be78921e502c4a811a234f2334dcb6f138212106	12.8	10.5	23.3
GCST90202547	ok	""	1	0	http://ftp.ebi.ac.uk/pub/databases/gwas/summary_statistics/GCST90202001-GCST90203000/GCST90202547/harmonised/GCST90202547.h.tsv.gz	87291002	4171012	5712	0.001369	0	0	0	16	5696	/data/opengwasdb/metabolome-plasma-2023/releases/2023-chen-full-east-asian/filtered/GCST90202547_GCST90202547.filtered.tsv.gz	159202	sha256	e30bac42630a91448b848f94e77c08a9614f7080dccb110de780dbf6d1926b80	13.3	11.3	24.5
GCST90202548	ok	""	1	0	http://ftp.ebi.ac.uk/pub/databases/gwas/summary_statistics/GCST90202001-GCST90203000/GCST90202548/harmonised/GCST90202548.h.tsv.gz	85015610	4086273	13074	0.003199	0	2	7524	22	5539	/data/opengwasdb/metabolome-plasma-2023/releases/2023-chen-full-east-asian/filtered/GCST90202548_GCST90202548.filtered.tsv.gz	302494	sha256	059107547820a4e28347b8820c62442a8211ac0d9aadc04b64fb8e621135bd6e	13	10.9	23.9
GCST90202549	ok	""	1	0	http://ftp.ebi.ac.uk/pub/databases/gwas/summary_statistics/GCST90202001-GCST90203000/GCST90202549/harmonised/GCST90202549.h.tsv.gz	87520296	4184887	5741	0.001372	0	0	0	20	5721	/data/opengwasdb/metabolome-plasma-2023/releases/2023-chen-full-east-asian/filtered/GCST90202549_GCST90202549.filtered.tsv.gz	160239	sha256	586b30dbe4fec8ceccfed5eb3ff406eeb107368a70a1337f7b2f418f09ec3ed7	14.1	10.4	24.5
GCST90202550	ok	""	1	0	http://ftp.ebi.ac.uk/pub/databases/gwas/summary_statistics/GCST90202001-GCST90203000/GCST90202550/harmonised/GCST90202550.h.tsv.gz	79796444	4235965	5810	0.001372	0	0	0	31	5779	/data/opengwasdb/metabolome-plasma-2023/releases/2023-chen-full-east-asian/filtered/GCST90202550_GCST90202550.filtered.tsv.gz	161073	sha256	1a0ba1aa7e02a0d8abdb5ddf43d4af09ca852cd1556af6dfc3a4e6bbbd91456e	12.8	11.1	23.9
GCST90202551	ok	""	1	0	http://ftp.ebi.ac.uk/pub/databases/gwas/summary_statistics/GCST90202001-GCST90203000/GCST90202551/harmonised/GCST90202551.h.tsv.gz	82796425	4202286	5769	0.001373	0	0	0	21	5748	/data/opengwasdb/metabolome-plasma-2023/releases/2023-chen-full-east-asian/filtered/GCST90202551_GCST90202551.filtered.tsv.gz	161308	sha256	24ba02e404fc8ddeaaa99dd456dc1c9b341fc295da500fff9e102cce441cf95d	15.5	10.7	26.2
GCST90202552	ok	""	1	0	http://ftp.ebi.ac.uk/pub/databases/gwas/summary_statistics/GCST90202001-GCST90203000/GCST90202552/harmonised/GCST90202552.h.tsv.gz	81170401	4104232	5609	0.001367	0	0	0	16	5593	/data/opengwasdb/metabolome-plasma-2023/releases/2023-chen-full-east-asian/filtered/GCST90202552_GCST90202552.filtered.tsv.gz	156844	sha256	a3c282788762843d8c5015aa7191f18e4ca35e953b0a8517597328b5ae31a681	17.1	11.4	28.5
GCST90202553	ok	""	1	0	http://ftp.ebi.ac.uk/pub/databases/gwas/summary_statistics/GCST90202001-GCST90203000/GCST90202553/harmonised/GCST90202553.h.tsv.gz	88345115	4236112	5816	0.001373	0	0	0	23	5793	/data/opengwasdb/metabolome-plasma-2023/releases/2023-chen-full-east-asian/filtered/GCST90202553_GCST90202553.filtered.tsv.gz	161730	sha256	de28794645108294ac9c971cca496a3940eec18b4b63fee0616420b5f3a5d041	20.4	10.8	31.2
GCST90202554	ok	""	1	0	http://ftp.ebi.ac.uk/pub/databases/gwas/summary_statistics/GCST90202001-GCST90203000/GCST90202554/harmonised/GCST90202554.h.tsv.gz	80799874	4148424	5672	0.001367	0	0	0	20	5652	/data/opengwasdb/metabolome-plasma-2023/releases/2023-chen-full-east-asian/filtered/GCST90202554_GCST90202554.filtered.tsv.gz	157912	sha256	efff865816aff9349b1bd5e6deae03131524e95a93c03c93d88dffcebe62e4aa	19.2	10.4	29.6
GCST90202555	ok	""	1	0	http://ftp.ebi.ac.uk/pub/databases/gwas/summary_statistics/GCST90202001-GCST90203000/GCST90202555/harmonised/GCST90202555.h.tsv.gz	81982162	4283672	9195	0.002147	0	1	3294	16	5890	/data/opengwasdb/metabolome-plasma-2023/releases/2023-chen-full-east-asian/filtered/GCST90202555_GCST90202555.filtered.tsv.gz	224753	sha256	a7fad8e2017e310bfaf00bd2a2c4ee24e56f7567244cca81e7336016fc44de26	12.2	10.6	22.8
GCST90202556	ok	""	1	0	http://ftp.ebi.ac.uk/pub/databases/gwas/summary_statistics/GCST90202001-GCST90203000/GCST90202556/harmonised/GCST90202556.h.tsv.gz	82335777	4168017	5700	0.001368	0	0	0	12	5688	/data/opengwasdb/metabolome-plasma-2023/releases/2023-chen-full-east-asian/filtered/GCST90202556_GCST90202556.filtered.tsv.gz	159120	sha256	aaa27818f6f58b78438682718d1d6f2f7f9d785ed940572ae3de7085215ee207	11.3	9.7	21
GCST90202557	ok	""	1	0	http://ftp.ebi.ac.uk/pub/databases/gwas/summary_statistics/GCST90202001-GCST90203000/GCST90202557/harmonised/GCST90202557.h.tsv.gz	83966762	4156650	5665	0.001363	0	0	0	13	5652	/data/opengwasdb/metabolome-plasma-2023/releases/2023-chen-full-east-asian/filtered/GCST90202557_GCST90202557.filtered.tsv.gz	156796	sha256	3149f79f6711d9740a27d8bdb608c70bb20c1d720a7bdaa331375025f896654b	11.6	10.8	22.4
GCST90202558	ok	""	1	0	http://ftp.ebi.ac.uk/pub/databases/gwas/summary_statistics/GCST90202001-GCST90203000/GCST90202558/harmonised/GCST90202558.h.tsv.gz	85867585	4133660	5632	0.001362	0	0	0	13	5619	/data/opengwasdb/metabolome-plasma-2023/releases/2023-chen-full-east-asian/filtered/GCST90202558_GCST90202558.filtered.tsv.gz	157136	sha256	6be14c9bba1fd37d5e476da5544e9a45db5d554be8eeeb904d82814fb4980ea0	12.6	10.4	23
GCST90202559	ok	""	1	0	http://ftp.ebi.ac.uk/pub/databases/gwas/summary_statistics/GCST90202001-GCST90203000/GCST90202559/harmonised/GCST90202559.h.tsv.gz	80492786	4124178	5641	0.001368	0	0	0	18	5623	/data/opengwasdb/metabolome-plasma-2023/releases/2023-chen-full-east-asian/filtered/GCST90202559_GCST90202559.filtered.tsv.gz	157506	sha256	aea0e0a2f194863f59c589613e8402d8db891d5eccc413702f915a39cb5954fe	10.3	10.2	20.5
GCST90202560	ok	""	1	0	http://ftp.ebi.ac.uk/pub/databases/gwas/summary_statistics/GCST90202001-GCST90203000/GCST90202560/harmonised/GCST90202560.h.tsv.gz	80336525	4123664	5650	0.00137	0	0	0	24	5626	/data/opengwasdb/metabolome-plasma-2023/releases/2023-chen-full-east-asian/filtered/GCST90202560_GCST90202560.filtered.tsv.gz	157475	sha256	753f69275bca4e4cea9094957b6d9760075e9549b26a1e0f62e0693dc3fb398f	11.4	11.2	22.5
GCST90202561	ok	""	1	0	http://ftp.ebi.ac.uk/pub/databases/gwas/summary_statistics/GCST90202001-GCST90203000/GCST90202561/harmonised/GCST90202561.h.tsv.gz	87298545	4171012	5716	0.00137	0	0	0	20	5696	/data/opengwasdb/metabolome-plasma-2023/releases/2023-chen-full-east-asian/filtered/GCST90202561_GCST90202561.filtered.tsv.gz	159524	sha256	3454842797b11cecabeaed017af94b59c9740ef607fee4b8714b3c67bdd1d43f	11.9	11.7	23.6
GCST90202562	ok	""	1	0	http://ftp.ebi.ac.uk/pub/databases/gwas/summary_statistics/GCST90202001-GCST90203000/GCST90202562/harmonised/GCST90202562.h.tsv.gz	83203417	4185880	8496	0.00203	0	1	2773	10	5718	/data/opengwasdb/metabolome-plasma-2023/releases/2023-chen-full-east-asian/filtered/GCST90202562_GCST90202562.filtered.tsv.gz	218362	sha256	073f60b2984aa14859ac4163f9134371e18d58020ef87b3502902af8638ce4dd	11.1	11.3	22.4
GCST90202563	ok	""	1	0	http://ftp.ebi.ac.uk/pub/databases/gwas/summary_statistics/GCST90202001-GCST90203000/GCST90202563/harmonised/GCST90202563.h.tsv.gz	83004844	4171012	5722	0.001372	0	0	0	26	5696	/data/opengwasdb/metabolome-plasma-2023/releases/2023-chen-full-east-asian/filtered/GCST90202563_GCST90202563.filtered.tsv.gz	159605	sha256	e2cf0c568c18a6409385a34a21b2378e3d5a73c72df2d0f67915ee89b6eeb0c2	8.9	10.7	19.6
GCST90202564	ok	""	1	0	http://ftp.ebi.ac.uk/pub/databases/gwas/summary_statistics/GCST90202001-GCST90203000/GCST90202564/harmonised/GCST90202564.h.tsv.gz	82913982	4171012	5718	0.001371	0	0	0	22	5696	/data/opengwasdb/metabolome-plasma-2023/releases/2023-chen-full-east-asian/filtered/GCST90202564_GCST90202564.filtered.tsv.gz	159433	sha256	cb4651fe50a972e1c41cd3c63cd26cffa00acf401779d1bb2eaec1291745cfae	10.1	9.6	19.6
GCST90202565	ok	""	1	0	http://ftp.ebi.ac.uk/pub/databases/gwas/summary_statistics/GCST90202001-GCST90203000/GCST90202565/harmonised/GCST90202565.h.tsv.gz	82944233	4171012	5718	0.001371	0	0	0	22	5696	/data/opengwasdb/metabolome-plasma-2023/releases/2023-chen-full-east-asian/filtered/GCST90202565_GCST90202565.filtered.tsv.gz	159437	sha256	c741b856ccd3a3303496f1f2f2add335bae7d038eddf38d5c1a8ace053d6994d	10.7	11.1	21.8
GCST90202566	ok	""	1	0	http://ftp.ebi.ac.uk/pub/databases/gwas/summary_statistics/GCST90202001-GCST90203000/GCST90202566/harmonised/GCST90202566.h.tsv.gz	83212369	4185464	5734	0.00137	0	0	0	18	5716	/data/opengwasdb/metabolome-plasma-2023/releases/2023-chen-full-east-asian/filtered/GCST90202566_GCST90202566.filtered.tsv.gz	160111	sha256	7b785c68088fa68485823ebf7c7f5c9064eb22add24c01bf4c53c799df214c53	10.9	10.4	21.4
GCST90202567	ok	""	1	0	http://ftp.ebi.ac.uk/pub/databases/gwas/summary_statistics/GCST90202001-GCST90203000/GCST90202567/harmonised/GCST90202567.h.tsv.gz	87848074	4204899	5777	0.001374	0	0	0	13	5764	/data/opengwasdb/metabolome-plasma-2023/releases/2023-chen-full-east-asian/filtered/GCST90202567_GCST90202567.filtered.tsv.gz	160827	sha256	28b4206853ed8be2e6bdcf6628b65459b76e0d3865a323c4d579b9f5d9b2fd8a	12.9	9.8	22.6
GCST90202568	ok	""	1	0	http://ftp.ebi.ac.uk/pub/databases/gwas/summary_statistics/GCST90202001-GCST90203000/GCST90202568/harmonised/GCST90202568.h.tsv.gz	87534630	4185103	8697	0.002078	0	1	2974	18	5710	/data/opengwasdb/metabolome-plasma-2023/releases/2023-chen-full-east-asian/filtered/GCST90202568_GCST90202568.filtered.tsv.gz	212897	sha256	20aa5ff78859f48acdf3675cdcd40424814d4506ec34dffd563b66d986bccdd5	12.5	11.9	24.4
GCST90202569	ok	""	1	0	http://ftp.ebi.ac.uk/pub/databases/gwas/summary_statistics/GCST90202001-GCST90203000/GCST90202569/harmonised/GCST90202569.h.tsv.gz	87291624	4171012	5707	0.001368	0	0	0	11	5696	/data/opengwasdb/metabolome-plasma-2023/releases/2023-chen-full-east-asian/filtered/GCST90202569_GCST90202569.filtered.tsv.gz	159040	sha256	aaa93b4408e1be79e31ff79bfa21de09422bd8d71002cd92ee493e49476c3d5a	10.8	10.7	21.5
GCST90202570	ok	""	1	0	http://ftp.ebi.ac.uk/pub/databases/gwas/summary_statistics/GCST90202001-GCST90203000/GCST90202570/harmonised/GCST90202570.h.tsv.gz	87275968	4171012	5708	0.001368	0	0	0	12	5696	/data/opengwasdb/metabolome-plasma-2023/releases/2023-chen-full-east-asian/filtered/GCST90202570_GCST90202570.filtered.tsv.gz	159263	sha256	b07557c0fac81299f2f32b23eb69a713473445a5f6518ec79b4f31eb04ffa932	10.8	10.7	21.5
GCST90202571	ok	""	1	0	http://ftp.ebi.ac.uk/pub/databases/gwas/summary_statistics/GCST90202001-GCST90203000/GCST90202571/harmonised/GCST90202571.h.tsv.gz	87526689	4186151	13045	0.003116	0	2	7318	18	5720	/data/opengwasdb/metabolome-plasma-2023/releases/2023-chen-full-east-asian/filtered/GCST90202571_GCST90202571.filtered.tsv.gz	301118	sha256	8751c8ac814ddc4452edc665e2bb91a3c75f245834fa16ed8c5ad14679844bc5	10.8	10.9	21.7
GCST90202572	ok	""	1	0	http://ftp.ebi.ac.uk/pub/databases/gwas/summary_statistics/GCST90202001-GCST90203000/GCST90202572/harmonised/GCST90202572.h.tsv.gz	83658607	4207442	9587	0.002279	0	1	3813	13	5765	/data/opengwasdb/metabolome-plasma-2023/releases/2023-chen-full-east-asian/filtered/GCST90202572_GCST90202572.filtered.tsv.gz	232953	sha256	de60811b03f7257f09ccbaa1c3b46933f7e972363ab9afa77862ea1c46487f8f	17.5	11.5	28.9
GCST90202573	ok	""	1	0	http://ftp.ebi.ac.uk/pub/databases/gwas/summary_statistics/GCST90202001-GCST90203000/GCST90202573/harmonised/GCST90202573.h.tsv.gz	87272542	4171012	5711	0.001369	0	0	0	15	5696	/data/opengwasdb/metabolome-plasma-2023/releases/2023-chen-full-east-asian/filtered/GCST90202573_GCST90202573.filtered.tsv.gz	159216	sha256	fda6164cc83f10ef1497b47d5c21030a7e2da645ebbd7f0c71dc9f388f54b4b2	14.2	10.5	24.7
GCST90202574	ok	""	1	0	http://ftp.ebi.ac.uk/pub/databases/gwas/summary_statistics/GCST90202001-GCST90203000/GCST90202574/harmonised/GCST90202574.h.tsv.gz	84580149	4121955	5636	0.001367	0	0	0	28	5608	/data/opengwasdb/metabolome-plasma-2023/releases/2023-chen-full-east-asian/filtered/GCST90202574_GCST90202574.filtered.tsv.gz	157034	sha256	e28ab3c97a82ecda3725900278503b2cfad930b531203a4d628111ee516621bd	12.6	10.8	23.3
GCST90202575	ok	""	1	0	http://ftp.ebi.ac.uk/pub/databases/gwas/summary_statistics/GCST90202001-GCST90203000/GCST90202575/harmonised/GCST90202575.h.tsv.gz	80823296	4084831	5579	0.001366	0	0	0	21	5559	/data/opengwasdb/metabolome-plasma-2023/releases/2023-chen-full-east-asian/filtered/GCST90202575_GCST90202575.filtered.tsv.gz	156144	sha256	d19e5b062c84410fc0b8160f4bb427c3bfdcd5c31cfe1f2b652df565ecc1024f	14.9	10.5	25.3
GCST90202576	ok	""	1	0	http://ftp.ebi.ac.uk/pub/databases/gwas/summary_statistics/GCST90202001-GCST90203000/GCST90202576/harmonised/GCST90202576.h.tsv.gz	87299156	4171012	5713	0.00137	0	0	0	17	5696	/data/opengwasdb/metabolome-plasma-2023/releases/2023-chen-full-east-asian/filtered/GCST90202576_GCST90202576.filtered.tsv.gz	159364	sha256	3a3843a67838b44c46541c4e1487437b067add052b978bc5e9be1597b536ef8f	16.9	10.8	27.7
GCST90202577	ok	""	1	0	http://ftp.ebi.ac.uk/pub/databases/gwas/summary_statistics/GCST90202001-GCST90203000/GCST90202577/harmonised/GCST90202577.h.tsv.gz	87229349	4171012	5709	0.001369	0	0	0	13	5696	/data/opengwasdb/metabolome-plasma-2023/releases/2023-chen-full-east-asian/filtered/GCST90202577_GCST90202577.filtered.tsv.gz	159156	sha256	fe4712433a0c16da792bbb0ab9bcc36fa2e20c558536c16ffa42391ee267f1a2	17.5	11.7	29.2
GCST90202578	ok	""	1	0	http://ftp.ebi.ac.uk/pub/databases/gwas/summary_statistics/GCST90202001-GCST90203000/GCST90202578/harmonised/GCST90202578.h.tsv.gz	83266205	4186151	5744	0.001372	0	0	0	25	5720	/data/opengwasdb/metabolome-plasma-2023/releases/2023-chen-full-east-asian/filtered/GCST90202578_GCST90202578.filtered.tsv.gz	160279	sha256	9a0b5ccac613d67dbb7b00f1dbcf770056cb3ffaf0bf77fc70e69641eb73f248	16.8	11	27.9
GCST90202579	ok	""	1	0	http://ftp.ebi.ac.uk/pub/databases/gwas/summary_statistics/GCST90202001-GCST90203000/GCST90202579/harmonised/GCST90202579.h.tsv.gz	87527975	4185880	5734	0.00137	0	0	0	16	5718	/data/opengwasdb/metabolome-plasma-2023/releases/2023-chen-full-east-asian/filtered/GCST90202579_GCST90202579.filtered.tsv.gz	159932	sha256	c786f9d46b66e235be271493e965139812e232bd3cb17f88db077bdf6256477d	17	10.2	27.2
GCST90202580	ok	""	1	0	http://ftp.ebi.ac.uk/pub/databases/gwas/summary_statistics/GCST90202001-GCST90203000/GCST90202580/harmonised/GCST90202580.h.tsv.gz	87632662	4189403	9746	0.002326	0	1	4008	15	5727	/data/opengwasdb/metabolome-plasma-2023/releases/2023-chen-full-east-asian/filtered/GCST90202580_GCST90202580.filtered.tsv.gz	239247	sha256	a33e88195d8789113ac61e0354880cdb94b049bc690c227615260db1348dd4f0	13.3	10.7	24
GCST90202581	ok	""	1	0	http://ftp.ebi.ac.uk/pub/databases/gwas/summary_statistics/GCST90202001-GCST90203000/GCST90202581/harmonised/GCST90202581.h.tsv.gz	87786885	4202637	5766	0.001372	0	0	0	17	5749	/data/opengwasdb/metabolome-plasma-2023/releases/2023-chen-full-east-asian/filtered/GCST90202581_GCST90202581.filtered.tsv.gz	160671	sha256	fbdaafba9b12e44d01c987390ff45bddb7af515fc6f0f461a50fc043855bd453	13.4	11	24.4
GCST90202582	ok	""	1	0	http://ftp.ebi.ac.uk/pub/databases/gwas/summary_statistics/GCST90202001-GCST90203000/GCST90202582/harmonised/GCST90202582.h.tsv.gz	88166907	4220974	5789	0.001371	0	0	0	15	5774	/data/opengwasdb/metabolome-plasma-2023/releases/2023-chen-full-east-asian/filtered/GCST90202582_GCST90202582.filtered.tsv.gz	161331	sha256	a7a9c4d5a47af9bebf11407fd555bec4018c692854831b332d533effad343560	13.6	10.8	24.4
GCST90202583	ok	""	1	0	http://ftp.ebi.ac.uk/pub/databases/gwas/summary_statistics/GCST90202001-GCST90203000/GCST90202583/harmonised/GCST90202583.h.tsv.gz	83005519	4171012	5706	0.001368	0	0	0	10	5696	/data/opengwasdb/metabolome-plasma-2023/releases/2023-chen-full-east-asian/filtered/GCST90202583_GCST90202583.filtered.tsv.gz	159195	sha256	3fc86cc66550d2f68f39042ac489a7b422171f152aa19d7c1fe0701621c71517	12.2	10.6	22.9
GCST90202584	ok	""	1	0	http://ftp.ebi.ac.uk/pub/databases/gwas/summary_statistics/GCST90202001-GCST90203000/GCST90202584/harmonised/GCST90202584.h.tsv.gz	82979696	4171012	5714	0.00137	0	0	0	18	5696	/data/opengwasdb/metabolome-plasma-2023/releases/2023-chen-full-east-asian/filtered/GCST90202584_GCST90202584.filtered.tsv.gz	159464	sha256	f1dc664ed6867d553aeed0698a3576629c1d984b71880b717cab9f0d99b70ef5	19.9	11.5	31.4
GCST90202585	ok	""	1	0	http://ftp.ebi.ac.uk/pub/databases/gwas/summary_statistics/GCST90202001-GCST90203000/GCST90202585/harmonised/GCST90202585.h.tsv.gz	79122266	4141881	10559	0.002549	0	2	4873	31	5664	/data/opengwasdb/metabolome-plasma-2023/releases/2023-chen-full-east-asian/filtered/GCST90202585_GCST90202585.filtered.tsv.gz	250079	sha256	cf30db5b16a8508efcaf15442708d5cfe20ab939a28ffbf5815bb1f1a71e629e	20.6	11.3	31.9
GCST90202586	ok	""	1	0	http://ftp.ebi.ac.uk/pub/databases/gwas/summary_statistics/GCST90202001-GCST90203000/GCST90202586/harmonised/GCST90202586.h.tsv.gz	87580723	4186861	9165	0.002189	0	1	3427	24	5720	/data/opengwasdb/metabolome-plasma-2023/releases/2023-chen-full-east-asian/filtered/GCST90202586_GCST90202586.filtered.tsv.gz	232767	sha256	651e02fe6148230a604ccd26bf9141d09c13f425831695f94f19996ed1168661	22.7	11.2	34
GCST90202587	ok	""	1	0	http://ftp.ebi.ac.uk/pub/databases/gwas/summary_statistics/GCST90202001-GCST90203000/GCST90202587/harmonised/GCST90202587.h.tsv.gz	87284440	4171012	5709	0.001369	0	0	0	13	5696	/data/opengwasdb/metabolome-plasma-2023/releases/2023-chen-full-east-asian/filtered/GCST90202587_GCST90202587.filtered.tsv.gz	159270	sha256	d64a23cd236fbeffb0c6d2725c0cdf95cd13aca71716111e316e2413fc9b6a0f	21.3	9.7	31
GCST90202588	ok	""	1	0	http://ftp.ebi.ac.uk/pub/databases/gwas/summary_statistics/GCST90202001-GCST90203000/GCST90202588/harmonised/GCST90202588.h.tsv.gz	87453262	4219467	5791	0.001372	0	0	0	29	5762	/data/opengwasdb/metabolome-plasma-2023/releases/2023-chen-full-east-asian/filtered/GCST90202588_GCST90202588.filtered.tsv.gz	161711	sha256	d10de8d397aec2ef0d125f199fc8e747fdc410811101ba2a75efdb50d9a882a2	18	11	29
GCST90202589	ok	""	1	0	http://ftp.ebi.ac.uk/pub/databases/gwas/summary_statistics/GCST90202001-GCST90203000/GCST90202589/harmonised/GCST90202589.h.tsv.gz	77584422	4097018	5628	0.001374	0	0	0	15	5613	/data/opengwasdb/metabolome-plasma-2023/releases/2023-chen-full-east-asian/filtered/GCST90202589_GCST90202589.filtered.tsv.gz	156169	sha256	5cf8ad5cd6e121f35327320cd746cfc225a06be501e445e878b8d7f79fb27752	15.8	10.9	26.7
GCST90202590	ok	""	1	0	http://ftp.ebi.ac.uk/pub/databases/gwas/summary_statistics/GCST90202001-GCST90203000/GCST90202590/harmonised/GCST90202590.h.tsv.gz	82187089	4132152	9064	0.002194	0	1	3408	23	5637	/data/opengwasdb/metabolome-plasma-2023/releases/2023-chen-full-east-asian/filtered/GCST90202590_GCST90202590.filtered.tsv.gz	214282	sha256	2346cbcaf76621c01c5bd70d1ae7695d927ed195c80a3c873443d00b7e7cca7b	16.2	11	27.2
GCST90202591	ok	""	1	0	http://ftp.ebi.ac.uk/pub/databases/gwas/summary_statistics/GCST90202001-GCST90203000/GCST90202591/harmonised/GCST90202591.h.tsv.gz	81628305	4269025	5852	0.001371	0	0	0	17	5835	/data/opengwasdb/metabolome-plasma-2023/releases/2023-chen-full-east-asian/filtered/GCST90202591_GCST90202591.filtered.tsv.gz	162095	sha256	d0a2e2adfc29109298ef85c0abd3891bc36862cc4b6b7dd67b87b5bab7818f97	14.5	9.9	24.4
GCST90202592	ok	""	1	0	http://ftp.ebi.ac.uk/pub/databases/gwas/summary_statistics/GCST90202001-GCST90203000/GCST90202592/harmonised/GCST90202592.h.tsv.gz	83143579	4176280	5742	0.001375	0	0	0	29	5713	/data/opengwasdb/metabolome-plasma-2023/releases/2023-chen-full-east-asian/filtered/GCST90202592_GCST90202592.filtered.tsv.gz	160299	sha256	39f39b97d95cab41de6c9d0f472f8e4af98f3a2d217252a8012703862cd0a131	15.8	10.9	26.7
GCST90202593	ok	""	1	0	http://ftp.ebi.ac.uk/pub/databases/gwas/summary_statistics/GCST90202001-GCST90203000/GCST90202593/harmonised/GCST90202593.h.tsv.gz	80633886	4190863	9408	0.002245	0	1	3684	19	5710	/data/opengwasdb/metabolome-plasma-2023/releases/2023-chen-full-east-asian/filtered/GCST90202593_GCST90202593.filtered.tsv.gz	223335	sha256	14b30416fb257404aaa1ffbd8f09d288a3168cc6d4c03c4939d6bc6978d00e1e	15.4	11.1	26.4
GCST90202594	ok	""	1	0	http://ftp.ebi.ac.uk/pub/databases/gwas/summary_statistics/GCST90202001-GCST90203000/GCST90202594/harmonised/GCST90202594.h.tsv.gz	76853393	4165052	8281	0.001988	0	1	2601	23	5659	/data/opengwasdb/metabolome-plasma-2023/releases/2023-chen-full-east-asian/filtered/GCST90202594_GCST90202594.filtered.tsv.gz	203420	sha256	4f7016172d8973bcbd53320a0bc270a297ebc6fc07db915e80c57719a1954888	14.9	10.5	25.4
GCST90202595	ok	""	1	0	http://ftp.ebi.ac.uk/pub/databases/gwas/summary_statistics/GCST90202001-GCST90203000/GCST90202595/harmonised/GCST90202595.h.tsv.gz	87273685	4171012	10454	0.002506	0	1	4742	23	5696	/data/opengwasdb/metabolome-plasma-2023/releases/2023-chen-full-east-asian/filtered/GCST90202595_GCST90202595.filtered.tsv.gz	243016	sha256	bc7dd51207fc1334665cb683c682c91ddcfa023df8b72dbf29de9209363d9ed2	16.9	10.9	27.8
GCST90202596	ok	""	1	0	http://ftp.ebi.ac.uk/pub/databases/gwas/summary_statistics/GCST90202001-GCST90203000/GCST90202596/harmonised/GCST90202596.h.tsv.gz	83212265	4185103	5728	0.001369	0	0	0	18	5710	/data/opengwasdb/metabolome-plasma-2023/releases/2023-chen-full-east-asian/filtered/GCST90202596_GCST90202596.filtered.tsv.gz	159770	sha256	f9b2414cb27759a81e2b6b7dc6f199a30bdd81a6ca68ba294d868240413f56ec	12.4	10.8	23.2
GCST90202597	ok	""	1	0	http://ftp.ebi.ac.uk/pub/databases/gwas/summary_statistics/GCST90202001-GCST90203000/GCST90202597/harmonised/GCST90202597.h.tsv.gz	82979313	4171012	11267	0.002701	0	1	5556	22	5696	/data/opengwasdb/metabolome-plasma-2023/releases/2023-chen-full-east-asian/filtered/GCST90202597_GCST90202597.filtered.tsv.gz	248002	sha256	1ed22515045dbc0615093d52fe1564719f536e2610f9d25fa739522e76d683f8	12.3	11	23.4
GCST90202598	ok	""	1	0	http://ftp.ebi.ac.uk/pub/databases/gwas/summary_statistics/GCST90202001-GCST90203000/GCST90202598/harmonised/GCST90202598.h.tsv.gz	82989587	4171012	5711	0.001369	0	0	0	15	5696	/data/opengwasdb/metabolome-plasma-2023/releases/2023-chen-full-east-asian/filtered/GCST90202598_GCST90202598.filtered.tsv.gz	159270	sha256	6c4458c7f31bcaa16d201e4d1d098b531fcf21fa31bf4b0cb8e9451b9890d0e2	11.9	10.7	22.6
GCST90202599	ok	""	1	0	http://ftp.ebi.ac.uk/pub/databases/gwas/summary_statistics/GCST90202001-GCST90203000/GCST90202599/harmonised/GCST90202599.h.tsv.gz	87823585	4204249	11000	0.002616	0	2	5244	25	5741	/data/opengwasdb/metabolome-plasma-2023/releases/2023-chen-full-east-asian/filtered/GCST90202599_GCST90202599.filtered.tsv.gz	264698	sha256	b895a191ae940eb1e9c084abf6b57757628681efae2dcdc27b73f793515b0d9b	12.6	11.4	24
GCST90202600	ok	""	1	0	http://ftp.ebi.ac.uk/pub/databases/gwas/summary_statistics/GCST90202001-GCST90203000/GCST90202600/harmonised/GCST90202600.h.tsv.gz	81198008	4242725	8918	0.002102	0	1	3098	29	5796	/data/opengwasdb/metabolome-plasma-2023/releases/2023-chen-full-east-asian/filtered/GCST90202600_GCST90202600.filtered.tsv.gz	220658	sha256	2e6194f9981b9fb03cd7bc16c634a1939494207e99b689611bb691af7a3c6f8c	12.1	11.1	23.1
GCST90202601	ok	""	1	0	http://ftp.ebi.ac.uk/pub/databases/gwas/summary_statistics/GCST90202001-GCST90203000/GCST90202601/harmonised/GCST90202601.h.tsv.gz	87609513	4188704	9142	0.002183	0	1	3410	19	5717	/data/opengwasdb/metabolome-plasma-2023/releases/2023-chen-full-east-asian/filtered/GCST90202601_GCST90202601.filtered.tsv.gz	220939	sha256	7ccda85fc321d23b8033251ee345932bc5e9cfa79b235bce427c1c2989a0eb07	14.1	12.3	26.4
GCST90202602	ok	""	1	0	http://ftp.ebi.ac.uk/pub/databases/gwas/summary_statistics/GCST90202001-GCST90203000/GCST90202602/harmonised/GCST90202602.h.tsv.gz	82340192	4170787	5719	0.001371	0	0	0	19	5700	/data/opengwasdb/metabolome-plasma-2023/releases/2023-chen-full-east-asian/filtered/GCST90202602_GCST90202602.filtered.tsv.gz	159888	sha256	d8d3bceea1d03f3ec59d05a164021139b5bd83562901f63c3253f600ece369f4	13.2	10.9	24.1
GCST90202603	ok	""	1	0	http://ftp.ebi.ac.uk/pub/databases/gwas/summary_statistics/GCST90202001-GCST90203000/GCST90202603/harmonised/GCST90202603.h.tsv.gz	87266242	4171012	5715	0.00137	0	0	0	19	5696	/data/opengwasdb/metabolome-plasma-2023/releases/2023-chen-full-east-asian/filtered/GCST90202603_GCST90202603.filtered.tsv.gz	159426	sha256	2890dfae34256116128f5d3b26e9f3d507553699d0d0e456363c33eb8f8d2006	15.5	12	27.4
GCST90202604	ok	""	1	0	http://ftp.ebi.ac.uk/pub/databases/gwas/summary_statistics/GCST90202001-GCST90203000/GCST90202604/harmonised/GCST90202604.h.tsv.gz	87292686	4171012	8397	0.002013	0	1	2687	19	5696	/data/opengwasdb/metabolome-plasma-2023/releases/2023-chen-full-east-asian/filtered/GCST90202604_GCST90202604.filtered.tsv.gz	209002	sha256	32536c3e492967eb1e27114407878fb97f3d8427460f76d121d8a5a921af4c3b	19.4	10.9	30.3
GCST90202605	ok	""	1	0	http://ftp.ebi.ac.uk/pub/databases/gwas/summary_statistics/GCST90202001-GCST90203000/GCST90202605/harmonised/GCST90202605.h.tsv.gz	82085169	4157765	5673	0.001364	0	0	0	16	5657	/data/opengwasdb/metabolome-plasma-2023/releases/2023-chen-full-east-asian/filtered/GCST90202605_GCST90202605.filtered.tsv.gz	158591	sha256	950295cfe9a5c6e84c78b04fcda7c48f742fae5d155b5504977827a2c5b145b8	18.2	10.8	29
GCST90202606	ok	""	1	0	http://ftp.ebi.ac.uk/pub/databases/gwas/summary_statistics/GCST90202001-GCST90203000/GCST90202606/harmonised/GCST90202606.h.tsv.gz	83822207	4221112	5787	0.001371	0	0	0	14	5773	/data/opengwasdb/metabolome-plasma-2023/releases/2023-chen-full-east-asian/filtered/GCST90202606_GCST90202606.filtered.tsv.gz	161150	sha256	d55998ee7e6e4ee93d48192077ba011d105bfd63fe08836cdeb436d1a0fb9172	18.3	9.9	28.2
GCST90202607	ok	""	1	0	http://ftp.ebi.ac.uk/pub/databases/gwas/summary_statistics/GCST90202001-GCST90203000/GCST90202607/harmonised/GCST90202607.h.tsv.gz	87284240	4171012	9112	0.002185	0	1	3408	11	5696	/data/opengwasdb/metabolome-plasma-2023/releases/2023-chen-full-east-asian/filtered/GCST90202607_GCST90202607.filtered.tsv.gz	232452	sha256	726cde64808d77aa2b54fcefdb8c2ed74c143797cfa6db09b50854344fc66b76	17.9	10.6	28.5
GCST90202608	ok	""	1	0	http://ftp.ebi.ac.uk/pub/databases/gwas/summary_statistics/GCST90202001-GCST90203000/GCST90202608/harmonised/GCST90202608.h.tsv.gz	84952924	4081998	8278	0.002028	0	1	2707	17	5558	/data/opengwasdb/metabolome-plasma-2023/releases/2023-chen-full-east-asian/filtered/GCST90202608_GCST90202608.filtered.tsv.gz	205798	sha256	3eb455f6317c91e69ce04796582010cab9068db05c2897d54c3c2b5ecee7b308	19.6	11.8	31.4
GCST90202609	ok	""	1	0	http://ftp.ebi.ac.uk/pub/databases/gwas/summary_statistics/GCST90202001-GCST90203000/GCST90202609/harmonised/GCST90202609.h.tsv.gz	77460871	4083802	5576	0.001365	0	0	0	28	5548	/data/opengwasdb/metabolome-plasma-2023/releases/2023-chen-full-east-asian/filtered/GCST90202609_GCST90202609.filtered.tsv.gz	154782	sha256	e8b8e376f49568d0a977269d1afc8ee6d7f95dd8f49a3ec4382668c89905f7d4	18.1	10.3	28.4
GCST90202610	ok	""	1	0	http://ftp.ebi.ac.uk/pub/databases/gwas/summary_statistics/GCST90202001-GCST90203000/GCST90202610/harmonised/GCST90202610.h.tsv.gz	87256495	4171012	12374	0.002967	0	2	6662	22	5696	/data/opengwasdb/metabolome-plasma-2023/releases/2023-chen-full-east-asian/filtered/GCST90202610_GCST90202610.filtered.tsv.gz	296072	sha256	ba4637066d78ceff088a0eb5a1ff21811605a3d71553e67c48b99fa24d180908	20.7	10.3	30.9
GCST90202611	ok	""	1	0	http://ftp.ebi.ac.uk/pub/databases/gwas/summary_statistics/GCST90202001-GCST90203000/GCST90202611/harmonised/GCST90202611.h.tsv.gz	79653649	4068031	13837	0.003401	0	2	8312	17	5520	/data/opengwasdb/metabolome-plasma-2023/releases/2023-chen-full-east-asian/filtered/GCST90202611_GCST90202611.filtered.tsv.gz	320990	sha256	2f79c33f856c16af18d533e7b6014129ebaca011a5b1aafd02028b2ccc9fb6d9	17.3	10.9	28.2
GCST90202612	ok	""	1	0	http://ftp.ebi.ac.uk/pub/databases/gwas/summary_statistics/GCST90202001-GCST90203000/GCST90202612/harmonised/GCST90202612.h.tsv.gz	80173026	4109007	5627	0.001369	0	0	0	23	5604	/data/opengwasdb/metabolome-plasma-2023/releases/2023-chen-full-east-asian/filtered/GCST90202612_GCST90202612.filtered.tsv.gz	157086	sha256	97fcdb06ad90df9fe81178e162495d56883e64a307d5b53624ac593fafc3ec72	16.7	10.8	27.5
GCST90202613	ok	""	1	0	http://ftp.ebi.ac.uk/pub/databases/gwas/summary_statistics/GCST90202001-GCST90203000/GCST90202613/harmonised/GCST90202613.h.tsv.gz	87550289	4189154	5742	0.001371	0	0	0	19	5723	/data/opengwasdb/metabolome-plasma-2023/releases/2023-chen-full-east-asian/filtered/GCST90202613_GCST90202613.filtered.tsv.gz	160151	sha256	be8344c3517432573b986b85b2bcf728dbbef747076855eb264a001ff9208115	18.3	10.9	29.2
GCST90202614	ok	""	1	0	http://ftp.ebi.ac.uk/pub/databases/gwas/summary_statistics/GCST90202001-GCST90203000/GCST90202614/harmonised/GCST90202614.h.tsv.gz	82712017	4077705	5565	0.001365	0	0	0	25	5540	/data/opengwasdb/metabolome-plasma-2023/releases/2023-chen-full-east-asian/filtered/GCST90202614_GCST90202614.filtered.tsv.gz	154761	sha256	033746d93e0acce9bde75f812068f25593735f4633100ac9c2f6ff10b36341e3	17.5	10.1	27.6
GCST90202615	ok	""	1	0	http://ftp.ebi.ac.uk/pub/databases/gwas/summary_statistics/GCST90202001-GCST90203000/GCST90202615/harmonised/GCST90202615.h.tsv.gz	83470985	4203251	5755	0.001369	0	0	0	16	5739	/data/opengwasdb/metabolome-plasma-2023/releases/2023-chen-full-east-asian/filtered/GCST90202615_GCST90202615.filtered.tsv.gz	160311	sha256	9834def3af6f4940bde58d050612c79ae786bd8fc8f34a994e3df7b1e048ad0d	16.2	10.7	26.9
GCST90202616	ok	""	1	0	http://ftp.ebi.ac.uk/pub/databases/gwas/summary_statistics/GCST90202001-GCST90203000/GCST90202616/harmonised/GCST90202616.h.tsv.gz	87236937	4171012	5704	0.001368	0	0	0	8	5696	/data/opengwasdb/metabolome-plasma-2023/releases/2023-chen-full-east-asian/filtered/GCST90202616_GCST90202616.filtered.tsv.gz	158932	sha256	e8663ad1aa0cd2273f3d235614e96884761f82bb19ae922908243c5ca6f77f20	15.8	11.4	27.1
GCST90202617	ok	""	1	0	http://ftp.ebi.ac.uk/pub/databases/gwas/summary_statistics/GCST90202001-GCST90203000/GCST90202617/harmonised/GCST90202617.h.tsv.gz	83234731	4189154	5738	0.00137	0	0	0	15	5723	/data/opengwasdb/metabolome-plasma-2023/releases/2023-chen-full-east-asian/filtered/GCST90202617_GCST90202617.filtered.tsv.gz	159899	sha256	55ed44c04306520d38a20000e74b88ace30b402c30a961f44cd9940524083d19	15.2	12	27.2
GCST90202618	ok	""	1	0	http://ftp.ebi.ac.uk/pub/databases/gwas/summary_statistics/GCST90202001-GCST90203000/GCST90202618/harmonised/GCST90202618.h.tsv.gz	83545977	4204382	5757	0.001369	0	0	0	17	5740	/data/opengwasdb/metabolome-plasma-2023/releases/2023-chen-full-east-asian/filtered/GCST90202618_GCST90202618.filtered.tsv.gz	160579	sha256	678dea03062b9073d65f6977f28dc94ab6c9737eb8cb8efde766d934ea85ed8a	15.4	11.4	26.8
GCST90202619	ok	""	1	0	http://ftp.ebi.ac.uk/pub/databases/gwas/summary_statistics/GCST90202001-GCST90203000/GCST90202619/harmonised/GCST90202619.h.tsv.gz	81473453	4180157	9814	0.002348	0	1	4092	20	5705	/data/opengwasdb/metabolome-plasma-2023/releases/2023-chen-full-east-asian/filtered/GCST90202619_GCST90202619.filtered.tsv.gz	237409	sha256	959e90a60c16b18b18a1635aa8df972a079ae97a1917df24f480ec0143ed58eb	14.4	10.7	25.1
GCST90202620	ok	""	1	0	http://ftp.ebi.ac.uk/pub/databases/gwas/summary_statistics/GCST90202001-GCST90203000/GCST90202620/harmonised/GCST90202620.h.tsv.gz	87741772	4231176	5783	0.001367	0	0	0	13	5770	/data/opengwasdb/metabolome-plasma-2023/releases/2023-chen-full-east-asian/filtered/GCST90202620_GCST90202620.filtered.tsv.gz	161400	sha256	d56e5689e651e787b405c7cf5a5df85caed55da394e984c0d76c419c24a135e0	20.6	10.6	31.2
GCST90202621	ok	""	1	0	http://ftp.ebi.ac.uk/pub/databases/gwas/summary_statistics/GCST90202001-GCST90203000/GCST90202621/harmonised/GCST90202621.h.tsv.gz	84932851	4082135	5566	0.001364	0	0	0	14	5552	/data/opengwasdb/metabolome-plasma-2023/releases/2023-chen-full-east-asian/filtered/GCST90202621_GCST90202621.filtered.tsv.gz	155875	sha256	24238d414540c28a18de50c9e08cedeef516f718f479cc5f89d01c8aeb7fbe60	23.1	10.5	33.6
GCST90202622	ok	""	1	0	http://ftp.ebi.ac.uk/pub/databases/gwas/summary_statistics/GCST90202001-GCST90203000/GCST90202622/harmonised/GCST90202622.h.tsv.gz	87291849	4171012	5708	0.001368	0	0	0	12	5696	/data/opengwasdb/metabolome-plasma-2023/releases/2023-chen-full-east-asian/filtered/GCST90202622_GCST90202622.filtered.tsv.gz	159217	sha256	eb86cf0c6432200b7a1320a4a1331e230b6644a9c0f1586f1df0d5e3b5390a96	22.5	11.8	34.3
GCST90202623	ok	""	1	0	http://ftp.ebi.ac.uk/pub/databases/gwas/summary_statistics/GCST90202001-GCST90203000/GCST90202623/harmonised/GCST90202623.h.tsv.gz	87629293	4188744	5744	0.001371	0	0	0	19	5725	/data/opengwasdb/metabolome-plasma-2023/releases/2023-chen-full-east-asian/filtered/GCST90202623_GCST90202623.filtered.tsv.gz	160213	sha256	c395b49ce5f5cebbba1ee946ebf20e73a7bccde2a190d4032e7235ae4e715968	26.2	11.3	37.4
GCST90202624	ok	""	1	0	http://ftp.ebi.ac.uk/pub/databases/gwas/summary_statistics/GCST90202001-GCST90203000/GCST90202624/harmonised/GCST90202624.h.tsv.gz	87621166	4188203	5734	0.001369	0	0	0	16	5718	/data/opengwasdb/metabolome-plasma-2023/releases/2023-chen-full-east-asian/filtered/GCST90202624_GCST90202624.filtered.tsv.gz	159871	sha256	9e65afc84bbb3d7c19f59005656580a4ca92d9f9d6372e4a512e1392a84f326a	25.7	11.2	36.9
GCST90202625	ok	""	1	0	http://ftp.ebi.ac.uk/pub/databases/gwas/summary_statistics/GCST90202001-GCST90203000/GCST90202625/harmonised/GCST90202625.h.tsv.gz	84013785	4236436	5794	0.001368	0	0	0	8	5786	/data/opengwasdb/metabolome-plasma-2023/releases/2023-chen-full-east-asian/filtered/GCST90202625_GCST90202625.filtered.tsv.gz	161156	sha256	eeb09b37739e81a73a514d46ecd1ba9b740d2f3ceecbb35eb77098da328671c9	24.4	11.1	35.4
GCST90202626	ok	""	1	0	http://ftp.ebi.ac.uk/pub/databases/gwas/summary_statistics/GCST90202001-GCST90203000/GCST90202626/harmonised/GCST90202626.h.tsv.gz	83194294	4223095	5782	0.001369	0	0	0	15	5767	/data/opengwasdb/metabolome-plasma-2023/releases/2023-chen-full-east-asian/filtered/GCST90202626_GCST90202626.filtered.tsv.gz	161424	sha256	208a8d1c92f66436f8aa00e821b8c6608f3eae8dc1964cc0e94c87a0863b1ed4	23.8	10.1	33.9
GCST90202627	ok	""	1	0	http://ftp.ebi.ac.uk/pub/databases/gwas/summary_statistics/GCST90202001-GCST90203000/GCST90202627/harmonised/GCST90202627.h.tsv.gz	83124218	4176280	5727	0.001371	0	0	0	14	5713	/data/opengwasdb/metabolome-plasma-2023/releases/2023-chen-full-east-asian/filtered/GCST90202627_GCST90202627.filtered.tsv.gz	159577	sha256	547e00875b18abbe67a4ad1963be932ff6d208d63f14926fd8d21cdc942c6776	21.1	11.1	32.3
GCST90202628	ok	""	1	0	http://ftp.ebi.ac.uk/pub/databases/gwas/summary_statistics/GCST90202001-GCST90203000/GCST90202628/harmonised/GCST90202628.h.tsv.gz	83436698	4192511	5757	0.001373	0	0	0	21	5736	/data/opengwasdb/metabolome-plasma-2023/releases/2023-chen-full-east-asian/filtered/GCST90202628_GCST90202628.filtered.tsv.gz	160703	sha256	21c85ec2958d49389e9ed40342475d1381750c980cd59404bb36754e9f6d4ced	14.8	9.5	24.3
GCST90202629	ok	""	1	0	http://ftp.ebi.ac.uk/pub/databases/gwas/summary_statistics/GCST90202001-GCST90203000/GCST90202629/harmonised/GCST90202629.h.tsv.gz	84323990	4107355	5636	0.001372	0	0	0	14	5622	/data/opengwasdb/metabolome-plasma-2023/releases/2023-chen-full-east-asian/filtered/GCST90202629_GCST90202629.filtered.tsv.gz	157092	sha256	db892a1be018e1f65b0adb7f411e856bdefed75f7f16d7bd9233fb35799f2057	14.7	9.5	24.2
GCST90202630	ok	""	1	0	http://ftp.ebi.ac.uk/pub/databases/gwas/summary_statistics/GCST90202001-GCST90203000/GCST90202630/harmonised/GCST90202630.h.tsv.gz	86436096	4160293	5678	0.001365	0	0	0	16	5662	/data/opengwasdb/metabolome-plasma-2023/releases/2023-chen-full-east-asian/filtered/GCST90202630_GCST90202630.filtered.tsv.gz	158736	sha256	c00ba95f14748b73c9e0706d6ef071f49e0a6a755e4f8df51aca5194d9a8eed0	16.2	10.9	27.1
GCST90202631	ok	""	1	0	http://ftp.ebi.ac.uk/pub/databases/gwas/summary_statistics/GCST90202001-GCST90203000/GCST90202631/harmonised/GCST90202631.h.tsv.gz	83300659	4188744	9147	0.002184	0	1	3415	12	5725	/data/opengwasdb/metabolome-plasma-2023/releases/2023-chen-full-east-asian/filtered/GCST90202631_GCST90202631.filtered.tsv.gz	218989	sha256	5cd80ad4fef272559d6dfc9e35f4e98e4172f4ef835b7a5f7ff18c8588d8e976	14.7	11.2	25.9
GCST90202632	ok	""	1	0	http://ftp.ebi.ac.uk/pub/databases/gwas/summary_statistics/GCST90202001-GCST90203000/GCST90202632/harmonised/GCST90202632.h.tsv.gz	83334131	4190468	8926	0.00213	0	1	3175	21	5733	/data/opengwasdb/metabolome-plasma-2023/releases/2023-chen-full-east-asian/filtered/GCST90202632_GCST90202632.filtered.tsv.gz	219501	sha256	aba83c1df4485f35a722c5ed1fa8266fca8431f52cdb474e01e350d5ae1869f0	19.4	10.4	29.8
GCST90202633	ok	""	1	0	http://ftp.ebi.ac.uk/pub/databases/gwas/summary_statistics/GCST90202001-GCST90203000/GCST90202633/harmonised/GCST90202633.h.tsv.gz	80163794	4092571	8786	0.002147	0	1	3213	12	5563	/data/opengwasdb/metabolome-plasma-2023/releases/2023-chen-full-east-asian/filtered/GCST90202633_GCST90202633.filtered.tsv.gz	218017	sha256	83a8d98134a8e1fdcb3554e20a453ce8ff537c221dcadc3f0a0c6000d5a92f77	20.1	11	31.1
GCST90202634	ok	""	1	0	http://ftp.ebi.ac.uk/pub/databases/gwas/summary_statistics/GCST90202001-GCST90203000/GCST90202634/harmonised/GCST90202634.h.tsv.gz	84383157	4167614	5674	0.001361	0	0	0	18	5656	/data/opengwasdb/metabolome-plasma-2023/releases/2023-chen-full-east-asian/filtered/GCST90202634_GCST90202634.filtered.tsv.gz	158106	sha256	2ef13acc9859dcc2b610c6ee4b89c56d0cb3b547fea5ed08d13b1d146dfc1233	22.4	10.7	33.1
GCST90202635	ok	""	1	0	http://ftp.ebi.ac.uk/pub/databases/gwas/summary_statistics/GCST90202001-GCST90203000/GCST90202635/harmonised/GCST90202635.h.tsv.gz	86335574	4155744	5671	0.001365	0	0	0	22	5649	/data/opengwasdb/metabolome-plasma-2023/releases/2023-chen-full-east-asian/filtered/GCST90202635_GCST90202635.filtered.tsv.gz	158371	sha256	86f772e103523857992445c456174de513231e5e4c67e13f2f87dfd6ed5b9eb1	23.8	10.6	34.5
GCST90202636	ok	""	1	0	http://ftp.ebi.ac.uk/pub/databases/gwas/summary_statistics/GCST90202001-GCST90203000/GCST90202636/harmonised/GCST90202636.h.tsv.gz	84120451	4244516	5834	0.001374	0	0	0	22	5812	/data/opengwasdb/metabolome-plasma-2023/releases/2023-chen-full-east-asian/filtered/GCST90202636_GCST90202636.filtered.tsv.gz	162001	sha256	1efe96039d4706e0d86f263c2b68c355b826288b79710d934b37e5962d0c45bc	22.5	10.6	33.1
GCST90202637	ok	""	1	0	http://ftp.ebi.ac.uk/pub/databases/gwas/summary_statistics/GCST90202001-GCST90203000/GCST90202637/harmonised/GCST90202637.h.tsv.gz	83427352	4201398	5771	0.001374	0	0	0	26	5745	/data/opengwasdb/metabolome-plasma-2023/releases/2023-chen-full-east-asian/filtered/GCST90202637_GCST90202637.filtered.tsv.gz	160989	sha256	6b2f6d22cc2acac29add1a6f74f4f038b291ed07973716edfb0ae2e6abcc6a92	21.6	9.7	31.3
GCST90202638	ok	""	1	0	http://ftp.ebi.ac.uk/pub/databases/gwas/summary_statistics/GCST90202001-GCST90203000/GCST90202638/harmonised/GCST90202638.h.tsv.gz	86115381	4144187	5665	0.001367	0	0	0	18	5647	/data/opengwasdb/metabolome-plasma-2023/releases/2023-chen-full-east-asian/filtered/GCST90202638_GCST90202638.filtered.tsv.gz	158270	sha256	c32d3d58aecb58611d014f767db204565415944c2c9f24af823752e59b98e83d	20.2	11.2	31.4
GCST90202639	ok	""	1	0	http://ftp.ebi.ac.uk/pub/databases/gwas/summary_statistics/GCST90202001-GCST90203000/GCST90202639/harmonised/GCST90202639.h.tsv.gz	80177705	4171644	10654	0.002554	0	1	4979	19	5660	/data/opengwasdb/metabolome-plasma-2023/releases/2023-chen-full-east-asian/filtered/GCST90202639_GCST90202639.filtered.tsv.gz	251931	sha256	1913fdaa4d582f94fc63688c80d8480770e108ea55dfe735434809547b907a2e	18.3	10.7	29
GCST90202640	ok	""	1	0	http://ftp.ebi.ac.uk/pub/databases/gwas/summary_statistics/GCST90202001-GCST90203000/GCST90202640/harmonised/GCST90202640.h.tsv.gz	87401000	4217468	9688	0.002297	0	1	3885	35	5770	/data/opengwasdb/metabolome-plasma-2023/releases/2023-chen-full-east-asian/filtered/GCST90202640_GCST90202640.filtered.tsv.gz	228369	sha256	56f296b80b9a38c34c0343d9afd9c2716fe3bde6cb5804502759c2e1ba748509	14.1	12.6	26.7
GCST90202641	ok	""	1	0	http://ftp.ebi.ac.uk/pub/databases/gwas/summary_statistics/GCST90202001-GCST90203000/GCST90202641/harmonised/GCST90202641.h.tsv.gz	83050646	4214062	5764	0.001368	0	0	0	9	5755	/data/opengwasdb/metabolome-plasma-2023/releases/2023-chen-full-east-asian/filtered/GCST90202641_GCST90202641.filtered.tsv.gz	161105	sha256	23de034d8790cc72b8c6d6caa7a3395248a8febf505d36807c775e635df4c353	13.1	11.1	24.1
GCST90202642	ok	""	1	0	http://ftp.ebi.ac.uk/pub/databases/gwas/summary_statistics/GCST90202001-GCST90203000/GCST90202642/harmonised/GCST90202642.h.tsv.gz	82182109	4161629	5683	0.001366	0	0	0	19	5664	/data/opengwasdb/metabolome-plasma-2023/releases/2023-chen-full-east-asian/filtered/GCST90202642_GCST90202642.filtered.tsv.gz	158899	sha256	74a4598f6786485328ec90a679e79ec18953acd5c98462d12031fd745f35ab6d	11.8	11	22.8
GCST90202643	ok	""	1	0	http://ftp.ebi.ac.uk/pub/databases/gwas/summary_statistics/GCST90202001-GCST90203000/GCST90202643/harmonised/GCST90202643.h.tsv.gz	82213474	4238883	9092	0.002145	0	1	3304	23	5772	/data/opengwasdb/metabolome-plasma-2023/releases/2023-chen-full-east-asian/filtered/GCST90202643_GCST90202643.filtered.tsv.gz	215597	sha256	7c3814143fb3182f87aaa8d836bef280535d52d0d4bd99caa6168fb37545bcdf	11.9	10	21.9
GCST90202644	ok	""	1	0	http://ftp.ebi.ac.uk/pub/databases/gwas/summary_statistics/GCST90202001-GCST90203000/GCST90202644/harmonised/GCST90202644.h.tsv.gz	83422756	4192186	5751	0.001372	0	0	0	17	5734	/data/opengwasdb/metabolome-plasma-2023/releases/2023-chen-full-east-asian/filtered/GCST90202644_GCST90202644.filtered.tsv.gz	160554	sha256	252d4d4507f190d0071e8f74a8264187ff2e81c3c3b9cf42b903a51768f228fa	12.2	11.2	23.4
GCST90202645	ok	""	1	0	http://ftp.ebi.ac.uk/pub/databases/gwas/summary_statistics/GCST90202001-GCST90203000/GCST90202645/harmonised/GCST90202645.h.tsv.gz	82984841	4171012	5717	0.001371	0	0	0	21	5696	/data/opengwasdb/metabolome-plasma-2023/releases/2023-chen-full-east-asian/filtered/GCST90202645_GCST90202645.filtered.tsv.gz	159440	sha256	a026532f28729dcaadc263e279ad9ee435571ae2c16279acac15e84832755e88	12.3	12.5	24.8
GCST90202646	ok	""	1	0	http://ftp.ebi.ac.uk/pub/databases/gwas/summary_statistics/GCST90202001-GCST90203000/GCST90202646/harmonised/GCST90202646.h.tsv.gz	83209799	4184887	8313	0.001986	0	1	2582	15	5721	/data/opengwasdb/metabolome-plasma-2023/releases/2023-chen-full-east-asian/filtered/GCST90202646_GCST90202646.filtered.tsv.gz	209353	sha256	f73edc4a1a2e9c8b27f7eb20f4f84524a5a4833329c97017888f82401049a0be	12.5	10.5	23
GCST90202647	ok	""	1	0	http://ftp.ebi.ac.uk/pub/databases/gwas/summary_statistics/GCST90202001-GCST90203000/GCST90202647/harmonised/GCST90202647.h.tsv.gz	85052063	4090226	5580	0.001364	0	0	0	31	5549	/data/opengwasdb/metabolome-plasma-2023/releases/2023-chen-full-east-asian/filtered/GCST90202647_GCST90202647.filtered.tsv.gz	156121	sha256	20a99f9b7214e1a84a6dad0896f7dbefe0bd96af432563437b1cae6f2fd746f3	12.1	10.8	22.9
GCST90202648	ok	""	1	0	http://ftp.ebi.ac.uk/pub/databases/gwas/summary_statistics/GCST90202001-GCST90203000/GCST90202648/harmonised/GCST90202648.h.tsv.gz	83524623	4204984	5756	0.001369	0	0	0	14	5742	/data/opengwasdb/metabolome-plasma-2023/releases/2023-chen-full-east-asian/filtered/GCST90202648_GCST90202648.filtered.tsv.gz	160180	sha256	5f6d1b18d755c9fbd356d264b98a94c1183cfeee7d81db8e54df0f91010b7908	9	11.3	20.3
GCST90202649	ok	""	1	0	http://ftp.ebi.ac.uk/pub/databases/gwas/summary_statistics/GCST90202001-GCST90203000/GCST90202649/harmonised/GCST90202649.h.tsv.gz	81155176	4058365	5528	0.001362	0	0	0	13	5515	/data/opengwasdb/metabolome-plasma-2023/releases/2023-chen-full-east-asian/filtered/GCST90202649_GCST90202649.filtered.tsv.gz	153552	sha256	5a4851e620796a4b654a4d36bc69cd89b4964ae93dbd121454b86f340a8b1833	9.1	11.5	20.7
GCST90202650	ok	""	1	0	http://ftp.ebi.ac.uk/pub/databases/gwas/summary_statistics/GCST90202001-GCST90203000/GCST90202650/harmonised/GCST90202650.h.tsv.gz	83321912	4109564	7932	0.00193	0	1	2329	16	5591	/data/opengwasdb/metabolome-plasma-2023/releases/2023-chen-full-east-asian/filtered/GCST90202650_GCST90202650.filtered.tsv.gz	201978	sha256	1220ee514c26f734bb2bd775ca9a56c11fc9851309c35a2dbcb615a19eb7ea97	10.2	10.8	21
GCST90202651	ok	""	1	0	http://ftp.ebi.ac.uk/pub/databases/gwas/summary_statistics/GCST90202001-GCST90203000/GCST90202651/harmonised/GCST90202651.h.tsv.gz	81805299	4141294	9047	0.002185	0	1	3387	16	5649	/data/opengwasdb/metabolome-plasma-2023/releases/2023-chen-full-east-asian/filtered/GCST90202651_GCST90202651.filtered.tsv.gz	216561	sha256	685b7e07db27d8dda0c0e9c10390d7df66762686764546d4a131f2883613aea9	10.1	11.2	21.3
GCST90202652	ok	""	1	0	http://ftp.ebi.ac.uk/pub/databases/gwas/summary_statistics/GCST90202001-GCST90203000/GCST90202652/harmonised/GCST90202652.h.tsv.gz	79572454	4066308	11596	0.002852	0	2	6029	20	5555	/data/opengwasdb/metabolome-plasma-2023/releases/2023-chen-full-east-asian/filtered/GCST90202652_GCST90202652.filtered.tsv.gz	264157	sha256	09ee9b0e5dfc608a9dc87289549f82e6b94e3ff27564a99eded66cef10fdb7a3	9.4	10.6	20.1
GCST90202653	ok	""	1	0	http://ftp.ebi.ac.uk/pub/databases/gwas/summary_statistics/GCST90202001-GCST90203000/GCST90202653/harmonised/GCST90202653.h.tsv.gz	84675229	4122462	5626	0.001365	0	0	0	16	5610	/data/opengwasdb/metabolome-plasma-2023/releases/2023-chen-full-east-asian/filtered/GCST90202653_GCST90202653.filtered.tsv.gz	156807	sha256	d5040ea67463647ac4fea65b575def88e5bbcc36ab0a7db443168e41f34bcc85	11.6	10.7	22.3
GCST90202654	ok	""	1	0	http://ftp.ebi.ac.uk/pub/databases/gwas/summary_statistics/GCST90202001-GCST90203000/GCST90202654/harmonised/GCST90202654.h.tsv.gz	81089922	4095081	5603	0.001368	0	0	0	17	5586	/data/opengwasdb/metabolome-plasma-2023/releases/2023-chen-full-east-asian/filtered/GCST90202654_GCST90202654.filtered.tsv.gz	156929	sha256	b4a0cb30931a045d914afafd8cb652ae0fe5efe1f0405afcf956870cbd12157a	12.4	9.8	22.2
GCST90202655	ok	""	1	0	http://ftp.ebi.ac.uk/pub/databases/gwas/summary_statistics/GCST90202001-GCST90203000/GCST90202655/harmonised/GCST90202655.h.tsv.gz	84285707	4103721	8246	0.002009	0	1	2645	17	5586	/data/opengwasdb/metabolome-plasma-2023/releases/2023-chen-full-east-asian/filtered/GCST90202655_GCST90202655.filtered.tsv.gz	202074	sha256	c18069076866041c1751fec3ebc272be6f7b9af34431276f39f92ce710c96b77	11.5	9.8	21.3
GCST90202656	ok	""	1	0	http://ftp.ebi.ac.uk/pub/databases/gwas/summary_statistics/GCST90202001-GCST90203000/GCST90202656/harmonised/GCST90202656.h.tsv.gz	80447585	4119994	9759	0.002369	0	1	4141	15	5608	/data/opengwasdb/metabolome-plasma-2023/releases/2023-chen-full-east-asian/filtered/GCST90202656_GCST90202656.filtered.tsv.gz	223391	sha256	940a9319543046d7c1243240bd05312202036e64698978aa27edbac69a2200ca	10.7	11.8	22.5
GCST90202657	ok	""	1	0	http://ftp.ebi.ac.uk/pub/databases/gwas/summary_statistics/GCST90202001-GCST90203000/GCST90202657/harmonised/GCST90202657.h.tsv.gz	87522026	4186837	5729	0.001368	0	0	0	13	5716	/data/opengwasdb/metabolome-plasma-2023/releases/2023-chen-full-east-asian/filtered/GCST90202657_GCST90202657.filtered.tsv.gz	159715	sha256	aa34ba190cfc43956428891303a4503cafe01e188a9932df153cff1945bd11fa	11.5	11.3	22.8
GCST90202658	ok	""	1	0	http://ftp.ebi.ac.uk/pub/databases/gwas/summary_statistics/GCST90202001-GCST90203000/GCST90202658/harmonised/GCST90202658.h.tsv.gz	79429793	4043180	5517	0.001365	0	0	0	30	5487	/data/opengwasdb/metabolome-plasma-2023/releases/2023-chen-full-east-asian/filtered/GCST90202658_GCST90202658.filtered.tsv.gz	152766	sha256	2a3a39bf7e0da4084f7495659019ec4ec54e990770e34b795a12eabc8c1e3c1b	10.1	11.1	21.2
GCST90202659	ok	""	1	0	http://ftp.ebi.ac.uk/pub/databases/gwas/summary_statistics/GCST90202001-GCST90203000/GCST90202659/harmonised/GCST90202659.h.tsv.gz	78556324	4074356	5560	0.001365	0	0	0	19	5541	/data/opengwasdb/metabolome-plasma-2023/releases/2023-chen-full-east-asian/filtered/GCST90202659_GCST90202659.filtered.tsv.gz	154809	sha256	f62e9ac8c1cad8855b30fcf8207ab0517a7e8601c80de65013832822ba504dd7	9.9	10.8	20.7
GCST90202660	ok	""	1	0	http://ftp.ebi.ac.uk/pub/databases/gwas/summary_statistics/GCST90202001-GCST90203000/GCST90202660/harmonised/GCST90202660.h.tsv.gz	87622334	4189064	5743	0.001371	0	0	0	19	5724	/data/opengwasdb/metabolome-plasma-2023/releases/2023-chen-full-east-asian/filtered/GCST90202660_GCST90202660.filtered.tsv.gz	160119	sha256	9aa2bd744330ff3521e42676740b96985357d387a96818b073927c8ec8fae7e8	17.5	11.1	28.5
GCST90202661	ok	""	1	0	http://ftp.ebi.ac.uk/pub/databases/gwas/summary_statistics/GCST90202001-GCST90203000/GCST90202661/harmonised/GCST90202661.h.tsv.gz	83006673	4171012	5708	0.001368	0	0	0	12	5696	/data/opengwasdb/metabolome-plasma-2023/releases/2023-chen-full-east-asian/filtered/GCST90202661_GCST90202661.filtered.tsv.gz	159345	sha256	27d3f61fb045a4cfb81dcbbb73885b088e75c7b9aae8f8c8026d3bc8188d4aec	14.9	11.4	26.3
GCST90202662	ok	""	1	0	http://ftp.ebi.ac.uk/pub/databases/gwas/summary_statistics/GCST90202001-GCST90203000/GCST90202662/harmonised/GCST90202662.h.tsv.gz	87595883	4187419	5753	0.001374	0	0	0	21	5732	/data/opengwasdb/metabolome-plasma-2023/releases/2023-chen-full-east-asian/filtered/GCST90202662_GCST90202662.filtered.tsv.gz	160564	sha256	e7c34d55f900b88798d2242627f755dc3c581f76ad41ee5ecf7c06122818a094	15.8	11.5	27.2
GCST90202663	ok	""	1	0	http://ftp.ebi.ac.uk/pub/databases/gwas/summary_statistics/GCST90202001-GCST90203000/GCST90202663/harmonised/GCST90202663.h.tsv.gz	87635547	4188676	5739	0.00137	0	0	0	22	5717	/data/opengwasdb/metabolome-plasma-2023/releases/2023-chen-full-east-asian/filtered/GCST90202663_GCST90202663.filtered.tsv.gz	160065	sha256	cfbe58e715fc07f761edbcbdcd170c11cccb870572d4e2d25571de655581e7fe	15.3	10.9	26.2
GCST90202664	ok	""	1	0	http://ftp.ebi.ac.uk/pub/databases/gwas/summary_statistics/GCST90202001-GCST90203000/GCST90202664/harmonised/GCST90202664.h.tsv.gz	80980698	4159544	5683	0.001366	0	0	0	12	5671	/data/opengwasdb/metabolome-plasma-2023/releases/2023-chen-full-east-asian/filtered/GCST90202664_GCST90202664.filtered.tsv.gz	158285	sha256	4ec2c3fa52d4b8f6b4f8d841931db15e4efb616141cdde832eb9077763419a5a	11.3	11	22.3
GCST90202665	ok	""	1	0	http://ftp.ebi.ac.uk/pub/databases/gwas/summary_statistics/GCST90202001-GCST90203000/GCST90202665/harmonised/GCST90202665.h.tsv.gz	85952329	4199627	7978	0.0019	0	1	2202	26	5752	/data/opengwasdb/metabolome-plasma-2023/releases/2023-chen-full-east-asian/filtered/GCST90202665_GCST90202665.filtered.tsv.gz	205028	sha256	fe4400574395743f59a247b1422568b3da1130b22b22ff1ff00e7f6151e88320	11.7	10.6	22.3
GCST90202666	ok	""	1	0	http://ftp.ebi.ac.uk/pub/databases/gwas/summary_statistics/GCST90202001-GCST90203000/GCST90202666/harmonised/GCST90202666.h.tsv.gz	83304262	4210237	9759	0.002318	0	1	3981	38	5742	/data/opengwasdb/metabolome-plasma-2023/releases/2023-chen-full-east-asian/filtered/GCST90202666_GCST90202666.filtered.tsv.gz	226250	sha256	e00b726b61ae8a1bdd671da6b2421a0b181716c6d32c3d16c287726c169787d5	12.2	10.9	23.1
GCST90202667	ok	""	1	0	http://ftp.ebi.ac.uk/pub/databases/gwas/summary_statistics/GCST90202001-GCST90203000/GCST90202667/harmonised/GCST90202667.h.tsv.gz	83708317	4238245	5833	0.001376	0	0	0	13	5820	/data/opengwasdb/metabolome-plasma-2023/releases/2023-chen-full-east-asian/filtered/GCST90202667_GCST90202667.filtered.tsv.gz	162274	sha256	13ad650fc320ec275cfcd3411b2cb93803eb8130e928739d012e42780e87310a	11	11	22
GCST90202668	ok	""	1	0	http://ftp.ebi.ac.uk/pub/databases/gwas/summary_statistics/GCST90202001-GCST90203000/GCST90202668/harmonised/GCST90202668.h.tsv.gz	87764937	4202981	5764	0.001371	0	0	0	17	5747	/data/opengwasdb/metabolome-plasma-2023/releases/2023-chen-full-east-asian/filtered/GCST90202668_GCST90202668.filtered.tsv.gz	160425	sha256	c15b2b8be8c1e8af56f8d4c1bbb5cf98bbd23f60cdb55dc442e4da87b9db8077	11.8	11	22.7
GCST90202669	ok	""	1	0	http://ftp.ebi.ac.uk/pub/databases/gwas/summary_statistics/GCST90202001-GCST90203000/GCST90202669/harmonised/GCST90202669.h.tsv.gz	83239102	4186837	5732	0.001369	0	0	0	16	5716	/data/opengwasdb/metabolome-plasma-2023/releases/2023-chen-full-east-asian/filtered/GCST90202669_GCST90202669.filtered.tsv.gz	159864	sha256	4e72c0f043080e39b18702594cc5ee74a8ee88373d1a3df5818f0e1e4c22f461	11.4	11	22.4
GCST90202670	ok	""	1	0	http://ftp.ebi.ac.uk/pub/databases/gwas/summary_statistics/GCST90202001-GCST90203000/GCST90202670/harmonised/GCST90202670.h.tsv.gz	87527988	4186837	7882	0.001883	0	1	2157	14	5716	/data/opengwasdb/metabolome-plasma-2023/releases/2023-chen-full-east-asian/filtered/GCST90202670_GCST90202670.filtered.tsv.gz	204159	sha256	86b8c3880bef0b696f6b260232c878210422633123e3617b1a638787ebab5b17	12.4	11.4	23.8
GCST90202671	ok	""	1	0	http://ftp.ebi.ac.uk/pub/databases/gwas/summary_statistics/GCST90202001-GCST90203000/GCST90202671/harmonised/GCST90202671.h.tsv.gz	87270876	4171012	5714	0.00137	0	0	0	18	5696	/data/opengwasdb/metabolome-plasma-2023/releases/2023-chen-full-east-asian/filtered/GCST90202671_GCST90202671.filtered.tsv.gz	159362	sha256	9c56d6073a568d7e0484e327bbb58cc134603c5611b10fc35b736d62c68d6853	12.4	11.4	23.8
GCST90202672	ok	""	1	0	http://ftp.ebi.ac.uk/pub/databases/gwas/summary_statistics/GCST90202001-GCST90203000/GCST90202672/harmonised/GCST90202672.h.tsv.gz	83965932	4235729	8830	0.002085	0	1	3026	23	5784	/data/opengwasdb/metabolome-plasma-2023/releases/2023-chen-full-east-asian/filtered/GCST90202672_GCST90202672.filtered.tsv.gz	219080	sha256	3256ea4ac6ebebef49cf5d73854440d169e82785b92786802564e0e0bd68eab0	9.1	12.1	21.2
GCST90202673	ok	""	1	0	http://ftp.ebi.ac.uk/pub/databases/gwas/summary_statistics/GCST90202001-GCST90203000/GCST90202673/harmonised/GCST90202673.h.tsv.gz	84380954	4106292	5608	0.001366	0	0	0	16	5592	/data/opengwasdb/metabolome-plasma-2023/releases/2023-chen-full-east-asian/filtered/GCST90202673_GCST90202673.filtered.tsv.gz	156310	sha256	f03a5aa79401195252ffe4de82daacbf9b0ad1bc7c9367f6617606dc145022f2	10.8	9.6	20.5
GCST90202674	ok	""	1	0	http://ftp.ebi.ac.uk/pub/databases/gwas/summary_statistics/GCST90202001-GCST90203000/GCST90202674/harmonised/GCST90202674.h.tsv.gz	86299136	4173671	5708	0.001368	0	0	0	14	5694	/data/opengwasdb/metabolome-plasma-2023/releases/2023-chen-full-east-asian/filtered/GCST90202674_GCST90202674.filtered.tsv.gz	159519	sha256	37b809309b2fd6b40f13f190240cf3909b403c9fbe72315705d68bddf3619cd6	11	11.2	22.2
GCST90202675	ok	""	1	0	http://ftp.ebi.ac.uk/pub/databases/gwas/summary_statistics/GCST90202001-GCST90203000/GCST90202675/harmonised/GCST90202675.h.tsv.gz	87556407	4186251	5724	0.001367	0	0	0	14	5710	/data/opengwasdb/metabolome-plasma-2023/releases/2023-chen-full-east-asian/filtered/GCST90202675_GCST90202675.filtered.tsv.gz	159734	sha256	1eb57d93132582f682c32beb05adf50c919d38d89799877422822e38ed8ed5d9	11.2	11.4	22.5
GCST90202676	ok	""	1	0	http://ftp.ebi.ac.uk/pub/databases/gwas/summary_statistics/GCST90202001-GCST90203000/GCST90202676/harmonised/GCST90202676.h.tsv.gz	80652249	4136365	5633	0.001362	0	0	0	18	5615	/data/opengwasdb/metabolome-plasma-2023/releases/2023-chen-full-east-asian/filtered/GCST90202676_GCST90202676.filtered.tsv.gz	157056	sha256	a2daaf7253b121e58fcd3a9b59d82bb6cfbdd53c4c57a1a9c7d32a6644cd37c0	7.9	11.3	19.1
GCST90202677	ok	""	1	0	http://ftp.ebi.ac.uk/pub/databases/gwas/summary_statistics/GCST90202001-GCST90203000/GCST90202677/harmonised/GCST90202677.h.tsv.gz	87837112	4202271	5765	0.001372	0	0	0	18	5747	/data/opengwasdb/metabolome-plasma-2023/releases/2023-chen-full-east-asian/filtered/GCST90202677_GCST90202677.filtered.tsv.gz	160813	sha256	a698a4d26d14cd3b600743b38a8a6e75de7f5b0e519dec180e56a566005ad55d	9.5	11.3	20.7
GCST90202678	ok	""	1	0	http://ftp.ebi.ac.uk/pub/databases/gwas/summary_statistics/GCST90202001-GCST90203000/GCST90202678/harmonised/GCST90202678.h.tsv.gz	85858659	4135646	5648	0.001366	0	0	0	13	5635	/data/opengwasdb/metabolome-plasma-2023/releases/2023-chen-full-east-asian/filtered/GCST90202678_GCST90202678.filtered.tsv.gz	157669	sha256	69cb253c4c9df5d41c0ce0b823313d2c742e3d80dd7377bf24f192caf890a305	9.5	12.2	21.7
GCST90202679	ok	""	1	0	http://ftp.ebi.ac.uk/pub/databases/gwas/summary_statistics/GCST90202001-GCST90203000/GCST90202679/harmonised/GCST90202679.h.tsv.gz	87290195	4171012	5712	0.001369	0	0	0	16	5696	/data/opengwasdb/metabolome-plasma-2023/releases/2023-chen-full-east-asian/filtered/GCST90202679_GCST90202679.filtered.tsv.gz	159362	sha256	91e874b9d07c595d3bb764b49d504ea91857331d76901c6ab4e0bbb3cceaeca6	10	10.6	20.6
GCST90202680	ok	""	1	0	http://ftp.ebi.ac.uk/pub/databases/gwas/summary_statistics/GCST90202001-GCST90203000/GCST90202680/harmonised/GCST90202680.h.tsv.gz	87600716	4187902	5751	0.001373	0	0	0	22	5729	/data/opengwasdb/metabolome-plasma-2023/releases/2023-chen-full-east-asian/filtered/GCST90202680_GCST90202680.filtered.tsv.gz	160301	sha256	c0d934ac9b37985e4c7e5d709ad684df0add2e9af045efe3187818fe517ea91d	9.7	10.7	20.4
GCST90202681	ok	""	1	0	http://ftp.ebi.ac.uk/pub/databases/gwas/summary_statistics/GCST90202001-GCST90203000/GCST90202681/harmonised/GCST90202681.h.tsv.gz	86658466	4174002	5711	0.001368	0	0	0	19	5692	/data/opengwasdb/metabolome-plasma-2023/releases/2023-chen-full-east-asian/filtered/GCST90202681_GCST90202681.filtered.tsv.gz	159758	sha256	d42d6cc657c9592d3ee7b593e1ca5898c2e5d56fe2738b116b6196ef6f914806	13.9	10.6	24.6
GCST90202682	ok	""	1	0	http://ftp.ebi.ac.uk/pub/databases/gwas/summary_statistics/GCST90202001-GCST90203000/GCST90202682/harmonised/GCST90202682.h.tsv.gz	87266266	4171012	5721	0.001372	0	0	0	25	5696	/data/opengwasdb/metabolome-plasma-2023/releases/2023-chen-full-east-asian/filtered/GCST90202682_GCST90202682.filtered.tsv.gz	159646	sha256	0d4c5ac4110e9c4e9bb3b933fc544f5bcd462f37179f351ad8faf0b054c4d0de	15.2	11.2	26.4
GCST90202683	ok	""	1	0	http://ftp.ebi.ac.uk/pub/databases/gwas/summary_statistics/GCST90202001-GCST90203000/GCST90202683/harmonised/GCST90202683.h.tsv.gz	83298614	4187902	8181	0.001953	0	1	2438	18	5729	/data/opengwasdb/metabolome-plasma-2023/releases/2023-chen-full-east-asian/filtered/GCST90202683_GCST90202683.filtered.tsv.gz	208037	sha256	3783c20e0c1a57535c2fee4b7862cc2d09ac241f9143fa33b6783ae8b4124b8f	15	10.8	25.7
GCST90202684	ok	""	1	0	http://ftp.ebi.ac.uk/pub/databases/gwas/summary_statistics/GCST90202001-GCST90203000/GCST90202684/harmonised/GCST90202684.h.tsv.gz	87371760	4213181	5786	0.001373	0	0	0	22	5764	/data/opengwasdb/metabolome-plasma-2023/releases/2023-chen-full-east-asian/filtered/GCST90202684_GCST90202684.filtered.tsv.gz	161516	sha256	6be3454e92a9f4fb97b93dc583e777eedb11a6eab3ebf0f1d6cac32840eecbe5	10.2	11.2	21.4
GCST90202685	ok	""	1	0	http://ftp.ebi.ac.uk/pub/databases/gwas/summary_statistics/GCST90202001-GCST90203000/GCST90202685/harmonised/GCST90202685.h.tsv.gz	85607310	4120556	5626	0.001365	0	0	0	29	5597	/data/opengwasdb/metabolome-plasma-2023/releases/2023-chen-full-east-asian/filtered/GCST90202685_GCST90202685.filtered.tsv.gz	157392	sha256	806f17eb30ce8b63e16c581d690b1b38959c11f580ffd13e140e4d178b80542e	11.4	11	22.5
GCST90202686	ok	""	1	0	http://ftp.ebi.ac.uk/pub/databases/gwas/summary_statistics/GCST90202001-GCST90203000/GCST90202686/harmonised/GCST90202686.h.tsv.gz	87226223	4171012	9982	0.002393	0	1	4267	23	5696	/data/opengwasdb/metabolome-plasma-2023/releases/2023-chen-full-east-asian/filtered/GCST90202686_GCST90202686.filtered.tsv.gz	242451	sha256	f4f6cc67ad898f77d3dcb7c3acef0c697db6cd657abd53425389a0717f7a176a	12.2	11.5	23.7
GCST90202687	ok	""	1	0	http://ftp.ebi.ac.uk/pub/databases/gwas/summary_statistics/GCST90202001-GCST90203000/GCST90202687/harmonised/GCST90202687.h.tsv.gz	87585230	4186837	7934	0.001895	0	1	2212	12	5716	/data/opengwasdb/metabolome-plasma-2023/releases/2023-chen-full-east-asian/filtered/GCST90202687_GCST90202687.filtered.tsv.gz	201456	sha256	c71f522ec4b47ec67d9d3b67dd72d0b6da7cda240d9c431dba3ee0c4e1645e5e	12.3	9.8	22.1
GCST90202688	ok	""	1	0	http://ftp.ebi.ac.uk/pub/databases/gwas/summary_statistics/GCST90202001-GCST90203000/GCST90202688/harmonised/GCST90202688.h.tsv.gz	87419687	4214710	5789	0.001374	0	0	0	19	5770	/data/opengwasdb/metabolome-plasma-2023/releases/2023-chen-full-east-asian/filtered/GCST90202688_GCST90202688.filtered.tsv.gz	161650	sha256	23dadb8cbe46c408e746462adea0650aeab60b150c57ba801d351bfe5961b3c3	10.3	10.8	21
GCST90202689	ok	""	1	0	http://ftp.ebi.ac.uk/pub/databases/gwas/summary_statistics/GCST90202001-GCST90203000/GCST90202689/harmonised/GCST90202689.h.tsv.gz	87280317	4171012	5710	0.001369	0	0	0	14	5696	/data/opengwasdb/metabolome-plasma-2023/releases/2023-chen-full-east-asian/filtered/GCST90202689_GCST90202689.filtered.tsv.gz	159172	sha256	e36efdc6528b4b6a9429fc67e9542de116884d1675f583ca2aff5f78606ce494	9.9	10.7	20.6
GCST90202690	ok	""	1	0	http://ftp.ebi.ac.uk/pub/databases/gwas/summary_statistics/GCST90202001-GCST90203000/GCST90202690/harmonised/GCST90202690.h.tsv.gz	83002888	4171012	8737	0.002095	0	1	3031	17	5696	/data/opengwasdb/metabolome-plasma-2023/releases/2023-chen-full-east-asian/filtered/GCST90202690_GCST90202690.filtered.tsv.gz	217529	sha256	e4a289007d4dcf002e39532626699b51f2ce7b99e2691bb32b335ca6e1a38a1d	9.5	12.3	21.8
GCST90202691	ok	""	1	0	http://ftp.ebi.ac.uk/pub/databases/gwas/summary_statistics/GCST90202001-GCST90203000/GCST90202691/harmonised/GCST90202691.h.tsv.gz	83804123	4219996	5797	0.001374	0	0	0	23	5774	/data/opengwasdb/metabolome-plasma-2023/releases/2023-chen-full-east-asian/filtered/GCST90202691_GCST90202691.filtered.tsv.gz	161170	sha256	00567ea62faa6d27917984a8c7e33edd6e342f7cb1ace0ced000a1f075cd578d	9.2	10.8	20
GCST90202692	ok	""	1	0	http://ftp.ebi.ac.uk/pub/databases/gwas/summary_statistics/GCST90202001-GCST90203000/GCST90202692/harmonised/GCST90202692.h.tsv.gz	83305512	4189330	8670	0.00207	0	1	2937	15	5720	/data/opengwasdb/metabolome-plasma-2023/releases/2023-chen-full-east-asian/filtered/GCST90202692_GCST90202692.filtered.tsv.gz	212371	sha256	f81426ede2c302216b963a00ebddd2e77668b9d0fd3c01f1cab11fd1286b359f	9.1	10.6	19.7
GCST90202693	ok	""	1	0	http://ftp.ebi.ac.uk/pub/databases/gwas/summary_statistics/GCST90202001-GCST90203000/GCST90202693/harmonised/GCST90202693.h.tsv.gz	85425514	4105867	8018	0.001953	0	1	2399	31	5590	/data/opengwasdb/metabolome-plasma-2023/releases/2023-chen-full-east-asian/filtered/GCST90202693_GCST90202693.filtered.tsv.gz	204146	sha256	673aafeea412e6031eab80b63b1710219d9de1a59fa05dd385af5e1322a939fb	8.3	10.2	18.5
GCST90202694	ok	""	1	0	http://ftp.ebi.ac.uk/pub/databases/gwas/summary_statistics/GCST90202001-GCST90203000/GCST90202694/harmonised/GCST90202694.h.tsv.gz	83011237	4171012	8892	0.002132	0	1	3185	15	5696	/data/opengwasdb/metabolome-plasma-2023/releases/2023-chen-full-east-asian/filtered/GCST90202694_GCST90202694.filtered.tsv.gz	218382	sha256	6a104d06de9bfbe03cc06b573323ebb2b9f3ecc972c8097b4b2f90a2a36ee361	9.5	10.8	20.3
GCST90202695	ok	""	1	0	http://ftp.ebi.ac.uk/pub/databases/gwas/summary_statistics/GCST90202001-GCST90203000/GCST90202695/harmonised/GCST90202695.h.tsv.gz	80089911	4262432	11822	0.002774	0	2	5962	32	5840	/data/opengwasdb/metabolome-plasma-2023/releases/2023-chen-full-east-asian/filtered/GCST90202695_GCST90202695.filtered.tsv.gz	270871	sha256	9d2eea328177f0d96fc0afbcf87b9fb3d4ed42e7eb996975c4b0f7e5510d1cf8	9.3	12.2	21.5
GCST90202696	ok	""	1	0	http://ftp.ebi.ac.uk/pub/databases/gwas/summary_statistics/GCST90202001-GCST90203000/GCST90202696/harmonised/GCST90202696.h.tsv.gz	83503149	4236211	5812	0.001372	0	0	0	20	5792	/data/opengwasdb/metabolome-plasma-2023/releases/2023-chen-full-east-asian/filtered/GCST90202696_GCST90202696.filtered.tsv.gz	162352	sha256	e39b50286e202937979310a095c406422069a1e4de149fe6534b3d7c729ced04	8.8	10.9	19.7
GCST90202697	ok	""	1	0	http://ftp.ebi.ac.uk/pub/databases/gwas/summary_statistics/GCST90202001-GCST90203000/GCST90202697/harmonised/GCST90202697.h.tsv.gz	87293804	4171012	8281	0.001985	0	1	2573	16	5696	/data/opengwasdb/metabolome-plasma-2023/releases/2023-chen-full-east-asian/filtered/GCST90202697_GCST90202697.filtered.tsv.gz	209785	sha256	2246b13a906e525187947b73b0346d90cea146624c02c8f22e47fbfe28b0ebfa	9.3	10.3	19.6
GCST90202698	ok	""	1	0	http://ftp.ebi.ac.uk/pub/databases/gwas/summary_statistics/GCST90202001-GCST90203000/GCST90202698/harmonised/GCST90202698.h.tsv.gz	83276118	4187902	8020	0.001915	0	1	2280	19	5729	/data/opengwasdb/metabolome-plasma-2023/releases/2023-chen-full-east-asian/filtered/GCST90202698_GCST90202698.filtered.tsv.gz	204228	sha256	47e7591816f6f7aec94ae4dd27875168a288b27bdaca3fb717c0c013385c28e7	14.8	10.5	25.3
GCST90202699	ok	""	1	0	http://ftp.ebi.ac.uk/pub/databases/gwas/summary_statistics/GCST90202001-GCST90203000/GCST90202699/harmonised/GCST90202699.h.tsv.gz	82990854	4171012	5702	0.001367	0	0	0	6	5696	/data/opengwasdb/metabolome-plasma-2023/releases/2023-chen-full-east-asian/filtered/GCST90202699_GCST90202699.filtered.tsv.gz	158923	sha256	8259217213b0459ed8901f05dea6fc6ba264c735489fc9770082dbd254505eae	15.4	11.5	27
GCST90202700	ok	""	1	0	http://ftp.ebi.ac.uk/pub/databases/gwas/summary_statistics/GCST90202001-GCST90203000/GCST90202700/harmonised/GCST90202700.h.tsv.gz	87955843	4208469	5768	0.001371	0	0	0	17	5751	/data/opengwasdb/metabolome-plasma-2023/releases/2023-chen-full-east-asian/filtered/GCST90202700_GCST90202700.filtered.tsv.gz	160813	sha256	133bfe88178c0915d95b55153cbe5a24c230861521fb5b8a7f260c5aea9adc57	15.5	10.8	26.3
GCST90202701	ok	""	1	0	http://ftp.ebi.ac.uk/pub/databases/gwas/summary_statistics/GCST90202001-GCST90203000/GCST90202701/harmonised/GCST90202701.h.tsv.gz	87584927	4187902	5756	0.001374	0	0	0	27	5729	/data/opengwasdb/metabolome-plasma-2023/releases/2023-chen-full-east-asian/filtered/GCST90202701_GCST90202701.filtered.tsv.gz	160562	sha256	28be4b33c706e9938da88c4400a1475707028c72be298145fe57aad001c551c4	14.7	10.4	25.1
GCST90202702	ok	""	1	0	http://ftp.ebi.ac.uk/pub/databases/gwas/summary_statistics/GCST90202001-GCST90203000/GCST90202702/harmonised/GCST90202702.h.tsv.gz	88047098	4251913	5826	0.00137	0	0	0	19	5807	/data/opengwasdb/metabolome-plasma-2023/releases/2023-chen-full-east-asian/filtered/GCST90202702_GCST90202702.filtered.tsv.gz	162623	sha256	449e8c5c4149a5370cd123f2be48f88d465eb1cbdd355809052a1cab370b20fd	21.1	11.1	32.2
GCST90202703	ok	""	1	0	http://ftp.ebi.ac.uk/pub/databases/gwas/summary_statistics/GCST90202001-GCST90203000/GCST90202703/harmonised/GCST90202703.h.tsv.gz	87595332	4187902	11103	0.002651	0	2	5362	18	5729	/data/opengwasdb/metabolome-plasma-2023/releases/2023-chen-full-east-asian/filtered/GCST90202703_GCST90202703.filtered.tsv.gz	264677	sha256	b2c62e9c35d8df2ce245e57b4a50034dbce6f027e9563a811377eb60ca1e2057	21.8	12.4	34.3
GCST90202704	ok	""	1	0	http://ftp.ebi.ac.uk/pub/databases/gwas/summary_statistics/GCST90202001-GCST90203000/GCST90202704/harmonised/GCST90202704.h.tsv.gz	82951647	4206408	5757	0.001369	0	0	0	17	5740	/data/opengwasdb/metabolome-plasma-2023/releases/2023-chen-full-east-asian/filtered/GCST90202704_GCST90202704.filtered.tsv.gz	160659	sha256	da1da618d4ee32ae04fb23798ea7d6a34188afe1341ce8c6d16057b95b1682ed	20.6	11.1	31.7
GCST90202705	ok	""	1	0	http://ftp.ebi.ac.uk/pub/databases/gwas/summary_statistics/GCST90202001-GCST90203000/GCST90202705/harmonised/GCST90202705.h.tsv.gz	79697890	4072364	7756	0.001905	0	1	2226	21	5514	/data/opengwasdb/metabolome-plasma-2023/releases/2023-chen-full-east-asian/filtered/GCST90202705_GCST90202705.filtered.tsv.gz	197075	sha256	c7b631b4d11af0636d8a24654e0f6b5587841a1ccc502eba285ffbbf91135863	19.1	11.7	30.8
GCST90202706	ok	""	1	0	http://ftp.ebi.ac.uk/pub/databases/gwas/summary_statistics/GCST90202001-GCST90203000/GCST90202706/harmonised/GCST90202706.h.tsv.gz	87625294	4188452	7970	0.001903	0	1	2223	34	5714	/data/opengwasdb/metabolome-plasma-2023/releases/2023-chen-full-east-asian/filtered/GCST90202706_GCST90202706.filtered.tsv.gz	205245	sha256	a00e41ec6076f55387a543e5efff1ac9343dd5a522caad3bcaa38fe7910b99b9	19.8	10.7	30.5
GCST90202707	ok	""	1	0	http://ftp.ebi.ac.uk/pub/databases/gwas/summary_statistics/GCST90202001-GCST90203000/GCST90202707/harmonised/GCST90202707.h.tsv.gz	87934292	4207236	5760	0.001369	0	0	0	14	5746	/data/opengwasdb/metabolome-plasma-2023/releases/2023-chen-full-east-asian/filtered/GCST90202707_GCST90202707.filtered.tsv.gz	160495	sha256	de169425aa04f4e4cec1cb542eede050a612a5b6a42c2f75f693b3259a84b007	20.1	11.2	31.3
GCST90202708	ok	""	1	0	http://ftp.ebi.ac.uk/pub/databases/gwas/summary_statistics/GCST90202001-GCST90203000/GCST90202708/harmonised/GCST90202708.h.tsv.gz	87260435	4171012	9371	0.002247	0	1	3654	28	5696	/data/opengwasdb/metabolome-plasma-2023/releases/2023-chen-full-east-asian/filtered/GCST90202708_GCST90202708.filtered.tsv.gz	227896	sha256	bb780b9e54f770d67e69a6c31e29257bbe5f7f7a843bf85b0da1e2141973337e	19.7	11	30.7
GCST90202709	ok	""	1	0	http://ftp.ebi.ac.uk/pub/databases/gwas/summary_statistics/GCST90202001-GCST90203000/GCST90202709/harmonised/GCST90202709.h.tsv.gz	83288078	4188209	5738	0.00137	0	0	0	13	5725	/data/opengwasdb/metabolome-plasma-2023/releases/2023-chen-full-east-asian/filtered/GCST90202709_GCST90202709.filtered.tsv.gz	160177	sha256	7148ded0ea82fe362048411871d9f74b1d61296a224c08956a4655b8ae000600	17.5	10	27.5
GCST90202710	ok	""	1	0	http://ftp.ebi.ac.uk/pub/databases/gwas/summary_statistics/GCST90202001-GCST90203000/GCST90202710/harmonised/GCST90202710.h.tsv.gz	87824855	4202082	5766	0.001372	0	0	0	17	5749	/data/opengwasdb/metabolome-plasma-2023/releases/2023-chen-full-east-asian/filtered/GCST90202710_GCST90202710.filtered.tsv.gz	160678	sha256	dd4b9da51cc71ee3b51f1dd57e8d417443e117803437a698ca01a9e10f5a6458	25.5	11.4	36.9
GCST90202711	ok	""	1	0	http://ftp.ebi.ac.uk/pub/databases/gwas/summary_statistics/GCST90202001-GCST90203000/GCST90202711/harmonised/GCST90202711.h.tsv.gz	82990777	4171012	5712	0.001369	0	0	0	16	5696	/data/opengwasdb/metabolome-plasma-2023/releases/2023-chen-full-east-asian/filtered/GCST90202711_GCST90202711.filtered.tsv.gz	159292	sha256	8c9fbf4fb2a3f6756b4e6234b145ebd6b25264ff5797a6306df878ef4c2388ba	25.5	11.7	37.1
GCST90202712	ok	""	1	0	http://ftp.ebi.ac.uk/pub/databases/gwas/summary_statistics/GCST90202001-GCST90203000/GCST90202712/harmonised/GCST90202712.h.tsv.gz	87293991	4171012	5711	0.001369	0	0	0	15	5696	/data/opengwasdb/metabolome-plasma-2023/releases/2023-chen-full-east-asian/filtered/GCST90202712_GCST90202712.filtered.tsv.gz	159288	sha256	a8fb9a571a50e74758ddafcfac9fdd83933ccc561de61954323f88b8c94ec0f1	26.6	10.1	36.6
GCST90202713	ok	""	1	0	http://ftp.ebi.ac.uk/pub/databases/gwas/summary_statistics/GCST90202001-GCST90203000/GCST90202713/harmonised/GCST90202713.h.tsv.gz	82984896	4171012	5711	0.001369	0	0	0	15	5696	/data/opengwasdb/metabolome-plasma-2023/releases/2023-chen-full-east-asian/filtered/GCST90202713_GCST90202713.filtered.tsv.gz	159475	sha256	732fea581088aded905b1ae5f91ebbcc3888a02400d086faf7d2cf76e7b50986	25.9	11.7	37.6
GCST90202714	ok	""	1	0	http://ftp.ebi.ac.uk/pub/databases/gwas/summary_statistics/GCST90202001-GCST90203000/GCST90202714/harmonised/GCST90202714.h.tsv.gz	83846768	4222722	5800	0.001374	0	0	0	27	5773	/data/opengwasdb/metabolome-plasma-2023/releases/2023-chen-full-east-asian/filtered/GCST90202714_GCST90202714.filtered.tsv.gz	161545	sha256	3d7c2824ff30950d10db1b7a63a4dc4b350e5b671e9390dd43b06072a891abe5	22.2	10.5	32.7
GCST90202715	ok	""	1	0	http://ftp.ebi.ac.uk/pub/databases/gwas/summary_statistics/GCST90202001-GCST90203000/GCST90202715/harmonised/GCST90202715.h.tsv.gz	87784115	4200863	5761	0.001371	0	0	0	20	5741	/data/opengwasdb/metabolome-plasma-2023/releases/2023-chen-full-east-asian/filtered/GCST90202715_GCST90202715.filtered.tsv.gz	160599	sha256	49598ce09d1b165bc6165fd86d92cb5a9a26d41b15802f41994221d88c21f5b1	24	11.2	35.3
GCST90202716	ok	""	1	0	http://ftp.ebi.ac.uk/pub/databases/gwas/summary_statistics/GCST90202001-GCST90203000/GCST90202716/harmonised/GCST90202716.h.tsv.gz	86154137	4148149	5676	0.001368	0	0	0	23	5653	/data/opengwasdb/metabolome-plasma-2023/releases/2023-chen-full-east-asian/filtered/GCST90202716_GCST90202716.filtered.tsv.gz	158712	sha256	a926c9be21c07e674186994bdca3f2a723b1709120edf3aba31d2b46a711f807	23.1	10	33.1
GCST90202717	ok	""	1	0	http://ftp.ebi.ac.uk/pub/databases/gwas/summary_statistics/GCST90202001-GCST90203000/GCST90202717/harmonised/GCST90202717.h.tsv.gz	87640443	4189154	5741	0.00137	0	0	0	18	5723	/data/opengwasdb/metabolome-plasma-2023/releases/2023-chen-full-east-asian/filtered/GCST90202717_GCST90202717.filtered.tsv.gz	160247	sha256	282c0584980cb557f2a81978511bfc71949d7d710c6eb35fdc91be523a1dc191	22.9	10.4	33.3
GCST90202718	ok	""	1	0	http://ftp.ebi.ac.uk/pub/databases/gwas/summary_statistics/GCST90202001-GCST90203000/GCST90202718/harmonised/GCST90202718.h.tsv.gz	88071732	4219208	5773	0.001368	0	0	0	15	5758	/data/opengwasdb/metabolome-plasma-2023/releases/2023-chen-full-east-asian/filtered/GCST90202718_GCST90202718.filtered.tsv.gz	160675	sha256	a9a11dd739270c20263e06da371f8e2dd4d623d15d6a1374f68bef8c22b83c44	22.1	11	33.1
GCST90202719	ok	""	1	0	http://ftp.ebi.ac.uk/pub/databases/gwas/summary_statistics/GCST90202001-GCST90203000/GCST90202719/harmonised/GCST90202719.h.tsv.gz	87569295	4187902	5752	0.001373	0	0	0	23	5729	/data/opengwasdb/metabolome-plasma-2023/releases/2023-chen-full-east-asian/filtered/GCST90202719_GCST90202719.filtered.tsv.gz	160514	sha256	0d67ca49b4e4bf8ae64c6fecce755167b2e52149f455e648ab52386ab50c37e7	20.2	11.5	31.7
GCST90202720	ok	""	1	0	http://ftp.ebi.ac.uk/pub/databases/gwas/summary_statistics/GCST90202001-GCST90203000/GCST90202720/harmonised/GCST90202720.h.tsv.gz	87590932	4186933	8559	0.002044	0	1	2818	18	5726	/data/opengwasdb/metabolome-plasma-2023/releases/2023-chen-full-east-asian/filtered/GCST90202720_GCST90202720.filtered.tsv.gz	216345	sha256	a37301b8caded84fa5b78ebbb105c10f1d470479d7462d368599564545fa8653	20.6	10.6	31.2
GCST90202721	ok	""	1	0	http://ftp.ebi.ac.uk/pub/databases/gwas/summary_statistics/GCST90202001-GCST90203000/GCST90202721/harmonised/GCST90202721.h.tsv.gz	87832848	4203252	5756	0.001369	0	0	0	14	5743	/data/opengwasdb/metabolome-plasma-2023/releases/2023-chen-full-east-asian/filtered/GCST90202721_GCST90202721.filtered.tsv.gz	160391	sha256	7b35011ad1be48105545a7dffbbaeea8d30320dd45212e224b37f5f47f9ed587	21	10.3	31.3
GCST90202722	ok	""	1	0	http://ftp.ebi.ac.uk/pub/databases/gwas/summary_statistics/GCST90202001-GCST90203000/GCST90202722/harmonised/GCST90202722.h.tsv.gz	83316343	4189403	7754	0.001851	0	1	2012	18	5727	/data/opengwasdb/metabolome-plasma-2023/releases/2023-chen-full-east-asian/filtered/GCST90202722_GCST90202722.filtered.tsv.gz	200610	sha256	c8e265deded213c425cc3bc66135b56958649333d50f0084a7b843042c82f072	19.1	10.6	29.7
GCST90202723	ok	""	1	0	http://ftp.ebi.ac.uk/pub/databases/gwas/summary_statistics/GCST90202001-GCST90203000/GCST90202723/harmonised/GCST90202723.h.tsv.gz	82967356	4171012	9047	0.002169	0	1	3326	28	5696	/data/opengwasdb/metabolome-plasma-2023/releases/2023-chen-full-east-asian/filtered/GCST90202723_GCST90202723.filtered.tsv.gz	216557	sha256	5a144c020b475998836e813f15f75582bb3e68056cd7c034280fac17269339f4	19.7	11.8	31.4
GCST90202724	ok	""	1	0	http://ftp.ebi.ac.uk/pub/databases/gwas/summary_statistics/GCST90202001-GCST90203000/GCST90202724/harmonised/GCST90202724.h.tsv.gz	87617139	4188704	5730	0.001368	0	0	0	13	5717	/data/opengwasdb/metabolome-plasma-2023/releases/2023-chen-full-east-asian/filtered/GCST90202724_GCST90202724.filtered.tsv.gz	159766	sha256	62a8a39efae2820802994996f9523d1dd96654793f464bdbbd364eef1d37b562	20.3	11.3	31.6
GCST90202725	ok	""	1	0	http://ftp.ebi.ac.uk/pub/databases/gwas/summary_statistics/GCST90202001-GCST90203000/GCST90202725/harmonised/GCST90202725.h.tsv.gz	87295037	4171012	5705	0.001368	0	0	0	9	5696	/data/opengwasdb/metabolome-plasma-2023/releases/2023-chen-full-east-asian/filtered/GCST90202725_GCST90202725.filtered.tsv.gz	159143	sha256	3202b6603986c38fcbcb5e6dd5427e93d47cc2f073d76d0f45bfe953ede4ca4d	20.9	11.4	32.3
GCST90202726	ok	""	1	0	http://ftp.ebi.ac.uk/pub/databases/gwas/summary_statistics/GCST90202001-GCST90203000/GCST90202726/harmonised/GCST90202726.h.tsv.gz	87609249	4188279	5753	0.001374	0	0	0	28	5725	/data/opengwasdb/metabolome-plasma-2023/releases/2023-chen-full-east-asian/filtered/GCST90202726_GCST90202726.filtered.tsv.gz	160457	sha256	20edb039c15b27ee5e0fedcaacb1ca8a66880c5eb1273edf5d90d5f0c7d58284	18.8	10.4	29.3
GCST90202727	ok	""	1	0	http://ftp.ebi.ac.uk/pub/databases/gwas/summary_statistics/GCST90202001-GCST90203000/GCST90202727/harmonised/GCST90202727.h.tsv.gz	87493000	4185464	5736	0.00137	0	0	0	20	5716	/data/opengwasdb/metabolome-plasma-2023/releases/2023-chen-full-east-asian/filtered/GCST90202727_GCST90202727.filtered.tsv.gz	159912	sha256	89f5722f84440f9fe5ccb12e2563040e2e3e713d64e4389d90d771d2c823e4c9	19	10.8	29.8
GCST90202728	ok	""	1	0	http://ftp.ebi.ac.uk/pub/databases/gwas/summary_statistics/GCST90202001-GCST90203000/GCST90202728/harmonised/GCST90202728.h.tsv.gz	87275537	4171012	5712	0.001369	0	0	0	16	5696	/data/opengwasdb/metabolome-plasma-2023/releases/2023-chen-full-east-asian/filtered/GCST90202728_GCST90202728.filtered.tsv.gz	159207	sha256	f61ff4810a31575fd7162b3d3bdeb394391c2a208e96f1d3e2f9ba8c8c57c065	18.6	11	29.5
GCST90202729	ok	""	1	0	http://ftp.ebi.ac.uk/pub/databases/gwas/summary_statistics/GCST90202001-GCST90203000/GCST90202729/harmonised/GCST90202729.h.tsv.gz	83273546	4186933	8590	0.002052	0	1	2853	15	5726	/data/opengwasdb/metabolome-plasma-2023/releases/2023-chen-full-east-asian/filtered/GCST90202729_GCST90202729.filtered.tsv.gz	213367	sha256	8b13848c798df4cf3e9083c2d4741d8bac4b3d43d96e325ef0af8ca411e04ba8	17.7	10.7	28.3
GCST90202730	ok	""	1	0	http://ftp.ebi.ac.uk/pub/databases/gwas/summary_statistics/GCST90202001-GCST90203000/GCST90202730/harmonised/GCST90202730.h.tsv.gz	83126831	4176280	5730	0.001372	0	0	0	17	5713	/data/opengwasdb/metabolome-plasma-2023/releases/2023-chen-full-east-asian/filtered/GCST90202730_GCST90202730.filtered.tsv.gz	159703	sha256	4bdf492ed61de6a4ea8d864707fc8d30a5ad0ddf14e002ec1a0ac61a3e9d1328	8.8	10.7	19.5
GCST90202731	ok	""	1	0	http://ftp.ebi.ac.uk/pub/databases/gwas/summary_statistics/GCST90202001-GCST90203000/GCST90202731/harmonised/GCST90202731.h.tsv.gz	80964606	4090907	5581	0.001364	0	0	0	14	5567	/data/opengwasdb/metabolome-plasma-2023/releases/2023-chen-full-east-asian/filtered/GCST90202731_GCST90202731.filtered.tsv.gz	156299	sha256	27d247e8740c5f062568eebee0cc3af92336c457d9a4a8df6e7fae2efc068a9d	9.5	11.3	20.9
GCST90202732	ok	""	1	0	http://ftp.ebi.ac.uk/pub/databases/gwas/summary_statistics/GCST90202001-GCST90203000/GCST90202732/harmonised/GCST90202732.h.tsv.gz	87305681	4171012	5708	0.001368	0	0	0	12	5696	/data/opengwasdb/metabolome-plasma-2023/releases/2023-chen-full-east-asian/filtered/GCST90202732_GCST90202732.filtered.tsv.gz	159207	sha256	288d6811f332e34af617b7f3ecf2529cc7befa6cb09783d9aa6fb6564c4ec25c	9.8	11.3	21
GCST90202733	ok	""	1	0	http://ftp.ebi.ac.uk/pub/databases/gwas/summary_statistics/GCST90202001-GCST90203000/GCST90202733/harmonised/GCST90202733.h.tsv.gz	85584422	4116292	5621	0.001366	0	0	0	21	5600	/data/opengwasdb/metabolome-plasma-2023/releases/2023-chen-full-east-asian/filtered/GCST90202733_GCST90202733.filtered.tsv.gz	157078	sha256	5c4e2dfec6299676f729e85a73ab8ff27e14e52a2affa916201d9137ed29af25	9.6	11.2	20.8
GCST90202734	ok	""	1	0	http://ftp.ebi.ac.uk/pub/databases/gwas/summary_statistics/GCST90202001-GCST90203000/GCST90202734/harmonised/GCST90202734.h.tsv.gz	83270602	4189154	12251	0.002924	0	2	6513	23	5723	/data/opengwasdb/metabolome-plasma-2023/releases/2023-chen-full-east-asian/filtered/GCST90202734_GCST90202734.filtered.tsv.gz	285734	sha256	fe8f7ae41c4e1d7f2e16ed15079c267566cee58bd616fe7fab3ceb007724e462	8	10	17.9
GCST90202735	ok	""	1	0	http://ftp.ebi.ac.uk/pub/databases/gwas/summary_statistics/GCST90202001-GCST90203000/GCST90202735/harmonised/GCST90202735.h.tsv.gz	87584778	4189024	9292	0.002218	0	1	3565	10	5722	/data/opengwasdb/metabolome-plasma-2023/releases/2023-chen-full-east-asian/filtered/GCST90202735_GCST90202735.filtered.tsv.gz	228325	sha256	60392fbfb782c07e9fa03627b25c953c830d5c93b4e44e1c5b1a503c63a1e087	9.4	10.9	20.3
GCST90202736	ok	""	1	0	http://ftp.ebi.ac.uk/pub/databases/gwas/summary_statistics/GCST90202001-GCST90203000/GCST90202736/harmonised/GCST90202736.h.tsv.gz	83748521	4213247	5780	0.001372	0	0	0	15	5765	/data/opengwasdb/metabolome-plasma-2023/releases/2023-chen-full-east-asian/filtered/GCST90202736_GCST90202736.filtered.tsv.gz	161136	sha256	15b7fc177d68f5e266c3b228fac61ef443d067a00344d69f88b370ccc00c46ce	9.3	11.2	20.5
GCST90202737	ok	""	1	0	http://ftp.ebi.ac.uk/pub/databases/gwas/summary_statistics/GCST90202001-GCST90203000/GCST90202737/harmonised/GCST90202737.h.tsv.gz	84024217	4237720	5814	0.001372	0	0	0	11	5803	/data/opengwasdb/metabolome-plasma-2023/releases/2023-chen-full-east-asian/filtered/GCST90202737_GCST90202737.filtered.tsv.gz	161560	sha256	b598310c29c83c1c43fb6f718091dac9ddaec701bb94aed670fe99d51e38f3bb	9.3	11.1	20.4
GCST90202738	ok	""	1	0	http://ftp.ebi.ac.uk/pub/databases/gwas/summary_statistics/GCST90202001-GCST90203000/GCST90202738/harmonised/GCST90202738.h.tsv.gz	85700030	4243715	13128	0.003094	0	3	7292	34	5814	/data/opengwasdb/metabolome-plasma-2023/releases/2023-chen-full-east-asian/filtered/GCST90202738_GCST90202738.filtered.tsv.gz	294467	sha256	25dadbbaff2d574e25c4223c9f7685d6e115d3956d15a99c48c7f21a3c474b61	8.6	11	19.5
GCST90202739	ok	""	1	0	http://ftp.ebi.ac.uk/pub/databases/gwas/summary_statistics/GCST90202001-GCST90203000/GCST90202739/harmonised/GCST90202739.h.tsv.gz	87561329	4189154	5741	0.00137	0	0	0	18	5723	/data/opengwasdb/metabolome-plasma-2023/releases/2023-chen-full-east-asian/filtered/GCST90202739_GCST90202739.filtered.tsv.gz	160003	sha256	c580bd050db3e0425b9b4278989478960b2da70d6ef8ac367f4cef20225a3d77	9.5	11.2	20.7
GCST90202740	ok	""	1	0	http://ftp.ebi.ac.uk/pub/databases/gwas/summary_statistics/GCST90202001-GCST90203000/GCST90202740/harmonised/GCST90202740.h.tsv.gz	87908652	4205606	5763	0.00137	0	0	0	14	5749	/data/opengwasdb/metabolome-plasma-2023/releases/2023-chen-full-east-asian/filtered/GCST90202740_GCST90202740.filtered.tsv.gz	160839	sha256	3ea6579189cd59c271caf447d8f220164e40d37dbd4c73241b715aba6ac90274	9.1	10.7	19.8
GCST90202741	ok	""	1	0	http://ftp.ebi.ac.uk/pub/databases/gwas/summary_statistics/GCST90202001-GCST90203000/GCST90202741/harmonised/GCST90202741.h.tsv.gz	87247362	4171012	9192	0.002204	0	1	3482	20	5696	/data/opengwasdb/metabolome-plasma-2023/releases/2023-chen-full-east-asian/filtered/GCST90202741_GCST90202741.filtered.tsv.gz	223102	sha256	abaa050e816f66b16cc5365af45e256ad813bc327f760b17dae90a9a880da6b2	8.4	9.7	18.1
GCST90202742	ok	""	1	0	http://ftp.ebi.ac.uk/pub/databases/gwas/summary_statistics/GCST90202001-GCST90203000/GCST90202742/harmonised/GCST90202742.h.tsv.gz	87566914	4186375	5727	0.001368	0	0	0	16	5711	/data/opengwasdb/metabolome-plasma-2023/releases/2023-chen-full-east-asian/filtered/GCST90202742_GCST90202742.filtered.tsv.gz	159875	sha256	bebba6ff92fea172b99f0dd4eedf1fa5ea909d9e97a93db5b871d120a6882a7c	8	11	18.9
GCST90202743	ok	""	1	0	http://ftp.ebi.ac.uk/pub/databases/gwas/summary_statistics/GCST90202001-GCST90203000/GCST90202743/harmonised/GCST90202743.h.tsv.gz	87563648	4186933	8799	0.002102	0	1	3061	16	5726	/data/opengwasdb/metabolome-plasma-2023/releases/2023-chen-full-east-asian/filtered/GCST90202743_GCST90202743.filtered.tsv.gz	219260	sha256	79a2f9f1f30e615e80e4a3a18ef0f3978ea32760e002f5b734765a3155ce064e	9.2	11.4	20.6
GCST90202744	ok	""	1	0	http://ftp.ebi.ac.uk/pub/databases/gwas/summary_statistics/GCST90202001-GCST90203000/GCST90202744/harmonised/GCST90202744.h.tsv.gz	87599811	4189154	9149	0.002184	0	1	3412	20	5723	/data/opengwasdb/metabolome-plasma-2023/releases/2023-chen-full-east-asian/filtered/GCST90202744_GCST90202744.filtered.tsv.gz	218601	sha256	073abcd7d38a34cae89877f2492e8cee664e6aee3083e24ef376fd6ddebff278	10.4	11.3	21.7
GCST90202745	ok	""	1	0	http://ftp.ebi.ac.uk/pub/databases/gwas/summary_statistics/GCST90202001-GCST90203000/GCST90202745/harmonised/GCST90202745.h.tsv.gz	83277045	4186908	9530	0.002276	0	1	3804	13	5717	/data/opengwasdb/metabolome-plasma-2023/releases/2023-chen-full-east-asian/filtered/GCST90202745_GCST90202745.filtered.tsv.gz	236982	sha256	08f2f5cea89118bfeceb58fbd5e9a8d3d4d060656143172346a489959ff4d5ba	10.1	11.3	21.4
GCST90202746	ok	""	1	0	http://ftp.ebi.ac.uk/pub/databases/gwas/summary_statistics/GCST90202001-GCST90203000/GCST90202746/harmonised/GCST90202746.h.tsv.gz	87286357	4171012	5715	0.00137	0	0	0	19	5696	/data/opengwasdb/metabolome-plasma-2023/releases/2023-chen-full-east-asian/filtered/GCST90202746_GCST90202746.filtered.tsv.gz	159364	sha256	43c1259e0a649b89187a85c0a590f94aaae6a240898e84e98d3a6ec980b13631	11.6	11.7	23.4
GCST90202747	ok	""	1	0	http://ftp.ebi.ac.uk/pub/databases/gwas/summary_statistics/GCST90202001-GCST90203000/GCST90202747/harmonised/GCST90202747.h.tsv.gz	84938741	4082472	5541	0.001357	0	0	0	16	5525	/data/opengwasdb/metabolome-plasma-2023/releases/2023-chen-full-east-asian/filtered/GCST90202747_GCST90202747.filtered.tsv.gz	155053	sha256	2d4008efe59c9ae91669f904e797bb5ae75a0ee5a34e72a0d2ee27ee4aefa428	7.1	12	19.1
GCST90202748	ok	""	1	0	http://ftp.ebi.ac.uk/pub/databases/gwas/summary_statistics/GCST90202001-GCST90203000/GCST90202748/harmonised/GCST90202748.h.tsv.gz	86120913	4214373	5773	0.00137	0	0	0	18	5755	/data/opengwasdb/metabolome-plasma-2023/releases/2023-chen-full-east-asian/filtered/GCST90202748_GCST90202748.filtered.tsv.gz	160535	sha256	6dada364fc48e167b0defe6681c849940eb9b5312539b37ebdb78163a4a3105f	7.9	13.4	21.4
GCST90202749	ok	""	1	0	http://ftp.ebi.ac.uk/pub/databases/gwas/summary_statistics/GCST90202001-GCST90203000/GCST90202749/harmonised/GCST90202749.h.tsv.gz	80768080	4171399	11070	0.002654	0	2	5347	40	5691	/data/opengwasdb/metabolome-plasma-2023/releases/2023-chen-full-east-asian/filtered/GCST90202749_GCST90202749.filtered.tsv.gz	256019	sha256	9f218ffe70623e07f62403512bac0caf5628dcc14c10e7d7cc4760fa2c62b6ff	7.6	10.3	17.9
GCST90202750	ok	""	1	0	http://ftp.ebi.ac.uk/pub/databases/gwas/summary_statistics/GCST90202001-GCST90203000/GCST90202750/harmonised/GCST90202750.h.tsv.gz	87741343	4202981	5770	0.001373	0	0	0	23	5747	/data/opengwasdb/metabolome-plasma-2023/releases/2023-chen-full-east-asian/filtered/GCST90202750_GCST90202750.filtered.tsv.gz	160653	sha256	c729bbdb67b0e371baaf6e8bd2d37025a12cf75991e5a0f83d38cf6e37b4794f	9.4	10.5	19.8
GCST90202751	ok	""	1	0	http://ftp.ebi.ac.uk/pub/databases/gwas/summary_statistics/GCST90202001-GCST90203000/GCST90202751/harmonised/GCST90202751.h.tsv.gz	87558087	4187206	5746	0.001372	0	0	0	25	5721	/data/opengwasdb/metabolome-plasma-2023/releases/2023-chen-full-east-asian/filtered/GCST90202751_GCST90202751.filtered.tsv.gz	160237	sha256	609ba5721f4ac7f3ad58627d89d0bac8bbf1774ae0f3c7540d76a7c3a0958764	7.6	10.9	18.4
GCST90202752	ok	""	1	0	http://ftp.ebi.ac.uk/pub/databases/gwas/summary_statistics/GCST90202001-GCST90203000/GCST90202752/harmonised/GCST90202752.h.tsv.gz	83009766	4171012	5716	0.00137	0	0	0	20	5696	/data/opengwasdb/metabolome-plasma-2023/releases/2023-chen-full-east-asian/filtered/GCST90202752_GCST90202752.filtered.tsv.gz	159438	sha256	ab96a6c91b18c495be0ad2ab834ed32956d5763b75124aafea081f8ac9c9ec95	6.9	11.8	18.7
GCST90202753	ok	""	1	0	http://ftp.ebi.ac.uk/pub/databases/gwas/summary_statistics/GCST90202001-GCST90203000/GCST90202753/harmonised/GCST90202753.h.tsv.gz	87574681	4186701	5735	0.00137	0	0	0	17	5718	/data/opengwasdb/metabolome-plasma-2023/releases/2023-chen-full-east-asian/filtered/GCST90202753_GCST90202753.filtered.tsv.gz	159959	sha256	3656793d00648e932326ca7daa77c1c48445d7b91dba9ae116ffbe9131f5d9e1	7.1	9.9	17
GCST90202754	ok	""	1	0	http://ftp.ebi.ac.uk/pub/databases/gwas/summary_statistics/GCST90202001-GCST90203000/GCST90202754/harmonised/GCST90202754.h.tsv.gz	85752674	4128499	10365	0.002511	0	1	4723	19	5629	/data/opengwasdb/metabolome-plasma-2023/releases/2023-chen-full-east-asian/filtered/GCST90202754_GCST90202754.filtered.tsv.gz	238508	sha256	a028a1d3dc7a774411c274d2b661ec6b3665fda4e102b3267d548d0b375933b7	6.6	10.9	17.5
GCST90202755	ok	""	1	0	http://ftp.ebi.ac.uk/pub/databases/gwas/summary_statistics/GCST90202001-GCST90203000/GCST90202755/harmonised/GCST90202755.h.tsv.gz	83496876	4240909	5842	0.001378	0	0	0	26	5816	/data/opengwasdb/metabolome-plasma-2023/releases/2023-chen-full-east-asian/filtered/GCST90202755_GCST90202755.filtered.tsv.gz	162903	sha256	35873c2098fbb1d8c2bf80b83a852356e52c190d7a9fc50366d6f520f576efc9	7.8	11.2	19
GCST90202756	ok	""	1	0	http://ftp.ebi.ac.uk/pub/databases/gwas/summary_statistics/GCST90202001-GCST90203000/GCST90202756/harmonised/GCST90202756.h.tsv.gz	87277269	4171012	5704	0.001368	0	0	0	8	5696	/data/opengwasdb/metabolome-plasma-2023/releases/2023-chen-full-east-asian/filtered/GCST90202756_GCST90202756.filtered.tsv.gz	159038	sha256	a467a93db74faabdfafb547e33b86473ddc015ddbb4e442044fcc4e4446b3be4	10.3	11.6	21.9
GCST90202757	ok	""	1	0	http://ftp.ebi.ac.uk/pub/databases/gwas/summary_statistics/GCST90202001-GCST90203000/GCST90202757/harmonised/GCST90202757.h.tsv.gz	87294433	4171012	8906	0.002135	0	1	3203	10	5696	/data/opengwasdb/metabolome-plasma-2023/releases/2023-chen-full-east-asian/filtered/GCST90202757_GCST90202757.filtered.tsv.gz	226028	sha256	3a7e82eacc6808aa59416f00293a92482520124a77dbdbe20fbd429bc747c496	12.3	10.7	23
GCST90202758	ok	""	1	0	http://ftp.ebi.ac.uk/pub/databases/gwas/summary_statistics/GCST90202001-GCST90203000/GCST90202758/harmonised/GCST90202758.h.tsv.gz	83008442	4171012	5720	0.001371	0	0	0	24	5696	/data/opengwasdb/metabolome-plasma-2023/releases/2023-chen-full-east-asian/filtered/GCST90202758_GCST90202758.filtered.tsv.gz	159577	sha256	cc7e34cf66f7e027c184af9c7b2a4dc547b471d299942a5efb5c1de4e06f43a6	10.4	10.8	21.2
GCST90202759	ok	""	1	0	http://ftp.ebi.ac.uk/pub/databases/gwas/summary_statistics/GCST90202001-GCST90203000/GCST90202759/harmonised/GCST90202759.h.tsv.gz	87571099	4187705	5745	0.001372	0	0	0	16	5729	/data/opengwasdb/metabolome-plasma-2023/releases/2023-chen-full-east-asian/filtered/GCST90202759_GCST90202759.filtered.tsv.gz	160261	sha256	35811e281870852198685960957f54324b76efd2fe52caeda5b546a661a4fd1b	8.2	11.2	19.4
GCST90202760	ok	""	1	0	http://ftp.ebi.ac.uk/pub/databases/gwas/summary_statistics/GCST90202001-GCST90203000/GCST90202760/harmonised/GCST90202760.h.tsv.gz	82995058	4171012	5716	0.00137	0	0	0	20	5696	/data/opengwasdb/metabolome-plasma-2023/releases/2023-chen-full-east-asian/filtered/GCST90202760_GCST90202760.filtered.tsv.gz	159478	sha256	888d717c10f3949100d6d46acd9131edee8667879a2e2736136f2e107b8a99f5	7.5	11	18.5
GCST90202761	ok	""	1	0	http://ftp.ebi.ac.uk/pub/databases/gwas/summary_statistics/GCST90202001-GCST90203000/GCST90202761/harmonised/GCST90202761.h.tsv.gz	82987996	4171012	5712	0.001369	0	0	0	16	5696	/data/opengwasdb/metabolome-plasma-2023/releases/2023-chen-full-east-asian/filtered/GCST90202761_GCST90202761.filtered.tsv.gz	159300	sha256	e2b2db79eb039814ab40f70f3698773de0c28061ddd6510881f7356997f87ca4	7.9	10.1	18
GCST90202762	ok	""	1	0	http://ftp.ebi.ac.uk/pub/databases/gwas/summary_statistics/GCST90202001-GCST90203000/GCST90202762/harmonised/GCST90202762.h.tsv.gz	87590643	4187625	5747	0.001372	0	0	0	24	5723	/data/opengwasdb/metabolome-plasma-2023/releases/2023-chen-full-east-asian/filtered/GCST90202762_GCST90202762.filtered.tsv.gz	160188	sha256	fd8709c2b75337c24c95b3e2fd9408cfd514cc06d9dc0f6ff3aab8a872dc4160	7.7	11.2	18.9
GCST90202763	ok	""	1	0	http://ftp.ebi.ac.uk/pub/databases/gwas/summary_statistics/GCST90202001-GCST90203000/GCST90202763/harmonised/GCST90202763.h.tsv.gz	85206003	4095116	8347	0.002038	0	1	2763	19	5569	/data/opengwasdb/metabolome-plasma-2023/releases/2023-chen-full-east-asian/filtered/GCST90202763_GCST90202763.filtered.tsv.gz	208091	sha256	33e862ca5a6a19f5dba917e9061feb8ea777aecc21d38d4b5e335957d84a5ea3	7.8	11	18.8
GCST90202764	ok	""	1	0	http://ftp.ebi.ac.uk/pub/databases/gwas/summary_statistics/GCST90202001-GCST90203000/GCST90202764/harmonised/GCST90202764.h.tsv.gz	88031439	4216577	17209	0.004081	0	3	11437	24	5758	/data/opengwasdb/metabolome-plasma-2023/releases/2023-chen-full-east-asian/filtered/GCST90202764_GCST90202764.filtered.tsv.gz	388777	sha256	0eba2db2dccec865632463144523c206e98cab6ff04b13b9753009b8cc62dbde	8	11.7	19.7
GCST90202765	ok	""	1	0	http://ftp.ebi.ac.uk/pub/databases/gwas/summary_statistics/GCST90202001-GCST90203000/GCST90202765/harmonised/GCST90202765.h.tsv.gz	87302184	4171012	5711	0.001369	0	0	0	15	5696	/data/opengwasdb/metabolome-plasma-2023/releases/2023-chen-full-east-asian/filtered/GCST90202765_GCST90202765.filtered.tsv.gz	159313	sha256	f0fba72d3b43ab35c101b75b736e46ba50218f65b6a3093c3fbb338e6aac5b3b	7.7	11.4	19.1
GCST90202766	ok	""	1	0	http://ftp.ebi.ac.uk/pub/databases/gwas/summary_statistics/GCST90202001-GCST90203000/GCST90202766/harmonised/GCST90202766.h.tsv.gz	87584268	4189330	9634	0.0023	0	1	3895	25	5720	/data/opengwasdb/metabolome-plasma-2023/releases/2023-chen-full-east-asian/filtered/GCST90202766_GCST90202766.filtered.tsv.gz	239637	sha256	330b58b4aa5708fa2edf1e42461a7ceba7da6782d7fc218f7b7778d1dd8f859c	6.7	10.6	17.3
GCST90202767	ok	""	1	0	http://ftp.ebi.ac.uk/pub/databases/gwas/summary_statistics/GCST90202001-GCST90203000/GCST90202767/harmonised/GCST90202767.h.tsv.gz	83769220	4218919	5793	0.001373	0	0	0	25	5768	/data/opengwasdb/metabolome-plasma-2023/releases/2023-chen-full-east-asian/filtered/GCST90202767_GCST90202767.filtered.tsv.gz	161459	sha256	1c9b519ff47eb50744dd2268fb9c730ae41d9d761ffc4e47d11abd6b08524890	7	10.9	17.9
GCST90202768	ok	""	1	0	http://ftp.ebi.ac.uk/pub/databases/gwas/summary_statistics/GCST90202001-GCST90203000/GCST90202768/harmonised/GCST90202768.h.tsv.gz	87536976	4187201	5738	0.00137	0	0	0	17	5721	/data/opengwasdb/metabolome-plasma-2023/releases/2023-chen-full-east-asian/filtered/GCST90202768_GCST90202768.filtered.tsv.gz	159942	sha256	f490875d24289f790944cd310ae4ba0f84465b496c3dcdf88545f22050cd3a79	6.6	9.8	16.4
GCST90202769	ok	""	1	0	http://ftp.ebi.ac.uk/pub/databases/gwas/summary_statistics/GCST90202001-GCST90203000/GCST90202769/harmonised/GCST90202769.h.tsv.gz	87297062	4171012	5718	0.001371	0	0	0	22	5696	/data/opengwasdb/metabolome-plasma-2023/releases/2023-chen-full-east-asian/filtered/GCST90202769_GCST90202769.filtered.tsv.gz	159487	sha256	3b5f643626e5b3a5bcfd0928e522a06c9e28ecedc538ddc2fa3abfaec103af5b	6.8	10.9	17.7
GCST90202770	ok	""	1	0	http://ftp.ebi.ac.uk/pub/databases/gwas/summary_statistics/GCST90202001-GCST90203000/GCST90202770/harmonised/GCST90202770.h.tsv.gz	87262885	4171012	17685	0.00424	0	1	11983	10	5696	/data/opengwasdb/metabolome-plasma-2023/releases/2023-chen-full-east-asian/filtered/GCST90202770_GCST90202770.filtered.tsv.gz	341260	sha256	7a73cd3c861446d049c9d8517bbc082b6eb7ea98265db9ee0a9e607549bec402	6.3	11.3	17.6
GCST90202771	ok	""	1	0	http://ftp.ebi.ac.uk/pub/databases/gwas/summary_statistics/GCST90202001-GCST90203000/GCST90202771/harmonised/GCST90202771.h.tsv.gz	88092869	4216443	5801	0.001376	0	0	0	19	5782	/data/opengwasdb/metabolome-plasma-2023/releases/2023-chen-full-east-asian/filtered/GCST90202771_GCST90202771.filtered.tsv.gz	161774	sha256	e0cc319650f22b9bd3012f5a058bc0c3d7dcd40e949e9037492a80f7d0a89c53	6.4	11.3	17.7
GCST90202772	ok	""	1	0	http://ftp.ebi.ac.uk/pub/databases/gwas/summary_statistics/GCST90202001-GCST90203000/GCST90202772/harmonised/GCST90202772.h.tsv.gz	80869704	4089128	5580	0.001365	0	0	0	20	5560	/data/opengwasdb/metabolome-plasma-2023/releases/2023-chen-full-east-asian/filtered/GCST90202772_GCST90202772.filtered.tsv.gz	156165	sha256	ba4883002feb35f4929c5ae9a4a7ab0d19f1aabd45f2a090241287b81b996e24	5.6	10.7	16.3
GCST90202773	ok	""	1	0	http://ftp.ebi.ac.uk/pub/databases/gwas/summary_statistics/GCST90202001-GCST90203000/GCST90202773/harmonised/GCST90202773.h.tsv.gz	78966644	4116601	5634	0.001369	0	0	0	21	5613	/data/opengwasdb/metabolome-plasma-2023/releases/2023-chen-full-east-asian/filtered/GCST90202773_GCST90202773.filtered.tsv.gz	156211	sha256	d5552c5353af3be5373de844f0f1c26ad9bdd96010ce11518a3ae1980fe86670	7.5	9.4	16.9
GCST90202774	ok	""	1	0	http://ftp.ebi.ac.uk/pub/databases/gwas/summary_statistics/GCST90202001-GCST90203000/GCST90202774/harmonised/GCST90202774.h.tsv.gz	87614280	4187705	8799	0.002101	0	1	3065	12	5729	/data/opengwasdb/metabolome-plasma-2023/releases/2023-chen-full-east-asian/filtered/GCST90202774_GCST90202774.filtered.tsv.gz	221284	sha256	a9003ef2802a44debec47cd81104a78cb6cbb8db21d54b52f0b8fa246d2226ad	9.4	11.4	20.7
GCST90202775	ok	""	1	0	http://ftp.ebi.ac.uk/pub/databases/gwas/summary_statistics/GCST90202001-GCST90203000/GCST90202775/harmonised/GCST90202775.h.tsv.gz	87288166	4171012	5710	0.001369	0	0	0	14	5696	/data/opengwasdb/metabolome-plasma-2023/releases/2023-chen-full-east-asian/filtered/GCST90202775_GCST90202775.filtered.tsv.gz	159256	sha256	e0e8405f5259fd94ce49015ee8e14d28ec0e371558a7349caf0c814f9fc0a140	6.9	9.9	16.8
GCST90202776	ok	""	1	0	http://ftp.ebi.ac.uk/pub/databases/gwas/summary_statistics/GCST90202001-GCST90203000/GCST90202776/harmonised/GCST90202776.h.tsv.gz	87609788	4189403	9444	0.002254	0	1	3703	19	5727	/data/opengwasdb/metabolome-plasma-2023/releases/2023-chen-full-east-asian/filtered/GCST90202776_GCST90202776.filtered.tsv.gz	233736	sha256	39ba5a2b61edbda6360d3a85c943daac6d2f3d66a71cd4ba88d683056f0f21b9	5.7	11.3	17
GCST90202777	ok	""	1	0	http://ftp.ebi.ac.uk/pub/databases/gwas/summary_statistics/GCST90202001-GCST90203000/GCST90202777/harmonised/GCST90202777.h.tsv.gz	81378399	4118811	5628	0.001366	0	0	0	13	5615	/data/opengwasdb/metabolome-plasma-2023/releases/2023-chen-full-east-asian/filtered/GCST90202777_GCST90202777.filtered.tsv.gz	157220	sha256	4b015a98eb5721ce34ed2e77c3ac1b80db7ec126483ead7376807ba09d455970	3.6	11	14.6
GCST90202778	ok	""	1	0	http://ftp.ebi.ac.uk/pub/databases/gwas/summary_statistics/GCST90202001-GCST90203000/GCST90202778/harmonised/GCST90202778.h.tsv.gz	81757922	4141891	5657	0.001366	0	0	0	24	5634	/data/opengwasdb/metabolome-plasma-2023/releases/2023-chen-full-east-asian/filtered/GCST90202778_GCST90202778.filtered.tsv.gz	157881	sha256	28820219ae37361449a3d3da734374adff0eb435df6fdb7d49f3a23bdc6b722f	4.9	9.7	14.6
GCST90202779	ok	""	1	0	http://ftp.ebi.ac.uk/pub/databases/gwas/summary_statistics/GCST90202001-GCST90203000/GCST90202779/harmonised/GCST90202779.h.tsv.gz	88188919	4222103	20942	0.00496	0	5	15142	52	5773	/data/opengwasdb/metabolome-plasma-2023/releases/2023-chen-full-east-asian/filtered/GCST90202779_GCST90202779.filtered.tsv.gz	442379	sha256	284f41fa1c85c340082ef60bb51824c5ffa4fd6aedb73b68c09a707059af3130	7.1	11.9	19.1
GCST90202780	ok	""	1	0	http://ftp.ebi.ac.uk/pub/databases/gwas/summary_statistics/GCST90202001-GCST90203000/GCST90202780/harmonised/GCST90202780.h.tsv.gz	83390139	4200228	5763	0.001372	0	0	0	21	5742	/data/opengwasdb/metabolome-plasma-2023/releases/2023-chen-full-east-asian/filtered/GCST90202780_GCST90202780.filtered.tsv.gz	160626	sha256	f971bb531545617b8749798882dc15da9a1b05fc280b01b109490192cac6e384	6.9	11.1	17.9
GCST90202781	ok	""	1	0	http://ftp.ebi.ac.uk/pub/databases/gwas/summary_statistics/GCST90202001-GCST90203000/GCST90202781/harmonised/GCST90202781.h.tsv.gz	83000242	4171012	9333	0.002238	0	1	3627	14	5696	/data/opengwasdb/metabolome-plasma-2023/releases/2023-chen-full-east-asian/filtered/GCST90202781_GCST90202781.filtered.tsv.gz	226099	sha256	489d202a1913d5654606b0ab26838bf0193de9f712556562b22f3f6dd7c2596e	6.6	10.9	17.5
GCST90202782	ok	""	1	0	http://ftp.ebi.ac.uk/pub/databases/gwas/summary_statistics/GCST90202001-GCST90203000/GCST90202782/harmonised/GCST90202782.h.tsv.gz	87615690	4188209	5736	0.00137	0	0	0	11	5725	/data/opengwasdb/metabolome-plasma-2023/releases/2023-chen-full-east-asian/filtered/GCST90202782_GCST90202782.filtered.tsv.gz	159985	sha256	b6099d711b9ebe01fbd896382e6318c48e0cb3914735fb94d1261b9ffe8e5475	6.1	10.3	16.4
GCST90202783	ok	""	1	0	http://ftp.ebi.ac.uk/pub/databases/gwas/summary_statistics/GCST90202001-GCST90203000/GCST90202783/harmonised/GCST90202783.h.tsv.gz	83296634	4189064	5736	0.001369	0	0	0	12	5724	/data/opengwasdb/metabolome-plasma-2023/releases/2023-chen-full-east-asian/filtered/GCST90202783_GCST90202783.filtered.tsv.gz	159959	sha256	2782aa8ff2260a8d806df7a46cf6cbcf35f1acd1241bc4b4d432596d1ff3be6c	6.5	11.3	17.9
GCST90202784	ok	""	1	0	http://ftp.ebi.ac.uk/pub/databases/gwas/summary_statistics/GCST90202001-GCST90203000/GCST90202784/harmonised/GCST90202784.h.tsv.gz	87259003	4171012	8870	0.002127	0	1	3160	19	5696	/data/opengwasdb/metabolome-plasma-2023/releases/2023-chen-full-east-asian/filtered/GCST90202784_GCST90202784.filtered.tsv.gz	217734	sha256	e753d86a09fc2ddbea9b81aae75b0b9cb384805f491857cb7cc530220adbee74	6.7	10.7	17.4
GCST90202785	ok	""	1	0	http://ftp.ebi.ac.uk/pub/databases/gwas/summary_statistics/GCST90202001-GCST90203000/GCST90202785/harmonised/GCST90202785.h.tsv.gz	87575766	4186151	5735	0.00137	0	0	0	15	5720	/data/opengwasdb/metabolome-plasma-2023/releases/2023-chen-full-east-asian/filtered/GCST90202785_GCST90202785.filtered.tsv.gz	160085	sha256	7e4e61bf71125225d2b5bdd039bbb51f242685fe87125f7063737f3ab0cb97df	6.7	10.6	17.3
GCST90202786	ok	""	1	0	http://ftp.ebi.ac.uk/pub/databases/gwas/summary_statistics/GCST90202001-GCST90203000/GCST90202786/harmonised/GCST90202786.h.tsv.gz	83720070	4212456	5783	0.001373	0	0	0	19	5764	/data/opengwasdb/metabolome-plasma-2023/releases/2023-chen-full-east-asian/filtered/GCST90202786_GCST90202786.filtered.tsv.gz	161363	sha256	d9531c4edf3fda916f617be26e31e6dadc107f11b7633e7d5e4cb82ca9ad2cb7	4.4	11.1	15.4
GCST90202787	ok	""	1	0	http://ftp.ebi.ac.uk/pub/databases/gwas/summary_statistics/GCST90202001-GCST90203000/GCST90202787/harmonised/GCST90202787.h.tsv.gz	87517294	4185180	5729	0.001369	0	0	0	13	5716	/data/opengwasdb/metabolome-plasma-2023/releases/2023-chen-full-east-asian/filtered/GCST90202787_GCST90202787.filtered.tsv.gz	159744	sha256	5a475aed1e7563879efc5a64350f1a6ec5f2a00d2c0e164216d27f4e361d9467	5.8	11	16.8
GCST90202788	ok	""	1	0	http://ftp.ebi.ac.uk/pub/databases/gwas/summary_statistics/GCST90202001-GCST90203000/GCST90202788/harmonised/GCST90202788.h.tsv.gz	83231961	4185180	5728	0.001369	0	0	0	12	5716	/data/opengwasdb/metabolome-plasma-2023/releases/2023-chen-full-east-asian/filtered/GCST90202788_GCST90202788.filtered.tsv.gz	159822	sha256	335e7b4f99753c581708baf734809f75c0df0f7a5029e28bb3a1c26b2ed26722	6.2	12.6	18.8
GCST90202789	ok	""	1	0	http://ftp.ebi.ac.uk/pub/databases/gwas/summary_statistics/GCST90202001-GCST90203000/GCST90202789/harmonised/GCST90202789.h.tsv.gz	87276317	4171012	5709	0.001369	0	0	0	13	5696	/data/opengwasdb/metabolome-plasma-2023/releases/2023-chen-full-east-asian/filtered/GCST90202789_GCST90202789.filtered.tsv.gz	159126	sha256	c7d07107b7250f9afd26e1ba16f1dde795b686c1ff193e6bebd6c7504de77316	6.4	11.2	17.6
GCST90202790	ok	""	1	0	http://ftp.ebi.ac.uk/pub/databases/gwas/summary_statistics/GCST90202001-GCST90203000/GCST90202790/harmonised/GCST90202790.h.tsv.gz	78857312	4093606	11964	0.002923	0	2	6393	24	5557	/data/opengwasdb/metabolome-plasma-2023/releases/2023-chen-full-east-asian/filtered/GCST90202790_GCST90202790.filtered.tsv.gz	267253	sha256	b13c8c5006d44b38603972d0b34f19f6cc4ce787ba3d9c1f87cea45268333085	5.6	9.4	15
GCST90202791	ok	""	1	0	http://ftp.ebi.ac.uk/pub/databases/gwas/summary_statistics/GCST90202001-GCST90203000/GCST90202791/harmonised/GCST90202791.h.tsv.gz	87262366	4171012	8777	0.002104	0	1	3072	12	5696	/data/opengwasdb/metabolome-plasma-2023/releases/2023-chen-full-east-asian/filtered/GCST90202791_GCST90202791.filtered.tsv.gz	218558	sha256	0a3bf55e66c88b5b7a3cc50d6e543c8b50dbabacce5381a96005911283165996	7.5	11.4	18.9
GCST90202792	ok	""	1	0	http://ftp.ebi.ac.uk/pub/databases/gwas/summary_statistics/GCST90202001-GCST90203000/GCST90202792/harmonised/GCST90202792.h.tsv.gz	86825064	4193326	5763	0.001374	0	0	0	21	5742	/data/opengwasdb/metabolome-plasma-2023/releases/2023-chen-full-east-asian/filtered/GCST90202792_GCST90202792.filtered.tsv.gz	160808	sha256	37379078794381ff5037e13671d626eb62e2b92a7b2272236030c898e69634f1	7.5	11	18.4
GCST90202793	ok	""	1	0	http://ftp.ebi.ac.uk/pub/databases/gwas/summary_statistics/GCST90202001-GCST90203000/GCST90202793/harmonised/GCST90202793.h.tsv.gz	87312036	4171012	5716	0.00137	0	0	0	20	5696	/data/opengwasdb/metabolome-plasma-2023/releases/2023-chen-full-east-asian/filtered/GCST90202793_GCST90202793.filtered.tsv.gz	159469	sha256	57b7918075aefd361990e6b472e5c479301bb81f4ca88e0f8f02dec8d093117f	7.9	11.3	19.2
GCST90202794	ok	""	1	0	http://ftp.ebi.ac.uk/pub/databases/gwas/summary_statistics/GCST90202001-GCST90203000/GCST90202794/harmonised/GCST90202794.h.tsv.gz	87536435	4185598	5735	0.00137	0	0	0	16	5719	/data/opengwasdb/metabolome-plasma-2023/releases/2023-chen-full-east-asian/filtered/GCST90202794_GCST90202794.filtered.tsv.gz	160003	sha256	3ca0e5683b9bef7e36cc1fb7ccc515b848298e40d7884e38f5b03d817f03b80c	7.7	11.2	18.9
GCST90202795	ok	""	1	0	http://ftp.ebi.ac.uk/pub/databases/gwas/summary_statistics/GCST90202001-GCST90203000/GCST90202795/harmonised/GCST90202795.h.tsv.gz	87582278	4189693	5743	0.001371	0	0	0	16	5727	/data/opengwasdb/metabolome-plasma-2023/releases/2023-chen-full-east-asian/filtered/GCST90202795_GCST90202795.filtered.tsv.gz	160190	sha256	7114422eecb3e9b8d8727be9e49619e3b1301f20db296187bd5a342703512b57	4.2	11.6	15.7
GCST90202796	ok	""	1	0	http://ftp.ebi.ac.uk/pub/databases/gwas/summary_statistics/GCST90202001-GCST90203000/GCST90202796/harmonised/GCST90202796.h.tsv.gz	86051798	4145487	5658	0.001365	0	0	0	12	5646	/data/opengwasdb/metabolome-plasma-2023/releases/2023-chen-full-east-asian/filtered/GCST90202796_GCST90202796.filtered.tsv.gz	158039	sha256	91e5b3a1c0901947e79f046c20dc94b211c5cff67852cd676182191fea263aa4	6	11	17
GCST90202797	ok	""	1	0	http://ftp.ebi.ac.uk/pub/databases/gwas/summary_statistics/GCST90202001-GCST90203000/GCST90202797/harmonised/GCST90202797.h.tsv.gz	83262865	4189064	8294	0.00198	0	1	2560	15	5724	/data/opengwasdb/metabolome-plasma-2023/releases/2023-chen-full-east-asian/filtered/GCST90202797_GCST90202797.filtered.tsv.gz	208849	sha256	d8f61a57f6065206021dd122041f783386cc3bdd7853aa91c00dbaae94e680a0	5.9	11.6	17.5
GCST90202798	ok	""	1	0	http://ftp.ebi.ac.uk/pub/databases/gwas/summary_statistics/GCST90202001-GCST90203000/GCST90202798/harmonised/GCST90202798.h.tsv.gz	83729915	4093930	5597	0.001367	0	0	0	20	5577	/data/opengwasdb/metabolome-plasma-2023/releases/2023-chen-full-east-asian/filtered/GCST90202798_GCST90202798.filtered.tsv.gz	155866	sha256	68db84d211655a5cef4566c8d9875735913bfc85d9abcc275caa1e4010fc63d6	5.2	9.7	15
GCST90202799	ok	""	1	0	http://ftp.ebi.ac.uk/pub/databases/gwas/summary_statistics/GCST90202001-GCST90203000/GCST90202799/harmonised/GCST90202799.h.tsv.gz	87250841	4171012	5712	0.001369	0	0	0	16	5696	/data/opengwasdb/metabolome-plasma-2023/releases/2023-chen-full-east-asian/filtered/GCST90202799_GCST90202799.filtered.tsv.gz	159267	sha256	ccaf75253b4b7065a7db4aba9e00a831751b3a4f8ae43698d89c4bce1873ec0c	7.1	11.8	18.8
GCST90202800	ok	""	1	0	http://ftp.ebi.ac.uk/pub/databases/gwas/summary_statistics/GCST90202001-GCST90203000/GCST90202800/harmonised/GCST90202800.h.tsv.gz	83014214	4171012	5705	0.001368	0	0	0	9	5696	/data/opengwasdb/metabolome-plasma-2023/releases/2023-chen-full-east-asian/filtered/GCST90202800_GCST90202800.filtered.tsv.gz	159128	sha256	9f47520fbd0dc23860589c1a98db53d90d58ab6161f9e40d8133b090c3c280c0	6.5	10.4	17
GCST90202801	ok	""	1	0	http://ftp.ebi.ac.uk/pub/databases/gwas/summary_statistics/GCST90202001-GCST90203000/GCST90202801/harmonised/GCST90202801.h.tsv.gz	85307718	4101645	5600	0.001365	0	0	0	22	5578	/data/opengwasdb/metabolome-plasma-2023/releases/2023-chen-full-east-asian/filtered/GCST90202801_GCST90202801.filtered.tsv.gz	156517	sha256	85f390ac280f7ae90aefd228c82de50619b05f8b05a4901387648843c28ab96c	7.2	10.8	18
GCST90202802	ok	""	1	0	http://ftp.ebi.ac.uk/pub/databases/gwas/summary_statistics/GCST90202001-GCST90203000/GCST90202802/harmonised/GCST90202802.h.tsv.gz	82990851	4171012	10166	0.002437	0	1	4466	10	5696	/data/opengwasdb/metabolome-plasma-2023/releases/2023-chen-full-east-asian/filtered/GCST90202802_GCST90202802.filtered.tsv.gz	235942	sha256	08b1abacbee0f9fdd9751e39f56704c71a2d46b271e7c6edde17f4996b89766a	7.2	11.4	18.6
GCST90202803	ok	""	1	0	http://ftp.ebi.ac.uk/pub/databases/gwas/summary_statistics/GCST90202001-GCST90203000/GCST90202803/harmonised/GCST90202803.h.tsv.gz	83012120	4171012	5707	0.001368	0	0	0	11	5696	/data/opengwasdb/metabolome-plasma-2023/releases/2023-chen-full-east-asian/filtered/GCST90202803_GCST90202803.filtered.tsv.gz	159152	sha256	0b3ff3d536d60480862410fb95101e6d3fd9cefa07fafc4623a160836333e64e	6.4	11.3	17.8
GCST90202804	ok	""	1	0	http://ftp.ebi.ac.uk/pub/databases/gwas/summary_statistics/GCST90202001-GCST90203000/GCST90202804/harmonised/GCST90202804.h.tsv.gz	87589683	4186908	8743	0.002088	0	1	3019	10	5717	/data/opengwasdb/metabolome-plasma-2023/releases/2023-chen-full-east-asian/filtered/GCST90202804_GCST90202804.filtered.tsv.gz	218613	sha256	3a69a8187cb04b6260b7d4024a7ff77e49e45669c25fd0f4edc4f7585ab921fe	6.4	11.7	18.1
GCST90202805	ok	""	1	0	http://ftp.ebi.ac.uk/pub/databases/gwas/summary_statistics/GCST90202001-GCST90203000/GCST90202805/harmonised/GCST90202805.h.tsv.gz	88178147	4229020	5799	0.001371	0	0	0	17	5782	/data/opengwasdb/metabolome-plasma-2023/releases/2023-chen-full-east-asian/filtered/GCST90202805_GCST90202805.filtered.tsv.gz	161134	sha256	44673c4727c8de89a0dd14ea3cce4d2e85a2a32f366f4403671b3241d394ea4e	6.9	10.7	17.6
GCST90202806	ok	""	1	0	http://ftp.ebi.ac.uk/pub/databases/gwas/summary_statistics/GCST90202001-GCST90203000/GCST90202806/harmonised/GCST90202806.h.tsv.gz	87288235	4171012	5704	0.001368	0	0	0	8	5696	/data/opengwasdb/metabolome-plasma-2023/releases/2023-chen-full-east-asian/filtered/GCST90202806_GCST90202806.filtered.tsv.gz	159134	sha256	fb1dba0480e3531bf108174fbb477e6baafb76e413daec31ba90d1b93681044f	6.4	10.7	17.1
GCST90202807	ok	""	1	0	http://ftp.ebi.ac.uk/pub/databases/gwas/summary_statistics/GCST90202001-GCST90203000/GCST90202807/harmonised/GCST90202807.h.tsv.gz	83551077	4130048	5644	0.001367	0	0	0	18	5626	/data/opengwasdb/metabolome-plasma-2023/releases/2023-chen-full-east-asian/filtered/GCST90202807_GCST90202807.filtered.tsv.gz	156498	sha256	05fd4a02e1d9bc71b6e9ce0a5ab5288aeb426d796c234b493d523a47815c96f4	6	11.5	17.5
GCST90202808	ok	""	1	0	http://ftp.ebi.ac.uk/pub/databases/gwas/summary_statistics/GCST90202001-GCST90203000/GCST90202808/harmonised/GCST90202808.h.tsv.gz	87267574	4171012	5708	0.001368	0	0	0	12	5696	/data/opengwasdb/metabolome-plasma-2023/releases/2023-chen-full-east-asian/filtered/GCST90202808_GCST90202808.filtered.tsv.gz	159212	sha256	bb12bedc1ad5228432a4160640ddadbdc3237c1153d1efd1883112a82a4f7b7b	5.7	11.1	16.8
GCST90202809	ok	""	1	0	http://ftp.ebi.ac.uk/pub/databases/gwas/summary_statistics/GCST90202001-GCST90203000/GCST90202809/harmonised/GCST90202809.h.tsv.gz	87543730	4185325	5734	0.00137	0	0	0	19	5715	/data/opengwasdb/metabolome-plasma-2023/releases/2023-chen-full-east-asian/filtered/GCST90202809_GCST90202809.filtered.tsv.gz	160054	sha256	171a18ca8e6e70153fc91ce9f4f015c6b794b2c895951bbd57d2fe719caa43da	7	10.2	17.2
GCST90202810	ok	""	1	0	http://ftp.ebi.ac.uk/pub/databases/gwas/summary_statistics/GCST90202001-GCST90203000/GCST90202810/harmonised/GCST90202810.h.tsv.gz	87713140	4199523	5761	0.001372	0	0	0	14	5747	/data/opengwasdb/metabolome-plasma-2023/releases/2023-chen-full-east-asian/filtered/GCST90202810_GCST90202810.filtered.tsv.gz	160624	sha256	26654c8024a62ffa9a0d79a6bcffbec44ba3f631fc013fddd5374631d1577e1c	6.9	11.4	18.3
GCST90202811	ok	""	1	0	http://ftp.ebi.ac.uk/pub/databases/gwas/summary_statistics/GCST90202001-GCST90203000/GCST90202811/harmonised/GCST90202811.h.tsv.gz	84032626	4081309	5574	0.001366	0	0	0	13	5561	/data/opengwasdb/metabolome-plasma-2023/releases/2023-chen-full-east-asian/filtered/GCST90202811_GCST90202811.filtered.tsv.gz	155871	sha256	5d83727c8b5473af86ee75be1671bb3837e1fb60c898f5911b402e140b848a6e	6.2	11	17.3
GCST90202812	ok	""	1	0	http://ftp.ebi.ac.uk/pub/databases/gwas/summary_statistics/GCST90202001-GCST90203000/GCST90202812/harmonised/GCST90202812.h.tsv.gz	87530891	4185464	5730	0.001369	0	0	0	14	5716	/data/opengwasdb/metabolome-plasma-2023/releases/2023-chen-full-east-asian/filtered/GCST90202812_GCST90202812.filtered.tsv.gz	159991	sha256	d775d624d023935a7b3b4938f25d3cff5ec6bc517a041033a44cff1629066e25	6.5	10.7	17.2
GCST90202813	ok	""	1	0	http://ftp.ebi.ac.uk/pub/databases/gwas/summary_statistics/GCST90202001-GCST90203000/GCST90202813/harmonised/GCST90202813.h.tsv.gz	88396606	4239529	13350	0.003149	0	2	7539	17	5801	/data/opengwasdb/metabolome-plasma-2023/releases/2023-chen-full-east-asian/filtered/GCST90202813_GCST90202813.filtered.tsv.gz	299550	sha256	cfdfff9d34dc9d3a185224173f9ca7a5680d0720ef025d60745814de981870b0	5.4	11.3	16.8
GCST90202814	ok	""	1	0	http://ftp.ebi.ac.uk/pub/databases/gwas/summary_statistics/GCST90202001-GCST90203000/GCST90202814/harmonised/GCST90202814.h.tsv.gz	87291610	4171012	5707	0.001368	0	0	0	11	5696	/data/opengwasdb/metabolome-plasma-2023/releases/2023-chen-full-east-asian/filtered/GCST90202814_GCST90202814.filtered.tsv.gz	159002	sha256	fb01c84e8eef04cf1836f9cac33cabcc55353647b20515b0562caaa811bbbf28	5.8	9.8	15.7
GCST90202815	ok	""	1	0	http://ftp.ebi.ac.uk/pub/databases/gwas/summary_statistics/GCST90202001-GCST90203000/GCST90202815/harmonised/GCST90202815.h.tsv.gz	88224882	4223145	8958	0.002121	0	1	3164	18	5781	/data/opengwasdb/metabolome-plasma-2023/releases/2023-chen-full-east-asian/filtered/GCST90202815_GCST90202815.filtered.tsv.gz	219861	sha256	ddd8e7261bc2946dcc9823b3188a291acc898491c2ce6ee7ebfd4e4213c2c69e	6.1	11.9	18.1
GCST90202816	ok	""	1	0	http://ftp.ebi.ac.uk/pub/databases/gwas/summary_statistics/GCST90202001-GCST90203000/GCST90202816/harmonised/GCST90202816.h.tsv.gz	86959104	4190509	7951	0.001897	0	1	2212	26	5716	/data/opengwasdb/metabolome-plasma-2023/releases/2023-chen-full-east-asian/filtered/GCST90202816_GCST90202816.filtered.tsv.gz	204125	sha256	7437f3f5d70c73029b71631816cfd44ef0cb20771f8c97105249b67e073d085b	6.3	11.7	18
GCST90202817	ok	""	1	0	http://ftp.ebi.ac.uk/pub/databases/gwas/summary_statistics/GCST90202001-GCST90203000/GCST90202817/harmonised/GCST90202817.h.tsv.gz	88283101	4234971	5813	0.001373	0	0	0	18	5795	/data/opengwasdb/metabolome-plasma-2023/releases/2023-chen-full-east-asian/filtered/GCST90202817_GCST90202817.filtered.tsv.gz	161418	sha256	1b7ee9d537d39700e082c5e8dc407b591bb8ea03b4b501ee20de3fd3569f20af	5.8	10.3	16.1
GCST90202818	ok	""	1	0	http://ftp.ebi.ac.uk/pub/databases/gwas/summary_statistics/GCST90202001-GCST90203000/GCST90202818/harmonised/GCST90202818.h.tsv.gz	87839736	4203308	8637	0.002055	0	1	2862	32	5746	/data/opengwasdb/metabolome-plasma-2023/releases/2023-chen-full-east-asian/filtered/GCST90202818_GCST90202818.filtered.tsv.gz	221031	sha256	c803840c69f29169b399dd2b6e8d1dafab678097c482dd811602ba734007330b	5	11.5	16.5
GCST90202819	ok	""	1	0	http://ftp.ebi.ac.uk/pub/databases/gwas/summary_statistics/GCST90202001-GCST90203000/GCST90202819/harmonised/GCST90202819.h.tsv.gz	88407071	4239686	5817	0.001372	0	0	0	18	5799	/data/opengwasdb/metabolome-plasma-2023/releases/2023-chen-full-east-asian/filtered/GCST90202819_GCST90202819.filtered.tsv.gz	161711	sha256	989eb6f3edd50682153557d501f0b0f63b81a9ce0f1e6cd0efd942bf73a8d13e	7.1	11.2	18.3
GCST90202820	ok	""	1	0	http://ftp.ebi.ac.uk/pub/databases/gwas/summary_statistics/GCST90202001-GCST90203000/GCST90202820/harmonised/GCST90202820.h.tsv.gz	83246263	4186077	5735	0.00137	0	0	0	13	5722	/data/opengwasdb/metabolome-plasma-2023/releases/2023-chen-full-east-asian/filtered/GCST90202820_GCST90202820.filtered.tsv.gz	159925	sha256	b8228ba026fc1162b57ad7160d50d471b7027e0d7a725348ea82933b05f7f58c	6.4	11.7	18.1
GCST90202821	ok	""	1	0	http://ftp.ebi.ac.uk/pub/databases/gwas/summary_statistics/GCST90202001-GCST90203000/GCST90202821/harmonised/GCST90202821.h.tsv.gz	88077652	4217758	5782	0.001371	0	0	0	16	5766	/data/opengwasdb/metabolome-plasma-2023/releases/2023-chen-full-east-asian/filtered/GCST90202821_GCST90202821.filtered.tsv.gz	161005	sha256	41dce90d7fc69a6f5ac5ff58f38a12497ddad46a790b83d7eaeed6b98510caae	7	11.6	18.6
GCST90202822	ok	""	1	0	http://ftp.ebi.ac.uk/pub/databases/gwas/summary_statistics/GCST90202001-GCST90203000/GCST90202822/harmonised/GCST90202822.h.tsv.gz	83000098	4171012	5714	0.00137	0	0	0	18	5696	/data/opengwasdb/metabolome-plasma-2023/releases/2023-chen-full-east-asian/filtered/GCST90202822_GCST90202822.filtered.tsv.gz	159359	sha256	c9009986f88e987c0575fb533f3c746ea7ba6e1bf394c2af4c476fe416570591	7.9	9.9	17.7
GCST90202823	ok	""	1	0	http://ftp.ebi.ac.uk/pub/databases/gwas/summary_statistics/GCST90202001-GCST90203000/GCST90202823/harmonised/GCST90202823.h.tsv.gz	87525564	4185180	5733	0.00137	0	0	0	17	5716	/data/opengwasdb/metabolome-plasma-2023/releases/2023-chen-full-east-asian/filtered/GCST90202823_GCST90202823.filtered.tsv.gz	159899	sha256	2402ebf7460e34b5976e85c041ea613e639ef8170ad9c2d834977b1bf2e1963f	6.2	11.7	17.9
GCST90202824	ok	""	1	0	http://ftp.ebi.ac.uk/pub/databases/gwas/summary_statistics/GCST90202001-GCST90203000/GCST90202824/harmonised/GCST90202824.h.tsv.gz	83196905	4184489	9313	0.002226	0	1	3585	13	5719	/data/opengwasdb/metabolome-plasma-2023/releases/2023-chen-full-east-asian/filtered/GCST90202824_GCST90202824.filtered.tsv.gz	227458	sha256	0af9a0c3887dc1ce5328fe8e60b04b1f625578e7244912a8d45ad2c9b0f35d03	6.4	10	16.4
GCST90202825	ok	""	1	0	http://ftp.ebi.ac.uk/pub/databases/gwas/summary_statistics/GCST90202001-GCST90203000/GCST90202825/harmonised/GCST90202825.h.tsv.gz	74862638	4029477	5519	0.00137	0	0	0	34	5485	/data/opengwasdb/metabolome-plasma-2023/releases/2023-chen-full-east-asian/filtered/GCST90202825_GCST90202825.filtered.tsv.gz	152790	sha256	7ee03645febdb1ed2bcf23f00ee01faa70502ba3ab32db8b01ed35b95c830d6b	5.9	11.2	17.1
GCST90202826	ok	""	1	0	http://ftp.ebi.ac.uk/pub/databases/gwas/summary_statistics/GCST90202001-GCST90203000/GCST90202826/harmonised/GCST90202826.h.tsv.gz	87293510	4171012	5714	0.00137	0	0	0	18	5696	/data/opengwasdb/metabolome-plasma-2023/releases/2023-chen-full-east-asian/filtered/GCST90202826_GCST90202826.filtered.tsv.gz	159234	sha256	e7e23fb5b540a3d00623f026bc54980fb571be5db7c4fbd9f88dffb3ac18d5cc	6.3	9.9	16.2
GCST90202827	ok	""	1	0	http://ftp.ebi.ac.uk/pub/databases/gwas/summary_statistics/GCST90202001-GCST90203000/GCST90202827/harmonised/GCST90202827.h.tsv.gz	87279622	4171012	5713	0.00137	0	0	0	17	5696	/data/opengwasdb/metabolome-plasma-2023/releases/2023-chen-full-east-asian/filtered/GCST90202827_GCST90202827.filtered.tsv.gz	159420	sha256	0469ba059ed2ba482262f6f7685bfd76886ff88fe4e7799998c116c0a66f4fb7	7.9	11.9	19.8
GCST90202828	ok	""	1	0	http://ftp.ebi.ac.uk/pub/databases/gwas/summary_statistics/GCST90202001-GCST90203000/GCST90202828/harmonised/GCST90202828.h.tsv.gz	84032977	4228268	5781	0.001367	0	0	0	14	5767	/data/opengwasdb/metabolome-plasma-2023/releases/2023-chen-full-east-asian/filtered/GCST90202828_GCST90202828.filtered.tsv.gz	161068	sha256	bc321c34275e94077a624a1cece4c892be88a761439ff1126dbaa3dcc6cc2232	7.1	9.5	16.6
GCST90202829	ok	""	1	0	http://ftp.ebi.ac.uk/pub/databases/gwas/summary_statistics/GCST90202001-GCST90203000/GCST90202829/harmonised/GCST90202829.h.tsv.gz	87298297	4171012	5713	0.00137	0	0	0	17	5696	/data/opengwasdb/metabolome-plasma-2023/releases/2023-chen-full-east-asian/filtered/GCST90202829_GCST90202829.filtered.tsv.gz	159350	sha256	4b924d0561ca7bbec5f10f2ed099f14d1c089e4335464472535c4f9835a331ba	6.7	11.5	18.2
GCST90202830	ok	""	1	0	http://ftp.ebi.ac.uk/pub/databases/gwas/summary_statistics/GCST90202001-GCST90203000/GCST90202830/harmonised/GCST90202830.h.tsv.gz	87267969	4171012	5717	0.001371	0	0	0	21	5696	/data/opengwasdb/metabolome-plasma-2023/releases/2023-chen-full-east-asian/filtered/GCST90202830_GCST90202830.filtered.tsv.gz	159388	sha256	f36d7c1bca90c13ca456b9be9350ea87d76b0b145a8e66636216d681b129355d	7.6	11.2	18.9
GCST90202831	ok	""	1	0	http://ftp.ebi.ac.uk/pub/databases/gwas/summary_statistics/GCST90202001-GCST90203000/GCST90202831/harmonised/GCST90202831.h.tsv.gz	83138019	4176280	9577	0.002293	0	1	3857	13	5713	/data/opengwasdb/metabolome-plasma-2023/releases/2023-chen-full-east-asian/filtered/GCST90202831_GCST90202831.filtered.tsv.gz	233127	sha256	1345bb52d9a974ed600e00cf96821023d175ef88f6971a127a8ff6c04942963d	5.9	11.6	17.5
GCST90202832	ok	""	1	0	http://ftp.ebi.ac.uk/pub/databases/gwas/summary_statistics/GCST90202001-GCST90203000/GCST90202832/harmonised/GCST90202832.h.tsv.gz	87514994	4185880	5737	0.001371	0	0	0	19	5718	/data/opengwasdb/metabolome-plasma-2023/releases/2023-chen-full-east-asian/filtered/GCST90202832_GCST90202832.filtered.tsv.gz	160021	sha256	4fa05e7f88c99f1799de34fffa0f0971a740594e7fe7fc0b3adcf0a061c373ef	6.2	10.9	17.1
GCST90202833	ok	""	1	0	http://ftp.ebi.ac.uk/pub/databases/gwas/summary_statistics/GCST90202001-GCST90203000/GCST90202833/harmonised/GCST90202833.h.tsv.gz	82977636	4171012	5715	0.00137	0	0	0	19	5696	/data/opengwasdb/metabolome-plasma-2023/releases/2023-chen-full-east-asian/filtered/GCST90202833_GCST90202833.filtered.tsv.gz	159326	sha256	fc3289df4ade95422a6b71c0203ee3edf0210ce05bd644c620937b3e80872c4e	5.6	10.9	16.5
GCST90202834	ok	""	1	0	http://ftp.ebi.ac.uk/pub/databases/gwas/summary_statistics/GCST90202001-GCST90203000/GCST90202834/harmonised/GCST90202834.h.tsv.gz	83292684	4187705	5745	0.001372	0	0	0	16	5729	/data/opengwasdb/metabolome-plasma-2023/releases/2023-chen-full-east-asian/filtered/GCST90202834_GCST90202834.filtered.tsv.gz	160253	sha256	33c56242641d7674d8bbcb563ac9cd0d57f3b6546dcee625985a1e0df0ec6490	6.1	10.9	17
GCST90202835	ok	""	1	0	http://ftp.ebi.ac.uk/pub/databases/gwas/summary_statistics/GCST90202001-GCST90203000/GCST90202835/harmonised/GCST90202835.h.tsv.gz	87840690	4203643	14627	0.00348	0	3	8868	23	5749	/data/opengwasdb/metabolome-plasma-2023/releases/2023-chen-full-east-asian/filtered/GCST90202835_GCST90202835.filtered.tsv.gz	324433	sha256	81f01fcf9a10daf6cad2f363c0972031531c7a34930c8b27f68ba2b15020aef8	8.8	11.6	20.4
GCST90202836	ok	""	1	0	http://ftp.ebi.ac.uk/pub/databases/gwas/summary_statistics/GCST90202001-GCST90203000/GCST90202836/harmonised/GCST90202836.h.tsv.gz	87873744	4203981	13576	0.003229	0	2	7800	33	5753	/data/opengwasdb/metabolome-plasma-2023/releases/2023-chen-full-east-asian/filtered/GCST90202836_GCST90202836.filtered.tsv.gz	304587	sha256	c47c90a3b445a700a531599c75c01f6046bd45c8b0c0fc774417e02a48073101	10.3	11.3	21.5
GCST90202837	ok	""	1	0	http://ftp.ebi.ac.uk/pub/databases/gwas/summary_statistics/GCST90202001-GCST90203000/GCST90202837/harmonised/GCST90202837.h.tsv.gz	83555648	4205884	5753	0.001368	0	0	0	8	5745	/data/opengwasdb/metabolome-plasma-2023/releases/2023-chen-full-east-asian/filtered/GCST90202837_GCST90202837.filtered.tsv.gz	160320	sha256	c40294b4a0da7ff94ba24335d94d1c071fe3dca64b51f27100bf53ef434af74c	10.2	11.4	21.6
GCST90202838	ok	""	1	0	http://ftp.ebi.ac.uk/pub/databases/gwas/summary_statistics/GCST90202001-GCST90203000/GCST90202838/harmonised/GCST90202838.h.tsv.gz	87293826	4171012	5712	0.001369	0	0	0	16	5696	/data/opengwasdb/metabolome-plasma-2023/releases/2023-chen-full-east-asian/filtered/GCST90202838_GCST90202838.filtered.tsv.gz	159374	sha256	e1d469df412b31fef658058311163355f353e3336d2d49a1072f4c9a029e1dd9	10.3	11	21.3
GCST90202839	ok	""	1	0	http://ftp.ebi.ac.uk/pub/databases/gwas/summary_statistics/GCST90202001-GCST90203000/GCST90202839/harmonised/GCST90202839.h.tsv.gz	83003399	4171012	5719	0.001371	0	0	0	23	5696	/data/opengwasdb/metabolome-plasma-2023/releases/2023-chen-full-east-asian/filtered/GCST90202839_GCST90202839.filtered.tsv.gz	159494	sha256	69dbf4f99325c3809e99ddb853d6d00e30a860af37b5c95fcbba357e0684aed3	10.1	11.1	21.2
GCST90202840	ok	""	1	0	http://ftp.ebi.ac.uk/pub/databases/gwas/summary_statistics/GCST90202001-GCST90203000/GCST90202840/harmonised/GCST90202840.h.tsv.gz	83010941	4171012	5712	0.001369	0	0	0	16	5696	/data/opengwasdb/metabolome-plasma-2023/releases/2023-chen-full-east-asian/filtered/GCST90202840_GCST90202840.filtered.tsv.gz	159347	sha256	830b7827cb8d56f1ebe8a112f08cd8bbf19883b6ce02950dca3766395c66c5fa	11.3	11.1	22.4
GCST90202841	ok	""	1	0	http://ftp.ebi.ac.uk/pub/databases/gwas/summary_statistics/GCST90202001-GCST90203000/GCST90202841/harmonised/GCST90202841.h.tsv.gz	83468512	4203252	5768	0.001372	0	0	0	25	5743	/data/opengwasdb/metabolome-plasma-2023/releases/2023-chen-full-east-asian/filtered/GCST90202841_GCST90202841.filtered.tsv.gz	160681	sha256	73613783454eef823a757a257d58eed482ed890e7a4f79ed231c092299715fbe	10.3	11.1	21.3
GCST90202842	ok	""	1	0	http://ftp.ebi.ac.uk/pub/databases/gwas/summary_statistics/GCST90202001-GCST90203000/GCST90202842/harmonised/GCST90202842.h.tsv.gz	87555367	4186794	9363	0.002236	0	1	3624	32	5712	/data/opengwasdb/metabolome-plasma-2023/releases/2023-chen-full-east-asian/filtered/GCST90202842_GCST90202842.filtered.tsv.gz	230702	sha256	1f21f0ee5297c7a91fb27b6332811396d5e394032586171bb2ce36115eac038e	12.4	10.9	23.4
GCST90202843	ok	""	1	0	http://ftp.ebi.ac.uk/pub/databases/gwas/summary_statistics/GCST90202001-GCST90203000/GCST90202843/harmonised/GCST90202843.h.tsv.gz	87297865	4171012	5721	0.001372	0	0	0	25	5696	/data/opengwasdb/metabolome-plasma-2023/releases/2023-chen-full-east-asian/filtered/GCST90202843_GCST90202843.filtered.tsv.gz	159409	sha256	286807deeb18f197e46abf994cb2737b67b6afda813be2a7f66683ad4d767489	18.9	10.9	29.8
GCST90202844	ok	""	1	0	http://ftp.ebi.ac.uk/pub/databases/gwas/summary_statistics/GCST90202001-GCST90203000/GCST90202844/harmonised/GCST90202844.h.tsv.gz	83331084	4190184	5755	0.001373	0	0	0	17	5738	/data/opengwasdb/metabolome-plasma-2023/releases/2023-chen-full-east-asian/filtered/GCST90202844_GCST90202844.filtered.tsv.gz	160628	sha256	1dfe151249e4ce5a64cb0d5a7864cd8b0943e98f01b0f0ca1c2b9c237400819d	17.7	11	28.7
GCST90202845	ok	""	1	0	http://ftp.ebi.ac.uk/pub/databases/gwas/summary_statistics/GCST90202001-GCST90203000/GCST90202845/harmonised/GCST90202845.h.tsv.gz	83907285	4157318	5689	0.001368	0	0	0	33	5656	/data/opengwasdb/metabolome-plasma-2023/releases/2023-chen-full-east-asian/filtered/GCST90202845_GCST90202845.filtered.tsv.gz	157615	sha256	ce6eae90a95dc893fb6f32b9901b5e059aaee64c507ad7a82063804e63aa65b3	17.5	11.5	29
GCST90202846	ok	""	1	0	http://ftp.ebi.ac.uk/pub/databases/gwas/summary_statistics/GCST90202001-GCST90203000/GCST90202846/harmonised/GCST90202846.h.tsv.gz	83424545	4192186	5749	0.001371	0	0	0	15	5734	/data/opengwasdb/metabolome-plasma-2023/releases/2023-chen-full-east-asian/filtered/GCST90202846_GCST90202846.filtered.tsv.gz	160478	sha256	c9080622616f6bce2e352e88d60eb9c6cb71daea76f23982a369d6449501aab3	17.1	11.9	29
GCST90202847	ok	""	1	0	http://ftp.ebi.ac.uk/pub/databases/gwas/summary_statistics/GCST90202001-GCST90203000/GCST90202847/harmonised/GCST90202847.h.tsv.gz	88323798	4234548	5814	0.001373	0	0	0	24	5790	/data/opengwasdb/metabolome-plasma-2023/releases/2023-chen-full-east-asian/filtered/GCST90202847_GCST90202847.filtered.tsv.gz	161611	sha256	92b18fad722db256d02fba91680a686fb35b4c2567937b28b53201218799221f	16.1	11.1	27.3
GCST90202848	ok	""	1	0	http://ftp.ebi.ac.uk/pub/databases/gwas/summary_statistics/GCST90202001-GCST90203000/GCST90202848/harmonised/GCST90202848.h.tsv.gz	87531585	4185880	5743	0.001372	0	0	0	25	5718	/data/opengwasdb/metabolome-plasma-2023/releases/2023-chen-full-east-asian/filtered/GCST90202848_GCST90202848.filtered.tsv.gz	160096	sha256	54df3ccda3ad415e6862e0328c97367f8e568485c48fccc69363bee5a4e57661	16.4	10	26.4
GCST90202849	ok	""	1	0	http://ftp.ebi.ac.uk/pub/databases/gwas/summary_statistics/GCST90202001-GCST90203000/GCST90202849/harmonised/GCST90202849.h.tsv.gz	87820814	4202904	5771	0.001373	0	0	0	21	5750	/data/opengwasdb/metabolome-plasma-2023/releases/2023-chen-full-east-asian/filtered/GCST90202849_GCST90202849.filtered.tsv.gz	160903	sha256	006068354b396e9a3846551ee7afe993dff365f1089a8b79ad55d99ae623363b	15.5	11.4	26.9
GCST90202850	ok	""	1	0	http://ftp.ebi.ac.uk/pub/databases/gwas/summary_statistics/GCST90202001-GCST90203000/GCST90202850/harmonised/GCST90202850.h.tsv.gz	83200410	4185325	16617	0.00397	0	3	10884	32	5715	/data/opengwasdb/metabolome-plasma-2023/releases/2023-chen-full-east-asian/filtered/GCST90202850_GCST90202850.filtered.tsv.gz	371593	sha256	b6d5e46c2284ffab3ee150cacbc81a42724de0ec69e8716d09f80062a8be2e0b	15.1	11.3	26.5
GCST90202851	ok	""	1	0	http://ftp.ebi.ac.uk/pub/databases/gwas/summary_statistics/GCST90202001-GCST90203000/GCST90202851/harmonised/GCST90202851.h.tsv.gz	87241938	4171012	5720	0.001371	0	0	0	24	5696	/data/opengwasdb/metabolome-plasma-2023/releases/2023-chen-full-east-asian/filtered/GCST90202851_GCST90202851.filtered.tsv.gz	159407	sha256	c155057695f9ae2b085e4f9df85c61b7f17025149febe679e84ace63a41c4add	10.5	11.6	22.1
GCST90202852	ok	""	1	0	http://ftp.ebi.ac.uk/pub/databases/gwas/summary_statistics/GCST90202001-GCST90203000/GCST90202852/harmonised/GCST90202852.h.tsv.gz	87527115	4185180	5728	0.001369	0	0	0	12	5716	/data/opengwasdb/metabolome-plasma-2023/releases/2023-chen-full-east-asian/filtered/GCST90202852_GCST90202852.filtered.tsv.gz	159858	sha256	343d425c7f00a23e965def12ef10310880f5522c3abc7d5fff6ab6910209da60	11.1	11.2	22.3
GCST90202853	ok	""	1	0	http://ftp.ebi.ac.uk/pub/databases/gwas/summary_statistics/GCST90202001-GCST90203000/GCST90202853/harmonised/GCST90202853.h.tsv.gz	87936979	4207465	19866	0.004722	0	4	14104	32	5749	/data/opengwasdb/metabolome-plasma-2023/releases/2023-chen-full-east-asian/filtered/GCST90202853_GCST90202853.filtered.tsv.gz	422532	sha256	96eba67abd1dde0e433cefd8a984809dba8ef4c80aded33fefadd782c177d95e	11.9	11.5	23.5
GCST90202854	ok	""	1	0	http://ftp.ebi.ac.uk/pub/databases/gwas/summary_statistics/GCST90202001-GCST90203000/GCST90202854/harmonised/GCST90202854.h.tsv.gz	82945513	4171012	8832	0.002117	0	1	3129	10	5696	/data/opengwasdb/metabolome-plasma-2023/releases/2023-chen-full-east-asian/filtered/GCST90202854_GCST90202854.filtered.tsv.gz	216497	sha256	204edc09d13b9fc381d9a7c4741db0346a18693c571ee36f8d957d6de10e5219	11.3	10.3	21.5
GCST90202855	ok	""	1	0	http://ftp.ebi.ac.uk/pub/databases/gwas/summary_statistics/GCST90202001-GCST90203000/GCST90202855/harmonised/GCST90202855.h.tsv.gz	82564636	4194248	11928	0.002844	0	2	6169	29	5738	/data/opengwasdb/metabolome-plasma-2023/releases/2023-chen-full-east-asian/filtered/GCST90202855_GCST90202855.filtered.tsv.gz	280682	sha256	b0ce0212d58abd847989c4691e613757ff69941fe44f0f5183d0a230d0ff126e	5	11.9	16.9
GCST90202856	ok	""	1	0	http://ftp.ebi.ac.uk/pub/databases/gwas/summary_statistics/GCST90202001-GCST90203000/GCST90202856/harmonised/GCST90202856.h.tsv.gz	87589487	4187673	5732	0.001369	0	0	0	18	5714	/data/opengwasdb/metabolome-plasma-2023/releases/2023-chen-full-east-asian/filtered/GCST90202856_GCST90202856.filtered.tsv.gz	160100	sha256	b497f210c99b352b26092a7d732aed641f3edebbe48482d1e657371150d8e87d	5.4	11.2	16.6
GCST90202857	ok	""	1	0	http://ftp.ebi.ac.uk/pub/databases/gwas/summary_statistics/GCST90202001-GCST90203000/GCST90202857/harmonised/GCST90202857.h.tsv.gz	87254757	4171012	5709	0.001369	0	0	0	13	5696	/data/opengwasdb/metabolome-plasma-2023/releases/2023-chen-full-east-asian/filtered/GCST90202857_GCST90202857.filtered.tsv.gz	159022	sha256	59e1798e023be8b53fe335be7cc288bbfd7b5ac8fc6dd4b1eff42bcc49961654	6	10.4	16.4
GCST90202858	ok	""	1	0	http://ftp.ebi.ac.uk/pub/databases/gwas/summary_statistics/GCST90202001-GCST90203000/GCST90202858/harmonised/GCST90202858.h.tsv.gz	81286779	4113913	5627	0.001368	0	0	0	13	5614	/data/opengwasdb/metabolome-plasma-2023/releases/2023-chen-full-east-asian/filtered/GCST90202858_GCST90202858.filtered.tsv.gz	157322	sha256	7665dfb9baeed9144f059a1b8cac08a1f037ef175588e2c4751f5f16983a0dcd	5.6	10	15.7
GCST90202859	ok	""	1	0	http://ftp.ebi.ac.uk/pub/databases/gwas/summary_statistics/GCST90202001-GCST90203000/GCST90202859/harmonised/GCST90202859.h.tsv.gz	83150369	4176280	5732	0.001373	0	0	0	19	5713	/data/opengwasdb/metabolome-plasma-2023/releases/2023-chen-full-east-asian/filtered/GCST90202859_GCST90202859.filtered.tsv.gz	159994	sha256	35bf99cbcea331e5c698d9692fdf4836dd653a4f3a1e03819f9346ab21aaebc4	3.4	11.7	15.1
GCST90202860	ok	""	1	0	http://ftp.ebi.ac.uk/pub/databases/gwas/summary_statistics/GCST90202001-GCST90203000/GCST90202860/harmonised/GCST90202860.h.tsv.gz	87272211	4171012	5713	0.00137	0	0	0	17	5696	/data/opengwasdb/metabolome-plasma-2023/releases/2023-chen-full-east-asian/filtered/GCST90202860_GCST90202860.filtered.tsv.gz	159227	sha256	6d5a4ef76ea822a534ec2392fb4b073f85d94e0870badb8a008957003dcf9a36	6.4	10.5	16.9
GCST90202861	ok	""	1	0	http://ftp.ebi.ac.uk/pub/databases/gwas/summary_statistics/GCST90202001-GCST90203000/GCST90202861/harmonised/GCST90202861.h.tsv.gz	82957069	4171012	5714	0.00137	0	0	0	18	5696	/data/opengwasdb/metabolome-plasma-2023/releases/2023-chen-full-east-asian/filtered/GCST90202861_GCST90202861.filtered.tsv.gz	159224	sha256	ad6dc90be0afb9b9fc5a2de7e5f5568c1f87a7af39e4d045eda394a455629d53	3.9	11.6	15.6
GCST90202862	ok	""	1	0	http://ftp.ebi.ac.uk/pub/databases/gwas/summary_statistics/GCST90202001-GCST90203000/GCST90202862/harmonised/GCST90202862.h.tsv.gz	87527611	4185880	5741	0.001372	0	0	0	23	5718	/data/opengwasdb/metabolome-plasma-2023/releases/2023-chen-full-east-asian/filtered/GCST90202862_GCST90202862.filtered.tsv.gz	160145	sha256	ef902ea73a010c8f787d559b1bf12a3371cc2fa45bd5b70af936097240395d17	5.4	10.5	15.9
GCST90202863	ok	""	1	0	http://ftp.ebi.ac.uk/pub/databases/gwas/summary_statistics/GCST90202001-GCST90203000/GCST90202863/harmonised/GCST90202863.h.tsv.gz	87597991	4187527	5745	0.001372	0	0	0	13	5732	/data/opengwasdb/metabolome-plasma-2023/releases/2023-chen-full-east-asian/filtered/GCST90202863_GCST90202863.filtered.tsv.gz	160398	sha256	ec14350d90c0f12d4fa5e8c8725f25e77dbde9407870f32a4d106b5e38e9563d	6	11.8	17.8
GCST90202864	ok	""	1	0	http://ftp.ebi.ac.uk/pub/databases/gwas/summary_statistics/GCST90202001-GCST90203000/GCST90202864/harmonised/GCST90202864.h.tsv.gz	87612433	4188363	5738	0.00137	0	0	0	16	5722	/data/opengwasdb/metabolome-plasma-2023/releases/2023-chen-full-east-asian/filtered/GCST90202864_GCST90202864.filtered.tsv.gz	160216	sha256	7a15da16d64e103bd9b2bd5eafb8d483887e844f1b43ea45f95d88ecc8a96c40	4.1	10.6	14.6
GCST90202865	ok	""	1	0	http://ftp.ebi.ac.uk/pub/databases/gwas/summary_statistics/GCST90202001-GCST90203000/GCST90202865/harmonised/GCST90202865.h.tsv.gz	87576833	4186423	8843	0.002112	0	1	3112	16	5717	/data/opengwasdb/metabolome-plasma-2023/releases/2023-chen-full-east-asian/filtered/GCST90202865_GCST90202865.filtered.tsv.gz	217931	sha256	94d8ad66a1bb401b85b0394d231298cccf188ec87794fe4d3b1af6b84f7299e7	5.2	10	15.2
GCST90202866	ok	""	1	0	http://ftp.ebi.ac.uk/pub/databases/gwas/summary_statistics/GCST90202001-GCST90203000/GCST90202866/harmonised/GCST90202866.h.tsv.gz	82988812	4171012	8867	0.002126	0	1	3157	19	5696	/data/opengwasdb/metabolome-plasma-2023/releases/2023-chen-full-east-asian/filtered/GCST90202866_GCST90202866.filtered.tsv.gz	217338	sha256	c082def5b8b042e7a6868166a65bb9d41a996af6619c644f243f8f153cb0b9f5	4.6	11	15.5
GCST90202867	ok	""	1	0	http://ftp.ebi.ac.uk/pub/databases/gwas/summary_statistics/GCST90202001-GCST90203000/GCST90202867/harmonised/GCST90202867.h.tsv.gz	82991008	4171012	5713	0.00137	0	0	0	17	5696	/data/opengwasdb/metabolome-plasma-2023/releases/2023-chen-full-east-asian/filtered/GCST90202867_GCST90202867.filtered.tsv.gz	159201	sha256	94d0eb3b8edfb4371b15d60098cf088122a17373ed5b4c838af10c26889b1280	5.7	11	16.7
GCST90202868	ok	""	1	0	http://ftp.ebi.ac.uk/pub/databases/gwas/summary_statistics/GCST90202001-GCST90203000/GCST90202868/harmonised/GCST90202868.h.tsv.gz	83205409	4185757	5745	0.001373	0	0	0	23	5722	/data/opengwasdb/metabolome-plasma-2023/releases/2023-chen-full-east-asian/filtered/GCST90202868_GCST90202868.filtered.tsv.gz	160151	sha256	94fcc44b5a3b0de4f6a8c0a47727636747bff83609687d9c458d2710ff07f0a6	6.1	10.9	17
GCST90202869	ok	""	1	0	http://ftp.ebi.ac.uk/pub/databases/gwas/summary_statistics/GCST90202001-GCST90203000/GCST90202869/harmonised/GCST90202869.h.tsv.gz	87285331	4171012	5717	0.001371	0	0	0	21	5696	/data/opengwasdb/metabolome-plasma-2023/releases/2023-chen-full-east-asian/filtered/GCST90202869_GCST90202869.filtered.tsv.gz	159453	sha256	ca564b0103ba0f73c5cd447b95a869832eea9e9898cf43d415c6938ff8e2928b	5.6	11.4	16.9
GCST90202870	ok	""	1	0	http://ftp.ebi.ac.uk/pub/databases/gwas/summary_statistics/GCST90202001-GCST90203000/GCST90202870/harmonised/GCST90202870.h.tsv.gz	80943286	4090620	13927	0.003405	0	3	8350	17	5568	/data/opengwasdb/metabolome-plasma-2023/releases/2023-chen-full-east-asian/filtered/GCST90202870_GCST90202870.filtered.tsv.gz	320226	sha256	8caeac8e1eb841876f7e28c3d1e2ccbf2d49618044f5c7566e47f14276a68411	5.7	11.6	17.3
GCST90202871	ok	""	1	0	http://ftp.ebi.ac.uk/pub/databases/gwas/summary_statistics/GCST90202001-GCST90203000/GCST90202871/harmonised/GCST90202871.h.tsv.gz	80593930	4138903	13423	0.003243	0	2	7730	39	5663	/data/opengwasdb/metabolome-plasma-2023/releases/2023-chen-full-east-asian/filtered/GCST90202871_GCST90202871.filtered.tsv.gz	302774	sha256	bffa58dbb8293f0cc41020ba83c2f6c184eba1098627df7dd62079ca004baf2b	7.3	11.3	18.6
GCST90202872	ok	""	1	0	http://ftp.ebi.ac.uk/pub/databases/gwas/summary_statistics/GCST90202001-GCST90203000/GCST90202872/harmonised/GCST90202872.h.tsv.gz	82670851	4266700	14186	0.003325	0	3	8307	37	5857	/data/opengwasdb/metabolome-plasma-2023/releases/2023-chen-full-east-asian/filtered/GCST90202872_GCST90202872.filtered.tsv.gz	316868	sha256	12a96e1b3ecd9b99372b5b33d5504ff250d03d8100b2751b234787d02f36aab8	7.7	11.4	19.1
GCST90202873	ok	""	1	0	http://ftp.ebi.ac.uk/pub/databases/gwas/summary_statistics/GCST90202001-GCST90203000/GCST90202873/harmonised/GCST90202873.h.tsv.gz	83466802	4202981	5763	0.001371	0	0	0	16	5747	/data/opengwasdb/metabolome-plasma-2023/releases/2023-chen-full-east-asian/filtered/GCST90202873_GCST90202873.filtered.tsv.gz	160556	sha256	4801b7c193ae2a86ed748e29c6a1089887c265d4ae71ebcb60fe2cc64d14253d	7.2	11.6	18.8
GCST90202874	ok	""	1	0	http://ftp.ebi.ac.uk/pub/databases/gwas/summary_statistics/GCST90202001-GCST90203000/GCST90202874/harmonised/GCST90202874.h.tsv.gz	83542335	4204291	5758	0.00137	0	0	0	26	5732	/data/opengwasdb/metabolome-plasma-2023/releases/2023-chen-full-east-asian/filtered/GCST90202874_GCST90202874.filtered.tsv.gz	160608	sha256	63ea4eee6a5e8efdc8586184ff992c573b1fd392e1fe4729d09d3922e07ae69f	6.7	11.5	18.2
GCST90202875	ok	""	1	0	http://ftp.ebi.ac.uk/pub/databases/gwas/summary_statistics/GCST90202001-GCST90203000/GCST90202875/harmonised/GCST90202875.h.tsv.gz	85194585	4093845	5587	0.001365	0	0	0	22	5566	/data/opengwasdb/metabolome-plasma-2023/releases/2023-chen-full-east-asian/filtered/GCST90202875_GCST90202875.filtered.tsv.gz	156411	sha256	afe5f3dc5faafa20a555e230226575457075afce527b42d5fc2fe64b02c2b924	6.5	9.6	16.1
GCST90202876	ok	""	1	0	http://ftp.ebi.ac.uk/pub/databases/gwas/summary_statistics/GCST90202001-GCST90203000/GCST90202876/harmonised/GCST90202876.h.tsv.gz	83568521	4206041	14896	0.003542	0	3	9112	28	5767	/data/opengwasdb/metabolome-plasma-2023/releases/2023-chen-full-east-asian/filtered/GCST90202876_GCST90202876.filtered.tsv.gz	340277	sha256	3673398a235396c23d1d5c39ace68b19a300355df811f2ea94269ed08a2fb636	5.9	11.4	17.3
GCST90202877	ok	""	1	0	http://ftp.ebi.ac.uk/pub/databases/gwas/summary_statistics/GCST90202001-GCST90203000/GCST90202877/harmonised/GCST90202877.h.tsv.gz	83459837	4202037	5771	0.001373	0	0	0	19	5752	/data/opengwasdb/metabolome-plasma-2023/releases/2023-chen-full-east-asian/filtered/GCST90202877_GCST90202877.filtered.tsv.gz	160939	sha256	b7af586b01bd2e1b7f48de440f2880da73f487cca5eff494255bd93e2cedd7b4	6.9	11.4	18.4
GCST90202878	ok	""	1	0	http://ftp.ebi.ac.uk/pub/databases/gwas/summary_statistics/GCST90202001-GCST90203000/GCST90202878/harmonised/GCST90202878.h.tsv.gz	87301862	4171012	5714	0.00137	0	0	0	18	5696	/data/opengwasdb/metabolome-plasma-2023/releases/2023-chen-full-east-asian/filtered/GCST90202878_GCST90202878.filtered.tsv.gz	159377	sha256	bd41d9601610f66d42fcb6b92fd95f3a8bb476de09a5253c8aa8f6c0a053143f	5.7	11.3	17
GCST90202879	ok	""	1	0	http://ftp.ebi.ac.uk/pub/databases/gwas/summary_statistics/GCST90202001-GCST90203000/GCST90202879/harmonised/GCST90202879.h.tsv.gz	87268210	4171012	18669	0.004476	0	3	12968	16	5696	/data/opengwasdb/metabolome-plasma-2023/releases/2023-chen-full-east-asian/filtered/GCST90202879_GCST90202879.filtered.tsv.gz	397386	sha256	043030a691365db69a71608137a76354fc3f4645266ee1b864b173e94b7f6e61	5.2	11.7	16.9
GCST90202880	ok	""	1	0	http://ftp.ebi.ac.uk/pub/databases/gwas/summary_statistics/GCST90202001-GCST90203000/GCST90202880/harmonised/GCST90202880.h.tsv.gz	87805169	4202014	5760	0.001371	0	0	0	13	5747	/data/opengwasdb/metabolome-plasma-2023/releases/2023-chen-full-east-asian/filtered/GCST90202880_GCST90202880.filtered.tsv.gz	160524	sha256	3f7db73405c012880de418e0158a1bf3b3fe49f158e053caf5dc84a7b8ce766a	5.9	10.9	16.8
GCST90202881	ok	""	1	0	http://ftp.ebi.ac.uk/pub/databases/gwas/summary_statistics/GCST90202001-GCST90203000/GCST90202881/harmonised/GCST90202881.h.tsv.gz	82158037	4049883	5561	0.001373	0	0	0	34	5527	/data/opengwasdb/metabolome-plasma-2023/releases/2023-chen-full-east-asian/filtered/GCST90202881_GCST90202881.filtered.tsv.gz	154934	sha256	fa7ae51da0e03d3182f2f7b95aaac28ecbacd93672b6f4cd66bac0c7a464d691	5	11.4	16.3
GCST90202882	ok	""	1	0	http://ftp.ebi.ac.uk/pub/databases/gwas/summary_statistics/GCST90202001-GCST90203000/GCST90202882/harmonised/GCST90202882.h.tsv.gz	82996391	4171012	9873	0.002367	0	1	4161	23	5696	/data/opengwasdb/metabolome-plasma-2023/releases/2023-chen-full-east-asian/filtered/GCST90202882_GCST90202882.filtered.tsv.gz	237953	sha256	37c1f5d4d40fbb291eff20cfeb2ff1e8e2319c4b1127f7700ce0edd263810fc4	6	10.3	16.3
GCST90202883	ok	""	1	0	http://ftp.ebi.ac.uk/pub/databases/gwas/summary_statistics/GCST90202001-GCST90203000/GCST90202883/harmonised/GCST90202883.h.tsv.gz	87303804	4171012	5721	0.001372	0	0	0	25	5696	/data/opengwasdb/metabolome-plasma-2023/releases/2023-chen-full-east-asian/filtered/GCST90202883_GCST90202883.filtered.tsv.gz	159564	sha256	2f25fb064c2a2166ae0915d68629432c50b65538de161ae4342bf91b15820f0b	6.1	10.7	16.8
GCST90202884	ok	""	1	0	http://ftp.ebi.ac.uk/pub/databases/gwas/summary_statistics/GCST90202001-GCST90203000/GCST90202884/harmonised/GCST90202884.h.tsv.gz	79529191	4092453	7156	0.001749	0	1	1548	19	5592	/data/opengwasdb/metabolome-plasma-2023/releases/2023-chen-full-east-asian/filtered/GCST90202884_GCST90202884.filtered.tsv.gz	188610	sha256	a6d4b88c9d72c201094a7937e9cc8fe054657c3de811550e0b662bba716c9684	5.6	11.2	16.8
GCST90202885	ok	""	1	0	http://ftp.ebi.ac.uk/pub/databases/gwas/summary_statistics/GCST90202001-GCST90203000/GCST90202885/harmonised/GCST90202885.h.tsv.gz	87282614	4171012	5712	0.001369	0	0	0	16	5696	/data/opengwasdb/metabolome-plasma-2023/releases/2023-chen-full-east-asian/filtered/GCST90202885_GCST90202885.filtered.tsv.gz	159145	sha256	6f11f788f8aa3e3174b6f4719ee311f7237ed05a1b564b040d2daeb7f9597828	6.2	10.6	16.8
GCST90202886	ok	""	1	0	http://ftp.ebi.ac.uk/pub/databases/gwas/summary_statistics/GCST90202001-GCST90203000/GCST90202886/harmonised/GCST90202886.h.tsv.gz	88263408	4230885	5813	0.001374	0	0	0	33	5780	/data/opengwasdb/metabolome-plasma-2023/releases/2023-chen-full-east-asian/filtered/GCST90202886_GCST90202886.filtered.tsv.gz	161523	sha256	2dc3095c819ca335610d56639be1cc9ba2363963967ba549c0a53eb8f598f472	6.1	10.7	16.8
GCST90202887	ok	""	1	0	http://ftp.ebi.ac.uk/pub/databases/gwas/summary_statistics/GCST90202001-GCST90203000/GCST90202887/harmonised/GCST90202887.h.tsv.gz	87543249	4185415	5735	0.00137	0	0	0	17	5718	/data/opengwasdb/metabolome-plasma-2023/releases/2023-chen-full-east-asian/filtered/GCST90202887_GCST90202887.filtered.tsv.gz	159923	sha256	011444a2ec9aa2e34ae68e52faca3e2514954e76c8e42828acf38bd6ad851f82	6.4	10.1	16.5
GCST90202888	ok	""	1	0	http://ftp.ebi.ac.uk/pub/databases/gwas/summary_statistics/GCST90202001-GCST90203000/GCST90202888/harmonised/GCST90202888.h.tsv.gz	81545213	4126865	10030	0.00243	0	1	4398	24	5612	/data/opengwasdb/metabolome-plasma-2023/releases/2023-chen-full-east-asian/filtered/GCST90202888_GCST90202888.filtered.tsv.gz	242991	sha256	4a3459bc7739dcd3e48aa075c3f31de0f98a2917b0dd84cf2f6b74da7ba16934	6.3	11.7	17.9
GCST90202889	ok	""	1	0	http://ftp.ebi.ac.uk/pub/databases/gwas/summary_statistics/GCST90202001-GCST90203000/GCST90202889/harmonised/GCST90202889.h.tsv.gz	87472333	4184887	5738	0.001371	0	0	0	17	5721	/data/opengwasdb/metabolome-plasma-2023/releases/2023-chen-full-east-asian/filtered/GCST90202889_GCST90202889.filtered.tsv.gz	160042	sha256	177f2ca7fea1cb1c56a3e15d070fb3c943ea9b4b990819378b4006f61e382d5a	6.1	10.5	16.6
GCST90202890	ok	""	1	0	http://ftp.ebi.ac.uk/pub/databases/gwas/summary_statistics/GCST90202001-GCST90203000/GCST90202890/harmonised/GCST90202890.h.tsv.gz	85704049	4176807	5709	0.001367	0	0	0	21	5688	/data/opengwasdb/metabolome-plasma-2023/releases/2023-chen-full-east-asian/filtered/GCST90202890_GCST90202890.filtered.tsv.gz	159204	sha256	fdb8e4997609b1479ecc8e61161fa3fc8b5608638d76cee191098b5e01553367	6.3	10.3	16.6
GCST90202891	ok	""	1	0	http://ftp.ebi.ac.uk/pub/databases/gwas/summary_statistics/GCST90202001-GCST90203000/GCST90202891/harmonised/GCST90202891.h.tsv.gz	83857347	4221523	5793	0.001372	0	0	0	30	5763	/data/opengwasdb/metabolome-plasma-2023/releases/2023-chen-full-east-asian/filtered/GCST90202891_GCST90202891.filtered.tsv.gz	161222	sha256	9cb508b31c8bc47ed6fc2dd46e40764618e895e1934c255308ba0e1e4d804dbe	6.3	11.9	18.2
GCST90202892	ok	""	1	0	http://ftp.ebi.ac.uk/pub/databases/gwas/summary_statistics/GCST90202001-GCST90203000/GCST90202892/harmonised/GCST90202892.h.tsv.gz	87733014	4199899	13620	0.003243	0	2	7870	23	5737	/data/opengwasdb/metabolome-plasma-2023/releases/2023-chen-full-east-asian/filtered/GCST90202892_GCST90202892.filtered.tsv.gz	309200	sha256	1cf80410bfa833193da8d6e879b49992dfd3a6988ea8a01a936d5ab7bb868b84	6.7	10.6	17.3
GCST90202893	ok	""	1	0	http://ftp.ebi.ac.uk/pub/databases/gwas/summary_statistics/GCST90202001-GCST90203000/GCST90202893/harmonised/GCST90202893.h.tsv.gz	87615058	4188209	5744	0.001371	0	0	0	19	5725	/data/opengwasdb/metabolome-plasma-2023/releases/2023-chen-full-east-asian/filtered/GCST90202893_GCST90202893.filtered.tsv.gz	160321	sha256	a609f740583b52a3254753c4dc09785add82042cae7744c9f6a802e2127d1471	6.1	11.1	17.2
GCST90202894	ok	""	1	0	http://ftp.ebi.ac.uk/pub/databases/gwas/summary_statistics/GCST90202001-GCST90203000/GCST90202894/harmonised/GCST90202894.h.tsv.gz	83203529	4186837	5733	0.001369	0	0	0	17	5716	/data/opengwasdb/metabolome-plasma-2023/releases/2023-chen-full-east-asian/filtered/GCST90202894_GCST90202894.filtered.tsv.gz	159861	sha256	c7ecc131e6b648420dbe92f1156e7094d2d81236245d33526f7eb66b7c63e1a5	6.3	11.4	17.8
GCST90202895	ok	""	1	0	http://ftp.ebi.ac.uk/pub/databases/gwas/summary_statistics/GCST90202001-GCST90203000/GCST90202895/harmonised/GCST90202895.h.tsv.gz	82988985	4171012	5716	0.00137	0	0	0	20	5696	/data/opengwasdb/metabolome-plasma-2023/releases/2023-chen-full-east-asian/filtered/GCST90202895_GCST90202895.filtered.tsv.gz	159404	sha256	4c15d0a0880e0c3c4e764a213e72841bce62a1b5e817b17a9817d90c77e0b24e	4.3	11.5	15.7
GCST90202896	ok	""	1	0	http://ftp.ebi.ac.uk/pub/databases/gwas/summary_statistics/GCST90202001-GCST90203000/GCST90202896/harmonised/GCST90202896.h.tsv.gz	87296534	4171012	5711	0.001369	0	0	0	15	5696	/data/opengwasdb/metabolome-plasma-2023/releases/2023-chen-full-east-asian/filtered/GCST90202896_GCST90202896.filtered.tsv.gz	159199	sha256	e483eeb2d36dd2d1265205ab4028aa7c5e037bdfa060278046aa14fda7d60630	5.4	11.6	17
GCST90202897	ok	""	1	0	http://ftp.ebi.ac.uk/pub/databases/gwas/summary_statistics/GCST90202001-GCST90203000/GCST90202897/harmonised/GCST90202897.h.tsv.gz	83801487	4220648	8140	0.001929	0	1	2368	15	5761	/data/opengwasdb/metabolome-plasma-2023/releases/2023-chen-full-east-asian/filtered/GCST90202897_GCST90202897.filtered.tsv.gz	211900	sha256	a55673d7e6902943d918f407f166e7e25f9273c2c7bcec91a04ba502cbc1be22	3.8	12.3	16.1
GCST90202898	ok	""	1	0	http://ftp.ebi.ac.uk/pub/databases/gwas/summary_statistics/GCST90202001-GCST90203000/GCST90202898/harmonised/GCST90202898.h.tsv.gz	85031435	4084614	5566	0.001363	0	0	0	11	5555	/data/opengwasdb/metabolome-plasma-2023/releases/2023-chen-full-east-asian/filtered/GCST90202898_GCST90202898.filtered.tsv.gz	155678	sha256	df316440b33b8705b998690aa38c7f56ea48c03d49aa1866d8996d7081b00c21	3.9	11	14.9
GCST90202899	ok	""	1	0	http://ftp.ebi.ac.uk/pub/databases/gwas/summary_statistics/GCST90202001-GCST90203000/GCST90202899/harmonised/GCST90202899.h.tsv.gz	84455354	4112553	5607	0.001363	0	0	0	10	5597	/data/opengwasdb/metabolome-plasma-2023/releases/2023-chen-full-east-asian/filtered/GCST90202899_GCST90202899.filtered.tsv.gz	156398	sha256	ef28801f8cf1381e4216cd15a724cc895ed3fa947bf38baefed9087642ed1e06	5.9	9.9	15.7
GCST90202900	ok	""	1	0	http://ftp.ebi.ac.uk/pub/databases/gwas/summary_statistics/GCST90202001-GCST90203000/GCST90202900/harmonised/GCST90202900.h.tsv.gz	87507761	4184887	5739	0.001371	0	0	0	18	5721	/data/opengwasdb/metabolome-plasma-2023/releases/2023-chen-full-east-asian/filtered/GCST90202900_GCST90202900.filtered.tsv.gz	160013	sha256	ea40d18278323122dd7fc3c81ac95e65c2ea3b9f4ffa0c48fe945883e7b4d67a	5.6	12	17.6
GCST90202901	ok	""	1	0	http://ftp.ebi.ac.uk/pub/databases/gwas/summary_statistics/GCST90202001-GCST90203000/GCST90202901/harmonised/GCST90202901.h.tsv.gz	83303716	4188203	5735	0.001369	0	0	0	17	5718	/data/opengwasdb/metabolome-plasma-2023/releases/2023-chen-full-east-asian/filtered/GCST90202901_GCST90202901.filtered.tsv.gz	160139	sha256	6789b94d6b7c3ac8249e606b65d19a84be3ff917c512e4a4e37dc985a97e163e	6	11.3	17.3
GCST90202902	ok	""	1	0	http://ftp.ebi.ac.uk/pub/databases/gwas/summary_statistics/GCST90202001-GCST90203000/GCST90202902/harmonised/GCST90202902.h.tsv.gz	87519667	4185325	5729	0.001369	0	0	0	14	5715	/data/opengwasdb/metabolome-plasma-2023/releases/2023-chen-full-east-asian/filtered/GCST90202902_GCST90202902.filtered.tsv.gz	159857	sha256	a7b0b917d61ca4a94fdfd5d70df1c6012f8c7548cd5c3c19d04e2b2e6f114974	6.4	11.2	17.6
GCST90202903	ok	""	1	0	http://ftp.ebi.ac.uk/pub/databases/gwas/summary_statistics/GCST90202001-GCST90203000/GCST90202903/harmonised/GCST90202903.h.tsv.gz	83519433	4205211	5775	0.001373	0	0	0	17	5758	/data/opengwasdb/metabolome-plasma-2023/releases/2023-chen-full-east-asian/filtered/GCST90202903_GCST90202903.filtered.tsv.gz	160888	sha256	07e99d9eb5430c4b40c294c832d15124b1fea7eccc14bc7ee8a4161b35f65f2f	15.2	12.1	27.2
GCST90202904	ok	""	1	0	http://ftp.ebi.ac.uk/pub/databases/gwas/summary_statistics/GCST90202001-GCST90203000/GCST90202904/harmonised/GCST90202904.h.tsv.gz	84150982	4095318	5583	0.001363	0	0	0	19	5564	/data/opengwasdb/metabolome-plasma-2023/releases/2023-chen-full-east-asian/filtered/GCST90202904_GCST90202904.filtered.tsv.gz	155511	sha256	9ff76a5bb194d00704b24b82ba8a9defca6bfd93eee3df1d8d4acbb1f4c09450	14.2	11.3	25.4
GCST90202905	ok	""	1	0	http://ftp.ebi.ac.uk/pub/databases/gwas/summary_statistics/GCST90202001-GCST90203000/GCST90202905/harmonised/GCST90202905.h.tsv.gz	87595761	4186701	5732	0.001369	0	0	0	14	5718	/data/opengwasdb/metabolome-plasma-2023/releases/2023-chen-full-east-asian/filtered/GCST90202905_GCST90202905.filtered.tsv.gz	160117	sha256	a4aaf7fc6f2ce468ab7c95109f338dcbd731d8ced85b914f8dfd31b71f3d48d7	15.2	10.9	26
GCST90202906	ok	""	1	0	http://ftp.ebi.ac.uk/pub/databases/gwas/summary_statistics/GCST90202001-GCST90203000/GCST90202906/harmonised/GCST90202906.h.tsv.gz	87547273	4186837	10238	0.002445	0	1	4506	22	5716	/data/opengwasdb/metabolome-plasma-2023/releases/2023-chen-full-east-asian/filtered/GCST90202906_GCST90202906.filtered.tsv.gz	248893	sha256	118d2e6be07bbc9c3b3bc610a8a00fce2e43d8228337271eaf29f55186753747	15	12.5	27.5
GCST90202907	ok	""	1	0	http://ftp.ebi.ac.uk/pub/databases/gwas/summary_statistics/GCST90202001-GCST90203000/GCST90202907/harmonised/GCST90202907.h.tsv.gz	83455598	4194522	5760	0.001373	0	0	0	27	5733	/data/opengwasdb/metabolome-plasma-2023/releases/2023-chen-full-east-asian/filtered/GCST90202907_GCST90202907.filtered.tsv.gz	160735	sha256	26b30ce4657672b8b233b55974b29428a8bbcf8259f4efce47a82cc532e58e58	4.1	11	15
GCST90202908	ok	""	1	0	http://ftp.ebi.ac.uk/pub/databases/gwas/summary_statistics/GCST90202001-GCST90203000/GCST90202908/harmonised/GCST90202908.h.tsv.gz	78406123	4154894	22713	0.005467	0	6	17043	55	5640	/data/opengwasdb/metabolome-plasma-2023/releases/2023-chen-full-east-asian/filtered/GCST90202908_GCST90202908.filtered.tsv.gz	474507	sha256	3096210f68d5e5c61e0aa963d4d29d896e8fc5fbcf6cee88e7ac7e6169c0797b	6.1	12.1	18.2
GCST90202909	ok	""	1	0	http://ftp.ebi.ac.uk/pub/databases/gwas/summary_statistics/GCST90202001-GCST90203000/GCST90202909/harmonised/GCST90202909.h.tsv.gz	81306856	4069598	5557	0.001365	0	0	0	25	5532	/data/opengwasdb/metabolome-plasma-2023/releases/2023-chen-full-east-asian/filtered/GCST90202909_GCST90202909.filtered.tsv.gz	154154	sha256	d08c6bf1bb7f8f1fdd67135da10a33711bc5538a3090cf82f012467f21aa6b14	6.2	11.8	18
GCST90202910	ok	""	1	0	http://ftp.ebi.ac.uk/pub/databases/gwas/summary_statistics/GCST90202001-GCST90203000/GCST90202910/harmonised/GCST90202910.h.tsv.gz	87271003	4171012	5713	0.00137	0	0	0	17	5696	/data/opengwasdb/metabolome-plasma-2023/releases/2023-chen-full-east-asian/filtered/GCST90202910_GCST90202910.filtered.tsv.gz	159238	sha256	28b677d5a8878cb7787a2187ec7e21972dd398998025af51d79efaae8288d83e	6.2	10.4	16.7
GCST90202911	ok	""	1	0	http://ftp.ebi.ac.uk/pub/databases/gwas/summary_statistics/GCST90202001-GCST90203000/GCST90202911/harmonised/GCST90202911.h.tsv.gz	87507010	4220816	5798	0.001374	0	0	0	22	5776	/data/opengwasdb/metabolome-plasma-2023/releases/2023-chen-full-east-asian/filtered/GCST90202911_GCST90202911.filtered.tsv.gz	161931	sha256	fe196a1706c34f018fc018e0ac637fb0dfcae5c3b8d23810bfa76fcc0d357c18	7.6	11.3	18.9
GCST90202912	ok	""	1	0	http://ftp.ebi.ac.uk/pub/databases/gwas/summary_statistics/GCST90202001-GCST90203000/GCST90202912/harmonised/GCST90202912.h.tsv.gz	84204978	4098801	5591	0.001364	0	0	0	20	5571	/data/opengwasdb/metabolome-plasma-2023/releases/2023-chen-full-east-asian/filtered/GCST90202912_GCST90202912.filtered.tsv.gz	155844	sha256	1ab126e238133856366fc6c3b265dd67644ea651d60c7e6d79269b069b518a01	7.7	9.8	17.4
GCST90202913	ok	""	1	0	http://ftp.ebi.ac.uk/pub/databases/gwas/summary_statistics/GCST90202001-GCST90203000/GCST90202913/harmonised/GCST90202913.h.tsv.gz	87518866	4184887	5737	0.001371	0	0	0	16	5721	/data/opengwasdb/metabolome-plasma-2023/releases/2023-chen-full-east-asian/filtered/GCST90202913_GCST90202913.filtered.tsv.gz	159920	sha256	b9eed6a6092fc1efb8619a95fcca019270030c6a16007ec4e26f4060da0d5aa1	9.4	11.7	21
GCST90202914	ok	""	1	0	http://ftp.ebi.ac.uk/pub/databases/gwas/summary_statistics/GCST90202001-GCST90203000/GCST90202914/harmonised/GCST90202914.h.tsv.gz	86892679	4183673	5721	0.001367	0	0	0	16	5705	/data/opengwasdb/metabolome-plasma-2023/releases/2023-chen-full-east-asian/filtered/GCST90202914_GCST90202914.filtered.tsv.gz	159982	sha256	ce404681cf09bcf0d37c238553abbf3ec9c475793b5543be10822788e8cea72f	8	11	19.1
GCST90202915	ok	""	1	0	http://ftp.ebi.ac.uk/pub/databases/gwas/summary_statistics/GCST90202001-GCST90203000/GCST90202915/harmonised/GCST90202915.h.tsv.gz	80950660	4097116	5577	0.001361	0	0	0	6	5571	/data/opengwasdb/metabolome-plasma-2023/releases/2023-chen-full-east-asian/filtered/GCST90202915_GCST90202915.filtered.tsv.gz	155882	sha256	f15f7e907201dd991796736c9deb23e87c5b2111b848986200bf60a6fbc423d3	7	11.4	18.4
GCST90202916	ok	""	1	0	http://ftp.ebi.ac.uk/pub/databases/gwas/summary_statistics/GCST90202001-GCST90203000/GCST90202916/harmonised/GCST90202916.h.tsv.gz	88067266	4217898	7597	0.001801	0	1	1818	7	5775	/data/opengwasdb/metabolome-plasma-2023/releases/2023-chen-full-east-asian/filtered/GCST90202916_GCST90202916.filtered.tsv.gz	193705	sha256	6c2622969ffd506ad975f91439c34cc241e4a192237062122684c0300a6cfd13	7.5	11.9	19.5
GCST90202917	ok	""	1	0	http://ftp.ebi.ac.uk/pub/databases/gwas/summary_statistics/GCST90202001-GCST90203000/GCST90202917/harmonised/GCST90202917.h.tsv.gz	83821245	4220704	5809	0.001376	0	0	0	28	5781	/data/opengwasdb/metabolome-plasma-2023/releases/2023-chen-full-east-asian/filtered/GCST90202917_GCST90202917.filtered.tsv.gz	161780	sha256	26b8f00dbc8c88d7cfc024f9492cf5b3a1ac25b4c8f144a054ade560f80f04ad	7	11.8	18.8
GCST90202918	ok	""	1	0	http://ftp.ebi.ac.uk/pub/databases/gwas/summary_statistics/GCST90202001-GCST90203000/GCST90202918/harmonised/GCST90202918.h.tsv.gz	83021660	4213610	11295	0.002681	0	2	5521	25	5755	/data/opengwasdb/metabolome-plasma-2023/releases/2023-chen-full-east-asian/filtered/GCST90202918_GCST90202918.filtered.tsv.gz	267434	sha256	c8e67353defc2fffd6043f8d3e6d30a6ded143bbd7190b624be57ef3ebcfdf3c	7.3	9.8	17.1
GCST90202919	ok	""	1	0	http://ftp.ebi.ac.uk/pub/databases/gwas/summary_statistics/GCST90202001-GCST90203000/GCST90202919/harmonised/GCST90202919.h.tsv.gz	82951773	4090316	7946	0.001943	0	1	2356	25	5567	/data/opengwasdb/metabolome-plasma-2023/releases/2023-chen-full-east-asian/filtered/GCST90202919_GCST90202919.filtered.tsv.gz	198869	sha256	8d8ab341975344b6368a2eba84b36c03b3d49371cb81d8aea25637373e77b4db	6.1	11.8	17.9
GCST90202920	ok	""	1	0	http://ftp.ebi.ac.uk/pub/databases/gwas/summary_statistics/GCST90202001-GCST90203000/GCST90202920/harmonised/GCST90202920.h.tsv.gz	84038614	4238163	5812	0.001371	0	0	0	19	5793	/data/opengwasdb/metabolome-plasma-2023/releases/2023-chen-full-east-asian/filtered/GCST90202920_GCST90202920.filtered.tsv.gz	161332	sha256	f63cf3055ed2308e2f1059748710a5023f2ff2001622fbce11fc79f3152af59a	4	11.2	15.2
GCST90202921	ok	""	1	0	http://ftp.ebi.ac.uk/pub/databases/gwas/summary_statistics/GCST90202001-GCST90203000/GCST90202921/harmonised/GCST90202921.h.tsv.gz	87785967	4201253	5756	0.00137	0	0	0	14	5742	/data/opengwasdb/metabolome-plasma-2023/releases/2023-chen-full-east-asian/filtered/GCST90202921_GCST90202921.filtered.tsv.gz	160373	sha256	2abf347e180dc0ee15646d1d75fbadcc7691991ea71bc8410277754db786e3ee	4.6	12.4	16.9
GCST90202922	ok	""	1	0	http://ftp.ebi.ac.uk/pub/databases/gwas/summary_statistics/GCST90202001-GCST90203000/GCST90202922/harmonised/GCST90202922.h.tsv.gz	83527907	4204473	9169	0.002181	0	1	3420	14	5740	/data/opengwasdb/metabolome-plasma-2023/releases/2023-chen-full-east-asian/filtered/GCST90202922_GCST90202922.filtered.tsv.gz	218950	sha256	35e443f218751c84344db8a88ab363cf4623385defbb7a756b9c580ad01df821	4.1	12.2	16.3
GCST90202923	ok	""	1	0	http://ftp.ebi.ac.uk/pub/databases/gwas/summary_statistics/GCST90202001-GCST90203000/GCST90202923/harmonised/GCST90202923.h.tsv.gz	87583575	4189154	9842	0.002349	0	1	4100	21	5723	/data/opengwasdb/metabolome-plasma-2023/releases/2023-chen-full-east-asian/filtered/GCST90202923_GCST90202923.filtered.tsv.gz	242305	sha256	d0d5d62de5836813a859e4714c54b0ba97a80a0774bce654cbfba7e63b8b1471	6.4	12.4	18.9
GCST90202924	ok	""	1	0	http://ftp.ebi.ac.uk/pub/databases/gwas/summary_statistics/GCST90202001-GCST90203000/GCST90202924/harmonised/GCST90202924.h.tsv.gz	81318864	4252137	5855	0.001377	0	0	0	29	5826	/data/opengwasdb/metabolome-plasma-2023/releases/2023-chen-full-east-asian/filtered/GCST90202924_GCST90202924.filtered.tsv.gz	162316	sha256	430fe04049a6a9db346a4a6d3c3db97cabcbc281084ad700d1e26ec40bb8a470	5.1	10.1	15.2
GCST90202925	ok	""	1	0	http://ftp.ebi.ac.uk/pub/databases/gwas/summary_statistics/GCST90202001-GCST90203000/GCST90202925/harmonised/GCST90202925.h.tsv.gz	83946559	4087815	9326	0.002281	0	1	3731	26	5571	/data/opengwasdb/metabolome-plasma-2023/releases/2023-chen-full-east-asian/filtered/GCST90202925_GCST90202925.filtered.tsv.gz	222855	sha256	45edc24b842510a02b9e64fbf1e4f9bfc3d6a885ce88ae987f0f55db440d3368	6.2	9.7	15.9
GCST90202926	ok	""	1	0	http://ftp.ebi.ac.uk/pub/databases/gwas/summary_statistics/GCST90202001-GCST90203000/GCST90202926/harmonised/GCST90202926.h.tsv.gz	77924124	4046048	11535	0.002851	0	2	5984	35	5523	/data/opengwasdb/metabolome-plasma-2023/releases/2023-chen-full-east-asian/filtered/GCST90202926_GCST90202926.filtered.tsv.gz	277462	sha256	62145b79bf86559f9077321fa29da4f963dfb9bf712ca1e5073d60f9a8ebd4a7	4.7	11.1	15.8
GCST90202927	ok	""	1	0	http://ftp.ebi.ac.uk/pub/databases/gwas/summary_statistics/GCST90202001-GCST90203000/GCST90202927/harmonised/GCST90202927.h.tsv.gz	85012373	4143323	5659	0.001366	0	0	0	19	5640	/data/opengwasdb/metabolome-plasma-2023/releases/2023-chen-full-east-asian/filtered/GCST90202927_GCST90202927.filtered.tsv.gz	157361	sha256	ee6c44deda44b3c04ff38c711279a13e4ab31005ba6a62129f91de9e3b413c2f	6.4	11.1	17.5
GCST90202928	ok	""	1	0	http://ftp.ebi.ac.uk/pub/databases/gwas/summary_statistics/GCST90202001-GCST90203000/GCST90202928/harmonised/GCST90202928.h.tsv.gz	83411137	4192093	5756	0.001373	0	0	0	27	5729	/data/opengwasdb/metabolome-plasma-2023/releases/2023-chen-full-east-asian/filtered/GCST90202928_GCST90202928.filtered.tsv.gz	160458	sha256	2d00e108ba56296f78f874bcc63cd8c299f1e6b5f139d2908aef48fa51448fcd	7	11.5	18.4
GCST90202929	ok	""	1	0	http://ftp.ebi.ac.uk/pub/databases/gwas/summary_statistics/GCST90202001-GCST90203000/GCST90202929/harmonised/GCST90202929.h.tsv.gz	82956533	4088537	13664	0.003342	0	2	8109	15	5550	/data/opengwasdb/metabolome-plasma-2023/releases/2023-chen-full-east-asian/filtered/GCST90202929_GCST90202929.filtered.tsv.gz	296533	sha256	68754ec6576b6a7ef7c6aaaa0644dc05117ca34d73b4d3c0fa01951395f1608f	6.1	10.4	16.4
GCST90202930	ok	""	1	0	http://ftp.ebi.ac.uk/pub/databases/gwas/summary_statistics/GCST90202001-GCST90203000/GCST90202930/harmonised/GCST90202930.h.tsv.gz	80557510	4045738	5512	0.001362	0	0	0	18	5494	/data/opengwasdb/metabolome-plasma-2023/releases/2023-chen-full-east-asian/filtered/GCST90202930_GCST90202930.filtered.tsv.gz	153139	sha256	d23f5d819b075da6da4498344122578ca571c6ad121c305d30538b52bbcb0113	6	11.1	17.1
GCST90202931	ok	""	1	0	http://ftp.ebi.ac.uk/pub/databases/gwas/summary_statistics/GCST90202001-GCST90203000/GCST90202931/harmonised/GCST90202931.h.tsv.gz	85403488	4164425	5699	0.001368	0	0	0	19	5680	/data/opengwasdb/metabolome-plasma-2023/releases/2023-chen-full-east-asian/filtered/GCST90202931_GCST90202931.filtered.tsv.gz	158905	sha256	46979c4d468b5fd89e4cdd0e8cb819fdb94934512c9c3677bc83b26ba007a2bd	5.1	12.2	17.3
GCST90202932	ok	""	1	0	http://ftp.ebi.ac.uk/pub/databases/gwas/summary_statistics/GCST90202001-GCST90203000/GCST90202932/harmonised/GCST90202932.h.tsv.gz	83277957	4187419	5760	0.001376	0	0	0	28	5732	/data/opengwasdb/metabolome-plasma-2023/releases/2023-chen-full-east-asian/filtered/GCST90202932_GCST90202932.filtered.tsv.gz	160852	sha256	1ef7a5ca0e0beea8d5530dde8b9cbe3fe5061068860242e09f071406423f6156	4.1	12.1	16.2
GCST90202933	ok	""	1	0	http://ftp.ebi.ac.uk/pub/databases/gwas/summary_statistics/GCST90202001-GCST90203000/GCST90202933/harmonised/GCST90202933.h.tsv.gz	82714408	4193541	5769	0.001376	0	0	0	40	5729	/data/opengwasdb/metabolome-plasma-2023/releases/2023-chen-full-east-asian/filtered/GCST90202933_GCST90202933.filtered.tsv.gz	161300	sha256	8822cbbd05176997a7bcee8ad385acbe7316fa2bff870fb7c829fdf602f48add	4.3	10.5	14.8
GCST90202934	ok	""	1	0	http://ftp.ebi.ac.uk/pub/databases/gwas/summary_statistics/GCST90202001-GCST90203000/GCST90202934/harmonised/GCST90202934.h.tsv.gz	81411850	4121627	14290	0.003467	0	3	8666	23	5613	/data/opengwasdb/metabolome-plasma-2023/releases/2023-chen-full-east-asian/filtered/GCST90202934_GCST90202934.filtered.tsv.gz	315619	sha256	e277f97d481a59ef42d4cf5e4b70c8ffcbab6f0f127e24ef401362775544d164	4.9	12.3	17.2
GCST90202935	ok	""	1	0	http://ftp.ebi.ac.uk/pub/databases/gwas/summary_statistics/GCST90202001-GCST90203000/GCST90202935/harmonised/GCST90202935.h.tsv.gz	82211412	4234559	5796	0.001369	0	0	0	12	5784	/data/opengwasdb/metabolome-plasma-2023/releases/2023-chen-full-east-asian/filtered/GCST90202935_GCST90202935.filtered.tsv.gz	160775	sha256	a0bf5561de6eac5e6d0d9276eabef3965e77046e1b1c0cf7647072c44c6fd78b	5.4	11.2	16.6
GCST90202936	ok	""	1	0	http://ftp.ebi.ac.uk/pub/databases/gwas/summary_statistics/GCST90202001-GCST90203000/GCST90202936/harmonised/GCST90202936.h.tsv.gz	87860507	4204128	5761	0.00137	0	0	0	24	5737	/data/opengwasdb/metabolome-plasma-2023/releases/2023-chen-full-east-asian/filtered/GCST90202936_GCST90202936.filtered.tsv.gz	160467	sha256	325bb4c5ca5d64eeec852effb3f2b85ace35726b193e566a6a2a34f3ea9b8612	6.4	12	18.4
GCST90202937	ok	""	1	0	http://ftp.ebi.ac.uk/pub/databases/gwas/summary_statistics/GCST90202001-GCST90203000/GCST90202937/harmonised/GCST90202937.h.tsv.gz	87597897	4187206	5738	0.00137	0	0	0	18	5721	/data/opengwasdb/metabolome-plasma-2023/releases/2023-chen-full-east-asian/filtered/GCST90202937_GCST90202937.filtered.tsv.gz	159987	sha256	402f231f21ae5236a2572b2888908ec36120f2fff138d7cddd8b729c536f0478	5.1	9.8	14.9
GCST90202938	ok	""	1	0	http://ftp.ebi.ac.uk/pub/databases/gwas/summary_statistics/GCST90202001-GCST90203000/GCST90202938/harmonised/GCST90202938.h.tsv.gz	84652520	4147538	5661	0.001365	0	0	0	16	5645	/data/opengwasdb/metabolome-plasma-2023/releases/2023-chen-full-east-asian/filtered/GCST90202938_GCST90202938.filtered.tsv.gz	157455	sha256	a82c5f1f5d16f6bf28610301f80dc4b351793cc24702befb97558aca2f4a6ad9	5.8	11.4	17.2
GCST90202939	ok	""	1	0	http://ftp.ebi.ac.uk/pub/databases/gwas/summary_statistics/GCST90202001-GCST90203000/GCST90202939/harmonised/GCST90202939.h.tsv.gz	84731482	4124987	5631	0.001365	0	0	0	16	5615	/data/opengwasdb/metabolome-plasma-2023/releases/2023-chen-full-east-asian/filtered/GCST90202939_GCST90202939.filtered.tsv.gz	156962	sha256	9d975d12fa7d9d3bd6af29478bc92f5a2fee55fcbba80d302dfbf16f2c959f72	5.3	12.3	17.5
GCST90202940	ok	""	1	0	http://ftp.ebi.ac.uk/pub/databases/gwas/summary_statistics/GCST90202001-GCST90203000/GCST90202940/harmonised/GCST90202940.h.tsv.gz	77811907	4222427	8391	0.001987	0	1	2587	26	5782	/data/opengwasdb/metabolome-plasma-2023/releases/2023-chen-full-east-asian/filtered/GCST90202940_GCST90202940.filtered.tsv.gz	209253	sha256	43dc9664e86037f542f8fefb5df1dd2c4baeb86e0cd5099676b5f004fafe9813	4.5	11.8	16.3
GCST90202941	ok	""	1	0	http://ftp.ebi.ac.uk/pub/databases/gwas/summary_statistics/GCST90202001-GCST90203000/GCST90202941/harmonised/GCST90202941.h.tsv.gz	83973118	4235729	5825	0.001375	0	0	0	21	5804	/data/opengwasdb/metabolome-plasma-2023/releases/2023-chen-full-east-asian/filtered/GCST90202941_GCST90202941.filtered.tsv.gz	161867	sha256	3d65c531be232e327141e9b62ce3e0fb2b5cd1af1d46c3e784df6a020c8fb4b1	5.1	10.9	15.9
GCST90202942	ok	""	1	0	http://ftp.ebi.ac.uk/pub/databases/gwas/summary_statistics/GCST90202001-GCST90203000/GCST90202942/harmonised/GCST90202942.h.tsv.gz	78931276	4094330	8753	0.002138	0	1	3171	23	5562	/data/opengwasdb/metabolome-plasma-2023/releases/2023-chen-full-east-asian/filtered/GCST90202942_GCST90202942.filtered.tsv.gz	209652	sha256	7f31078feb265950b25c4dcf6b57019000600d4eb85a336dca5b1c196daeecf5	4.3	9.7	14
GCST90202943	ok	""	1	0	http://ftp.ebi.ac.uk/pub/databases/gwas/summary_statistics/GCST90202001-GCST90203000/GCST90202943/harmonised/GCST90202943.h.tsv.gz	82274538	4238951	5797	0.001368	0	0	0	14	5783	/data/opengwasdb/metabolome-plasma-2023/releases/2023-chen-full-east-asian/filtered/GCST90202943_GCST90202943.filtered.tsv.gz	160767	sha256	e5e78617f4bd684b98dbb40187714e9d0fe1a9f33fe52ffe7cd94e9055342751	3.6	10	13.6
GCST90202944	ok	""	1	0	http://ftp.ebi.ac.uk/pub/databases/gwas/summary_statistics/GCST90202001-GCST90203000/GCST90202944/harmonised/GCST90202944.h.tsv.gz	80494725	4107407	5605	0.001365	0	0	0	24	5582	/data/opengwasdb/metabolome-plasma-2023/releases/2023-chen-full-east-asian/filtered/GCST90202944_GCST90202944.filtered.tsv.gz	154739	sha256	3c762048bb9d94f47593426a89dffc2e36a38ae3197bf60eb6c788eaaf7aa2b3	4.1	12.1	16.1
GCST90202945	ok	""	1	0	http://ftp.ebi.ac.uk/pub/databases/gwas/summary_statistics/GCST90202001-GCST90203000/GCST90202945/harmonised/GCST90202945.h.tsv.gz	87564563	4186837	5726	0.001368	0	0	0	10	5716	/data/opengwasdb/metabolome-plasma-2023/releases/2023-chen-full-east-asian/filtered/GCST90202945_GCST90202945.filtered.tsv.gz	159634	sha256	348de9122eaa0f5b5f97a388a0f043a579fec82d4b443f5ecab722582df835ee	5.6	10.2	15.8
GCST90202946	ok	""	1	0	http://ftp.ebi.ac.uk/pub/databases/gwas/summary_statistics/GCST90202001-GCST90203000/GCST90202946/harmonised/GCST90202946.h.tsv.gz	87601999	4189154	5735	0.001369	0	0	0	12	5723	/data/opengwasdb/metabolome-plasma-2023/releases/2023-chen-full-east-asian/filtered/GCST90202946_GCST90202946.filtered.tsv.gz	159928	sha256	e93e65d8cc9df7babe782a3a2ed52a29c04fe48386df96a49136a0d4ce7c86b1	6.4	11.2	17.7
GCST90202947	ok	""	1	0	http://ftp.ebi.ac.uk/pub/databases/gwas/summary_statistics/GCST90202001-GCST90203000/GCST90202947/harmonised/GCST90202947.h.tsv.gz	87172492	4203044	10782	0.002565	0	1	5056	22	5711	/data/opengwasdb/metabolome-plasma-2023/releases/2023-chen-full-east-asian/filtered/GCST90202947_GCST90202947.filtered.tsv.gz	242843	sha256	b48e234bfea1238269a932fda2aa194bc5465d30240b297fb9f15fe883d30cf2	4.1	11.9	16.1
GCST90202948	ok	""	1	0	http://ftp.ebi.ac.uk/pub/databases/gwas/summary_statistics/GCST90202001-GCST90203000/GCST90202948/harmonised/GCST90202948.h.tsv.gz	86778318	4255231	5834	0.001371	0	0	0	29	5805	/data/opengwasdb/metabolome-plasma-2023/releases/2023-chen-full-east-asian/filtered/GCST90202948_GCST90202948.filtered.tsv.gz	161726	sha256	34b91613be08fb24845752b47cda68eddf6bb73b20953aaa8095ffd93e3fd97a	6	12.1	18.1
GCST90202949	ok	""	1	0	http://ftp.ebi.ac.uk/pub/databases/gwas/summary_statistics/GCST90202001-GCST90203000/GCST90202949/harmonised/GCST90202949.h.tsv.gz	87060789	4200487	5764	0.001372	0	0	0	18	5746	/data/opengwasdb/metabolome-plasma-2023/releases/2023-chen-full-east-asian/filtered/GCST90202949_GCST90202949.filtered.tsv.gz	160856	sha256	8c5ea8b1d341cc3c5d3820581347b1477c1a0586bd3512c03163cddbd708f358	5.5	11.1	16.6
GCST90202950	ok	""	1	0	http://ftp.ebi.ac.uk/pub/databases/gwas/summary_statistics/GCST90202001-GCST90203000/GCST90202950/harmonised/GCST90202950.h.tsv.gz	87727368	4199099	5751	0.00137	0	0	0	15	5736	/data/opengwasdb/metabolome-plasma-2023/releases/2023-chen-full-east-asian/filtered/GCST90202950_GCST90202950.filtered.tsv.gz	160249	sha256	1449c7702735e27dd116222b0b180c916c7748fa39306bb16a0458ef3a673bf8	5.4	12	17.4
GCST90202951	ok	""	1	0	http://ftp.ebi.ac.uk/pub/databases/gwas/summary_statistics/GCST90202001-GCST90203000/GCST90202951/harmonised/GCST90202951.h.tsv.gz	82980008	4171012	5713	0.00137	0	0	0	17	5696	/data/opengwasdb/metabolome-plasma-2023/releases/2023-chen-full-east-asian/filtered/GCST90202951_GCST90202951.filtered.tsv.gz	159342	sha256	1c567bad5d2e67335e6554aba5af39300c5ef38ef847a7f37373b573494bad32	6.2	11.6	17.9
GCST90202952	ok	""	1	0	http://ftp.ebi.ac.uk/pub/databases/gwas/summary_statistics/GCST90202001-GCST90203000/GCST90202952/harmonised/GCST90202952.h.tsv.gz	87286286	4171012	9315	0.002233	0	1	3613	12	5696	/data/opengwasdb/metabolome-plasma-2023/releases/2023-chen-full-east-asian/filtered/GCST90202952_GCST90202952.filtered.tsv.gz	217308	sha256	661399dd12bf8c17714c77d8facee5db15233cdea004cfd8fdc7c0a908a95919	5.4	10.8	16.1
GCST90202953	ok	""	1	0	http://ftp.ebi.ac.uk/pub/databases/gwas/summary_statistics/GCST90202001-GCST90203000/GCST90202953/harmonised/GCST90202953.h.tsv.gz	85440363	4112314	8724	0.002121	0	1	3127	14	5588	/data/opengwasdb/metabolome-plasma-2023/releases/2023-chen-full-east-asian/filtered/GCST90202953_GCST90202953.filtered.tsv.gz	214757	sha256	596fb165c5844dbae2589e232a7bccb63ed0afc5810078a49a4a0bce7e343f2e	5.9	11.3	17.2
GCST90202954	ok	""	1	0	http://ftp.ebi.ac.uk/pub/databases/gwas/summary_statistics/GCST90202001-GCST90203000/GCST90202954/harmonised/GCST90202954.h.tsv.gz	87292732	4171012	5717	0.001371	0	0	0	21	5696	/data/opengwasdb/metabolome-plasma-2023/releases/2023-chen-full-east-asian/filtered/GCST90202954_GCST90202954.filtered.tsv.gz	159436	sha256	6b4f015e4084bc3196797df7f5aab21365d46139393db61deeb519506656d501	6.4	11.3	17.7
GCST90202955	ok	""	1	0	http://ftp.ebi.ac.uk/pub/databases/gwas/summary_statistics/GCST90202001-GCST90203000/GCST90202955/harmonised/GCST90202955.h.tsv.gz	82274745	4237708	5800	0.001369	0	0	0	25	5775	/data/opengwasdb/metabolome-plasma-2023/releases/2023-chen-full-east-asian/filtered/GCST90202955_GCST90202955.filtered.tsv.gz	161061	sha256	a269f2265e8863a1fe1838d8c5f6e528e4c6e9a4bb3a4b5ef077246eb3754a5e	5.4	11.2	16.7
GCST90202956	ok	""	1	0	http://ftp.ebi.ac.uk/pub/databases/gwas/summary_statistics/GCST90202001-GCST90203000/GCST90202956/harmonised/GCST90202956.h.tsv.gz	87548587	4188209	5751	0.001373	0	0	0	26	5725	/data/opengwasdb/metabolome-plasma-2023/releases/2023-chen-full-east-asian/filtered/GCST90202956_GCST90202956.filtered.tsv.gz	160400	sha256	a8e1c08476717cc65baeedf649f46fc7135ab4981bc236e35e4f187da913da02	5.4	12.2	17.6
GCST90202957	ok	""	1	0	http://ftp.ebi.ac.uk/pub/databases/gwas/summary_statistics/GCST90202001-GCST90203000/GCST90202957/harmonised/GCST90202957.h.tsv.gz	81256266	4108794	8726	0.002124	0	1	3124	19	5590	/data/opengwasdb/metabolome-plasma-2023/releases/2023-chen-full-east-asian/filtered/GCST90202957_GCST90202957.filtered.tsv.gz	214836	sha256	5810ac8dccaa424f5d2365362f39cc09a23929988497549c3571f998a2277bb9	3.2	11.2	14.4
GCST90202958	ok	""	1	0	http://ftp.ebi.ac.uk/pub/databases/gwas/summary_statistics/GCST90202001-GCST90203000/GCST90202958/harmonised/GCST90202958.h.tsv.gz	86724447	4243517	5824	0.001372	0	0	0	21	5803	/data/opengwasdb/metabolome-plasma-2023/releases/2023-chen-full-east-asian/filtered/GCST90202958_GCST90202958.filtered.tsv.gz	161610	sha256	1785d1c6787ae7b2d665de4b1a2b0584fdd725473fed809efc3ac97fec731363	5.7	9.5	15.3
GCST90202959	ok	""	1	0	http://ftp.ebi.ac.uk/pub/databases/gwas/summary_statistics/GCST90202001-GCST90203000/GCST90202959/harmonised/GCST90202959.h.tsv.gz	85273865	4099861	8334	0.002033	0	1	2746	22	5568	/data/opengwasdb/metabolome-plasma-2023/releases/2023-chen-full-east-asian/filtered/GCST90202959_GCST90202959.filtered.tsv.gz	211253	sha256	0cdf0de458d1a600be4ffbf521ac74eb5c1c5627a8cd1d363b9442c172e230d5	4.9	9.8	14.7
GCST90202960	ok	""	1	0	http://ftp.ebi.ac.uk/pub/databases/gwas/summary_statistics/GCST90202001-GCST90203000/GCST90202960/harmonised/GCST90202960.h.tsv.gz	88293069	4236136	9216	0.002176	0	1	3402	20	5797	/data/opengwasdb/metabolome-plasma-2023/releases/2023-chen-full-east-asian/filtered/GCST90202960_GCST90202960.filtered.tsv.gz	227817	sha256	d7a410244450ee65fcd596eeda06985368bbd1fc80d24d08a0e8f840be70bdbc	4.4	12.3	16.7
GCST90202961	ok	""	1	0	http://ftp.ebi.ac.uk/pub/databases/gwas/summary_statistics/GCST90202001-GCST90203000/GCST90202961/harmonised/GCST90202961.h.tsv.gz	81008478	4099388	9570	0.002334	0	1	3995	10	5569	/data/opengwasdb/metabolome-plasma-2023/releases/2023-chen-full-east-asian/filtered/GCST90202961_GCST90202961.filtered.tsv.gz	233032	sha256	38745d2671e84265e8dda7051b3d56bfbeabf50dfc2950113da02348191e12d9	4.1	11	15.1
GCST90202962	ok	""	1	0	http://ftp.ebi.ac.uk/pub/databases/gwas/summary_statistics/GCST90202001-GCST90203000/GCST90202962/harmonised/GCST90202962.h.tsv.gz	82271686	4158068	12537	0.003015	0	2	6801	51	5694	/data/opengwasdb/metabolome-plasma-2023/releases/2023-chen-full-east-asian/filtered/GCST90202962_GCST90202962.filtered.tsv.gz	280610	sha256	cb582b8bc768e89a9dc783595e603220be9e31518d9687428c85b5803eac7c19	5.8	12.3	18
GCST90202963	ok	""	1	0	http://ftp.ebi.ac.uk/pub/databases/gwas/summary_statistics/GCST90202001-GCST90203000/GCST90202963/harmonised/GCST90202963.h.tsv.gz	78038883	4066826	5532	0.00136	0	0	0	16	5516	/data/opengwasdb/metabolome-plasma-2023/releases/2023-chen-full-east-asian/filtered/GCST90202963_GCST90202963.filtered.tsv.gz	154245	sha256	6d38073307c75cc284261760922cfb05583693886bf5e56fb0062bc926803406	5.8	12.6	18.5
GCST90202964	ok	""	1	0	http://ftp.ebi.ac.uk/pub/databases/gwas/summary_statistics/GCST90202001-GCST90203000/GCST90202964/harmonised/GCST90202964.h.tsv.gz	80023664	4262712	32529	0.007631	0	8	26652	85	5833	/data/opengwasdb/metabolome-plasma-2023/releases/2023-chen-full-east-asian/filtered/GCST90202964_GCST90202964.filtered.tsv.gz	664974	sha256	28970ff06338a8c6121fbb15052fd7428875613e587a5e5feb119346010bb3a5	4.9	12.5	17.4
GCST90202965	ok	""	1	0	http://ftp.ebi.ac.uk/pub/databases/gwas/summary_statistics/GCST90202001-GCST90203000/GCST90202965/harmonised/GCST90202965.h.tsv.gz	80845780	4207100	5787	0.001376	0	0	0	21	5766	/data/opengwasdb/metabolome-plasma-2023/releases/2023-chen-full-east-asian/filtered/GCST90202965_GCST90202965.filtered.tsv.gz	160937	sha256	9d6a4407a50c83a5cc235fe221861a0bb55d2b7711ef17d1e11f2f6cd1748989	5	11.2	16.1
GCST90202966	ok	""	1	0	http://ftp.ebi.ac.uk/pub/databases/gwas/summary_statistics/GCST90202001-GCST90203000/GCST90202966/harmonised/GCST90202966.h.tsv.gz	84648915	4126767	5632	0.001365	0	0	0	16	5616	/data/opengwasdb/metabolome-plasma-2023/releases/2023-chen-full-east-asian/filtered/GCST90202966_GCST90202966.filtered.tsv.gz	156743	sha256	422a682c321722e7ab00c5e81c926618426d244a6b45af5c605eb36c54da64dd	3.7	11.5	15.1
GCST90202967	ok	""	1	0	http://ftp.ebi.ac.uk/pub/databases/gwas/summary_statistics/GCST90202001-GCST90203000/GCST90202967/harmonised/GCST90202967.h.tsv.gz	86203402	4150330	5668	0.001366	0	0	0	16	5652	/data/opengwasdb/metabolome-plasma-2023/releases/2023-chen-full-east-asian/filtered/GCST90202967_GCST90202967.filtered.tsv.gz	158196	sha256	751f693fa075283d516bcc74c20c770dbfbc9b0a08a230762e3f7710f720cc00	3.4	11.1	14.5
GCST90202968	ok	""	1	0	http://ftp.ebi.ac.uk/pub/databases/gwas/summary_statistics/GCST90202001-GCST90203000/GCST90202968/harmonised/GCST90202968.h.tsv.gz	83641828	4201014	7706	0.001834	0	1	1942	23	5742	/data/opengwasdb/metabolome-plasma-2023/releases/2023-chen-full-east-asian/filtered/GCST90202968_GCST90202968.filtered.tsv.gz	197032	sha256	b40461aa23aff8ee255b75959884afeef99a70ddd9cc72f0ea722bc9593903fb	5.3	10.8	16.1
GCST90202969	ok	""	1	0	http://ftp.ebi.ac.uk/pub/databases/gwas/summary_statistics/GCST90202001-GCST90203000/GCST90202969/harmonised/GCST90202969.h.tsv.gz	80959585	4090863	5581	0.001364	0	0	0	18	5563	/data/opengwasdb/metabolome-plasma-2023/releases/2023-chen-full-east-asian/filtered/GCST90202969_GCST90202969.filtered.tsv.gz	156439	sha256	72123ce248a9279cbe2ea2e8eea10d15bd0d443eee332f4fec20d45566665ef9	5.9	9.8	15.7
GCST90202970	ok	""	1	0	http://ftp.ebi.ac.uk/pub/databases/gwas/summary_statistics/GCST90202001-GCST90203000/GCST90202970/harmonised/GCST90202970.h.tsv.gz	85058704	4147389	5674	0.001368	0	0	0	17	5657	/data/opengwasdb/metabolome-plasma-2023/releases/2023-chen-full-east-asian/filtered/GCST90202970_GCST90202970.filtered.tsv.gz	157838	sha256	b72698693765cc6f0b6d7093c9c6808c698b86101d5dfa21985a8639163eddf3	6.1	11.7	17.8
GCST90202971	ok	""	1	0	http://ftp.ebi.ac.uk/pub/databases/gwas/summary_statistics/GCST90202001-GCST90203000/GCST90202971/harmonised/GCST90202971.h.tsv.gz	81854140	4144958	5646	0.001362	0	0	0	15	5631	/data/opengwasdb/metabolome-plasma-2023/releases/2023-chen-full-east-asian/filtered/GCST90202971_GCST90202971.filtered.tsv.gz	157695	sha256	fcb705dd3fdc4b0bafd67ad83e2a44e60cf341a5f8b5be2f45ab96efcacfa9eb	5.9	11.3	17.2
GCST90202972	ok	""	1	0	http://ftp.ebi.ac.uk/pub/databases/gwas/summary_statistics/GCST90202001-GCST90203000/GCST90202972/harmonised/GCST90202972.h.tsv.gz	87398032	4221065	5762	0.001365	0	0	0	15	5747	/data/opengwasdb/metabolome-plasma-2023/releases/2023-chen-full-east-asian/filtered/GCST90202972_GCST90202972.filtered.tsv.gz	160656	sha256	4f8f102a43e8c741b6779708c8b37f38f96454f1b1dc1f50851040f5123cb9b9	5.5	9.6	15
GCST90202973	ok	""	1	0	http://ftp.ebi.ac.uk/pub/databases/gwas/summary_statistics/GCST90202001-GCST90203000/GCST90202973/harmonised/GCST90202973.h.tsv.gz	87302093	4171012	8578	0.002057	0	1	2868	18	5696	/data/opengwasdb/metabolome-plasma-2023/releases/2023-chen-full-east-asian/filtered/GCST90202973_GCST90202973.filtered.tsv.gz	213685	sha256	b478b0a8b11ffd756d492da3353827284ff261515aa4f418eaa0a25d6dfa058c	4.2	12.3	16.5
GCST90202974	ok	""	1	0	http://ftp.ebi.ac.uk/pub/databases/gwas/summary_statistics/GCST90202001-GCST90203000/GCST90202974/harmonised/GCST90202974.h.tsv.gz	85958896	4137598	5635	0.001362	0	0	0	19	5617	/data/opengwasdb/metabolome-plasma-2023/releases/2023-chen-full-east-asian/filtered/GCST90202974_GCST90202974.filtered.tsv.gz	157198	sha256	b6f3e1e2aa544f2fd8d00addb9d1ba96ed8e132162689b54bb7fed3a07406e13	6.3	11.7	18
GCST90202975	ok	""	1	0	http://ftp.ebi.ac.uk/pub/databases/gwas/summary_statistics/GCST90202001-GCST90203000/GCST90202975/harmonised/GCST90202975.h.tsv.gz	87926564	4234537	5819	0.001374	0	0	0	16	5803	/data/opengwasdb/metabolome-plasma-2023/releases/2023-chen-full-east-asian/filtered/GCST90202975_GCST90202975.filtered.tsv.gz	161806	sha256	faa4cf115f2f67ec2fa18d1448445634c31d80650ab714cd035b6cdf4dce4f8c	5.5	12.1	17.6
GCST90202976	ok	""	1	0	http://ftp.ebi.ac.uk/pub/databases/gwas/summary_statistics/GCST90202001-GCST90203000/GCST90202976/harmonised/GCST90202976.h.tsv.gz	83607847	4207935	5769	0.001371	0	0	0	19	5750	/data/opengwasdb/metabolome-plasma-2023/releases/2023-chen-full-east-asian/filtered/GCST90202976_GCST90202976.filtered.tsv.gz	160919	sha256	53329172848801fcba769daaed424e98e48bae7ff028db955ab6c8ae983c145a	3.8	12.2	16
GCST90202977	ok	""	1	0	http://ftp.ebi.ac.uk/pub/databases/gwas/summary_statistics/GCST90202001-GCST90203000/GCST90202977/harmonised/GCST90202977.h.tsv.gz	83684484	4209486	5787	0.001375	0	0	0	25	5762	/data/opengwasdb/metabolome-plasma-2023/releases/2023-chen-full-east-asian/filtered/GCST90202977_GCST90202977.filtered.tsv.gz	161404	sha256	1dd6484cf220632e02b04f50795436726ec01d13b0a5dffc1d2934f65aee81a3	3.9	12	15.9
GCST90202978	ok	""	1	0	http://ftp.ebi.ac.uk/pub/databases/gwas/summary_statistics/GCST90202001-GCST90203000/GCST90202978/harmonised/GCST90202978.h.tsv.gz	87244371	4171012	5716	0.00137	0	0	0	20	5696	/data/opengwasdb/metabolome-plasma-2023/releases/2023-chen-full-east-asian/filtered/GCST90202978_GCST90202978.filtered.tsv.gz	159493	sha256	17b22d1950f0e2b5c44eaa8fda9633a819b31f88e7a8f72e355d0bbc84627c78	6.5	11.7	18.2
GCST90202979	ok	""	1	0	http://ftp.ebi.ac.uk/pub/databases/gwas/summary_statistics/GCST90202001-GCST90203000/GCST90202979/harmonised/GCST90202979.h.tsv.gz	83526875	4206123	5787	0.001376	0	0	0	26	5761	/data/opengwasdb/metabolome-plasma-2023/releases/2023-chen-full-east-asian/filtered/GCST90202979_GCST90202979.filtered.tsv.gz	161327	sha256	99f426d9b42df0989ef506977354bfb6467de77b84ccb5303f02c3f3fb4b90f7	3.1	9.8	12.9
GCST90202980	ok	""	1	0	http://ftp.ebi.ac.uk/pub/databases/gwas/summary_statistics/GCST90202001-GCST90203000/GCST90202980/harmonised/GCST90202980.h.tsv.gz	84028449	4075786	5565	0.001365	0	0	0	23	5542	/data/opengwasdb/metabolome-plasma-2023/releases/2023-chen-full-east-asian/filtered/GCST90202980_GCST90202980.filtered.tsv.gz	155765	sha256	96ecfa5363fac26fe11206167faab9ced1cc9265c448b04e167bc44af8d268b3	3.2	10.8	14.1
GCST90202981	ok	""	1	0	http://ftp.ebi.ac.uk/pub/databases/gwas/summary_statistics/GCST90202001-GCST90203000/GCST90202981/harmonised/GCST90202981.h.tsv.gz	87314391	4171012	5715	0.00137	0	0	0	19	5696	/data/opengwasdb/metabolome-plasma-2023/releases/2023-chen-full-east-asian/filtered/GCST90202981_GCST90202981.filtered.tsv.gz	159489	sha256	d66538006d81bdcc1f03984993b871dc59297b424a2155af2193206aed5736b7	6.8	10.9	17.7
GCST90202982	ok	""	1	0	http://ftp.ebi.ac.uk/pub/databases/gwas/summary_statistics/GCST90202001-GCST90203000/GCST90202982/harmonised/GCST90202982.h.tsv.gz	83152330	4222149	5772	0.001367	0	0	0	13	5759	/data/opengwasdb/metabolome-plasma-2023/releases/2023-chen-full-east-asian/filtered/GCST90202982_GCST90202982.filtered.tsv.gz	161209	sha256	7f25a2359f51abe9f74ef8278d7e64b406c8e2c15abbdc3c8995b7764ce22cfd	2.8	11.1	13.9
GCST90202983	ok	""	1	0	http://ftp.ebi.ac.uk/pub/databases/gwas/summary_statistics/GCST90202001-GCST90203000/GCST90202983/harmonised/GCST90202983.h.tsv.gz	83637795	4134700	12402	0.002999	0	2	6743	24	5640	/data/opengwasdb/metabolome-plasma-2023/releases/2023-chen-full-east-asian/filtered/GCST90202983_GCST90202983.filtered.tsv.gz	282867	sha256	cee3b67aab9e23b751055e7dd08c5da1e136331f1e0979f4a9cda105b7299641	3.8	11.8	15.6
GCST90202984	ok	""	1	0	http://ftp.ebi.ac.uk/pub/databases/gwas/summary_statistics/GCST90202001-GCST90203000/GCST90202984/harmonised/GCST90202984.h.tsv.gz	79575835	4103658	8058	0.001964	0	1	2448	26	5590	/data/opengwasdb/metabolome-plasma-2023/releases/2023-chen-full-east-asian/filtered/GCST90202984_GCST90202984.filtered.tsv.gz	201169	sha256	e4ee50f38eca7217a5132516b21184ca64b799593676a174697cd410d126ca37	4	11.4	15.4
GCST90202985	ok	""	1	0	http://ftp.ebi.ac.uk/pub/databases/gwas/summary_statistics/GCST90202001-GCST90203000/GCST90202985/harmonised/GCST90202985.h.tsv.gz	87323670	4237039	5816	0.001373	0	0	0	25	5791	/data/opengwasdb/metabolome-plasma-2023/releases/2023-chen-full-east-asian/filtered/GCST90202985_GCST90202985.filtered.tsv.gz	162200	sha256	82f4cc81d2f1a6a9c7491457c316ab2621ce22f1ae06323fb0712c401be4cec6	4.3	12.4	16.7
GCST90202986	ok	""	1	0	http://ftp.ebi.ac.uk/pub/databases/gwas/summary_statistics/GCST90202001-GCST90203000/GCST90202986/harmonised/GCST90202986.h.tsv.gz	87551536	4185700	9922	0.00237	0	1	4189	13	5725	/data/opengwasdb/metabolome-plasma-2023/releases/2023-chen-full-east-asian/filtered/GCST90202986_GCST90202986.filtered.tsv.gz	228325	sha256	801a18331e721ce7fe0087a8ffbb4c5a70bcee635394041f16581e0d270d39b1	4.7	11.5	16.2
GCST90202987	ok	""	1	0	http://ftp.ebi.ac.uk/pub/databases/gwas/summary_statistics/GCST90202001-GCST90203000/GCST90202987/harmonised/GCST90202987.h.tsv.gz	87293311	4171012	5719	0.001371	0	0	0	23	5696	/data/opengwasdb/metabolome-plasma-2023/releases/2023-chen-full-east-asian/filtered/GCST90202987_GCST90202987.filtered.tsv.gz	159592	sha256	53846a476c1a92aca05edc6549adbd8ab7a4d69e204cae4e88b820fbeae146e2	4.7	11.1	15.8
GCST90202988	ok	""	1	0	http://ftp.ebi.ac.uk/pub/databases/gwas/summary_statistics/GCST90202001-GCST90203000/GCST90202988/harmonised/GCST90202988.h.tsv.gz	87673848	4192212	5756	0.001373	0	0	0	18	5738	/data/opengwasdb/metabolome-plasma-2023/releases/2023-chen-full-east-asian/filtered/GCST90202988_GCST90202988.filtered.tsv.gz	160767	sha256	73bc0f90d0d67fb04cb2a10480e21af4de445ff747fa35dc1ad88f340b29dbc1	5.2	9.9	15
GCST90202989	ok	""	1	0	http://ftp.ebi.ac.uk/pub/databases/gwas/summary_statistics/GCST90202001-GCST90203000/GCST90202989/harmonised/GCST90202989.h.tsv.gz	84867193	4078939	5557	0.001362	0	0	0	11	5546	/data/opengwasdb/metabolome-plasma-2023/releases/2023-chen-full-east-asian/filtered/GCST90202989_GCST90202989.filtered.tsv.gz	155324	sha256	257f7cc34ded24ee7b4d371c242b0a8e0d282a8bf712f7af283bd8c200195cc6	5.2	11.5	16.7
GCST90202990	ok	""	1	0	http://ftp.ebi.ac.uk/pub/databases/gwas/summary_statistics/GCST90202001-GCST90203000/GCST90202990/harmonised/GCST90202990.h.tsv.gz	81102777	4101133	8583	0.002093	0	1	2976	34	5576	/data/opengwasdb/metabolome-plasma-2023/releases/2023-chen-full-east-asian/filtered/GCST90202990_GCST90202990.filtered.tsv.gz	210266	sha256	12883a38171b8aa52d0ef7b1210439b72d791eb34fcbf04ec3cf2f05c4a88548	6.2	11.7	17.9
GCST90202991	ok	""	1	0	http://ftp.ebi.ac.uk/pub/databases/gwas/summary_statistics/GCST90202001-GCST90203000/GCST90202991/harmonised/GCST90202991.h.tsv.gz	83148625	4176280	14294	0.003423	0	2	8576	13	5713	/data/opengwasdb/metabolome-plasma-2023/releases/2023-chen-full-east-asian/filtered/GCST90202991_GCST90202991.filtered.tsv.gz	324192	sha256	4297e2a64c917a38e6f5ded6ab1b309868ef3f714f666a77503e501c0b126a7b	3.1	11.3	14.4
GCST90202992	ok	""	1	0	http://ftp.ebi.ac.uk/pub/databases/gwas/summary_statistics/GCST90202001-GCST90203000/GCST90202992/harmonised/GCST90202992.h.tsv.gz	83275767	4187053	10055	0.002401	0	1	4324	16	5720	/data/opengwasdb/metabolome-plasma-2023/releases/2023-chen-full-east-asian/filtered/GCST90202992_GCST90202992.filtered.tsv.gz	243744	sha256	852a5caef1a9f4e22b5e98377f764c3eda184bf0fe2d23e5d7d67a138522d20b	5.7	11.8	17.4
GCST90202993	ok	""	1	0	http://ftp.ebi.ac.uk/pub/databases/gwas/summary_statistics/GCST90202001-GCST90203000/GCST90202993/harmonised/GCST90202993.h.tsv.gz	83199358	4248846	5824	0.001371	0	0	0	9	5815	/data/opengwasdb/metabolome-plasma-2023/releases/2023-chen-full-east-asian/filtered/GCST90202993_GCST90202993.filtered.tsv.gz	162292	sha256	f679c1b913b0063bdd061b3c9844979b94d1d202d58b4c5be9cdc12b23840903	4.4	13.1	17.5
GCST90202994	ok	""	1	0	http://ftp.ebi.ac.uk/pub/databases/gwas/summary_statistics/GCST90202001-GCST90203000/GCST90202994/harmonised/GCST90202994.h.tsv.gz	87307543	4171012	8257	0.00198	0	1	2548	18	5696	/data/opengwasdb/metabolome-plasma-2023/releases/2023-chen-full-east-asian/filtered/GCST90202994_GCST90202994.filtered.tsv.gz	208449	sha256	d98bd735f5fd5f22e26a3d8a41961e33dbc2b265d94b239e89e558329382b51a	4.9	11.5	16.4
GCST90202995	ok	""	1	0	http://ftp.ebi.ac.uk/pub/databases/gwas/summary_statistics/GCST90202001-GCST90203000/GCST90202995/harmonised/GCST90202995.h.tsv.gz	83863647	4146705	5666	0.001366	0	0	0	25	5641	/data/opengwasdb/metabolome-plasma-2023/releases/2023-chen-full-east-asian/filtered/GCST90202995_GCST90202995.filtered.tsv.gz	157025	sha256	e5df8b2c535a25ea3615b249c1267a56672f16d8e0daa5ed81100919243daa5f	3.8	12.1	16
GCST90202996	ok	""	1	0	http://ftp.ebi.ac.uk/pub/databases/gwas/summary_statistics/GCST90202001-GCST90203000/GCST90202996/harmonised/GCST90202996.h.tsv.gz	84031015	4239387	5803	0.001369	0	0	0	11	5792	/data/opengwasdb/metabolome-plasma-2023/releases/2023-chen-full-east-asian/filtered/GCST90202996_GCST90202996.filtered.tsv.gz	161364	sha256	33ed9f00cce8637b847d0664a378bae8ab51c29c1ccf91b047ea93afa74290ef	3.4	10.8	14.2
GCST90202997	ok	""	1	0	http://ftp.ebi.ac.uk/pub/databases/gwas/summary_statistics/GCST90202001-GCST90203000/GCST90202997/harmonised/GCST90202997.h.tsv.gz	87539961	4186151	12824	0.003063	0	1	7086	22	5720	/data/opengwasdb/metabolome-plasma-2023/releases/2023-chen-full-east-asian/filtered/GCST90202997_GCST90202997.filtered.tsv.gz	300991	sha256	95472ab407d451ff5ea760eaae0f512badccf5cf664520ffe5698306461ece90	3.3	12.7	16
GCST90202998	ok	""	1	0	http://ftp.ebi.ac.uk/pub/databases/gwas/summary_statistics/GCST90202001-GCST90203000/GCST90202998/harmonised/GCST90202998.h.tsv.gz	83780219	4094867	5572	0.001361	0	0	0	20	5552	/data/opengwasdb/metabolome-plasma-2023/releases/2023-chen-full-east-asian/filtered/GCST90202998_GCST90202998.filtered.tsv.gz	155330	sha256	e2a40871ae3d604562bd6e0c57c084635c495a9c076dbdc66195b6fb7e6539f6	4.8	11	15.8
GCST90202999	ok	""	1	0	http://ftp.ebi.ac.uk/pub/databases/gwas/summary_statistics/GCST90202001-GCST90203000/GCST90202999/harmonised/GCST90202999.h.tsv.gz	83249888	4186908	5733	0.001369	0	0	0	16	5717	/data/opengwasdb/metabolome-plasma-2023/releases/2023-chen-full-east-asian/filtered/GCST90202999_GCST90202999.filtered.tsv.gz	159894	sha256	651a444bccde412842fc93a076c5cd264da342d5453d69e4f0ea3ce669b7c280	4.3	10.6	14.9
GCST90203000	ok	""	1	0	http://ftp.ebi.ac.uk/pub/databases/gwas/summary_statistics/GCST90202001-GCST90203000/GCST90203000/harmonised/GCST90203000.h.tsv.gz	85594580	4172662	5690	0.001364	0	0	0	18	5672	/data/opengwasdb/metabolome-plasma-2023/releases/2023-chen-full-east-asian/filtered/GCST90203000_GCST90203000.filtered.tsv.gz	158145	sha256	5a4eb6dfa06a9789278fce76a27dccc09faae9f8807755add33c45734f71c7ba	5.7	10.6	16.3
GCST90203001	ok	""	1	0	http://ftp.ebi.ac.uk/pub/databases/gwas/summary_statistics/GCST90203001-GCST90204000/GCST90203001/harmonised/GCST90203001.h.tsv.gz	87907195	4205510	5761	0.00137	0	0	0	14	5747	/data/opengwasdb/metabolome-plasma-2023/releases/2023-chen-full-east-asian/filtered/GCST90203001_GCST90203001.filtered.tsv.gz	160664	sha256	800c5b7f068907c27ed94bd305c84598cfcc6b63c769f48e75f070e8b9a6de4f	3.6	11	14.6
GCST90203002	ok	""	1	0	http://ftp.ebi.ac.uk/pub/databases/gwas/summary_statistics/GCST90203001-GCST90204000/GCST90203002/harmonised/GCST90203002.h.tsv.gz	82984989	4171012	5718	0.001371	0	0	0	22	5696	/data/opengwasdb/metabolome-plasma-2023/releases/2023-chen-full-east-asian/filtered/GCST90203002_GCST90203002.filtered.tsv.gz	159392	sha256	8d853d55da55887a7f9d989b9a063f083aedce29ea5788c91a692344026a4fee	3.6	11.6	15.2
GCST90203003	ok	""	1	0	http://ftp.ebi.ac.uk/pub/databases/gwas/summary_statistics/GCST90203001-GCST90204000/GCST90203003/harmonised/GCST90203003.h.tsv.gz	87292892	4171012	5714	0.00137	0	0	0	18	5696	/data/opengwasdb/metabolome-plasma-2023/releases/2023-chen-full-east-asian/filtered/GCST90203003_GCST90203003.filtered.tsv.gz	159304	sha256	f81c81b3dd504a694b364f462b43cc204ede477ad6c665a06ea0101fc433528a	3.3	10.7	13.9
GCST90203004	ok	""	1	0	http://ftp.ebi.ac.uk/pub/databases/gwas/summary_statistics/GCST90203001-GCST90204000/GCST90203004/harmonised/GCST90203004.h.tsv.gz	87641594	4212863	5772	0.00137	0	0	0	20	5753	/data/opengwasdb/metabolome-plasma-2023/releases/2023-chen-full-east-asian/filtered/GCST90203004_GCST90203004.filtered.tsv.gz	160938	sha256	effbce295014374d1fca4f431ea5f59438d909633b652b4e15a2072abf7da11b	4.9	12.3	17.2
GCST90203005	ok	""	1	0	http://ftp.ebi.ac.uk/pub/databases/gwas/summary_statistics/GCST90203001-GCST90204000/GCST90203005/harmonised/GCST90203005.h.tsv.gz	87810439	4202001	8524	0.002029	0	1	2761	30	5735	/data/opengwasdb/metabolome-plasma-2023/releases/2023-chen-full-east-asian/filtered/GCST90203005_GCST90203005.filtered.tsv.gz	214909	sha256	6c8f3f4426ea4e8e09a417ee024402d60fa3561ba6a171165dcbd2b03241e46d	2.9	11.4	14.3
GCST90203006	ok	""	1	0	http://ftp.ebi.ac.uk/pub/databases/gwas/summary_statistics/GCST90203001-GCST90204000/GCST90203006/harmonised/GCST90203006.h.tsv.gz	81669676	4192346	9677	0.002308	0	1	3954	13	5712	/data/opengwasdb/metabolome-plasma-2023/releases/2023-chen-full-east-asian/filtered/GCST90203006_GCST90203006.filtered.tsv.gz	230390	sha256	5b40214732da5c6d402462112c01c29c2c41faacd46fd9d2857535d45b0c20f5	5.7	11.8	17.6
GCST90203007	ok	""	1	0	http://ftp.ebi.ac.uk/pub/databases/gwas/summary_statistics/GCST90203001-GCST90204000/GCST90203007/harmonised/GCST90203007.h.tsv.gz	87560490	4187003	5739	0.001371	0	0	0	19	5720	/data/opengwasdb/metabolome-plasma-2023/releases/2023-chen-full-east-asian/filtered/GCST90203007_GCST90203007.filtered.tsv.gz	160055	sha256	92f50dcbcd3e38d75af0f1041b18fb1c385f7f1b9d3e3e980b7bff094bd3a78d	3.5	11.8	15.2
GCST90203008	ok	""	1	0	http://ftp.ebi.ac.uk/pub/databases/gwas/summary_statistics/GCST90203001-GCST90204000/GCST90203008/harmonised/GCST90203008.h.tsv.gz	83748851	4216982	5783	0.001371	0	0	0	19	5764	/data/opengwasdb/metabolome-plasma-2023/releases/2023-chen-full-east-asian/filtered/GCST90203008_GCST90203008.filtered.tsv.gz	160969	sha256	cbe2a26f0bcdfb5d6119a7cf84571f67dd30422e79879df423c9adb02f8bdadb	5	11.1	16.1
GCST90203009	ok	""	1	0	http://ftp.ebi.ac.uk/pub/databases/gwas/summary_statistics/GCST90203001-GCST90204000/GCST90203009/harmonised/GCST90203009.h.tsv.gz	87535152	4184933	5732	0.00137	0	0	0	21	5711	/data/opengwasdb/metabolome-plasma-2023/releases/2023-chen-full-east-asian/filtered/GCST90203009_GCST90203009.filtered.tsv.gz	159925	sha256	bc5f43144d8a7faeff1485967bb5f12ad26993b355f60f95bcdcecbbf2bfe753	6.2	11.3	17.5
GCST90203010	ok	""	1	0	http://ftp.ebi.ac.uk/pub/databases/gwas/summary_statistics/GCST90203001-GCST90204000/GCST90203010/harmonised/GCST90203010.h.tsv.gz	87860693	4229689	5792	0.001369	0	0	0	16	5776	/data/opengwasdb/metabolome-plasma-2023/releases/2023-chen-full-east-asian/filtered/GCST90203010_GCST90203010.filtered.tsv.gz	161009	sha256	587c09ca97512116e85005341c23a0b42472d0feca791dfcdc078135cb0e1f0f	5.2	12.1	17.3
GCST90203011	ok	""	1	0	http://ftp.ebi.ac.uk/pub/databases/gwas/summary_statistics/GCST90203001-GCST90204000/GCST90203011/harmonised/GCST90203011.h.tsv.gz	87530331	4184887	13337	0.003187	0	2	7605	21	5721	/data/opengwasdb/metabolome-plasma-2023/releases/2023-chen-full-east-asian/filtered/GCST90203011_GCST90203011.filtered.tsv.gz	303089	sha256	2117f62baf0b700be3439304a0b22d225842459b493412b5f0c2c908468ffcd3	6.2	10.8	17
GCST90203012	ok	""	1	0	http://ftp.ebi.ac.uk/pub/databases/gwas/summary_statistics/GCST90203001-GCST90204000/GCST90203012/harmonised/GCST90203012.h.tsv.gz	85150475	4245713	11325	0.002667	0	2	5497	23	5811	/data/opengwasdb/metabolome-plasma-2023/releases/2023-chen-full-east-asian/filtered/GCST90203012_GCST90203012.filtered.tsv.gz	265267	sha256	69907726d54e045b3ad0ed1a4fa38bfce5baf9120d6823a40c1065e237e02c74	3	10.4	13.3
GCST90203013	ok	""	1	0	http://ftp.ebi.ac.uk/pub/databases/gwas/summary_statistics/GCST90203001-GCST90204000/GCST90203013/harmonised/GCST90203013.h.tsv.gz	87540147	4185633	5739	0.001371	0	0	0	23	5716	/data/opengwasdb/metabolome-plasma-2023/releases/2023-chen-full-east-asian/filtered/GCST90203013_GCST90203013.filtered.tsv.gz	160163	sha256	de806be068b13fdd0dc64fad1f145f14250d93245169a24a24480d14b309d595	5.1	11.9	17
GCST90203014	ok	""	1	0	http://ftp.ebi.ac.uk/pub/databases/gwas/summary_statistics/GCST90203001-GCST90204000/GCST90203014/harmonised/GCST90203014.h.tsv.gz	79527217	4218802	5767	0.001367	0	0	0	15	5752	/data/opengwasdb/metabolome-plasma-2023/releases/2023-chen-full-east-asian/filtered/GCST90203014_GCST90203014.filtered.tsv.gz	159846	sha256	689155e3944c6eebd6ba4dfda805106968b2d7c669f6d1540de197b6098a71a1	2.7	11.5	14.2
GCST90203015	ok	""	1	0	http://ftp.ebi.ac.uk/pub/databases/gwas/summary_statistics/GCST90203001-GCST90204000/GCST90203015/harmonised/GCST90203015.h.tsv.gz	87543237	4187206	5734	0.001369	0	0	0	13	5721	/data/opengwasdb/metabolome-plasma-2023/releases/2023-chen-full-east-asian/filtered/GCST90203015_GCST90203015.filtered.tsv.gz	159833	sha256	55d0423691d61d533475c0483003c77eb9a0e97329579d1f6956d83fe30a7d85	6.5	11.7	18.2
GCST90203016	ok	""	1	0	http://ftp.ebi.ac.uk/pub/databases/gwas/summary_statistics/GCST90203001-GCST90204000/GCST90203016/harmonised/GCST90203016.h.tsv.gz	83560093	4205823	5766	0.001371	0	0	0	19	5747	/data/opengwasdb/metabolome-plasma-2023/releases/2023-chen-full-east-asian/filtered/GCST90203016_GCST90203016.filtered.tsv.gz	160803	sha256	3691f435ef23c135d4588a9d7c3aa84459418a0a9a8406ca994942da0b970292	5.2	10.7	15.9
GCST90203017	ok	""	1	0	http://ftp.ebi.ac.uk/pub/databases/gwas/summary_statistics/GCST90203001-GCST90204000/GCST90203017/harmonised/GCST90203017.h.tsv.gz	83450958	4234950	5787	0.001366	0	0	0	13	5774	/data/opengwasdb/metabolome-plasma-2023/releases/2023-chen-full-east-asian/filtered/GCST90203017_GCST90203017.filtered.tsv.gz	161693	sha256	edc5ebd8b605a81686e27eba998c1653aab4f6e2c09720eda2284d08b9e41d5a	5.3	12.3	17.6
GCST90203018	ok	""	1	0	http://ftp.ebi.ac.uk/pub/databases/gwas/summary_statistics/GCST90203001-GCST90204000/GCST90203018/harmonised/GCST90203018.h.tsv.gz	83158362	4107863	10800	0.002629	0	1	5196	17	5591	/data/opengwasdb/metabolome-plasma-2023/releases/2023-chen-full-east-asian/filtered/GCST90203018_GCST90203018.filtered.tsv.gz	258945	sha256	ed85e873be6889a43e994d894219f0b6422c3950eb6fa0d91cb757e3b588350d	5	11.8	16.8
GCST90203019	ok	""	1	0	http://ftp.ebi.ac.uk/pub/databases/gwas/summary_statistics/GCST90203001-GCST90204000/GCST90203019/harmonised/GCST90203019.h.tsv.gz	83399989	4192123	5745	0.00137	0	0	0	12	5733	/data/opengwasdb/metabolome-plasma-2023/releases/2023-chen-full-east-asian/filtered/GCST90203019_GCST90203019.filtered.tsv.gz	160171	sha256	64bd41916dc721c5ce0cd08825de5b535215bdb402d8b22e9a95b144f58b3f78	3	11.1	14.1
GCST90203020	ok	""	1	0	http://ftp.ebi.ac.uk/pub/databases/gwas/summary_statistics/GCST90203001-GCST90204000/GCST90203020/harmonised/GCST90203020.h.tsv.gz	75377845	4052944	5551	0.00137	0	0	0	28	5523	/data/opengwasdb/metabolome-plasma-2023/releases/2023-chen-full-east-asian/filtered/GCST90203020_GCST90203020.filtered.tsv.gz	153664	sha256	b64357be2f29832e53725e21cdae2500855e13a59829e018f6d9acd032756529	5	11.4	16.4
GCST90203021	ok	""	1	0	http://ftp.ebi.ac.uk/pub/databases/gwas/summary_statistics/GCST90203001-GCST90204000/GCST90203021/harmonised/GCST90203021.h.tsv.gz	87826281	4238347	5818	0.001373	0	0	0	22	5796	/data/opengwasdb/metabolome-plasma-2023/releases/2023-chen-full-east-asian/filtered/GCST90203021_GCST90203021.filtered.tsv.gz	162342	sha256	b700a09bc36be04c0951d2288d4480b9bc8295c97d038d4f94a77b28744c3e81	6	12.3	18.3
GCST90203022	ok	""	1	0	http://ftp.ebi.ac.uk/pub/databases/gwas/summary_statistics/GCST90203001-GCST90204000/GCST90203022/harmonised/GCST90203022.h.tsv.gz	79136445	4222235	5809	0.001376	0	0	0	32	5777	/data/opengwasdb/metabolome-plasma-2023/releases/2023-chen-full-east-asian/filtered/GCST90203022_GCST90203022.filtered.tsv.gz	160976	sha256	d08520552b61c19724d3431bd96153158db02ad2d1e255d81b81695666ca689a	5.4	11.7	17.1
GCST90203023	ok	""	1	0	http://ftp.ebi.ac.uk/pub/databases/gwas/summary_statistics/GCST90203001-GCST90204000/GCST90203023/harmonised/GCST90203023.h.tsv.gz	87819154	4202608	5781	0.001376	0	0	0	23	5758	/data/opengwasdb/metabolome-plasma-2023/releases/2023-chen-full-east-asian/filtered/GCST90203023_GCST90203023.filtered.tsv.gz	161190	sha256	c4315d1f1907d20ae97a5102d105030969ce59debfeb0166fcd6eb1e82ccec86	6.2	11	17.1
GCST90203024	ok	""	1	0	http://ftp.ebi.ac.uk/pub/databases/gwas/summary_statistics/GCST90203001-GCST90204000/GCST90203024/harmonised/GCST90203024.h.tsv.gz	87033448	4219333	5753	0.001363	0	0	0	14	5739	/data/opengwasdb/metabolome-plasma-2023/releases/2023-chen-full-east-asian/filtered/GCST90203024_GCST90203024.filtered.tsv.gz	160569	sha256	5cd9a9f4df6a6136b92e164033dc87ad820e327ac0a406a18f037ac2d85d57d7	6.4	12.2	18.5
GCST90203025	ok	""	1	0	http://ftp.ebi.ac.uk/pub/databases/gwas/summary_statistics/GCST90203001-GCST90204000/GCST90203025/harmonised/GCST90203025.h.tsv.gz	86523554	4239022	8035	0.001895	0	1	2224	14	5802	/data/opengwasdb/metabolome-plasma-2023/releases/2023-chen-full-east-asian/filtered/GCST90203025_GCST90203025.filtered.tsv.gz	203190	sha256	ce8454002dc54d5e3a53be00873567ffc0d1a4e177f3fd7934c2df02581cdf42	4	12.3	16.3
GCST90203026	ok	""	1	0	http://ftp.ebi.ac.uk/pub/databases/gwas/summary_statistics/GCST90203001-GCST90204000/GCST90203026/harmonised/GCST90203026.h.tsv.gz	87286092	4171012	5716	0.00137	0	0	0	20	5696	/data/opengwasdb/metabolome-plasma-2023/releases/2023-chen-full-east-asian/filtered/GCST90203026_GCST90203026.filtered.tsv.gz	159345	sha256	e50a3771d9ac7007c96b960adec596d3faa4c8cba62a7f6b7db6b53d9ed76c87	5.4	11.7	17.1
GCST90203027	ok	""	1	0	http://ftp.ebi.ac.uk/pub/databases/gwas/summary_statistics/GCST90203001-GCST90204000/GCST90203027/harmonised/GCST90203027.h.tsv.gz	84930956	4144394	5633	0.001359	0	0	0	18	5615	/data/opengwasdb/metabolome-plasma-2023/releases/2023-chen-full-east-asian/filtered/GCST90203027_GCST90203027.filtered.tsv.gz	156544	sha256	3aadb644b66f8e299fbbf267a90035430f6e0c01a642c3e86d0a086439cb8a83	5.2	11.4	16.6
GCST90203028	ok	""	1	0	http://ftp.ebi.ac.uk/pub/databases/gwas/summary_statistics/GCST90203001-GCST90204000/GCST90203028/harmonised/GCST90203028.h.tsv.gz	83467000	4202106	10033	0.002388	0	1	4266	19	5752	/data/opengwasdb/metabolome-plasma-2023/releases/2023-chen-full-east-asian/filtered/GCST90203028_GCST90203028.filtered.tsv.gz	248017	sha256	9d9162517f8458ab948f18a7b07fc9d6c12df115f6bb4beae602eb428f69b104	5.3	11	16.3
GCST90203029	ok	""	1	0	http://ftp.ebi.ac.uk/pub/databases/gwas/summary_statistics/GCST90203001-GCST90204000/GCST90203029/harmonised/GCST90203029.h.tsv.gz	85104357	4089429	5591	0.001367	0	0	0	27	5564	/data/opengwasdb/metabolome-plasma-2023/releases/2023-chen-full-east-asian/filtered/GCST90203029_GCST90203029.filtered.tsv.gz	156231	sha256	f76bf6ca06cb155b456304252ce1eaf80681d6dd592977da97a33bf76bd9823c	5.1	12.1	17.2
GCST90203030	ok	""	1	0	http://ftp.ebi.ac.uk/pub/databases/gwas/summary_statistics/GCST90203001-GCST90204000/GCST90203030/harmonised/GCST90203030.h.tsv.gz	87307555	4171012	5724	0.001372	0	0	0	28	5696	/data/opengwasdb/metabolome-plasma-2023/releases/2023-chen-full-east-asian/filtered/GCST90203030_GCST90203030.filtered.tsv.gz	159709	sha256	c703af5ef5d76196e31d20c594f52e48a34d582b4189c2e1ed6a669d44daf36b	5	12.1	17.1
GCST90203031	ok	""	1	0	http://ftp.ebi.ac.uk/pub/databases/gwas/summary_statistics/GCST90203001-GCST90204000/GCST90203031/harmonised/GCST90203031.h.tsv.gz	82992565	4171012	5714	0.00137	0	0	0	18	5696	/data/opengwasdb/metabolome-plasma-2023/releases/2023-chen-full-east-asian/filtered/GCST90203031_GCST90203031.filtered.tsv.gz	159374	sha256	f5f6ad91e248e23348467ccc659b0110e9cc78730a0792e1f810a78c39927db8	4.4	10.9	15.3
GCST90203032	ok	""	1	0	http://ftp.ebi.ac.uk/pub/databases/gwas/summary_statistics/GCST90203001-GCST90204000/GCST90203032/harmonised/GCST90203032.h.tsv.gz	83011697	4171012	5711	0.001369	0	0	0	16	5696	/data/opengwasdb/metabolome-plasma-2023/releases/2023-chen-full-east-asian/filtered/GCST90203032_GCST90203032.filtered.tsv.gz	159506	sha256	64138497e4877d47a9fb6987fe12b0f26fac3e10196aa82ee28b7c3c6f7a04f0	5.2	10.2	15.4
GCST90203033	ok	""	1	0	http://ftp.ebi.ac.uk/pub/databases/gwas/summary_statistics/GCST90203001-GCST90204000/GCST90203033/harmonised/GCST90203033.h.tsv.gz	80637162	4201953	5791	0.001378	0	0	0	26	5765	/data/opengwasdb/metabolome-plasma-2023/releases/2023-chen-full-east-asian/filtered/GCST90203033_GCST90203033.filtered.tsv.gz	161234	sha256	7445862e0b0203983c1d0d79424e953d38e1edbaaa9ddcefd11f4447cd066a96	5.3	10.9	16.2
GCST90203034	ok	""	1	0	http://ftp.ebi.ac.uk/pub/databases/gwas/summary_statistics/GCST90203001-GCST90204000/GCST90203034/harmonised/GCST90203034.h.tsv.gz	87075143	4182371	9296	0.002223	0	1	3564	21	5714	/data/opengwasdb/metabolome-plasma-2023/releases/2023-chen-full-east-asian/filtered/GCST90203034_GCST90203034.filtered.tsv.gz	221585	sha256	d778f0aefccff5abd332e195cda49e7b7a93aa524d26dbfdb3aaf649011bbc5e	4.7	11.8	16.4
GCST90203035	ok	""	1	0	http://ftp.ebi.ac.uk/pub/databases/gwas/summary_statistics/GCST90203001-GCST90204000/GCST90203035/harmonised/GCST90203035.h.tsv.gz	88415130	4237827	9842	0.002322	0	1	4040	11	5794	/data/opengwasdb/metabolome-plasma-2023/releases/2023-chen-full-east-asian/filtered/GCST90203035_GCST90203035.filtered.tsv.gz	245192	sha256	4916e4ae2ca61f7239531843b39775f571a73fcb154cdc6a2963dbefe4fe8855	4.5	11.1	15.6
GCST90203036	ok	""	1	0	http://ftp.ebi.ac.uk/pub/databases/gwas/summary_statistics/GCST90203001-GCST90204000/GCST90203036/harmonised/GCST90203036.h.tsv.gz	79549532	4211429	13894	0.003299	0	2	8091	25	5786	/data/opengwasdb/metabolome-plasma-2023/releases/2023-chen-full-east-asian/filtered/GCST90203036_GCST90203036.filtered.tsv.gz	295650	sha256	4856f068dd95b25dce506d84179e007c09c76c77ec8f1b4f41886fd7c8dd0933	3.1	11.9	15
GCST90203037	ok	""	1	0	http://ftp.ebi.ac.uk/pub/databases/gwas/summary_statistics/GCST90203001-GCST90204000/GCST90203037/harmonised/GCST90203037.h.tsv.gz	87927864	4206366	5761	0.00137	0	0	0	20	5741	/data/opengwasdb/metabolome-plasma-2023/releases/2023-chen-full-east-asian/filtered/GCST90203037_GCST90203037.filtered.tsv.gz	160594	sha256	3ca1d1e71d8a86acf0305314b8175c934bf92c278182e0cc642053ff0ed02a55	6	11.2	17.2
GCST90203038	ok	""	1	0	http://ftp.ebi.ac.uk/pub/databases/gwas/summary_statistics/GCST90203001-GCST90204000/GCST90203038/harmonised/GCST90203038.h.tsv.gz	87592486	4187206	8796	0.002101	0	1	3052	25	5721	/data/opengwasdb/metabolome-plasma-2023/releases/2023-chen-full-east-asian/filtered/GCST90203038_GCST90203038.filtered.tsv.gz	219007	sha256	fd4baf8137075cac45ba4567255eaa651c92a7ea09fa8bdf27584cd20716424f	3.9	9.7	13.5
GCST90203039	ok	""	1	0	http://ftp.ebi.ac.uk/pub/databases/gwas/summary_statistics/GCST90203001-GCST90204000/GCST90203039/harmonised/GCST90203039.h.tsv.gz	88169119	4220497	13470	0.003192	0	2	7674	21	5785	/data/opengwasdb/metabolome-plasma-2023/releases/2023-chen-full-east-asian/filtered/GCST90203039_GCST90203039.filtered.tsv.gz	312136	sha256	91db56993fcb2d9c04c780eb7be9eb56fe77d92c898850bb77336b5fe0b2e708	3.3	11.6	14.9
GCST90203040	ok	""	1	0	http://ftp.ebi.ac.uk/pub/databases/gwas/summary_statistics/GCST90203001-GCST90204000/GCST90203040/harmonised/GCST90203040.h.tsv.gz	85299888	4102226	5605	0.001366	0	0	0	18	5587	/data/opengwasdb/metabolome-plasma-2023/releases/2023-chen-full-east-asian/filtered/GCST90203040_GCST90203040.filtered.tsv.gz	156638	sha256	9a5cd47360615118204c18e3ba3e4a78ca518e4935c1b0a0ccfd4868c99172d0	3.2	12.1	15.3
GCST90203041	ok	""	1	0	http://ftp.ebi.ac.uk/pub/databases/gwas/summary_statistics/GCST90203001-GCST90204000/GCST90203041/harmonised/GCST90203041.h.tsv.gz	87377892	4213829	5791	0.001374	0	0	0	42	5749	/data/opengwasdb/metabolome-plasma-2023/releases/2023-chen-full-east-asian/filtered/GCST90203041_GCST90203041.filtered.tsv.gz	161875	sha256	b82be73b320e11a7403218258e17b98494e59b6cdcc864b192d0417650f9f987	6.3	12	18.3
GCST90203042	ok	""	1	0	http://ftp.ebi.ac.uk/pub/databases/gwas/summary_statistics/GCST90203001-GCST90204000/GCST90203042/harmonised/GCST90203042.h.tsv.gz	84755156	4126850	5638	0.001366	0	0	0	21	5617	/data/opengwasdb/metabolome-plasma-2023/releases/2023-chen-full-east-asian/filtered/GCST90203042_GCST90203042.filtered.tsv.gz	157084	sha256	91a00869a9b41c863f7f3958c79ac34edc72ca73c1aa4942967b111c097f4ed7	6.2	12.1	18.3
GCST90203043	ok	""	1	0	http://ftp.ebi.ac.uk/pub/databases/gwas/summary_statistics/GCST90203001-GCST90204000/GCST90203043/harmonised/GCST90203043.h.tsv.gz	88329094	4235751	8095	0.001911	0	1	2281	29	5791	/data/opengwasdb/metabolome-plasma-2023/releases/2023-chen-full-east-asian/filtered/GCST90203043_GCST90203043.filtered.tsv.gz	201893	sha256	6838fbb86d1006ccd727e1dbb67e47fe00c08e7e46fb8471ac144fa75374dc52	6.1	10	16.1
GCST90203044	ok	""	1	0	http://ftp.ebi.ac.uk/pub/databases/gwas/summary_statistics/GCST90203001-GCST90204000/GCST90203044/harmonised/GCST90203044.h.tsv.gz	84013004	4234858	5813	0.001373	0	0	0	12	5801	/data/opengwasdb/metabolome-plasma-2023/releases/2023-chen-full-east-asian/filtered/GCST90203044_GCST90203044.filtered.tsv.gz	161733	sha256	20db53b3eb595457bb8b92507b9a7a1b068a884d97402a677adbb498e8fe99e4	5.5	11.8	17.3
GCST90203045	ok	""	1	0	http://ftp.ebi.ac.uk/pub/databases/gwas/summary_statistics/GCST90203001-GCST90204000/GCST90203045/harmonised/GCST90203045.h.tsv.gz	88069430	4216726	5774	0.001369	0	0	0	18	5756	/data/opengwasdb/metabolome-plasma-2023/releases/2023-chen-full-east-asian/filtered/GCST90203045_GCST90203045.filtered.tsv.gz	160826	sha256	c030870bd1589fcdf67d8cc79be9b230c82bda6800718b988e400ae64f6429d5	6.2	11.1	17.3
GCST90203046	ok	""	1	0	http://ftp.ebi.ac.uk/pub/databases/gwas/summary_statistics/GCST90203001-GCST90204000/GCST90203046/harmonised/GCST90203046.h.tsv.gz	83432561	4200407	8740	0.002081	0	1	2991	19	5734	/data/opengwasdb/metabolome-plasma-2023/releases/2023-chen-full-east-asian/filtered/GCST90203046_GCST90203046.filtered.tsv.gz	223232	sha256	147bc033df392057758ffedf5bb4d276562e3b9e4ebd8abf795d68c4abd43ea3	4.5	12	16.6
GCST90203047	ok	""	1	0	http://ftp.ebi.ac.uk/pub/databases/gwas/summary_statistics/GCST90203001-GCST90204000/GCST90203047/harmonised/GCST90203047.h.tsv.gz	83280123	4187419	5756	0.001375	0	0	0	24	5732	/data/opengwasdb/metabolome-plasma-2023/releases/2023-chen-full-east-asian/filtered/GCST90203047_GCST90203047.filtered.tsv.gz	160665	sha256	e3037ccb8851c33d89ef22628805ff23c81e3b969591d6d451e82497e5e701fa	2.9	12.2	15.1
GCST90203048	ok	""	1	0	http://ftp.ebi.ac.uk/pub/databases/gwas/summary_statistics/GCST90203001-GCST90204000/GCST90203048/harmonised/GCST90203048.h.tsv.gz	87802093	4201904	8944	0.002129	0	1	3174	12	5761	/data/opengwasdb/metabolome-plasma-2023/releases/2023-chen-full-east-asian/filtered/GCST90203048_GCST90203048.filtered.tsv.gz	219439	sha256	30f28b3d68148e5dc6245b713e11e2e39e8958d1f09619efb37d9191e94d8656	3.3	10.1	13.4
GCST90203049	ok	""	1	0	http://ftp.ebi.ac.uk/pub/databases/gwas/summary_statistics/GCST90203001-GCST90204000/GCST90203049/harmonised/GCST90203049.h.tsv.gz	87790719	4202744	5757	0.00137	0	0	0	16	5741	/data/opengwasdb/metabolome-plasma-2023/releases/2023-chen-full-east-asian/filtered/GCST90203049_GCST90203049.filtered.tsv.gz	160364	sha256	c3d88f460a1f916ec1ded72c8ab389a0fe5aca4043b0646230d09ef79b6d37a1	3.7	12	15.6
GCST90203050	ok	""	1	0	http://ftp.ebi.ac.uk/pub/databases/gwas/summary_statistics/GCST90203001-GCST90204000/GCST90203050/harmonised/GCST90203050.h.tsv.gz	82972945	4171012	5710	0.001369	0	0	0	14	5696	/data/opengwasdb/metabolome-plasma-2023/releases/2023-chen-full-east-asian/filtered/GCST90203050_GCST90203050.filtered.tsv.gz	159179	sha256	415ef5a20b4cebd226489cc78b16ad709f2d9ce6bad5378291cdddbaaca6ff24	5.3	10.7	16
GCST90203051	ok	""	1	0	http://ftp.ebi.ac.uk/pub/databases/gwas/summary_statistics/GCST90203001-GCST90204000/GCST90203051/harmonised/GCST90203051.h.tsv.gz	85285051	4100688	5582	0.001361	0	0	0	19	5563	/data/opengwasdb/metabolome-plasma-2023/releases/2023-chen-full-east-asian/filtered/GCST90203051_GCST90203051.filtered.tsv.gz	155942	sha256	d47022b4f8476a19f496a977bcaf13c9ff32fb21a9b3dcae145c06ab9390191e	3.8	10.8	14.5
GCST90203052	ok	""	1	0	http://ftp.ebi.ac.uk/pub/databases/gwas/summary_statistics/GCST90203001-GCST90204000/GCST90203052/harmonised/GCST90203052.h.tsv.gz	85010796	4084597	5568	0.001363	0	0	0	21	5547	/data/opengwasdb/metabolome-plasma-2023/releases/2023-chen-full-east-asian/filtered/GCST90203052_GCST90203052.filtered.tsv.gz	155807	sha256	4d856dfcf74e7572e8b9ff427243f7a1be9e1d1c7fe945ce42f60681e359275d	3.2	10	13.1
GCST90203053	ok	""	1	0	http://ftp.ebi.ac.uk/pub/databases/gwas/summary_statistics/GCST90203001-GCST90204000/GCST90203053/harmonised/GCST90203053.h.tsv.gz	82960900	4171012	9237	0.002215	0	1	3523	22	5696	/data/opengwasdb/metabolome-plasma-2023/releases/2023-chen-full-east-asian/filtered/GCST90203053_GCST90203053.filtered.tsv.gz	226271	sha256	c298b1cd971666940a4e23c58e187bd4ee911685be32c8e0f8cdf3dbf53eab32	4.9	11.7	16.6
GCST90203054	ok	""	1	0	http://ftp.ebi.ac.uk/pub/databases/gwas/summary_statistics/GCST90203001-GCST90204000/GCST90203054/harmonised/GCST90203054.h.tsv.gz	84232957	4162065	5688	0.001367	0	0	0	29	5659	/data/opengwasdb/metabolome-plasma-2023/releases/2023-chen-full-east-asian/filtered/GCST90203054_GCST90203054.filtered.tsv.gz	158450	sha256	098232fa544d88a8727464f4bac3f117c1c62d7aaa9a5314aec6aa1a49a014d2	5.5	11	16.5
GCST90203055	ok	""	1	0	http://ftp.ebi.ac.uk/pub/databases/gwas/summary_statistics/GCST90203001-GCST90204000/GCST90203055/harmonised/GCST90203055.h.tsv.gz	84592849	4127147	5633	0.001365	0	0	0	18	5615	/data/opengwasdb/metabolome-plasma-2023/releases/2023-chen-full-east-asian/filtered/GCST90203055_GCST90203055.filtered.tsv.gz	156755	sha256	3feffb607c447ec52842f4b17a28c26b06197f91869b0436c9f1b6b06d14e304	3.2	11.6	14.9
GCST90203056	ok	""	1	0	http://ftp.ebi.ac.uk/pub/databases/gwas/summary_statistics/GCST90203001-GCST90204000/GCST90203056/harmonised/GCST90203056.h.tsv.gz	76631538	4130517	8589	0.002079	0	1	2938	34	5619	/data/opengwasdb/metabolome-plasma-2023/releases/2023-chen-full-east-asian/filtered/GCST90203056_GCST90203056.filtered.tsv.gz	210603	sha256	6ba67e13ee308467fd111b9df0c5b1e4379954fca2b441f6c2e0f03b59e130cb	5	9.7	14.7
GCST90203057	ok	""	1	0	http://ftp.ebi.ac.uk/pub/databases/gwas/summary_statistics/GCST90203001-GCST90204000/GCST90203057/harmonised/GCST90203057.h.tsv.gz	88388899	4238037	8963	0.002115	0	1	3149	22	5794	/data/opengwasdb/metabolome-plasma-2023/releases/2023-chen-full-east-asian/filtered/GCST90203057_GCST90203057.filtered.tsv.gz	221226	sha256	d739db63fa6171002dc5ca25c16b41bc4dfa38220df3bde449b08d82c79ecc49	4.4	12.1	16.5
GCST90203058	ok	""	1	0	http://ftp.ebi.ac.uk/pub/databases/gwas/summary_statistics/GCST90203001-GCST90204000/GCST90203058/harmonised/GCST90203058.h.tsv.gz	80887968	4159363	9090	0.002185	0	1	3415	25	5653	/data/opengwasdb/metabolome-plasma-2023/releases/2023-chen-full-east-asian/filtered/GCST90203058_GCST90203058.filtered.tsv.gz	219654	sha256	fe58a3295a210bb1c56e7138daec0828c519fc17fb79734ffd57f3f4c822cc28	4.9	11.9	16.9
GCST90203059	ok	""	1	0	http://ftp.ebi.ac.uk/pub/databases/gwas/summary_statistics/GCST90203001-GCST90204000/GCST90203059/harmonised/GCST90203059.h.tsv.gz	82954279	4171012	5712	0.001369	0	0	0	16	5696	/data/opengwasdb/metabolome-plasma-2023/releases/2023-chen-full-east-asian/filtered/GCST90203059_GCST90203059.filtered.tsv.gz	159375	sha256	fd45b32594198644e18b21fcef347c6160a671f9f12ebc4e6f840860b24e612a	3.1	9.7	12.8
GCST90203060	ok	""	1	0	http://ftp.ebi.ac.uk/pub/databases/gwas/summary_statistics/GCST90203001-GCST90204000/GCST90203060/harmonised/GCST90203060.h.tsv.gz	82415279	4142294	5674	0.00137	0	0	0	24	5650	/data/opengwasdb/metabolome-plasma-2023/releases/2023-chen-full-east-asian/filtered/GCST90203060_GCST90203060.filtered.tsv.gz	156927	sha256	be8dec703cae42632ae4317c18fe8c5ed4a5acffb2c2704e3d72dea3e1449308	3.6	10.6	14.3
GCST90203061	ok	""	1	0	http://ftp.ebi.ac.uk/pub/databases/gwas/summary_statistics/GCST90203001-GCST90204000/GCST90203061/harmonised/GCST90203061.h.tsv.gz	78411659	4263539	31392	0.007363	0	8	25554	44	5834	/data/opengwasdb/metabolome-plasma-2023/releases/2023-chen-full-east-asian/filtered/GCST90203061_GCST90203061.filtered.tsv.gz	626384	sha256	fbd06bf096cf71ea944562c98e1d4e81a63d75b6febc7a809d32fd2a6b53a17e	5.2	11.5	16.7
GCST90203062	ok	""	1	0	http://ftp.ebi.ac.uk/pub/databases/gwas/summary_statistics/GCST90203001-GCST90204000/GCST90203062/harmonised/GCST90203062.h.tsv.gz	85733144	4129149	5651	0.001369	0	0	0	22	5629	/data/opengwasdb/metabolome-plasma-2023/releases/2023-chen-full-east-asian/filtered/GCST90203062_GCST90203062.filtered.tsv.gz	157955	sha256	83daf910d802c4ab32631d7c522c5bfd72d60a9841830c8a2cd8105f96d70e68	3	11.7	14.6
GCST90203063	ok	""	1	0	http://ftp.ebi.ac.uk/pub/databases/gwas/summary_statistics/GCST90203001-GCST90204000/GCST90203063/harmonised/GCST90203063.h.tsv.gz	87903156	4205648	5777	0.001374	0	0	0	22	5755	/data/opengwasdb/metabolome-plasma-2023/releases/2023-chen-full-east-asian/filtered/GCST90203063_GCST90203063.filtered.tsv.gz	161066	sha256	31f79db909578cfcef72a3c7646b9a58d74190f3fea5c8d705ef8893b2eabfde	4	11.7	15.7
GCST90203064	ok	""	1	0	http://ftp.ebi.ac.uk/pub/databases/gwas/summary_statistics/GCST90203001-GCST90204000/GCST90203064/harmonised/GCST90203064.h.tsv.gz	87521836	4186780	5746	0.001372	0	0	0	15	5731	/data/opengwasdb/metabolome-plasma-2023/releases/2023-chen-full-east-asian/filtered/GCST90203064_GCST90203064.filtered.tsv.gz	160135	sha256	5abd67a68c3f2ffce4333d068b9851f12a94b52c9291ee5357c80f99c38fac96	3.8	9.8	13.6
GCST90203065	ok	""	1	0	http://ftp.ebi.ac.uk/pub/databases/gwas/summary_statistics/GCST90203001-GCST90204000/GCST90203065/harmonised/GCST90203065.h.tsv.gz	84704055	4270808	5887	0.001378	0	0	0	31	5856	/data/opengwasdb/metabolome-plasma-2023/releases/2023-chen-full-east-asian/filtered/GCST90203065_GCST90203065.filtered.tsv.gz	162776	sha256	479ea7cedfea36836578f1b38cd97e772ae4d1b59c5ee4333240726c2e9cca3d	4.3	9.8	14.1
GCST90203066	ok	""	1	0	http://ftp.ebi.ac.uk/pub/databases/gwas/summary_statistics/GCST90203001-GCST90204000/GCST90203066/harmonised/GCST90203066.h.tsv.gz	87630115	4192212	5759	0.001374	0	0	0	21	5738	/data/opengwasdb/metabolome-plasma-2023/releases/2023-chen-full-east-asian/filtered/GCST90203066_GCST90203066.filtered.tsv.gz	160793	sha256	3d76396a09900819a9eb02bb837df05ce85472a6dc72f10046e4ebff3cd8ff85	5	12.1	17.1
GCST90203067	ok	""	1	0	http://ftp.ebi.ac.uk/pub/databases/gwas/summary_statistics/GCST90203001-GCST90204000/GCST90203067/harmonised/GCST90203067.h.tsv.gz	83098638	4176280	5737	0.001374	0	0	0	24	5713	/data/opengwasdb/metabolome-plasma-2023/releases/2023-chen-full-east-asian/filtered/GCST90203067_GCST90203067.filtered.tsv.gz	160102	sha256	25fe29a611506918fc850a4dce7cc80ce5efa1ea3c1f3baa6e3e7e4cb083729a	5.1	10.9	16
GCST90203068	ok	""	1	0	http://ftp.ebi.ac.uk/pub/databases/gwas/summary_statistics/GCST90203001-GCST90204000/GCST90203068/harmonised/GCST90203068.h.tsv.gz	85240731	4162714	5676	0.001364	0	0	0	25	5651	/data/opengwasdb/metabolome-plasma-2023/releases/2023-chen-full-east-asian/filtered/GCST90203068_GCST90203068.filtered.tsv.gz	157939	sha256	70e402f19ebbdeba5da06bc9e609326001962aecca1d0c3c3bff76218c304539	6.4	11.9	18.3
GCST90203069	ok	""	1	0	http://ftp.ebi.ac.uk/pub/databases/gwas/summary_statistics/GCST90203001-GCST90204000/GCST90203069/harmonised/GCST90203069.h.tsv.gz	75404524	4088124	7998	0.001956	0	1	2384	28	5589	/data/opengwasdb/metabolome-plasma-2023/releases/2023-chen-full-east-asian/filtered/GCST90203069_GCST90203069.filtered.tsv.gz	200662	sha256	82ded6b439cd344c9d0413ebbde02cfe044dafd088cf1c39ea86216dafbe4476	4.3	10.8	15.2
GCST90203070	ok	""	1	0	http://ftp.ebi.ac.uk/pub/databases/gwas/summary_statistics/GCST90203001-GCST90204000/GCST90203070/harmonised/GCST90203070.h.tsv.gz	80584150	4107920	5619	0.001368	0	0	0	33	5586	/data/opengwasdb/metabolome-plasma-2023/releases/2023-chen-full-east-asian/filtered/GCST90203070_GCST90203070.filtered.tsv.gz	155441	sha256	06b5aaa3e2ef498797f0b6790aef91b8596dad2afe0dd35f8c4654be3013c342	4.2	11.6	15.8
GCST90203071	ok	""	1	0	http://ftp.ebi.ac.uk/pub/databases/gwas/summary_statistics/GCST90203001-GCST90204000/GCST90203071/harmonised/GCST90203071.h.tsv.gz	83694676	4208787	5776	0.001372	0	0	0	16	5760	/data/opengwasdb/metabolome-plasma-2023/releases/2023-chen-full-east-asian/filtered/GCST90203071_GCST90203071.filtered.tsv.gz	161224	sha256	fda4234da1ffbbffa7fd7a484f18fc9f55cf27a9959cfad9a34fb565341703f7	4.8	11.2	16
GCST90203072	ok	""	1	0	http://ftp.ebi.ac.uk/pub/databases/gwas/summary_statistics/GCST90203001-GCST90204000/GCST90203072/harmonised/GCST90203072.h.tsv.gz	87563684	4187377	5746	0.001372	0	0	0	19	5727	/data/opengwasdb/metabolome-plasma-2023/releases/2023-chen-full-east-asian/filtered/GCST90203072_GCST90203072.filtered.tsv.gz	160493	sha256	9f360ff88a1537dc68425b87b5ca3bacff054b966428813d4ca5675d8309a6da	2.9	10.9	13.8
GCST90203073	ok	""	1	0	http://ftp.ebi.ac.uk/pub/databases/gwas/summary_statistics/GCST90203001-GCST90204000/GCST90203073/harmonised/GCST90203073.h.tsv.gz	81076536	4107409	5624	0.001369	0	0	0	17	5607	/data/opengwasdb/metabolome-plasma-2023/releases/2023-chen-full-east-asian/filtered/GCST90203073_GCST90203073.filtered.tsv.gz	157155	sha256	fef7e1ba467ac3612ac77bd7e380d22fa0627ebb1cf975341c45c6de804664a3	3.6	10.1	13.7
GCST90203074	ok	""	1	0	http://ftp.ebi.ac.uk/pub/databases/gwas/summary_statistics/GCST90203001-GCST90204000/GCST90203074/harmonised/GCST90203074.h.tsv.gz	85213854	4097109	5604	0.001368	0	0	0	27	5577	/data/opengwasdb/metabolome-plasma-2023/releases/2023-chen-full-east-asian/filtered/GCST90203074_GCST90203074.filtered.tsv.gz	156858	sha256	52d13d14eaf1805b4ee42d6e24346c8ba97642f068e4014b247797e2ce458548	4.8	11.4	16.2
GCST90203075	ok	""	1	0	http://ftp.ebi.ac.uk/pub/databases/gwas/summary_statistics/GCST90203001-GCST90204000/GCST90203075/harmonised/GCST90203075.h.tsv.gz	87266071	4171012	5719	0.001371	0	0	0	23	5696	/data/opengwasdb/metabolome-plasma-2023/releases/2023-chen-full-east-asian/filtered/GCST90203075_GCST90203075.filtered.tsv.gz	159295	sha256	3d6b97c42022b713e7bc3505e64bdacb32fef564cddb9f3f2b10265914e8a444	5	12.1	17.1
GCST90203076	ok	""	1	0	http://ftp.ebi.ac.uk/pub/databases/gwas/summary_statistics/GCST90203001-GCST90204000/GCST90203076/harmonised/GCST90203076.h.tsv.gz	83234775	4184862	5725	0.001368	0	0	0	12	5713	/data/opengwasdb/metabolome-plasma-2023/releases/2023-chen-full-east-asian/filtered/GCST90203076_GCST90203076.filtered.tsv.gz	159702	sha256	91232edbccef45ac99c7f841b122ab01fa532edbcbbdc88c004622ec90d0f066	6.3	10.8	17.1
GCST90203077	ok	""	1	0	http://ftp.ebi.ac.uk/pub/databases/gwas/summary_statistics/GCST90203001-GCST90204000/GCST90203077/harmonised/GCST90203077.h.tsv.gz	83930883	4226316	5795	0.001371	0	0	0	11	5784	/data/opengwasdb/metabolome-plasma-2023/releases/2023-chen-full-east-asian/filtered/GCST90203077_GCST90203077.filtered.tsv.gz	161280	sha256	c7549c13eb287199f4f3a3e47c43ebe339a188e96220c924d35025f1ead4957d	6.1	9.8	15.9
GCST90203078	ok	""	1	0	http://ftp.ebi.ac.uk/pub/databases/gwas/summary_statistics/GCST90203001-GCST90204000/GCST90203078/harmonised/GCST90203078.h.tsv.gz	83775160	4219449	5776	0.001369	0	0	0	13	5763	/data/opengwasdb/metabolome-plasma-2023/releases/2023-chen-full-east-asian/filtered/GCST90203078_GCST90203078.filtered.tsv.gz	160730	sha256	d544345c897041736c67115ab430e62cd8928522c4e0c6a35b8cd546497a1225	4.3	12	16.2
GCST90203079	ok	""	1	0	http://ftp.ebi.ac.uk/pub/databases/gwas/summary_statistics/GCST90203001-GCST90204000/GCST90203079/harmonised/GCST90203079.h.tsv.gz	85536227	4113482	10360	0.002519	0	1	4735	14	5616	/data/opengwasdb/metabolome-plasma-2023/releases/2023-chen-full-east-asian/filtered/GCST90203079_GCST90203079.filtered.tsv.gz	237189	sha256	20e100b43caf98c35d156fabb9b7676f1b4b56c11ff4507a74849ae789dd632a	5.2	9.7	14.9
GCST90203080	ok	""	1	0	http://ftp.ebi.ac.uk/pub/databases/gwas/summary_statistics/GCST90203001-GCST90204000/GCST90203080/harmonised/GCST90203080.h.tsv.gz	87283524	4171012	5713	0.00137	0	0	0	17	5696	/data/opengwasdb/metabolome-plasma-2023/releases/2023-chen-full-east-asian/filtered/GCST90203080_GCST90203080.filtered.tsv.gz	159368	sha256	761dffe537d7dd0d485401676b1131490df3cfe4dc4d30662dc58315baead901	5.8	11.8	17.6
GCST90203081	ok	""	1	0	http://ftp.ebi.ac.uk/pub/databases/gwas/summary_statistics/GCST90203001-GCST90204000/GCST90203081/harmonised/GCST90203081.h.tsv.gz	87585169	4187419	16163	0.00386	0	3	10427	19	5732	/data/opengwasdb/metabolome-plasma-2023/releases/2023-chen-full-east-asian/filtered/GCST90203081_GCST90203081.filtered.tsv.gz	355422	sha256	e330fd66755f960c2dcaaa5ba9c80c6874f3b604dd5904fc76a151bedd254759	5.7	12.2	17.8
GCST90203082	ok	""	1	0	http://ftp.ebi.ac.uk/pub/databases/gwas/summary_statistics/GCST90203001-GCST90204000/GCST90203082/harmonised/GCST90203082.h.tsv.gz	86550058	4166293	5727	0.001375	0	0	0	30	5697	/data/opengwasdb/metabolome-plasma-2023/releases/2023-chen-full-east-asian/filtered/GCST90203082_GCST90203082.filtered.tsv.gz	160076	sha256	adff8b921dcd8cbbec1b3c5cfd8c55e7254f9078cde7a7eab558051301884bad	5.6	12.9	18.4
GCST90203083	ok	""	1	0	http://ftp.ebi.ac.uk/pub/databases/gwas/summary_statistics/GCST90203001-GCST90204000/GCST90203083/harmonised/GCST90203083.h.tsv.gz	87556858	4185832	5741	0.001372	0	0	0	19	5722	/data/opengwasdb/metabolome-plasma-2023/releases/2023-chen-full-east-asian/filtered/GCST90203083_GCST90203083.filtered.tsv.gz	160208	sha256	cda570b96c78cbf2917c5ea1fe5699a7000b09d23adee043773de28031a7445e	3.7	9.7	13.5
GCST90203084	ok	""	1	0	http://ftp.ebi.ac.uk/pub/databases/gwas/summary_statistics/GCST90203001-GCST90204000/GCST90203084/harmonised/GCST90203084.h.tsv.gz	83371453	4190617	5751	0.001372	0	0	0	19	5732	/data/opengwasdb/metabolome-plasma-2023/releases/2023-chen-full-east-asian/filtered/GCST90203084_GCST90203084.filtered.tsv.gz	160483	sha256	a6d414d8935320dc30c05def6aa6e21f9d22817bc54f17f8166fcd57b41111b9	3.3	9.7	13
GCST90203085	ok	""	1	0	http://ftp.ebi.ac.uk/pub/databases/gwas/summary_statistics/GCST90203001-GCST90204000/GCST90203085/harmonised/GCST90203085.h.tsv.gz	85631797	4174080	11781	0.002822	0	2	6075	21	5697	/data/opengwasdb/metabolome-plasma-2023/releases/2023-chen-full-east-asian/filtered/GCST90203085_GCST90203085.filtered.tsv.gz	271003	sha256	fa6bd6ef61b50e51a0d85ce0d67af8778463d7f29a4e54920647b3976dc23b9d	4.7	11.8	16.6
GCST90203086	ok	""	1	0	http://ftp.ebi.ac.uk/pub/databases/gwas/summary_statistics/GCST90203001-GCST90204000/GCST90203086/harmonised/GCST90203086.h.tsv.gz	87511025	4185325	5744	0.001372	0	0	0	29	5715	/data/opengwasdb/metabolome-plasma-2023/releases/2023-chen-full-east-asian/filtered/GCST90203086_GCST90203086.filtered.tsv.gz	160278	sha256	c5a23770159456b394674b57fce5d72ff2374fb930ad07035b484c98ca7807a9	6.4	11	17.4
GCST90203087	ok	""	1	0	http://ftp.ebi.ac.uk/pub/databases/gwas/summary_statistics/GCST90203001-GCST90204000/GCST90203087/harmonised/GCST90203087.h.tsv.gz	83427254	4202981	8769	0.002086	0	1	3013	13	5747	/data/opengwasdb/metabolome-plasma-2023/releases/2023-chen-full-east-asian/filtered/GCST90203087_GCST90203087.filtered.tsv.gz	219139	sha256	2badef8b1c78fad0251e0f0aa2be9c3a718380dfa9f0f3181140949a03ffafc8	2.7	10.8	13.5
GCST90203088	ok	""	1	0	http://ftp.ebi.ac.uk/pub/databases/gwas/summary_statistics/GCST90203001-GCST90204000/GCST90203088/harmonised/GCST90203088.h.tsv.gz	88345003	4235961	12776	0.003016	0	2	6977	18	5789	/data/opengwasdb/metabolome-plasma-2023/releases/2023-chen-full-east-asian/filtered/GCST90203088_GCST90203088.filtered.tsv.gz	299633	sha256	97acaecf636d5b2f3b72ac9fbf2e4fbb78069acdf893031c665efe8e940a69fc	6.6	11.9	18.5
GCST90203089	ok	""	1	0	http://ftp.ebi.ac.uk/pub/databases/gwas/summary_statistics/GCST90203001-GCST90204000/GCST90203089/harmonised/GCST90203089.h.tsv.gz	83307644	4190184	5754	0.001373	0	0	0	16	5738	/data/opengwasdb/metabolome-plasma-2023/releases/2023-chen-full-east-asian/filtered/GCST90203089_GCST90203089.filtered.tsv.gz	160526	sha256	beddeb3214da9dc4946bd564ba8748751a938d4aa57c836b0b47f4d7d24f1383	5.1	10.7	15.8
GCST90203090	ok	""	1	0	http://ftp.ebi.ac.uk/pub/databases/gwas/summary_statistics/GCST90203001-GCST90204000/GCST90203090/harmonised/GCST90203090.h.tsv.gz	83433142	4194393	5764	0.001374	0	0	0	27	5737	/data/opengwasdb/metabolome-plasma-2023/releases/2023-chen-full-east-asian/filtered/GCST90203090_GCST90203090.filtered.tsv.gz	161018	sha256	0b3ad5448d62c67f1d272ca94aed138bd514b6895b677197dcb93cc8844a4bb8	5.4	11.9	17.2
GCST90203091	ok	""	1	0	http://ftp.ebi.ac.uk/pub/databases/gwas/summary_statistics/GCST90203001-GCST90204000/GCST90203091/harmonised/GCST90203091.h.tsv.gz	82451355	4176947	5702	0.001365	0	0	0	18	5684	/data/opengwasdb/metabolome-plasma-2023/releases/2023-chen-full-east-asian/filtered/GCST90203091_GCST90203091.filtered.tsv.gz	159384	sha256	2cf2cf688fd67302babca2d562bef722fddc2400de8f62b5d77893480b7d04e9	4.8	11.1	15.9
GCST90203092	ok	""	1	0	http://ftp.ebi.ac.uk/pub/databases/gwas/summary_statistics/GCST90203001-GCST90204000/GCST90203092/harmonised/GCST90203092.h.tsv.gz	78957418	4109483	7520	0.00183	0	1	1914	14	5596	/data/opengwasdb/metabolome-plasma-2023/releases/2023-chen-full-east-asian/filtered/GCST90203092_GCST90203092.filtered.tsv.gz	190910	sha256	c033c53ab2cb7f96144d8158fd9f7a65a382b1842b2841c60cb3181441219113	2.6	11.9	14.5
