analysis_id	source_analysis_id	status	skip_reason	af_source	ancestry_reference_id	original_sd	original_sd_method	n_variants_considered	n_variants_overlapping	n_variants_excluded_ambiguous	n_variants_excluded_mismatch	n_variants_excluded_missing_af	n_variants_excluded_maf	n_variants_retained	maf_min	maf_max	implied_sd_median	sd_dispersion	sd_notes	estimator_version
GCST90202055	GCST90202055	passed	""	source	""	0.942918661443161	estimated_from_source_maf	5791	5791	0	0	0	0	5791	0.01	0.5	0.942918661443161	0.0545575134323703	median implied SD=0.943, dispersion=0.055, n=5791	effect_scale_validation.R:v1
GCST90202056	GCST90202056	passed	""	source	""	0.960820580744407	estimated_from_source_maf	5680	5680	0	0	0	0	5680	0.01	0.5	0.960820580744407	0.055306680210262	median implied SD=0.961, dispersion=0.055, n=5680	effect_scale_validation.R:v1
GCST90202057	GCST90202057	passed	""	source	""	0.961862829180891	estimated_from_source_maf	5792	5792	0	0	0	0	5792	0.01	0.5	0.961862829180891	0.0548211988290363	median implied SD=0.962, dispersion=0.055, n=5792	effect_scale_validation.R:v1
GCST90202058	GCST90202058	passed	""	source	""	0.866079927593748	estimated_from_source_maf	5600	5600	0	0	0	0	5600	0.01	0.5	0.866079927593748	0.0554136842650816	median implied SD=0.866, dispersion=0.055, n=5600	effect_scale_validation.R:v1
GCST90202059	GCST90202059	passed	""	source	""	0.961538561581214	estimated_from_source_maf	5584	5584	0	0	0	1	5583	0.01	0.5	0.961538561581214	0.0654954097367561	median implied SD=0.962, dispersion=0.065, n=5583	effect_scale_validation.R:v1
GCST90202060	GCST90202060	passed	""	source	""	0.965707502258894	estimated_from_source_maf	12818	12818	0	0	0	0	12818	0.01	0.5	0.965707502258894	0.0590421434794294	median implied SD=0.966, dispersion=0.059, n=12818	effect_scale_validation.R:v1
GCST90202061	GCST90202061	passed	""	source	""	0.938336792949632	estimated_from_source_maf	5711	5711	0	0	0	0	5711	0.01	0.5	0.938336792949632	0.0529601298182201	median implied SD=0.938, dispersion=0.053, n=5711	effect_scale_validation.R:v1
GCST90202062	GCST90202062	passed	""	source	""	0.872171243879219	estimated_from_source_maf	5711	5711	0	0	0	0	5711	0.01	0.5	0.872171243879219	0.053521706176665	median implied SD=0.872, dispersion=0.054, n=5711	effect_scale_validation.R:v1
GCST90202063	GCST90202063	passed	""	source	""	0.939734914851132	estimated_from_source_maf	5765	5765	0	0	0	0	5765	0.01	0.5	0.939734914851132	0.0537742384662075	median implied SD=0.940, dispersion=0.054, n=5765	effect_scale_validation.R:v1
GCST90202064	GCST90202064	passed	""	source	""	0.930110181575125	estimated_from_source_maf	5756	5756	0	0	0	0	5756	0.01	0.5	0.930110181575125	0.0534973611722242	median implied SD=0.930, dispersion=0.053, n=5756	effect_scale_validation.R:v1
GCST90202065	GCST90202065	passed	""	source	""	1.01180287604238	estimated_from_source_maf	9438	9438	0	0	0	0	9438	0.01	0.5	1.01180287604238	0.0590919525927123	median implied SD=1.012, dispersion=0.059, n=9438	effect_scale_validation.R:v1
GCST90202066	GCST90202066	passed	""	source	""	0.980799367775472	estimated_from_source_maf	8601	8601	0	0	0	0	8601	0.01	0.5	0.980799367775472	0.0511056169359295	median implied SD=0.981, dispersion=0.051, n=8601	effect_scale_validation.R:v1
GCST90202067	GCST90202067	passed	""	source	""	0.952913534991214	estimated_from_source_maf	16224	16224	0	0	0	2	16222	0.01	0.5	0.952913534991214	0.0606214708636787	median implied SD=0.953, dispersion=0.061, n=16222	effect_scale_validation.R:v1
GCST90202068	GCST90202068	passed	""	source	""	0.963608467468369	estimated_from_source_maf	5714	5714	0	0	0	0	5714	0.01	0.5	0.963608467468369	0.0532546264693561	median implied SD=0.964, dispersion=0.053, n=5714	effect_scale_validation.R:v1
GCST90202069	GCST90202069	passed	""	source	""	0.922021825423452	estimated_from_source_maf	5782	5782	0	0	0	0	5782	0.01	0.5	0.922021825423452	0.0542440242175309	median implied SD=0.922, dispersion=0.054, n=5782	effect_scale_validation.R:v1
GCST90202070	GCST90202070	passed	""	source	""	0.959344579125085	estimated_from_source_maf	8785	8785	0	0	0	0	8785	0.01	0.5	0.959344579125085	0.0583364436960007	median implied SD=0.959, dispersion=0.058, n=8785	effect_scale_validation.R:v1
GCST90202071	GCST90202071	passed	""	source	""	0.960779368736966	estimated_from_source_maf	5736	5736	0	0	0	0	5736	0.01	0.5	0.960779368736966	0.0539188735507789	median implied SD=0.961, dispersion=0.054, n=5736	effect_scale_validation.R:v1
GCST90202072	GCST90202072	passed	""	source	""	0.977563039995665	estimated_from_source_maf	5741	5741	0	0	0	0	5741	0.01	0.5	0.977563039995665	0.0542654358246043	median implied SD=0.978, dispersion=0.054, n=5741	effect_scale_validation.R:v1
GCST90202073	GCST90202073	passed	""	source	""	0.974583464670696	estimated_from_source_maf	5753	5753	0	0	0	0	5753	0.01	0.5	0.974583464670696	0.0541356984959264	median implied SD=0.975, dispersion=0.054, n=5753	effect_scale_validation.R:v1
GCST90202074	GCST90202074	passed	""	source	""	0.972812791958992	estimated_from_source_maf	9166	9166	0	0	0	0	9166	0.01	0.5	0.972812791958992	0.0496975917568498	median implied SD=0.973, dispersion=0.050, n=9166	effect_scale_validation.R:v1
GCST90202075	GCST90202075	passed	""	source	""	0.964763011975664	estimated_from_source_maf	21085	21085	0	0	0	0	21085	0.01	0.5	0.964763011975664	0.0541722883043762	median implied SD=0.965, dispersion=0.054, n=21085	effect_scale_validation.R:v1
GCST90202076	GCST90202076	passed	""	source	""	0.994519972852373	estimated_from_source_maf	5763	5763	0	0	0	0	5763	0.01	0.5	0.994519972852373	0.0541082051095731	median implied SD=0.995, dispersion=0.054, n=5763	effect_scale_validation.R:v1
GCST90202077	GCST90202077	passed	""	source	""	0.977219830988955	estimated_from_source_maf	9217	9217	0	0	0	0	9217	0.01	0.5	0.977219830988955	0.0581799497198184	median implied SD=0.977, dispersion=0.058, n=9217	effect_scale_validation.R:v1
GCST90202078	GCST90202078	passed	""	source	""	0.969047363683122	estimated_from_source_maf	5770	5770	0	0	0	0	5770	0.01	0.5	0.969047363683122	0.0539148695351772	median implied SD=0.969, dispersion=0.054, n=5770	effect_scale_validation.R:v1
GCST90202079	GCST90202079	passed	""	source	""	0.937205266908632	estimated_from_source_maf	5821	5821	0	0	0	0	5821	0.01	0.5	0.937205266908632	0.0547169595630899	median implied SD=0.937, dispersion=0.055, n=5821	effect_scale_validation.R:v1
GCST90202080	GCST90202080	passed	""	source	""	0.971379196339376	estimated_from_source_maf	5590	5590	0	0	0	0	5590	0.01	0.5	0.971379196339376	0.0552177880940937	median implied SD=0.971, dispersion=0.055, n=5590	effect_scale_validation.R:v1
GCST90202081	GCST90202081	passed	""	source	""	0.951473786504788	estimated_from_source_maf	8401	8401	0	0	0	0	8401	0.01	0.5	0.951473786504788	0.0593610259998234	median implied SD=0.951, dispersion=0.059, n=8401	effect_scale_validation.R:v1
GCST90202082	GCST90202082	passed	""	source	""	0.873811274536651	estimated_from_source_maf	5738	5738	0	0	0	0	5738	0.01	0.5	0.873811274536651	0.0536435105291246	median implied SD=0.874, dispersion=0.054, n=5738	effect_scale_validation.R:v1
GCST90202083	GCST90202083	passed	""	source	""	0.945860202204213	estimated_from_source_maf	5672	5672	0	0	0	0	5672	0.01	0.5	0.945860202204213	0.0553949335845449	median implied SD=0.946, dispersion=0.055, n=5672	effect_scale_validation.R:v1
GCST90202084	GCST90202084	passed	""	source	""	0.846418508844543	estimated_from_source_maf	5746	5746	0	0	0	0	5746	0.01	0.5	0.846418508844543	0.0538789844108191	median implied SD=0.846, dispersion=0.054, n=5746	effect_scale_validation.R:v1
GCST90202085	GCST90202085	passed	""	source	""	0.916280293671259	estimated_from_source_maf	5714	5714	0	0	0	0	5714	0.01	0.5	0.916280293671259	0.0534393270857472	median implied SD=0.916, dispersion=0.053, n=5714	effect_scale_validation.R:v1
GCST90202086	GCST90202086	passed	""	source	""	0.937999439152805	estimated_from_source_maf	9227	9227	0	0	0	0	9227	0.01	0.5	0.937999439152805	0.0534595027899036	median implied SD=0.938, dispersion=0.053, n=9227	effect_scale_validation.R:v1
GCST90202087	GCST90202087	passed	""	source	""	0.986329132867683	estimated_from_source_maf	5756	5756	0	0	0	0	5756	0.01	0.5	0.986329132867683	0.0540521690780171	median implied SD=0.986, dispersion=0.054, n=5756	effect_scale_validation.R:v1
GCST90202088	GCST90202088	passed	""	source	""	0.93868775030512	estimated_from_source_maf	5717	5717	0	0	0	0	5717	0.01	0.5	0.93868775030512	0.0535140804143764	median implied SD=0.939, dispersion=0.054, n=5717	effect_scale_validation.R:v1
GCST90202089	GCST90202089	passed	""	source	""	0.969341328444192	estimated_from_source_maf	8600	8600	0	0	0	0	8600	0.01	0.5	0.969341328444192	0.0511724256239975	median implied SD=0.969, dispersion=0.051, n=8600	effect_scale_validation.R:v1
GCST90202090	GCST90202090	passed	""	source	""	0.925389636809624	estimated_from_source_maf	5712	5712	0	0	0	0	5712	0.01	0.5	0.925389636809624	0.0533382355993408	median implied SD=0.925, dispersion=0.053, n=5712	effect_scale_validation.R:v1
GCST90202091	GCST90202091	passed	""	source	""	0.961430801189545	estimated_from_source_maf	5717	5717	0	0	0	0	5717	0.01	0.5	0.961430801189545	0.0533048054032534	median implied SD=0.961, dispersion=0.053, n=5717	effect_scale_validation.R:v1
GCST90202092	GCST90202092	passed	""	source	""	0.988452078723315	estimated_from_source_maf	5713	5713	0	0	0	0	5713	0.01	0.5	0.988452078723315	0.0541037143367353	median implied SD=0.988, dispersion=0.054, n=5713	effect_scale_validation.R:v1
GCST90202093	GCST90202093	passed	""	source	""	0.944068136269004	estimated_from_source_maf	5738	5738	0	0	0	0	5738	0.01	0.5	0.944068136269004	0.05350923101416	median implied SD=0.944, dispersion=0.054, n=5738	effect_scale_validation.R:v1
GCST90202094	GCST90202094	passed	""	source	""	0.978550068867158	estimated_from_source_maf	9052	9052	0	0	0	0	9052	0.01	0.5	0.978550068867158	0.0509103072222339	median implied SD=0.979, dispersion=0.051, n=9052	effect_scale_validation.R:v1
GCST90202095	GCST90202095	passed	""	source	""	0.997196731744635	estimated_from_source_maf	5810	5810	0	0	0	0	5810	0.01	0.5	0.997196731744635	0.0536519375662931	median implied SD=0.997, dispersion=0.054, n=5810	effect_scale_validation.R:v1
GCST90202096	GCST90202096	passed	""	source	""	0.979819268344748	estimated_from_source_maf	7342	7342	0	0	0	0	7342	0.01	0.5	0.979819268344748	0.0564773384124131	median implied SD=0.980, dispersion=0.056, n=7342	effect_scale_validation.R:v1
GCST90202097	GCST90202097	passed	""	source	""	0.945453408026868	estimated_from_source_maf	5740	5740	0	0	0	0	5740	0.01	0.5	0.945453408026868	0.0543393920008663	median implied SD=0.945, dispersion=0.054, n=5740	effect_scale_validation.R:v1
GCST90202098	GCST90202098	passed	""	source	""	0.865668546429157	estimated_from_source_maf	9029	9029	0	0	0	0	9029	0.01	0.5	0.865668546429157	0.0544603240039933	median implied SD=0.866, dispersion=0.054, n=9029	effect_scale_validation.R:v1
GCST90202099	GCST90202099	passed	""	source	""	0.911588476479155	estimated_from_source_maf	5711	5711	0	0	0	0	5711	0.01	0.5	0.911588476479155	0.0529675039529202	median implied SD=0.912, dispersion=0.053, n=5711	effect_scale_validation.R:v1
GCST90202100	GCST90202100	passed	""	source	""	0.986588689392156	estimated_from_source_maf	8573	8573	0	0	0	0	8573	0.01	0.5	0.986588689392156	0.0532507291983769	median implied SD=0.987, dispersion=0.053, n=8573	effect_scale_validation.R:v1
GCST90202101	GCST90202101	passed	""	source	""	0.928795912614338	estimated_from_source_maf	5739	5739	0	0	0	0	5739	0.01	0.5	0.928795912614338	0.0536865357270725	median implied SD=0.929, dispersion=0.054, n=5739	effect_scale_validation.R:v1
GCST90202102	GCST90202102	passed	""	source	""	0.973087374255736	estimated_from_source_maf	5795	5795	0	0	0	0	5795	0.01	0.5	0.973087374255736	0.0541643821509169	median implied SD=0.973, dispersion=0.054, n=5795	effect_scale_validation.R:v1
GCST90202103	GCST90202103	passed	""	source	""	0.99638304172094	estimated_from_source_maf	5789	5789	0	0	0	0	5789	0.01	0.5	0.99638304172094	0.0549261470234253	median implied SD=0.996, dispersion=0.055, n=5789	effect_scale_validation.R:v1
GCST90202104	GCST90202104	passed	""	source	""	0.903017568746058	estimated_from_source_maf	5731	5731	0	0	0	0	5731	0.01	0.5	0.903017568746058	0.0536607441390078	median implied SD=0.903, dispersion=0.054, n=5731	effect_scale_validation.R:v1
GCST90202105	GCST90202105	passed	""	source	""	0.930148730517882	estimated_from_source_maf	8731	8731	0	0	0	0	8731	0.01	0.5	0.930148730517882	0.0563541296911925	median implied SD=0.930, dispersion=0.056, n=8731	effect_scale_validation.R:v1
GCST90202106	GCST90202106	passed	""	source	""	0.954346271204449	estimated_from_source_maf	11726	11726	0	0	0	0	11726	0.01	0.5	0.954346271204449	0.0585359129562118	median implied SD=0.954, dispersion=0.059, n=11726	effect_scale_validation.R:v1
GCST90202107	GCST90202107	passed	""	source	""	0.908976213259149	estimated_from_source_maf	5761	5761	0	0	0	0	5761	0.01	0.5	0.908976213259149	0.054065851519252	median implied SD=0.909, dispersion=0.054, n=5761	effect_scale_validation.R:v1
GCST90202108	GCST90202108	passed	""	source	""	0.972972323798538	estimated_from_source_maf	8110	8110	0	0	0	0	8110	0.01	0.5	0.972972323798538	0.0567460863583259	median implied SD=0.973, dispersion=0.057, n=8110	effect_scale_validation.R:v1
GCST90202109	GCST90202109	passed	""	source	""	0.967230076129084	estimated_from_source_maf	5741	5741	0	0	0	0	5741	0.01	0.5	0.967230076129084	0.0539373206887153	median implied SD=0.967, dispersion=0.054, n=5741	effect_scale_validation.R:v1
GCST90202110	GCST90202110	passed	""	source	""	0.981083303882939	estimated_from_source_maf	5716	5716	0	0	0	0	5716	0.01	0.5	0.981083303882939	0.0536240517548109	median implied SD=0.981, dispersion=0.054, n=5716	effect_scale_validation.R:v1
GCST90202111	GCST90202111	passed	""	source	""	0.95473707912281	estimated_from_source_maf	5712	5712	0	0	0	0	5712	0.01	0.5	0.95473707912281	0.0537490333249752	median implied SD=0.955, dispersion=0.054, n=5712	effect_scale_validation.R:v1
GCST90202112	GCST90202112	passed	""	source	""	0.947581986857809	estimated_from_source_maf	5642	5642	0	0	0	0	5642	0.01	0.5	0.947581986857809	0.0581148437629036	median implied SD=0.948, dispersion=0.058, n=5642	effect_scale_validation.R:v1
GCST90202113	GCST90202113	passed	""	source	""	0.982394082995798	estimated_from_source_maf	5820	5820	0	0	0	0	5820	0.01	0.5	0.982394082995798	0.0540393063152494	median implied SD=0.982, dispersion=0.054, n=5820	effect_scale_validation.R:v1
GCST90202114	GCST90202114	passed	""	source	""	0.933845200081693	estimated_from_source_maf	5715	5715	0	0	0	0	5715	0.01	0.5	0.933845200081693	0.0535878900332265	median implied SD=0.934, dispersion=0.054, n=5715	effect_scale_validation.R:v1
GCST90202115	GCST90202115	passed	""	source	""	0.977036279518294	estimated_from_source_maf	12444	12444	0	0	0	0	12444	0.01	0.5	0.977036279518294	0.0535428756607154	median implied SD=0.977, dispersion=0.054, n=12444	effect_scale_validation.R:v1
GCST90202116	GCST90202116	passed	""	source	""	0.933156323355058	estimated_from_source_maf	9933	9933	0	0	0	0	9933	0.01	0.5	0.933156323355058	0.0605984048453025	median implied SD=0.933, dispersion=0.061, n=9933	effect_scale_validation.R:v1
GCST90202117	GCST90202117	passed	""	source	""	0.952658351143724	estimated_from_source_maf	5578	5578	0	0	0	0	5578	0.01	0.5	0.952658351143724	0.0562640553868614	median implied SD=0.953, dispersion=0.056, n=5578	effect_scale_validation.R:v1
GCST90202118	GCST90202118	passed	""	source	""	0.946920493520602	estimated_from_source_maf	5730	5730	0	0	0	0	5730	0.01	0.5	0.946920493520602	0.0625197133933916	median implied SD=0.947, dispersion=0.063, n=5730	effect_scale_validation.R:v1
GCST90202119	GCST90202119	passed	""	source	""	0.983001203157323	estimated_from_source_maf	8952	8952	0	0	0	0	8952	0.01	0.5	0.983001203157323	0.0550034529915955	median implied SD=0.983, dispersion=0.055, n=8952	effect_scale_validation.R:v1
GCST90202120	GCST90202120	passed	""	source	""	0.991404951758794	estimated_from_source_maf	5582	5582	0	0	0	0	5582	0.01	0.5	0.991404951758794	0.054150734984314	median implied SD=0.991, dispersion=0.054, n=5582	effect_scale_validation.R:v1
GCST90202121	GCST90202121	passed	""	source	""	0.903119806740051	estimated_from_source_maf	5710	5710	0	0	0	0	5710	0.01	0.5	0.903119806740051	0.0538212572219181	median implied SD=0.903, dispersion=0.054, n=5710	effect_scale_validation.R:v1
GCST90202122	GCST90202122	passed	""	source	""	0.974153916242516	estimated_from_source_maf	10110	10110	0	0	0	0	10110	0.01	0.5	0.974153916242516	0.0531503820969835	median implied SD=0.974, dispersion=0.053, n=10110	effect_scale_validation.R:v1
GCST90202123	GCST90202123	passed	""	source	""	0.906000847464401	estimated_from_source_maf	5738	5738	0	0	0	0	5738	0.01	0.5	0.906000847464401	0.0542847100139022	median implied SD=0.906, dispersion=0.054, n=5738	effect_scale_validation.R:v1
GCST90202124	GCST90202124	passed	""	source	""	0.921290245330372	estimated_from_source_maf	8552	8552	0	0	0	0	8552	0.01	0.5	0.921290245330372	0.056635128853438	median implied SD=0.921, dispersion=0.057, n=8552	effect_scale_validation.R:v1
GCST90202125	GCST90202125	passed	""	source	""	0.982602312748106	estimated_from_source_maf	5738	5738	0	0	0	0	5738	0.01	0.5	0.982602312748106	0.0539716182261957	median implied SD=0.983, dispersion=0.054, n=5738	effect_scale_validation.R:v1
GCST90202126	GCST90202126	passed	""	source	""	1.00507538210399	estimated_from_source_maf	8598	8598	0	0	0	0	8598	0.01	0.5	1.00507538210399	0.0605443130484394	median implied SD=1.005, dispersion=0.061, n=8598	effect_scale_validation.R:v1
GCST90202127	GCST90202127	passed	""	source	""	0.838760611047519	estimated_from_source_maf	7552	7552	0	0	0	0	7552	0.01	0.5	0.838760611047519	0.0570336571492476	median implied SD=0.839, dispersion=0.057, n=7552	effect_scale_validation.R:v1
GCST90202128	GCST90202128	passed	""	source	""	0.947463151965523	estimated_from_source_maf	9916	9916	0	0	0	0	9916	0.01	0.5	0.947463151965523	0.0533245246734894	median implied SD=0.947, dispersion=0.053, n=9916	effect_scale_validation.R:v1
GCST90202129	GCST90202129	passed	""	source	""	0.981580908083188	estimated_from_source_maf	8213	8213	0	0	0	0	8213	0.01	0.5	0.981580908083188	0.0537962242403855	median implied SD=0.982, dispersion=0.054, n=8213	effect_scale_validation.R:v1
GCST90202130	GCST90202130	passed	""	source	""	0.936618359832947	estimated_from_source_maf	5781	5781	0	0	0	0	5781	0.01	0.5	0.936618359832947	0.0537878004935003	median implied SD=0.937, dispersion=0.054, n=5781	effect_scale_validation.R:v1
GCST90202131	GCST90202131	passed	""	source	""	0.994877975983258	estimated_from_source_maf	5768	5768	0	0	0	0	5768	0.01	0.5	0.994877975983258	0.0544449277302398	median implied SD=0.995, dispersion=0.054, n=5768	effect_scale_validation.R:v1
GCST90202132	GCST90202132	passed	""	source	""	0.888705396613017	estimated_from_source_maf	5732	5732	0	0	0	0	5732	0.01	0.5	0.888705396613017	0.0536850840759168	median implied SD=0.889, dispersion=0.054, n=5732	effect_scale_validation.R:v1
GCST90202133	GCST90202133	passed	""	source	""	0.985848603169087	estimated_from_source_maf	5710	5710	0	0	0	0	5710	0.01	0.5	0.985848603169087	0.0526757632496618	median implied SD=0.986, dispersion=0.053, n=5710	effect_scale_validation.R:v1
GCST90202134	GCST90202134	passed	""	source	""	0.91703741353715	estimated_from_source_maf	5799	5799	0	0	0	0	5799	0.01	0.5	0.91703741353715	0.0546598248576577	median implied SD=0.917, dispersion=0.055, n=5799	effect_scale_validation.R:v1
GCST90202135	GCST90202135	passed	""	source	""	0.960491978447653	estimated_from_source_maf	5730	5730	0	0	0	0	5730	0.01	0.5	0.960491978447653	0.0539105321978745	median implied SD=0.960, dispersion=0.054, n=5730	effect_scale_validation.R:v1
GCST90202136	GCST90202136	passed	""	source	""	0.941208623233978	estimated_from_source_maf	5813	5813	0	0	0	0	5813	0.01	0.5	0.941208623233978	0.0550839110721542	median implied SD=0.941, dispersion=0.055, n=5813	effect_scale_validation.R:v1
GCST90202137	GCST90202137	passed	""	source	""	0.953629862551173	estimated_from_source_maf	10591	10591	0	0	0	0	10591	0.01	0.5	0.953629862551173	0.0539332273377951	median implied SD=0.954, dispersion=0.054, n=10591	effect_scale_validation.R:v1
GCST90202138	GCST90202138	passed	""	source	""	0.958446928379669	estimated_from_source_maf	5503	5503	0	0	0	0	5503	0.01	0.5	0.958446928379669	0.0637815974351704	median implied SD=0.958, dispersion=0.064, n=5503	effect_scale_validation.R:v1
GCST90202139	GCST90202139	passed	""	source	""	0.941475249196749	estimated_from_source_maf	5529	5529	0	0	0	0	5529	0.01	0.5	0.941475249196749	0.0607745149072322	median implied SD=0.941, dispersion=0.061, n=5529	effect_scale_validation.R:v1
GCST90202140	GCST90202140	passed	""	source	""	0.916359920237843	estimated_from_source_maf	5753	5753	0	0	0	0	5753	0.01	0.5	0.916359920237843	0.0543550480086281	median implied SD=0.916, dispersion=0.054, n=5753	effect_scale_validation.R:v1
GCST90202141	GCST90202141	passed	""	source	""	0.951620614535456	estimated_from_source_maf	5540	5540	0	0	0	0	5540	0.01	0.5	0.951620614535456	0.0565262443551554	median implied SD=0.952, dispersion=0.057, n=5540	effect_scale_validation.R:v1
GCST90202142	GCST90202142	passed	""	source	""	0.899202760942945	estimated_from_source_maf	5712	5712	0	0	0	0	5712	0.01	0.5	0.899202760942945	0.0531452313785455	median implied SD=0.899, dispersion=0.053, n=5712	effect_scale_validation.R:v1
GCST90202143	GCST90202143	passed	""	source	""	0.953294917152773	estimated_from_source_maf	5717	5717	0	0	0	0	5717	0.01	0.5	0.953294917152773	0.0540537289232126	median implied SD=0.953, dispersion=0.054, n=5717	effect_scale_validation.R:v1
GCST90202144	GCST90202144	passed	""	source	""	0.962493949721489	estimated_from_source_maf	8040	8040	0	0	0	0	8040	0.01	0.5	0.962493949721489	0.0541242018391615	median implied SD=0.962, dispersion=0.054, n=8040	effect_scale_validation.R:v1
GCST90202145	GCST90202145	passed	""	source	""	0.979148650866143	estimated_from_source_maf	5729	5729	0	0	0	0	5729	0.01	0.5	0.979148650866143	0.0535877427397974	median implied SD=0.979, dispersion=0.054, n=5729	effect_scale_validation.R:v1
GCST90202146	GCST90202146	passed	""	source	""	0.992870176165416	estimated_from_source_maf	5711	5711	0	0	0	0	5711	0.01	0.5	0.992870176165416	0.0529420175316683	median implied SD=0.993, dispersion=0.053, n=5711	effect_scale_validation.R:v1
GCST90202147	GCST90202147	passed	""	source	""	0.945726091541284	estimated_from_source_maf	5755	5755	0	0	0	0	5755	0.01	0.5	0.945726091541284	0.0541655736949827	median implied SD=0.946, dispersion=0.054, n=5755	effect_scale_validation.R:v1
GCST90202148	GCST90202148	passed	""	source	""	0.972415046514798	estimated_from_source_maf	5579	5579	0	0	0	0	5579	0.01	0.5	0.972415046514798	0.0563970915416162	median implied SD=0.972, dispersion=0.056, n=5579	effect_scale_validation.R:v1
GCST90202149	GCST90202149	passed	""	source	""	1.00853377208472	estimated_from_source_maf	5813	5813	0	0	0	1	5812	0.01	0.5	1.00853377208472	0.0671690930149804	median implied SD=1.009, dispersion=0.067, n=5812	effect_scale_validation.R:v1
GCST90202150	GCST90202150	passed	""	source	""	0.94867324337307	estimated_from_source_maf	5597	5597	0	0	0	0	5597	0.01	0.5	0.94867324337307	0.0548583644209558	median implied SD=0.949, dispersion=0.055, n=5597	effect_scale_validation.R:v1
GCST90202151	GCST90202151	passed	""	source	""	0.948382152183102	estimated_from_source_maf	5738	5738	0	0	0	0	5738	0.01	0.5	0.948382152183102	0.0540401587493487	median implied SD=0.948, dispersion=0.054, n=5738	effect_scale_validation.R:v1
GCST90202152	GCST90202152	passed	""	source	""	0.933973389597505	estimated_from_source_maf	10829	10829	0	0	0	0	10829	0.01	0.5	0.933973389597505	0.0489499814858607	median implied SD=0.934, dispersion=0.049, n=10829	effect_scale_validation.R:v1
GCST90202153	GCST90202153	passed	""	source	""	0.92670549475023	estimated_from_source_maf	5590	5590	0	0	0	0	5590	0.01	0.5	0.92670549475023	0.0544509319543151	median implied SD=0.927, dispersion=0.054, n=5590	effect_scale_validation.R:v1
GCST90202154	GCST90202154	passed	""	source	""	0.963342391772624	estimated_from_source_maf	5591	5591	0	0	0	0	5591	0.01	0.5	0.963342391772624	0.0551110396378761	median implied SD=0.963, dispersion=0.055, n=5591	effect_scale_validation.R:v1
GCST90202155	GCST90202155	passed	""	source	""	0.984758283264487	estimated_from_source_maf	8482	8482	0	0	0	0	8482	0.01	0.5	0.984758283264487	0.0524134330333129	median implied SD=0.985, dispersion=0.052, n=8482	effect_scale_validation.R:v1
GCST90202156	GCST90202156	passed	""	source	""	1.00273009640654	estimated_from_source_maf	5719	5719	0	0	0	0	5719	0.01	0.5	1.00273009640654	0.0537125317865332	median implied SD=1.003, dispersion=0.054, n=5719	effect_scale_validation.R:v1
GCST90202157	GCST90202157	passed	""	source	""	0.975673612530014	estimated_from_source_maf	8440	8440	0	0	0	0	8440	0.01	0.5	0.975673612530014	0.0521484117975881	median implied SD=0.976, dispersion=0.052, n=8440	effect_scale_validation.R:v1
GCST90202158	GCST90202158	passed	""	source	""	0.953197171892922	estimated_from_source_maf	9719	9719	0	0	0	0	9719	0.01	0.5	0.953197171892922	0.0518075451182628	median implied SD=0.953, dispersion=0.052, n=9719	effect_scale_validation.R:v1
GCST90202159	GCST90202159	passed	""	source	""	0.971277479682234	estimated_from_source_maf	5730	5730	0	0	0	0	5730	0.01	0.5	0.971277479682234	0.0543140894635767	median implied SD=0.971, dispersion=0.054, n=5730	effect_scale_validation.R:v1
GCST90202160	GCST90202160	passed	""	source	""	0.933680566075175	estimated_from_source_maf	11422	11422	0	0	0	0	11422	0.01	0.5	0.933680566075175	0.056091942884924	median implied SD=0.934, dispersion=0.056, n=11422	effect_scale_validation.R:v1
GCST90202161	GCST90202161	passed	""	source	""	0.978654399299367	estimated_from_source_maf	5585	5585	0	0	0	0	5585	0.01	0.5	0.978654399299367	0.0540772495793394	median implied SD=0.979, dispersion=0.054, n=5585	effect_scale_validation.R:v1
GCST90202162	GCST90202162	passed	""	source	""	0.940473265127329	estimated_from_source_maf	5790	5790	0	0	0	0	5790	0.01	0.5	0.940473265127329	0.0541243369676281	median implied SD=0.940, dispersion=0.054, n=5790	effect_scale_validation.R:v1
GCST90202163	GCST90202163	passed	""	source	""	0.910984173381671	estimated_from_source_maf	5742	5742	0	0	0	0	5742	0.01	0.5	0.910984173381671	0.0588416186406398	median implied SD=0.911, dispersion=0.059, n=5742	effect_scale_validation.R:v1
GCST90202164	GCST90202164	passed	""	source	""	0.977794833009416	estimated_from_source_maf	5724	5724	0	0	0	0	5724	0.01	0.5	0.977794833009416	0.0541081800500438	median implied SD=0.978, dispersion=0.054, n=5724	effect_scale_validation.R:v1
GCST90202165	GCST90202165	passed	""	source	""	0.915864837386656	estimated_from_source_maf	5710	5710	0	0	0	0	5710	0.01	0.5	0.915864837386656	0.0532928389219519	median implied SD=0.916, dispersion=0.053, n=5710	effect_scale_validation.R:v1
GCST90202166	GCST90202166	passed	""	source	""	0.968039023801048	estimated_from_source_maf	5733	5733	0	0	0	0	5733	0.01	0.5	0.968039023801048	0.0546053508560001	median implied SD=0.968, dispersion=0.055, n=5733	effect_scale_validation.R:v1
GCST90202167	GCST90202167	passed	""	source	""	0.957095931774046	estimated_from_source_maf	5768	5768	0	0	0	0	5768	0.01	0.5	0.957095931774046	0.0548743841331037	median implied SD=0.957, dispersion=0.055, n=5768	effect_scale_validation.R:v1
GCST90202168	GCST90202168	passed	""	source	""	1.00112223921652	estimated_from_source_maf	5733	5733	0	0	0	0	5733	0.01	0.5	1.00112223921652	0.0538617720481123	median implied SD=1.001, dispersion=0.054, n=5733	effect_scale_validation.R:v1
GCST90202169	GCST90202169	passed	""	source	""	0.82142826217713	estimated_from_source_maf	7523	7523	0	0	0	0	7523	0.01	0.5	0.82142826217713	0.0577834849894053	median implied SD=0.821, dispersion=0.058, n=7523	effect_scale_validation.R:v1
GCST90202170	GCST90202170	passed	""	source	""	0.966839667502583	estimated_from_source_maf	5743	5743	0	0	0	0	5743	0.01	0.5	0.966839667502583	0.0540319487749481	median implied SD=0.967, dispersion=0.054, n=5743	effect_scale_validation.R:v1
GCST90202171	GCST90202171	passed	""	source	""	0.966857169834265	estimated_from_source_maf	5805	5805	0	0	0	0	5805	0.01	0.5	0.966857169834265	0.0562447013392288	median implied SD=0.967, dispersion=0.056, n=5805	effect_scale_validation.R:v1
GCST90202172	GCST90202172	passed	""	source	""	0.975962985127131	estimated_from_source_maf	5736	5736	0	0	0	0	5736	0.01	0.5	0.975962985127131	0.0537950561938626	median implied SD=0.976, dispersion=0.054, n=5736	effect_scale_validation.R:v1
GCST90202173	GCST90202173	passed	""	source	""	0.969236153775446	estimated_from_source_maf	5722	5722	0	0	0	0	5722	0.01	0.5	0.969236153775446	0.0538333223495262	median implied SD=0.969, dispersion=0.054, n=5722	effect_scale_validation.R:v1
GCST90202174	GCST90202174	passed	""	source	""	0.992529053357319	estimated_from_source_maf	8569	8569	0	0	0	0	8569	0.01	0.5	0.992529053357319	0.0576419053254355	median implied SD=0.993, dispersion=0.058, n=8569	effect_scale_validation.R:v1
GCST90202175	GCST90202175	passed	""	source	""	0.972479648220058	estimated_from_source_maf	8867	8867	0	0	0	0	8867	0.01	0.5	0.972479648220058	0.0535030605064975	median implied SD=0.972, dispersion=0.054, n=8867	effect_scale_validation.R:v1
GCST90202176	GCST90202176	passed	""	source	""	0.964839053196565	estimated_from_source_maf	5782	5782	0	0	0	0	5782	0.01	0.5	0.964839053196565	0.0545303491737458	median implied SD=0.965, dispersion=0.055, n=5782	effect_scale_validation.R:v1
GCST90202177	GCST90202177	passed	""	source	""	0.938779550310755	estimated_from_source_maf	5740	5740	0	0	0	0	5740	0.01	0.5	0.938779550310755	0.0537092828423024	median implied SD=0.939, dispersion=0.054, n=5740	effect_scale_validation.R:v1
GCST90202178	GCST90202178	passed	""	source	""	0.902801317992837	estimated_from_source_maf	5760	5760	0	0	0	0	5760	0.01	0.5	0.902801317992837	0.0545794891103962	median implied SD=0.903, dispersion=0.055, n=5760	effect_scale_validation.R:v1
GCST90202179	GCST90202179	passed	""	source	""	0.993030487006216	estimated_from_source_maf	9105	9105	0	0	0	0	9105	0.01	0.5	0.993030487006216	0.060555076473836	median implied SD=0.993, dispersion=0.061, n=9105	effect_scale_validation.R:v1
GCST90202180	GCST90202180	passed	""	source	""	0.941176451974639	estimated_from_source_maf	5601	5601	0	0	0	0	5601	0.01	0.5	0.941176451974639	0.0594407569888576	median implied SD=0.941, dispersion=0.059, n=5601	effect_scale_validation.R:v1
GCST90202181	GCST90202181	passed	""	source	""	0.998833330083168	estimated_from_source_maf	5744	5744	0	0	0	0	5744	0.01	0.5	0.998833330083168	0.058617108837003	median implied SD=0.999, dispersion=0.059, n=5744	effect_scale_validation.R:v1
GCST90202182	GCST90202182	passed	""	source	""	0.932450437735607	estimated_from_source_maf	5751	5751	0	0	0	0	5751	0.01	0.5	0.932450437735607	0.0540518410906801	median implied SD=0.932, dispersion=0.054, n=5751	effect_scale_validation.R:v1
GCST90202183	GCST90202183	passed	""	source	""	0.956308483594027	estimated_from_source_maf	8818	8818	0	0	0	0	8818	0.01	0.5	0.956308483594027	0.0526104221853613	median implied SD=0.956, dispersion=0.053, n=8818	effect_scale_validation.R:v1
GCST90202184	GCST90202184	passed	""	source	""	0.956215722208552	estimated_from_source_maf	5741	5741	0	0	0	0	5741	0.01	0.5	0.956215722208552	0.0540429687454152	median implied SD=0.956, dispersion=0.054, n=5741	effect_scale_validation.R:v1
GCST90202185	GCST90202185	passed	""	source	""	0.974817849212624	estimated_from_source_maf	13149	13149	0	0	0	0	13149	0.01	0.5	0.974817849212624	0.055398314442142	median implied SD=0.975, dispersion=0.055, n=13149	effect_scale_validation.R:v1
GCST90202186	GCST90202186	passed	""	source	""	0.898615309007129	estimated_from_source_maf	5729	5729	0	0	0	0	5729	0.01	0.5	0.898615309007129	0.0538419003079695	median implied SD=0.899, dispersion=0.054, n=5729	effect_scale_validation.R:v1
GCST90202187	GCST90202187	passed	""	source	""	0.839787261342153	estimated_from_source_maf	8703	8703	0	0	0	0	8703	0.01	0.5	0.839787261342153	0.0562198851375763	median implied SD=0.840, dispersion=0.056, n=8703	effect_scale_validation.R:v1
GCST90202188	GCST90202188	passed	""	source	""	0.9924509668726	estimated_from_source_maf	8472	8472	0	0	0	0	8472	0.01	0.5	0.9924509668726	0.0531632824978777	median implied SD=0.992, dispersion=0.053, n=8472	effect_scale_validation.R:v1
GCST90202189	GCST90202189	passed	""	source	""	0.95982652364886	estimated_from_source_maf	8223	8223	0	0	0	0	8223	0.01	0.5	0.95982652364886	0.0592091282101001	median implied SD=0.960, dispersion=0.059, n=8223	effect_scale_validation.R:v1
GCST90202190	GCST90202190	passed	""	source	""	0.864870045058727	estimated_from_source_maf	5718	5718	0	0	0	0	5718	0.01	0.5	0.864870045058727	0.0567211158965243	median implied SD=0.865, dispersion=0.057, n=5718	effect_scale_validation.R:v1
GCST90202191	GCST90202191	passed	""	source	""	1.00306324739252	estimated_from_source_maf	5630	5630	0	0	0	0	5630	0.01	0.5	1.00306324739252	0.0581014058390308	median implied SD=1.003, dispersion=0.058, n=5630	effect_scale_validation.R:v1
GCST90202192	GCST90202192	passed	""	source	""	0.950033066646338	estimated_from_source_maf	5730	5730	0	0	0	0	5730	0.01	0.5	0.950033066646338	0.0537688530434423	median implied SD=0.950, dispersion=0.054, n=5730	effect_scale_validation.R:v1
GCST90202193	GCST90202193	passed	""	source	""	0.954908742799295	estimated_from_source_maf	5745	5745	0	0	0	0	5745	0.01	0.5	0.954908742799295	0.0562682490953979	median implied SD=0.955, dispersion=0.056, n=5745	effect_scale_validation.R:v1
GCST90202194	GCST90202194	passed	""	source	""	0.95363759689984	estimated_from_source_maf	5708	5708	0	0	0	0	5708	0.01	0.5	0.95363759689984	0.0538076338164612	median implied SD=0.954, dispersion=0.054, n=5708	effect_scale_validation.R:v1
GCST90202195	GCST90202195	passed	""	source	""	0.988184678870119	estimated_from_source_maf	8822	8822	0	0	0	0	8822	0.01	0.5	0.988184678870119	0.0520459250593713	median implied SD=0.988, dispersion=0.052, n=8822	effect_scale_validation.R:v1
GCST90202196	GCST90202196	passed	""	source	""	0.988833057258422	estimated_from_source_maf	5702	5702	0	0	0	0	5702	0.01	0.5	0.988833057258422	0.0556767075815084	median implied SD=0.989, dispersion=0.056, n=5702	effect_scale_validation.R:v1
GCST90202197	GCST90202197	passed	""	source	""	0.943373999274108	estimated_from_source_maf	12314	12314	0	0	0	0	12314	0.01	0.5	0.943373999274108	0.0612495227963875	median implied SD=0.943, dispersion=0.061, n=12314	effect_scale_validation.R:v1
GCST90202198	GCST90202198	passed	""	source	""	0.883490563522657	estimated_from_source_maf	8286	8286	0	0	0	0	8286	0.01	0.5	0.883490563522657	0.0624197089071718	median implied SD=0.883, dispersion=0.062, n=8286	effect_scale_validation.R:v1
GCST90202199	GCST90202199	passed	""	source	""	0.984962584225696	estimated_from_source_maf	5612	5612	0	0	0	0	5612	0.01	0.5	0.984962584225696	0.0549955756334013	median implied SD=0.985, dispersion=0.055, n=5612	effect_scale_validation.R:v1
GCST90202200	GCST90202200	passed	""	source	""	0.895836478621622	estimated_from_source_maf	5751	5751	0	0	0	0	5751	0.01	0.5	0.895836478621622	0.0542381234463207	median implied SD=0.896, dispersion=0.054, n=5751	effect_scale_validation.R:v1
GCST90202201	GCST90202201	passed	""	source	""	0.946996096128433	estimated_from_source_maf	5712	5712	0	0	0	0	5712	0.01	0.5	0.946996096128433	0.0526504325792087	median implied SD=0.947, dispersion=0.053, n=5712	effect_scale_validation.R:v1
GCST90202202	GCST90202202	passed	""	source	""	0.858743922361894	estimated_from_source_maf	5842	5842	0	0	0	0	5842	0.01	0.5	0.858743922361894	0.0545073791402174	median implied SD=0.859, dispersion=0.055, n=5842	effect_scale_validation.R:v1
GCST90202203	GCST90202203	passed	""	source	""	0.892950448044369	estimated_from_source_maf	5798	5798	0	0	0	0	5798	0.01	0.5	0.892950448044369	0.0545914209140253	median implied SD=0.893, dispersion=0.055, n=5798	effect_scale_validation.R:v1
GCST90202204	GCST90202204	passed	""	source	""	0.949166314799489	estimated_from_source_maf	5830	5830	0	0	0	0	5830	0.01	0.5	0.949166314799489	0.0571271517345661	median implied SD=0.949, dispersion=0.057, n=5830	effect_scale_validation.R:v1
GCST90202205	GCST90202205	passed	""	source	""	0.874626532389737	estimated_from_source_maf	5764	5764	0	0	0	0	5764	0.01	0.5	0.874626532389737	0.0543768480804565	median implied SD=0.875, dispersion=0.054, n=5764	effect_scale_validation.R:v1
GCST90202206	GCST90202206	passed	""	source	""	0.986146339474489	estimated_from_source_maf	9693	9693	0	0	0	0	9693	0.01	0.5	0.986146339474489	0.0557656995108509	median implied SD=0.986, dispersion=0.056, n=9693	effect_scale_validation.R:v1
GCST90202207	GCST90202207	passed	""	source	""	0.975710860384165	estimated_from_source_maf	9282	9282	0	0	0	0	9282	0.01	0.5	0.975710860384165	0.0503406991185824	median implied SD=0.976, dispersion=0.050, n=9282	effect_scale_validation.R:v1
GCST90202208	GCST90202208	passed	""	source	""	0.987607226469971	estimated_from_source_maf	5622	5622	0	0	0	0	5622	0.01	0.5	0.987607226469971	0.0570691670948023	median implied SD=0.988, dispersion=0.057, n=5622	effect_scale_validation.R:v1
GCST90202209	GCST90202209	passed	""	source	""	0.918965495783593	estimated_from_source_maf	9484	9484	0	0	0	0	9484	0.01	0.5	0.918965495783593	0.05610942782107	median implied SD=0.919, dispersion=0.056, n=9484	effect_scale_validation.R:v1
GCST90202210	GCST90202210	passed	""	source	""	0.973801645979589	estimated_from_source_maf	5715	5715	0	0	0	0	5715	0.01	0.5	0.973801645979589	0.0534469974730953	median implied SD=0.974, dispersion=0.053, n=5715	effect_scale_validation.R:v1
GCST90202211	GCST90202211	passed	""	source	""	0.950032678086857	estimated_from_source_maf	8674	8674	0	0	0	0	8674	0.01	0.5	0.950032678086857	0.0563695299419948	median implied SD=0.950, dispersion=0.056, n=8674	effect_scale_validation.R:v1
GCST90202212	GCST90202212	passed	""	source	""	0.947011933388587	estimated_from_source_maf	5557	5557	0	0	0	0	5557	0.01	0.5	0.947011933388587	0.0566972596564756	median implied SD=0.947, dispersion=0.057, n=5557	effect_scale_validation.R:v1
GCST90202213	GCST90202213	passed	""	source	""	0.915249950568255	estimated_from_source_maf	5786	5786	0	0	0	0	5786	0.01	0.5	0.915249950568255	0.0540380991415328	median implied SD=0.915, dispersion=0.054, n=5786	effect_scale_validation.R:v1
GCST90202214	GCST90202214	passed	""	source	""	0.879530967034135	estimated_from_source_maf	9449	9449	0	0	0	0	9449	0.01	0.5	0.879530967034135	0.0597516653132897	median implied SD=0.880, dispersion=0.060, n=9449	effect_scale_validation.R:v1
GCST90202215	GCST90202215	passed	""	source	""	0.933386112169428	estimated_from_source_maf	5714	5714	0	0	0	0	5714	0.01	0.5	0.933386112169428	0.0535100949744556	median implied SD=0.933, dispersion=0.054, n=5714	effect_scale_validation.R:v1
GCST90202216	GCST90202216	passed	""	source	""	0.911698871694051	estimated_from_source_maf	5613	5613	0	0	0	0	5613	0.01	0.5	0.911698871694051	0.0645801004803923	median implied SD=0.912, dispersion=0.065, n=5613	effect_scale_validation.R:v1
GCST90202217	GCST90202217	passed	""	source	""	0.945072913106202	estimated_from_source_maf	5866	5866	0	0	0	0	5866	0.01	0.5	0.945072913106202	0.0596056814045098	median implied SD=0.945, dispersion=0.060, n=5866	effect_scale_validation.R:v1
GCST90202218	GCST90202218	passed	""	source	""	0.848413363779351	estimated_from_source_maf	5714	5714	0	0	0	0	5714	0.01	0.5	0.848413363779351	0.053067009044278	median implied SD=0.848, dispersion=0.053, n=5714	effect_scale_validation.R:v1
GCST90202219	GCST90202219	passed	""	source	""	0.957220635575085	estimated_from_source_maf	5718	5718	0	0	0	0	5718	0.01	0.5	0.957220635575085	0.0533779979202271	median implied SD=0.957, dispersion=0.053, n=5718	effect_scale_validation.R:v1
GCST90202220	GCST90202220	passed	""	source	""	1.00394503163517	estimated_from_source_maf	7380	7380	0	0	0	0	7380	0.01	0.5	1.00394503163517	0.0553285400713179	median implied SD=1.004, dispersion=0.055, n=7380	effect_scale_validation.R:v1
GCST90202221	GCST90202221	passed	""	source	""	0.911648792022683	estimated_from_source_maf	5706	5706	0	0	0	0	5706	0.01	0.5	0.911648792022683	0.053233801076926	median implied SD=0.912, dispersion=0.053, n=5706	effect_scale_validation.R:v1
GCST90202222	GCST90202222	passed	""	source	""	0.965025647280615	estimated_from_source_maf	7916	7916	0	0	0	0	7916	0.01	0.5	0.965025647280615	0.0507047048728422	median implied SD=0.965, dispersion=0.051, n=7916	effect_scale_validation.R:v1
GCST90202223	GCST90202223	passed	""	source	""	0.998093876952724	estimated_from_source_maf	5774	5774	0	0	0	0	5774	0.01	0.5	0.998093876952724	0.0538187977906274	median implied SD=0.998, dispersion=0.054, n=5774	effect_scale_validation.R:v1
GCST90202224	GCST90202224	passed	""	source	""	0.949841931165252	estimated_from_source_maf	5583	5583	0	0	0	0	5583	0.01	0.5	0.949841931165252	0.0549523292570041	median implied SD=0.950, dispersion=0.055, n=5583	effect_scale_validation.R:v1
GCST90202225	GCST90202225	passed	""	source	""	0.833507137615793	estimated_from_source_maf	5530	5530	0	0	0	0	5530	0.01	0.5	0.833507137615793	0.060988224038114	median implied SD=0.834, dispersion=0.061, n=5530	effect_scale_validation.R:v1
GCST90202226	GCST90202226	passed	""	source	""	0.944642855859353	estimated_from_source_maf	5733	5733	0	0	0	0	5733	0.01	0.5	0.944642855859353	0.0539566243703033	median implied SD=0.945, dispersion=0.054, n=5733	effect_scale_validation.R:v1
GCST90202227	GCST90202227	passed	""	source	""	0.947446903336144	estimated_from_source_maf	5688	5688	0	0	0	0	5688	0.01	0.5	0.947446903336144	0.0549833869892439	median implied SD=0.947, dispersion=0.055, n=5688	effect_scale_validation.R:v1
GCST90202228	GCST90202228	passed	""	source	""	0.966618147735201	estimated_from_source_maf	5709	5709	0	0	0	0	5709	0.01	0.5	0.966618147735201	0.0533610672555402	median implied SD=0.967, dispersion=0.053, n=5709	effect_scale_validation.R:v1
GCST90202229	GCST90202229	passed	""	source	""	0.950813623445113	estimated_from_source_maf	5705	5705	0	0	0	0	5705	0.01	0.5	0.950813623445113	0.0548534750562251	median implied SD=0.951, dispersion=0.055, n=5705	effect_scale_validation.R:v1
GCST90202230	GCST90202230	passed	""	source	""	0.959234083933814	estimated_from_source_maf	8631	8631	0	0	0	0	8631	0.01	0.5	0.959234083933814	0.0569228930064943	median implied SD=0.959, dispersion=0.057, n=8631	effect_scale_validation.R:v1
GCST90202231	GCST90202231	passed	""	source	""	0.987097202977451	estimated_from_source_maf	12343	12343	0	0	0	0	12343	0.01	0.5	0.987097202977451	0.0511183720861054	median implied SD=0.987, dispersion=0.051, n=12343	effect_scale_validation.R:v1
GCST90202232	GCST90202232	passed	""	source	""	0.958950118576238	estimated_from_source_maf	9950	9950	0	0	0	0	9950	0.01	0.5	0.958950118576238	0.0504669255365405	median implied SD=0.959, dispersion=0.050, n=9950	effect_scale_validation.R:v1
GCST90202233	GCST90202233	passed	""	source	""	0.905920904817064	estimated_from_source_maf	5720	5720	0	0	0	0	5720	0.01	0.5	0.905920904817064	0.0533428827607809	median implied SD=0.906, dispersion=0.053, n=5720	effect_scale_validation.R:v1
GCST90202234	GCST90202234	passed	""	source	""	0.924086993523976	estimated_from_source_maf	5718	5718	0	0	0	0	5718	0.01	0.5	0.924086993523976	0.0537998310720232	median implied SD=0.924, dispersion=0.054, n=5718	effect_scale_validation.R:v1
GCST90202235	GCST90202235	passed	""	source	""	0.81158588527506	estimated_from_source_maf	9544	9544	0	0	0	0	9544	0.01	0.5	0.81158588527506	0.052726989744581	median implied SD=0.812, dispersion=0.053, n=9544	effect_scale_validation.R:v1
GCST90202236	GCST90202236	passed	""	source	""	0.900052851436156	estimated_from_source_maf	5741	5741	0	0	0	0	5741	0.01	0.5	0.900052851436156	0.0534345742268057	median implied SD=0.900, dispersion=0.053, n=5741	effect_scale_validation.R:v1
GCST90202237	GCST90202237	passed	""	source	""	0.955207030562499	estimated_from_source_maf	9431	9431	0	0	0	0	9431	0.01	0.5	0.955207030562499	0.0535178697535929	median implied SD=0.955, dispersion=0.054, n=9431	effect_scale_validation.R:v1
GCST90202238	GCST90202238	passed	""	source	""	0.979161490155412	estimated_from_source_maf	12007	12007	0	0	0	0	12007	0.01	0.5	0.979161490155412	0.0548567976292964	median implied SD=0.979, dispersion=0.055, n=12007	effect_scale_validation.R:v1
GCST90202239	GCST90202239	passed	""	source	""	0.953952810753808	estimated_from_source_maf	5763	5763	0	0	0	0	5763	0.01	0.5	0.953952810753808	0.0533622935638169	median implied SD=0.954, dispersion=0.053, n=5763	effect_scale_validation.R:v1
GCST90202240	GCST90202240	passed	""	source	""	0.984287315191984	estimated_from_source_maf	5740	5740	0	0	0	0	5740	0.01	0.5	0.984287315191984	0.0538943940449794	median implied SD=0.984, dispersion=0.054, n=5740	effect_scale_validation.R:v1
GCST90202241	GCST90202241	passed	""	source	""	0.903262561871981	estimated_from_source_maf	9522	9522	0	0	0	0	9522	0.01	0.5	0.903262561871981	0.0555170133506345	median implied SD=0.903, dispersion=0.056, n=9522	effect_scale_validation.R:v1
GCST90202242	GCST90202242	passed	""	source	""	0.96129078598743	estimated_from_source_maf	9483	9483	0	0	0	0	9483	0.01	0.5	0.96129078598743	0.0526875002038942	median implied SD=0.961, dispersion=0.053, n=9483	effect_scale_validation.R:v1
GCST90202243	GCST90202243	passed	""	source	""	0.854948318438021	estimated_from_source_maf	5711	5711	0	0	0	0	5711	0.01	0.5	0.854948318438021	0.0535966776657474	median implied SD=0.855, dispersion=0.054, n=5711	effect_scale_validation.R:v1
GCST90202244	GCST90202244	passed	""	source	""	0.917353990354787	estimated_from_source_maf	5837	5837	0	0	0	0	5837	0.01	0.5	0.917353990354787	0.0576932074246224	median implied SD=0.917, dispersion=0.058, n=5837	effect_scale_validation.R:v1
GCST90202245	GCST90202245	passed	""	source	""	0.975766644009124	estimated_from_source_maf	5723	5723	0	0	0	0	5723	0.01	0.5	0.975766644009124	0.0535194081684218	median implied SD=0.976, dispersion=0.054, n=5723	effect_scale_validation.R:v1
GCST90202246	GCST90202246	passed	""	source	""	0.953731947037965	estimated_from_source_maf	5736	5736	0	0	0	0	5736	0.01	0.5	0.953731947037965	0.05412292042051	median implied SD=0.954, dispersion=0.054, n=5736	effect_scale_validation.R:v1
GCST90202247	GCST90202247	passed	""	source	""	0.934122409236319	estimated_from_source_maf	9125	9125	0	0	0	3	9122	0.01	0.5	0.934122409236319	0.0707837882782096	median implied SD=0.934, dispersion=0.071, n=9122	effect_scale_validation.R:v1
GCST90202248	GCST90202248	passed	""	source	""	1.00876612945416	estimated_from_source_maf	5532	5532	0	0	0	0	5532	0.01	0.5	1.00876612945416	0.0624462376720517	median implied SD=1.009, dispersion=0.062, n=5532	effect_scale_validation.R:v1
GCST90202249	GCST90202249	passed	""	source	""	0.978452873019521	estimated_from_source_maf	5679	5679	0	0	0	0	5679	0.01	0.5	0.978452873019521	0.0563867516275589	median implied SD=0.978, dispersion=0.056, n=5679	effect_scale_validation.R:v1
GCST90202250	GCST90202250	passed	""	source	""	0.94577063689631	estimated_from_source_maf	5804	5804	0	0	0	0	5804	0.01	0.5	0.94577063689631	0.0548009082193507	median implied SD=0.946, dispersion=0.055, n=5804	effect_scale_validation.R:v1
GCST90202251	GCST90202251	passed	""	source	""	0.959869367437974	estimated_from_source_maf	5702	5702	0	0	0	0	5702	0.01	0.5	0.959869367437974	0.0549478268843585	median implied SD=0.960, dispersion=0.055, n=5702	effect_scale_validation.R:v1
GCST90202252	GCST90202252	passed	""	source	""	0.820749588060875	estimated_from_source_maf	14380	14380	0	0	0	0	14380	0.01	0.5	0.820749588060875	0.0542021972004316	median implied SD=0.821, dispersion=0.054, n=14380	effect_scale_validation.R:v1
GCST90202253	GCST90202253	passed	""	source	""	0.969535201477135	estimated_from_source_maf	7865	7865	0	0	0	0	7865	0.01	0.5	0.969535201477135	0.0569775413278914	median implied SD=0.970, dispersion=0.057, n=7865	effect_scale_validation.R:v1
GCST90202254	GCST90202254	passed	""	source	""	0.957650904632082	estimated_from_source_maf	5721	5721	0	0	0	0	5721	0.01	0.5	0.957650904632082	0.0536089157174952	median implied SD=0.958, dispersion=0.054, n=5721	effect_scale_validation.R:v1
GCST90202255	GCST90202255	passed	""	source	""	0.953243796827432	estimated_from_source_maf	5720	5720	0	0	0	0	5720	0.01	0.5	0.953243796827432	0.0530754020483513	median implied SD=0.953, dispersion=0.053, n=5720	effect_scale_validation.R:v1
GCST90202256	GCST90202256	passed	""	source	""	0.937236191228393	estimated_from_source_maf	13208	13208	0	0	0	0	13208	0.01	0.5	0.937236191228393	0.0608761434353675	median implied SD=0.937, dispersion=0.061, n=13208	effect_scale_validation.R:v1
GCST90202257	GCST90202257	passed	""	source	""	0.945326140602748	estimated_from_source_maf	5736	5736	0	0	0	0	5736	0.01	0.5	0.945326140602748	0.0533865462450378	median implied SD=0.945, dispersion=0.053, n=5736	effect_scale_validation.R:v1
GCST90202258	GCST90202258	passed	""	source	""	0.969351625924764	estimated_from_source_maf	5739	5739	0	0	0	0	5739	0.01	0.5	0.969351625924764	0.0532532251974006	median implied SD=0.969, dispersion=0.053, n=5739	effect_scale_validation.R:v1
GCST90202259	GCST90202259	passed	""	source	""	0.982422054633585	estimated_from_source_maf	8153	8153	0	0	0	0	8153	0.01	0.5	0.982422054633585	0.0499137069853546	median implied SD=0.982, dispersion=0.050, n=8153	effect_scale_validation.R:v1
GCST90202260	GCST90202260	passed	""	source	""	0.89786552426811	estimated_from_source_maf	5712	5712	0	0	0	0	5712	0.01	0.5	0.89786552426811	0.05331120649958	median implied SD=0.898, dispersion=0.053, n=5712	effect_scale_validation.R:v1
GCST90202261	GCST90202261	passed	""	source	""	1.00200853051483	estimated_from_source_maf	5726	5726	0	0	0	0	5726	0.01	0.5	1.00200853051483	0.0532409006844456	median implied SD=1.002, dispersion=0.053, n=5726	effect_scale_validation.R:v1
GCST90202262	GCST90202262	passed	""	source	""	0.928200632786938	estimated_from_source_maf	5734	5734	0	0	0	0	5734	0.01	0.5	0.928200632786938	0.0538417915072715	median implied SD=0.928, dispersion=0.054, n=5734	effect_scale_validation.R:v1
GCST90202263	GCST90202263	passed	""	source	""	0.986044556092314	estimated_from_source_maf	5722	5722	0	0	0	0	5722	0.01	0.5	0.986044556092314	0.0532513266565694	median implied SD=0.986, dispersion=0.053, n=5722	effect_scale_validation.R:v1
GCST90202264	GCST90202264	passed	""	source	""	0.913004892261338	estimated_from_source_maf	5748	5748	0	0	0	0	5748	0.01	0.5	0.913004892261338	0.0544833339019692	median implied SD=0.913, dispersion=0.054, n=5748	effect_scale_validation.R:v1
GCST90202265	GCST90202265	passed	""	source	""	0.959833386825903	estimated_from_source_maf	5718	5718	0	0	0	0	5718	0.01	0.5	0.959833386825903	0.0536277785806859	median implied SD=0.960, dispersion=0.054, n=5718	effect_scale_validation.R:v1
GCST90202266	GCST90202266	passed	""	source	""	0.89831226231025	estimated_from_source_maf	9187	9187	0	0	0	0	9187	0.01	0.5	0.89831226231025	0.0622197042152728	median implied SD=0.898, dispersion=0.062, n=9187	effect_scale_validation.R:v1
GCST90202267	GCST90202267	passed	""	source	""	0.987922392943171	estimated_from_source_maf	5772	5772	0	0	0	0	5772	0.01	0.5	0.987922392943171	0.0540179761023396	median implied SD=0.988, dispersion=0.054, n=5772	effect_scale_validation.R:v1
GCST90202268	GCST90202268	passed	""	source	""	0.958170816083483	estimated_from_source_maf	5572	5572	0	0	0	0	5572	0.01	0.5	0.958170816083483	0.0536516833849495	median implied SD=0.958, dispersion=0.054, n=5572	effect_scale_validation.R:v1
GCST90202269	GCST90202269	passed	""	source	""	0.894381260786581	estimated_from_source_maf	5694	5694	0	0	0	1	5693	0.01	0.5	0.894381260786581	0.0675794280029443	median implied SD=0.894, dispersion=0.068, n=5693	effect_scale_validation.R:v1
GCST90202270	GCST90202270	passed	""	source	""	0.954919324993749	estimated_from_source_maf	5679	5679	0	0	0	0	5679	0.01	0.5	0.954919324993749	0.0579374595489174	median implied SD=0.955, dispersion=0.058, n=5679	effect_scale_validation.R:v1
GCST90202271	GCST90202271	passed	""	source	""	0.969693934346976	estimated_from_source_maf	5711	5711	0	0	0	0	5711	0.01	0.5	0.969693934346976	0.0535648260008099	median implied SD=0.970, dispersion=0.054, n=5711	effect_scale_validation.R:v1
GCST90202272	GCST90202272	passed	""	source	""	0.964978860777351	estimated_from_source_maf	5728	5728	0	0	0	0	5728	0.01	0.5	0.964978860777351	0.0537246967835471	median implied SD=0.965, dispersion=0.054, n=5728	effect_scale_validation.R:v1
GCST90202273	GCST90202273	passed	""	source	""	0.99452897580337	estimated_from_source_maf	10899	10899	0	0	0	0	10899	0.01	0.5	0.99452897580337	0.0529770979311266	median implied SD=0.995, dispersion=0.053, n=10899	effect_scale_validation.R:v1
GCST90202274	GCST90202274	passed	""	source	""	0.926572128789882	estimated_from_source_maf	5727	5727	0	0	0	0	5727	0.01	0.5	0.926572128789882	0.053333808545501	median implied SD=0.927, dispersion=0.053, n=5727	effect_scale_validation.R:v1
GCST90202275	GCST90202275	passed	""	source	""	0.979792144772026	estimated_from_source_maf	5711	5711	0	0	0	0	5711	0.01	0.5	0.979792144772026	0.0538591992676242	median implied SD=0.980, dispersion=0.054, n=5711	effect_scale_validation.R:v1
GCST90202276	GCST90202276	passed	""	source	""	0.870434514275657	estimated_from_source_maf	5735	5735	0	0	0	0	5735	0.01	0.5	0.870434514275657	0.0541863351142189	median implied SD=0.870, dispersion=0.054, n=5735	effect_scale_validation.R:v1
GCST90202277	GCST90202277	passed	""	source	""	0.993527228455053	estimated_from_source_maf	5574	5574	0	0	0	0	5574	0.01	0.5	0.993527228455053	0.0580413990320499	median implied SD=0.994, dispersion=0.058, n=5574	effect_scale_validation.R:v1
GCST90202278	GCST90202278	passed	""	source	""	0.946415185246656	estimated_from_source_maf	5704	5704	0	0	0	0	5704	0.01	0.5	0.946415185246656	0.0534342860006872	median implied SD=0.946, dispersion=0.053, n=5704	effect_scale_validation.R:v1
GCST90202279	GCST90202279	passed	""	source	""	0.934738749273132	estimated_from_source_maf	5705	5705	0	0	0	0	5705	0.01	0.5	0.934738749273132	0.05376461208474	median implied SD=0.935, dispersion=0.054, n=5705	effect_scale_validation.R:v1
GCST90202280	GCST90202280	passed	""	source	""	0.970599207532126	estimated_from_source_maf	5742	5742	0	0	0	0	5742	0.01	0.5	0.970599207532126	0.0541861184433555	median implied SD=0.971, dispersion=0.054, n=5742	effect_scale_validation.R:v1
GCST90202281	GCST90202281	passed	""	source	""	0.92310345323586	estimated_from_source_maf	5710	5710	0	0	0	0	5710	0.01	0.5	0.92310345323586	0.0534903638315838	median implied SD=0.923, dispersion=0.053, n=5710	effect_scale_validation.R:v1
GCST90202282	GCST90202282	passed	""	source	""	0.90037336542744	estimated_from_source_maf	5762	5762	0	0	0	0	5762	0.01	0.5	0.90037336542744	0.0540071991301683	median implied SD=0.900, dispersion=0.054, n=5762	effect_scale_validation.R:v1
GCST90202283	GCST90202283	passed	""	source	""	0.887264045877805	estimated_from_source_maf	5714	5714	0	0	0	0	5714	0.01	0.5	0.887264045877805	0.0530756032664412	median implied SD=0.887, dispersion=0.053, n=5714	effect_scale_validation.R:v1
GCST90202284	GCST90202284	passed	""	source	""	0.962212235725666	estimated_from_source_maf	5712	5712	0	0	0	0	5712	0.01	0.5	0.962212235725666	0.0535913333912368	median implied SD=0.962, dispersion=0.054, n=5712	effect_scale_validation.R:v1
GCST90202285	GCST90202285	passed	""	source	""	0.824644604476509	estimated_from_source_maf	5617	5617	0	0	0	0	5617	0.01	0.5	0.824644604476509	0.0549795135424597	median implied SD=0.825, dispersion=0.055, n=5617	effect_scale_validation.R:v1
GCST90202286	GCST90202286	passed	""	source	""	0.764036049955618	estimated_from_source_maf	5736	5736	0	0	0	0	5736	0.01	0.5	0.764036049955618	0.0537894124904624	median implied SD=0.764, dispersion=0.054, n=5736	effect_scale_validation.R:v1
GCST90202287	GCST90202287	passed	""	source	""	0.992442008024277	estimated_from_source_maf	5765	5765	0	0	0	0	5765	0.01	0.5	0.992442008024277	0.0541403842661914	median implied SD=0.992, dispersion=0.054, n=5765	effect_scale_validation.R:v1
GCST90202288	GCST90202288	passed	""	source	""	1.0136497520518	estimated_from_source_maf	5711	5711	0	0	0	0	5711	0.01	0.5	1.0136497520518	0.0530586219154783	median implied SD=1.014, dispersion=0.053, n=5711	effect_scale_validation.R:v1
GCST90202289	GCST90202289	passed	""	source	""	0.825814867949303	estimated_from_source_maf	10630	10630	0	0	0	0	10630	0.01	0.5	0.825814867949303	0.0538430695519677	median implied SD=0.826, dispersion=0.054, n=10630	effect_scale_validation.R:v1
GCST90202290	GCST90202290	passed	""	source	""	0.838204026285601	estimated_from_source_maf	5714	5714	0	0	0	0	5714	0.01	0.5	0.838204026285601	0.0533629466188789	median implied SD=0.838, dispersion=0.053, n=5714	effect_scale_validation.R:v1
GCST90202291	GCST90202291	passed	""	source	""	1.0015077600499	estimated_from_source_maf	5748	5748	0	0	0	0	5748	0.01	0.5	1.0015077600499	0.0536695702731378	median implied SD=1.002, dispersion=0.054, n=5748	effect_scale_validation.R:v1
GCST90202292	GCST90202292	passed	""	source	""	0.944162451367763	estimated_from_source_maf	5771	5771	0	0	0	0	5771	0.01	0.5	0.944162451367763	0.054532066679803	median implied SD=0.944, dispersion=0.055, n=5771	effect_scale_validation.R:v1
GCST90202293	GCST90202293	passed	""	source	""	0.96626480141282	estimated_from_source_maf	8549	8549	0	0	0	1	8548	0.01	0.5	0.96626480141282	0.0567867375989921	median implied SD=0.966, dispersion=0.057, n=8548	effect_scale_validation.R:v1
GCST90202294	GCST90202294	passed	""	source	""	0.957385802664223	estimated_from_source_maf	5714	5714	0	0	0	0	5714	0.01	0.5	0.957385802664223	0.053639309187961	median implied SD=0.957, dispersion=0.054, n=5714	effect_scale_validation.R:v1
GCST90202295	GCST90202295	passed	""	source	""	0.842803479647782	estimated_from_source_maf	9283	9283	0	0	0	0	9283	0.01	0.5	0.842803479647782	0.0578197985177532	median implied SD=0.843, dispersion=0.058, n=9283	effect_scale_validation.R:v1
GCST90202296	GCST90202296	passed	""	source	""	0.921367930474635	estimated_from_source_maf	5781	5781	0	0	0	0	5781	0.01	0.5	0.921367930474635	0.0547006410378032	median implied SD=0.921, dispersion=0.055, n=5781	effect_scale_validation.R:v1
GCST90202297	GCST90202297	passed	""	source	""	0.818307052923835	estimated_from_source_maf	8744	8744	0	0	0	0	8744	0.01	0.5	0.818307052923835	0.0519393714807543	median implied SD=0.818, dispersion=0.052, n=8744	effect_scale_validation.R:v1
GCST90202298	GCST90202298	passed	""	source	""	0.958191705297005	estimated_from_source_maf	5788	5788	0	0	0	0	5788	0.01	0.5	0.958191705297005	0.0545690898779754	median implied SD=0.958, dispersion=0.055, n=5788	effect_scale_validation.R:v1
GCST90202299	GCST90202299	passed	""	source	""	0.998141376811809	estimated_from_source_maf	5713	5713	0	0	0	0	5713	0.01	0.5	0.998141376811809	0.0537434888882451	median implied SD=0.998, dispersion=0.054, n=5713	effect_scale_validation.R:v1
GCST90202300	GCST90202300	passed	""	source	""	0.835191639119019	estimated_from_source_maf	5580	5580	0	0	0	0	5580	0.01	0.5	0.835191639119019	0.0544348903761662	median implied SD=0.835, dispersion=0.054, n=5580	effect_scale_validation.R:v1
GCST90202301	GCST90202301	passed	""	source	""	0.722754178081957	estimated_from_source_maf	5730	5730	0	0	0	0	5730	0.01	0.5	0.722754178081957	0.0537270400350257	median implied SD=0.723, dispersion=0.054, n=5730	effect_scale_validation.R:v1
GCST90202302	GCST90202302	passed	""	source	""	0.64062693964824	estimated_from_source_maf	10576	10576	0	0	0	0	10576	0.01	0.5	0.64062693964824	0.0558007816501459	median implied SD=0.641, dispersion=0.056, n=10576	effect_scale_validation.R:v1
GCST90202303	GCST90202303	passed	""	source	""	0.853640797605688	estimated_from_source_maf	10444	10444	0	0	0	0	10444	0.01	0.5	0.853640797605688	0.0571241723091023	median implied SD=0.854, dispersion=0.057, n=10444	effect_scale_validation.R:v1
GCST90202304	GCST90202304	passed	""	source	""	0.826291714640886	estimated_from_source_maf	5743	5743	0	0	0	0	5743	0.01	0.5	0.826291714640886	0.0542902799906211	median implied SD=0.826, dispersion=0.054, n=5743	effect_scale_validation.R:v1
GCST90202305	GCST90202305	passed	""	source	""	0.994945363627435	estimated_from_source_maf	5622	5622	0	0	0	0	5622	0.01	0.5	0.994945363627435	0.0557968502863427	median implied SD=0.995, dispersion=0.056, n=5622	effect_scale_validation.R:v1
GCST90202306	GCST90202306	passed	""	source	""	0.789633776757162	estimated_from_source_maf	7824	7824	0	0	0	0	7824	0.01	0.5	0.789633776757162	0.0547986607973541	median implied SD=0.790, dispersion=0.055, n=7824	effect_scale_validation.R:v1
GCST90202307	GCST90202307	passed	""	source	""	0.894456901765549	estimated_from_source_maf	5533	5533	0	0	0	0	5533	0.01	0.5	0.894456901765549	0.0640764272680959	median implied SD=0.894, dispersion=0.064, n=5533	effect_scale_validation.R:v1
GCST90202308	GCST90202308	passed	""	source	""	0.903001681666419	estimated_from_source_maf	5708	5708	0	0	0	0	5708	0.01	0.5	0.903001681666419	0.0531686221333808	median implied SD=0.903, dispersion=0.053, n=5708	effect_scale_validation.R:v1
GCST90202309	GCST90202309	passed	""	source	""	0.975023832584146	estimated_from_source_maf	5718	5718	0	0	0	0	5718	0.01	0.5	0.975023832584146	0.0533824056627095	median implied SD=0.975, dispersion=0.053, n=5718	effect_scale_validation.R:v1
GCST90202310	GCST90202310	passed	""	source	""	0.977584841165906	estimated_from_source_maf	5740	5740	0	0	0	0	5740	0.01	0.5	0.977584841165906	0.0541371628887035	median implied SD=0.978, dispersion=0.054, n=5740	effect_scale_validation.R:v1
GCST90202311	GCST90202311	passed	""	source	""	0.975300621581917	estimated_from_source_maf	5717	5717	0	0	0	0	5717	0.01	0.5	0.975300621581917	0.0539079253195195	median implied SD=0.975, dispersion=0.054, n=5717	effect_scale_validation.R:v1
GCST90202312	GCST90202312	passed	""	source	""	0.95580905899317	estimated_from_source_maf	5739	5739	0	0	0	0	5739	0.01	0.5	0.95580905899317	0.0535657434701842	median implied SD=0.956, dispersion=0.054, n=5739	effect_scale_validation.R:v1
GCST90202313	GCST90202313	passed	""	source	""	0.950354573793714	estimated_from_source_maf	5563	5563	0	0	0	0	5563	0.01	0.5	0.950354573793714	0.0599955022575911	median implied SD=0.950, dispersion=0.060, n=5563	effect_scale_validation.R:v1
GCST90202314	GCST90202314	passed	""	source	""	0.882550581772957	estimated_from_source_maf	5776	5776	0	0	0	0	5776	0.01	0.5	0.882550581772957	0.0545992672763097	median implied SD=0.883, dispersion=0.055, n=5776	effect_scale_validation.R:v1
GCST90202315	GCST90202315	passed	""	source	""	0.966984421785767	estimated_from_source_maf	11831	11831	0	0	0	0	11831	0.01	0.5	0.966984421785767	0.0529683145762134	median implied SD=0.967, dispersion=0.053, n=11831	effect_scale_validation.R:v1
GCST90202316	GCST90202316	passed	""	source	""	0.904780541105137	estimated_from_source_maf	5838	5838	0	0	0	0	5838	0.01	0.5	0.904780541105137	0.0640370755462711	median implied SD=0.905, dispersion=0.064, n=5838	effect_scale_validation.R:v1
GCST90202317	GCST90202317	passed	""	source	""	0.964023499224946	estimated_from_source_maf	5770	5770	0	0	0	0	5770	0.01	0.5	0.964023499224946	0.0542345397352449	median implied SD=0.964, dispersion=0.054, n=5770	effect_scale_validation.R:v1
GCST90202318	GCST90202318	passed	""	source	""	0.992555053370433	estimated_from_source_maf	8202	8202	0	0	0	0	8202	0.01	0.5	0.992555053370433	0.0527829603493081	median implied SD=0.993, dispersion=0.053, n=8202	effect_scale_validation.R:v1
GCST90202319	GCST90202319	passed	""	source	""	0.954161183950242	estimated_from_source_maf	5734	5734	0	0	0	0	5734	0.01	0.5	0.954161183950242	0.0541654460156601	median implied SD=0.954, dispersion=0.054, n=5734	effect_scale_validation.R:v1
GCST90202320	GCST90202320	passed	""	source	""	0.964357978604045	estimated_from_source_maf	8501	8501	0	0	0	0	8501	0.01	0.5	0.964357978604045	0.0586728533404333	median implied SD=0.964, dispersion=0.059, n=8501	effect_scale_validation.R:v1
GCST90202321	GCST90202321	passed	""	source	""	0.924540432137612	estimated_from_source_maf	5620	5620	0	0	0	0	5620	0.01	0.5	0.924540432137612	0.0563165088450986	median implied SD=0.925, dispersion=0.056, n=5620	effect_scale_validation.R:v1
GCST90202322	GCST90202322	passed	""	source	""	0.980150536091192	estimated_from_source_maf	5816	5816	0	0	0	0	5816	0.01	0.5	0.980150536091192	0.0608829089784178	median implied SD=0.980, dispersion=0.061, n=5816	effect_scale_validation.R:v1
GCST90202323	GCST90202323	passed	""	source	""	0.926014257079077	estimated_from_source_maf	5605	5605	0	0	0	0	5605	0.01	0.5	0.926014257079077	0.0549652213696041	median implied SD=0.926, dispersion=0.055, n=5605	effect_scale_validation.R:v1
GCST90202324	GCST90202324	passed	""	source	""	0.947916751891741	estimated_from_source_maf	5733	5733	0	0	0	0	5733	0.01	0.5	0.947916751891741	0.0539647930126555	median implied SD=0.948, dispersion=0.054, n=5733	effect_scale_validation.R:v1
GCST90202325	GCST90202325	passed	""	source	""	0.931011968708343	estimated_from_source_maf	9334	9334	0	0	0	0	9334	0.01	0.5	0.931011968708343	0.0552587883026815	median implied SD=0.931, dispersion=0.055, n=9334	effect_scale_validation.R:v1
GCST90202326	GCST90202326	passed	""	source	""	0.937315258699085	estimated_from_source_maf	5736	5736	0	0	0	0	5736	0.01	0.5	0.937315258699085	0.054173490615054	median implied SD=0.937, dispersion=0.054, n=5736	effect_scale_validation.R:v1
GCST90202327	GCST90202327	passed	""	source	""	0.905316259971185	estimated_from_source_maf	5734	5734	0	0	0	0	5734	0.01	0.5	0.905316259971185	0.0538876240495097	median implied SD=0.905, dispersion=0.054, n=5734	effect_scale_validation.R:v1
GCST90202328	GCST90202328	passed	""	source	""	0.953326212966834	estimated_from_source_maf	9920	9920	0	0	0	0	9920	0.01	0.5	0.953326212966834	0.0503523273032147	median implied SD=0.953, dispersion=0.050, n=9920	effect_scale_validation.R:v1
GCST90202329	GCST90202329	passed	""	source	""	0.978090000946693	estimated_from_source_maf	9379	9379	0	0	0	0	9379	0.01	0.5	0.978090000946693	0.05158143266187	median implied SD=0.978, dispersion=0.052, n=9379	effect_scale_validation.R:v1
GCST90202330	GCST90202330	passed	""	source	""	0.924052455074229	estimated_from_source_maf	5570	5570	0	0	0	0	5570	0.01	0.5	0.924052455074229	0.0539603939517501	median implied SD=0.924, dispersion=0.054, n=5570	effect_scale_validation.R:v1
GCST90202331	GCST90202331	passed	""	source	""	0.822165764547935	estimated_from_source_maf	5714	5714	0	0	0	0	5714	0.01	0.5	0.822165764547935	0.0531496746489888	median implied SD=0.822, dispersion=0.053, n=5714	effect_scale_validation.R:v1
GCST90202332	GCST90202332	passed	""	source	""	0.906085832193515	estimated_from_source_maf	5797	5797	0	0	0	0	5797	0.01	0.5	0.906085832193515	0.0543995186823948	median implied SD=0.906, dispersion=0.054, n=5797	effect_scale_validation.R:v1
GCST90202333	GCST90202333	passed	""	source	""	0.854864784050705	estimated_from_source_maf	5730	5730	0	0	0	0	5730	0.01	0.5	0.854864784050705	0.0539131516647964	median implied SD=0.855, dispersion=0.054, n=5730	effect_scale_validation.R:v1
GCST90202334	GCST90202334	passed	""	source	""	0.972274961162472	estimated_from_source_maf	5744	5744	0	0	0	0	5744	0.01	0.5	0.972274961162472	0.0540612264925531	median implied SD=0.972, dispersion=0.054, n=5744	effect_scale_validation.R:v1
GCST90202335	GCST90202335	passed	""	source	""	0.981383511024046	estimated_from_source_maf	5740	5740	0	0	0	0	5740	0.01	0.5	0.981383511024046	0.0541451533753733	median implied SD=0.981, dispersion=0.054, n=5740	effect_scale_validation.R:v1
GCST90202336	GCST90202336	passed	""	source	""	0.929054762068503	estimated_from_source_maf	5791	5791	0	0	0	0	5791	0.01	0.5	0.929054762068503	0.0546031639263327	median implied SD=0.929, dispersion=0.055, n=5791	effect_scale_validation.R:v1
GCST90202337	GCST90202337	passed	""	source	""	0.99777333064203	estimated_from_source_maf	5788	5788	0	0	0	0	5788	0.01	0.5	0.99777333064203	0.0543805312404145	median implied SD=0.998, dispersion=0.054, n=5788	effect_scale_validation.R:v1
GCST90202338	GCST90202338	passed	""	source	""	0.977156307275461	estimated_from_source_maf	8450	8450	0	0	0	0	8450	0.01	0.5	0.977156307275461	0.0494956422905528	median implied SD=0.977, dispersion=0.049, n=8450	effect_scale_validation.R:v1
GCST90202339	GCST90202339	passed	""	source	""	0.994779075041357	estimated_from_source_maf	5731	5731	0	0	0	0	5731	0.01	0.5	0.994779075041357	0.0535159613192751	median implied SD=0.995, dispersion=0.054, n=5731	effect_scale_validation.R:v1
GCST90202340	GCST90202340	passed	""	source	""	0.955026349663956	estimated_from_source_maf	11215	11215	0	0	0	0	11215	0.01	0.5	0.955026349663956	0.0544717783982647	median implied SD=0.955, dispersion=0.054, n=11215	effect_scale_validation.R:v1
GCST90202341	GCST90202341	passed	""	source	""	0.89999310356232	estimated_from_source_maf	5784	5784	0	0	0	0	5784	0.01	0.5	0.89999310356232	0.054292253023775	median implied SD=0.900, dispersion=0.054, n=5784	effect_scale_validation.R:v1
GCST90202342	GCST90202342	passed	""	source	""	0.6665571101928	estimated_from_source_maf	5724	5724	0	0	0	0	5724	0.01	0.5	0.6665571101928	0.0537076159468159	median implied SD=0.667, dispersion=0.054, n=5724	effect_scale_validation.R:v1
GCST90202343	GCST90202343	passed	""	source	""	0.942311265660386	estimated_from_source_maf	5723	5723	0	0	0	0	5723	0.01	0.5	0.942311265660386	0.0538468423894183	median implied SD=0.942, dispersion=0.054, n=5723	effect_scale_validation.R:v1
GCST90202344	GCST90202344	passed	""	source	""	0.851050758457163	estimated_from_source_maf	5719	5719	0	0	0	0	5719	0.01	0.5	0.851050758457163	0.0535803445505167	median implied SD=0.851, dispersion=0.054, n=5719	effect_scale_validation.R:v1
GCST90202345	GCST90202345	passed	""	source	""	0.975328433498319	estimated_from_source_maf	5715	5715	0	0	0	0	5715	0.01	0.5	0.975328433498319	0.0531798452612153	median implied SD=0.975, dispersion=0.053, n=5715	effect_scale_validation.R:v1
GCST90202346	GCST90202346	passed	""	source	""	0.930193605063094	estimated_from_source_maf	5625	5625	0	0	0	0	5625	0.01	0.5	0.930193605063094	0.0546265044851284	median implied SD=0.930, dispersion=0.055, n=5625	effect_scale_validation.R:v1
GCST90202347	GCST90202347	passed	""	source	""	0.928205371167777	estimated_from_source_maf	5621	5621	0	0	0	0	5621	0.01	0.5	0.928205371167777	0.0540991538331973	median implied SD=0.928, dispersion=0.054, n=5621	effect_scale_validation.R:v1
GCST90202348	GCST90202348	passed	""	source	""	0.993486265925499	estimated_from_source_maf	5714	5714	0	0	0	0	5714	0.01	0.5	0.993486265925499	0.0533521089442975	median implied SD=0.993, dispersion=0.053, n=5714	effect_scale_validation.R:v1
GCST90202349	GCST90202349	passed	""	source	""	0.956784473197465	estimated_from_source_maf	8980	8980	0	0	0	0	8980	0.01	0.5	0.956784473197465	0.0613848895583466	median implied SD=0.957, dispersion=0.061, n=8980	effect_scale_validation.R:v1
GCST90202350	GCST90202350	passed	""	source	""	0.919510653178083	estimated_from_source_maf	9557	9557	0	0	0	0	9557	0.01	0.5	0.919510653178083	0.0559106355264142	median implied SD=0.920, dispersion=0.056, n=9557	effect_scale_validation.R:v1
GCST90202351	GCST90202351	passed	""	source	""	0.968832156669784	estimated_from_source_maf	10881	10881	0	0	0	0	10881	0.01	0.5	0.968832156669784	0.0534116781735097	median implied SD=0.969, dispersion=0.053, n=10881	effect_scale_validation.R:v1
GCST90202352	GCST90202352	passed	""	source	""	0.966105364263167	estimated_from_source_maf	5787	5787	0	0	0	0	5787	0.01	0.5	0.966105364263167	0.054361929268204	median implied SD=0.966, dispersion=0.054, n=5787	effect_scale_validation.R:v1
GCST90202353	GCST90202353	passed	""	source	""	0.985680395569937	estimated_from_source_maf	8562	8562	0	0	0	0	8562	0.01	0.5	0.985680395569937	0.0551284816612188	median implied SD=0.986, dispersion=0.055, n=8562	effect_scale_validation.R:v1
GCST90202354	GCST90202354	passed	""	source	""	0.862347261805638	estimated_from_source_maf	5707	5707	0	0	0	0	5707	0.01	0.5	0.862347261805638	0.0534711255218138	median implied SD=0.862, dispersion=0.053, n=5707	effect_scale_validation.R:v1
GCST90202355	GCST90202355	passed	""	source	""	0.870599589207476	estimated_from_source_maf	9103	9103	0	0	0	0	9103	0.01	0.5	0.870599589207476	0.0565396388958677	median implied SD=0.871, dispersion=0.057, n=9103	effect_scale_validation.R:v1
GCST90202356	GCST90202356	passed	""	source	""	0.96918556889211	estimated_from_source_maf	5788	5788	0	0	0	0	5788	0.01	0.5	0.96918556889211	0.0548502724417616	median implied SD=0.969, dispersion=0.055, n=5788	effect_scale_validation.R:v1
GCST90202357	GCST90202357	passed	""	source	""	0.998173300652693	estimated_from_source_maf	5738	5738	0	0	0	0	5738	0.01	0.5	0.998173300652693	0.0533711572326485	median implied SD=0.998, dispersion=0.053, n=5738	effect_scale_validation.R:v1
GCST90202358	GCST90202358	passed	""	source	""	0.96420306682876	estimated_from_source_maf	8378	8378	0	0	0	0	8378	0.01	0.5	0.96420306682876	0.0587816569942589	median implied SD=0.964, dispersion=0.059, n=8378	effect_scale_validation.R:v1
GCST90202359	GCST90202359	passed	""	source	""	0.953084278973342	estimated_from_source_maf	9852	9852	0	0	0	0	9852	0.01	0.5	0.953084278973342	0.0638199325679167	median implied SD=0.953, dispersion=0.064, n=9852	effect_scale_validation.R:v1
GCST90202360	GCST90202360	passed	""	source	""	0.86372232441189	estimated_from_source_maf	13548	13548	0	0	0	0	13548	0.01	0.5	0.86372232441189	0.0521283479490232	median implied SD=0.864, dispersion=0.052, n=13548	effect_scale_validation.R:v1
GCST90202361	GCST90202361	passed	""	source	""	0.948519326996644	estimated_from_source_maf	10937	10937	0	0	0	0	10937	0.01	0.5	0.948519326996644	0.0496698950803136	median implied SD=0.949, dispersion=0.050, n=10937	effect_scale_validation.R:v1
GCST90202362	GCST90202362	passed	""	source	""	0.974653959476573	estimated_from_source_maf	5728	5728	0	0	0	0	5728	0.01	0.5	0.974653959476573	0.0533307080487662	median implied SD=0.975, dispersion=0.053, n=5728	effect_scale_validation.R:v1
GCST90202363	GCST90202363	passed	""	source	""	0.97894913299898	estimated_from_source_maf	9161	9161	0	0	0	0	9161	0.01	0.5	0.97894913299898	0.0570430372234363	median implied SD=0.979, dispersion=0.057, n=9161	effect_scale_validation.R:v1
GCST90202364	GCST90202364	passed	""	source	""	0.990520042215307	estimated_from_source_maf	8666	8666	0	0	0	0	8666	0.01	0.5	0.990520042215307	0.053014543726334	median implied SD=0.991, dispersion=0.053, n=8666	effect_scale_validation.R:v1
GCST90202365	GCST90202365	passed	""	source	""	0.978313189309913	estimated_from_source_maf	5558	5558	0	0	0	0	5558	0.01	0.5	0.978313189309913	0.0543635509691091	median implied SD=0.978, dispersion=0.054, n=5558	effect_scale_validation.R:v1
GCST90202366	GCST90202366	passed	""	source	""	1.01125208092654	estimated_from_source_maf	9018	9018	0	0	0	0	9018	0.01	0.5	1.01125208092654	0.0552249866810375	median implied SD=1.011, dispersion=0.055, n=9018	effect_scale_validation.R:v1
GCST90202367	GCST90202367	passed	""	source	""	0.934179585490914	estimated_from_source_maf	5715	5715	0	0	0	0	5715	0.01	0.5	0.934179585490914	0.0537940540440083	median implied SD=0.934, dispersion=0.054, n=5715	effect_scale_validation.R:v1
GCST90202368	GCST90202368	passed	""	source	""	0.949576390288285	estimated_from_source_maf	5856	5856	0	0	0	0	5856	0.01	0.5	0.949576390288285	0.0629323102437396	median implied SD=0.950, dispersion=0.063, n=5856	effect_scale_validation.R:v1
GCST90202369	GCST90202369	passed	""	source	""	0.809061089310008	estimated_from_source_maf	8742	8742	0	0	0	0	8742	0.01	0.5	0.809061089310008	0.0573683973874854	median implied SD=0.809, dispersion=0.057, n=8742	effect_scale_validation.R:v1
GCST90202370	GCST90202370	passed	""	source	""	0.957977868763002	estimated_from_source_maf	5825	5825	0	0	0	0	5825	0.01	0.5	0.957977868763002	0.0544716266580468	median implied SD=0.958, dispersion=0.054, n=5825	effect_scale_validation.R:v1
GCST90202371	GCST90202371	passed	""	source	""	0.935394358825079	estimated_from_source_maf	5765	5765	0	0	0	0	5765	0.01	0.5	0.935394358825079	0.0631036382576962	median implied SD=0.935, dispersion=0.063, n=5765	effect_scale_validation.R:v1
GCST90202372	GCST90202372	passed	""	source	""	0.978100877291214	estimated_from_source_maf	9071	9071	0	0	0	0	9071	0.01	0.5	0.978100877291214	0.063627811525211	median implied SD=0.978, dispersion=0.064, n=9071	effect_scale_validation.R:v1
GCST90202373	GCST90202373	passed	""	source	""	0.975979377869843	estimated_from_source_maf	9191	9191	0	0	0	0	9191	0.01	0.5	0.975979377869843	0.0507907978918749	median implied SD=0.976, dispersion=0.051, n=9191	effect_scale_validation.R:v1
GCST90202374	GCST90202374	passed	""	source	""	0.930707361656432	estimated_from_source_maf	9147	9147	0	0	0	0	9147	0.01	0.5	0.930707361656432	0.0515646528838616	median implied SD=0.931, dispersion=0.052, n=9147	effect_scale_validation.R:v1
GCST90202375	GCST90202375	passed	""	source	""	0.974385022365083	estimated_from_source_maf	5548	5548	0	0	0	0	5548	0.01	0.5	0.974385022365083	0.0534788346590396	median implied SD=0.974, dispersion=0.053, n=5548	effect_scale_validation.R:v1
GCST90202376	GCST90202376	passed	""	source	""	0.987528564990482	estimated_from_source_maf	8597	8597	0	0	0	0	8597	0.01	0.5	0.987528564990482	0.0530270310342113	median implied SD=0.988, dispersion=0.053, n=8597	effect_scale_validation.R:v1
GCST90202377	GCST90202377	passed	""	source	""	0.92309914994521	estimated_from_source_maf	5804	5804	0	0	0	0	5804	0.01	0.5	0.92309914994521	0.0549493033390407	median implied SD=0.923, dispersion=0.055, n=5804	effect_scale_validation.R:v1
GCST90202378	GCST90202378	passed	""	source	""	0.991865330881302	estimated_from_source_maf	8380	8380	0	0	0	0	8380	0.01	0.5	0.991865330881302	0.0536412666068049	median implied SD=0.992, dispersion=0.054, n=8380	effect_scale_validation.R:v1
GCST90202379	GCST90202379	passed	""	source	""	0.992538679876771	estimated_from_source_maf	5795	5795	0	0	0	0	5795	0.01	0.5	0.992538679876771	0.0543291216585754	median implied SD=0.993, dispersion=0.054, n=5795	effect_scale_validation.R:v1
GCST90202380	GCST90202380	passed	""	source	""	0.988677345329679	estimated_from_source_maf	9536	9536	0	0	0	2	9534	0.01	0.5	0.988677345329679	0.0651479367391122	median implied SD=0.989, dispersion=0.065, n=9534	effect_scale_validation.R:v1
GCST90202381	GCST90202381	passed	""	source	""	0.969182607732007	estimated_from_source_maf	5764	5764	0	0	0	0	5764	0.01	0.5	0.969182607732007	0.0539021118029796	median implied SD=0.969, dispersion=0.054, n=5764	effect_scale_validation.R:v1
GCST90202382	GCST90202382	passed	""	source	""	0.71567231718508	estimated_from_source_maf	8326	8326	0	0	0	0	8326	0.01	0.5	0.71567231718508	0.0505976360906946	median implied SD=0.716, dispersion=0.051, n=8326	effect_scale_validation.R:v1
GCST90202383	GCST90202383	passed	""	source	""	0.982079177817696	estimated_from_source_maf	9467	9467	0	0	0	0	9467	0.01	0.5	0.982079177817696	0.0499691220935104	median implied SD=0.982, dispersion=0.050, n=9467	effect_scale_validation.R:v1
GCST90202384	GCST90202384	passed	""	source	""	0.978243991065211	estimated_from_source_maf	5729	5729	0	0	0	0	5729	0.01	0.5	0.978243991065211	0.0533192535764593	median implied SD=0.978, dispersion=0.053, n=5729	effect_scale_validation.R:v1
GCST90202385	GCST90202385	passed	""	source	""	0.964886479196102	estimated_from_source_maf	5678	5678	0	0	0	0	5678	0.01	0.5	0.964886479196102	0.0559065097238607	median implied SD=0.965, dispersion=0.056, n=5678	effect_scale_validation.R:v1
GCST90202386	GCST90202386	passed	""	source	""	0.930306286624302	estimated_from_source_maf	5710	5710	0	0	0	0	5710	0.01	0.5	0.930306286624302	0.0532001730364575	median implied SD=0.930, dispersion=0.053, n=5710	effect_scale_validation.R:v1
GCST90202387	GCST90202387	passed	""	source	""	0.820838928573879	estimated_from_source_maf	5676	5676	0	0	0	0	5676	0.01	0.5	0.820838928573879	0.0618828963119416	median implied SD=0.821, dispersion=0.062, n=5676	effect_scale_validation.R:v1
GCST90202388	GCST90202388	passed	""	source	""	0.956857499594497	estimated_from_source_maf	8554	8554	0	0	0	0	8554	0.01	0.5	0.956857499594497	0.0566346613038162	median implied SD=0.957, dispersion=0.057, n=8554	effect_scale_validation.R:v1
GCST90202389	GCST90202389	passed	""	source	""	0.880424901580549	estimated_from_source_maf	5782	5782	0	0	0	0	5782	0.01	0.5	0.880424901580549	0.0589610223303485	median implied SD=0.880, dispersion=0.059, n=5782	effect_scale_validation.R:v1
GCST90202390	GCST90202390	passed	""	source	""	0.976357486316148	estimated_from_source_maf	10984	10984	0	0	0	0	10984	0.01	0.5	0.976357486316148	0.0585662803010594	median implied SD=0.976, dispersion=0.059, n=10984	effect_scale_validation.R:v1
GCST90202391	GCST90202391	passed	""	source	""	0.945453421286675	estimated_from_source_maf	5775	5775	0	0	0	0	5775	0.01	0.5	0.945453421286675	0.0600447523430545	median implied SD=0.945, dispersion=0.060, n=5775	effect_scale_validation.R:v1
GCST90202392	GCST90202392	passed	""	source	""	0.814043345949986	estimated_from_source_maf	8330	8330	0	0	0	3	8327	0.01	0.5	0.814043345949986	0.0701639882033254	median implied SD=0.814, dispersion=0.070, n=8327	effect_scale_validation.R:v1
GCST90202393	GCST90202393	passed	""	source	""	0.927372086423888	estimated_from_source_maf	5712	5712	0	0	0	0	5712	0.01	0.5	0.927372086423888	0.0532376221578735	median implied SD=0.927, dispersion=0.053, n=5712	effect_scale_validation.R:v1
GCST90202394	GCST90202394	passed	""	source	""	0.938791460663454	estimated_from_source_maf	5720	5720	0	0	0	0	5720	0.01	0.5	0.938791460663454	0.0532556485353049	median implied SD=0.939, dispersion=0.053, n=5720	effect_scale_validation.R:v1
GCST90202395	GCST90202395	passed	""	source	""	0.881159106588609	estimated_from_source_maf	5582	5582	0	0	0	0	5582	0.01	0.5	0.881159106588609	0.0544012528092817	median implied SD=0.881, dispersion=0.054, n=5582	effect_scale_validation.R:v1
GCST90202396	GCST90202396	passed	""	source	""	0.951258757360997	estimated_from_source_maf	5766	5766	0	0	0	0	5766	0.01	0.5	0.951258757360997	0.0546936451727019	median implied SD=0.951, dispersion=0.055, n=5766	effect_scale_validation.R:v1
GCST90202397	GCST90202397	passed	""	source	""	0.930138029306245	estimated_from_source_maf	9054	9054	0	0	0	0	9054	0.01	0.5	0.930138029306245	0.0495921333956166	median implied SD=0.930, dispersion=0.050, n=9054	effect_scale_validation.R:v1
GCST90202398	GCST90202398	passed	""	source	""	0.922716363456167	estimated_from_source_maf	5834	5834	0	0	0	0	5834	0.01	0.5	0.922716363456167	0.0578919843459507	median implied SD=0.923, dispersion=0.058, n=5834	effect_scale_validation.R:v1
GCST90202399	GCST90202399	passed	""	source	""	0.911773217303411	estimated_from_source_maf	9148	9148	0	0	0	0	9148	0.01	0.5	0.911773217303411	0.0536182312323581	median implied SD=0.912, dispersion=0.054, n=9148	effect_scale_validation.R:v1
GCST90202400	GCST90202400	passed	""	source	""	0.870351215933254	estimated_from_source_maf	7978	7978	0	0	0	0	7978	0.01	0.5	0.870351215933254	0.0643458540756818	median implied SD=0.870, dispersion=0.064, n=7978	effect_scale_validation.R:v1
GCST90202401	GCST90202401	passed	""	source	""	0.972346676989163	estimated_from_source_maf	5576	5576	0	0	0	0	5576	0.01	0.5	0.972346676989163	0.0545555768686698	median implied SD=0.972, dispersion=0.055, n=5576	effect_scale_validation.R:v1
GCST90202402	GCST90202402	passed	""	source	""	0.985508184169146	estimated_from_source_maf	5697	5697	0	0	0	0	5697	0.01	0.5	0.985508184169146	0.0573375184582223	median implied SD=0.986, dispersion=0.057, n=5697	effect_scale_validation.R:v1
GCST90202403	GCST90202403	passed	""	source	""	0.969546682678084	estimated_from_source_maf	5770	5770	0	0	0	0	5770	0.01	0.5	0.969546682678084	0.0542497546697264	median implied SD=0.970, dispersion=0.054, n=5770	effect_scale_validation.R:v1
GCST90202404	GCST90202404	passed	""	source	""	0.984107963803035	estimated_from_source_maf	5708	5708	0	0	0	0	5708	0.01	0.5	0.984107963803035	0.0534288306259478	median implied SD=0.984, dispersion=0.053, n=5708	effect_scale_validation.R:v1
GCST90202405	GCST90202405	passed	""	source	""	0.984166125579461	estimated_from_source_maf	5733	5733	0	0	0	0	5733	0.01	0.5	0.984166125579461	0.0536394003057952	median implied SD=0.984, dispersion=0.054, n=5733	effect_scale_validation.R:v1
GCST90202406	GCST90202406	passed	""	source	""	0.981874146046144	estimated_from_source_maf	5750	5750	0	0	0	0	5750	0.01	0.5	0.981874146046144	0.0535997719918692	median implied SD=0.982, dispersion=0.054, n=5750	effect_scale_validation.R:v1
GCST90202407	GCST90202407	passed	""	source	""	0.924814359946561	estimated_from_source_maf	5720	5720	0	0	0	0	5720	0.01	0.5	0.924814359946561	0.0533841362437544	median implied SD=0.925, dispersion=0.053, n=5720	effect_scale_validation.R:v1
GCST90202408	GCST90202408	passed	""	source	""	1.0057083859105	estimated_from_source_maf	5735	5735	0	0	0	0	5735	0.01	0.5	1.0057083859105	0.0530666264248155	median implied SD=1.006, dispersion=0.053, n=5735	effect_scale_validation.R:v1
GCST90202409	GCST90202409	passed	""	source	""	0.901510620076719	estimated_from_source_maf	5665	5665	0	0	0	0	5665	0.01	0.5	0.901510620076719	0.0620112856937646	median implied SD=0.902, dispersion=0.062, n=5665	effect_scale_validation.R:v1
GCST90202410	GCST90202410	passed	""	source	""	0.894801697136901	estimated_from_source_maf	5537	5537	0	0	0	0	5537	0.01	0.5	0.894801697136901	0.0547546759807762	median implied SD=0.895, dispersion=0.055, n=5537	effect_scale_validation.R:v1
GCST90202411	GCST90202411	passed	""	source	""	0.845138190479601	estimated_from_source_maf	9301	9301	0	0	0	0	9301	0.01	0.5	0.845138190479601	0.0599404899853706	median implied SD=0.845, dispersion=0.060, n=9301	effect_scale_validation.R:v1
GCST90202412	GCST90202412	passed	""	source	""	0.944798159263127	estimated_from_source_maf	5656	5656	0	0	0	0	5656	0.01	0.5	0.944798159263127	0.0586447727037725	median implied SD=0.945, dispersion=0.059, n=5656	effect_scale_validation.R:v1
GCST90202413	GCST90202413	passed	""	source	""	0.787389804557252	estimated_from_source_maf	5715	5715	0	0	0	0	5715	0.01	0.5	0.787389804557252	0.0537714745149484	median implied SD=0.787, dispersion=0.054, n=5715	effect_scale_validation.R:v1
GCST90202414	GCST90202414	passed	""	source	""	0.908471371296854	estimated_from_source_maf	5743	5743	0	0	0	0	5743	0.01	0.5	0.908471371296854	0.0543430126034498	median implied SD=0.908, dispersion=0.054, n=5743	effect_scale_validation.R:v1
GCST90202415	GCST90202415	passed	""	source	""	0.847316220155727	estimated_from_source_maf	5789	5789	0	0	0	0	5789	0.01	0.5	0.847316220155727	0.0536630571737611	median implied SD=0.847, dispersion=0.054, n=5789	effect_scale_validation.R:v1
GCST90202416	GCST90202416	passed	""	source	""	0.947575308571094	estimated_from_source_maf	10566	10566	0	0	0	0	10566	0.01	0.5	0.947575308571094	0.0516300335076128	median implied SD=0.948, dispersion=0.052, n=10566	effect_scale_validation.R:v1
GCST90202417	GCST90202417	passed	""	source	""	0.962686297606227	estimated_from_source_maf	5793	5793	0	0	0	0	5793	0.01	0.5	0.962686297606227	0.0543861383931767	median implied SD=0.963, dispersion=0.054, n=5793	effect_scale_validation.R:v1
GCST90202418	GCST90202418	passed	""	source	""	0.992600927368543	estimated_from_source_maf	5778	5778	0	0	0	0	5778	0.01	0.5	0.992600927368543	0.0559129664519996	median implied SD=0.993, dispersion=0.056, n=5778	effect_scale_validation.R:v1
GCST90202419	GCST90202419	passed	""	source	""	0.929309997720867	estimated_from_source_maf	5818	5818	0	0	0	0	5818	0.01	0.5	0.929309997720867	0.0565154145522276	median implied SD=0.929, dispersion=0.057, n=5818	effect_scale_validation.R:v1
GCST90202420	GCST90202420	passed	""	source	""	0.987199445823413	estimated_from_source_maf	9675	9675	0	0	0	0	9675	0.01	0.5	0.987199445823413	0.0569217412360937	median implied SD=0.987, dispersion=0.057, n=9675	effect_scale_validation.R:v1
GCST90202421	GCST90202421	passed	""	source	""	0.984969901539696	estimated_from_source_maf	5708	5708	0	0	0	0	5708	0.01	0.5	0.984969901539696	0.0528770755488191	median implied SD=0.985, dispersion=0.053, n=5708	effect_scale_validation.R:v1
GCST90202422	GCST90202422	passed	""	source	""	0.948454022810664	estimated_from_source_maf	5747	5747	0	0	0	0	5747	0.01	0.5	0.948454022810664	0.0538788770319709	median implied SD=0.948, dispersion=0.054, n=5747	effect_scale_validation.R:v1
GCST90202423	GCST90202423	passed	""	source	""	0.969534898017565	estimated_from_source_maf	9790	9790	0	0	0	0	9790	0.01	0.5	0.969534898017565	0.0661087879437972	median implied SD=0.970, dispersion=0.066, n=9790	effect_scale_validation.R:v1
GCST90202424	GCST90202424	passed	""	source	""	0.670107875705283	estimated_from_source_maf	5729	5729	0	0	0	0	5729	0.01	0.5	0.670107875705283	0.0599901644387198	median implied SD=0.670, dispersion=0.060, n=5729	effect_scale_validation.R:v1
GCST90202425	GCST90202425	passed	""	source	""	0.999232565593637	estimated_from_source_maf	8468	8468	0	0	0	0	8468	0.01	0.5	0.999232565593637	0.0529381022463128	median implied SD=0.999, dispersion=0.053, n=8468	effect_scale_validation.R:v1
GCST90202426	GCST90202426	passed	""	source	""	0.966838089105219	estimated_from_source_maf	5829	5829	0	0	0	0	5829	0.01	0.5	0.966838089105219	0.0544030480669406	median implied SD=0.967, dispersion=0.054, n=5829	effect_scale_validation.R:v1
GCST90202427	GCST90202427	passed	""	source	""	0.942054269133865	estimated_from_source_maf	5767	5767	0	0	0	0	5767	0.01	0.5	0.942054269133865	0.0536296428281444	median implied SD=0.942, dispersion=0.054, n=5767	effect_scale_validation.R:v1
GCST90202428	GCST90202428	passed	""	source	""	0.89652220844531	estimated_from_source_maf	5714	5714	0	0	0	0	5714	0.01	0.5	0.89652220844531	0.053834602748411	median implied SD=0.897, dispersion=0.054, n=5714	effect_scale_validation.R:v1
GCST90202429	GCST90202429	passed	""	source	""	0.946146199274959	estimated_from_source_maf	9701	9701	0	0	0	0	9701	0.01	0.5	0.946146199274959	0.0549556391613138	median implied SD=0.946, dispersion=0.055, n=9701	effect_scale_validation.R:v1
GCST90202430	GCST90202430	passed	""	source	""	0.956787695941597	estimated_from_source_maf	9595	9595	0	0	0	0	9595	0.01	0.5	0.956787695941597	0.0594913472345023	median implied SD=0.957, dispersion=0.059, n=9595	effect_scale_validation.R:v1
GCST90202431	GCST90202431	passed	""	source	""	0.932590335508983	estimated_from_source_maf	17125	17125	0	0	0	0	17125	0.01	0.5	0.932590335508983	0.0514875907290829	median implied SD=0.933, dispersion=0.051, n=17125	effect_scale_validation.R:v1
GCST90202432	GCST90202432	passed	""	source	""	0.977681192248339	estimated_from_source_maf	9177	9177	0	0	0	0	9177	0.01	0.5	0.977681192248339	0.0505580223548579	median implied SD=0.978, dispersion=0.051, n=9177	effect_scale_validation.R:v1
GCST90202433	GCST90202433	passed	""	source	""	0.977396185262874	estimated_from_source_maf	10638	10638	0	0	0	0	10638	0.01	0.5	0.977396185262874	0.0559481514062701	median implied SD=0.977, dispersion=0.056, n=10638	effect_scale_validation.R:v1
GCST90202434	GCST90202434	passed	""	source	""	0.933410009247298	estimated_from_source_maf	5676	5676	0	0	0	0	5676	0.01	0.5	0.933410009247298	0.0570906656353175	median implied SD=0.933, dispersion=0.057, n=5676	effect_scale_validation.R:v1
GCST90202435	GCST90202435	passed	""	source	""	0.948124958788808	estimated_from_source_maf	10231	10231	0	0	0	0	10231	0.01	0.5	0.948124958788808	0.0601948707804752	median implied SD=0.948, dispersion=0.060, n=10231	effect_scale_validation.R:v1
GCST90202436	GCST90202436	passed	""	source	""	0.939381908627808	estimated_from_source_maf	5579	5579	0	0	0	0	5579	0.01	0.5	0.939381908627808	0.0610432687268235	median implied SD=0.939, dispersion=0.061, n=5579	effect_scale_validation.R:v1
GCST90202437	GCST90202437	passed	""	source	""	1.00643329071701	estimated_from_source_maf	20033	20033	0	0	0	1	20032	0.01	0.5	1.00643329071701	0.0578015687189333	median implied SD=1.006, dispersion=0.058, n=20032	effect_scale_validation.R:v1
GCST90202438	GCST90202438	passed	""	source	""	0.979013902631904	estimated_from_source_maf	12291	12291	0	0	0	0	12291	0.01	0.5	0.979013902631904	0.0622571919377936	median implied SD=0.979, dispersion=0.062, n=12291	effect_scale_validation.R:v1
GCST90202439	GCST90202439	passed	""	source	""	0.941124246924141	estimated_from_source_maf	15662	15662	0	0	0	0	15662	0.01	0.5	0.941124246924141	0.0695939055285178	median implied SD=0.941, dispersion=0.070, n=15662	effect_scale_validation.R:v1
GCST90202440	GCST90202440	passed	""	source	""	0.978819692472913	estimated_from_source_maf	9563	9563	0	0	0	0	9563	0.01	0.5	0.978819692472913	0.0458566418004993	median implied SD=0.979, dispersion=0.046, n=9563	effect_scale_validation.R:v1
GCST90202441	GCST90202441	passed	""	source	""	1.00778502599489	estimated_from_source_maf	5718	5718	0	0	0	0	5718	0.01	0.5	1.00778502599489	0.0534116401739958	median implied SD=1.008, dispersion=0.053, n=5718	effect_scale_validation.R:v1
GCST90202442	GCST90202442	passed	""	source	""	0.914713816691341	estimated_from_source_maf	5753	5753	0	0	0	0	5753	0.01	0.5	0.914713816691341	0.0594447706003626	median implied SD=0.915, dispersion=0.059, n=5753	effect_scale_validation.R:v1
GCST90202443	GCST90202443	passed	""	source	""	0.971087310277659	estimated_from_source_maf	5765	5765	0	0	0	0	5765	0.01	0.5	0.971087310277659	0.0558449211438516	median implied SD=0.971, dispersion=0.056, n=5765	effect_scale_validation.R:v1
GCST90202444	GCST90202444	passed	""	source	""	0.94964254219236	estimated_from_source_maf	5801	5801	0	0	0	0	5801	0.01	0.5	0.94964254219236	0.0596148739290633	median implied SD=0.950, dispersion=0.060, n=5801	effect_scale_validation.R:v1
GCST90202445	GCST90202445	passed	""	source	""	0.94730041677767	estimated_from_source_maf	5559	5559	0	0	0	0	5559	0.01	0.5	0.94730041677767	0.0540997663500408	median implied SD=0.947, dispersion=0.054, n=5559	effect_scale_validation.R:v1
GCST90202446	GCST90202446	passed	""	source	""	0.941909458642015	estimated_from_source_maf	10797	10797	0	0	0	0	10797	0.01	0.5	0.941909458642015	0.0521705089706264	median implied SD=0.942, dispersion=0.052, n=10797	effect_scale_validation.R:v1
GCST90202447	GCST90202447	passed	""	source	""	0.934479347640085	estimated_from_source_maf	5732	5732	0	0	0	0	5732	0.01	0.5	0.934479347640085	0.0550702971584378	median implied SD=0.934, dispersion=0.055, n=5732	effect_scale_validation.R:v1
GCST90202448	GCST90202448	passed	""	source	""	0.968231944216052	estimated_from_source_maf	5737	5737	0	0	0	0	5737	0.01	0.5	0.968231944216052	0.053483165328359	median implied SD=0.968, dispersion=0.053, n=5737	effect_scale_validation.R:v1
GCST90202449	GCST90202449	passed	""	source	""	0.910506994734781	estimated_from_source_maf	5736	5736	0	0	0	0	5736	0.01	0.5	0.910506994734781	0.0533395290629962	median implied SD=0.911, dispersion=0.053, n=5736	effect_scale_validation.R:v1
GCST90202450	GCST90202450	passed	""	source	""	0.970771783564253	estimated_from_source_maf	5582	5582	0	0	0	0	5582	0.01	0.5	0.970771783564253	0.0602243784142397	median implied SD=0.971, dispersion=0.060, n=5582	effect_scale_validation.R:v1
GCST90202451	GCST90202451	passed	""	source	""	0.952709578992005	estimated_from_source_maf	5675	5675	0	0	0	0	5675	0.01	0.5	0.952709578992005	0.0609857203018489	median implied SD=0.953, dispersion=0.061, n=5675	effect_scale_validation.R:v1
GCST90202452	GCST90202452	passed	""	source	""	0.911266712599111	estimated_from_source_maf	5781	5781	0	0	0	0	5781	0.01	0.5	0.911266712599111	0.0544083732478859	median implied SD=0.911, dispersion=0.054, n=5781	effect_scale_validation.R:v1
GCST90202453	GCST90202453	passed	""	source	""	0.980586534063953	estimated_from_source_maf	5739	5739	0	0	0	0	5739	0.01	0.5	0.980586534063953	0.0534527852936729	median implied SD=0.981, dispersion=0.053, n=5739	effect_scale_validation.R:v1
GCST90202454	GCST90202454	passed	""	source	""	0.988081438484922	estimated_from_source_maf	5708	5708	0	0	0	0	5708	0.01	0.5	0.988081438484922	0.0534058089790406	median implied SD=0.988, dispersion=0.053, n=5708	effect_scale_validation.R:v1
GCST90202455	GCST90202455	passed	""	source	""	0.939448040074069	estimated_from_source_maf	8295	8295	0	0	0	0	8295	0.01	0.5	0.939448040074069	0.0511747601909915	median implied SD=0.939, dispersion=0.051, n=8295	effect_scale_validation.R:v1
GCST90202456	GCST90202456	passed	""	source	""	0.969332991585042	estimated_from_source_maf	5741	5741	0	0	0	0	5741	0.01	0.5	0.969332991585042	0.0542063837591091	median implied SD=0.969, dispersion=0.054, n=5741	effect_scale_validation.R:v1
GCST90202457	GCST90202457	passed	""	source	""	0.983137502988997	estimated_from_source_maf	5736	5736	0	0	0	0	5736	0.01	0.5	0.983137502988997	0.0541094549908326	median implied SD=0.983, dispersion=0.054, n=5736	effect_scale_validation.R:v1
GCST90202458	GCST90202458	passed	""	source	""	0.947807043665264	estimated_from_source_maf	5710	5710	0	0	0	0	5710	0.01	0.5	0.947807043665264	0.0535218726572803	median implied SD=0.948, dispersion=0.054, n=5710	effect_scale_validation.R:v1
GCST90202459	GCST90202459	passed	""	source	""	0.855113164482363	estimated_from_source_maf	5757	5757	0	0	0	0	5757	0.01	0.5	0.855113164482363	0.0541649468527946	median implied SD=0.855, dispersion=0.054, n=5757	effect_scale_validation.R:v1
GCST90202460	GCST90202460	passed	""	source	""	0.98417359770709	estimated_from_source_maf	8289	8289	0	0	0	0	8289	0.01	0.5	0.98417359770709	0.0531229548625219	median implied SD=0.984, dispersion=0.053, n=8289	effect_scale_validation.R:v1
GCST90202461	GCST90202461	passed	""	source	""	0.868377676056618	estimated_from_source_maf	5710	5710	0	0	0	0	5710	0.01	0.5	0.868377676056618	0.0533659872524926	median implied SD=0.868, dispersion=0.053, n=5710	effect_scale_validation.R:v1
GCST90202462	GCST90202462	passed	""	source	""	0.96033274021065	estimated_from_source_maf	8760	8760	0	0	0	0	8760	0.01	0.5	0.96033274021065	0.0560628168216244	median implied SD=0.960, dispersion=0.056, n=8760	effect_scale_validation.R:v1
GCST90202463	GCST90202463	passed	""	source	""	0.806058647961747	estimated_from_source_maf	5813	5813	0	0	0	0	5813	0.01	0.5	0.806058647961747	0.0545067207273045	median implied SD=0.806, dispersion=0.055, n=5813	effect_scale_validation.R:v1
GCST90202464	GCST90202464	passed	""	source	""	0.978920523540248	estimated_from_source_maf	5814	5814	0	0	0	0	5814	0.01	0.5	0.978920523540248	0.0544286014480775	median implied SD=0.979, dispersion=0.054, n=5814	effect_scale_validation.R:v1
GCST90202465	GCST90202465	passed	""	source	""	0.97034137122367	estimated_from_source_maf	5827	5827	0	0	0	0	5827	0.01	0.5	0.97034137122367	0.0609261258353126	median implied SD=0.970, dispersion=0.061, n=5827	effect_scale_validation.R:v1
GCST90202466	GCST90202466	passed	""	source	""	0.960911006913013	estimated_from_source_maf	5725	5725	0	0	0	0	5725	0.01	0.5	0.960911006913013	0.0534707239891516	median implied SD=0.961, dispersion=0.053, n=5725	effect_scale_validation.R:v1
GCST90202467	GCST90202467	passed	""	source	""	0.969665718666683	estimated_from_source_maf	5710	5710	0	0	0	0	5710	0.01	0.5	0.969665718666683	0.0537095632442189	median implied SD=0.970, dispersion=0.054, n=5710	effect_scale_validation.R:v1
GCST90202468	GCST90202468	passed	""	source	""	0.986005819640972	estimated_from_source_maf	5638	5638	0	0	0	0	5638	0.01	0.5	0.986005819640972	0.0554388271906091	median implied SD=0.986, dispersion=0.055, n=5638	effect_scale_validation.R:v1
GCST90202469	GCST90202469	passed	""	source	""	0.982445390411243	estimated_from_source_maf	5629	5629	0	0	0	0	5629	0.01	0.5	0.982445390411243	0.0585089024916159	median implied SD=0.982, dispersion=0.059, n=5629	effect_scale_validation.R:v1
GCST90202470	GCST90202470	passed	""	source	""	0.870089814087873	estimated_from_source_maf	15608	15608	0	0	0	0	15608	0.01	0.5	0.870089814087873	0.0576867238603553	median implied SD=0.870, dispersion=0.058, n=15608	effect_scale_validation.R:v1
GCST90202471	GCST90202471	passed	""	source	""	0.990849357381416	estimated_from_source_maf	8339	8339	0	0	0	0	8339	0.01	0.5	0.990849357381416	0.0531690274193779	median implied SD=0.991, dispersion=0.053, n=8339	effect_scale_validation.R:v1
GCST90202472	GCST90202472	passed	""	source	""	0.965936431176545	estimated_from_source_maf	8034	8034	0	0	0	0	8034	0.01	0.5	0.965936431176545	0.0613793538468171	median implied SD=0.966, dispersion=0.061, n=8034	effect_scale_validation.R:v1
GCST90202473	GCST90202473	passed	""	source	""	0.93259013610169	estimated_from_source_maf	5710	5710	0	0	0	0	5710	0.01	0.5	0.93259013610169	0.053731124894038	median implied SD=0.933, dispersion=0.054, n=5710	effect_scale_validation.R:v1
GCST90202474	GCST90202474	passed	""	source	""	0.986888792093198	estimated_from_source_maf	8988	8988	0	0	0	0	8988	0.01	0.5	0.986888792093198	0.0564391791258982	median implied SD=0.987, dispersion=0.056, n=8988	effect_scale_validation.R:v1
GCST90202475	GCST90202475	passed	""	source	""	0.879063078508841	estimated_from_source_maf	20996	20996	0	0	0	3	20993	0.01	0.5	0.879063078508841	0.0731710737960776	median implied SD=0.879, dispersion=0.073, n=20993	effect_scale_validation.R:v1
GCST90202476	GCST90202476	passed	""	source	""	0.980631261013988	estimated_from_source_maf	9038	9038	0	0	0	0	9038	0.01	0.5	0.980631261013988	0.0556430238136764	median implied SD=0.981, dispersion=0.056, n=9038	effect_scale_validation.R:v1
GCST90202477	GCST90202477	passed	""	source	""	0.969475224330736	estimated_from_source_maf	5708	5708	0	0	0	0	5708	0.01	0.5	0.969475224330736	0.0538061927322908	median implied SD=0.969, dispersion=0.054, n=5708	effect_scale_validation.R:v1
GCST90202478	GCST90202478	passed	""	source	""	0.96366882397997	estimated_from_source_maf	7821	7821	0	0	0	0	7821	0.01	0.5	0.96366882397997	0.0544744019596958	median implied SD=0.964, dispersion=0.054, n=7821	effect_scale_validation.R:v1
GCST90202479	GCST90202479	passed	""	source	""	1.01436675975337	estimated_from_source_maf	5818	5818	0	0	0	0	5818	0.01	0.5	1.01436675975337	0.0546408819617026	median implied SD=1.014, dispersion=0.055, n=5818	effect_scale_validation.R:v1
GCST90202480	GCST90202480	passed	""	source	""	0.982449320232177	estimated_from_source_maf	8889	8889	0	0	0	0	8889	0.01	0.5	0.982449320232177	0.0534197899433472	median implied SD=0.982, dispersion=0.053, n=8889	effect_scale_validation.R:v1
GCST90202481	GCST90202481	passed	""	source	""	0.989274908552602	estimated_from_source_maf	9190	9190	0	0	0	0	9190	0.01	0.5	0.989274908552602	0.0529273112650758	median implied SD=0.989, dispersion=0.053, n=9190	effect_scale_validation.R:v1
GCST90202482	GCST90202482	passed	""	source	""	0.977812891093053	estimated_from_source_maf	7915	7915	0	0	0	0	7915	0.01	0.5	0.977812891093053	0.0558973840429451	median implied SD=0.978, dispersion=0.056, n=7915	effect_scale_validation.R:v1
GCST90202483	GCST90202483	passed	""	source	""	0.926271457720179	estimated_from_source_maf	5713	5713	0	0	0	0	5713	0.01	0.5	0.926271457720179	0.0535390658430932	median implied SD=0.926, dispersion=0.054, n=5713	effect_scale_validation.R:v1
GCST90202484	GCST90202484	passed	""	source	""	0.96700273119512	estimated_from_source_maf	5727	5727	0	0	0	0	5727	0.01	0.5	0.96700273119512	0.0543401408947087	median implied SD=0.967, dispersion=0.054, n=5727	effect_scale_validation.R:v1
GCST90202485	GCST90202485	passed	""	source	""	0.993603107303172	estimated_from_source_maf	9055	9055	0	0	0	0	9055	0.01	0.5	0.993603107303172	0.0609108051025197	median implied SD=0.994, dispersion=0.061, n=9055	effect_scale_validation.R:v1
GCST90202486	GCST90202486	passed	""	source	""	0.956393805527388	estimated_from_source_maf	5794	5794	0	0	0	0	5794	0.01	0.5	0.956393805527388	0.0546707089048428	median implied SD=0.956, dispersion=0.055, n=5794	effect_scale_validation.R:v1
GCST90202487	GCST90202487	passed	""	source	""	0.930671040250042	estimated_from_source_maf	5722	5722	0	0	0	0	5722	0.01	0.5	0.930671040250042	0.0537233261386649	median implied SD=0.931, dispersion=0.054, n=5722	effect_scale_validation.R:v1
GCST90202488	GCST90202488	passed	""	source	""	0.89589628198563	estimated_from_source_maf	5711	5711	0	0	0	0	5711	0.01	0.5	0.89589628198563	0.0537838266867249	median implied SD=0.896, dispersion=0.054, n=5711	effect_scale_validation.R:v1
GCST90202489	GCST90202489	passed	""	source	""	0.943945738335256	estimated_from_source_maf	5729	5729	0	0	0	0	5729	0.01	0.5	0.943945738335256	0.0545856814757411	median implied SD=0.944, dispersion=0.055, n=5729	effect_scale_validation.R:v1
GCST90202490	GCST90202490	passed	""	source	""	0.914567898456532	estimated_from_source_maf	5725	5725	0	0	0	0	5725	0.01	0.5	0.914567898456532	0.05363527866874	median implied SD=0.915, dispersion=0.054, n=5725	effect_scale_validation.R:v1
GCST90202491	GCST90202491	passed	""	source	""	0.964117236884039	estimated_from_source_maf	15370	15370	0	0	0	0	15370	0.01	0.5	0.964117236884039	0.0585713899393639	median implied SD=0.964, dispersion=0.059, n=15370	effect_scale_validation.R:v1
GCST90202492	GCST90202492	passed	""	source	""	0.902482173125244	estimated_from_source_maf	5726	5726	0	0	0	0	5726	0.01	0.5	0.902482173125244	0.0533394068964698	median implied SD=0.902, dispersion=0.053, n=5726	effect_scale_validation.R:v1
GCST90202493	GCST90202493	passed	""	source	""	0.951915447940857	estimated_from_source_maf	5735	5735	0	0	0	0	5735	0.01	0.5	0.951915447940857	0.0537353942443027	median implied SD=0.952, dispersion=0.054, n=5735	effect_scale_validation.R:v1
GCST90202494	GCST90202494	passed	""	source	""	0.990449158402265	estimated_from_source_maf	5711	5711	0	0	0	0	5711	0.01	0.5	0.990449158402265	0.0536453139667986	median implied SD=0.990, dispersion=0.054, n=5711	effect_scale_validation.R:v1
GCST90202495	GCST90202495	passed	""	source	""	0.95756459325202	estimated_from_source_maf	5712	5712	0	0	0	0	5712	0.01	0.5	0.95756459325202	0.0534071336553102	median implied SD=0.958, dispersion=0.053, n=5712	effect_scale_validation.R:v1
GCST90202496	GCST90202496	passed	""	source	""	0.927925881775025	estimated_from_source_maf	9511	9511	0	0	0	0	9511	0.01	0.5	0.927925881775025	0.0584499707043006	median implied SD=0.928, dispersion=0.058, n=9511	effect_scale_validation.R:v1
GCST90202497	GCST90202497	passed	""	source	""	0.985673708441698	estimated_from_source_maf	5711	5711	0	0	0	0	5711	0.01	0.5	0.985673708441698	0.0538448954809336	median implied SD=0.986, dispersion=0.054, n=5711	effect_scale_validation.R:v1
GCST90202498	GCST90202498	passed	""	source	""	0.95107299797014	estimated_from_source_maf	5731	5731	0	0	0	0	5731	0.01	0.5	0.95107299797014	0.0538167537303091	median implied SD=0.951, dispersion=0.054, n=5731	effect_scale_validation.R:v1
GCST90202499	GCST90202499	passed	""	source	""	0.97975585112547	estimated_from_source_maf	5799	5799	0	0	0	0	5799	0.01	0.5	0.97975585112547	0.0542191387050835	median implied SD=0.980, dispersion=0.054, n=5799	effect_scale_validation.R:v1
GCST90202500	GCST90202500	passed	""	source	""	0.979472305718424	estimated_from_source_maf	5720	5720	0	0	0	0	5720	0.01	0.5	0.979472305718424	0.0541643283274968	median implied SD=0.979, dispersion=0.054, n=5720	effect_scale_validation.R:v1
GCST90202501	GCST90202501	passed	""	source	""	0.948410275086808	estimated_from_source_maf	5715	5715	0	0	0	0	5715	0.01	0.5	0.948410275086808	0.0531742127692857	median implied SD=0.948, dispersion=0.053, n=5715	effect_scale_validation.R:v1
GCST90202502	GCST90202502	passed	""	source	""	0.986046110972043	estimated_from_source_maf	11978	11978	0	0	0	0	11978	0.01	0.5	0.986046110972043	0.0520703316035283	median implied SD=0.986, dispersion=0.052, n=11978	effect_scale_validation.R:v1
GCST90202503	GCST90202503	passed	""	source	""	0.939256432973489	estimated_from_source_maf	8816	8816	0	0	0	0	8816	0.01	0.5	0.939256432973489	0.052995530089212	median implied SD=0.939, dispersion=0.053, n=8816	effect_scale_validation.R:v1
GCST90202504	GCST90202504	passed	""	source	""	1.00327240151088	estimated_from_source_maf	5735	5735	0	0	0	0	5735	0.01	0.5	1.00327240151088	0.0537865438855429	median implied SD=1.003, dispersion=0.054, n=5735	effect_scale_validation.R:v1
GCST90202505	GCST90202505	passed	""	source	""	0.966105020989898	estimated_from_source_maf	5714	5714	0	0	0	0	5714	0.01	0.5	0.966105020989898	0.053882344352233	median implied SD=0.966, dispersion=0.054, n=5714	effect_scale_validation.R:v1
GCST90202506	GCST90202506	passed	""	source	""	0.982663911300942	estimated_from_source_maf	5799	5799	0	0	0	0	5799	0.01	0.5	0.982663911300942	0.0545540118563033	median implied SD=0.983, dispersion=0.055, n=5799	effect_scale_validation.R:v1
GCST90202507	GCST90202507	passed	""	source	""	0.944708056061954	estimated_from_source_maf	11389	11389	0	0	0	0	11389	0.01	0.5	0.944708056061954	0.0500603932200122	median implied SD=0.945, dispersion=0.050, n=11389	effect_scale_validation.R:v1
GCST90202508	GCST90202508	passed	""	source	""	0.972547525657457	estimated_from_source_maf	5814	5814	0	0	0	0	5814	0.01	0.5	0.972547525657457	0.0547328209482026	median implied SD=0.973, dispersion=0.055, n=5814	effect_scale_validation.R:v1
GCST90202509	GCST90202509	passed	""	source	""	0.986598576797548	estimated_from_source_maf	8064	8064	0	0	0	0	8064	0.01	0.5	0.986598576797548	0.050025572779389	median implied SD=0.987, dispersion=0.050, n=8064	effect_scale_validation.R:v1
GCST90202510	GCST90202510	passed	""	source	""	0.914132639889119	estimated_from_source_maf	5671	5671	0	0	0	0	5671	0.01	0.5	0.914132639889119	0.0610501268711301	median implied SD=0.914, dispersion=0.061, n=5671	effect_scale_validation.R:v1
GCST90202511	GCST90202511	passed	""	source	""	0.856304521950154	estimated_from_source_maf	5712	5712	0	0	0	0	5712	0.01	0.5	0.856304521950154	0.0533940648990318	median implied SD=0.856, dispersion=0.053, n=5712	effect_scale_validation.R:v1
GCST90202512	GCST90202512	passed	""	source	""	0.911482295171448	estimated_from_source_maf	5715	5715	0	0	0	0	5715	0.01	0.5	0.911482295171448	0.0536997151412785	median implied SD=0.911, dispersion=0.054, n=5715	effect_scale_validation.R:v1
GCST90202513	GCST90202513	passed	""	source	""	0.992487904958301	estimated_from_source_maf	5608	5608	0	0	0	0	5608	0.01	0.5	0.992487904958301	0.0545314716399079	median implied SD=0.992, dispersion=0.055, n=5608	effect_scale_validation.R:v1
GCST90202514	GCST90202514	passed	""	source	""	0.978498589333961	estimated_from_source_maf	5717	5717	0	0	0	0	5717	0.01	0.5	0.978498589333961	0.0534666349971344	median implied SD=0.978, dispersion=0.053, n=5717	effect_scale_validation.R:v1
GCST90202515	GCST90202515	passed	""	source	""	0.918882332092993	estimated_from_source_maf	5755	5755	0	0	0	0	5755	0.01	0.5	0.918882332092993	0.0570111200603528	median implied SD=0.919, dispersion=0.057, n=5755	effect_scale_validation.R:v1
GCST90202516	GCST90202516	passed	""	source	""	0.977105581079164	estimated_from_source_maf	5771	5771	0	0	0	0	5771	0.01	0.5	0.977105581079164	0.0548539050424481	median implied SD=0.977, dispersion=0.055, n=5771	effect_scale_validation.R:v1
GCST90202517	GCST90202517	passed	""	source	""	0.970173495593796	estimated_from_source_maf	5763	5763	0	0	0	0	5763	0.01	0.5	0.970173495593796	0.0539818478554806	median implied SD=0.970, dispersion=0.054, n=5763	effect_scale_validation.R:v1
GCST90202518	GCST90202518	passed	""	source	""	0.961095756187701	estimated_from_source_maf	5745	5745	0	0	0	0	5745	0.01	0.5	0.961095756187701	0.0543818737134126	median implied SD=0.961, dispersion=0.054, n=5745	effect_scale_validation.R:v1
GCST90202519	GCST90202519	passed	""	source	""	0.951411728744482	estimated_from_source_maf	17803	17803	0	0	0	7	17796	0.01	0.5	0.951411728744482	0.0712481763502062	median implied SD=0.951, dispersion=0.071, n=17796	effect_scale_validation.R:v1
GCST90202520	GCST90202520	passed	""	source	""	0.987327247148694	estimated_from_source_maf	8428	8428	0	0	0	0	8428	0.01	0.5	0.987327247148694	0.0529474130652748	median implied SD=0.987, dispersion=0.053, n=8428	effect_scale_validation.R:v1
GCST90202521	GCST90202521	passed	""	source	""	0.96919331284609	estimated_from_source_maf	5747	5747	0	0	0	0	5747	0.01	0.5	0.96919331284609	0.0539711640003614	median implied SD=0.969, dispersion=0.054, n=5747	effect_scale_validation.R:v1
GCST90202522	GCST90202522	passed	""	source	""	0.993702965067074	estimated_from_source_maf	5716	5716	0	0	0	0	5716	0.01	0.5	0.993702965067074	0.053458301276238	median implied SD=0.994, dispersion=0.053, n=5716	effect_scale_validation.R:v1
GCST90202523	GCST90202523	passed	""	source	""	0.91708964199354	estimated_from_source_maf	9076	9076	0	0	0	10	9066	0.01	0.5	0.91708964199354	0.070523173505474	median implied SD=0.917, dispersion=0.071, n=9066	effect_scale_validation.R:v1
GCST90202524	GCST90202524	passed	""	source	""	0.975386424599801	estimated_from_source_maf	5716	5716	0	0	0	0	5716	0.01	0.5	0.975386424599801	0.0536062657770058	median implied SD=0.975, dispersion=0.054, n=5716	effect_scale_validation.R:v1
GCST90202525	GCST90202525	passed	""	source	""	0.957614445165603	estimated_from_source_maf	5738	5738	0	0	0	0	5738	0.01	0.5	0.957614445165603	0.0536168342180214	median implied SD=0.958, dispersion=0.054, n=5738	effect_scale_validation.R:v1
GCST90202526	GCST90202526	passed	""	source	""	0.958380211359759	estimated_from_source_maf	5570	5570	0	0	0	0	5570	0.01	0.5	0.958380211359759	0.0567332212902093	median implied SD=0.958, dispersion=0.057, n=5570	effect_scale_validation.R:v1
GCST90202527	GCST90202527	passed	""	source	""	0.976374145450897	estimated_from_source_maf	5698	5698	0	0	0	0	5698	0.01	0.5	0.976374145450897	0.0559539899124069	median implied SD=0.976, dispersion=0.056, n=5698	effect_scale_validation.R:v1
GCST90202528	GCST90202528	passed	""	source	""	0.93308760214026	estimated_from_source_maf	5571	5571	0	0	0	0	5571	0.01	0.5	0.93308760214026	0.055325202723778	median implied SD=0.933, dispersion=0.055, n=5571	effect_scale_validation.R:v1
GCST90202529	GCST90202529	passed	""	source	""	0.960913253390275	estimated_from_source_maf	5713	5713	0	0	0	0	5713	0.01	0.5	0.960913253390275	0.0532962940821893	median implied SD=0.961, dispersion=0.053, n=5713	effect_scale_validation.R:v1
GCST90202530	GCST90202530	passed	""	source	""	0.960381836003888	estimated_from_source_maf	8929	8929	0	0	0	0	8929	0.01	0.5	0.960381836003888	0.0570072243153748	median implied SD=0.960, dispersion=0.057, n=8929	effect_scale_validation.R:v1
GCST90202531	GCST90202531	passed	""	source	""	0.964432333511735	estimated_from_source_maf	5742	5742	0	0	0	0	5742	0.01	0.5	0.964432333511735	0.0538246846049134	median implied SD=0.964, dispersion=0.054, n=5742	effect_scale_validation.R:v1
GCST90202532	GCST90202532	passed	""	source	""	0.963595579932937	estimated_from_source_maf	5779	5779	0	0	0	0	5779	0.01	0.5	0.963595579932937	0.0543003881241985	median implied SD=0.964, dispersion=0.054, n=5779	effect_scale_validation.R:v1
GCST90202533	GCST90202533	passed	""	source	""	0.898109551349959	estimated_from_source_maf	5822	5822	0	0	0	0	5822	0.01	0.5	0.898109551349959	0.0545751338486739	median implied SD=0.898, dispersion=0.055, n=5822	effect_scale_validation.R:v1
GCST90202534	GCST90202534	passed	""	source	""	0.996903229055535	estimated_from_source_maf	12805	12805	0	0	0	0	12805	0.01	0.5	0.996903229055535	0.0565799932077319	median implied SD=0.997, dispersion=0.057, n=12805	effect_scale_validation.R:v1
GCST90202535	GCST90202535	passed	""	source	""	0.999968073294244	estimated_from_source_maf	5713	5713	0	0	0	0	5713	0.01	0.5	0.999968073294244	0.0533737890421493	median implied SD=1.000, dispersion=0.053, n=5713	effect_scale_validation.R:v1
GCST90202536	GCST90202536	passed	""	source	""	0.993537685690464	estimated_from_source_maf	5795	5795	0	0	0	0	5795	0.01	0.5	0.993537685690464	0.0535152920218611	median implied SD=0.994, dispersion=0.054, n=5795	effect_scale_validation.R:v1
GCST90202537	GCST90202537	passed	""	source	""	0.975515840166383	estimated_from_source_maf	5686	5686	0	0	0	0	5686	0.01	0.5	0.975515840166383	0.0582557414666341	median implied SD=0.976, dispersion=0.058, n=5686	effect_scale_validation.R:v1
GCST90202538	GCST90202538	passed	""	source	""	0.997125870677417	estimated_from_source_maf	5651	5651	0	0	0	0	5651	0.01	0.5	0.997125870677417	0.0540181886171709	median implied SD=0.997, dispersion=0.054, n=5651	effect_scale_validation.R:v1
GCST90202539	GCST90202539	passed	""	source	""	0.881395959849696	estimated_from_source_maf	5620	5620	0	0	0	0	5620	0.01	0.5	0.881395959849696	0.0542668852795729	median implied SD=0.881, dispersion=0.054, n=5620	effect_scale_validation.R:v1
GCST90202540	GCST90202540	passed	""	source	""	0.930577233710656	estimated_from_source_maf	9153	9153	0	0	0	1	9152	0.01	0.5	0.930577233710656	0.0562532018717322	median implied SD=0.931, dispersion=0.056, n=9152	effect_scale_validation.R:v1
GCST90202541	GCST90202541	passed	""	source	""	0.991484508045468	estimated_from_source_maf	5746	5746	0	0	0	0	5746	0.01	0.5	0.991484508045468	0.0535817945121612	median implied SD=0.991, dispersion=0.054, n=5746	effect_scale_validation.R:v1
GCST90202542	GCST90202542	passed	""	source	""	0.986547684958973	estimated_from_source_maf	5738	5738	0	0	0	0	5738	0.01	0.5	0.986547684958973	0.0538522478479889	median implied SD=0.987, dispersion=0.054, n=5738	effect_scale_validation.R:v1
GCST90202543	GCST90202543	passed	""	source	""	0.955014860438386	estimated_from_source_maf	5758	5758	0	0	0	0	5758	0.01	0.5	0.955014860438386	0.0534558505045283	median implied SD=0.955, dispersion=0.053, n=5758	effect_scale_validation.R:v1
GCST90202544	GCST90202544	passed	""	source	""	0.984787347201556	estimated_from_source_maf	5774	5774	0	0	0	0	5774	0.01	0.5	0.984787347201556	0.0540085635698456	median implied SD=0.985, dispersion=0.054, n=5774	effect_scale_validation.R:v1
GCST90202545	GCST90202545	passed	""	source	""	0.955331780516026	estimated_from_source_maf	13537	13537	0	0	0	0	13537	0.01	0.5	0.955331780516026	0.049985281616039	median implied SD=0.955, dispersion=0.050, n=13537	effect_scale_validation.R:v1
GCST90202546	GCST90202546	passed	""	source	""	0.977659055341755	estimated_from_source_maf	5593	5593	0	0	0	0	5593	0.01	0.5	0.977659055341755	0.054903906560894	median implied SD=0.978, dispersion=0.055, n=5593	effect_scale_validation.R:v1
GCST90202547	GCST90202547	passed	""	source	""	0.975077477598505	estimated_from_source_maf	5712	5712	0	0	0	0	5712	0.01	0.5	0.975077477598505	0.05335999319921	median implied SD=0.975, dispersion=0.053, n=5712	effect_scale_validation.R:v1
GCST90202548	GCST90202548	passed	""	source	""	0.887367096685527	estimated_from_source_maf	13074	13074	0	0	0	0	13074	0.01	0.5	0.887367096685527	0.054508251615173	median implied SD=0.887, dispersion=0.055, n=13074	effect_scale_validation.R:v1
GCST90202549	GCST90202549	passed	""	source	""	1.00224947502883	estimated_from_source_maf	5741	5741	0	0	0	0	5741	0.01	0.5	1.00224947502883	0.0534988416629259	median implied SD=1.002, dispersion=0.053, n=5741	effect_scale_validation.R:v1
GCST90202550	GCST90202550	passed	""	source	""	0.930104226432366	estimated_from_source_maf	5810	5810	0	0	0	0	5810	0.01	0.5	0.930104226432366	0.0673320949077342	median implied SD=0.930, dispersion=0.067, n=5810	effect_scale_validation.R:v1
GCST90202551	GCST90202551	passed	""	source	""	0.968748018619971	estimated_from_source_maf	5769	5769	0	0	0	0	5769	0.01	0.5	0.968748018619971	0.056408756358615	median implied SD=0.969, dispersion=0.056, n=5769	effect_scale_validation.R:v1
GCST90202552	GCST90202552	passed	""	source	""	0.954717037137871	estimated_from_source_maf	5609	5609	0	0	0	0	5609	0.01	0.5	0.954717037137871	0.0559265983851721	median implied SD=0.955, dispersion=0.056, n=5609	effect_scale_validation.R:v1
GCST90202553	GCST90202553	passed	""	source	""	0.950126071528967	estimated_from_source_maf	5816	5816	0	0	0	0	5816	0.01	0.5	0.950126071528967	0.0556724594985179	median implied SD=0.950, dispersion=0.056, n=5816	effect_scale_validation.R:v1
GCST90202554	GCST90202554	passed	""	source	""	0.977533780549368	estimated_from_source_maf	5672	5672	0	0	0	0	5672	0.01	0.5	0.977533780549368	0.0590684271587509	median implied SD=0.978, dispersion=0.059, n=5672	effect_scale_validation.R:v1
GCST90202555	GCST90202555	passed	""	source	""	0.951469177677865	estimated_from_source_maf	9195	9195	0	0	0	0	9195	0.01	0.5	0.951469177677865	0.0636268241356227	median implied SD=0.951, dispersion=0.064, n=9195	effect_scale_validation.R:v1
GCST90202556	GCST90202556	passed	""	source	""	0.977197900925647	estimated_from_source_maf	5700	5700	0	0	0	0	5700	0.01	0.5	0.977197900925647	0.0561237757204668	median implied SD=0.977, dispersion=0.056, n=5700	effect_scale_validation.R:v1
GCST90202557	GCST90202557	passed	""	source	""	0.969779669368958	estimated_from_source_maf	5665	5665	0	0	0	0	5665	0.01	0.5	0.969779669368958	0.0605110533998021	median implied SD=0.970, dispersion=0.061, n=5665	effect_scale_validation.R:v1
GCST90202558	GCST90202558	passed	""	source	""	0.963638444457875	estimated_from_source_maf	5632	5632	0	0	0	0	5632	0.01	0.5	0.963638444457875	0.0548209790595196	median implied SD=0.964, dispersion=0.055, n=5632	effect_scale_validation.R:v1
GCST90202559	GCST90202559	passed	""	source	""	0.989258125860372	estimated_from_source_maf	5641	5641	0	0	0	0	5641	0.01	0.5	0.989258125860372	0.0556941611779562	median implied SD=0.989, dispersion=0.056, n=5641	effect_scale_validation.R:v1
GCST90202560	GCST90202560	passed	""	source	""	0.9791411972295	estimated_from_source_maf	5650	5650	0	0	0	0	5650	0.01	0.5	0.9791411972295	0.0583024835026456	median implied SD=0.979, dispersion=0.058, n=5650	effect_scale_validation.R:v1
GCST90202561	GCST90202561	passed	""	source	""	0.966319701992994	estimated_from_source_maf	5716	5716	0	0	0	0	5716	0.01	0.5	0.966319701992994	0.053528707939038	median implied SD=0.966, dispersion=0.054, n=5716	effect_scale_validation.R:v1
GCST90202562	GCST90202562	passed	""	source	""	0.951278159498263	estimated_from_source_maf	8496	8496	0	0	0	0	8496	0.01	0.5	0.951278159498263	0.054840854164521	median implied SD=0.951, dispersion=0.055, n=8496	effect_scale_validation.R:v1
GCST90202563	GCST90202563	passed	""	source	""	0.98632640049978	estimated_from_source_maf	5722	5722	0	0	0	0	5722	0.01	0.5	0.98632640049978	0.0533735675744547	median implied SD=0.986, dispersion=0.053, n=5722	effect_scale_validation.R:v1
GCST90202564	GCST90202564	passed	""	source	""	0.784017447373436	estimated_from_source_maf	5718	5718	0	0	0	0	5718	0.01	0.5	0.784017447373436	0.0536139905282651	median implied SD=0.784, dispersion=0.054, n=5718	effect_scale_validation.R:v1
GCST90202565	GCST90202565	passed	""	source	""	0.853011026774373	estimated_from_source_maf	5718	5718	0	0	0	0	5718	0.01	0.5	0.853011026774373	0.0537583765046773	median implied SD=0.853, dispersion=0.054, n=5718	effect_scale_validation.R:v1
GCST90202566	GCST90202566	passed	""	source	""	0.957015217341532	estimated_from_source_maf	5734	5734	0	0	0	0	5734	0.01	0.5	0.957015217341532	0.0531804607507869	median implied SD=0.957, dispersion=0.053, n=5734	effect_scale_validation.R:v1
GCST90202567	GCST90202567	passed	""	source	""	0.883422397806886	estimated_from_source_maf	5777	5777	0	0	0	0	5777	0.01	0.5	0.883422397806886	0.0542154180020632	median implied SD=0.883, dispersion=0.054, n=5777	effect_scale_validation.R:v1
GCST90202568	GCST90202568	passed	""	source	""	0.930468409951781	estimated_from_source_maf	8697	8697	0	0	0	0	8697	0.01	0.5	0.930468409951781	0.0501287707298313	median implied SD=0.930, dispersion=0.050, n=8697	effect_scale_validation.R:v1
GCST90202569	GCST90202569	passed	""	source	""	0.937257041333142	estimated_from_source_maf	5707	5707	0	0	0	0	5707	0.01	0.5	0.937257041333142	0.0529398278313769	median implied SD=0.937, dispersion=0.053, n=5707	effect_scale_validation.R:v1
GCST90202570	GCST90202570	passed	""	source	""	0.923969633063896	estimated_from_source_maf	5708	5708	0	0	0	0	5708	0.01	0.5	0.923969633063896	0.0538671153097922	median implied SD=0.924, dispersion=0.054, n=5708	effect_scale_validation.R:v1
GCST90202571	GCST90202571	passed	""	source	""	0.885972708124557	estimated_from_source_maf	13045	13045	0	0	0	0	13045	0.01	0.5	0.885972708124557	0.0523543492584937	median implied SD=0.886, dispersion=0.052, n=13045	effect_scale_validation.R:v1
GCST90202572	GCST90202572	passed	""	source	""	0.992355423152767	estimated_from_source_maf	9587	9587	0	0	0	0	9587	0.01	0.5	0.992355423152767	0.0532210042075997	median implied SD=0.992, dispersion=0.053, n=9587	effect_scale_validation.R:v1
GCST90202573	GCST90202573	passed	""	source	""	0.910433775389968	estimated_from_source_maf	5711	5711	0	0	0	0	5711	0.01	0.5	0.910433775389968	0.0535947869001841	median implied SD=0.910, dispersion=0.054, n=5711	effect_scale_validation.R:v1
GCST90202574	GCST90202574	passed	""	source	""	0.938338890870604	estimated_from_source_maf	5636	5636	0	0	0	0	5636	0.01	0.5	0.938338890870604	0.0577801692350941	median implied SD=0.938, dispersion=0.058, n=5636	effect_scale_validation.R:v1
GCST90202575	GCST90202575	passed	""	source	""	0.97349719693815	estimated_from_source_maf	5579	5579	0	0	0	0	5579	0.01	0.5	0.97349719693815	0.0545566411272948	median implied SD=0.973, dispersion=0.055, n=5579	effect_scale_validation.R:v1
GCST90202576	GCST90202576	passed	""	source	""	0.954308172577909	estimated_from_source_maf	5713	5713	0	0	0	0	5713	0.01	0.5	0.954308172577909	0.053115815140899	median implied SD=0.954, dispersion=0.053, n=5713	effect_scale_validation.R:v1
GCST90202577	GCST90202577	passed	""	source	""	0.807102992100694	estimated_from_source_maf	5709	5709	0	0	0	0	5709	0.01	0.5	0.807102992100694	0.0539464502260093	median implied SD=0.807, dispersion=0.054, n=5709	effect_scale_validation.R:v1
GCST90202578	GCST90202578	passed	""	source	""	0.982805147805825	estimated_from_source_maf	5744	5744	0	0	0	0	5744	0.01	0.5	0.982805147805825	0.0531662049934928	median implied SD=0.983, dispersion=0.053, n=5744	effect_scale_validation.R:v1
GCST90202579	GCST90202579	passed	""	source	""	0.924062122973726	estimated_from_source_maf	5734	5734	0	0	0	0	5734	0.01	0.5	0.924062122973726	0.0539965363061869	median implied SD=0.924, dispersion=0.054, n=5734	effect_scale_validation.R:v1
GCST90202580	GCST90202580	passed	""	source	""	0.93872758252695	estimated_from_source_maf	9746	9746	0	0	0	0	9746	0.01	0.5	0.93872758252695	0.050967058421112	median implied SD=0.939, dispersion=0.051, n=9746	effect_scale_validation.R:v1
GCST90202581	GCST90202581	passed	""	source	""	0.88029958461437	estimated_from_source_maf	5766	5766	0	0	0	0	5766	0.01	0.5	0.88029958461437	0.0543199173191637	median implied SD=0.880, dispersion=0.054, n=5766	effect_scale_validation.R:v1
GCST90202582	GCST90202582	passed	""	source	""	0.961490460007533	estimated_from_source_maf	5789	5789	0	0	0	0	5789	0.01	0.5	0.961490460007533	0.0544771976756568	median implied SD=0.961, dispersion=0.054, n=5789	effect_scale_validation.R:v1
GCST90202583	GCST90202583	passed	""	source	""	0.995376629320652	estimated_from_source_maf	5706	5706	0	0	0	0	5706	0.01	0.5	0.995376629320652	0.0536627021242413	median implied SD=0.995, dispersion=0.054, n=5706	effect_scale_validation.R:v1
GCST90202584	GCST90202584	passed	""	source	""	0.938643964146461	estimated_from_source_maf	5714	5714	0	0	0	0	5714	0.01	0.5	0.938643964146461	0.0530983455174423	median implied SD=0.939, dispersion=0.053, n=5714	effect_scale_validation.R:v1
GCST90202585	GCST90202585	passed	""	source	""	0.943879433532585	estimated_from_source_maf	10559	10559	0	0	0	0	10559	0.01	0.5	0.943879433532585	0.0621904875205986	median implied SD=0.944, dispersion=0.062, n=10559	effect_scale_validation.R:v1
GCST90202586	GCST90202586	passed	""	source	""	0.942759130599816	estimated_from_source_maf	9165	9165	0	0	0	0	9165	0.01	0.5	0.942759130599816	0.0509018234731409	median implied SD=0.943, dispersion=0.051, n=9165	effect_scale_validation.R:v1
GCST90202587	GCST90202587	passed	""	source	""	0.944321519196107	estimated_from_source_maf	5709	5709	0	0	0	0	5709	0.01	0.5	0.944321519196107	0.053457499215388	median implied SD=0.944, dispersion=0.053, n=5709	effect_scale_validation.R:v1
GCST90202588	GCST90202588	passed	""	source	""	0.915473015011597	estimated_from_source_maf	5791	5791	0	0	0	0	5791	0.01	0.5	0.915473015011597	0.0560558272774607	median implied SD=0.915, dispersion=0.056, n=5791	effect_scale_validation.R:v1
GCST90202589	GCST90202589	passed	""	source	""	0.923474770580605	estimated_from_source_maf	5628	5628	0	0	0	0	5628	0.01	0.5	0.923474770580605	0.0634569690033279	median implied SD=0.923, dispersion=0.063, n=5628	effect_scale_validation.R:v1
GCST90202590	GCST90202590	passed	""	source	""	0.949929286988669	estimated_from_source_maf	9064	9064	0	0	0	2	9062	0.01	0.5	0.949929286988669	0.065885546991544	median implied SD=0.950, dispersion=0.066, n=9062	effect_scale_validation.R:v1
GCST90202591	GCST90202591	passed	""	source	""	1.00696221859471	estimated_from_source_maf	5852	5852	0	0	0	0	5852	0.01	0.5	1.00696221859471	0.0634862593331638	median implied SD=1.007, dispersion=0.063, n=5852	effect_scale_validation.R:v1
GCST90202592	GCST90202592	passed	""	source	""	0.962163691933934	estimated_from_source_maf	5742	5742	0	0	0	0	5742	0.01	0.5	0.962163691933934	0.0540488002840283	median implied SD=0.962, dispersion=0.054, n=5742	effect_scale_validation.R:v1
GCST90202593	GCST90202593	passed	""	source	""	0.942725978482163	estimated_from_source_maf	9408	9408	0	0	0	0	9408	0.01	0.5	0.942725978482163	0.0593918938611964	median implied SD=0.943, dispersion=0.059, n=9408	effect_scale_validation.R:v1
GCST90202594	GCST90202594	passed	""	source	""	0.900581820361255	estimated_from_source_maf	8281	8281	0	0	0	3	8278	0.01	0.5	0.900581820361255	0.0726375704720274	median implied SD=0.901, dispersion=0.073, n=8278	effect_scale_validation.R:v1
GCST90202595	GCST90202595	passed	""	source	""	0.919745087864238	estimated_from_source_maf	10454	10454	0	0	0	0	10454	0.01	0.5	0.919745087864238	0.060592207337587	median implied SD=0.920, dispersion=0.061, n=10454	effect_scale_validation.R:v1
GCST90202596	GCST90202596	passed	""	source	""	0.958638420156215	estimated_from_source_maf	5728	5728	0	0	0	0	5728	0.01	0.5	0.958638420156215	0.0538761988807221	median implied SD=0.959, dispersion=0.054, n=5728	effect_scale_validation.R:v1
GCST90202597	GCST90202597	passed	""	source	""	0.954614312693167	estimated_from_source_maf	11267	11267	0	0	0	0	11267	0.01	0.5	0.954614312693167	0.0570781485461709	median implied SD=0.955, dispersion=0.057, n=11267	effect_scale_validation.R:v1
GCST90202598	GCST90202598	passed	""	source	""	0.971105180733274	estimated_from_source_maf	5711	5711	0	0	0	0	5711	0.01	0.5	0.971105180733274	0.0536209746132283	median implied SD=0.971, dispersion=0.054, n=5711	effect_scale_validation.R:v1
GCST90202599	GCST90202599	passed	""	source	""	0.831047440687973	estimated_from_source_maf	11000	11000	0	0	0	0	11000	0.01	0.5	0.831047440687973	0.060811891050181	median implied SD=0.831, dispersion=0.061, n=11000	effect_scale_validation.R:v1
GCST90202600	GCST90202600	passed	""	source	""	0.872482315945336	estimated_from_source_maf	8918	8918	0	0	0	0	8918	0.01	0.5	0.872482315945336	0.0621899613624068	median implied SD=0.872, dispersion=0.062, n=8918	effect_scale_validation.R:v1
GCST90202601	GCST90202601	passed	""	source	""	0.926207699001038	estimated_from_source_maf	9142	9142	0	0	0	0	9142	0.01	0.5	0.926207699001038	0.0600498897402833	median implied SD=0.926, dispersion=0.060, n=9142	effect_scale_validation.R:v1
GCST90202602	GCST90202602	passed	""	source	""	0.939379227082481	estimated_from_source_maf	5719	5719	0	0	0	0	5719	0.01	0.5	0.939379227082481	0.0557171974648633	median implied SD=0.939, dispersion=0.056, n=5719	effect_scale_validation.R:v1
GCST90202603	GCST90202603	passed	""	source	""	0.924779670722719	estimated_from_source_maf	5715	5715	0	0	0	0	5715	0.01	0.5	0.924779670722719	0.0538633362067977	median implied SD=0.925, dispersion=0.054, n=5715	effect_scale_validation.R:v1
GCST90202604	GCST90202604	passed	""	source	""	0.977495569012502	estimated_from_source_maf	8397	8397	0	0	0	0	8397	0.01	0.5	0.977495569012502	0.05144644411461	median implied SD=0.977, dispersion=0.051, n=8397	effect_scale_validation.R:v1
GCST90202605	GCST90202605	passed	""	source	""	0.99331270821528	estimated_from_source_maf	5673	5673	0	0	0	0	5673	0.01	0.5	0.99331270821528	0.0553045678419204	median implied SD=0.993, dispersion=0.055, n=5673	effect_scale_validation.R:v1
GCST90202606	GCST90202606	passed	""	source	""	0.944115697556433	estimated_from_source_maf	5787	5787	0	0	0	0	5787	0.01	0.5	0.944115697556433	0.0545123259989815	median implied SD=0.944, dispersion=0.055, n=5787	effect_scale_validation.R:v1
GCST90202607	GCST90202607	passed	""	source	""	0.958745671634682	estimated_from_source_maf	9112	9112	0	0	0	0	9112	0.01	0.5	0.958745671634682	0.0548187167010127	median implied SD=0.959, dispersion=0.055, n=9112	effect_scale_validation.R:v1
GCST90202608	GCST90202608	passed	""	source	""	1.0059197391588	estimated_from_source_maf	8278	8278	0	0	0	0	8278	0.01	0.5	1.0059197391588	0.0540510476261418	median implied SD=1.006, dispersion=0.054, n=8278	effect_scale_validation.R:v1
GCST90202609	GCST90202609	passed	""	source	""	0.981958994569042	estimated_from_source_maf	5576	5576	0	0	0	0	5576	0.01	0.5	0.981958994569042	0.0645874680658243	median implied SD=0.982, dispersion=0.065, n=5576	effect_scale_validation.R:v1
GCST90202610	GCST90202610	passed	""	source	""	0.876455172709433	estimated_from_source_maf	12374	12374	0	0	0	0	12374	0.01	0.5	0.876455172709433	0.0514340955865279	median implied SD=0.876, dispersion=0.051, n=12374	effect_scale_validation.R:v1
GCST90202611	GCST90202611	passed	""	source	""	0.9754568218436	estimated_from_source_maf	13837	13837	0	0	0	0	13837	0.01	0.5	0.9754568218436	0.0566731823607197	median implied SD=0.975, dispersion=0.057, n=13837	effect_scale_validation.R:v1
GCST90202612	GCST90202612	passed	""	source	""	0.974596297900346	estimated_from_source_maf	5627	5627	0	0	0	0	5627	0.01	0.5	0.974596297900346	0.0576240221024091	median implied SD=0.975, dispersion=0.058, n=5627	effect_scale_validation.R:v1
GCST90202613	GCST90202613	passed	""	source	""	0.81875639130772	estimated_from_source_maf	5742	5742	0	0	0	0	5742	0.01	0.5	0.81875639130772	0.0540239999013941	median implied SD=0.819, dispersion=0.054, n=5742	effect_scale_validation.R:v1
GCST90202614	GCST90202614	passed	""	source	""	0.962151461429289	estimated_from_source_maf	5565	5565	0	0	0	0	5565	0.01	0.5	0.962151461429289	0.0615268487950395	median implied SD=0.962, dispersion=0.062, n=5565	effect_scale_validation.R:v1
GCST90202615	GCST90202615	passed	""	source	""	0.906329917125548	estimated_from_source_maf	5755	5755	0	0	0	0	5755	0.01	0.5	0.906329917125548	0.0543341053352479	median implied SD=0.906, dispersion=0.054, n=5755	effect_scale_validation.R:v1
GCST90202616	GCST90202616	passed	""	source	""	0.83569557948994	estimated_from_source_maf	5704	5704	0	0	0	0	5704	0.01	0.5	0.83569557948994	0.053061364160328	median implied SD=0.836, dispersion=0.053, n=5704	effect_scale_validation.R:v1
GCST90202617	GCST90202617	passed	""	source	""	0.794206083723972	estimated_from_source_maf	5738	5738	0	0	0	0	5738	0.01	0.5	0.794206083723972	0.054163032857935	median implied SD=0.794, dispersion=0.054, n=5738	effect_scale_validation.R:v1
GCST90202618	GCST90202618	passed	""	source	""	0.980400098396425	estimated_from_source_maf	5757	5757	0	0	0	0	5757	0.01	0.5	0.980400098396425	0.0538089212983202	median implied SD=0.980, dispersion=0.054, n=5757	effect_scale_validation.R:v1
GCST90202619	GCST90202619	passed	""	source	""	0.98046412012722	estimated_from_source_maf	9814	9814	0	0	0	0	9814	0.01	0.5	0.98046412012722	0.0555996145217065	median implied SD=0.980, dispersion=0.056, n=9814	effect_scale_validation.R:v1
GCST90202620	GCST90202620	passed	""	source	""	0.962256255356446	estimated_from_source_maf	5783	5783	0	0	0	0	5783	0.01	0.5	0.962256255356446	0.0564103044124891	median implied SD=0.962, dispersion=0.056, n=5783	effect_scale_validation.R:v1
GCST90202621	GCST90202621	passed	""	source	""	0.979048966147813	estimated_from_source_maf	5566	5566	0	0	0	0	5566	0.01	0.5	0.979048966147813	0.0540851554743409	median implied SD=0.979, dispersion=0.054, n=5566	effect_scale_validation.R:v1
GCST90202622	GCST90202622	passed	""	source	""	0.988960034545012	estimated_from_source_maf	5708	5708	0	0	0	0	5708	0.01	0.5	0.988960034545012	0.0538301716110767	median implied SD=0.989, dispersion=0.054, n=5708	effect_scale_validation.R:v1
GCST90202623	GCST90202623	passed	""	source	""	0.962009078797339	estimated_from_source_maf	5744	5744	0	0	0	0	5744	0.01	0.5	0.962009078797339	0.0535871413456744	median implied SD=0.962, dispersion=0.054, n=5744	effect_scale_validation.R:v1
GCST90202624	GCST90202624	passed	""	source	""	0.972636845495994	estimated_from_source_maf	5734	5734	0	0	0	0	5734	0.01	0.5	0.972636845495994	0.0532736100201005	median implied SD=0.973, dispersion=0.053, n=5734	effect_scale_validation.R:v1
GCST90202625	GCST90202625	passed	""	source	""	0.965396471175886	estimated_from_source_maf	5794	5794	0	0	0	0	5794	0.01	0.5	0.965396471175886	0.0551216725070291	median implied SD=0.965, dispersion=0.055, n=5794	effect_scale_validation.R:v1
GCST90202626	GCST90202626	passed	""	source	""	0.985035433554854	estimated_from_source_maf	5782	5782	0	0	0	0	5782	0.01	0.5	0.985035433554854	0.0575437866288831	median implied SD=0.985, dispersion=0.058, n=5782	effect_scale_validation.R:v1
GCST90202627	GCST90202627	passed	""	source	""	0.897234322678189	estimated_from_source_maf	5727	5727	0	0	0	0	5727	0.01	0.5	0.897234322678189	0.0533167051383171	median implied SD=0.897, dispersion=0.053, n=5727	effect_scale_validation.R:v1
GCST90202628	GCST90202628	passed	""	source	""	0.979247288833935	estimated_from_source_maf	5757	5757	0	0	0	0	5757	0.01	0.5	0.979247288833935	0.0539145951403439	median implied SD=0.979, dispersion=0.054, n=5757	effect_scale_validation.R:v1
GCST90202629	GCST90202629	passed	""	source	""	0.906529644837375	estimated_from_source_maf	5636	5636	0	0	0	0	5636	0.01	0.5	0.906529644837375	0.0575329232149351	median implied SD=0.907, dispersion=0.058, n=5636	effect_scale_validation.R:v1
GCST90202630	GCST90202630	passed	""	source	""	0.986359417628333	estimated_from_source_maf	5678	5678	0	0	0	0	5678	0.01	0.5	0.986359417628333	0.0560939606241593	median implied SD=0.986, dispersion=0.056, n=5678	effect_scale_validation.R:v1
GCST90202631	GCST90202631	passed	""	source	""	0.962585408441762	estimated_from_source_maf	9147	9147	0	0	0	0	9147	0.01	0.5	0.962585408441762	0.0539041085162085	median implied SD=0.963, dispersion=0.054, n=9147	effect_scale_validation.R:v1
GCST90202632	GCST90202632	passed	""	source	""	0.892204529013582	estimated_from_source_maf	8926	8926	0	0	0	0	8926	0.01	0.5	0.892204529013582	0.0542695945917324	median implied SD=0.892, dispersion=0.054, n=8926	effect_scale_validation.R:v1
GCST90202633	GCST90202633	passed	""	source	""	0.94803938362468	estimated_from_source_maf	8786	8786	0	0	0	0	8786	0.01	0.5	0.94803938362468	0.0553053665321299	median implied SD=0.948, dispersion=0.055, n=8786	effect_scale_validation.R:v1
GCST90202634	GCST90202634	passed	""	source	""	0.993552559084853	estimated_from_source_maf	5674	5674	0	0	0	0	5674	0.01	0.5	0.993552559084853	0.0621246158782698	median implied SD=0.994, dispersion=0.062, n=5674	effect_scale_validation.R:v1
GCST90202635	GCST90202635	passed	""	source	""	0.970172617810386	estimated_from_source_maf	5671	5671	0	0	0	0	5671	0.01	0.5	0.970172617810386	0.0555317460807408	median implied SD=0.970, dispersion=0.056, n=5671	effect_scale_validation.R:v1
GCST90202636	GCST90202636	passed	""	source	""	0.88821083278856	estimated_from_source_maf	5834	5834	0	0	0	0	5834	0.01	0.5	0.88821083278856	0.0540578789438044	median implied SD=0.888, dispersion=0.054, n=5834	effect_scale_validation.R:v1
GCST90202637	GCST90202637	passed	""	source	""	0.8550864	estimated_from_source_maf	5771	5771	0	0	0	0	5771	0.01	0.5	0.8550864	0.05349730772853	median implied SD=0.855, dispersion=0.053, n=5771	effect_scale_validation.R:v1
GCST90202638	GCST90202638	passed	""	source	""	0.965708069997304	estimated_from_source_maf	5665	5665	0	0	0	0	5665	0.01	0.5	0.965708069997304	0.0556900580001637	median implied SD=0.966, dispersion=0.056, n=5665	effect_scale_validation.R:v1
GCST90202639	GCST90202639	passed	""	source	""	0.971343293579256	estimated_from_source_maf	10654	10654	0	0	0	0	10654	0.01	0.5	0.971343293579256	0.0568953821200773	median implied SD=0.971, dispersion=0.057, n=10654	effect_scale_validation.R:v1
GCST90202640	GCST90202640	passed	""	source	""	0.965743347131662	estimated_from_source_maf	9688	9688	0	0	0	0	9688	0.01	0.5	0.965743347131662	0.0608464758855142	median implied SD=0.966, dispersion=0.061, n=9688	effect_scale_validation.R:v1
GCST90202641	GCST90202641	passed	""	source	""	0.972549314577731	estimated_from_source_maf	5764	5764	0	0	0	0	5764	0.01	0.5	0.972549314577731	0.0564833387751914	median implied SD=0.973, dispersion=0.056, n=5764	effect_scale_validation.R:v1
GCST90202642	GCST90202642	passed	""	source	""	0.979772575397016	estimated_from_source_maf	5683	5683	0	0	0	0	5683	0.01	0.5	0.979772575397016	0.0551282256408287	median implied SD=0.980, dispersion=0.055, n=5683	effect_scale_validation.R:v1
GCST90202643	GCST90202643	passed	""	source	""	0.88163583363225	estimated_from_source_maf	9092	9092	0	0	0	0	9092	0.01	0.5	0.88163583363225	0.0537215535404867	median implied SD=0.882, dispersion=0.054, n=9092	effect_scale_validation.R:v1
GCST90202644	GCST90202644	passed	""	source	""	0.974776902632374	estimated_from_source_maf	5751	5751	0	0	0	0	5751	0.01	0.5	0.974776902632374	0.0538740112822211	median implied SD=0.975, dispersion=0.054, n=5751	effect_scale_validation.R:v1
GCST90202645	GCST90202645	passed	""	source	""	0.941680332106626	estimated_from_source_maf	5717	5717	0	0	0	0	5717	0.01	0.5	0.941680332106626	0.0535484128665609	median implied SD=0.942, dispersion=0.054, n=5717	effect_scale_validation.R:v1
GCST90202646	GCST90202646	passed	""	source	""	0.980073255895567	estimated_from_source_maf	8313	8313	0	0	0	0	8313	0.01	0.5	0.980073255895567	0.0523629943083469	median implied SD=0.980, dispersion=0.052, n=8313	effect_scale_validation.R:v1
GCST90202647	GCST90202647	passed	""	source	""	0.880878858718577	estimated_from_source_maf	5580	5580	0	0	0	0	5580	0.01	0.5	0.880878858718577	0.0557121575676988	median implied SD=0.881, dispersion=0.056, n=5580	effect_scale_validation.R:v1
GCST90202648	GCST90202648	passed	""	source	""	0.879156576236825	estimated_from_source_maf	5756	5756	0	0	0	0	5756	0.01	0.5	0.879156576236825	0.0543587483194486	median implied SD=0.879, dispersion=0.054, n=5756	effect_scale_validation.R:v1
GCST90202649	GCST90202649	passed	""	source	""	0.989014684439153	estimated_from_source_maf	5528	5528	0	0	0	0	5528	0.01	0.5	0.989014684439153	0.063126117841047	median implied SD=0.989, dispersion=0.063, n=5528	effect_scale_validation.R:v1
GCST90202650	GCST90202650	passed	""	source	""	0.978464928708098	estimated_from_source_maf	7932	7932	0	0	0	0	7932	0.01	0.5	0.978464928708098	0.0648362406465151	median implied SD=0.978, dispersion=0.065, n=7932	effect_scale_validation.R:v1
GCST90202651	GCST90202651	passed	""	source	""	0.98595805564072	estimated_from_source_maf	9047	9047	0	0	0	0	9047	0.01	0.5	0.98595805564072	0.0559641818697094	median implied SD=0.986, dispersion=0.056, n=9047	effect_scale_validation.R:v1
GCST90202652	GCST90202652	passed	""	source	""	0.977316630671828	estimated_from_source_maf	11596	11596	0	0	0	0	11596	0.01	0.5	0.977316630671828	0.0560208374133565	median implied SD=0.977, dispersion=0.056, n=11596	effect_scale_validation.R:v1
GCST90202653	GCST90202653	passed	""	source	""	0.954130255723566	estimated_from_source_maf	5626	5626	0	0	0	0	5626	0.01	0.5	0.954130255723566	0.0578144785570124	median implied SD=0.954, dispersion=0.058, n=5626	effect_scale_validation.R:v1
GCST90202654	GCST90202654	passed	""	source	""	0.993254248260136	estimated_from_source_maf	5603	5603	0	0	0	0	5603	0.01	0.5	0.993254248260136	0.0544257014568491	median implied SD=0.993, dispersion=0.054, n=5603	effect_scale_validation.R:v1
GCST90202655	GCST90202655	passed	""	source	""	0.94583785623388	estimated_from_source_maf	8246	8246	0	0	0	0	8246	0.01	0.5	0.94583785623388	0.0590182224652731	median implied SD=0.946, dispersion=0.059, n=8246	effect_scale_validation.R:v1
GCST90202656	GCST90202656	passed	""	source	""	0.942038787070129	estimated_from_source_maf	9759	9759	0	0	0	0	9759	0.01	0.5	0.942038787070129	0.0568652747300041	median implied SD=0.942, dispersion=0.057, n=9759	effect_scale_validation.R:v1
GCST90202657	GCST90202657	passed	""	source	""	0.837190154402775	estimated_from_source_maf	5729	5729	0	0	0	0	5729	0.01	0.5	0.837190154402775	0.0538059216975217	median implied SD=0.837, dispersion=0.054, n=5729	effect_scale_validation.R:v1
GCST90202658	GCST90202658	passed	""	source	""	0.870539610453711	estimated_from_source_maf	5517	5517	0	0	0	0	5517	0.01	0.5	0.870539610453711	0.0685732337195778	median implied SD=0.871, dispersion=0.069, n=5517	effect_scale_validation.R:v1
GCST90202659	GCST90202659	passed	""	source	""	0.945861326225541	estimated_from_source_maf	5560	5560	0	0	0	0	5560	0.01	0.5	0.945861326225541	0.0585645141687093	median implied SD=0.946, dispersion=0.059, n=5560	effect_scale_validation.R:v1
GCST90202660	GCST90202660	passed	""	source	""	0.982319723914454	estimated_from_source_maf	5743	5743	0	0	0	0	5743	0.01	0.5	0.982319723914454	0.0540834056681026	median implied SD=0.982, dispersion=0.054, n=5743	effect_scale_validation.R:v1
GCST90202661	GCST90202661	passed	""	source	""	0.976772622857459	estimated_from_source_maf	5708	5708	0	0	0	0	5708	0.01	0.5	0.976772622857459	0.0537034967295877	median implied SD=0.977, dispersion=0.054, n=5708	effect_scale_validation.R:v1
GCST90202662	GCST90202662	passed	""	source	""	0.987661378438731	estimated_from_source_maf	5753	5753	0	0	0	0	5753	0.01	0.5	0.987661378438731	0.0547624719661419	median implied SD=0.988, dispersion=0.055, n=5753	effect_scale_validation.R:v1
GCST90202663	GCST90202663	passed	""	source	""	0.985988153569046	estimated_from_source_maf	5739	5739	0	0	0	0	5739	0.01	0.5	0.985988153569046	0.0535067531513278	median implied SD=0.986, dispersion=0.054, n=5739	effect_scale_validation.R:v1
GCST90202664	GCST90202664	passed	""	source	""	0.986205078360699	estimated_from_source_maf	5683	5683	0	0	0	0	5683	0.01	0.5	0.986205078360699	0.0588831018459144	median implied SD=0.986, dispersion=0.059, n=5683	effect_scale_validation.R:v1
GCST90202665	GCST90202665	passed	""	source	""	0.977524921541471	estimated_from_source_maf	7978	7978	0	0	0	0	7978	0.01	0.5	0.977524921541471	0.0591596449270162	median implied SD=0.978, dispersion=0.059, n=7978	effect_scale_validation.R:v1
GCST90202666	GCST90202666	passed	""	source	""	0.828780853282564	estimated_from_source_maf	9759	9759	0	0	0	4	9755	0.01	0.5	0.828780853282564	0.0624270610974379	median implied SD=0.829, dispersion=0.062, n=9755	effect_scale_validation.R:v1
GCST90202667	GCST90202667	passed	""	source	""	0.952040712688521	estimated_from_source_maf	5833	5833	0	0	0	0	5833	0.01	0.5	0.952040712688521	0.0542003588437487	median implied SD=0.952, dispersion=0.054, n=5833	effect_scale_validation.R:v1
GCST90202668	GCST90202668	passed	""	source	""	0.837056869191559	estimated_from_source_maf	5764	5764	0	0	0	0	5764	0.01	0.5	0.837056869191559	0.0539344065059554	median implied SD=0.837, dispersion=0.054, n=5764	effect_scale_validation.R:v1
GCST90202669	GCST90202669	passed	""	source	""	0.876180905307348	estimated_from_source_maf	5732	5732	0	0	0	0	5732	0.01	0.5	0.876180905307348	0.0537481896902662	median implied SD=0.876, dispersion=0.054, n=5732	effect_scale_validation.R:v1
GCST90202670	GCST90202670	passed	""	source	""	0.843479368264866	estimated_from_source_maf	7882	7882	0	0	0	0	7882	0.01	0.5	0.843479368264866	0.0549061721069947	median implied SD=0.843, dispersion=0.055, n=7882	effect_scale_validation.R:v1
GCST90202671	GCST90202671	passed	""	source	""	0.914246007877985	estimated_from_source_maf	5714	5714	0	0	0	0	5714	0.01	0.5	0.914246007877985	0.0535524776208647	median implied SD=0.914, dispersion=0.054, n=5714	effect_scale_validation.R:v1
GCST90202672	GCST90202672	passed	""	source	""	0.942729450524777	estimated_from_source_maf	8830	8830	0	0	0	0	8830	0.01	0.5	0.942729450524777	0.0617009159603274	median implied SD=0.943, dispersion=0.062, n=8830	effect_scale_validation.R:v1
GCST90202673	GCST90202673	passed	""	source	""	0.955891885679831	estimated_from_source_maf	5608	5608	0	0	0	0	5608	0.01	0.5	0.955891885679831	0.056402627848765	median implied SD=0.956, dispersion=0.056, n=5608	effect_scale_validation.R:v1
GCST90202674	GCST90202674	passed	""	source	""	0.922700239436001	estimated_from_source_maf	5708	5708	0	0	0	0	5708	0.01	0.5	0.922700239436001	0.0553782571335775	median implied SD=0.923, dispersion=0.055, n=5708	effect_scale_validation.R:v1
GCST90202675	GCST90202675	passed	""	source	""	0.955782830134603	estimated_from_source_maf	5724	5724	0	0	0	0	5724	0.01	0.5	0.955782830134603	0.052914557330862	median implied SD=0.956, dispersion=0.053, n=5724	effect_scale_validation.R:v1
GCST90202676	GCST90202676	passed	""	source	""	0.967178356705454	estimated_from_source_maf	5633	5633	0	0	0	0	5633	0.01	0.5	0.967178356705454	0.0576980663174158	median implied SD=0.967, dispersion=0.058, n=5633	effect_scale_validation.R:v1
GCST90202677	GCST90202677	passed	""	source	""	0.946438152853788	estimated_from_source_maf	5765	5765	0	0	0	0	5765	0.01	0.5	0.946438152853788	0.0542647543254573	median implied SD=0.946, dispersion=0.054, n=5765	effect_scale_validation.R:v1
GCST90202678	GCST90202678	passed	""	source	""	0.869758062176062	estimated_from_source_maf	5648	5648	0	0	0	0	5648	0.01	0.5	0.869758062176062	0.0552683288193254	median implied SD=0.870, dispersion=0.055, n=5648	effect_scale_validation.R:v1
GCST90202679	GCST90202679	passed	""	source	""	0.954008859983687	estimated_from_source_maf	5712	5712	0	0	0	0	5712	0.01	0.5	0.954008859983687	0.053443371057514	median implied SD=0.954, dispersion=0.053, n=5712	effect_scale_validation.R:v1
GCST90202680	GCST90202680	passed	""	source	""	0.960440425261108	estimated_from_source_maf	5751	5751	0	0	0	0	5751	0.01	0.5	0.960440425261108	0.0536491028514508	median implied SD=0.960, dispersion=0.054, n=5751	effect_scale_validation.R:v1
GCST90202681	GCST90202681	passed	""	source	""	0.967359099655157	estimated_from_source_maf	5711	5711	0	0	0	0	5711	0.01	0.5	0.967359099655157	0.055843561265367	median implied SD=0.967, dispersion=0.056, n=5711	effect_scale_validation.R:v1
GCST90202682	GCST90202682	passed	""	source	""	0.90304471851378	estimated_from_source_maf	5721	5721	0	0	0	0	5721	0.01	0.5	0.90304471851378	0.0537225591769329	median implied SD=0.903, dispersion=0.054, n=5721	effect_scale_validation.R:v1
GCST90202683	GCST90202683	passed	""	source	""	0.989539775114745	estimated_from_source_maf	8181	8181	0	0	0	0	8181	0.01	0.5	0.989539775114745	0.0490003090144772	median implied SD=0.990, dispersion=0.049, n=8181	effect_scale_validation.R:v1
GCST90202684	GCST90202684	passed	""	source	""	0.962658779806626	estimated_from_source_maf	5786	5786	0	0	0	0	5786	0.01	0.5	0.962658779806626	0.0559069266518943	median implied SD=0.963, dispersion=0.056, n=5786	effect_scale_validation.R:v1
GCST90202685	GCST90202685	passed	""	source	""	0.911035409456529	estimated_from_source_maf	5626	5626	0	0	0	0	5626	0.01	0.5	0.911035409456529	0.0552383528737812	median implied SD=0.911, dispersion=0.055, n=5626	effect_scale_validation.R:v1
GCST90202686	GCST90202686	passed	""	source	""	0.784801518594691	estimated_from_source_maf	9982	9982	0	0	0	0	9982	0.01	0.5	0.784801518594691	0.0527233306422856	median implied SD=0.785, dispersion=0.053, n=9982	effect_scale_validation.R:v1
GCST90202687	GCST90202687	passed	""	source	""	0.974682202526335	estimated_from_source_maf	7934	7934	0	0	0	0	7934	0.01	0.5	0.974682202526335	0.0564276112165914	median implied SD=0.975, dispersion=0.056, n=7934	effect_scale_validation.R:v1
GCST90202688	GCST90202688	passed	""	source	""	0.960542280246139	estimated_from_source_maf	5789	5789	0	0	0	0	5789	0.01	0.5	0.960542280246139	0.055946194303921	median implied SD=0.961, dispersion=0.056, n=5789	effect_scale_validation.R:v1
GCST90202689	GCST90202689	passed	""	source	""	0.957160301806374	estimated_from_source_maf	5710	5710	0	0	0	0	5710	0.01	0.5	0.957160301806374	0.0533063198036549	median implied SD=0.957, dispersion=0.053, n=5710	effect_scale_validation.R:v1
GCST90202690	GCST90202690	passed	""	source	""	0.985177247314727	estimated_from_source_maf	8737	8737	0	0	0	0	8737	0.01	0.5	0.985177247314727	0.0511236213430375	median implied SD=0.985, dispersion=0.051, n=8737	effect_scale_validation.R:v1
GCST90202691	GCST90202691	passed	""	source	""	0.972970445340872	estimated_from_source_maf	5797	5797	0	0	0	0	5797	0.01	0.5	0.972970445340872	0.0539015138739283	median implied SD=0.973, dispersion=0.054, n=5797	effect_scale_validation.R:v1
GCST90202692	GCST90202692	passed	""	source	""	0.948424631621799	estimated_from_source_maf	8670	8670	0	0	0	0	8670	0.01	0.5	0.948424631621799	0.0507928128772327	median implied SD=0.948, dispersion=0.051, n=8670	effect_scale_validation.R:v1
GCST90202693	GCST90202693	passed	""	source	""	1.00147609078491	estimated_from_source_maf	8018	8018	0	0	0	0	8018	0.01	0.5	1.00147609078491	0.0535141569730707	median implied SD=1.001, dispersion=0.054, n=8018	effect_scale_validation.R:v1
GCST90202694	GCST90202694	passed	""	source	""	0.987071175830155	estimated_from_source_maf	8892	8892	0	0	0	0	8892	0.01	0.5	0.987071175830155	0.0531905724449129	median implied SD=0.987, dispersion=0.053, n=8892	effect_scale_validation.R:v1
GCST90202695	GCST90202695	passed	""	source	""	0.89444551568824	estimated_from_source_maf	11822	11822	0	0	0	2	11820	0.01	0.5	0.89444551568824	0.0735810315040959	median implied SD=0.894, dispersion=0.074, n=11820	effect_scale_validation.R:v1
GCST90202696	GCST90202696	passed	""	source	""	0.92031990349418	estimated_from_source_maf	5812	5812	0	0	0	0	5812	0.01	0.5	0.92031990349418	0.0569289592198609	median implied SD=0.920, dispersion=0.057, n=5812	effect_scale_validation.R:v1
GCST90202697	GCST90202697	passed	""	source	""	0.987092270377715	estimated_from_source_maf	8281	8281	0	0	0	0	8281	0.01	0.5	0.987092270377715	0.0561757652881379	median implied SD=0.987, dispersion=0.056, n=8281	effect_scale_validation.R:v1
GCST90202698	GCST90202698	passed	""	source	""	0.922246455949666	estimated_from_source_maf	8020	8020	0	0	0	0	8020	0.01	0.5	0.922246455949666	0.0595196752498801	median implied SD=0.922, dispersion=0.060, n=8020	effect_scale_validation.R:v1
GCST90202699	GCST90202699	passed	""	source	""	0.947560438952036	estimated_from_source_maf	5702	5702	0	0	0	0	5702	0.01	0.5	0.947560438952036	0.0536618468668052	median implied SD=0.948, dispersion=0.054, n=5702	effect_scale_validation.R:v1
GCST90202700	GCST90202700	passed	""	source	""	0.965449254276625	estimated_from_source_maf	5768	5768	0	0	0	0	5768	0.01	0.5	0.965449254276625	0.0539559171908194	median implied SD=0.965, dispersion=0.054, n=5768	effect_scale_validation.R:v1
GCST90202701	GCST90202701	passed	""	source	""	0.914071250994784	estimated_from_source_maf	5756	5756	0	0	0	0	5756	0.01	0.5	0.914071250994784	0.0539765709738566	median implied SD=0.914, dispersion=0.054, n=5756	effect_scale_validation.R:v1
GCST90202702	GCST90202702	passed	""	source	""	0.959054142714815	estimated_from_source_maf	5826	5826	0	0	0	0	5826	0.01	0.5	0.959054142714815	0.0580360318279453	median implied SD=0.959, dispersion=0.058, n=5826	effect_scale_validation.R:v1
GCST90202703	GCST90202703	passed	""	source	""	0.943094024885924	estimated_from_source_maf	11103	11103	0	0	0	0	11103	0.01	0.5	0.943094024885924	0.0569539440211936	median implied SD=0.943, dispersion=0.057, n=11103	effect_scale_validation.R:v1
GCST90202704	GCST90202704	passed	""	source	""	0.959549731296646	estimated_from_source_maf	5757	5757	0	0	0	0	5757	0.01	0.5	0.959549731296646	0.0549233466238115	median implied SD=0.960, dispersion=0.055, n=5757	effect_scale_validation.R:v1
GCST90202705	GCST90202705	passed	""	source	""	0.925668421133025	estimated_from_source_maf	7756	7756	0	0	0	0	7756	0.01	0.5	0.925668421133025	0.0554422098775352	median implied SD=0.926, dispersion=0.055, n=7756	effect_scale_validation.R:v1
GCST90202706	GCST90202706	passed	""	source	""	0.974512900389262	estimated_from_source_maf	7970	7970	0	0	0	0	7970	0.01	0.5	0.974512900389262	0.0524921434708224	median implied SD=0.975, dispersion=0.052, n=7970	effect_scale_validation.R:v1
GCST90202707	GCST90202707	passed	""	source	""	0.964209592040924	estimated_from_source_maf	5760	5760	0	0	0	0	5760	0.01	0.5	0.964209592040924	0.0543099222549485	median implied SD=0.964, dispersion=0.054, n=5760	effect_scale_validation.R:v1
GCST90202708	GCST90202708	passed	""	source	""	0.913963285350774	estimated_from_source_maf	9371	9371	0	0	0	0	9371	0.01	0.5	0.913963285350774	0.0496805287814746	median implied SD=0.914, dispersion=0.050, n=9371	effect_scale_validation.R:v1
GCST90202709	GCST90202709	passed	""	source	""	0.965284546666476	estimated_from_source_maf	5738	5738	0	0	0	0	5738	0.01	0.5	0.965284546666476	0.053958175839714	median implied SD=0.965, dispersion=0.054, n=5738	effect_scale_validation.R:v1
GCST90202710	GCST90202710	passed	""	source	""	0.959503496886644	estimated_from_source_maf	5766	5766	0	0	0	0	5766	0.01	0.5	0.959503496886644	0.0544875148216506	median implied SD=0.960, dispersion=0.054, n=5766	effect_scale_validation.R:v1
GCST90202711	GCST90202711	passed	""	source	""	0.976429161296175	estimated_from_source_maf	5712	5712	0	0	0	0	5712	0.01	0.5	0.976429161296175	0.0538325187484802	median implied SD=0.976, dispersion=0.054, n=5712	effect_scale_validation.R:v1
GCST90202712	GCST90202712	passed	""	source	""	0.969180284202969	estimated_from_source_maf	5711	5711	0	0	0	0	5711	0.01	0.5	0.969180284202969	0.0537676224267451	median implied SD=0.969, dispersion=0.054, n=5711	effect_scale_validation.R:v1
GCST90202713	GCST90202713	passed	""	source	""	0.96604975004842	estimated_from_source_maf	5711	5711	0	0	0	0	5711	0.01	0.5	0.96604975004842	0.0538553131395521	median implied SD=0.966, dispersion=0.054, n=5711	effect_scale_validation.R:v1
GCST90202714	GCST90202714	passed	""	source	""	0.943639426027219	estimated_from_source_maf	5800	5800	0	0	0	0	5800	0.01	0.5	0.943639426027219	0.0544762493898276	median implied SD=0.944, dispersion=0.054, n=5800	effect_scale_validation.R:v1
GCST90202715	GCST90202715	passed	""	source	""	0.961293356467954	estimated_from_source_maf	5761	5761	0	0	0	0	5761	0.01	0.5	0.961293356467954	0.0534893967045933	median implied SD=0.961, dispersion=0.053, n=5761	effect_scale_validation.R:v1
GCST90202716	GCST90202716	passed	""	source	""	0.984671352249647	estimated_from_source_maf	5676	5676	0	0	0	0	5676	0.01	0.5	0.984671352249647	0.0557124378029005	median implied SD=0.985, dispersion=0.056, n=5676	effect_scale_validation.R:v1
GCST90202717	GCST90202717	passed	""	source	""	0.982399097462335	estimated_from_source_maf	5741	5741	0	0	0	0	5741	0.01	0.5	0.982399097462335	0.0542942972795354	median implied SD=0.982, dispersion=0.054, n=5741	effect_scale_validation.R:v1
GCST90202718	GCST90202718	passed	""	source	""	0.793761503457867	estimated_from_source_maf	5773	5773	0	0	0	0	5773	0.01	0.5	0.793761503457867	0.0538193599682386	median implied SD=0.794, dispersion=0.054, n=5773	effect_scale_validation.R:v1
GCST90202719	GCST90202719	passed	""	source	""	0.929120980261446	estimated_from_source_maf	5752	5752	0	0	0	0	5752	0.01	0.5	0.929120980261446	0.0540289332835265	median implied SD=0.929, dispersion=0.054, n=5752	effect_scale_validation.R:v1
GCST90202720	GCST90202720	passed	""	source	""	0.972753052040214	estimated_from_source_maf	8559	8559	0	0	0	0	8559	0.01	0.5	0.972753052040214	0.053085868917876	median implied SD=0.973, dispersion=0.053, n=8559	effect_scale_validation.R:v1
GCST90202721	GCST90202721	passed	""	source	""	0.980068401936118	estimated_from_source_maf	5756	5756	0	0	0	0	5756	0.01	0.5	0.980068401936118	0.053667452500887	median implied SD=0.980, dispersion=0.054, n=5756	effect_scale_validation.R:v1
GCST90202722	GCST90202722	passed	""	source	""	0.977219507736845	estimated_from_source_maf	7754	7754	0	0	0	0	7754	0.01	0.5	0.977219507736845	0.0530398854254155	median implied SD=0.977, dispersion=0.053, n=7754	effect_scale_validation.R:v1
GCST90202723	GCST90202723	passed	""	source	""	0.913030436450615	estimated_from_source_maf	9047	9047	0	0	0	0	9047	0.01	0.5	0.913030436450615	0.0559263105196502	median implied SD=0.913, dispersion=0.056, n=9047	effect_scale_validation.R:v1
GCST90202724	GCST90202724	passed	""	source	""	0.949138264666175	estimated_from_source_maf	5730	5730	0	0	0	0	5730	0.01	0.5	0.949138264666175	0.0541538086625776	median implied SD=0.949, dispersion=0.054, n=5730	effect_scale_validation.R:v1
GCST90202725	GCST90202725	passed	""	source	""	0.9412518100381	estimated_from_source_maf	5705	5705	0	0	0	0	5705	0.01	0.5	0.9412518100381	0.053172503228547	median implied SD=0.941, dispersion=0.053, n=5705	effect_scale_validation.R:v1
GCST90202726	GCST90202726	passed	""	source	""	0.966213437149916	estimated_from_source_maf	5753	5753	0	0	0	0	5753	0.01	0.5	0.966213437149916	0.0537729136787772	median implied SD=0.966, dispersion=0.054, n=5753	effect_scale_validation.R:v1
GCST90202727	GCST90202727	passed	""	source	""	0.911695598023269	estimated_from_source_maf	5736	5736	0	0	0	0	5736	0.01	0.5	0.911695598023269	0.0536353243825852	median implied SD=0.912, dispersion=0.054, n=5736	effect_scale_validation.R:v1
GCST90202728	GCST90202728	passed	""	source	""	0.946604705202809	estimated_from_source_maf	5712	5712	0	0	0	0	5712	0.01	0.5	0.946604705202809	0.0532759604506987	median implied SD=0.947, dispersion=0.053, n=5712	effect_scale_validation.R:v1
GCST90202729	GCST90202729	passed	""	source	""	0.976767439397567	estimated_from_source_maf	8590	8590	0	0	0	0	8590	0.01	0.5	0.976767439397567	0.056430407662563	median implied SD=0.977, dispersion=0.056, n=8590	effect_scale_validation.R:v1
GCST90202730	GCST90202730	passed	""	source	""	0.898204131443986	estimated_from_source_maf	5730	5730	0	0	0	0	5730	0.01	0.5	0.898204131443986	0.0535960295239824	median implied SD=0.898, dispersion=0.054, n=5730	effect_scale_validation.R:v1
GCST90202731	GCST90202731	passed	""	source	""	0.971478576105561	estimated_from_source_maf	5581	5581	0	0	0	0	5581	0.01	0.5	0.971478576105561	0.0547944856020786	median implied SD=0.971, dispersion=0.055, n=5581	effect_scale_validation.R:v1
GCST90202732	GCST90202732	passed	""	source	""	0.983949710013743	estimated_from_source_maf	5708	5708	0	0	0	0	5708	0.01	0.5	0.983949710013743	0.0533821018697239	median implied SD=0.984, dispersion=0.053, n=5708	effect_scale_validation.R:v1
GCST90202733	GCST90202733	passed	""	source	""	0.977884570499412	estimated_from_source_maf	5621	5621	0	0	0	0	5621	0.01	0.5	0.977884570499412	0.055559454526826	median implied SD=0.978, dispersion=0.056, n=5621	effect_scale_validation.R:v1
GCST90202734	GCST90202734	passed	""	source	""	0.883234166411556	estimated_from_source_maf	12251	12251	0	0	0	0	12251	0.01	0.5	0.883234166411556	0.0550772939143449	median implied SD=0.883, dispersion=0.055, n=12251	effect_scale_validation.R:v1
GCST90202735	GCST90202735	passed	""	source	""	0.909793423124488	estimated_from_source_maf	9292	9292	0	0	0	0	9292	0.01	0.5	0.909793423124488	0.0559872341993683	median implied SD=0.910, dispersion=0.056, n=9292	effect_scale_validation.R:v1
GCST90202736	GCST90202736	passed	""	source	""	0.934289352131259	estimated_from_source_maf	5780	5780	0	0	0	0	5780	0.01	0.5	0.934289352131259	0.0540304050888382	median implied SD=0.934, dispersion=0.054, n=5780	effect_scale_validation.R:v1
GCST90202737	GCST90202737	passed	""	source	""	0.945076855007269	estimated_from_source_maf	5814	5814	0	0	0	0	5814	0.01	0.5	0.945076855007269	0.0541382563460763	median implied SD=0.945, dispersion=0.054, n=5814	effect_scale_validation.R:v1
GCST90202738	GCST90202738	passed	""	source	""	0.906480831936187	estimated_from_source_maf	13128	13128	0	0	0	1	13127	0.01	0.5	0.906480831936187	0.0631317160669748	median implied SD=0.906, dispersion=0.063, n=13127	effect_scale_validation.R:v1
GCST90202739	GCST90202739	passed	""	source	""	0.816173067011679	estimated_from_source_maf	5741	5741	0	0	0	0	5741	0.01	0.5	0.816173067011679	0.0539086299001044	median implied SD=0.816, dispersion=0.054, n=5741	effect_scale_validation.R:v1
GCST90202740	GCST90202740	passed	""	source	""	0.998598676362833	estimated_from_source_maf	5763	5763	0	0	0	0	5763	0.01	0.5	0.998598676362833	0.0538016063119716	median implied SD=0.999, dispersion=0.054, n=5763	effect_scale_validation.R:v1
GCST90202741	GCST90202741	passed	""	source	""	0.870014757093063	estimated_from_source_maf	9192	9192	0	0	0	0	9192	0.01	0.5	0.870014757093063	0.0555665333101685	median implied SD=0.870, dispersion=0.056, n=9192	effect_scale_validation.R:v1
GCST90202742	GCST90202742	passed	""	source	""	0.959988488623742	estimated_from_source_maf	5727	5727	0	0	0	0	5727	0.01	0.5	0.959988488623742	0.0537296799957544	median implied SD=0.960, dispersion=0.054, n=5727	effect_scale_validation.R:v1
GCST90202743	GCST90202743	passed	""	source	""	0.898689851458382	estimated_from_source_maf	8799	8799	0	0	0	0	8799	0.01	0.5	0.898689851458382	0.0544029261087137	median implied SD=0.899, dispersion=0.054, n=8799	effect_scale_validation.R:v1
GCST90202744	GCST90202744	passed	""	source	""	0.922054876999495	estimated_from_source_maf	9149	9149	0	0	0	0	9149	0.01	0.5	0.922054876999495	0.0590352661663974	median implied SD=0.922, dispersion=0.059, n=9149	effect_scale_validation.R:v1
GCST90202745	GCST90202745	passed	""	source	""	1.00252346991502	estimated_from_source_maf	9530	9530	0	0	0	0	9530	0.01	0.5	1.00252346991502	0.0526630069054262	median implied SD=1.003, dispersion=0.053, n=9530	effect_scale_validation.R:v1
GCST90202746	GCST90202746	passed	""	source	""	0.9660719635772	estimated_from_source_maf	5715	5715	0	0	0	0	5715	0.01	0.5	0.9660719635772	0.0531181796272466	median implied SD=0.966, dispersion=0.053, n=5715	effect_scale_validation.R:v1
GCST90202747	GCST90202747	passed	""	source	""	0.91862209924312	estimated_from_source_maf	5541	5541	0	0	0	0	5541	0.01	0.5	0.91862209924312	0.0554030270188671	median implied SD=0.919, dispersion=0.055, n=5541	effect_scale_validation.R:v1
GCST90202748	GCST90202748	passed	""	source	""	0.925421606001931	estimated_from_source_maf	5773	5773	0	0	0	0	5773	0.01	0.5	0.925421606001931	0.0582586261468175	median implied SD=0.925, dispersion=0.058, n=5773	effect_scale_validation.R:v1
GCST90202749	GCST90202749	passed	""	source	""	0.986978484876937	estimated_from_source_maf	11070	11070	0	0	0	2	11068	0.01	0.5	0.986978484876937	0.0664559162418967	median implied SD=0.987, dispersion=0.066, n=11068	effect_scale_validation.R:v1
GCST90202750	GCST90202750	passed	""	source	""	0.813822805156644	estimated_from_source_maf	5770	5770	0	0	0	0	5770	0.01	0.5	0.813822805156644	0.0535870851334514	median implied SD=0.814, dispersion=0.054, n=5770	effect_scale_validation.R:v1
GCST90202751	GCST90202751	passed	""	source	""	0.889509548972531	estimated_from_source_maf	5746	5746	0	0	0	0	5746	0.01	0.5	0.889509548972531	0.0539191234570529	median implied SD=0.890, dispersion=0.054, n=5746	effect_scale_validation.R:v1
GCST90202752	GCST90202752	passed	""	source	""	1.00910661811959	estimated_from_source_maf	5716	5716	0	0	0	0	5716	0.01	0.5	1.00910661811959	0.0535151131403895	median implied SD=1.009, dispersion=0.054, n=5716	effect_scale_validation.R:v1
GCST90202753	GCST90202753	passed	""	source	""	0.958607028850734	estimated_from_source_maf	5735	5735	0	0	0	0	5735	0.01	0.5	0.958607028850734	0.0539162106894911	median implied SD=0.959, dispersion=0.054, n=5735	effect_scale_validation.R:v1
GCST90202754	GCST90202754	passed	""	source	""	0.974371018895885	estimated_from_source_maf	10365	10365	0	0	0	0	10365	0.01	0.5	0.974371018895885	0.0550550284336141	median implied SD=0.974, dispersion=0.055, n=10365	effect_scale_validation.R:v1
GCST90202755	GCST90202755	passed	""	source	""	0.999599470065261	estimated_from_source_maf	5842	5842	0	0	0	0	5842	0.01	0.5	0.999599470065261	0.0573332703341202	median implied SD=1.000, dispersion=0.057, n=5842	effect_scale_validation.R:v1
GCST90202756	GCST90202756	passed	""	source	""	0.925674667834999	estimated_from_source_maf	5704	5704	0	0	0	0	5704	0.01	0.5	0.925674667834999	0.0528361249744344	median implied SD=0.926, dispersion=0.053, n=5704	effect_scale_validation.R:v1
GCST90202757	GCST90202757	passed	""	source	""	0.950121629491609	estimated_from_source_maf	8906	8906	0	0	0	0	8906	0.01	0.5	0.950121629491609	0.0634761151314601	median implied SD=0.950, dispersion=0.063, n=8906	effect_scale_validation.R:v1
GCST90202758	GCST90202758	passed	""	source	""	1.00406001952762	estimated_from_source_maf	5720	5720	0	0	0	0	5720	0.01	0.5	1.00406001952762	0.0534943682675356	median implied SD=1.004, dispersion=0.053, n=5720	effect_scale_validation.R:v1
GCST90202759	GCST90202759	passed	""	source	""	0.888506227821982	estimated_from_source_maf	5745	5745	0	0	0	0	5745	0.01	0.5	0.888506227821982	0.0536126292851666	median implied SD=0.889, dispersion=0.054, n=5745	effect_scale_validation.R:v1
GCST90202760	GCST90202760	passed	""	source	""	0.937039891042426	estimated_from_source_maf	5716	5716	0	0	0	0	5716	0.01	0.5	0.937039891042426	0.0536957863951445	median implied SD=0.937, dispersion=0.054, n=5716	effect_scale_validation.R:v1
GCST90202761	GCST90202761	passed	""	source	""	0.954011199133847	estimated_from_source_maf	5712	5712	0	0	0	0	5712	0.01	0.5	0.954011199133847	0.0534750316140151	median implied SD=0.954, dispersion=0.053, n=5712	effect_scale_validation.R:v1
GCST90202762	GCST90202762	passed	""	source	""	0.941352477522434	estimated_from_source_maf	5747	5747	0	0	0	0	5747	0.01	0.5	0.941352477522434	0.0541234298854956	median implied SD=0.941, dispersion=0.054, n=5747	effect_scale_validation.R:v1
GCST90202763	GCST90202763	passed	""	source	""	0.924462280968946	estimated_from_source_maf	8347	8347	0	0	0	0	8347	0.01	0.5	0.924462280968946	0.0563465656422827	median implied SD=0.924, dispersion=0.056, n=8347	effect_scale_validation.R:v1
GCST90202764	GCST90202764	passed	""	source	""	0.923811853773882	estimated_from_source_maf	17209	17209	0	0	0	0	17209	0.01	0.5	0.923811853773882	0.0537696716164469	median implied SD=0.924, dispersion=0.054, n=17209	effect_scale_validation.R:v1
GCST90202765	GCST90202765	passed	""	source	""	0.99547931071748	estimated_from_source_maf	5711	5711	0	0	0	0	5711	0.01	0.5	0.99547931071748	0.052724003843199	median implied SD=0.995, dispersion=0.053, n=5711	effect_scale_validation.R:v1
GCST90202766	GCST90202766	passed	""	source	""	0.849917072795858	estimated_from_source_maf	9634	9634	0	0	0	0	9634	0.01	0.5	0.849917072795858	0.0543013093621482	median implied SD=0.850, dispersion=0.054, n=9634	effect_scale_validation.R:v1
GCST90202767	GCST90202767	passed	""	source	""	0.933576448307794	estimated_from_source_maf	5793	5793	0	0	0	0	5793	0.01	0.5	0.933576448307794	0.0541610442658017	median implied SD=0.934, dispersion=0.054, n=5793	effect_scale_validation.R:v1
GCST90202768	GCST90202768	passed	""	source	""	0.883341861557039	estimated_from_source_maf	5738	5738	0	0	0	0	5738	0.01	0.5	0.883341861557039	0.0537947698209136	median implied SD=0.883, dispersion=0.054, n=5738	effect_scale_validation.R:v1
GCST90202769	GCST90202769	passed	""	source	""	0.99748775893076	estimated_from_source_maf	5718	5718	0	0	0	0	5718	0.01	0.5	0.99748775893076	0.0539520084097414	median implied SD=0.997, dispersion=0.054, n=5718	effect_scale_validation.R:v1
GCST90202770	GCST90202770	passed	""	source	""	0.891334026322734	estimated_from_source_maf	17685	17685	0	0	0	0	17685	0.01	0.5	0.891334026322734	0.0592370591037024	median implied SD=0.891, dispersion=0.059, n=17685	effect_scale_validation.R:v1
GCST90202771	GCST90202771	passed	""	source	""	0.976299655851801	estimated_from_source_maf	5801	5801	0	0	0	0	5801	0.01	0.5	0.976299655851801	0.055413753636659	median implied SD=0.976, dispersion=0.055, n=5801	effect_scale_validation.R:v1
GCST90202772	GCST90202772	passed	""	source	""	0.919017146659005	estimated_from_source_maf	5580	5580	0	0	0	0	5580	0.01	0.5	0.919017146659005	0.0540295733696259	median implied SD=0.919, dispersion=0.054, n=5580	effect_scale_validation.R:v1
GCST90202773	GCST90202773	passed	""	source	""	0.916548681962868	estimated_from_source_maf	5634	5634	0	0	0	0	5634	0.01	0.5	0.916548681962868	0.060303695843657	median implied SD=0.917, dispersion=0.060, n=5634	effect_scale_validation.R:v1
GCST90202774	GCST90202774	passed	""	source	""	0.989132890149271	estimated_from_source_maf	8799	8799	0	0	0	0	8799	0.01	0.5	0.989132890149271	0.0534432834988803	median implied SD=0.989, dispersion=0.053, n=8799	effect_scale_validation.R:v1
GCST90202775	GCST90202775	passed	""	source	""	0.94665220466304	estimated_from_source_maf	5710	5710	0	0	0	0	5710	0.01	0.5	0.94665220466304	0.0536308563272483	median implied SD=0.947, dispersion=0.054, n=5710	effect_scale_validation.R:v1
GCST90202776	GCST90202776	passed	""	source	""	0.911714186651049	estimated_from_source_maf	9444	9444	0	0	0	0	9444	0.01	0.5	0.911714186651049	0.0552835145377883	median implied SD=0.912, dispersion=0.055, n=9444	effect_scale_validation.R:v1
GCST90202777	GCST90202777	passed	""	source	""	0.947170609343685	estimated_from_source_maf	5628	5628	0	0	0	0	5628	0.01	0.5	0.947170609343685	0.055695794442172	median implied SD=0.947, dispersion=0.056, n=5628	effect_scale_validation.R:v1
GCST90202778	GCST90202778	passed	""	source	""	0.916885777170339	estimated_from_source_maf	5657	5657	0	0	0	0	5657	0.01	0.5	0.916885777170339	0.0550523211871852	median implied SD=0.917, dispersion=0.055, n=5657	effect_scale_validation.R:v1
GCST90202779	GCST90202779	passed	""	source	""	0.976847205592581	estimated_from_source_maf	20942	20942	0	0	0	0	20942	0.01	0.5	0.976847205592581	0.0559608142395282	median implied SD=0.977, dispersion=0.056, n=20942	effect_scale_validation.R:v1
GCST90202780	GCST90202780	passed	""	source	""	0.895526448482295	estimated_from_source_maf	5763	5763	0	0	0	0	5763	0.01	0.5	0.895526448482295	0.0534358713732935	median implied SD=0.896, dispersion=0.053, n=5763	effect_scale_validation.R:v1
GCST90202781	GCST90202781	passed	""	source	""	0.980818417760043	estimated_from_source_maf	9333	9333	0	0	0	0	9333	0.01	0.5	0.980818417760043	0.0545712952954824	median implied SD=0.981, dispersion=0.055, n=9333	effect_scale_validation.R:v1
GCST90202782	GCST90202782	passed	""	source	""	0.968044826916795	estimated_from_source_maf	5736	5736	0	0	0	0	5736	0.01	0.5	0.968044826916795	0.0540901111296081	median implied SD=0.968, dispersion=0.054, n=5736	effect_scale_validation.R:v1
GCST90202783	GCST90202783	passed	""	source	""	0.91441403228465	estimated_from_source_maf	5736	5736	0	0	0	0	5736	0.01	0.5	0.91441403228465	0.054275608270952	median implied SD=0.914, dispersion=0.054, n=5736	effect_scale_validation.R:v1
GCST90202784	GCST90202784	passed	""	source	""	0.910151383327547	estimated_from_source_maf	8870	8870	0	0	0	0	8870	0.01	0.5	0.910151383327547	0.0495268988050614	median implied SD=0.910, dispersion=0.050, n=8870	effect_scale_validation.R:v1
GCST90202785	GCST90202785	passed	""	source	""	1.01869221133848	estimated_from_source_maf	5735	5735	0	0	0	0	5735	0.01	0.5	1.01869221133848	0.0536042821364331	median implied SD=1.019, dispersion=0.054, n=5735	effect_scale_validation.R:v1
GCST90202786	GCST90202786	passed	""	source	""	0.904350639167265	estimated_from_source_maf	5783	5783	0	0	0	0	5783	0.01	0.5	0.904350639167265	0.0539399119267366	median implied SD=0.904, dispersion=0.054, n=5783	effect_scale_validation.R:v1
GCST90202787	GCST90202787	passed	""	source	""	0.888964069885946	estimated_from_source_maf	5729	5729	0	0	0	0	5729	0.01	0.5	0.888964069885946	0.0532445474773058	median implied SD=0.889, dispersion=0.053, n=5729	effect_scale_validation.R:v1
GCST90202788	GCST90202788	passed	""	source	""	0.985445207086915	estimated_from_source_maf	5728	5728	0	0	0	0	5728	0.01	0.5	0.985445207086915	0.0533644239718933	median implied SD=0.985, dispersion=0.053, n=5728	effect_scale_validation.R:v1
GCST90202789	GCST90202789	passed	""	source	""	0.922921611615991	estimated_from_source_maf	5709	5709	0	0	0	0	5709	0.01	0.5	0.922921611615991	0.053811160544984	median implied SD=0.923, dispersion=0.054, n=5709	effect_scale_validation.R:v1
GCST90202790	GCST90202790	passed	""	source	""	0.856613108173317	estimated_from_source_maf	11964	11964	0	0	0	0	11964	0.01	0.5	0.856613108173317	0.0552591558920319	median implied SD=0.857, dispersion=0.055, n=11964	effect_scale_validation.R:v1
GCST90202791	GCST90202791	passed	""	source	""	0.89733481290708	estimated_from_source_maf	8777	8777	0	0	0	0	8777	0.01	0.5	0.89733481290708	0.0511532175081472	median implied SD=0.897, dispersion=0.051, n=8777	effect_scale_validation.R:v1
GCST90202792	GCST90202792	passed	""	source	""	0.826189526894405	estimated_from_source_maf	5763	5763	0	0	0	0	5763	0.01	0.5	0.826189526894405	0.0577048242462564	median implied SD=0.826, dispersion=0.058, n=5763	effect_scale_validation.R:v1
GCST90202793	GCST90202793	passed	""	source	""	1.00463092956661	estimated_from_source_maf	5716	5716	0	0	0	0	5716	0.01	0.5	1.00463092956661	0.053191305361111	median implied SD=1.005, dispersion=0.053, n=5716	effect_scale_validation.R:v1
GCST90202794	GCST90202794	passed	""	source	""	0.954673161180629	estimated_from_source_maf	5735	5735	0	0	0	0	5735	0.01	0.5	0.954673161180629	0.0539682228927156	median implied SD=0.955, dispersion=0.054, n=5735	effect_scale_validation.R:v1
GCST90202795	GCST90202795	passed	""	source	""	0.854821529932237	estimated_from_source_maf	5743	5743	0	0	0	0	5743	0.01	0.5	0.854821529932237	0.0530929156960228	median implied SD=0.855, dispersion=0.053, n=5743	effect_scale_validation.R:v1
GCST90202796	GCST90202796	passed	""	source	""	0.928779166209889	estimated_from_source_maf	5658	5658	0	0	0	0	5658	0.01	0.5	0.928779166209889	0.0547916015240562	median implied SD=0.929, dispersion=0.055, n=5658	effect_scale_validation.R:v1
GCST90202797	GCST90202797	passed	""	source	""	0.902445630468486	estimated_from_source_maf	8294	8294	0	0	0	0	8294	0.01	0.5	0.902445630468486	0.0589072999942844	median implied SD=0.902, dispersion=0.059, n=8294	effect_scale_validation.R:v1
GCST90202798	GCST90202798	passed	""	source	""	0.935226028640608	estimated_from_source_maf	5597	5597	0	0	0	0	5597	0.01	0.5	0.935226028640608	0.0581408546765045	median implied SD=0.935, dispersion=0.058, n=5597	effect_scale_validation.R:v1
GCST90202799	GCST90202799	passed	""	source	""	0.930662674686443	estimated_from_source_maf	5712	5712	0	0	0	0	5712	0.01	0.5	0.930662674686443	0.0538346948107626	median implied SD=0.931, dispersion=0.054, n=5712	effect_scale_validation.R:v1
GCST90202800	GCST90202800	passed	""	source	""	0.989486961469487	estimated_from_source_maf	5705	5705	0	0	0	0	5705	0.01	0.5	0.989486961469487	0.0538341688656234	median implied SD=0.989, dispersion=0.054, n=5705	effect_scale_validation.R:v1
GCST90202801	GCST90202801	passed	""	source	""	0.943645912534515	estimated_from_source_maf	5600	5600	0	0	0	0	5600	0.01	0.5	0.943645912534515	0.0546096585651871	median implied SD=0.944, dispersion=0.055, n=5600	effect_scale_validation.R:v1
GCST90202802	GCST90202802	passed	""	source	""	0.970512907348457	estimated_from_source_maf	10166	10166	0	0	0	0	10166	0.01	0.5	0.970512907348457	0.0600516949580987	median implied SD=0.971, dispersion=0.060, n=10166	effect_scale_validation.R:v1
GCST90202803	GCST90202803	passed	""	source	""	0.978151858726989	estimated_from_source_maf	5707	5707	0	0	0	0	5707	0.01	0.5	0.978151858726989	0.053710325166978	median implied SD=0.978, dispersion=0.054, n=5707	effect_scale_validation.R:v1
GCST90202804	GCST90202804	passed	""	source	""	0.974256965596281	estimated_from_source_maf	8743	8743	0	0	0	0	8743	0.01	0.5	0.974256965596281	0.0498571871082585	median implied SD=0.974, dispersion=0.050, n=8743	effect_scale_validation.R:v1
GCST90202805	GCST90202805	passed	""	source	""	0.979151636709819	estimated_from_source_maf	5799	5799	0	0	0	0	5799	0.01	0.5	0.979151636709819	0.0545596698643352	median implied SD=0.979, dispersion=0.055, n=5799	effect_scale_validation.R:v1
GCST90202806	GCST90202806	passed	""	source	""	0.960550199205683	estimated_from_source_maf	5704	5704	0	0	0	0	5704	0.01	0.5	0.960550199205683	0.0534071330458028	median implied SD=0.961, dispersion=0.053, n=5704	effect_scale_validation.R:v1
GCST90202807	GCST90202807	passed	""	source	""	0.998486014774471	estimated_from_source_maf	5644	5644	0	0	0	0	5644	0.01	0.5	0.998486014774471	0.0616921605479028	median implied SD=0.998, dispersion=0.062, n=5644	effect_scale_validation.R:v1
GCST90202808	GCST90202808	passed	""	source	""	0.739102925694822	estimated_from_source_maf	5708	5708	0	0	0	0	5708	0.01	0.5	0.739102925694822	0.0530121289606715	median implied SD=0.739, dispersion=0.053, n=5708	effect_scale_validation.R:v1
GCST90202809	GCST90202809	passed	""	source	""	0.962808674022707	estimated_from_source_maf	5734	5734	0	0	0	0	5734	0.01	0.5	0.962808674022707	0.0531449294660002	median implied SD=0.963, dispersion=0.053, n=5734	effect_scale_validation.R:v1
GCST90202810	GCST90202810	passed	""	source	""	0.901464451052169	estimated_from_source_maf	5761	5761	0	0	0	0	5761	0.01	0.5	0.901464451052169	0.0543296644751278	median implied SD=0.901, dispersion=0.054, n=5761	effect_scale_validation.R:v1
GCST90202811	GCST90202811	passed	""	source	""	0.951704855368029	estimated_from_source_maf	5574	5574	0	0	0	0	5574	0.01	0.5	0.951704855368029	0.0572664274099239	median implied SD=0.952, dispersion=0.057, n=5574	effect_scale_validation.R:v1
GCST90202812	GCST90202812	passed	""	source	""	0.971809965338833	estimated_from_source_maf	5730	5730	0	0	0	0	5730	0.01	0.5	0.971809965338833	0.0535232643965877	median implied SD=0.972, dispersion=0.054, n=5730	effect_scale_validation.R:v1
GCST90202813	GCST90202813	passed	""	source	""	0.945000700784236	estimated_from_source_maf	13350	13350	0	0	0	0	13350	0.01	0.5	0.945000700784236	0.0529207172507053	median implied SD=0.945, dispersion=0.053, n=13350	effect_scale_validation.R:v1
GCST90202814	GCST90202814	passed	""	source	""	0.951348485541405	estimated_from_source_maf	5707	5707	0	0	0	0	5707	0.01	0.5	0.951348485541405	0.0533096779668154	median implied SD=0.951, dispersion=0.053, n=5707	effect_scale_validation.R:v1
GCST90202815	GCST90202815	passed	""	source	""	0.963828483290807	estimated_from_source_maf	8958	8958	0	0	0	0	8958	0.01	0.5	0.963828483290807	0.0539822947723111	median implied SD=0.964, dispersion=0.054, n=8958	effect_scale_validation.R:v1
GCST90202816	GCST90202816	passed	""	source	""	0.965973254326403	estimated_from_source_maf	7951	7951	0	0	0	0	7951	0.01	0.5	0.965973254326403	0.0590459159958652	median implied SD=0.966, dispersion=0.059, n=7951	effect_scale_validation.R:v1
GCST90202817	GCST90202817	passed	""	source	""	0.929359616270183	estimated_from_source_maf	5813	5813	0	0	0	0	5813	0.01	0.5	0.929359616270183	0.054158718020102	median implied SD=0.929, dispersion=0.054, n=5813	effect_scale_validation.R:v1
GCST90202818	GCST90202818	passed	""	source	""	0.952699362075845	estimated_from_source_maf	8637	8637	0	0	0	0	8637	0.01	0.5	0.952699362075845	0.0524165900851273	median implied SD=0.953, dispersion=0.052, n=8637	effect_scale_validation.R:v1
GCST90202819	GCST90202819	passed	""	source	""	0.955301444189589	estimated_from_source_maf	5817	5817	0	0	0	0	5817	0.01	0.5	0.955301444189589	0.0549397108780521	median implied SD=0.955, dispersion=0.055, n=5817	effect_scale_validation.R:v1
GCST90202820	GCST90202820	passed	""	source	""	0.928850315993164	estimated_from_source_maf	5735	5735	0	0	0	0	5735	0.01	0.5	0.928850315993164	0.0539700094546183	median implied SD=0.929, dispersion=0.054, n=5735	effect_scale_validation.R:v1
GCST90202821	GCST90202821	passed	""	source	""	0.946150444810899	estimated_from_source_maf	5782	5782	0	0	0	0	5782	0.01	0.5	0.946150444810899	0.0542706083799909	median implied SD=0.946, dispersion=0.054, n=5782	effect_scale_validation.R:v1
GCST90202822	GCST90202822	passed	""	source	""	0.978939521066065	estimated_from_source_maf	5714	5714	0	0	0	0	5714	0.01	0.5	0.978939521066065	0.053017907374339	median implied SD=0.979, dispersion=0.053, n=5714	effect_scale_validation.R:v1
GCST90202823	GCST90202823	passed	""	source	""	0.927706881390711	estimated_from_source_maf	5733	5733	0	0	0	0	5733	0.01	0.5	0.927706881390711	0.0532161571754884	median implied SD=0.928, dispersion=0.053, n=5733	effect_scale_validation.R:v1
GCST90202824	GCST90202824	passed	""	source	""	0.895851350678479	estimated_from_source_maf	9313	9313	0	0	0	0	9313	0.01	0.5	0.895851350678479	0.055835621015706	median implied SD=0.896, dispersion=0.056, n=9313	effect_scale_validation.R:v1
GCST90202825	GCST90202825	passed	""	source	""	0.998736111819279	estimated_from_source_maf	5519	5519	0	0	0	0	5519	0.01	0.5	0.998736111819279	0.0707668432596377	median implied SD=0.999, dispersion=0.071, n=5519	effect_scale_validation.R:v1
GCST90202826	GCST90202826	passed	""	source	""	0.955223061964208	estimated_from_source_maf	5714	5714	0	0	0	0	5714	0.01	0.5	0.955223061964208	0.0536886043571241	median implied SD=0.955, dispersion=0.054, n=5714	effect_scale_validation.R:v1
GCST90202827	GCST90202827	passed	""	source	""	0.987891471188357	estimated_from_source_maf	5713	5713	0	0	0	0	5713	0.01	0.5	0.987891471188357	0.0534515427105845	median implied SD=0.988, dispersion=0.053, n=5713	effect_scale_validation.R:v1
GCST90202828	GCST90202828	passed	""	source	""	0.980161128962197	estimated_from_source_maf	5781	5781	0	0	0	0	5781	0.01	0.5	0.980161128962197	0.0553012476450091	median implied SD=0.980, dispersion=0.055, n=5781	effect_scale_validation.R:v1
GCST90202829	GCST90202829	passed	""	source	""	0.976838263975949	estimated_from_source_maf	5713	5713	0	0	0	0	5713	0.01	0.5	0.976838263975949	0.0538031241919938	median implied SD=0.977, dispersion=0.054, n=5713	effect_scale_validation.R:v1
GCST90202830	GCST90202830	passed	""	source	""	0.923373031385283	estimated_from_source_maf	5717	5717	0	0	0	0	5717	0.01	0.5	0.923373031385283	0.0531290354498174	median implied SD=0.923, dispersion=0.053, n=5717	effect_scale_validation.R:v1
GCST90202831	GCST90202831	passed	""	source	""	0.979260190112521	estimated_from_source_maf	9577	9577	0	0	0	0	9577	0.01	0.5	0.979260190112521	0.0514099880627263	median implied SD=0.979, dispersion=0.051, n=9577	effect_scale_validation.R:v1
GCST90202832	GCST90202832	passed	""	source	""	0.954698695889542	estimated_from_source_maf	5737	5737	0	0	0	0	5737	0.01	0.5	0.954698695889542	0.0543469389372038	median implied SD=0.955, dispersion=0.054, n=5737	effect_scale_validation.R:v1
GCST90202833	GCST90202833	passed	""	source	""	0.959008727162768	estimated_from_source_maf	5715	5715	0	0	0	0	5715	0.01	0.5	0.959008727162768	0.0533434772585347	median implied SD=0.959, dispersion=0.053, n=5715	effect_scale_validation.R:v1
GCST90202834	GCST90202834	passed	""	source	""	0.980672263751518	estimated_from_source_maf	5745	5745	0	0	0	0	5745	0.01	0.5	0.980672263751518	0.0537509196308287	median implied SD=0.981, dispersion=0.054, n=5745	effect_scale_validation.R:v1
GCST90202835	GCST90202835	passed	""	source	""	0.981185310988545	estimated_from_source_maf	14627	14627	0	0	0	0	14627	0.01	0.5	0.981185310988545	0.0528548873837993	median implied SD=0.981, dispersion=0.053, n=14627	effect_scale_validation.R:v1
GCST90202836	GCST90202836	passed	""	source	""	0.979188525815608	estimated_from_source_maf	13576	13576	0	0	0	0	13576	0.01	0.5	0.979188525815608	0.0549037881371272	median implied SD=0.979, dispersion=0.055, n=13576	effect_scale_validation.R:v1
GCST90202837	GCST90202837	passed	""	source	""	0.95106242966358	estimated_from_source_maf	5753	5753	0	0	0	0	5753	0.01	0.5	0.95106242966358	0.0539157043324664	median implied SD=0.951, dispersion=0.054, n=5753	effect_scale_validation.R:v1
GCST90202838	GCST90202838	passed	""	source	""	0.972847193511994	estimated_from_source_maf	5712	5712	0	0	0	0	5712	0.01	0.5	0.972847193511994	0.053502685609831	median implied SD=0.973, dispersion=0.054, n=5712	effect_scale_validation.R:v1
GCST90202839	GCST90202839	passed	""	source	""	0.98488095980377	estimated_from_source_maf	5719	5719	0	0	0	0	5719	0.01	0.5	0.98488095980377	0.0535599801280515	median implied SD=0.985, dispersion=0.054, n=5719	effect_scale_validation.R:v1
GCST90202840	GCST90202840	passed	""	source	""	0.980551941482199	estimated_from_source_maf	5712	5712	0	0	0	0	5712	0.01	0.5	0.980551941482199	0.0534861714874656	median implied SD=0.981, dispersion=0.053, n=5712	effect_scale_validation.R:v1
GCST90202841	GCST90202841	passed	""	source	""	0.922042580084055	estimated_from_source_maf	5768	5768	0	0	0	0	5768	0.01	0.5	0.922042580084055	0.0538647443484361	median implied SD=0.922, dispersion=0.054, n=5768	effect_scale_validation.R:v1
GCST90202842	GCST90202842	passed	""	source	""	0.969347454755601	estimated_from_source_maf	9363	9363	0	0	0	0	9363	0.01	0.5	0.969347454755601	0.0536947214636496	median implied SD=0.969, dispersion=0.054, n=9363	effect_scale_validation.R:v1
GCST90202843	GCST90202843	passed	""	source	""	0.976034434386263	estimated_from_source_maf	5721	5721	0	0	0	0	5721	0.01	0.5	0.976034434386263	0.0536069857003145	median implied SD=0.976, dispersion=0.054, n=5721	effect_scale_validation.R:v1
GCST90202844	GCST90202844	passed	""	source	""	0.910478104617489	estimated_from_source_maf	5755	5755	0	0	0	0	5755	0.01	0.5	0.910478104617489	0.0537402931607772	median implied SD=0.910, dispersion=0.054, n=5755	effect_scale_validation.R:v1
GCST90202845	GCST90202845	passed	""	source	""	0.957306992688142	estimated_from_source_maf	5689	5689	0	0	0	0	5689	0.01	0.5	0.957306992688142	0.0617374024728607	median implied SD=0.957, dispersion=0.062, n=5689	effect_scale_validation.R:v1
GCST90202846	GCST90202846	passed	""	source	""	0.969809378291025	estimated_from_source_maf	5749	5749	0	0	0	0	5749	0.01	0.5	0.969809378291025	0.053682149525459	median implied SD=0.970, dispersion=0.054, n=5749	effect_scale_validation.R:v1
GCST90202847	GCST90202847	passed	""	source	""	0.956748579846148	estimated_from_source_maf	5814	5814	0	0	0	0	5814	0.01	0.5	0.956748579846148	0.0547043134736815	median implied SD=0.957, dispersion=0.055, n=5814	effect_scale_validation.R:v1
GCST90202848	GCST90202848	passed	""	source	""	0.957950750139723	estimated_from_source_maf	5743	5743	0	0	0	0	5743	0.01	0.5	0.957950750139723	0.0539961528811026	median implied SD=0.958, dispersion=0.054, n=5743	effect_scale_validation.R:v1
GCST90202849	GCST90202849	passed	""	source	""	0.981534608049972	estimated_from_source_maf	5771	5771	0	0	0	0	5771	0.01	0.5	0.981534608049972	0.0542535733296641	median implied SD=0.982, dispersion=0.054, n=5771	effect_scale_validation.R:v1
GCST90202850	GCST90202850	passed	""	source	""	0.95987081180637	estimated_from_source_maf	16617	16617	0	0	0	0	16617	0.01	0.5	0.95987081180637	0.0545657016548505	median implied SD=0.960, dispersion=0.055, n=16617	effect_scale_validation.R:v1
GCST90202851	GCST90202851	passed	""	source	""	0.870122954669582	estimated_from_source_maf	5720	5720	0	0	0	0	5720	0.01	0.5	0.870122954669582	0.0528482686585399	median implied SD=0.870, dispersion=0.053, n=5720	effect_scale_validation.R:v1
GCST90202852	GCST90202852	passed	""	source	""	0.96107450110958	estimated_from_source_maf	5728	5728	0	0	0	0	5728	0.01	0.5	0.96107450110958	0.0538838401828581	median implied SD=0.961, dispersion=0.054, n=5728	effect_scale_validation.R:v1
GCST90202853	GCST90202853	passed	""	source	""	0.96218111129601	estimated_from_source_maf	19866	19866	0	0	0	0	19866	0.01	0.5	0.96218111129601	0.0529607465405736	median implied SD=0.962, dispersion=0.053, n=19866	effect_scale_validation.R:v1
GCST90202854	GCST90202854	passed	""	source	""	0.858033731445164	estimated_from_source_maf	8832	8832	0	0	0	0	8832	0.01	0.5	0.858033731445164	0.056963927231021	median implied SD=0.858, dispersion=0.057, n=8832	effect_scale_validation.R:v1
GCST90202855	GCST90202855	passed	""	source	""	0.967335584460934	estimated_from_source_maf	11928	11928	0	0	0	0	11928	0.01	0.5	0.967335584460934	0.0557754720432113	median implied SD=0.967, dispersion=0.056, n=11928	effect_scale_validation.R:v1
GCST90202856	GCST90202856	passed	""	source	""	0.969325829733093	estimated_from_source_maf	5732	5732	0	0	0	0	5732	0.01	0.5	0.969325829733093	0.0538495882910587	median implied SD=0.969, dispersion=0.054, n=5732	effect_scale_validation.R:v1
GCST90202857	GCST90202857	passed	""	source	""	0.904087068220366	estimated_from_source_maf	5709	5709	0	0	0	0	5709	0.01	0.5	0.904087068220366	0.0532048512350268	median implied SD=0.904, dispersion=0.053, n=5709	effect_scale_validation.R:v1
GCST90202858	GCST90202858	passed	""	source	""	0.981346538462654	estimated_from_source_maf	5627	5627	0	0	0	0	5627	0.01	0.5	0.981346538462654	0.0543686302582589	median implied SD=0.981, dispersion=0.054, n=5627	effect_scale_validation.R:v1
GCST90202859	GCST90202859	passed	""	source	""	0.98317307011134	estimated_from_source_maf	5732	5732	0	0	0	0	5732	0.01	0.5	0.98317307011134	0.0535329159540672	median implied SD=0.983, dispersion=0.054, n=5732	effect_scale_validation.R:v1
GCST90202860	GCST90202860	passed	""	source	""	0.911054445168092	estimated_from_source_maf	5713	5713	0	0	0	0	5713	0.01	0.5	0.911054445168092	0.053475138121484	median implied SD=0.911, dispersion=0.053, n=5713	effect_scale_validation.R:v1
GCST90202861	GCST90202861	passed	""	source	""	0.899052947595905	estimated_from_source_maf	5714	5714	0	0	0	0	5714	0.01	0.5	0.899052947595905	0.0540293090954962	median implied SD=0.899, dispersion=0.054, n=5714	effect_scale_validation.R:v1
GCST90202862	GCST90202862	passed	""	source	""	0.946578751782582	estimated_from_source_maf	5741	5741	0	0	0	0	5741	0.01	0.5	0.946578751782582	0.0541787873925825	median implied SD=0.947, dispersion=0.054, n=5741	effect_scale_validation.R:v1
GCST90202863	GCST90202863	passed	""	source	""	0.958991397482989	estimated_from_source_maf	5745	5745	0	0	0	0	5745	0.01	0.5	0.958991397482989	0.0533218896927286	median implied SD=0.959, dispersion=0.053, n=5745	effect_scale_validation.R:v1
GCST90202864	GCST90202864	passed	""	source	""	0.975135360940696	estimated_from_source_maf	5738	5738	0	0	0	0	5738	0.01	0.5	0.975135360940696	0.0538695580594143	median implied SD=0.975, dispersion=0.054, n=5738	effect_scale_validation.R:v1
GCST90202865	GCST90202865	passed	""	source	""	0.961772870318374	estimated_from_source_maf	8843	8843	0	0	0	0	8843	0.01	0.5	0.961772870318374	0.0574702721321483	median implied SD=0.962, dispersion=0.057, n=8843	effect_scale_validation.R:v1
GCST90202866	GCST90202866	passed	""	source	""	0.985462353443424	estimated_from_source_maf	8867	8867	0	0	0	0	8867	0.01	0.5	0.985462353443424	0.0534233892937551	median implied SD=0.985, dispersion=0.053, n=8867	effect_scale_validation.R:v1
GCST90202867	GCST90202867	passed	""	source	""	0.972472485399472	estimated_from_source_maf	5713	5713	0	0	0	0	5713	0.01	0.5	0.972472485399472	0.0532187874729179	median implied SD=0.972, dispersion=0.053, n=5713	effect_scale_validation.R:v1
GCST90202868	GCST90202868	passed	""	source	""	0.914820023495442	estimated_from_source_maf	5745	5745	0	0	0	0	5745	0.01	0.5	0.914820023495442	0.0534654942056559	median implied SD=0.915, dispersion=0.053, n=5745	effect_scale_validation.R:v1
GCST90202869	GCST90202869	passed	""	source	""	0.977691020193366	estimated_from_source_maf	5717	5717	0	0	0	0	5717	0.01	0.5	0.977691020193366	0.0533725234039897	median implied SD=0.978, dispersion=0.053, n=5717	effect_scale_validation.R:v1
GCST90202870	GCST90202870	passed	""	source	""	0.992799416459327	estimated_from_source_maf	13927	13927	0	0	0	0	13927	0.01	0.5	0.992799416459327	0.0543402479521324	median implied SD=0.993, dispersion=0.054, n=13927	effect_scale_validation.R:v1
GCST90202871	GCST90202871	passed	""	source	""	0.966598623118868	estimated_from_source_maf	13423	13423	0	0	0	0	13423	0.01	0.5	0.966598623118868	0.0565535009070111	median implied SD=0.967, dispersion=0.057, n=13423	effect_scale_validation.R:v1
GCST90202872	GCST90202872	passed	""	source	""	0.95199877197213	estimated_from_source_maf	14186	14186	0	0	0	0	14186	0.01	0.5	0.95199877197213	0.0618850828224904	median implied SD=0.952, dispersion=0.062, n=14186	effect_scale_validation.R:v1
GCST90202873	GCST90202873	passed	""	source	""	0.920489997139783	estimated_from_source_maf	5763	5763	0	0	0	0	5763	0.01	0.5	0.920489997139783	0.0539404113874133	median implied SD=0.920, dispersion=0.054, n=5763	effect_scale_validation.R:v1
GCST90202874	GCST90202874	passed	""	source	""	0.99330953583372	estimated_from_source_maf	5758	5758	0	0	0	0	5758	0.01	0.5	0.99330953583372	0.0542141157732746	median implied SD=0.993, dispersion=0.054, n=5758	effect_scale_validation.R:v1
GCST90202875	GCST90202875	passed	""	source	""	0.982085481362459	estimated_from_source_maf	5587	5587	0	0	0	0	5587	0.01	0.5	0.982085481362459	0.0551656179976864	median implied SD=0.982, dispersion=0.055, n=5587	effect_scale_validation.R:v1
GCST90202876	GCST90202876	passed	""	source	""	0.985063494210204	estimated_from_source_maf	14896	14896	0	0	0	0	14896	0.01	0.5	0.985063494210204	0.0562902735286814	median implied SD=0.985, dispersion=0.056, n=14896	effect_scale_validation.R:v1
GCST90202877	GCST90202877	passed	""	source	""	0.957543027365849	estimated_from_source_maf	5771	5771	0	0	0	0	5771	0.01	0.5	0.957543027365849	0.0543839061905619	median implied SD=0.958, dispersion=0.054, n=5771	effect_scale_validation.R:v1
GCST90202878	GCST90202878	passed	""	source	""	0.984597621328428	estimated_from_source_maf	5714	5714	0	0	0	0	5714	0.01	0.5	0.984597621328428	0.0536009580224598	median implied SD=0.985, dispersion=0.054, n=5714	effect_scale_validation.R:v1
GCST90202879	GCST90202879	passed	""	source	""	0.93001065768735	estimated_from_source_maf	18669	18669	0	0	0	0	18669	0.01	0.5	0.93001065768735	0.0558328595564782	median implied SD=0.930, dispersion=0.056, n=18669	effect_scale_validation.R:v1
GCST90202880	GCST90202880	passed	""	source	""	0.949236297751054	estimated_from_source_maf	5760	5760	0	0	0	0	5760	0.01	0.5	0.949236297751054	0.0532830691545026	median implied SD=0.949, dispersion=0.053, n=5760	effect_scale_validation.R:v1
GCST90202881	GCST90202881	passed	""	source	""	0.885799677976916	estimated_from_source_maf	5561	5561	0	0	0	0	5561	0.01	0.5	0.885799677976916	0.0606586108395006	median implied SD=0.886, dispersion=0.061, n=5561	effect_scale_validation.R:v1
GCST90202882	GCST90202882	passed	""	source	""	0.993039200075306	estimated_from_source_maf	9873	9873	0	0	0	0	9873	0.01	0.5	0.993039200075306	0.0521466520426638	median implied SD=0.993, dispersion=0.052, n=9873	effect_scale_validation.R:v1
GCST90202883	GCST90202883	passed	""	source	""	0.993224399905143	estimated_from_source_maf	5721	5721	0	0	0	0	5721	0.01	0.5	0.993224399905143	0.0534055352012975	median implied SD=0.993, dispersion=0.053, n=5721	effect_scale_validation.R:v1
GCST90202884	GCST90202884	passed	""	source	""	0.970933931715858	estimated_from_source_maf	7156	7156	0	0	0	0	7156	0.01	0.5	0.970933931715858	0.0554970688167787	median implied SD=0.971, dispersion=0.055, n=7156	effect_scale_validation.R:v1
GCST90202885	GCST90202885	passed	""	source	""	0.948606544118036	estimated_from_source_maf	5712	5712	0	0	0	0	5712	0.01	0.5	0.948606544118036	0.0535723286487853	median implied SD=0.949, dispersion=0.054, n=5712	effect_scale_validation.R:v1
GCST90202886	GCST90202886	passed	""	source	""	0.957884881124598	estimated_from_source_maf	5813	5813	0	0	0	0	5813	0.01	0.5	0.957884881124598	0.0555077294724773	median implied SD=0.958, dispersion=0.056, n=5813	effect_scale_validation.R:v1
GCST90202887	GCST90202887	passed	""	source	""	0.964573906003878	estimated_from_source_maf	5735	5735	0	0	0	0	5735	0.01	0.5	0.964573906003878	0.0542873759538172	median implied SD=0.965, dispersion=0.054, n=5735	effect_scale_validation.R:v1
GCST90202888	GCST90202888	passed	""	source	""	0.968977768693436	estimated_from_source_maf	10030	10030	0	0	0	0	10030	0.01	0.5	0.968977768693436	0.0533042051557842	median implied SD=0.969, dispersion=0.053, n=10030	effect_scale_validation.R:v1
GCST90202889	GCST90202889	passed	""	source	""	0.868927118217469	estimated_from_source_maf	5738	5738	0	0	0	0	5738	0.01	0.5	0.868927118217469	0.0537788609719327	median implied SD=0.869, dispersion=0.054, n=5738	effect_scale_validation.R:v1
GCST90202890	GCST90202890	passed	""	source	""	0.962390303400828	estimated_from_source_maf	5709	5709	0	0	0	0	5709	0.01	0.5	0.962390303400828	0.0589153298802662	median implied SD=0.962, dispersion=0.059, n=5709	effect_scale_validation.R:v1
GCST90202891	GCST90202891	passed	""	source	""	1.00368166462319	estimated_from_source_maf	5793	5793	0	0	0	0	5793	0.01	0.5	1.00368166462319	0.0541253484626473	median implied SD=1.004, dispersion=0.054, n=5793	effect_scale_validation.R:v1
GCST90202892	GCST90202892	passed	""	source	""	0.961754944907513	estimated_from_source_maf	13620	13620	0	0	0	0	13620	0.01	0.5	0.961754944907513	0.055395104683823	median implied SD=0.962, dispersion=0.055, n=13620	effect_scale_validation.R:v1
GCST90202893	GCST90202893	passed	""	source	""	0.976788049061413	estimated_from_source_maf	5744	5744	0	0	0	0	5744	0.01	0.5	0.976788049061413	0.0541426619522622	median implied SD=0.977, dispersion=0.054, n=5744	effect_scale_validation.R:v1
GCST90202894	GCST90202894	passed	""	source	""	0.832133278759306	estimated_from_source_maf	5733	5733	0	0	0	0	5733	0.01	0.5	0.832133278759306	0.0543302511366422	median implied SD=0.832, dispersion=0.054, n=5733	effect_scale_validation.R:v1
GCST90202895	GCST90202895	passed	""	source	""	0.968782271141146	estimated_from_source_maf	5716	5716	0	0	0	0	5716	0.01	0.5	0.968782271141146	0.0537402362964911	median implied SD=0.969, dispersion=0.054, n=5716	effect_scale_validation.R:v1
GCST90202896	GCST90202896	passed	""	source	""	0.96626468503726	estimated_from_source_maf	5711	5711	0	0	0	0	5711	0.01	0.5	0.96626468503726	0.0536843534095843	median implied SD=0.966, dispersion=0.054, n=5711	effect_scale_validation.R:v1
GCST90202897	GCST90202897	passed	""	source	""	0.951305540282017	estimated_from_source_maf	8140	8140	0	0	0	0	8140	0.01	0.5	0.951305540282017	0.0564012573026827	median implied SD=0.951, dispersion=0.056, n=8140	effect_scale_validation.R:v1
GCST90202898	GCST90202898	passed	""	source	""	0.972847235596941	estimated_from_source_maf	5566	5566	0	0	0	0	5566	0.01	0.5	0.972847235596941	0.0548529540143932	median implied SD=0.973, dispersion=0.055, n=5566	effect_scale_validation.R:v1
GCST90202899	GCST90202899	passed	""	source	""	0.933702659852809	estimated_from_source_maf	5607	5607	0	0	0	0	5607	0.01	0.5	0.933702659852809	0.0569854502341749	median implied SD=0.934, dispersion=0.057, n=5607	effect_scale_validation.R:v1
GCST90202900	GCST90202900	passed	""	source	""	0.944067601121741	estimated_from_source_maf	5739	5739	0	0	0	0	5739	0.01	0.5	0.944067601121741	0.0539542078065156	median implied SD=0.944, dispersion=0.054, n=5739	effect_scale_validation.R:v1
GCST90202901	GCST90202901	passed	""	source	""	0.994238049681561	estimated_from_source_maf	5735	5735	0	0	0	0	5735	0.01	0.5	0.994238049681561	0.0537413758869258	median implied SD=0.994, dispersion=0.054, n=5735	effect_scale_validation.R:v1
GCST90202902	GCST90202902	passed	""	source	""	0.928051883772286	estimated_from_source_maf	5729	5729	0	0	0	0	5729	0.01	0.5	0.928051883772286	0.0534322104054915	median implied SD=0.928, dispersion=0.053, n=5729	effect_scale_validation.R:v1
GCST90202903	GCST90202903	passed	""	source	""	0.867808259195064	estimated_from_source_maf	5775	5775	0	0	0	0	5775	0.01	0.5	0.867808259195064	0.0545790128721809	median implied SD=0.868, dispersion=0.055, n=5775	effect_scale_validation.R:v1
GCST90202904	GCST90202904	passed	""	source	""	0.961012105744919	estimated_from_source_maf	5583	5583	0	0	0	0	5583	0.01	0.5	0.961012105744919	0.0576409603292986	median implied SD=0.961, dispersion=0.058, n=5583	effect_scale_validation.R:v1
GCST90202905	GCST90202905	passed	""	source	""	0.981751377462239	estimated_from_source_maf	5732	5732	0	0	0	0	5732	0.01	0.5	0.981751377462239	0.0540807469850181	median implied SD=0.982, dispersion=0.054, n=5732	effect_scale_validation.R:v1
GCST90202906	GCST90202906	passed	""	source	""	0.858424995493698	estimated_from_source_maf	10238	10238	0	0	0	0	10238	0.01	0.5	0.858424995493698	0.0560832179552246	median implied SD=0.858, dispersion=0.056, n=10238	effect_scale_validation.R:v1
GCST90202907	GCST90202907	passed	""	source	""	0.954637495113015	estimated_from_source_maf	5760	5760	0	0	0	0	5760	0.01	0.5	0.954637495113015	0.0545528628336488	median implied SD=0.955, dispersion=0.055, n=5760	effect_scale_validation.R:v1
GCST90202908	GCST90202908	passed	""	source	""	0.894438965938188	estimated_from_source_maf	22713	22713	0	0	0	3	22710	0.01	0.5	0.894438965938188	0.0635525025297945	median implied SD=0.894, dispersion=0.064, n=22710	effect_scale_validation.R:v1
GCST90202909	GCST90202909	passed	""	source	""	0.885544740055268	estimated_from_source_maf	5557	5557	0	0	0	0	5557	0.01	0.5	0.885544740055268	0.0636702886996248	median implied SD=0.886, dispersion=0.064, n=5557	effect_scale_validation.R:v1
GCST90202910	GCST90202910	passed	""	source	""	0.917787493873582	estimated_from_source_maf	5713	5713	0	0	0	0	5713	0.01	0.5	0.917787493873582	0.0533521934647368	median implied SD=0.918, dispersion=0.053, n=5713	effect_scale_validation.R:v1
GCST90202911	GCST90202911	passed	""	source	""	1.00616237890898	estimated_from_source_maf	5798	5798	0	0	0	0	5798	0.01	0.5	1.00616237890898	0.0565510602675048	median implied SD=1.006, dispersion=0.057, n=5798	effect_scale_validation.R:v1
GCST90202912	GCST90202912	passed	""	source	""	0.951479953106738	estimated_from_source_maf	5591	5591	0	0	0	0	5591	0.01	0.5	0.951479953106738	0.0585076085536934	median implied SD=0.951, dispersion=0.059, n=5591	effect_scale_validation.R:v1
GCST90202913	GCST90202913	passed	""	source	""	0.971327848471052	estimated_from_source_maf	5737	5737	0	0	0	0	5737	0.01	0.5	0.971327848471052	0.0535098436376843	median implied SD=0.971, dispersion=0.054, n=5737	effect_scale_validation.R:v1
GCST90202914	GCST90202914	passed	""	source	""	0.934867872127667	estimated_from_source_maf	5721	5721	0	0	0	0	5721	0.01	0.5	0.934867872127667	0.056585641597617	median implied SD=0.935, dispersion=0.057, n=5721	effect_scale_validation.R:v1
GCST90202915	GCST90202915	passed	""	source	""	0.900903633534831	estimated_from_source_maf	5577	5577	0	0	0	0	5577	0.01	0.5	0.900903633534831	0.0547887675004778	median implied SD=0.901, dispersion=0.055, n=5577	effect_scale_validation.R:v1
GCST90202916	GCST90202916	passed	""	source	""	0.92087644508926	estimated_from_source_maf	7597	7597	0	0	0	0	7597	0.01	0.5	0.92087644508926	0.0554730088192832	median implied SD=0.921, dispersion=0.055, n=7597	effect_scale_validation.R:v1
GCST90202917	GCST90202917	passed	""	source	""	0.970905961632034	estimated_from_source_maf	5809	5809	0	0	0	0	5809	0.01	0.5	0.970905961632034	0.0544683166523381	median implied SD=0.971, dispersion=0.054, n=5809	effect_scale_validation.R:v1
GCST90202918	GCST90202918	passed	""	source	""	0.966179147315259	estimated_from_source_maf	11295	11295	0	0	0	0	11295	0.01	0.5	0.966179147315259	0.0558721967331505	median implied SD=0.966, dispersion=0.056, n=11295	effect_scale_validation.R:v1
GCST90202919	GCST90202919	passed	""	source	""	0.92068372154982	estimated_from_source_maf	7946	7946	0	0	0	0	7946	0.01	0.5	0.92068372154982	0.0614247756820083	median implied SD=0.921, dispersion=0.061, n=7946	effect_scale_validation.R:v1
GCST90202920	GCST90202920	passed	""	source	""	0.938596143978184	estimated_from_source_maf	5812	5812	0	0	0	0	5812	0.01	0.5	0.938596143978184	0.0544758671259426	median implied SD=0.939, dispersion=0.054, n=5812	effect_scale_validation.R:v1
GCST90202921	GCST90202921	passed	""	source	""	0.955217422285713	estimated_from_source_maf	5756	5756	0	0	0	0	5756	0.01	0.5	0.955217422285713	0.0540672822868178	median implied SD=0.955, dispersion=0.054, n=5756	effect_scale_validation.R:v1
GCST90202922	GCST90202922	passed	""	source	""	0.960398665081909	estimated_from_source_maf	9169	9169	0	0	0	0	9169	0.01	0.5	0.960398665081909	0.0519415019377003	median implied SD=0.960, dispersion=0.052, n=9169	effect_scale_validation.R:v1
GCST90202923	GCST90202923	passed	""	source	""	0.901868300039939	estimated_from_source_maf	9842	9842	0	0	0	0	9842	0.01	0.5	0.901868300039939	0.0537186373410391	median implied SD=0.902, dispersion=0.054, n=9842	effect_scale_validation.R:v1
GCST90202924	GCST90202924	passed	""	source	""	0.937097096659909	estimated_from_source_maf	5855	5855	0	0	0	0	5855	0.01	0.5	0.937097096659909	0.063969396740875	median implied SD=0.937, dispersion=0.064, n=5855	effect_scale_validation.R:v1
GCST90202925	GCST90202925	passed	""	source	""	0.899701926289809	estimated_from_source_maf	9326	9326	0	0	0	0	9326	0.01	0.5	0.899701926289809	0.0604460195889799	median implied SD=0.900, dispersion=0.060, n=9326	effect_scale_validation.R:v1
GCST90202926	GCST90202926	passed	""	source	""	0.903238778921368	estimated_from_source_maf	11535	11535	0	0	0	1	11534	0.01	0.5	0.903238778921368	0.057574526331946	median implied SD=0.903, dispersion=0.058, n=11534	effect_scale_validation.R:v1
GCST90202927	GCST90202927	passed	""	source	""	0.964974459746354	estimated_from_source_maf	5659	5659	0	0	0	0	5659	0.01	0.5	0.964974459746354	0.0577490267646548	median implied SD=0.965, dispersion=0.058, n=5659	effect_scale_validation.R:v1
GCST90202928	GCST90202928	passed	""	source	""	0.914300866129904	estimated_from_source_maf	5756	5756	0	0	0	0	5756	0.01	0.5	0.914300866129904	0.0544174755790342	median implied SD=0.914, dispersion=0.054, n=5756	effect_scale_validation.R:v1
GCST90202929	GCST90202929	passed	""	source	""	0.947593235999536	estimated_from_source_maf	13664	13664	0	0	0	0	13664	0.01	0.5	0.947593235999536	0.0565960814011882	median implied SD=0.948, dispersion=0.057, n=13664	effect_scale_validation.R:v1
GCST90202930	GCST90202930	passed	""	source	""	0.998220392073862	estimated_from_source_maf	5512	5512	0	0	0	0	5512	0.01	0.5	0.998220392073862	0.0633470784829572	median implied SD=0.998, dispersion=0.063, n=5512	effect_scale_validation.R:v1
GCST90202931	GCST90202931	passed	""	source	""	0.976055137376982	estimated_from_source_maf	5699	5699	0	0	0	0	5699	0.01	0.5	0.976055137376982	0.0578307583804209	median implied SD=0.976, dispersion=0.058, n=5699	effect_scale_validation.R:v1
GCST90202932	GCST90202932	passed	""	source	""	0.963751461669543	estimated_from_source_maf	5760	5760	0	0	0	0	5760	0.01	0.5	0.963751461669543	0.0541081693732234	median implied SD=0.964, dispersion=0.054, n=5760	effect_scale_validation.R:v1
GCST90202933	GCST90202933	passed	""	source	""	0.953291645229065	estimated_from_source_maf	5769	5769	0	0	0	0	5769	0.01	0.5	0.953291645229065	0.0575411484239275	median implied SD=0.953, dispersion=0.058, n=5769	effect_scale_validation.R:v1
GCST90202934	GCST90202934	passed	""	source	""	0.870873247349838	estimated_from_source_maf	14290	14290	0	0	0	0	14290	0.01	0.5	0.870873247349838	0.0553139311277138	median implied SD=0.871, dispersion=0.055, n=14290	effect_scale_validation.R:v1
GCST90202935	GCST90202935	passed	""	source	""	0.997342475088969	estimated_from_source_maf	5796	5796	0	0	0	0	5796	0.01	0.5	0.997342475088969	0.0593736360333079	median implied SD=0.997, dispersion=0.059, n=5796	effect_scale_validation.R:v1
GCST90202936	GCST90202936	passed	""	source	""	0.960260954458757	estimated_from_source_maf	5761	5761	0	0	0	0	5761	0.01	0.5	0.960260954458757	0.053991544883913	median implied SD=0.960, dispersion=0.054, n=5761	effect_scale_validation.R:v1
GCST90202937	GCST90202937	passed	""	source	""	0.980860773577792	estimated_from_source_maf	5738	5738	0	0	0	0	5738	0.01	0.5	0.980860773577792	0.054528807682114	median implied SD=0.981, dispersion=0.055, n=5738	effect_scale_validation.R:v1
GCST90202938	GCST90202938	passed	""	source	""	0.950941063931544	estimated_from_source_maf	5661	5661	0	0	0	0	5661	0.01	0.5	0.950941063931544	0.0565820803436878	median implied SD=0.951, dispersion=0.057, n=5661	effect_scale_validation.R:v1
GCST90202939	GCST90202939	passed	""	source	""	0.982288402976941	estimated_from_source_maf	5631	5631	0	0	0	0	5631	0.01	0.5	0.982288402976941	0.0568146263233645	median implied SD=0.982, dispersion=0.057, n=5631	effect_scale_validation.R:v1
GCST90202940	GCST90202940	passed	""	source	""	0.997094351595409	estimated_from_source_maf	8391	8391	0	0	0	0	8391	0.01	0.5	0.997094351595409	0.0719361054403361	median implied SD=0.997, dispersion=0.072, n=8391	effect_scale_validation.R:v1
GCST90202941	GCST90202941	passed	""	source	""	0.990429100707029	estimated_from_source_maf	5825	5825	0	0	0	0	5825	0.01	0.5	0.990429100707029	0.0539523242386615	median implied SD=0.990, dispersion=0.054, n=5825	effect_scale_validation.R:v1
GCST90202942	GCST90202942	passed	""	source	""	0.981374387976775	estimated_from_source_maf	8753	8753	0	0	0	0	8753	0.01	0.5	0.981374387976775	0.0630048686956049	median implied SD=0.981, dispersion=0.063, n=8753	effect_scale_validation.R:v1
GCST90202943	GCST90202943	passed	""	source	""	0.93985807413873	estimated_from_source_maf	5797	5797	0	0	0	0	5797	0.01	0.5	0.93985807413873	0.0590771553237398	median implied SD=0.940, dispersion=0.059, n=5797	effect_scale_validation.R:v1
GCST90202944	GCST90202944	passed	""	source	""	0.974115533293688	estimated_from_source_maf	5605	5605	0	0	0	0	5605	0.01	0.5	0.974115533293688	0.0708937880929361	median implied SD=0.974, dispersion=0.071, n=5605	effect_scale_validation.R:v1
GCST90202945	GCST90202945	passed	""	source	""	0.942415408098028	estimated_from_source_maf	5726	5726	0	0	0	0	5726	0.01	0.5	0.942415408098028	0.0540558942801463	median implied SD=0.942, dispersion=0.054, n=5726	effect_scale_validation.R:v1
GCST90202946	GCST90202946	passed	""	source	""	0.891235063120429	estimated_from_source_maf	5735	5735	0	0	0	0	5735	0.01	0.5	0.891235063120429	0.053938044255854	median implied SD=0.891, dispersion=0.054, n=5735	effect_scale_validation.R:v1
GCST90202947	GCST90202947	passed	""	source	""	0.935387096997439	estimated_from_source_maf	10782	10782	0	0	0	0	10782	0.01	0.5	0.935387096997439	0.0601530647893125	median implied SD=0.935, dispersion=0.060, n=10782	effect_scale_validation.R:v1
GCST90202948	GCST90202948	passed	""	source	""	0.990467999693935	estimated_from_source_maf	5834	5834	0	0	0	0	5834	0.01	0.5	0.990467999693935	0.0613077112606014	median implied SD=0.990, dispersion=0.061, n=5834	effect_scale_validation.R:v1
GCST90202949	GCST90202949	passed	""	source	""	1.00562754396472	estimated_from_source_maf	5764	5764	0	0	0	0	5764	0.01	0.5	1.00562754396472	0.0559178929271704	median implied SD=1.006, dispersion=0.056, n=5764	effect_scale_validation.R:v1
GCST90202950	GCST90202950	passed	""	source	""	0.929848244326555	estimated_from_source_maf	5751	5751	0	0	0	0	5751	0.01	0.5	0.929848244326555	0.054254716601973	median implied SD=0.930, dispersion=0.054, n=5751	effect_scale_validation.R:v1
GCST90202951	GCST90202951	passed	""	source	""	0.939200164601091	estimated_from_source_maf	5713	5713	0	0	0	0	5713	0.01	0.5	0.939200164601091	0.0541962834622103	median implied SD=0.939, dispersion=0.054, n=5713	effect_scale_validation.R:v1
GCST90202952	GCST90202952	passed	""	source	""	0.967133447396333	estimated_from_source_maf	9315	9315	0	0	0	0	9315	0.01	0.5	0.967133447396333	0.0610376689597665	median implied SD=0.967, dispersion=0.061, n=9315	effect_scale_validation.R:v1
GCST90202953	GCST90202953	passed	""	source	""	0.930676919397102	estimated_from_source_maf	8724	8724	0	0	0	0	8724	0.01	0.5	0.930676919397102	0.0562557101085561	median implied SD=0.931, dispersion=0.056, n=8724	effect_scale_validation.R:v1
GCST90202954	GCST90202954	passed	""	source	""	0.9346250771707	estimated_from_source_maf	5717	5717	0	0	0	0	5717	0.01	0.5	0.9346250771707	0.0536127817397318	median implied SD=0.935, dispersion=0.054, n=5717	effect_scale_validation.R:v1
GCST90202955	GCST90202955	passed	""	source	""	1.00065296857901	estimated_from_source_maf	5800	5800	0	0	0	0	5800	0.01	0.5	1.00065296857901	0.0593846766819299	median implied SD=1.001, dispersion=0.059, n=5800	effect_scale_validation.R:v1
GCST90202956	GCST90202956	passed	""	source	""	0.825088253632422	estimated_from_source_maf	5751	5751	0	0	0	0	5751	0.01	0.5	0.825088253632422	0.0545239751901624	median implied SD=0.825, dispersion=0.055, n=5751	effect_scale_validation.R:v1
GCST90202957	GCST90202957	passed	""	source	""	0.980382755922925	estimated_from_source_maf	8726	8726	0	0	0	0	8726	0.01	0.5	0.980382755922925	0.0537110492048529	median implied SD=0.980, dispersion=0.054, n=8726	effect_scale_validation.R:v1
GCST90202958	GCST90202958	passed	""	source	""	0.898710197754968	estimated_from_source_maf	5824	5824	0	0	0	0	5824	0.01	0.5	0.898710197754968	0.059085683727498	median implied SD=0.899, dispersion=0.059, n=5824	effect_scale_validation.R:v1
GCST90202959	GCST90202959	passed	""	source	""	0.989039779461062	estimated_from_source_maf	8334	8334	0	0	0	0	8334	0.01	0.5	0.989039779461062	0.0548742104956611	median implied SD=0.989, dispersion=0.055, n=8334	effect_scale_validation.R:v1
GCST90202960	GCST90202960	passed	""	source	""	0.890961957558481	estimated_from_source_maf	9216	9216	0	0	0	0	9216	0.01	0.5	0.890961957558481	0.0547600777246627	median implied SD=0.891, dispersion=0.055, n=9216	effect_scale_validation.R:v1
GCST90202961	GCST90202961	passed	""	source	""	0.939771127985454	estimated_from_source_maf	9570	9570	0	0	0	0	9570	0.01	0.5	0.939771127985454	0.0491842624472609	median implied SD=0.940, dispersion=0.049, n=9570	effect_scale_validation.R:v1
GCST90202962	GCST90202962	passed	""	source	""	0.885605710915368	estimated_from_source_maf	12537	12537	0	0	0	2	12535	0.01	0.5	0.885605710915368	0.0665570908305286	median implied SD=0.886, dispersion=0.067, n=12535	effect_scale_validation.R:v1
GCST90202963	GCST90202963	passed	""	source	""	1.00520328540404	estimated_from_source_maf	5532	5532	0	0	0	0	5532	0.01	0.5	1.00520328540404	0.0611358476938955	median implied SD=1.005, dispersion=0.061, n=5532	effect_scale_validation.R:v1
GCST90202964	GCST90202964	passed	""	source	""	0.98033338707652	estimated_from_source_maf	32529	32529	0	0	0	19	32510	0.01	0.5	0.98033338707652	0.06515844168996	median implied SD=0.980, dispersion=0.065, n=32510	effect_scale_validation.R:v1
GCST90202965	GCST90202965	passed	""	source	""	0.925904881887678	estimated_from_source_maf	5787	5787	0	0	0	1	5786	0.01	0.5	0.925904881887678	0.0622729553768727	median implied SD=0.926, dispersion=0.062, n=5786	effect_scale_validation.R:v1
GCST90202966	GCST90202966	passed	""	source	""	0.927224287499523	estimated_from_source_maf	5632	5632	0	0	0	0	5632	0.01	0.5	0.927224287499523	0.0577210894801935	median implied SD=0.927, dispersion=0.058, n=5632	effect_scale_validation.R:v1
GCST90202967	GCST90202967	passed	""	source	""	0.98586510745574	estimated_from_source_maf	5668	5668	0	0	0	0	5668	0.01	0.5	0.98586510745574	0.0551771086359288	median implied SD=0.986, dispersion=0.055, n=5668	effect_scale_validation.R:v1
GCST90202968	GCST90202968	passed	""	source	""	0.907399809507232	estimated_from_source_maf	7706	7706	0	0	0	1	7705	0.01	0.5	0.907399809507232	0.0636300126497474	median implied SD=0.907, dispersion=0.064, n=7705	effect_scale_validation.R:v1
GCST90202969	GCST90202969	passed	""	source	""	0.966732824753937	estimated_from_source_maf	5581	5581	0	0	0	0	5581	0.01	0.5	0.966732824753937	0.0539209299341514	median implied SD=0.967, dispersion=0.054, n=5581	effect_scale_validation.R:v1
GCST90202970	GCST90202970	passed	""	source	""	0.971383878899378	estimated_from_source_maf	5674	5674	0	0	0	0	5674	0.01	0.5	0.971383878899378	0.0579927221469764	median implied SD=0.971, dispersion=0.058, n=5674	effect_scale_validation.R:v1
GCST90202971	GCST90202971	passed	""	source	""	0.971233633937787	estimated_from_source_maf	5646	5646	0	0	0	0	5646	0.01	0.5	0.971233633937787	0.0553980168280322	median implied SD=0.971, dispersion=0.055, n=5646	effect_scale_validation.R:v1
GCST90202972	GCST90202972	passed	""	source	""	0.923995276176765	estimated_from_source_maf	5762	5762	0	0	0	0	5762	0.01	0.5	0.923995276176765	0.0570479199679116	median implied SD=0.924, dispersion=0.057, n=5762	effect_scale_validation.R:v1
GCST90202973	GCST90202973	passed	""	source	""	0.967945801256137	estimated_from_source_maf	8578	8578	0	0	0	0	8578	0.01	0.5	0.967945801256137	0.0543435592280994	median implied SD=0.968, dispersion=0.054, n=8578	effect_scale_validation.R:v1
GCST90202974	GCST90202974	passed	""	source	""	0.968729021765629	estimated_from_source_maf	5635	5635	0	0	0	0	5635	0.01	0.5	0.968729021765629	0.0552495030077589	median implied SD=0.969, dispersion=0.055, n=5635	effect_scale_validation.R:v1
GCST90202975	GCST90202975	passed	""	source	""	0.948735645247353	estimated_from_source_maf	5819	5819	0	0	0	0	5819	0.01	0.5	0.948735645247353	0.0544951254379761	median implied SD=0.949, dispersion=0.054, n=5819	effect_scale_validation.R:v1
GCST90202976	GCST90202976	passed	""	source	""	0.952478685603267	estimated_from_source_maf	5769	5769	0	0	0	0	5769	0.01	0.5	0.952478685603267	0.0537460743504003	median implied SD=0.952, dispersion=0.054, n=5769	effect_scale_validation.R:v1
GCST90202977	GCST90202977	passed	""	source	""	0.92757839264651	estimated_from_source_maf	5787	5787	0	0	0	0	5787	0.01	0.5	0.92757839264651	0.054131975325356	median implied SD=0.928, dispersion=0.054, n=5787	effect_scale_validation.R:v1
GCST90202978	GCST90202978	passed	""	source	""	0.875402874567798	estimated_from_source_maf	5716	5716	0	0	0	0	5716	0.01	0.5	0.875402874567798	0.053714287845474	median implied SD=0.875, dispersion=0.054, n=5716	effect_scale_validation.R:v1
GCST90202979	GCST90202979	passed	""	source	""	0.977661370952101	estimated_from_source_maf	5787	5787	0	0	0	0	5787	0.01	0.5	0.977661370952101	0.052968300824091	median implied SD=0.978, dispersion=0.053, n=5787	effect_scale_validation.R:v1
GCST90202980	GCST90202980	passed	""	source	""	0.999529265822538	estimated_from_source_maf	5565	5565	0	0	0	0	5565	0.01	0.5	0.999529265822538	0.0562708787053418	median implied SD=1.000, dispersion=0.056, n=5565	effect_scale_validation.R:v1
GCST90202981	GCST90202981	passed	""	source	""	0.97307328679104	estimated_from_source_maf	5715	5715	0	0	0	0	5715	0.01	0.5	0.97307328679104	0.0530930212537967	median implied SD=0.973, dispersion=0.053, n=5715	effect_scale_validation.R:v1
GCST90202982	GCST90202982	passed	""	source	""	0.976563929249886	estimated_from_source_maf	5772	5772	0	0	0	0	5772	0.01	0.5	0.976563929249886	0.0561474108615101	median implied SD=0.977, dispersion=0.056, n=5772	effect_scale_validation.R:v1
GCST90202983	GCST90202983	passed	""	source	""	0.957878817356477	estimated_from_source_maf	12402	12402	0	0	0	0	12402	0.01	0.5	0.957878817356477	0.0577397699033804	median implied SD=0.958, dispersion=0.058, n=12402	effect_scale_validation.R:v1
GCST90202984	GCST90202984	passed	""	source	""	0.883156822673802	estimated_from_source_maf	8058	8058	0	0	0	0	8058	0.01	0.5	0.883156822673802	0.0570786587240161	median implied SD=0.883, dispersion=0.057, n=8058	effect_scale_validation.R:v1
GCST90202985	GCST90202985	passed	""	source	""	0.957650829099095	estimated_from_source_maf	5816	5816	0	0	0	0	5816	0.01	0.5	0.957650829099095	0.0578912188497699	median implied SD=0.958, dispersion=0.058, n=5816	effect_scale_validation.R:v1
GCST90202986	GCST90202986	passed	""	source	""	0.961400980037439	estimated_from_source_maf	9922	9922	0	0	0	0	9922	0.01	0.5	0.961400980037439	0.0573866116944227	median implied SD=0.961, dispersion=0.057, n=9922	effect_scale_validation.R:v1
GCST90202987	GCST90202987	passed	""	source	""	0.969337425586662	estimated_from_source_maf	5719	5719	0	0	0	0	5719	0.01	0.5	0.969337425586662	0.0535100349479073	median implied SD=0.969, dispersion=0.054, n=5719	effect_scale_validation.R:v1
GCST90202988	GCST90202988	passed	""	source	""	0.972470092752408	estimated_from_source_maf	5756	5756	0	0	0	0	5756	0.01	0.5	0.972470092752408	0.0540083179957432	median implied SD=0.972, dispersion=0.054, n=5756	effect_scale_validation.R:v1
GCST90202989	GCST90202989	passed	""	source	""	0.937066255434422	estimated_from_source_maf	5557	5557	0	0	0	0	5557	0.01	0.5	0.937066255434422	0.0547360348969891	median implied SD=0.937, dispersion=0.055, n=5557	effect_scale_validation.R:v1
GCST90202990	GCST90202990	passed	""	source	""	0.971543350909537	estimated_from_source_maf	8583	8583	0	0	0	0	8583	0.01	0.5	0.971543350909537	0.0521481797652349	median implied SD=0.972, dispersion=0.052, n=8583	effect_scale_validation.R:v1
GCST90202991	GCST90202991	passed	""	source	""	0.964941774536963	estimated_from_source_maf	14294	14294	0	0	0	0	14294	0.01	0.5	0.964941774536963	0.0502444081048507	median implied SD=0.965, dispersion=0.050, n=14294	effect_scale_validation.R:v1
GCST90202992	GCST90202992	passed	""	source	""	0.969903933561435	estimated_from_source_maf	10055	10055	0	0	0	0	10055	0.01	0.5	0.969903933561435	0.0515745008554856	median implied SD=0.970, dispersion=0.052, n=10055	effect_scale_validation.R:v1
GCST90202993	GCST90202993	passed	""	source	""	0.90938957586967	estimated_from_source_maf	5824	5824	0	0	0	0	5824	0.01	0.5	0.90938957586967	0.0572954640383786	median implied SD=0.909, dispersion=0.057, n=5824	effect_scale_validation.R:v1
GCST90202994	GCST90202994	passed	""	source	""	0.971709805093683	estimated_from_source_maf	8257	8257	0	0	0	0	8257	0.01	0.5	0.971709805093683	0.0511880316665734	median implied SD=0.972, dispersion=0.051, n=8257	effect_scale_validation.R:v1
GCST90202995	GCST90202995	passed	""	source	""	0.972075359951598	estimated_from_source_maf	5666	5666	0	0	0	0	5666	0.01	0.5	0.972075359951598	0.0618843910699127	median implied SD=0.972, dispersion=0.062, n=5666	effect_scale_validation.R:v1
GCST90202996	GCST90202996	passed	""	source	""	0.989430817469131	estimated_from_source_maf	5803	5803	0	0	0	0	5803	0.01	0.5	0.989430817469131	0.0546595401180461	median implied SD=0.989, dispersion=0.055, n=5803	effect_scale_validation.R:v1
GCST90202997	GCST90202997	passed	""	source	""	0.953119481084164	estimated_from_source_maf	12824	12824	0	0	0	0	12824	0.01	0.5	0.953119481084164	0.0528037539916342	median implied SD=0.953, dispersion=0.053, n=12824	effect_scale_validation.R:v1
GCST90202998	GCST90202998	passed	""	source	""	0.963625174971699	estimated_from_source_maf	5572	5572	0	0	0	0	5572	0.01	0.5	0.963625174971699	0.0573892028875026	median implied SD=0.964, dispersion=0.057, n=5572	effect_scale_validation.R:v1
GCST90202999	GCST90202999	passed	""	source	""	0.921368778600869	estimated_from_source_maf	5733	5733	0	0	0	0	5733	0.01	0.5	0.921368778600869	0.0533842057201673	median implied SD=0.921, dispersion=0.053, n=5733	effect_scale_validation.R:v1
GCST90203000	GCST90203000	passed	""	source	""	0.935794380373179	estimated_from_source_maf	5690	5690	0	0	0	0	5690	0.01	0.5	0.935794380373179	0.057633068439546	median implied SD=0.936, dispersion=0.058, n=5690	effect_scale_validation.R:v1
GCST90203001	GCST90203001	passed	""	source	""	0.972996797059406	estimated_from_source_maf	5761	5761	0	0	0	0	5761	0.01	0.5	0.972996797059406	0.0540410103170438	median implied SD=0.973, dispersion=0.054, n=5761	effect_scale_validation.R:v1
GCST90203002	GCST90203002	passed	""	source	""	0.952542194493365	estimated_from_source_maf	5718	5718	0	0	0	0	5718	0.01	0.5	0.952542194493365	0.0535664639991333	median implied SD=0.953, dispersion=0.054, n=5718	effect_scale_validation.R:v1
GCST90203003	GCST90203003	passed	""	source	""	0.963741931200699	estimated_from_source_maf	5714	5714	0	0	0	0	5714	0.01	0.5	0.963741931200699	0.0532052139999912	median implied SD=0.964, dispersion=0.053, n=5714	effect_scale_validation.R:v1
GCST90203004	GCST90203004	passed	""	source	""	0.969762925866425	estimated_from_source_maf	5772	5772	0	0	0	0	5772	0.01	0.5	0.969762925866425	0.0545112626355603	median implied SD=0.970, dispersion=0.055, n=5772	effect_scale_validation.R:v1
GCST90203005	GCST90203005	passed	""	source	""	0.97593344898362	estimated_from_source_maf	8524	8524	0	0	0	0	8524	0.01	0.5	0.97593344898362	0.0483035364828695	median implied SD=0.976, dispersion=0.048, n=8524	effect_scale_validation.R:v1
GCST90203006	GCST90203006	passed	""	source	""	0.995958659814424	estimated_from_source_maf	9677	9677	0	0	0	0	9677	0.01	0.5	0.995958659814424	0.0578211018495147	median implied SD=0.996, dispersion=0.058, n=9677	effect_scale_validation.R:v1
GCST90203007	GCST90203007	passed	""	source	""	0.911050219680393	estimated_from_source_maf	5739	5739	0	0	0	0	5739	0.01	0.5	0.911050219680393	0.053982437688828	median implied SD=0.911, dispersion=0.054, n=5739	effect_scale_validation.R:v1
GCST90203008	GCST90203008	passed	""	source	""	0.984887578990902	estimated_from_source_maf	5783	5783	0	0	0	0	5783	0.01	0.5	0.984887578990902	0.0546932231148672	median implied SD=0.985, dispersion=0.055, n=5783	effect_scale_validation.R:v1
GCST90203009	GCST90203009	passed	""	source	""	0.968043555314175	estimated_from_source_maf	5732	5732	0	0	0	0	5732	0.01	0.5	0.968043555314175	0.0541333333190048	median implied SD=0.968, dispersion=0.054, n=5732	effect_scale_validation.R:v1
GCST90203010	GCST90203010	passed	""	source	""	0.949869402182664	estimated_from_source_maf	5792	5792	0	0	0	0	5792	0.01	0.5	0.949869402182664	0.0538649821263374	median implied SD=0.950, dispersion=0.054, n=5792	effect_scale_validation.R:v1
GCST90203011	GCST90203011	passed	""	source	""	0.9949191542534	estimated_from_source_maf	13337	13337	0	0	0	0	13337	0.01	0.5	0.9949191542534	0.05856310334035	median implied SD=0.995, dispersion=0.059, n=13337	effect_scale_validation.R:v1
GCST90203012	GCST90203012	passed	""	source	""	0.862879720969102	estimated_from_source_maf	11325	11325	0	0	0	0	11325	0.01	0.5	0.862879720969102	0.0638579045952912	median implied SD=0.863, dispersion=0.064, n=11325	effect_scale_validation.R:v1
GCST90203013	GCST90203013	passed	""	source	""	0.92718290728047	estimated_from_source_maf	5739	5739	0	0	0	0	5739	0.01	0.5	0.92718290728047	0.0534289262468038	median implied SD=0.927, dispersion=0.053, n=5739	effect_scale_validation.R:v1
GCST90203014	GCST90203014	passed	""	source	""	0.948205297006878	estimated_from_source_maf	5767	5767	0	0	0	4	5763	0.01	0.5	0.948205297006878	0.0671281011401728	median implied SD=0.948, dispersion=0.067, n=5763	effect_scale_validation.R:v1
GCST90203015	GCST90203015	passed	""	source	""	0.881411772985147	estimated_from_source_maf	5734	5734	0	0	0	0	5734	0.01	0.5	0.881411772985147	0.0537290900366519	median implied SD=0.881, dispersion=0.054, n=5734	effect_scale_validation.R:v1
GCST90203016	GCST90203016	passed	""	source	""	0.922448152568937	estimated_from_source_maf	5766	5766	0	0	0	0	5766	0.01	0.5	0.922448152568937	0.0539355954877855	median implied SD=0.922, dispersion=0.054, n=5766	effect_scale_validation.R:v1
GCST90203017	GCST90203017	passed	""	source	""	0.991339195452866	estimated_from_source_maf	5787	5787	0	0	0	0	5787	0.01	0.5	0.991339195452866	0.0568829602847016	median implied SD=0.991, dispersion=0.057, n=5787	effect_scale_validation.R:v1
GCST90203018	GCST90203018	passed	""	source	""	0.913965387864942	estimated_from_source_maf	10800	10800	0	0	0	0	10800	0.01	0.5	0.913965387864942	0.0627963053374946	median implied SD=0.914, dispersion=0.063, n=10800	effect_scale_validation.R:v1
GCST90203019	GCST90203019	passed	""	source	""	0.90479303983003	estimated_from_source_maf	5745	5745	0	0	0	0	5745	0.01	0.5	0.90479303983003	0.0539046686045012	median implied SD=0.905, dispersion=0.054, n=5745	effect_scale_validation.R:v1
GCST90203020	GCST90203020	passed	""	source	""	0.958848766232896	estimated_from_source_maf	5551	5551	0	0	0	3	5548	0.01	0.5	0.958848766232896	0.0681067169711647	median implied SD=0.959, dispersion=0.068, n=5548	effect_scale_validation.R:v1
GCST90203021	GCST90203021	passed	""	source	""	0.960912150936064	estimated_from_source_maf	5818	5818	0	0	0	0	5818	0.01	0.5	0.960912150936064	0.0573045155523545	median implied SD=0.961, dispersion=0.057, n=5818	effect_scale_validation.R:v1
GCST90203022	GCST90203022	passed	""	source	""	0.978570139706224	estimated_from_source_maf	5809	5809	0	0	0	1	5808	0.01	0.5	0.978570139706224	0.0693537983834374	median implied SD=0.979, dispersion=0.069, n=5808	effect_scale_validation.R:v1
GCST90203023	GCST90203023	passed	""	source	""	0.941633794284852	estimated_from_source_maf	5781	5781	0	0	0	0	5781	0.01	0.5	0.941633794284852	0.0542966032408583	median implied SD=0.942, dispersion=0.054, n=5781	effect_scale_validation.R:v1
GCST90203024	GCST90203024	passed	""	source	""	0.987644558436947	estimated_from_source_maf	5753	5753	0	0	0	0	5753	0.01	0.5	0.987644558436947	0.0566771723280906	median implied SD=0.988, dispersion=0.057, n=5753	effect_scale_validation.R:v1
GCST90203025	GCST90203025	passed	""	source	""	0.990437359157627	estimated_from_source_maf	8035	8035	0	0	0	0	8035	0.01	0.5	0.990437359157627	0.0572271418169046	median implied SD=0.990, dispersion=0.057, n=8035	effect_scale_validation.R:v1
GCST90203026	GCST90203026	passed	""	source	""	0.971455415926932	estimated_from_source_maf	5716	5716	0	0	0	0	5716	0.01	0.5	0.971455415926932	0.0535330413168168	median implied SD=0.971, dispersion=0.054, n=5716	effect_scale_validation.R:v1
GCST90203027	GCST90203027	passed	""	source	""	0.963644921517071	estimated_from_source_maf	5633	5633	0	0	0	0	5633	0.01	0.5	0.963644921517071	0.0579749581965558	median implied SD=0.964, dispersion=0.058, n=5633	effect_scale_validation.R:v1
GCST90203028	GCST90203028	passed	""	source	""	0.960610367575524	estimated_from_source_maf	10033	10033	0	0	0	0	10033	0.01	0.5	0.960610367575524	0.0549554062150142	median implied SD=0.961, dispersion=0.055, n=10033	effect_scale_validation.R:v1
GCST90203029	GCST90203029	passed	""	source	""	0.965647906577921	estimated_from_source_maf	5591	5591	0	0	0	0	5591	0.01	0.5	0.965647906577921	0.0542034831022427	median implied SD=0.966, dispersion=0.054, n=5591	effect_scale_validation.R:v1
GCST90203030	GCST90203030	passed	""	source	""	1.00048421218951	estimated_from_source_maf	5724	5724	0	0	0	0	5724	0.01	0.5	1.00048421218951	0.0535622354060166	median implied SD=1.000, dispersion=0.054, n=5724	effect_scale_validation.R:v1
GCST90203031	GCST90203031	passed	""	source	""	0.957397608936686	estimated_from_source_maf	5714	5714	0	0	0	0	5714	0.01	0.5	0.957397608936686	0.053141379006851	median implied SD=0.957, dispersion=0.053, n=5714	effect_scale_validation.R:v1
GCST90203032	GCST90203032	passed	""	source	""	0.999922553075299	estimated_from_source_maf	5711	5711	0	0	0	0	5711	0.01	0.5	0.999922553075299	0.0537174185706663	median implied SD=1.000, dispersion=0.054, n=5711	effect_scale_validation.R:v1
GCST90203033	GCST90203033	passed	""	source	""	0.957740131133213	estimated_from_source_maf	5791	5791	0	0	0	0	5791	0.01	0.5	0.957740131133213	0.0625860995121192	median implied SD=0.958, dispersion=0.063, n=5791	effect_scale_validation.R:v1
GCST90203034	GCST90203034	passed	""	source	""	0.88405016100005	estimated_from_source_maf	9296	9296	0	0	0	0	9296	0.01	0.5	0.88405016100005	0.0560778763386507	median implied SD=0.884, dispersion=0.056, n=9296	effect_scale_validation.R:v1
GCST90203035	GCST90203035	passed	""	source	""	0.942245395426805	estimated_from_source_maf	9842	9842	0	0	0	0	9842	0.01	0.5	0.942245395426805	0.0507249733788847	median implied SD=0.942, dispersion=0.051, n=9842	effect_scale_validation.R:v1
GCST90203036	GCST90203036	passed	""	source	""	0.961736684419271	estimated_from_source_maf	13894	13894	0	0	0	16	13878	0.01	0.5	0.961736684419271	0.0703330984933935	median implied SD=0.962, dispersion=0.070, n=13878	effect_scale_validation.R:v1
GCST90203037	GCST90203037	passed	""	source	""	0.943820984349977	estimated_from_source_maf	5761	5761	0	0	0	0	5761	0.01	0.5	0.943820984349977	0.0539473172435293	median implied SD=0.944, dispersion=0.054, n=5761	effect_scale_validation.R:v1
GCST90203038	GCST90203038	passed	""	source	""	0.949532552313833	estimated_from_source_maf	8796	8796	0	0	0	0	8796	0.01	0.5	0.949532552313833	0.0563113038803702	median implied SD=0.950, dispersion=0.056, n=8796	effect_scale_validation.R:v1
GCST90203039	GCST90203039	passed	""	source	""	0.974281397443452	estimated_from_source_maf	13470	13470	0	0	0	0	13470	0.01	0.5	0.974281397443452	0.0506720245699569	median implied SD=0.974, dispersion=0.051, n=13470	effect_scale_validation.R:v1
GCST90203040	GCST90203040	passed	""	source	""	0.886514852453021	estimated_from_source_maf	5605	5605	0	0	0	0	5605	0.01	0.5	0.886514852453021	0.0542909178208783	median implied SD=0.887, dispersion=0.054, n=5605	effect_scale_validation.R:v1
GCST90203041	GCST90203041	passed	""	source	""	0.930736473644853	estimated_from_source_maf	5791	5791	0	0	0	0	5791	0.01	0.5	0.930736473644853	0.056826049263185	median implied SD=0.931, dispersion=0.057, n=5791	effect_scale_validation.R:v1
GCST90203042	GCST90203042	passed	""	source	""	0.916998685163	estimated_from_source_maf	5638	5638	0	0	0	0	5638	0.01	0.5	0.916998685163	0.0571805711268424	median implied SD=0.917, dispersion=0.057, n=5638	effect_scale_validation.R:v1
GCST90203043	GCST90203043	passed	""	source	""	0.960793159274375	estimated_from_source_maf	8095	8095	0	0	0	0	8095	0.01	0.5	0.960793159274375	0.053720261679282	median implied SD=0.961, dispersion=0.054, n=8095	effect_scale_validation.R:v1
GCST90203044	GCST90203044	passed	""	source	""	0.984998486407668	estimated_from_source_maf	5813	5813	0	0	0	0	5813	0.01	0.5	0.984998486407668	0.0546016951591108	median implied SD=0.985, dispersion=0.055, n=5813	effect_scale_validation.R:v1
GCST90203045	GCST90203045	passed	""	source	""	0.899798736113011	estimated_from_source_maf	5774	5774	0	0	0	0	5774	0.01	0.5	0.899798736113011	0.0541535358506285	median implied SD=0.900, dispersion=0.054, n=5774	effect_scale_validation.R:v1
GCST90203046	GCST90203046	passed	""	source	""	0.926605936661913	estimated_from_source_maf	8740	8740	0	0	0	0	8740	0.01	0.5	0.926605936661913	0.0546406071438599	median implied SD=0.927, dispersion=0.055, n=8740	effect_scale_validation.R:v1
GCST90203047	GCST90203047	passed	""	source	""	0.993358757830975	estimated_from_source_maf	5756	5756	0	0	0	0	5756	0.01	0.5	0.993358757830975	0.0549771767275279	median implied SD=0.993, dispersion=0.055, n=5756	effect_scale_validation.R:v1
GCST90203048	GCST90203048	passed	""	source	""	0.946788493268004	estimated_from_source_maf	8944	8944	0	0	0	0	8944	0.01	0.5	0.946788493268004	0.05294709145036	median implied SD=0.947, dispersion=0.053, n=8944	effect_scale_validation.R:v1
GCST90203049	GCST90203049	passed	""	source	""	0.832929410404682	estimated_from_source_maf	5757	5757	0	0	0	0	5757	0.01	0.5	0.832929410404682	0.0543121673183501	median implied SD=0.833, dispersion=0.054, n=5757	effect_scale_validation.R:v1
GCST90203050	GCST90203050	passed	""	source	""	0.902599995696745	estimated_from_source_maf	5710	5710	0	0	0	0	5710	0.01	0.5	0.902599995696745	0.0535046116365211	median implied SD=0.903, dispersion=0.054, n=5710	effect_scale_validation.R:v1
GCST90203051	GCST90203051	passed	""	source	""	0.915991104885202	estimated_from_source_maf	5582	5582	0	0	0	0	5582	0.01	0.5	0.915991104885202	0.0545197655911408	median implied SD=0.916, dispersion=0.055, n=5582	effect_scale_validation.R:v1
GCST90203052	GCST90203052	passed	""	source	""	0.934945112561142	estimated_from_source_maf	5568	5568	0	0	0	0	5568	0.01	0.5	0.934945112561142	0.0549136752306739	median implied SD=0.935, dispersion=0.055, n=5568	effect_scale_validation.R:v1
GCST90203053	GCST90203053	passed	""	source	""	0.881404899947476	estimated_from_source_maf	9237	9237	0	0	0	0	9237	0.01	0.5	0.881404899947476	0.0498506781907927	median implied SD=0.881, dispersion=0.050, n=9237	effect_scale_validation.R:v1
GCST90203054	GCST90203054	passed	""	source	""	0.912140371729299	estimated_from_source_maf	5688	5688	0	0	0	0	5688	0.01	0.5	0.912140371729299	0.0640389439140265	median implied SD=0.912, dispersion=0.064, n=5688	effect_scale_validation.R:v1
GCST90203055	GCST90203055	passed	""	source	""	0.900849129604785	estimated_from_source_maf	5633	5633	0	0	0	0	5633	0.01	0.5	0.900849129604785	0.0576363347918143	median implied SD=0.901, dispersion=0.058, n=5633	effect_scale_validation.R:v1
GCST90203056	GCST90203056	passed	""	source	""	0.943024411427968	estimated_from_source_maf	8589	8589	0	0	0	3	8586	0.01	0.5	0.943024411427968	0.0692291616496161	median implied SD=0.943, dispersion=0.069, n=8586	effect_scale_validation.R:v1
GCST90203057	GCST90203057	passed	""	source	""	0.904023605381962	estimated_from_source_maf	8963	8963	0	0	0	0	8963	0.01	0.5	0.904023605381962	0.0542892184960593	median implied SD=0.904, dispersion=0.054, n=8963	effect_scale_validation.R:v1
GCST90203058	GCST90203058	passed	""	source	""	0.884667932385767	estimated_from_source_maf	9090	9090	0	0	0	0	9090	0.01	0.5	0.884667932385767	0.0577879276658208	median implied SD=0.885, dispersion=0.058, n=9090	effect_scale_validation.R:v1
GCST90203059	GCST90203059	passed	""	source	""	0.869349021988534	estimated_from_source_maf	5712	5712	0	0	0	0	5712	0.01	0.5	0.869349021988534	0.0534441752641528	median implied SD=0.869, dispersion=0.053, n=5712	effect_scale_validation.R:v1
GCST90203060	GCST90203060	passed	""	source	""	0.903482763572913	estimated_from_source_maf	5674	5674	0	0	0	0	5674	0.01	0.5	0.903482763572913	0.0648696801650311	median implied SD=0.903, dispersion=0.065, n=5674	effect_scale_validation.R:v1
GCST90203061	GCST90203061	passed	""	source	""	0.884603373649823	estimated_from_source_maf	31392	31392	0	0	0	1	31391	0.01	0.5	0.884603373649823	0.071740615533878	median implied SD=0.885, dispersion=0.072, n=31391	effect_scale_validation.R:v1
GCST90203062	GCST90203062	passed	""	source	""	0.965658373250356	estimated_from_source_maf	5651	5651	0	0	0	0	5651	0.01	0.5	0.965658373250356	0.0552932140270077	median implied SD=0.966, dispersion=0.055, n=5651	effect_scale_validation.R:v1
GCST90203063	GCST90203063	passed	""	source	""	0.98030659841192	estimated_from_source_maf	5777	5777	0	0	0	0	5777	0.01	0.5	0.98030659841192	0.0544413294770108	median implied SD=0.980, dispersion=0.054, n=5777	effect_scale_validation.R:v1
GCST90203064	GCST90203064	passed	""	source	""	0.834811708877982	estimated_from_source_maf	5746	5746	0	0	0	0	5746	0.01	0.5	0.834811708877982	0.054219198832333	median implied SD=0.835, dispersion=0.054, n=5746	effect_scale_validation.R:v1
GCST90203065	GCST90203065	passed	""	source	""	0.976392205683051	estimated_from_source_maf	5887	5887	0	0	0	0	5887	0.01	0.5	0.976392205683051	0.0681336955596309	median implied SD=0.976, dispersion=0.068, n=5887	effect_scale_validation.R:v1
GCST90203066	GCST90203066	passed	""	source	""	0.871456872878717	estimated_from_source_maf	5759	5759	0	0	0	0	5759	0.01	0.5	0.871456872878717	0.0538950741598578	median implied SD=0.871, dispersion=0.054, n=5759	effect_scale_validation.R:v1
GCST90203067	GCST90203067	passed	""	source	""	0.871930080115062	estimated_from_source_maf	5737	5737	0	0	0	0	5737	0.01	0.5	0.871930080115062	0.0535643759984828	median implied SD=0.872, dispersion=0.054, n=5737	effect_scale_validation.R:v1
GCST90203068	GCST90203068	passed	""	source	""	0.807726421579007	estimated_from_source_maf	5676	5676	0	0	0	0	5676	0.01	0.5	0.807726421579007	0.0584207094271445	median implied SD=0.808, dispersion=0.058, n=5676	effect_scale_validation.R:v1
GCST90203069	GCST90203069	passed	""	source	""	0.945036588965037	estimated_from_source_maf	7998	7998	0	0	0	2	7996	0.01	0.5	0.945036588965037	0.064005631784965	median implied SD=0.945, dispersion=0.064, n=7996	effect_scale_validation.R:v1
GCST90203070	GCST90203070	passed	""	source	""	0.955938233219636	estimated_from_source_maf	5619	5619	0	0	0	1	5618	0.01	0.5	0.955938233219636	0.0712005188000645	median implied SD=0.956, dispersion=0.071, n=5618	effect_scale_validation.R:v1
GCST90203071	GCST90203071	passed	""	source	""	0.961198183988102	estimated_from_source_maf	5776	5776	0	0	0	0	5776	0.01	0.5	0.961198183988102	0.0540139135212434	median implied SD=0.961, dispersion=0.054, n=5776	effect_scale_validation.R:v1
GCST90203072	GCST90203072	passed	""	source	""	0.929742132332958	estimated_from_source_maf	5746	5746	0	0	0	0	5746	0.01	0.5	0.929742132332958	0.0538598310472852	median implied SD=0.930, dispersion=0.054, n=5746	effect_scale_validation.R:v1
GCST90203073	GCST90203073	passed	""	source	""	0.860635701693273	estimated_from_source_maf	5624	5624	0	0	0	0	5624	0.01	0.5	0.860635701693273	0.0544280390034954	median implied SD=0.861, dispersion=0.054, n=5624	effect_scale_validation.R:v1
GCST90203074	GCST90203074	passed	""	source	""	0.982810220685488	estimated_from_source_maf	5604	5604	0	0	0	0	5604	0.01	0.5	0.982810220685488	0.0547611948500143	median implied SD=0.983, dispersion=0.055, n=5604	effect_scale_validation.R:v1
GCST90203075	GCST90203075	passed	""	source	""	0.905407644983886	estimated_from_source_maf	5719	5719	0	0	0	0	5719	0.01	0.5	0.905407644983886	0.0540008669414257	median implied SD=0.905, dispersion=0.054, n=5719	effect_scale_validation.R:v1
GCST90203076	GCST90203076	passed	""	source	""	0.996002954741362	estimated_from_source_maf	5725	5725	0	0	0	0	5725	0.01	0.5	0.996002954741362	0.0535577828063632	median implied SD=0.996, dispersion=0.054, n=5725	effect_scale_validation.R:v1
GCST90203077	GCST90203077	passed	""	source	""	0.981121118046357	estimated_from_source_maf	5795	5795	0	0	0	0	5795	0.01	0.5	0.981121118046357	0.0540019977621027	median implied SD=0.981, dispersion=0.054, n=5795	effect_scale_validation.R:v1
GCST90203078	GCST90203078	passed	""	source	""	0.924974945168023	estimated_from_source_maf	5776	5776	0	0	0	0	5776	0.01	0.5	0.924974945168023	0.0542532800007849	median implied SD=0.925, dispersion=0.054, n=5776	effect_scale_validation.R:v1
GCST90203079	GCST90203079	passed	""	source	""	0.995286493171011	estimated_from_source_maf	10360	10360	0	0	0	0	10360	0.01	0.5	0.995286493171011	0.0593014692979467	median implied SD=0.995, dispersion=0.059, n=10360	effect_scale_validation.R:v1
GCST90203080	GCST90203080	passed	""	source	""	0.947904814752383	estimated_from_source_maf	5713	5713	0	0	0	0	5713	0.01	0.5	0.947904814752383	0.0533450225453933	median implied SD=0.948, dispersion=0.053, n=5713	effect_scale_validation.R:v1
GCST90203081	GCST90203081	passed	""	source	""	0.980761661335867	estimated_from_source_maf	16163	16163	0	0	0	0	16163	0.01	0.5	0.980761661335867	0.0517464650721652	median implied SD=0.981, dispersion=0.052, n=16163	effect_scale_validation.R:v1
GCST90203082	GCST90203082	passed	""	source	""	0.979495242528083	estimated_from_source_maf	5727	5727	0	0	0	0	5727	0.01	0.5	0.979495242528083	0.0566906597707397	median implied SD=0.979, dispersion=0.057, n=5727	effect_scale_validation.R:v1
GCST90203083	GCST90203083	passed	""	source	""	0.999033655910853	estimated_from_source_maf	5741	5741	0	0	0	0	5741	0.01	0.5	0.999033655910853	0.0538997053694013	median implied SD=0.999, dispersion=0.054, n=5741	effect_scale_validation.R:v1
GCST90203084	GCST90203084	passed	""	source	""	0.969061210173091	estimated_from_source_maf	5751	5751	0	0	0	0	5751	0.01	0.5	0.969061210173091	0.053203449491241	median implied SD=0.969, dispersion=0.053, n=5751	effect_scale_validation.R:v1
GCST90203085	GCST90203085	passed	""	source	""	0.985467002353869	estimated_from_source_maf	11781	11781	0	0	0	0	11781	0.01	0.5	0.985467002353869	0.0604700361215254	median implied SD=0.985, dispersion=0.060, n=11781	effect_scale_validation.R:v1
GCST90203086	GCST90203086	passed	""	source	""	0.939708778068082	estimated_from_source_maf	5744	5744	0	0	0	0	5744	0.01	0.5	0.939708778068082	0.0535199014074493	median implied SD=0.940, dispersion=0.054, n=5744	effect_scale_validation.R:v1
GCST90203087	GCST90203087	passed	""	source	""	0.852185609883435	estimated_from_source_maf	8769	8769	0	0	0	0	8769	0.01	0.5	0.852185609883435	0.056197308825782	median implied SD=0.852, dispersion=0.056, n=8769	effect_scale_validation.R:v1
GCST90203088	GCST90203088	passed	""	source	""	0.908551511535877	estimated_from_source_maf	12776	12776	0	0	0	0	12776	0.01	0.5	0.908551511535877	0.0542065767350417	median implied SD=0.909, dispersion=0.054, n=12776	effect_scale_validation.R:v1
GCST90203089	GCST90203089	passed	""	source	""	0.840922328011985	estimated_from_source_maf	5754	5754	0	0	0	0	5754	0.01	0.5	0.840922328011985	0.0530962556583946	median implied SD=0.841, dispersion=0.053, n=5754	effect_scale_validation.R:v1
GCST90203090	GCST90203090	passed	""	source	""	0.921303914739046	estimated_from_source_maf	5764	5764	0	0	0	0	5764	0.01	0.5	0.921303914739046	0.054502084912908	median implied SD=0.921, dispersion=0.055, n=5764	effect_scale_validation.R:v1
GCST90203091	GCST90203091	passed	""	source	""	0.939155637977427	estimated_from_source_maf	5702	5702	0	0	0	0	5702	0.01	0.5	0.939155637977427	0.0552510081342963	median implied SD=0.939, dispersion=0.055, n=5702	effect_scale_validation.R:v1
GCST90203092	GCST90203092	passed	""	source	""	0.952295031062039	estimated_from_source_maf	7520	7520	0	0	0	2	7518	0.01	0.5	0.952295031062039	0.0642849600089369	median implied SD=0.952, dispersion=0.064, n=7518	effect_scale_validation.R:v1
