analysis_id	status	error	attempt	retry_count	source_url	downloaded_bytes	input_rows	retained_rows	retained_fraction	cis_rows	significant_trans_regions	significant_trans_rows	suggestive_leads	qc_panel_rows	output_file	output_bytes	checksum_algorithm	checksum	download_seconds	filter_seconds	total_seconds
GCST90203093	ok	""	1	0	http://ftp.ebi.ac.uk/pub/databases/gwas/summary_statistics/GCST90203001-GCST90204000/GCST90203093/harmonised/GCST90203093.h.tsv.gz	86557829	4278088	12189	0.002849	0	2	7157	29	5012	/data/opengwasdb/metabolome-plasma-2023/releases/2023-chen-full-south-asian/filtered/GCST90203093_GCST90203093.filtered.tsv.gz	283702	sha256	fec6e92af6dc49d00784b859cb1d87a93824a5be6b4d68ea60d8a2fe002eae4b	8.5	10.8	19.2
GCST90203094	ok	""	1	0	http://ftp.ebi.ac.uk/pub/databases/gwas/summary_statistics/GCST90203001-GCST90204000/GCST90203094/harmonised/GCST90203094.h.tsv.gz	85240932	4244669	7906	0.001863	0	1	2924	30	4956	/data/opengwasdb/metabolome-plasma-2023/releases/2023-chen-full-south-asian/filtered/GCST90203094_GCST90203094.filtered.tsv.gz	197604	sha256	feb5175a6aab49bda485d0a6f3c657eb444b15bec53f74f3871545bc9ab7901e	5.6	10.5	16.1
GCST90203095	ok	""	1	0	http://ftp.ebi.ac.uk/pub/databases/gwas/summary_statistics/GCST90203001-GCST90204000/GCST90203095/harmonised/GCST90203095.h.tsv.gz	80588965	4176707	4919	0.001178	0	0	0	17	4902	/data/opengwasdb/metabolome-plasma-2023/releases/2023-chen-full-south-asian/filtered/GCST90203095_GCST90203095.filtered.tsv.gz	136739	sha256	72eb75d299e3f35f0b71b711eb0af8d2d651dd4ad65b49c2ae4218acba98d6c3	5.4	10.1	15.6
GCST90203096	ok	""	1	0	http://ftp.ebi.ac.uk/pub/databases/gwas/summary_statistics/GCST90203001-GCST90204000/GCST90203096/harmonised/GCST90203096.h.tsv.gz	86674057	4331238	5124	0.001183	0	0	0	22	5102	/data/opengwasdb/metabolome-plasma-2023/releases/2023-chen-full-south-asian/filtered/GCST90203096_GCST90203096.filtered.tsv.gz	143346	sha256	d7bc83dd7d7e7496c8a3dca0c7328dd17135500717a95bd7ba0f02327d6158ef	11.2	10.5	21.6
GCST90203097	ok	""	1	0	http://ftp.ebi.ac.uk/pub/databases/gwas/summary_statistics/GCST90203001-GCST90204000/GCST90203097/harmonised/GCST90203097.h.tsv.gz	91834313	4326508	8296	0.001917	0	1	3180	21	5098	/data/opengwasdb/metabolome-plasma-2023/releases/2023-chen-full-south-asian/filtered/GCST90203097_GCST90203097.filtered.tsv.gz	203341	sha256	17fc986265a567727344ff9e5ccc62bd811d02b578b94cd617fef1e686d5ae19	5.5	11.8	17.3
GCST90203098	ok	""	1	0	http://ftp.ebi.ac.uk/pub/databases/gwas/summary_statistics/GCST90203001-GCST90204000/GCST90203098/harmonised/GCST90203098.h.tsv.gz	93104973	4402960	8783	0.001995	0	1	3539	44	5202	/data/opengwasdb/metabolome-plasma-2023/releases/2023-chen-full-south-asian/filtered/GCST90203098_GCST90203098.filtered.tsv.gz	218160	sha256	9c3b7476d69c9dcaef59624eba66c027b0ab6a509cb72c39d617806f89a3df42	5.9	11.2	17.1
GCST90203099	ok	""	1	0	http://ftp.ebi.ac.uk/pub/databases/gwas/summary_statistics/GCST90203001-GCST90204000/GCST90203099/harmonised/GCST90203099.h.tsv.gz	90773102	4439883	5311	0.001196	0	0	0	40	5271	/data/opengwasdb/metabolome-plasma-2023/releases/2023-chen-full-south-asian/filtered/GCST90203099_GCST90203099.filtered.tsv.gz	147409	sha256	a4fffb022192d0a5912cef8ffda660bcadb3bcab0bd6f29acedc6d0003a88df9	6.6	11.4	17.9
GCST90203100	ok	""	1	0	http://ftp.ebi.ac.uk/pub/databases/gwas/summary_statistics/GCST90203001-GCST90204000/GCST90203100/harmonised/GCST90203100.h.tsv.gz	87973306	4217016	4953	0.001175	0	0	0	25	4928	/data/opengwasdb/metabolome-plasma-2023/releases/2023-chen-full-south-asian/filtered/GCST90203100_GCST90203100.filtered.tsv.gz	138155	sha256	b64ba2c4af15bb3d48c1f8cd99602958d41d6a2819be1351ec0d125dc83a76eb	6.1	11	17.1
GCST90203101	ok	""	1	0	http://ftp.ebi.ac.uk/pub/databases/gwas/summary_statistics/GCST90203001-GCST90204000/GCST90203101/harmonised/GCST90203101.h.tsv.gz	84692926	4349863	5168	0.001188	0	0	0	27	5141	/data/opengwasdb/metabolome-plasma-2023/releases/2023-chen-full-south-asian/filtered/GCST90203101_GCST90203101.filtered.tsv.gz	144018	sha256	e751936c3d1c781969ecd9a2188d5aab8e9183f5529fde8034be3226dd1aaa3e	6	10.5	16.5
GCST90203102	ok	""	1	0	http://ftp.ebi.ac.uk/pub/databases/gwas/summary_statistics/GCST90203001-GCST90204000/GCST90203102/harmonised/GCST90203102.h.tsv.gz	85927154	4253790	7824	0.001839	0	1	2841	28	4958	/data/opengwasdb/metabolome-plasma-2023/releases/2023-chen-full-south-asian/filtered/GCST90203102_GCST90203102.filtered.tsv.gz	189546	sha256	02015c644150e665236790994b5ffd7e2161eb0a9ac12324026738832f806dd0	4.9	10.8	15.7
GCST90203103	ok	""	1	0	http://ftp.ebi.ac.uk/pub/databases/gwas/summary_statistics/GCST90203001-GCST90204000/GCST90203103/harmonised/GCST90203103.h.tsv.gz	90540057	4255885	4995	0.001174	0	0	0	25	4970	/data/opengwasdb/metabolome-plasma-2023/releases/2023-chen-full-south-asian/filtered/GCST90203103_GCST90203103.filtered.tsv.gz	139765	sha256	8e15c8dd4bd85963eb961569b095a42b69b0353832fd6b41befd049ab7e8e2fd	5.7	10.9	16.6
GCST90203104	ok	""	1	0	http://ftp.ebi.ac.uk/pub/databases/gwas/summary_statistics/GCST90203001-GCST90204000/GCST90203104/harmonised/GCST90203104.h.tsv.gz	86477173	4273720	5024	0.001176	0	0	0	22	5002	/data/opengwasdb/metabolome-plasma-2023/releases/2023-chen-full-south-asian/filtered/GCST90203104_GCST90203104.filtered.tsv.gz	140390	sha256	5eec60e666a208c0234741e5fc5dd0d7de71573a3ebd3d1613f510faee5e4df0	3.5	11.1	14.6
GCST90203105	ok	""	1	0	http://ftp.ebi.ac.uk/pub/databases/gwas/summary_statistics/GCST90203001-GCST90204000/GCST90203105/harmonised/GCST90203105.h.tsv.gz	90490419	4255885	4998	0.001174	0	0	0	28	4970	/data/opengwasdb/metabolome-plasma-2023/releases/2023-chen-full-south-asian/filtered/GCST90203105_GCST90203105.filtered.tsv.gz	139712	sha256	d39ff6f39835b28e9bb843e41306990146742d8f6d593dfe26cb7b85ad900667	6	10.9	17
GCST90203106	ok	""	1	0	http://ftp.ebi.ac.uk/pub/databases/gwas/summary_statistics/GCST90203001-GCST90204000/GCST90203106/harmonised/GCST90203106.h.tsv.gz	90496329	4255885	4990	0.001172	0	0	0	20	4970	/data/opengwasdb/metabolome-plasma-2023/releases/2023-chen-full-south-asian/filtered/GCST90203106_GCST90203106.filtered.tsv.gz	139414	sha256	3bf298ec5c0dad5f89bacccd9bdc8ef6ecf0c4dc062e7e393cfd4a9d905ad945	6.6	10.6	17.2
GCST90203107	ok	""	1	0	http://ftp.ebi.ac.uk/pub/databases/gwas/summary_statistics/GCST90203001-GCST90204000/GCST90203107/harmonised/GCST90203107.h.tsv.gz	90926578	4276475	12056	0.002819	0	2	7047	18	5003	/data/opengwasdb/metabolome-plasma-2023/releases/2023-chen-full-south-asian/filtered/GCST90203107_GCST90203107.filtered.tsv.gz	276738	sha256	c362aef9825dd0f4f4eaf01cffb1d1b667a3d68cd0205342baa6858f9c94d9a6	5.1	11.6	16.7
GCST90203108	ok	""	1	0	http://ftp.ebi.ac.uk/pub/databases/gwas/summary_statistics/GCST90203001-GCST90204000/GCST90203108/harmonised/GCST90203108.h.tsv.gz	86142939	4255885	4989	0.001172	0	0	0	19	4970	/data/opengwasdb/metabolome-plasma-2023/releases/2023-chen-full-south-asian/filtered/GCST90203108_GCST90203108.filtered.tsv.gz	139582	sha256	9806e982624a9ecada3eae050809588d3d26f1d46a2eca8576bb8b4591776bbd	6.3	9.4	15.7
GCST90203109	ok	""	1	0	http://ftp.ebi.ac.uk/pub/databases/gwas/summary_statistics/GCST90203001-GCST90204000/GCST90203109/harmonised/GCST90203109.h.tsv.gz	86276580	4261425	5002	0.001174	0	0	0	16	4986	/data/opengwasdb/metabolome-plasma-2023/releases/2023-chen-full-south-asian/filtered/GCST90203109_GCST90203109.filtered.tsv.gz	139819	sha256	e4689033baba472abb1d0bed4b2d01ec84321ffcd4c756ff419bfcf866da26df	3.3	10.9	14.2
GCST90203110	ok	""	1	0	http://ftp.ebi.ac.uk/pub/databases/gwas/summary_statistics/GCST90203001-GCST90204000/GCST90203110/harmonised/GCST90203110.h.tsv.gz	90522506	4255885	15191	0.003569	0	3	10206	30	4970	/data/opengwasdb/metabolome-plasma-2023/releases/2023-chen-full-south-asian/filtered/GCST90203110_GCST90203110.filtered.tsv.gz	336703	sha256	8ad9b53d1e187c9076bc3a3230deaa893a00a4724d1a11c5d01122c7048963ab	6.5	11.6	18.1
GCST90203111	ok	""	1	0	http://ftp.ebi.ac.uk/pub/databases/gwas/summary_statistics/GCST90203001-GCST90204000/GCST90203111/harmonised/GCST90203111.h.tsv.gz	92362995	4394288	5217	0.001187	0	0	0	16	5201	/data/opengwasdb/metabolome-plasma-2023/releases/2023-chen-full-south-asian/filtered/GCST90203111_GCST90203111.filtered.tsv.gz	145749	sha256	fdb4b23423a18880a7f982a3686606bbfa173ba26fbe948e42d0880ab6af9a65	6.1	10	16.1
GCST90203112	ok	""	1	0	http://ftp.ebi.ac.uk/pub/databases/gwas/summary_statistics/GCST90203001-GCST90204000/GCST90203112/harmonised/GCST90203112.h.tsv.gz	88530623	4400052	20146	0.004579	0	5	14940	32	5189	/data/opengwasdb/metabolome-plasma-2023/releases/2023-chen-full-south-asian/filtered/GCST90203112_GCST90203112.filtered.tsv.gz	439043	sha256	c742de92e8c86f22210836eb1c9a7860e2f86e06dadfa0125b140b6416863651	6.5	11.1	17.6
GCST90203113	ok	""	1	0	http://ftp.ebi.ac.uk/pub/databases/gwas/summary_statistics/GCST90203001-GCST90204000/GCST90203113/harmonised/GCST90203113.h.tsv.gz	88416286	4386580	5197	0.001185	0	0	0	17	5180	/data/opengwasdb/metabolome-plasma-2023/releases/2023-chen-full-south-asian/filtered/GCST90203113_GCST90203113.filtered.tsv.gz	144856	sha256	d963bc67a19c9ecf1106fd52ca774045fc32f3e084beaa133cedb1ad593705db	5.2	11.6	16.8
GCST90203114	ok	""	1	0	http://ftp.ebi.ac.uk/pub/databases/gwas/summary_statistics/GCST90203001-GCST90204000/GCST90203114/harmonised/GCST90203114.h.tsv.gz	90504723	4255885	9136	0.002147	0	1	4149	20	4970	/data/opengwasdb/metabolome-plasma-2023/releases/2023-chen-full-south-asian/filtered/GCST90203114_GCST90203114.filtered.tsv.gz	225015	sha256	2f7907b492620fcac5682acca0901596e1ad5ea7c77902ee3bf4263404689887	4.6	10.3	15
GCST90203115	ok	""	1	0	http://ftp.ebi.ac.uk/pub/databases/gwas/summary_statistics/GCST90203001-GCST90204000/GCST90203115/harmonised/GCST90203115.h.tsv.gz	90521371	4255885	4981	0.00117	0	0	0	11	4970	/data/opengwasdb/metabolome-plasma-2023/releases/2023-chen-full-south-asian/filtered/GCST90203115_GCST90203115.filtered.tsv.gz	139213	sha256	a768a145c51f37c31fba6662cc62c1188ed598647e462b5b6801a32816c3d31e	4.1	11.6	15.7
GCST90203116	ok	""	1	0	http://ftp.ebi.ac.uk/pub/databases/gwas/summary_statistics/GCST90203001-GCST90204000/GCST90203116/harmonised/GCST90203116.h.tsv.gz	90516950	4255885	4993	0.001173	0	0	0	23	4970	/data/opengwasdb/metabolome-plasma-2023/releases/2023-chen-full-south-asian/filtered/GCST90203116_GCST90203116.filtered.tsv.gz	139717	sha256	bc43a0957883c19f33fdcbc44a9c30486a94d428f70aacfc11ef6ea064089267	3.1	11.6	14.7
GCST90203117	ok	""	1	0	http://ftp.ebi.ac.uk/pub/databases/gwas/summary_statistics/GCST90203001-GCST90204000/GCST90203117/harmonised/GCST90203117.h.tsv.gz	91972523	4333542	12733	0.002938	0	2	7607	35	5098	/data/opengwasdb/metabolome-plasma-2023/releases/2023-chen-full-south-asian/filtered/GCST90203117_GCST90203117.filtered.tsv.gz	293543	sha256	54ff1f05a182d013ad233c760d549cccdb1b0477cf51343c878d79485deda679	5.5	11	16.5
GCST90203118	ok	""	1	0	http://ftp.ebi.ac.uk/pub/databases/gwas/summary_statistics/GCST90203001-GCST90204000/GCST90203118/harmonised/GCST90203118.h.tsv.gz	86479252	4274252	7814	0.001828	0	1	2797	17	5001	/data/opengwasdb/metabolome-plasma-2023/releases/2023-chen-full-south-asian/filtered/GCST90203118_GCST90203118.filtered.tsv.gz	199163	sha256	7c1b7d61c99c8ca3310839a38aa50bb766e6e1b1ab41e2916ce9cdbcac0cbf25	6.2	10.1	16.3
GCST90203119	ok	""	1	0	http://ftp.ebi.ac.uk/pub/databases/gwas/summary_statistics/GCST90203001-GCST90204000/GCST90203119/harmonised/GCST90203119.h.tsv.gz	90515377	4255885	8273	0.001944	0	1	3292	15	4970	/data/opengwasdb/metabolome-plasma-2023/releases/2023-chen-full-south-asian/filtered/GCST90203119_GCST90203119.filtered.tsv.gz	198132	sha256	2ea93bf7a2d643574e3c14eabb657e1ea850d9d4bf9ff8eca447e2248ad7ca96	6.4	10.9	17.3
GCST90203120	ok	""	1	0	http://ftp.ebi.ac.uk/pub/databases/gwas/summary_statistics/GCST90203001-GCST90204000/GCST90203120/harmonised/GCST90203120.h.tsv.gz	91548422	4316243	5091	0.001179	0	0	0	26	5065	/data/opengwasdb/metabolome-plasma-2023/releases/2023-chen-full-south-asian/filtered/GCST90203120_GCST90203120.filtered.tsv.gz	142152	sha256	f20eeeb54615acba482a176451f5dd765ec84bfd359941e9cd5b598cb10ff54b	6.7	11.4	18.1
GCST90203121	ok	""	1	0	http://ftp.ebi.ac.uk/pub/databases/gwas/summary_statistics/GCST90203001-GCST90204000/GCST90203121/harmonised/GCST90203121.h.tsv.gz	91432468	4310124	7207	0.001672	0	1	2139	16	5055	/data/opengwasdb/metabolome-plasma-2023/releases/2023-chen-full-south-asian/filtered/GCST90203121_GCST90203121.filtered.tsv.gz	184210	sha256	450e4a122f3ff146d6937e5e6e38e62e988ee15a683267483ba0a3b05d85df28	4.8	10.2	15
GCST90203122	ok	""	1	0	http://ftp.ebi.ac.uk/pub/databases/gwas/summary_statistics/GCST90203001-GCST90204000/GCST90203122/harmonised/GCST90203122.h.tsv.gz	86430843	4271617	5019	0.001175	0	0	0	22	4997	/data/opengwasdb/metabolome-plasma-2023/releases/2023-chen-full-south-asian/filtered/GCST90203122_GCST90203122.filtered.tsv.gz	140367	sha256	a250e2e261f24dc555c227c92e4874576e19fecbb9cb6b178899faa6db5ccaed	5.1	11.3	16.4
GCST90203123	ok	""	1	0	http://ftp.ebi.ac.uk/pub/databases/gwas/summary_statistics/GCST90203001-GCST90204000/GCST90203123/harmonised/GCST90203123.h.tsv.gz	86902194	4298078	5062	0.001178	0	0	0	12	5050	/data/opengwasdb/metabolome-plasma-2023/releases/2023-chen-full-south-asian/filtered/GCST90203123_GCST90203123.filtered.tsv.gz	141395	sha256	2bc424de539a8f9c2647870baa4303491b5ab1ef9bbd343e44865e91fb9a0c97	4	11.5	15.6
GCST90203124	ok	""	1	0	http://ftp.ebi.ac.uk/pub/databases/gwas/summary_statistics/GCST90203001-GCST90204000/GCST90203124/harmonised/GCST90203124.h.tsv.gz	87576203	4333487	5126	0.001183	0	0	0	23	5103	/data/opengwasdb/metabolome-plasma-2023/releases/2023-chen-full-south-asian/filtered/GCST90203124_GCST90203124.filtered.tsv.gz	143266	sha256	2e8d941ce9c3e85da510f33e0ff18c1d8ace9532e486a5ab3dcf7e1e39f8b9e2	6.7	11.4	18.1
GCST90203125	ok	""	1	0	http://ftp.ebi.ac.uk/pub/databases/gwas/summary_statistics/GCST90203001-GCST90204000/GCST90203125/harmonised/GCST90203125.h.tsv.gz	90760560	4271617	5029	0.001177	0	0	0	32	4997	/data/opengwasdb/metabolome-plasma-2023/releases/2023-chen-full-south-asian/filtered/GCST90203125_GCST90203125.filtered.tsv.gz	140556	sha256	bacc5a466d94ac65154d7ea87c3bf2ac6cecd48412a1b27979f2ed3afd54719b	6.8	10.9	17.8
GCST90203126	ok	""	1	0	http://ftp.ebi.ac.uk/pub/databases/gwas/summary_statistics/GCST90203001-GCST90204000/GCST90203126/harmonised/GCST90203126.h.tsv.gz	86257042	4261425	5013	0.001176	0	0	0	27	4986	/data/opengwasdb/metabolome-plasma-2023/releases/2023-chen-full-south-asian/filtered/GCST90203126_GCST90203126.filtered.tsv.gz	140176	sha256	86716cd80e0a8056b1b2314f2fcf6dce88c666dd15bfd9d1c043df132343cabb	6.5	10.7	17.2
GCST90203127	ok	""	1	0	http://ftp.ebi.ac.uk/pub/databases/gwas/summary_statistics/GCST90203001-GCST90204000/GCST90203127/harmonised/GCST90203127.h.tsv.gz	90515854	4255885	12674	0.002978	0	2	7690	23	4970	/data/opengwasdb/metabolome-plasma-2023/releases/2023-chen-full-south-asian/filtered/GCST90203127_GCST90203127.filtered.tsv.gz	288951	sha256	088c0fe1ba14ad6ebe3d06455af19b2a8f581f9d2717dc391fe9d3d196867545	6.6	10.2	16.8
GCST90203128	ok	""	1	0	http://ftp.ebi.ac.uk/pub/databases/gwas/summary_statistics/GCST90203001-GCST90204000/GCST90203128/harmonised/GCST90203128.h.tsv.gz	92457793	4358634	5151	0.001182	0	0	0	22	5129	/data/opengwasdb/metabolome-plasma-2023/releases/2023-chen-full-south-asian/filtered/GCST90203128_GCST90203128.filtered.tsv.gz	143995	sha256	6d81d6177645f2f4645ef0074d6fab1fa5fd1b1e3ad69cca1af3fe5141dfa070	6	10.8	16.8
GCST90203129	ok	""	1	0	http://ftp.ebi.ac.uk/pub/databases/gwas/summary_statistics/GCST90203001-GCST90204000/GCST90203129/harmonised/GCST90203129.h.tsv.gz	90851553	4273249	5033	0.001178	0	0	0	35	4998	/data/opengwasdb/metabolome-plasma-2023/releases/2023-chen-full-south-asian/filtered/GCST90203129_GCST90203129.filtered.tsv.gz	140761	sha256	9715514918f4260160bc625e53dd131e9bde7f5cae14f493a99f1fc78241cb55	6.1	10	16.2
GCST90203130	ok	""	1	0	http://ftp.ebi.ac.uk/pub/databases/gwas/summary_statistics/GCST90203001-GCST90204000/GCST90203130/harmonised/GCST90203130.h.tsv.gz	92050398	4376622	5185	0.001185	0	0	0	24	5161	/data/opengwasdb/metabolome-plasma-2023/releases/2023-chen-full-south-asian/filtered/GCST90203130_GCST90203130.filtered.tsv.gz	144872	sha256	db9a59a5ea520be9e5fbaedaaed3cd25ba2118242a6750195334c781f121c59d	5.5	11.7	17.3
GCST90203131	ok	""	1	0	http://ftp.ebi.ac.uk/pub/databases/gwas/summary_statistics/GCST90203001-GCST90204000/GCST90203131/harmonised/GCST90203131.h.tsv.gz	90512525	4255885	7993	0.001878	0	1	3016	12	4970	/data/opengwasdb/metabolome-plasma-2023/releases/2023-chen-full-south-asian/filtered/GCST90203131_GCST90203131.filtered.tsv.gz	200195	sha256	6496ea7a538ee5e1f1864cb690aef3783ad700a97a618756859a4b7108d12a0c	5.6	10.9	16.5
GCST90203132	ok	""	1	0	http://ftp.ebi.ac.uk/pub/databases/gwas/summary_statistics/GCST90203001-GCST90204000/GCST90203132/harmonised/GCST90203132.h.tsv.gz	91421277	4309267	5086	0.00118	0	0	0	22	5064	/data/opengwasdb/metabolome-plasma-2023/releases/2023-chen-full-south-asian/filtered/GCST90203132_GCST90203132.filtered.tsv.gz	141803	sha256	b6a99a63240eb1990eaf8a0628dd364dc043807b5c3be3df04de5985b5def4e0	5.8	9.6	15.4
GCST90203133	ok	""	1	0	http://ftp.ebi.ac.uk/pub/databases/gwas/summary_statistics/GCST90203001-GCST90204000/GCST90203133/harmonised/GCST90203133.h.tsv.gz	90506873	4255885	4991	0.001173	0	0	0	21	4970	/data/opengwasdb/metabolome-plasma-2023/releases/2023-chen-full-south-asian/filtered/GCST90203133_GCST90203133.filtered.tsv.gz	139678	sha256	9208aca8cdef92f6c07bce6816ac70b3b30057d0eb4b79c4870f7969caf7aa25	5.2	10.1	15.3
GCST90203134	ok	""	1	0	http://ftp.ebi.ac.uk/pub/databases/gwas/summary_statistics/GCST90203001-GCST90204000/GCST90203134/harmonised/GCST90203134.h.tsv.gz	90505496	4255885	4992	0.001173	0	0	0	23	4970	/data/opengwasdb/metabolome-plasma-2023/releases/2023-chen-full-south-asian/filtered/GCST90203134_GCST90203134.filtered.tsv.gz	139757	sha256	deed0e6d3e0262d9eec2e28cda81b1a7b1a4da96b08b49c6d32b7d45e2c34090	6.5	10.8	17.4
GCST90203135	ok	""	1	0	http://ftp.ebi.ac.uk/pub/databases/gwas/summary_statistics/GCST90203001-GCST90204000/GCST90203135/harmonised/GCST90203135.h.tsv.gz	91041736	4288797	8219	0.001916	0	1	3182	22	5022	/data/opengwasdb/metabolome-plasma-2023/releases/2023-chen-full-south-asian/filtered/GCST90203135_GCST90203135.filtered.tsv.gz	199096	sha256	db0d181b7d9cf831f5b5729179f55fd8ae169c7fa2fc4d055a80871906ef83c6	5.5	9.6	15.1
GCST90203136	ok	""	1	0	http://ftp.ebi.ac.uk/pub/databases/gwas/summary_statistics/GCST90203001-GCST90204000/GCST90203136/harmonised/GCST90203136.h.tsv.gz	86156875	4255885	4992	0.001173	0	0	0	22	4970	/data/opengwasdb/metabolome-plasma-2023/releases/2023-chen-full-south-asian/filtered/GCST90203136_GCST90203136.filtered.tsv.gz	139565	sha256	707d69916293e5a7146d7fa2fa683c747c3d1e7c62a0c2186da41f175a8fd159	4.3	10.4	14.7
GCST90203137	ok	""	1	0	http://ftp.ebi.ac.uk/pub/databases/gwas/summary_statistics/GCST90203001-GCST90204000/GCST90203137/harmonised/GCST90203137.h.tsv.gz	90523414	4255885	4986	0.001172	0	0	0	16	4970	/data/opengwasdb/metabolome-plasma-2023/releases/2023-chen-full-south-asian/filtered/GCST90203137_GCST90203137.filtered.tsv.gz	139484	sha256	6083ed09344ceea9e7abffa96a7d795456399fe1333af0b3f846f6bd7fe5a6b4	6.7	11.1	17.8
GCST90203138	ok	""	1	0	http://ftp.ebi.ac.uk/pub/databases/gwas/summary_statistics/GCST90203001-GCST90204000/GCST90203138/harmonised/GCST90203138.h.tsv.gz	86619085	4287121	7329	0.00171	0	1	2293	19	5019	/data/opengwasdb/metabolome-plasma-2023/releases/2023-chen-full-south-asian/filtered/GCST90203138_GCST90203138.filtered.tsv.gz	187290	sha256	4af1df8bb76ed4a0e9edc20843df875743e147e7436bfdc7b3049e9b9143083a	5.2	9.9	15.1
GCST90203139	ok	""	1	0	http://ftp.ebi.ac.uk/pub/databases/gwas/summary_statistics/GCST90203001-GCST90204000/GCST90203139/harmonised/GCST90203139.h.tsv.gz	91146630	4293694	8670	0.002019	0	1	3635	16	5022	/data/opengwasdb/metabolome-plasma-2023/releases/2023-chen-full-south-asian/filtered/GCST90203139_GCST90203139.filtered.tsv.gz	217759	sha256	3e663e8dced77013cc979bdbbb78d15b580ddf155c492378549ea68161db2ed3	6.5	9.8	16.4
GCST90203140	ok	""	1	0	http://ftp.ebi.ac.uk/pub/databases/gwas/summary_statistics/GCST90203001-GCST90204000/GCST90203140/harmonised/GCST90203140.h.tsv.gz	82399498	4296491	5082	0.001183	0	0	0	37	5046	/data/opengwasdb/metabolome-plasma-2023/releases/2023-chen-full-south-asian/filtered/GCST90203140_GCST90203140.filtered.tsv.gz	140650	sha256	ff8100b39d106a32f49d3a9c59d9b05e060745a0a8afa4827f75db031a17b1e3	6	9.6	15.6
GCST90203141	ok	""	1	0	http://ftp.ebi.ac.uk/pub/databases/gwas/summary_statistics/GCST90203001-GCST90204000/GCST90203141/harmonised/GCST90203141.h.tsv.gz	90527354	4255885	4984	0.001171	0	0	0	14	4970	/data/opengwasdb/metabolome-plasma-2023/releases/2023-chen-full-south-asian/filtered/GCST90203141_GCST90203141.filtered.tsv.gz	139424	sha256	44ee9685f1e98239c463f9b038b5da53ab0ad93f3a595afd6f36709a68243c82	5.3	10.5	15.8
GCST90203142	ok	""	1	0	http://ftp.ebi.ac.uk/pub/databases/gwas/summary_statistics/GCST90203001-GCST90204000/GCST90203142/harmonised/GCST90203142.h.tsv.gz	90801661	4271981	8622	0.002018	0	1	3610	25	4990	/data/opengwasdb/metabolome-plasma-2023/releases/2023-chen-full-south-asian/filtered/GCST90203142_GCST90203142.filtered.tsv.gz	217313	sha256	b2cbf6ff77f6a7e0879ff70e0b409b82a27a714a6d0418bbe8f51642e5d3e45b	4.7	11.5	16.3
GCST90203143	ok	""	1	0	http://ftp.ebi.ac.uk/pub/databases/gwas/summary_statistics/GCST90203001-GCST90204000/GCST90203143/harmonised/GCST90203143.h.tsv.gz	88960016	4272486	5068	0.001186	0	0	0	24	5044	/data/opengwasdb/metabolome-plasma-2023/releases/2023-chen-full-south-asian/filtered/GCST90203143_GCST90203143.filtered.tsv.gz	141273	sha256	12748da6d0cd41a21019b501bce243a702dd72b62469adc0aa248ca62aca844f	3.6	11	14.7
GCST90203144	ok	""	1	0	http://ftp.ebi.ac.uk/pub/databases/gwas/summary_statistics/GCST90203001-GCST90204000/GCST90203144/harmonised/GCST90203144.h.tsv.gz	90510522	4255885	4990	0.001172	0	0	0	20	4970	/data/opengwasdb/metabolome-plasma-2023/releases/2023-chen-full-south-asian/filtered/GCST90203144_GCST90203144.filtered.tsv.gz	139521	sha256	8bd34c248f547b6e80f1b0618b5bf45b7b156a75cee99604831fc3200baad8ae	4.6	10	14.6
GCST90203145	ok	""	1	0	http://ftp.ebi.ac.uk/pub/databases/gwas/summary_statistics/GCST90203001-GCST90204000/GCST90203145/harmonised/GCST90203145.h.tsv.gz	86284481	4261425	8088	0.001898	0	1	3094	12	4986	/data/opengwasdb/metabolome-plasma-2023/releases/2023-chen-full-south-asian/filtered/GCST90203145_GCST90203145.filtered.tsv.gz	197225	sha256	60d401d35079b6d4d048df13b6a26bdb3c0300eb97f22fbc1e094c97e5875143	5.8	10.8	16.6
GCST90203146	ok	""	1	0	http://ftp.ebi.ac.uk/pub/databases/gwas/summary_statistics/GCST90203001-GCST90204000/GCST90203146/harmonised/GCST90203146.h.tsv.gz	90525216	4255885	12437	0.002922	0	2	7461	16	4970	/data/opengwasdb/metabolome-plasma-2023/releases/2023-chen-full-south-asian/filtered/GCST90203146_GCST90203146.filtered.tsv.gz	285343	sha256	b5aadffc655f06f4a0521fe0a93acb75793a23d93b15017d9bafb05ab31ad407	6.7	11.3	18
GCST90203147	ok	""	1	0	http://ftp.ebi.ac.uk/pub/databases/gwas/summary_statistics/GCST90203001-GCST90204000/GCST90203147/harmonised/GCST90203147.h.tsv.gz	91138747	4294320	5053	0.001177	0	0	0	19	5034	/data/opengwasdb/metabolome-plasma-2023/releases/2023-chen-full-south-asian/filtered/GCST90203147_GCST90203147.filtered.tsv.gz	140881	sha256	f29c146ce0a8647bb003ff5ec349100e82e39b5c150285563fa030ed3c94a489	5.8	10.6	16.4
GCST90203148	ok	""	1	0	http://ftp.ebi.ac.uk/pub/databases/gwas/summary_statistics/GCST90203001-GCST90204000/GCST90203148/harmonised/GCST90203148.h.tsv.gz	88458134	4389162	5205	0.001186	0	0	0	26	5179	/data/opengwasdb/metabolome-plasma-2023/releases/2023-chen-full-south-asian/filtered/GCST90203148_GCST90203148.filtered.tsv.gz	145217	sha256	5f8cfd65e2d5e182be28f62af32eb8671d54b2de007de9e98bcec69497924ebe	4.8	11.3	16.1
GCST90203149	ok	""	1	0	http://ftp.ebi.ac.uk/pub/databases/gwas/summary_statistics/GCST90203001-GCST90204000/GCST90203149/harmonised/GCST90203149.h.tsv.gz	90410327	4354621	5131	0.001178	0	0	0	24	5107	/data/opengwasdb/metabolome-plasma-2023/releases/2023-chen-full-south-asian/filtered/GCST90203149_GCST90203149.filtered.tsv.gz	142887	sha256	c75ccd72360d0df710f296c71e9ff2a8c9a004866ec2e17c92e218bc792226c9	5.2	10.1	15.3
GCST90203150	ok	""	1	0	http://ftp.ebi.ac.uk/pub/databases/gwas/summary_statistics/GCST90203001-GCST90204000/GCST90203150/harmonised/GCST90203150.h.tsv.gz	90867542	4274252	8853	0.002071	0	1	3837	20	5001	/data/opengwasdb/metabolome-plasma-2023/releases/2023-chen-full-south-asian/filtered/GCST90203150_GCST90203150.filtered.tsv.gz	210363	sha256	f46fbf73af1b9cc8ab000afbdcb3719ef7859730d9fd9c583735f34a3fb97f39	3.5	10.4	13.9
GCST90203151	ok	""	1	0	http://ftp.ebi.ac.uk/pub/databases/gwas/summary_statistics/GCST90203001-GCST90204000/GCST90203151/harmonised/GCST90203151.h.tsv.gz	91032293	4286621	9137	0.002132	0	1	4113	16	5013	/data/opengwasdb/metabolome-plasma-2023/releases/2023-chen-full-south-asian/filtered/GCST90203151_GCST90203151.filtered.tsv.gz	215293	sha256	46323183939e5b72e884dcbdb7a5d371a8a3aa2f21d914e2c139b4c7c79b2bf0	6.7	11.5	18.2
GCST90203152	ok	""	1	0	http://ftp.ebi.ac.uk/pub/databases/gwas/summary_statistics/GCST90203001-GCST90204000/GCST90203152/harmonised/GCST90203152.h.tsv.gz	90501702	4255885	8270	0.001943	0	1	3284	19	4970	/data/opengwasdb/metabolome-plasma-2023/releases/2023-chen-full-south-asian/filtered/GCST90203152_GCST90203152.filtered.tsv.gz	208204	sha256	a9ef5e02a711a4cf21bd7990654125414a55f95651b78043e79ab9f80e1bb4c3	6.6	10.1	16.7
GCST90203153	ok	""	1	0	http://ftp.ebi.ac.uk/pub/databases/gwas/summary_statistics/GCST90203001-GCST90204000/GCST90203153/harmonised/GCST90203153.h.tsv.gz	91007961	4286811	12480	0.002911	0	2	7454	25	5009	/data/opengwasdb/metabolome-plasma-2023/releases/2023-chen-full-south-asian/filtered/GCST90203153_GCST90203153.filtered.tsv.gz	290825	sha256	6690b84f5ec8e55774da47805676a1d9007cd592d3626d5884c97aacbaad6c3e	6.6	11.5	18.2
GCST90203154	ok	""	1	0	http://ftp.ebi.ac.uk/pub/databases/gwas/summary_statistics/GCST90203001-GCST90204000/GCST90203154/harmonised/GCST90203154.h.tsv.gz	86764399	4293293	9599	0.002236	0	1	4556	17	5029	/data/opengwasdb/metabolome-plasma-2023/releases/2023-chen-full-south-asian/filtered/GCST90203154_GCST90203154.filtered.tsv.gz	233786	sha256	31c57925f0ea59cecaa4b87edd96a98371d6bdfb6ffe0e038236214723bbb511	5.5	10.6	16.1
GCST90203155	ok	""	1	0	http://ftp.ebi.ac.uk/pub/databases/gwas/summary_statistics/GCST90203001-GCST90204000/GCST90203155/harmonised/GCST90203155.h.tsv.gz	90524764	4255885	4985	0.001171	0	0	0	15	4970	/data/opengwasdb/metabolome-plasma-2023/releases/2023-chen-full-south-asian/filtered/GCST90203155_GCST90203155.filtered.tsv.gz	139363	sha256	f3061de5485d5659051fa406219d451cc4bb5d0d7df07ad39d239fb160ff6011	5.8	11.1	16.8
GCST90203156	ok	""	1	0	http://ftp.ebi.ac.uk/pub/databases/gwas/summary_statistics/GCST90203001-GCST90204000/GCST90203156/harmonised/GCST90203156.h.tsv.gz	83393068	4279486	5048	0.00118	0	0	0	22	5026	/data/opengwasdb/metabolome-plasma-2023/releases/2023-chen-full-south-asian/filtered/GCST90203156_GCST90203156.filtered.tsv.gz	140151	sha256	7009e95b8c0d4e99178e186a538e54e4fd3d18bb40aa2bec53774700ef5e8fbe	5.1	10.1	15.1
GCST90203157	ok	""	1	0	http://ftp.ebi.ac.uk/pub/databases/gwas/summary_statistics/GCST90203001-GCST90204000/GCST90203157/harmonised/GCST90203157.h.tsv.gz	89758470	4255145	9259	0.002176	0	1	4266	31	4965	/data/opengwasdb/metabolome-plasma-2023/releases/2023-chen-full-south-asian/filtered/GCST90203157_GCST90203157.filtered.tsv.gz	226920	sha256	fcd8650322c6a1a87e196b2798488c92d1f4ced0049070a5904d54f1514e1866	5.8	11.3	17.1
GCST90203158	ok	""	1	0	http://ftp.ebi.ac.uk/pub/databases/gwas/summary_statistics/GCST90203001-GCST90204000/GCST90203158/harmonised/GCST90203158.h.tsv.gz	86501404	4275145	5024	0.001175	0	0	0	18	5006	/data/opengwasdb/metabolome-plasma-2023/releases/2023-chen-full-south-asian/filtered/GCST90203158_GCST90203158.filtered.tsv.gz	140478	sha256	f0277299df0c7394e6aeb09454a9560b5b3e862844a67ca4ad0eda3c53a9d35a	5.9	10.1	16
GCST90203159	ok	""	1	0	http://ftp.ebi.ac.uk/pub/databases/gwas/summary_statistics/GCST90203001-GCST90204000/GCST90203159/harmonised/GCST90203159.h.tsv.gz	86756455	4291242	12046	0.002807	0	2	7023	19	5015	/data/opengwasdb/metabolome-plasma-2023/releases/2023-chen-full-south-asian/filtered/GCST90203159_GCST90203159.filtered.tsv.gz	275094	sha256	d14eab96a98255d6f166c69b22f9225164c85d1ef4dcb603b7d40c7682d5e44e	5.5	10.7	16.2
GCST90203160	ok	""	1	0	http://ftp.ebi.ac.uk/pub/databases/gwas/summary_statistics/GCST90203001-GCST90204000/GCST90203160/harmonised/GCST90203160.h.tsv.gz	89658654	4247879	5005	0.001178	0	0	0	20	4985	/data/opengwasdb/metabolome-plasma-2023/releases/2023-chen-full-south-asian/filtered/GCST90203160_GCST90203160.filtered.tsv.gz	139948	sha256	6e9eafd412896cb0109deece6540ea8f032bafb6088c0a6ab6067bf5c4916b5e	6.5	10.7	17.2
GCST90203161	ok	""	1	0	http://ftp.ebi.ac.uk/pub/databases/gwas/summary_statistics/GCST90203001-GCST90204000/GCST90203161/harmonised/GCST90203161.h.tsv.gz	85910198	4230680	4965	0.001174	0	0	0	18	4947	/data/opengwasdb/metabolome-plasma-2023/releases/2023-chen-full-south-asian/filtered/GCST90203161_GCST90203161.filtered.tsv.gz	138003	sha256	33a13a808ebfda6c32fe3a54a1154792ba479bffe350ed0ec7ade181364e04c1	6.1	12.5	18.5
GCST90203162	ok	""	1	0	http://ftp.ebi.ac.uk/pub/databases/gwas/summary_statistics/GCST90203001-GCST90204000/GCST90203162/harmonised/GCST90203162.h.tsv.gz	88371181	4229355	12311	0.002911	0	2	7363	19	4936	/data/opengwasdb/metabolome-plasma-2023/releases/2023-chen-full-south-asian/filtered/GCST90203162_GCST90203162.filtered.tsv.gz	285133	sha256	827ab84b717ba31b5ac44c2846259229b5c914ac4951ba1cde45717830dc7310	6.6	11.2	17.8
GCST90203163	ok	""	1	0	http://ftp.ebi.ac.uk/pub/databases/gwas/summary_statistics/GCST90203001-GCST90204000/GCST90203163/harmonised/GCST90203163.h.tsv.gz	86599265	4285175	9022	0.002105	0	1	3970	36	5021	/data/opengwasdb/metabolome-plasma-2023/releases/2023-chen-full-south-asian/filtered/GCST90203163_GCST90203163.filtered.tsv.gz	222094	sha256	4e54b261bc279e07aab5b8a24341ba5bb8900f44bf52b2bd6996c449a5677b3e	4.9	10.7	15.5
GCST90203164	ok	""	1	0	http://ftp.ebi.ac.uk/pub/databases/gwas/summary_statistics/GCST90203001-GCST90204000/GCST90203164/harmonised/GCST90203164.h.tsv.gz	91889759	4328831	8991	0.002077	0	1	3895	29	5074	/data/opengwasdb/metabolome-plasma-2023/releases/2023-chen-full-south-asian/filtered/GCST90203164_GCST90203164.filtered.tsv.gz	215173	sha256	24b10b44731e60cc7a7f598e6d4653c49fd56c60cd2079f59ea5671486820891	6.6	11.2	17.8
GCST90203165	ok	""	1	0	http://ftp.ebi.ac.uk/pub/databases/gwas/summary_statistics/GCST90203001-GCST90204000/GCST90203165/harmonised/GCST90203165.h.tsv.gz	86821223	4296101	5061	0.001178	0	0	0	32	5029	/data/opengwasdb/metabolome-plasma-2023/releases/2023-chen-full-south-asian/filtered/GCST90203165_GCST90203165.filtered.tsv.gz	141365	sha256	ad5aac8164611441618d9c6857b36fbdc7b71d30c65382feeb5c30123c9ea200	5.4	10.4	15.9
GCST90203166	ok	""	1	0	http://ftp.ebi.ac.uk/pub/databases/gwas/summary_statistics/GCST90203001-GCST90204000/GCST90203166/harmonised/GCST90203166.h.tsv.gz	86511752	4275080	5015	0.001173	0	0	0	20	4995	/data/opengwasdb/metabolome-plasma-2023/releases/2023-chen-full-south-asian/filtered/GCST90203166_GCST90203166.filtered.tsv.gz	140175	sha256	eecb5dbd6120885773d4bce752227f44408aee4df6de61de4e8f2084db1982b4	5.5	11	16.5
GCST90203167	ok	""	1	0	http://ftp.ebi.ac.uk/pub/databases/gwas/summary_statistics/GCST90203001-GCST90204000/GCST90203167/harmonised/GCST90203167.h.tsv.gz	93212495	4400206	8217	0.001867	0	1	3016	11	5193	/data/opengwasdb/metabolome-plasma-2023/releases/2023-chen-full-south-asian/filtered/GCST90203167_GCST90203167.filtered.tsv.gz	201577	sha256	d4b9e6897aa1c0cebe0972472906c4195b45fb9af9e1a2b4e6a76ed7db8b7300	5.5	11.4	16.9
GCST90203168	ok	""	1	0	http://ftp.ebi.ac.uk/pub/databases/gwas/summary_statistics/GCST90203001-GCST90204000/GCST90203168/harmonised/GCST90203168.h.tsv.gz	92271941	4390719	5224	0.00119	0	0	0	15	5209	/data/opengwasdb/metabolome-plasma-2023/releases/2023-chen-full-south-asian/filtered/GCST90203168_GCST90203168.filtered.tsv.gz	146065	sha256	3a11a32a5dbd94bf3770660dede8f1afcf6a9456dbbf9ee0dcb41eebfb23565b	3.5	11.1	14.6
GCST90203169	ok	""	1	0	http://ftp.ebi.ac.uk/pub/databases/gwas/summary_statistics/GCST90203001-GCST90204000/GCST90203169/harmonised/GCST90203169.h.tsv.gz	90427947	4291177	11706	0.002728	0	2	6675	34	5006	/data/opengwasdb/metabolome-plasma-2023/releases/2023-chen-full-south-asian/filtered/GCST90203169_GCST90203169.filtered.tsv.gz	272547	sha256	274cd2c007748b6f0eb4684ad40f45dfcfacb94c94dc178118a4db0994e08827	5.7	11.4	17.1
GCST90203170	ok	""	1	0	http://ftp.ebi.ac.uk/pub/databases/gwas/summary_statistics/GCST90203001-GCST90204000/GCST90203170/harmonised/GCST90203170.h.tsv.gz	86599974	4277596	5039	0.001178	0	0	0	27	5012	/data/opengwasdb/metabolome-plasma-2023/releases/2023-chen-full-south-asian/filtered/GCST90203170_GCST90203170.filtered.tsv.gz	141038	sha256	4e4ff41d3c4c29844133d6e1c6acdff1bc9d791bab29b0a6b7194a63f18a6fef	5.3	11.5	16.8
GCST90203171	ok	""	1	0	http://ftp.ebi.ac.uk/pub/databases/gwas/summary_statistics/GCST90203001-GCST90204000/GCST90203171/harmonised/GCST90203171.h.tsv.gz	86974783	4302663	8369	0.001945	0	1	3308	20	5044	/data/opengwasdb/metabolome-plasma-2023/releases/2023-chen-full-south-asian/filtered/GCST90203171_GCST90203171.filtered.tsv.gz	210726	sha256	d1d5547b9317bf26518cb819b8e4b50d07ecac19e6cc35aec26c1093843aa672	6.2	10.8	17
GCST90203172	ok	""	1	0	http://ftp.ebi.ac.uk/pub/databases/gwas/summary_statistics/GCST90203001-GCST90204000/GCST90203172/harmonised/GCST90203172.h.tsv.gz	93039481	4399279	10680	0.002428	0	1	5458	31	5197	/data/opengwasdb/metabolome-plasma-2023/releases/2023-chen-full-south-asian/filtered/GCST90203172_GCST90203172.filtered.tsv.gz	251726	sha256	695f069eae597516f2fc2b5a67b77ecb6fae3ae5e1f969b3377bac43e5c23269	6.7	10.3	17
GCST90203173	ok	""	1	0	http://ftp.ebi.ac.uk/pub/databases/gwas/summary_statistics/GCST90203001-GCST90204000/GCST90203173/harmonised/GCST90203173.h.tsv.gz	90511781	4255885	10673	0.002508	0	2	5690	22	4970	/data/opengwasdb/metabolome-plasma-2023/releases/2023-chen-full-south-asian/filtered/GCST90203173_GCST90203173.filtered.tsv.gz	249205	sha256	17529842e1a3e79c6c8018a14e50c56be2d11d0b30f2b547c87d830010ef8062	5.4	11.1	16.6
GCST90203174	ok	""	1	0	http://ftp.ebi.ac.uk/pub/databases/gwas/summary_statistics/GCST90203001-GCST90204000/GCST90203174/harmonised/GCST90203174.h.tsv.gz	91282869	4402097	5210	0.001184	0	0	0	27	5183	/data/opengwasdb/metabolome-plasma-2023/releases/2023-chen-full-south-asian/filtered/GCST90203174_GCST90203174.filtered.tsv.gz	145051	sha256	3ff99f259b27e51448408d1eb3d25e02368cc6545ed03ab2523dabe3d0ed4e91	5.6	10.8	16.4
GCST90203175	ok	""	1	0	http://ftp.ebi.ac.uk/pub/databases/gwas/summary_statistics/GCST90203001-GCST90204000/GCST90203175/harmonised/GCST90203175.h.tsv.gz	90489780	4255885	8577	0.002015	0	1	3585	27	4970	/data/opengwasdb/metabolome-plasma-2023/releases/2023-chen-full-south-asian/filtered/GCST90203175_GCST90203175.filtered.tsv.gz	205492	sha256	5a32b55887f2462af2144bf080e63808927448c4698bb7419c05d7079bd065bd	6.4	10.8	17.2
GCST90203176	ok	""	1	0	http://ftp.ebi.ac.uk/pub/databases/gwas/summary_statistics/GCST90203001-GCST90204000/GCST90203176/harmonised/GCST90203176.h.tsv.gz	87960343	4225339	7435	0.00176	0	1	2496	11	4930	/data/opengwasdb/metabolome-plasma-2023/releases/2023-chen-full-south-asian/filtered/GCST90203176_GCST90203176.filtered.tsv.gz	188457	sha256	c7a7cb8eb5ed79f866c069299733845e0928cea2e0270e635b4623166edcf85c	5.9	10.2	16.1
GCST90203177	ok	""	1	0	http://ftp.ebi.ac.uk/pub/databases/gwas/summary_statistics/GCST90203001-GCST90204000/GCST90203177/harmonised/GCST90203177.h.tsv.gz	86637382	4280720	10007	0.002338	0	2	4968	22	5022	/data/opengwasdb/metabolome-plasma-2023/releases/2023-chen-full-south-asian/filtered/GCST90203177_GCST90203177.filtered.tsv.gz	243550	sha256	41da430cba7d4f1eb69f21fe3d024eb2524e750b36cf43a3969413518b9bdbcf	5.3	11.2	16.5
GCST90203178	ok	""	1	0	http://ftp.ebi.ac.uk/pub/databases/gwas/summary_statistics/GCST90203001-GCST90204000/GCST90203178/harmonised/GCST90203178.h.tsv.gz	90505180	4255885	4995	0.001174	0	0	0	25	4970	/data/opengwasdb/metabolome-plasma-2023/releases/2023-chen-full-south-asian/filtered/GCST90203178_GCST90203178.filtered.tsv.gz	139602	sha256	d01b3764dfef8984fb5434af09cb5a2c9e7415262911cabcda8baeaf88544b6b	6.4	10.2	16.6
GCST90203179	ok	""	1	0	http://ftp.ebi.ac.uk/pub/databases/gwas/summary_statistics/GCST90203001-GCST90204000/GCST90203179/harmonised/GCST90203179.h.tsv.gz	86136148	4255885	4982	0.001171	0	0	0	12	4970	/data/opengwasdb/metabolome-plasma-2023/releases/2023-chen-full-south-asian/filtered/GCST90203179_GCST90203179.filtered.tsv.gz	139247	sha256	3b96777d7042754834e53e3e8012e0ab3dad56db325debf387b2c02af7f43913	6.1	9.5	15.5
GCST90203180	ok	""	1	0	http://ftp.ebi.ac.uk/pub/databases/gwas/summary_statistics/GCST90203001-GCST90204000/GCST90203180/harmonised/GCST90203180.h.tsv.gz	86161553	4255885	4986	0.001172	0	0	0	16	4970	/data/opengwasdb/metabolome-plasma-2023/releases/2023-chen-full-south-asian/filtered/GCST90203180_GCST90203180.filtered.tsv.gz	139627	sha256	91243cb9a6856d6eba7fb93013a3f1f13bdd6a1f47cf106cbe87ed31bdd55316	5.2	11.2	16.4
GCST90203181	ok	""	1	0	http://ftp.ebi.ac.uk/pub/databases/gwas/summary_statistics/GCST90203001-GCST90204000/GCST90203181/harmonised/GCST90203181.h.tsv.gz	90499481	4255885	7570	0.001779	0	1	2585	19	4970	/data/opengwasdb/metabolome-plasma-2023/releases/2023-chen-full-south-asian/filtered/GCST90203181_GCST90203181.filtered.tsv.gz	193924	sha256	41e61b4afef011a4fca03c23466b2f21055eaad270a4ff263cdb0367b9fba2f9	5.6	11	16.6
GCST90203182	ok	""	1	0	http://ftp.ebi.ac.uk/pub/databases/gwas/summary_statistics/GCST90203001-GCST90204000/GCST90203182/harmonised/GCST90203182.h.tsv.gz	89837154	4260114	7386	0.001734	0	1	2354	28	5006	/data/opengwasdb/metabolome-plasma-2023/releases/2023-chen-full-south-asian/filtered/GCST90203182_GCST90203182.filtered.tsv.gz	185625	sha256	b99d41c7f47e1c33d1c3257ee18b560209ce4f55d5e7d1e6d60117ffa028f393	5.7	11.5	17.2
GCST90203183	ok	""	1	0	http://ftp.ebi.ac.uk/pub/databases/gwas/summary_statistics/GCST90203001-GCST90204000/GCST90203183/harmonised/GCST90203183.h.tsv.gz	90505545	4255885	4988	0.001172	0	0	0	18	4970	/data/opengwasdb/metabolome-plasma-2023/releases/2023-chen-full-south-asian/filtered/GCST90203183_GCST90203183.filtered.tsv.gz	139330	sha256	2864b6d2f253fe4b4fa063760f54a090f3c0181e3ab566887aa14d8adcc574ac	6.7	10	16.7
GCST90203184	ok	""	1	0	http://ftp.ebi.ac.uk/pub/databases/gwas/summary_statistics/GCST90203001-GCST90204000/GCST90203184/harmonised/GCST90203184.h.tsv.gz	90463270	4255885	4998	0.001174	0	0	0	28	4970	/data/opengwasdb/metabolome-plasma-2023/releases/2023-chen-full-south-asian/filtered/GCST90203184_GCST90203184.filtered.tsv.gz	139785	sha256	d07197d879a8c4afc8e674016f9e483e7a7229334cba5d22bf42be2cc5e41a65	4.8	11	15.8
GCST90203185	ok	""	1	0	http://ftp.ebi.ac.uk/pub/databases/gwas/summary_statistics/GCST90203001-GCST90204000/GCST90203185/harmonised/GCST90203185.h.tsv.gz	87705375	4343365	5140	0.001183	0	0	0	22	5119	/data/opengwasdb/metabolome-plasma-2023/releases/2023-chen-full-south-asian/filtered/GCST90203185_GCST90203185.filtered.tsv.gz	143456	sha256	1bda47bfa4a8b889e239d7ae16ebd9b21f014f389c51732b3260aee5080200a7	5.7	11.2	16.9
GCST90203186	ok	""	1	0	http://ftp.ebi.ac.uk/pub/databases/gwas/summary_statistics/GCST90203001-GCST90204000/GCST90203186/harmonised/GCST90203186.h.tsv.gz	86597167	4277924	8071	0.001887	0	1	3039	23	5010	/data/opengwasdb/metabolome-plasma-2023/releases/2023-chen-full-south-asian/filtered/GCST90203186_GCST90203186.filtered.tsv.gz	201740	sha256	e9d20f9e0d593fac6c96c35f27d453599954edb08cb1450e4cf6f6cf6d3c71f8	6.2	10.9	17.1
GCST90203187	ok	""	1	0	http://ftp.ebi.ac.uk/pub/databases/gwas/summary_statistics/GCST90203001-GCST90204000/GCST90203187/harmonised/GCST90203187.h.tsv.gz	86575281	4277192	9127	0.002134	0	1	4097	23	5013	/data/opengwasdb/metabolome-plasma-2023/releases/2023-chen-full-south-asian/filtered/GCST90203187_GCST90203187.filtered.tsv.gz	215903	sha256	814914fad1f9a92b2bba6c08c8762885f37cdcd56d99e26030b6f0194c24aae3	6.4	10.8	17.1
GCST90203188	ok	""	1	0	http://ftp.ebi.ac.uk/pub/databases/gwas/summary_statistics/GCST90203001-GCST90204000/GCST90203188/harmonised/GCST90203188.h.tsv.gz	90873495	4274064	11225	0.002626	0	2	6216	11	5003	/data/opengwasdb/metabolome-plasma-2023/releases/2023-chen-full-south-asian/filtered/GCST90203188_GCST90203188.filtered.tsv.gz	263302	sha256	91265b5afa0dce745b821eeed05b0f90a8fbc5b4784cd7584b9799cb77077c54	5.7	9.9	15.5
GCST90203189	ok	""	1	0	http://ftp.ebi.ac.uk/pub/databases/gwas/summary_statistics/GCST90203001-GCST90204000/GCST90203189/harmonised/GCST90203189.h.tsv.gz	86959962	4300583	9239	0.002148	0	1	4187	19	5035	/data/opengwasdb/metabolome-plasma-2023/releases/2023-chen-full-south-asian/filtered/GCST90203189_GCST90203189.filtered.tsv.gz	224005	sha256	9d65bc1a4385c67d68e0796a0cdf32354504115838561a88e8ff9b334df3e11d	6	12.3	18.3
GCST90203190	ok	""	1	0	http://ftp.ebi.ac.uk/pub/databases/gwas/summary_statistics/GCST90203001-GCST90204000/GCST90203190/harmonised/GCST90203190.h.tsv.gz	86257626	4261425	8130	0.001908	0	1	3141	7	4986	/data/opengwasdb/metabolome-plasma-2023/releases/2023-chen-full-south-asian/filtered/GCST90203190_GCST90203190.filtered.tsv.gz	197671	sha256	872b3a86b642023673ecf4333061f024b8f325040ba195e095a06334d8cb5c02	5.5	10.1	15.6
GCST90203191	ok	""	1	0	http://ftp.ebi.ac.uk/pub/databases/gwas/summary_statistics/GCST90203001-GCST90204000/GCST90203191/harmonised/GCST90203191.h.tsv.gz	86893956	4299065	5065	0.001178	0	0	0	19	5046	/data/opengwasdb/metabolome-plasma-2023/releases/2023-chen-full-south-asian/filtered/GCST90203191_GCST90203191.filtered.tsv.gz	141481	sha256	ed01d0f1b3b250ebbc3a9b4b7bd1e7305d1a77bf72250fb0a6e3e8ad24103ff6	6.5	10.9	17.4
GCST90203192	ok	""	1	0	http://ftp.ebi.ac.uk/pub/databases/gwas/summary_statistics/GCST90203001-GCST90204000/GCST90203192/harmonised/GCST90203192.h.tsv.gz	91074354	4289976	5061	0.00118	0	0	0	25	5036	/data/opengwasdb/metabolome-plasma-2023/releases/2023-chen-full-south-asian/filtered/GCST90203192_GCST90203192.filtered.tsv.gz	141245	sha256	9635d1f4625097b2ccb617e8fed3bc15c99b94ce11079b328f2b25bde5b4dec7	5.1	11.7	16.7
GCST90203193	ok	""	1	0	http://ftp.ebi.ac.uk/pub/databases/gwas/summary_statistics/GCST90203001-GCST90204000/GCST90203193/harmonised/GCST90203193.h.tsv.gz	90952178	4277460	5036	0.001177	0	0	0	28	5009	/data/opengwasdb/metabolome-plasma-2023/releases/2023-chen-full-south-asian/filtered/GCST90203193_GCST90203193.filtered.tsv.gz	141116	sha256	782967b8b52a03b1824665fe27bd1486f86783702ad50a6e57ecec19c25f563d	5.4	9.4	14.9
GCST90203194	ok	""	1	0	http://ftp.ebi.ac.uk/pub/databases/gwas/summary_statistics/GCST90203001-GCST90204000/GCST90203194/harmonised/GCST90203194.h.tsv.gz	86285852	4261425	5005	0.001174	0	0	0	19	4986	/data/opengwasdb/metabolome-plasma-2023/releases/2023-chen-full-south-asian/filtered/GCST90203194_GCST90203194.filtered.tsv.gz	140037	sha256	ad8a404beebf1eb8bd87bb73a01f18249ca6185fdada2f27c07e9ffbf4806a37	6	11.6	17.6
GCST90203195	ok	""	1	0	http://ftp.ebi.ac.uk/pub/databases/gwas/summary_statistics/GCST90203001-GCST90204000/GCST90203195/harmonised/GCST90203195.h.tsv.gz	85869820	4240430	4985	0.001176	0	0	0	20	4965	/data/opengwasdb/metabolome-plasma-2023/releases/2023-chen-full-south-asian/filtered/GCST90203195_GCST90203195.filtered.tsv.gz	138443	sha256	5fa119bc4578ddee1a66011801a8dd26b21c22b03b40cc1b6da2b58a27991643	6.2	11.9	18.1
GCST90203196	ok	""	1	0	http://ftp.ebi.ac.uk/pub/databases/gwas/summary_statistics/GCST90203001-GCST90204000/GCST90203196/harmonised/GCST90203196.h.tsv.gz	88515723	4247233	5016	0.001181	0	0	0	22	4994	/data/opengwasdb/metabolome-plasma-2023/releases/2023-chen-full-south-asian/filtered/GCST90203196_GCST90203196.filtered.tsv.gz	139737	sha256	8ca2f1981694cc6bd077b3ba18327cacea56328f081e0d1adfbe394a66faf6ec	5.3	9.9	15.3
GCST90203197	ok	""	1	0	http://ftp.ebi.ac.uk/pub/databases/gwas/summary_statistics/GCST90203001-GCST90204000/GCST90203197/harmonised/GCST90203197.h.tsv.gz	85175212	4302856	5083	0.001181	0	0	0	27	5057	/data/opengwasdb/metabolome-plasma-2023/releases/2023-chen-full-south-asian/filtered/GCST90203197_GCST90203197.filtered.tsv.gz	141680	sha256	36f832a4747133d955510e688d419091b825f6b288a28374de3757ea9116ede7	6.2	11.7	17.9
GCST90203198	ok	""	1	0	http://ftp.ebi.ac.uk/pub/databases/gwas/summary_statistics/GCST90203001-GCST90204000/GCST90203198/harmonised/GCST90203198.h.tsv.gz	90879002	4275487	5030	0.001176	0	0	0	23	5007	/data/opengwasdb/metabolome-plasma-2023/releases/2023-chen-full-south-asian/filtered/GCST90203198_GCST90203198.filtered.tsv.gz	140714	sha256	8c577f3740e321fb23f7b17b79893da32b671f3e0b60f456a8aae020ed3ab805	5.4	11.9	17.3
GCST90203199	ok	""	1	0	http://ftp.ebi.ac.uk/pub/databases/gwas/summary_statistics/GCST90203001-GCST90204000/GCST90203199/harmonised/GCST90203199.h.tsv.gz	90506518	4255885	13578	0.00319	0	3	8598	19	4970	/data/opengwasdb/metabolome-plasma-2023/releases/2023-chen-full-south-asian/filtered/GCST90203199_GCST90203199.filtered.tsv.gz	311092	sha256	bd7c8ec4e1b1c3641b4c5c1e33d8c10eb15f117fa5f4db33a7c512e4fe6b4161	5.7	10	15.7
GCST90203200	ok	""	1	0	http://ftp.ebi.ac.uk/pub/databases/gwas/summary_statistics/GCST90203001-GCST90204000/GCST90203200/harmonised/GCST90203200.h.tsv.gz	86649031	4289310	12874	0.003001	0	2	7828	29	5024	/data/opengwasdb/metabolome-plasma-2023/releases/2023-chen-full-south-asian/filtered/GCST90203200_GCST90203200.filtered.tsv.gz	293802	sha256	0c8f01de237b0f72dc53cad0c8b649b1edac015d4c19a60d221a6ba8e5eb0e2b	4.9	10	14.9
GCST90203201	ok	""	1	0	http://ftp.ebi.ac.uk/pub/databases/gwas/summary_statistics/GCST90203001-GCST90204000/GCST90203201/harmonised/GCST90203201.h.tsv.gz	90790292	4269681	5018	0.001175	0	0	0	26	4992	/data/opengwasdb/metabolome-plasma-2023/releases/2023-chen-full-south-asian/filtered/GCST90203201_GCST90203201.filtered.tsv.gz	140336	sha256	337e5187070eb14e7d0b6bd372c616541a8245c11c6a0e49e6b1f7e995f283f6	6.8	11.2	18
GCST90203202	ok	""	1	0	http://ftp.ebi.ac.uk/pub/databases/gwas/summary_statistics/GCST90203001-GCST90204000/GCST90203202/harmonised/GCST90203202.h.tsv.gz	86518309	4275487	11055	0.002586	0	2	6030	24	5007	/data/opengwasdb/metabolome-plasma-2023/releases/2023-chen-full-south-asian/filtered/GCST90203202_GCST90203202.filtered.tsv.gz	252316	sha256	272e2515d9ec38fdbd58d85db19f365c75988cdac3d4f8967a969c05c11b7e1d	4.3	11.6	15.9
GCST90203203	ok	""	1	0	http://ftp.ebi.ac.uk/pub/databases/gwas/summary_statistics/GCST90203001-GCST90204000/GCST90203203/harmonised/GCST90203203.h.tsv.gz	86439179	4275080	9782	0.002288	0	1	4774	19	4995	/data/opengwasdb/metabolome-plasma-2023/releases/2023-chen-full-south-asian/filtered/GCST90203203_GCST90203203.filtered.tsv.gz	229373	sha256	20cb0b2a3788697bfd871b4eee1972805bd06b78475217fdeb5e73057c46dc42	5.4	11.1	16.5
GCST90203204	ok	""	1	0	http://ftp.ebi.ac.uk/pub/databases/gwas/summary_statistics/GCST90203001-GCST90204000/GCST90203204/harmonised/GCST90203204.h.tsv.gz	90508191	4255885	7967	0.001872	0	1	2982	16	4970	/data/opengwasdb/metabolome-plasma-2023/releases/2023-chen-full-south-asian/filtered/GCST90203204_GCST90203204.filtered.tsv.gz	199394	sha256	4d6efb2eeef6b461979946977037389cec40f71f3dae4d2e112cfc26997760d1	5.7	11.5	17.3
GCST90203205	ok	""	1	0	http://ftp.ebi.ac.uk/pub/databases/gwas/summary_statistics/GCST90203001-GCST90204000/GCST90203205/harmonised/GCST90203205.h.tsv.gz	90847562	4272349	9629	0.002254	0	1	4609	29	4996	/data/opengwasdb/metabolome-plasma-2023/releases/2023-chen-full-south-asian/filtered/GCST90203205_GCST90203205.filtered.tsv.gz	222249	sha256	59663a27f0a866af57638b701658880c550402a9715da2fb3a28805170ce2e47	6	11.1	17.1
GCST90203206	ok	""	1	0	http://ftp.ebi.ac.uk/pub/databases/gwas/summary_statistics/GCST90203001-GCST90204000/GCST90203206/harmonised/GCST90203206.h.tsv.gz	91144346	4292234	5049	0.001176	0	0	0	21	5028	/data/opengwasdb/metabolome-plasma-2023/releases/2023-chen-full-south-asian/filtered/GCST90203206_GCST90203206.filtered.tsv.gz	141053	sha256	0419127a21aca8ed43f7f954174d3c6344927913139066cb9cc0ca8864f43566	5.8	11.2	16.9
GCST90203207	ok	""	1	0	http://ftp.ebi.ac.uk/pub/databases/gwas/summary_statistics/GCST90203001-GCST90204000/GCST90203207/harmonised/GCST90203207.h.tsv.gz	86139930	4255885	5000	0.001175	0	0	0	30	4970	/data/opengwasdb/metabolome-plasma-2023/releases/2023-chen-full-south-asian/filtered/GCST90203207_GCST90203207.filtered.tsv.gz	139788	sha256	d35d373b12f91c0776a4876106d91fc7a8cc69ecbe341bb21b867010d1eb6cfc	5.3	9.5	14.8
GCST90203208	ok	""	1	0	http://ftp.ebi.ac.uk/pub/databases/gwas/summary_statistics/GCST90203001-GCST90204000/GCST90203208/harmonised/GCST90203208.h.tsv.gz	88163182	4369838	5170	0.001183	0	0	0	22	5148	/data/opengwasdb/metabolome-plasma-2023/releases/2023-chen-full-south-asian/filtered/GCST90203208_GCST90203208.filtered.tsv.gz	144384	sha256	8dca41728b407b350aa32a0334a23c74c52799345c1056cc531a50b71b8b6a66	3.6	9.7	13.4
GCST90203209	ok	""	1	0	http://ftp.ebi.ac.uk/pub/databases/gwas/summary_statistics/GCST90203001-GCST90204000/GCST90203209/harmonised/GCST90203209.h.tsv.gz	92552817	4406487	8215	0.001864	0	1	3006	19	5194	/data/opengwasdb/metabolome-plasma-2023/releases/2023-chen-full-south-asian/filtered/GCST90203209_GCST90203209.filtered.tsv.gz	205559	sha256	eb052cb64b31c4fab65dd77b3359b8d0914caf5d778f2e78272bdcd5e352894f	3.2	12.7	15.9
GCST90203210	ok	""	1	0	http://ftp.ebi.ac.uk/pub/databases/gwas/summary_statistics/GCST90203001-GCST90204000/GCST90203210/harmonised/GCST90203210.h.tsv.gz	90495559	4255885	4988	0.001172	0	0	0	18	4970	/data/opengwasdb/metabolome-plasma-2023/releases/2023-chen-full-south-asian/filtered/GCST90203210_GCST90203210.filtered.tsv.gz	139384	sha256	c306dd61857e28cfd0868e1574f8c93001138cb811cc57e4b061c69752259903	4.5	12.3	16.8
GCST90203211	ok	""	1	0	http://ftp.ebi.ac.uk/pub/databases/gwas/summary_statistics/GCST90203001-GCST90204000/GCST90203211/harmonised/GCST90203211.h.tsv.gz	80607247	4179689	8595	0.002056	0	1	3713	20	4864	/data/opengwasdb/metabolome-plasma-2023/releases/2023-chen-full-south-asian/filtered/GCST90203211_GCST90203211.filtered.tsv.gz	202980	sha256	437c35971b72cdc2a6494e60b5b86a9613a1b6c0e56a027e6ce733a6a8518b9b	3.1	10.5	13.7
GCST90203212	ok	""	1	0	http://ftp.ebi.ac.uk/pub/databases/gwas/summary_statistics/GCST90203001-GCST90204000/GCST90203212/harmonised/GCST90203212.h.tsv.gz	86154093	4255885	4982	0.001171	0	0	0	12	4970	/data/opengwasdb/metabolome-plasma-2023/releases/2023-chen-full-south-asian/filtered/GCST90203212_GCST90203212.filtered.tsv.gz	139396	sha256	eaf83d5057f346b248d80558f9680742c4a60ddb9660edb36d8af16df3b2005b	4.9	10.4	15.3
GCST90203213	ok	""	1	0	http://ftp.ebi.ac.uk/pub/databases/gwas/summary_statistics/GCST90203001-GCST90204000/GCST90203213/harmonised/GCST90203213.h.tsv.gz	90932937	4276613	5024	0.001175	0	0	0	26	4998	/data/opengwasdb/metabolome-plasma-2023/releases/2023-chen-full-south-asian/filtered/GCST90203213_GCST90203213.filtered.tsv.gz	140560	sha256	740b48cac38cadb4c51eb07bf783cd1730093b4c221f816e1c2ea99a3726355d	5.5	12.4	17.9
GCST90203214	ok	""	1	0	http://ftp.ebi.ac.uk/pub/databases/gwas/summary_statistics/GCST90203001-GCST90204000/GCST90203214/harmonised/GCST90203214.h.tsv.gz	90872507	4273720	5022	0.001175	0	0	0	20	5002	/data/opengwasdb/metabolome-plasma-2023/releases/2023-chen-full-south-asian/filtered/GCST90203214_GCST90203214.filtered.tsv.gz	140465	sha256	27810507c6e01521ee4d611f21e7442bf9a23dffe382d8da76041578291b9381	3.7	12.2	15.9
GCST90203215	ok	""	1	0	http://ftp.ebi.ac.uk/pub/databases/gwas/summary_statistics/GCST90203001-GCST90204000/GCST90203215/harmonised/GCST90203215.h.tsv.gz	91429803	4310124	5078	0.001178	0	0	0	23	5055	/data/opengwasdb/metabolome-plasma-2023/releases/2023-chen-full-south-asian/filtered/GCST90203215_GCST90203215.filtered.tsv.gz	141575	sha256	eee55f5e73b853acbefc439b3580095eb5e7801ec00bbb8ff8518488ef4622a6	5.6	11	16.5
GCST90203216	ok	""	1	0	http://ftp.ebi.ac.uk/pub/databases/gwas/summary_statistics/GCST90203001-GCST90204000/GCST90203216/harmonised/GCST90203216.h.tsv.gz	86154090	4255885	8006	0.001881	0	1	3018	23	4970	/data/opengwasdb/metabolome-plasma-2023/releases/2023-chen-full-south-asian/filtered/GCST90203216_GCST90203216.filtered.tsv.gz	201246	sha256	26e513fa71314ba58db22cd002e46f15ebcb98d2362ae8d8a4a3e0e62eb0dd3a	5	12	17
GCST90203217	ok	""	1	0	http://ftp.ebi.ac.uk/pub/databases/gwas/summary_statistics/GCST90203001-GCST90204000/GCST90203217/harmonised/GCST90203217.h.tsv.gz	89608122	4244684	4960	0.001169	0	0	0	20	4940	/data/opengwasdb/metabolome-plasma-2023/releases/2023-chen-full-south-asian/filtered/GCST90203217_GCST90203217.filtered.tsv.gz	138820	sha256	73b9cdf1c961520db69c39c453ca65f1fed7acbabcd25e3cf383c4d792bee4d1	5.4	13.5	18.9
GCST90203218	ok	""	1	0	http://ftp.ebi.ac.uk/pub/databases/gwas/summary_statistics/GCST90203001-GCST90204000/GCST90203218/harmonised/GCST90203218.h.tsv.gz	85189047	4242436	4970	0.001171	0	0	0	14	4956	/data/opengwasdb/metabolome-plasma-2023/releases/2023-chen-full-south-asian/filtered/GCST90203218_GCST90203218.filtered.tsv.gz	139139	sha256	b3d9c1bb465d2d7649ba591e23799e646e35e938f4322618ccfdedbfee6a2dad	5.3	10.8	16.1
GCST90203219	ok	""	1	0	http://ftp.ebi.ac.uk/pub/databases/gwas/summary_statistics/GCST90203001-GCST90204000/GCST90203219/harmonised/GCST90203219.h.tsv.gz	92520373	4363725	19761	0.004528	0	4	14619	30	5130	/data/opengwasdb/metabolome-plasma-2023/releases/2023-chen-full-south-asian/filtered/GCST90203219_GCST90203219.filtered.tsv.gz	419910	sha256	b4045099b897deba191b802a384ac0660153ae82b7f85a8ffffb4d5d099534c3	5.1	13.5	18.6
GCST90203220	ok	""	1	0	http://ftp.ebi.ac.uk/pub/databases/gwas/summary_statistics/GCST90203001-GCST90204000/GCST90203220/harmonised/GCST90203220.h.tsv.gz	86140533	4255885	4989	0.001172	0	0	0	19	4970	/data/opengwasdb/metabolome-plasma-2023/releases/2023-chen-full-south-asian/filtered/GCST90203220_GCST90203220.filtered.tsv.gz	139419	sha256	d79146623e13270d4f7a3c3ad00342e5f7c5f30f49518e4e2caf388c30149e96	5.1	11.6	16.7
GCST90203221	ok	""	1	0	http://ftp.ebi.ac.uk/pub/databases/gwas/summary_statistics/GCST90203001-GCST90204000/GCST90203221/harmonised/GCST90203221.h.tsv.gz	91980309	4333542	5124	0.001182	0	0	0	26	5098	/data/opengwasdb/metabolome-plasma-2023/releases/2023-chen-full-south-asian/filtered/GCST90203221_GCST90203221.filtered.tsv.gz	143077	sha256	a345e0dc5a5aa8f1b15bd1410b1d191bb607ab6614bfa1b8d949eb470fa0ddc1	3.3	10.7	14
GCST90203222	ok	""	1	0	http://ftp.ebi.ac.uk/pub/databases/gwas/summary_statistics/GCST90203001-GCST90204000/GCST90203222/harmonised/GCST90203222.h.tsv.gz	91447285	4412562	7836	0.001776	0	1	2602	21	5215	/data/opengwasdb/metabolome-plasma-2023/releases/2023-chen-full-south-asian/filtered/GCST90203222_GCST90203222.filtered.tsv.gz	196641	sha256	36f52b526422e55c198a7616c74eddf3fae76320fb8981294a7967815a499093	6	10.6	16.6
GCST90203223	ok	""	1	0	http://ftp.ebi.ac.uk/pub/databases/gwas/summary_statistics/GCST90203001-GCST90204000/GCST90203223/harmonised/GCST90203223.h.tsv.gz	90965617	4278554	5022	0.001174	0	0	0	18	5004	/data/opengwasdb/metabolome-plasma-2023/releases/2023-chen-full-south-asian/filtered/GCST90203223_GCST90203223.filtered.tsv.gz	140399	sha256	29ad0429852cc004be44dbe697ce1782d8bc77a4d076f2f038a848056669b6d6	6.6	12.1	18.7
GCST90203224	ok	""	1	0	http://ftp.ebi.ac.uk/pub/databases/gwas/summary_statistics/GCST90203001-GCST90204000/GCST90203224/harmonised/GCST90203224.h.tsv.gz	88058333	4366538	5163	0.001182	0	0	0	18	5145	/data/opengwasdb/metabolome-plasma-2023/releases/2023-chen-full-south-asian/filtered/GCST90203224_GCST90203224.filtered.tsv.gz	144071	sha256	4235ba08dfdd4451b7eba9f8cf77307ab6ceb1141066298dc58789846fb879e4	5.1	11.8	16.9
GCST90203225	ok	""	1	0	http://ftp.ebi.ac.uk/pub/databases/gwas/summary_statistics/GCST90203001-GCST90204000/GCST90203225/harmonised/GCST90203225.h.tsv.gz	91979450	4333542	8842	0.00204	0	2	3723	28	5098	/data/opengwasdb/metabolome-plasma-2023/releases/2023-chen-full-south-asian/filtered/GCST90203225_GCST90203225.filtered.tsv.gz	214218	sha256	a91ba8d9ee97274dbf635af9e4180afd450fa743afe0bb0f736161cc92304daa	4	10	14
GCST90203226	ok	""	1	0	http://ftp.ebi.ac.uk/pub/databases/gwas/summary_statistics/GCST90203001-GCST90204000/GCST90203226/harmonised/GCST90203226.h.tsv.gz	86296552	4261425	5007	0.001175	0	0	0	21	4986	/data/opengwasdb/metabolome-plasma-2023/releases/2023-chen-full-south-asian/filtered/GCST90203226_GCST90203226.filtered.tsv.gz	140120	sha256	4db27d6d3968c55c016b3dc90358bd40df85f7404c02f9b30c4fb93c2d202275	6.2	11.8	18
GCST90203227	ok	""	1	0	http://ftp.ebi.ac.uk/pub/databases/gwas/summary_statistics/GCST90203001-GCST90204000/GCST90203227/harmonised/GCST90203227.h.tsv.gz	86893285	4298909	5074	0.00118	0	0	0	22	5052	/data/opengwasdb/metabolome-plasma-2023/releases/2023-chen-full-south-asian/filtered/GCST90203227_GCST90203227.filtered.tsv.gz	141740	sha256	ee5b905f4d3313f9ae090763139706ea824c9701b6ab39155f0db27e3f30c013	6.5	11.8	18.2
GCST90203228	ok	""	1	0	http://ftp.ebi.ac.uk/pub/databases/gwas/summary_statistics/GCST90203001-GCST90204000/GCST90203228/harmonised/GCST90203228.h.tsv.gz	90596010	4298076	9976	0.002321	0	1	4907	15	5057	/data/opengwasdb/metabolome-plasma-2023/releases/2023-chen-full-south-asian/filtered/GCST90203228_GCST90203228.filtered.tsv.gz	243408	sha256	385eabb611aa973a13b75e4957aed28eff7bce1aa0324c3023ee12fad6c2fa4c	6.2	11.9	18.1
GCST90203229	ok	""	1	0	http://ftp.ebi.ac.uk/pub/databases/gwas/summary_statistics/GCST90203001-GCST90204000/GCST90203229/harmonised/GCST90203229.h.tsv.gz	87777775	4348538	5119	0.001177	0	0	0	17	5102	/data/opengwasdb/metabolome-plasma-2023/releases/2023-chen-full-south-asian/filtered/GCST90203229_GCST90203229.filtered.tsv.gz	142939	sha256	5fbad06c2f1e739e303f5c28db712ace5856b0901d4865946b93fd36b2c5a416	5.2	9.8	15
GCST90203230	ok	""	1	0	http://ftp.ebi.ac.uk/pub/databases/gwas/summary_statistics/GCST90203001-GCST90204000/GCST90203230/harmonised/GCST90203230.h.tsv.gz	82270758	4289130	8559	0.001996	0	1	3503	34	5025	/data/opengwasdb/metabolome-plasma-2023/releases/2023-chen-full-south-asian/filtered/GCST90203230_GCST90203230.filtered.tsv.gz	199969	sha256	88dadfea3135036c097d07acb97d565e85b90d24c882c90a40812aea0a900294	6.2	10.6	16.8
GCST90203231	ok	""	1	0	http://ftp.ebi.ac.uk/pub/databases/gwas/summary_statistics/GCST90203001-GCST90204000/GCST90203231/harmonised/GCST90203231.h.tsv.gz	86502515	4275627	5029	0.001176	0	0	0	24	5005	/data/opengwasdb/metabolome-plasma-2023/releases/2023-chen-full-south-asian/filtered/GCST90203231_GCST90203231.filtered.tsv.gz	140466	sha256	5b1173390f9820dd5adce93a88562d0599cd64b5b09aafa22f9548892fe1b13c	5.3	11.5	16.8
GCST90203232	ok	""	1	0	http://ftp.ebi.ac.uk/pub/databases/gwas/summary_statistics/GCST90203001-GCST90204000/GCST90203232/harmonised/GCST90203232.h.tsv.gz	86498203	4274209	8132	0.001903	0	1	3110	26	4997	/data/opengwasdb/metabolome-plasma-2023/releases/2023-chen-full-south-asian/filtered/GCST90203232_GCST90203232.filtered.tsv.gz	200373	sha256	a9834fed697238bb039d02aeac3607f83bd54e02c07f76d7a5fb8974f4895cb8	4.7	9.6	14.3
GCST90203233	ok	""	1	0	http://ftp.ebi.ac.uk/pub/databases/gwas/summary_statistics/GCST90203001-GCST90204000/GCST90203233/harmonised/GCST90203233.h.tsv.gz	90517763	4255885	4980	0.00117	0	0	0	10	4970	/data/opengwasdb/metabolome-plasma-2023/releases/2023-chen-full-south-asian/filtered/GCST90203233_GCST90203233.filtered.tsv.gz	139515	sha256	dbb8dcae8390d1cc9f47f9f8b5ec8a05235ecccf7c5be1d40338c7d506acbf98	4.3	11.8	16
GCST90203234	ok	""	1	0	http://ftp.ebi.ac.uk/pub/databases/gwas/summary_statistics/GCST90203001-GCST90204000/GCST90203234/harmonised/GCST90203234.h.tsv.gz	87107307	4428614	9076	0.002049	0	1	3819	25	5238	/data/opengwasdb/metabolome-plasma-2023/releases/2023-chen-full-south-asian/filtered/GCST90203234_GCST90203234.filtered.tsv.gz	222060	sha256	78b3fd568aab3e4b298fcb2ac920832c6c7f95f96ab1f65b2e4a214fb15cee6c	5.3	10.9	16.3
GCST90203235	ok	""	1	0	http://ftp.ebi.ac.uk/pub/databases/gwas/summary_statistics/GCST90203001-GCST90204000/GCST90203235/harmonised/GCST90203235.h.tsv.gz	90864716	4274098	5011	0.001172	0	0	0	15	4996	/data/opengwasdb/metabolome-plasma-2023/releases/2023-chen-full-south-asian/filtered/GCST90203235_GCST90203235.filtered.tsv.gz	140127	sha256	b579f63644974842a726b5ef3eb2c64c225df588a2f28427aaade9c6ae65ec4a	6.7	11.9	18.6
GCST90203236	ok	""	1	0	http://ftp.ebi.ac.uk/pub/databases/gwas/summary_statistics/GCST90203001-GCST90204000/GCST90203236/harmonised/GCST90203236.h.tsv.gz	86154616	4255885	4995	0.001174	0	0	0	25	4970	/data/opengwasdb/metabolome-plasma-2023/releases/2023-chen-full-south-asian/filtered/GCST90203236_GCST90203236.filtered.tsv.gz	139760	sha256	e9d7c5a9564a81355b9a9c77a0984ddf511d3788f1b06c9552cbddb18d683282	5.8	9.5	15.3
GCST90203237	ok	""	1	0	http://ftp.ebi.ac.uk/pub/databases/gwas/summary_statistics/GCST90203001-GCST90204000/GCST90203237/harmonised/GCST90203237.h.tsv.gz	86134152	4255885	4983	0.001171	0	0	0	13	4970	/data/opengwasdb/metabolome-plasma-2023/releases/2023-chen-full-south-asian/filtered/GCST90203237_GCST90203237.filtered.tsv.gz	139244	sha256	05cef39c9775d90106e2ef35c71bf8d9fe89a4c64914d57590ff55ba0b479331	6.5	10.4	16.9
GCST90203238	ok	""	1	0	http://ftp.ebi.ac.uk/pub/databases/gwas/summary_statistics/GCST90203001-GCST90204000/GCST90203238/harmonised/GCST90203238.h.tsv.gz	91514476	4312911	5073	0.001176	0	0	0	20	5053	/data/opengwasdb/metabolome-plasma-2023/releases/2023-chen-full-south-asian/filtered/GCST90203238_GCST90203238.filtered.tsv.gz	141510	sha256	431bcab997d7bb26925fab4d82caba9a2ce25053b8825dacb8307ba6c83cd837	6.6	9.3	15.9
GCST90203239	ok	""	1	0	http://ftp.ebi.ac.uk/pub/databases/gwas/summary_statistics/GCST90203001-GCST90204000/GCST90203239/harmonised/GCST90203239.h.tsv.gz	92777116	4379594	5198	0.001187	0	0	0	25	5173	/data/opengwasdb/metabolome-plasma-2023/releases/2023-chen-full-south-asian/filtered/GCST90203239_GCST90203239.filtered.tsv.gz	144850	sha256	18e6f57715c8db07adec894a3137215170e3d14cd8a808c6f7260fee695d12bb	6.7	12.2	18.9
GCST90203240	ok	""	1	0	http://ftp.ebi.ac.uk/pub/databases/gwas/summary_statistics/GCST90203001-GCST90204000/GCST90203240/harmonised/GCST90203240.h.tsv.gz	90519098	4255885	8249	0.001938	0	1	3262	20	4970	/data/opengwasdb/metabolome-plasma-2023/releases/2023-chen-full-south-asian/filtered/GCST90203240_GCST90203240.filtered.tsv.gz	201290	sha256	b4b86caa374c327e36611f7a47b252fee79b4f37e0355b43a036210936cfc9b8	6.6	12	18.6
GCST90203241	ok	""	1	0	http://ftp.ebi.ac.uk/pub/databases/gwas/summary_statistics/GCST90203001-GCST90204000/GCST90203241/harmonised/GCST90203241.h.tsv.gz	86484308	4274102	7941	0.001858	0	1	2927	24	4992	/data/opengwasdb/metabolome-plasma-2023/releases/2023-chen-full-south-asian/filtered/GCST90203241_GCST90203241.filtered.tsv.gz	192080	sha256	13469d80ba52423529f84ee512cffcd88b1abcd03aedf1a7141e1742e85f8083	6	10	16
GCST90203242	ok	""	1	0	http://ftp.ebi.ac.uk/pub/databases/gwas/summary_statistics/GCST90203001-GCST90204000/GCST90203242/harmonised/GCST90203242.h.tsv.gz	86157417	4255885	7898	0.001856	0	1	2917	17	4970	/data/opengwasdb/metabolome-plasma-2023/releases/2023-chen-full-south-asian/filtered/GCST90203242_GCST90203242.filtered.tsv.gz	198521	sha256	7fff60498b11539b3cd1ce8fb7bcd8fc5139dec053c34ea4a9007c19eeb69699	4.9	10.9	15.8
GCST90203243	ok	""	1	0	http://ftp.ebi.ac.uk/pub/databases/gwas/summary_statistics/GCST90203001-GCST90204000/GCST90203243/harmonised/GCST90203243.h.tsv.gz	90420635	4357073	8352	0.001917	0	1	3185	24	5146	/data/opengwasdb/metabolome-plasma-2023/releases/2023-chen-full-south-asian/filtered/GCST90203243_GCST90203243.filtered.tsv.gz	208666	sha256	8889e074f9ccf6de3a8d740b7250ff2595c5d82470d5ff7289bd4a3a7ec5f258	5.7	12	17.7
GCST90203244	ok	""	1	0	http://ftp.ebi.ac.uk/pub/databases/gwas/summary_statistics/GCST90203001-GCST90204000/GCST90203244/harmonised/GCST90203244.h.tsv.gz	88931969	4214724	4941	0.001172	0	0	0	22	4919	/data/opengwasdb/metabolome-plasma-2023/releases/2023-chen-full-south-asian/filtered/GCST90203244_GCST90203244.filtered.tsv.gz	138203	sha256	6099f03664a937b8e9b3c02d2b3a7b5854af2d82776490babf5236049a65da3f	5.5	10.3	15.8
GCST90203245	ok	""	1	0	http://ftp.ebi.ac.uk/pub/databases/gwas/summary_statistics/GCST90203001-GCST90204000/GCST90203245/harmonised/GCST90203245.h.tsv.gz	90498287	4255885	4987	0.001172	0	0	0	17	4970	/data/opengwasdb/metabolome-plasma-2023/releases/2023-chen-full-south-asian/filtered/GCST90203245_GCST90203245.filtered.tsv.gz	139359	sha256	07df7861597551671eb607d618699e61ee275dc441f04a7dd75fbc62f83f432f	6.5	10.7	17.2
GCST90203246	ok	""	1	0	http://ftp.ebi.ac.uk/pub/databases/gwas/summary_statistics/GCST90203001-GCST90204000/GCST90203246/harmonised/GCST90203246.h.tsv.gz	86150540	4255885	4983	0.001171	0	0	0	13	4970	/data/opengwasdb/metabolome-plasma-2023/releases/2023-chen-full-south-asian/filtered/GCST90203246_GCST90203246.filtered.tsv.gz	139398	sha256	5132601481b47d3de46dd3525b7934e9b7776eaaa29571ee5d7a96f15be84ab4	5.1	10.8	15.9
GCST90203247	ok	""	1	0	http://ftp.ebi.ac.uk/pub/databases/gwas/summary_statistics/GCST90203001-GCST90204000/GCST90203247/harmonised/GCST90203247.h.tsv.gz	88822708	4412892	9160	0.002076	0	1	3895	41	5227	/data/opengwasdb/metabolome-plasma-2023/releases/2023-chen-full-south-asian/filtered/GCST90203247_GCST90203247.filtered.tsv.gz	226356	sha256	3f84429acf59f497f29ea535e357de74a90f7b01bc3d8f0c7528ccdddd01709b	6.4	12.1	18.5
GCST90203248	ok	""	1	0	http://ftp.ebi.ac.uk/pub/databases/gwas/summary_statistics/GCST90203001-GCST90204000/GCST90203248/harmonised/GCST90203248.h.tsv.gz	90530605	4255885	4982	0.001171	0	0	0	12	4970	/data/opengwasdb/metabolome-plasma-2023/releases/2023-chen-full-south-asian/filtered/GCST90203248_GCST90203248.filtered.tsv.gz	139334	sha256	2a576df19ce27288deb46b2faef004624136eb184e8124a89d22e64b3756e0cb	5.2	9.4	14.7
GCST90203249	ok	""	1	0	http://ftp.ebi.ac.uk/pub/databases/gwas/summary_statistics/GCST90203001-GCST90204000/GCST90203249/harmonised/GCST90203249.h.tsv.gz	86669026	4281340	5057	0.001181	0	0	0	43	5014	/data/opengwasdb/metabolome-plasma-2023/releases/2023-chen-full-south-asian/filtered/GCST90203249_GCST90203249.filtered.tsv.gz	141465	sha256	1906563d7cbcd31dcdcb49332ed8a197cb77568758b54b416f99f5c1ccdfa749	4.7	11.8	16.5
GCST90203250	ok	""	1	0	http://ftp.ebi.ac.uk/pub/databases/gwas/summary_statistics/GCST90203001-GCST90204000/GCST90203250/harmonised/GCST90203250.h.tsv.gz	89642165	4307883	7919	0.001838	0	1	2831	26	5064	/data/opengwasdb/metabolome-plasma-2023/releases/2023-chen-full-south-asian/filtered/GCST90203250_GCST90203250.filtered.tsv.gz	192668	sha256	c36309d9e7fc35c67d75202a21f331619e09ce0d55c99368b6d72b48b768a926	5.1	10.9	16
GCST90203251	ok	""	1	0	http://ftp.ebi.ac.uk/pub/databases/gwas/summary_statistics/GCST90203001-GCST90204000/GCST90203251/harmonised/GCST90203251.h.tsv.gz	85871894	4278016	12105	0.00283	0	2	7050	43	5020	/data/opengwasdb/metabolome-plasma-2023/releases/2023-chen-full-south-asian/filtered/GCST90203251_GCST90203251.filtered.tsv.gz	273138	sha256	b6b128d8e5690922d0dd384955b2e1f2ce41703ba79ba33dafe2a52a89bf6cc1	4.2	11.7	16
GCST90203252	ok	""	1	0	http://ftp.ebi.ac.uk/pub/databases/gwas/summary_statistics/GCST90203001-GCST90204000/GCST90203252/harmonised/GCST90203252.h.tsv.gz	90531290	4255885	10297	0.002419	0	2	5310	23	4970	/data/opengwasdb/metabolome-plasma-2023/releases/2023-chen-full-south-asian/filtered/GCST90203252_GCST90203252.filtered.tsv.gz	241035	sha256	2b8f23734115180f245279999987ba5398f2b00a6c5be0185db8b767a3fc569b	5.4	11	16.4
GCST90203253	ok	""	1	0	http://ftp.ebi.ac.uk/pub/databases/gwas/summary_statistics/GCST90203001-GCST90204000/GCST90203253/harmonised/GCST90203253.h.tsv.gz	90499699	4255885	4982	0.001171	0	0	0	12	4970	/data/opengwasdb/metabolome-plasma-2023/releases/2023-chen-full-south-asian/filtered/GCST90203253_GCST90203253.filtered.tsv.gz	139412	sha256	59392123bffde54b0728507831568a11513ba98384401333869a43ee695edc78	5.2	11.6	16.8
GCST90203254	ok	""	1	0	http://ftp.ebi.ac.uk/pub/databases/gwas/summary_statistics/GCST90203001-GCST90204000/GCST90203254/harmonised/GCST90203254.h.tsv.gz	91005062	4320536	5096	0.001179	0	0	0	19	5077	/data/opengwasdb/metabolome-plasma-2023/releases/2023-chen-full-south-asian/filtered/GCST90203254_GCST90203254.filtered.tsv.gz	142501	sha256	ac8ac4867b1e3ad7e94b2cea129cab1b2fd2611cbca46eaf6054286a86136a8d	6	11.4	17.5
GCST90203255	ok	""	1	0	http://ftp.ebi.ac.uk/pub/databases/gwas/summary_statistics/GCST90203001-GCST90204000/GCST90203255/harmonised/GCST90203255.h.tsv.gz	85735341	4336506	7378	0.001701	0	1	2238	14	5128	/data/opengwasdb/metabolome-plasma-2023/releases/2023-chen-full-south-asian/filtered/GCST90203255_GCST90203255.filtered.tsv.gz	185581	sha256	29d9bc5e45f60f2fda1b6967bfb6bb9cb9647d8142d5a4fad41024f17bc5ba72	5	11.5	16.5
GCST90203256	ok	""	1	0	http://ftp.ebi.ac.uk/pub/databases/gwas/summary_statistics/GCST90203001-GCST90204000/GCST90203256/harmonised/GCST90203256.h.tsv.gz	86281333	4261425	5002	0.001174	0	0	0	16	4986	/data/opengwasdb/metabolome-plasma-2023/releases/2023-chen-full-south-asian/filtered/GCST90203256_GCST90203256.filtered.tsv.gz	140005	sha256	524cc5da95fbd42773f0aa62e10e204dbca6e1e3e929c7ac408a99aa86157629	5	9.5	14.6
GCST90203257	ok	""	1	0	http://ftp.ebi.ac.uk/pub/databases/gwas/summary_statistics/GCST90203001-GCST90204000/GCST90203257/harmonised/GCST90203257.h.tsv.gz	90874943	4274064	5024	0.001175	0	0	0	21	5003	/data/opengwasdb/metabolome-plasma-2023/releases/2023-chen-full-south-asian/filtered/GCST90203257_GCST90203257.filtered.tsv.gz	140486	sha256	6c1977595d57fae906b322732e0fb2d7db10b8fc550687c14a44f8cc64e30106	6.6	9.9	16.5
GCST90203258	ok	""	1	0	http://ftp.ebi.ac.uk/pub/databases/gwas/summary_statistics/GCST90203001-GCST90204000/GCST90203258/harmonised/GCST90203258.h.tsv.gz	90530906	4255885	4993	0.001173	0	0	0	23	4970	/data/opengwasdb/metabolome-plasma-2023/releases/2023-chen-full-south-asian/filtered/GCST90203258_GCST90203258.filtered.tsv.gz	139609	sha256	c31ae873babf31c39c655fea5a88557eea23285e2e9c66868b1bda31b4a7bfdb	5.7	11.7	17.4
GCST90203259	ok	""	1	0	http://ftp.ebi.ac.uk/pub/databases/gwas/summary_statistics/GCST90203001-GCST90204000/GCST90203259/harmonised/GCST90203259.h.tsv.gz	90517921	4255885	4987	0.001172	0	0	0	17	4970	/data/opengwasdb/metabolome-plasma-2023/releases/2023-chen-full-south-asian/filtered/GCST90203259_GCST90203259.filtered.tsv.gz	139569	sha256	fe559267598c0c3895cb89ab9c8dc3dbdf1bf2b98d8e86faf20c828c90f4f912	6	12.3	18.3
GCST90203260	ok	""	1	0	http://ftp.ebi.ac.uk/pub/databases/gwas/summary_statistics/GCST90203001-GCST90204000/GCST90203260/harmonised/GCST90203260.h.tsv.gz	90843487	4273249	5021	0.001175	0	0	0	23	4998	/data/opengwasdb/metabolome-plasma-2023/releases/2023-chen-full-south-asian/filtered/GCST90203260_GCST90203260.filtered.tsv.gz	140404	sha256	7b6a55c805026a955899e227ac52cbf13a0c0007aa93bd01a23ca2cc88b0127f	5	9.7	14.7
GCST90203261	ok	""	1	0	http://ftp.ebi.ac.uk/pub/databases/gwas/summary_statistics/GCST90203001-GCST90204000/GCST90203261/harmonised/GCST90203261.h.tsv.gz	87706124	4385560	5205	0.001187	0	0	0	16	5189	/data/opengwasdb/metabolome-plasma-2023/releases/2023-chen-full-south-asian/filtered/GCST90203261_GCST90203261.filtered.tsv.gz	145490	sha256	f2b94547eedba734975581a00fb948bc6d1a0fce34e0dc10c136cc4a626f9e70	5.3	11	16.3
GCST90203262	ok	""	1	0	http://ftp.ebi.ac.uk/pub/databases/gwas/summary_statistics/GCST90203001-GCST90204000/GCST90203262/harmonised/GCST90203262.h.tsv.gz	90859707	4274252	5022	0.001175	0	0	0	21	5001	/data/opengwasdb/metabolome-plasma-2023/releases/2023-chen-full-south-asian/filtered/GCST90203262_GCST90203262.filtered.tsv.gz	140504	sha256	ea83b8fbe26333aea4b3a88f26907567b2e92727d467d765f2657f9bedd97647	6.5	9.3	15.9
GCST90203263	ok	""	1	0	http://ftp.ebi.ac.uk/pub/databases/gwas/summary_statistics/GCST90203001-GCST90204000/GCST90203263/harmonised/GCST90203263.h.tsv.gz	91263695	4301568	9044	0.002102	0	1	3975	29	5045	/data/opengwasdb/metabolome-plasma-2023/releases/2023-chen-full-south-asian/filtered/GCST90203263_GCST90203263.filtered.tsv.gz	213536	sha256	4f818916ec90c935931578014f6ddf8cd7b41545fa500393cbb7781a615c4fad	6.7	11.8	18.5
GCST90203264	ok	""	1	0	http://ftp.ebi.ac.uk/pub/databases/gwas/summary_statistics/GCST90203001-GCST90204000/GCST90203264/harmonised/GCST90203264.h.tsv.gz	90522838	4255885	4996	0.001174	0	0	0	26	4970	/data/opengwasdb/metabolome-plasma-2023/releases/2023-chen-full-south-asian/filtered/GCST90203264_GCST90203264.filtered.tsv.gz	139836	sha256	8b41baa2c7e3057f6b6c385669f52e0aa12a745995624311d630a9715f24c06a	6.1	9.9	16
GCST90203265	ok	""	1	0	http://ftp.ebi.ac.uk/pub/databases/gwas/summary_statistics/GCST90203001-GCST90204000/GCST90203265/harmonised/GCST90203265.h.tsv.gz	92612849	4368865	5175	0.001185	0	0	0	28	5147	/data/opengwasdb/metabolome-plasma-2023/releases/2023-chen-full-south-asian/filtered/GCST90203265_GCST90203265.filtered.tsv.gz	144395	sha256	074fc6c71b439fd2dee8f78ca7e59ea4a329187773f4721d7763973b968ccf29	6.3	10.6	16.9
GCST90203266	ok	""	1	0	http://ftp.ebi.ac.uk/pub/databases/gwas/summary_statistics/GCST90203001-GCST90204000/GCST90203266/harmonised/GCST90203266.h.tsv.gz	90862580	4273720	5022	0.001175	0	0	0	20	5002	/data/opengwasdb/metabolome-plasma-2023/releases/2023-chen-full-south-asian/filtered/GCST90203266_GCST90203266.filtered.tsv.gz	140428	sha256	8d84f6a8995956219b8fc57465a614943f9d3df46e2a890ac887e0989c1f82b3	6.4	11.3	17.6
GCST90203267	ok	""	1	0	http://ftp.ebi.ac.uk/pub/databases/gwas/summary_statistics/GCST90203001-GCST90204000/GCST90203267/harmonised/GCST90203267.h.tsv.gz	84629420	4277644	5052	0.001181	0	0	0	29	5023	/data/opengwasdb/metabolome-plasma-2023/releases/2023-chen-full-south-asian/filtered/GCST90203267_GCST90203267.filtered.tsv.gz	140838	sha256	5e0f58ff6c6952d19eddfe7b980fb15abbd20e0d00454d49500e0ca19fdfad3c	6.1	10.1	16.2
GCST90203268	ok	""	1	0	http://ftp.ebi.ac.uk/pub/databases/gwas/summary_statistics/GCST90203001-GCST90204000/GCST90203268/harmonised/GCST90203268.h.tsv.gz	90533800	4255885	7897	0.001856	0	1	2917	16	4970	/data/opengwasdb/metabolome-plasma-2023/releases/2023-chen-full-south-asian/filtered/GCST90203268_GCST90203268.filtered.tsv.gz	198606	sha256	6f7b2c388c6a535ca2831046aba16fbd08b05329275071e4ca6a0dd2cdc7f934	5.5	11.9	17.5
GCST90203269	ok	""	1	0	http://ftp.ebi.ac.uk/pub/databases/gwas/summary_statistics/GCST90203001-GCST90204000/GCST90203269/harmonised/GCST90203269.h.tsv.gz	90512649	4255885	4993	0.001173	0	0	0	23	4970	/data/opengwasdb/metabolome-plasma-2023/releases/2023-chen-full-south-asian/filtered/GCST90203269_GCST90203269.filtered.tsv.gz	139665	sha256	ecb503e44ca54701807cf77f9bc0b8443d5f8d7032dfebf8b8dc11fe29763f38	5.6	11.7	17.3
GCST90203270	ok	""	1	0	http://ftp.ebi.ac.uk/pub/databases/gwas/summary_statistics/GCST90203001-GCST90204000/GCST90203270/harmonised/GCST90203270.h.tsv.gz	90433196	4255885	4990	0.001172	0	0	0	20	4970	/data/opengwasdb/metabolome-plasma-2023/releases/2023-chen-full-south-asian/filtered/GCST90203270_GCST90203270.filtered.tsv.gz	139384	sha256	c8e6a617bf2e8b3f92e05f36e41c6c0413e72308eaa056df9120d56546a8e681	6.7	10.4	17.1
GCST90203271	ok	""	1	0	http://ftp.ebi.ac.uk/pub/databases/gwas/summary_statistics/GCST90203001-GCST90204000/GCST90203271/harmonised/GCST90203271.h.tsv.gz	83137800	4262081	5013	0.001176	0	0	0	24	4989	/data/opengwasdb/metabolome-plasma-2023/releases/2023-chen-full-south-asian/filtered/GCST90203271_GCST90203271.filtered.tsv.gz	139298	sha256	b82cd63022dfa063f0dde7ccd15f3d0e8e81e5c2ed06d8d69abcd9026b107516	8.5	9.2	17.6
GCST90203272	ok	""	1	0	http://ftp.ebi.ac.uk/pub/databases/gwas/summary_statistics/GCST90203001-GCST90204000/GCST90203272/harmonised/GCST90203272.h.tsv.gz	91517449	4313640	5073	0.001176	0	0	0	16	5057	/data/opengwasdb/metabolome-plasma-2023/releases/2023-chen-full-south-asian/filtered/GCST90203272_GCST90203272.filtered.tsv.gz	141280	sha256	b27f5aaf27fe92a794f8b2c320b454ec39524933139097e2d0eb4b4f946057b5	6.5	12.5	19
GCST90203273	ok	""	1	0	http://ftp.ebi.ac.uk/pub/databases/gwas/summary_statistics/GCST90203001-GCST90204000/GCST90203273/harmonised/GCST90203273.h.tsv.gz	90510681	4255885	8379	0.001969	0	1	3403	9	4970	/data/opengwasdb/metabolome-plasma-2023/releases/2023-chen-full-south-asian/filtered/GCST90203273_GCST90203273.filtered.tsv.gz	203988	sha256	0740241351892e2bef7d63158d22901145bda99025198b7f91de6c963d4efcd3	6.6	11.9	18.5
GCST90203274	ok	""	1	0	http://ftp.ebi.ac.uk/pub/databases/gwas/summary_statistics/GCST90203001-GCST90204000/GCST90203274/harmonised/GCST90203274.h.tsv.gz	90509664	4255885	4983	0.001171	0	0	0	13	4970	/data/opengwasdb/metabolome-plasma-2023/releases/2023-chen-full-south-asian/filtered/GCST90203274_GCST90203274.filtered.tsv.gz	139349	sha256	5e236fc63d4913c4cf9b928f781c51f560edbfd4b8f7725d583acb42551c4005	6.7	11.7	18.4
GCST90203275	ok	""	1	0	http://ftp.ebi.ac.uk/pub/databases/gwas/summary_statistics/GCST90203001-GCST90204000/GCST90203275/harmonised/GCST90203275.h.tsv.gz	91127649	4290995	5044	0.001175	0	0	0	18	5026	/data/opengwasdb/metabolome-plasma-2023/releases/2023-chen-full-south-asian/filtered/GCST90203275_GCST90203275.filtered.tsv.gz	140820	sha256	092d380f36a8c0503038185da624eb16e54b4b4bf0812519e07310d59bb2ab46	5.3	10.2	15.5
GCST90203276	ok	""	1	0	http://ftp.ebi.ac.uk/pub/databases/gwas/summary_statistics/GCST90203001-GCST90204000/GCST90203276/harmonised/GCST90203276.h.tsv.gz	86682949	4281725	7995	0.001867	0	1	2956	22	5020	/data/opengwasdb/metabolome-plasma-2023/releases/2023-chen-full-south-asian/filtered/GCST90203276_GCST90203276.filtered.tsv.gz	199713	sha256	996f4ef8b796f79306c2b02eaf80c7afd3f046f0fbfe28393c7cf986406ef057	6.3	9.8	16.1
GCST90203277	ok	""	1	0	http://ftp.ebi.ac.uk/pub/databases/gwas/summary_statistics/GCST90203001-GCST90204000/GCST90203277/harmonised/GCST90203277.h.tsv.gz	90928133	4276157	5022	0.001174	0	0	0	18	5004	/data/opengwasdb/metabolome-plasma-2023/releases/2023-chen-full-south-asian/filtered/GCST90203277_GCST90203277.filtered.tsv.gz	140519	sha256	2dc4de1c1a3ccaa225b614d3434893b63632af35b29e41d7b0a9204e900cabe2	6.5	10.7	17.2
GCST90203278	ok	""	1	0	http://ftp.ebi.ac.uk/pub/databases/gwas/summary_statistics/GCST90203001-GCST90204000/GCST90203278/harmonised/GCST90203278.h.tsv.gz	90935395	4276157	5029	0.001176	0	0	0	25	5004	/data/opengwasdb/metabolome-plasma-2023/releases/2023-chen-full-south-asian/filtered/GCST90203278_GCST90203278.filtered.tsv.gz	140692	sha256	867a0c0c4f950102254bfa5f6b43c130dc4333970ab16abd72e538a78852f283	6.4	11.6	18
GCST90203279	ok	""	1	0	http://ftp.ebi.ac.uk/pub/databases/gwas/summary_statistics/GCST90203001-GCST90204000/GCST90203279/harmonised/GCST90203279.h.tsv.gz	90517480	4255885	12541	0.002947	0	2	7543	34	4970	/data/opengwasdb/metabolome-plasma-2023/releases/2023-chen-full-south-asian/filtered/GCST90203279_GCST90203279.filtered.tsv.gz	285902	sha256	84897a64173d243cd665d24eabcb64e59f59dafb8d60ec5b21a997e1860493d4	5.7	11.2	16.9
GCST90203280	ok	""	1	0	http://ftp.ebi.ac.uk/pub/databases/gwas/summary_statistics/GCST90203001-GCST90204000/GCST90203280/harmonised/GCST90203280.h.tsv.gz	84072545	4311245	5104	0.001184	0	0	0	14	5090	/data/opengwasdb/metabolome-plasma-2023/releases/2023-chen-full-south-asian/filtered/GCST90203280_GCST90203280.filtered.tsv.gz	141557	sha256	0011fdcd4a555153c82d7f196f8d71d2b7700ab64c21de9c94abb7afeee4014a	3.3	10.6	13.9
GCST90203281	ok	""	1	0	http://ftp.ebi.ac.uk/pub/databases/gwas/summary_statistics/GCST90203001-GCST90204000/GCST90203281/harmonised/GCST90203281.h.tsv.gz	90906712	4275627	7996	0.00187	0	1	2953	40	5005	/data/opengwasdb/metabolome-plasma-2023/releases/2023-chen-full-south-asian/filtered/GCST90203281_GCST90203281.filtered.tsv.gz	196816	sha256	9b6c9a2986633d98e014905cf19b67fd4dd43467ca49a38ddcc53786d3178fab	6.4	11.3	17.7
GCST90203282	ok	""	1	0	http://ftp.ebi.ac.uk/pub/databases/gwas/summary_statistics/GCST90203001-GCST90204000/GCST90203282/harmonised/GCST90203282.h.tsv.gz	90837949	4275080	5011	0.001172	0	0	0	16	4995	/data/opengwasdb/metabolome-plasma-2023/releases/2023-chen-full-south-asian/filtered/GCST90203282_GCST90203282.filtered.tsv.gz	140038	sha256	1b649c61d57d0eaae08332df24e62226ba90fb976c7834581774c1a3e01aed3c	8	10.2	18.3
GCST90203283	ok	""	1	0	http://ftp.ebi.ac.uk/pub/databases/gwas/summary_statistics/GCST90203001-GCST90204000/GCST90203283/harmonised/GCST90203283.h.tsv.gz	86181700	4449001	44637	0.010033	0	7	39296	47	5321	/data/opengwasdb/metabolome-plasma-2023/releases/2023-chen-full-south-asian/filtered/GCST90203283_GCST90203283.filtered.tsv.gz	805735	sha256	e0f12de4fe0c5e94a512f0b686115a3ce1bf6ff9502ccce0c90ce8885843d63f	6.8	11.4	18.2
GCST90203284	ok	""	1	0	http://ftp.ebi.ac.uk/pub/databases/gwas/summary_statistics/GCST90203001-GCST90204000/GCST90203284/harmonised/GCST90203284.h.tsv.gz	86604635	4278574	13405	0.003133	0	2	8384	22	5010	/data/opengwasdb/metabolome-plasma-2023/releases/2023-chen-full-south-asian/filtered/GCST90203284_GCST90203284.filtered.tsv.gz	309263	sha256	8bc7af0831a3df2e071623a11c5614f6a6739574992794710aaeae8fe5662e32	6.4	9.5	15.9
GCST90203285	ok	""	1	0	http://ftp.ebi.ac.uk/pub/databases/gwas/summary_statistics/GCST90203001-GCST90204000/GCST90203285/harmonised/GCST90203285.h.tsv.gz	86988429	4310114	8017	0.00186	0	1	2959	16	5046	/data/opengwasdb/metabolome-plasma-2023/releases/2023-chen-full-south-asian/filtered/GCST90203285_GCST90203285.filtered.tsv.gz	195932	sha256	26644a197c80c1ef2987fed121316c2df4c1697ce15c0e6cdac14ecf42ebe252	5.7	11.5	17.2
GCST90203286	ok	""	1	0	http://ftp.ebi.ac.uk/pub/databases/gwas/summary_statistics/GCST90203001-GCST90204000/GCST90203286/harmonised/GCST90203286.h.tsv.gz	88294201	4377526	8864	0.002025	0	1	3702	17	5148	/data/opengwasdb/metabolome-plasma-2023/releases/2023-chen-full-south-asian/filtered/GCST90203286_GCST90203286.filtered.tsv.gz	208444	sha256	eb9052ab23a3899b632a8a6be7f4ab945c5e4b99acf4584c11c1212aa3a840e7	7.8	11.1	19
GCST90203287	ok	""	1	0	http://ftp.ebi.ac.uk/pub/databases/gwas/summary_statistics/GCST90203001-GCST90204000/GCST90203287/harmonised/GCST90203287.h.tsv.gz	91232649	4296101	12782	0.002975	0	2	7725	36	5029	/data/opengwasdb/metabolome-plasma-2023/releases/2023-chen-full-south-asian/filtered/GCST90203287_GCST90203287.filtered.tsv.gz	284871	sha256	98afeb9017ff163db59cf5ac0b376ebcc78de798c84618fae2330fa1c94ebdd3	8.3	11.4	19.8
GCST90203288	ok	""	1	0	http://ftp.ebi.ac.uk/pub/databases/gwas/summary_statistics/GCST90203001-GCST90204000/GCST90203288/harmonised/GCST90203288.h.tsv.gz	86124526	4255885	4989	0.001172	0	0	0	19	4970	/data/opengwasdb/metabolome-plasma-2023/releases/2023-chen-full-south-asian/filtered/GCST90203288_GCST90203288.filtered.tsv.gz	139444	sha256	9006c7d47390e42157036f71ca5e0ec8ae84440694e4f0c0f44f543a84c34f9d	8.2	11.4	19.6
GCST90203289	ok	""	1	0	http://ftp.ebi.ac.uk/pub/databases/gwas/summary_statistics/GCST90203001-GCST90204000/GCST90203289/harmonised/GCST90203289.h.tsv.gz	90528716	4255885	4992	0.001173	0	0	0	22	4970	/data/opengwasdb/metabolome-plasma-2023/releases/2023-chen-full-south-asian/filtered/GCST90203289_GCST90203289.filtered.tsv.gz	139726	sha256	772df9f796464472d5409ba2c5f0353821084178af8f7ebc8dd0cf2e0bc55377	7.1	11.7	18.8
GCST90203290	ok	""	1	0	http://ftp.ebi.ac.uk/pub/databases/gwas/summary_statistics/GCST90203001-GCST90204000/GCST90203290/harmonised/GCST90203290.h.tsv.gz	91189450	4397488	9083	0.002065	0	1	3857	31	5200	/data/opengwasdb/metabolome-plasma-2023/releases/2023-chen-full-south-asian/filtered/GCST90203290_GCST90203290.filtered.tsv.gz	210510	sha256	b9dc9b893bcc7540e8ce4a740a867f12b546f135cc6a12fa3a4ccfb9632279c9	7.1	11.5	18.6
GCST90203291	ok	""	1	0	http://ftp.ebi.ac.uk/pub/databases/gwas/summary_statistics/GCST90203001-GCST90204000/GCST90203291/harmonised/GCST90203291.h.tsv.gz	86156559	4255885	4988	0.001172	0	0	0	18	4970	/data/opengwasdb/metabolome-plasma-2023/releases/2023-chen-full-south-asian/filtered/GCST90203291_GCST90203291.filtered.tsv.gz	139372	sha256	7f42ee0ee1845a01a06d2d0aa0f4ef52a91e8ccec5381a0f81373294cd8ad13c	6.9	11.8	18.7
GCST90203292	ok	""	1	0	http://ftp.ebi.ac.uk/pub/databases/gwas/summary_statistics/GCST90203001-GCST90204000/GCST90203292/harmonised/GCST90203292.h.tsv.gz	88027270	4360297	14188	0.003254	0	2	9038	20	5138	/data/opengwasdb/metabolome-plasma-2023/releases/2023-chen-full-south-asian/filtered/GCST90203292_GCST90203292.filtered.tsv.gz	320581	sha256	3c301540b39304bf0fe9ae353c67a35b29d83f77c855d0d601924d945f5f9581	7	11.4	18.4
GCST90203293	ok	""	1	0	http://ftp.ebi.ac.uk/pub/databases/gwas/summary_statistics/GCST90203001-GCST90204000/GCST90203293/harmonised/GCST90203293.h.tsv.gz	86468940	4274098	5007	0.001171	0	0	0	11	4996	/data/opengwasdb/metabolome-plasma-2023/releases/2023-chen-full-south-asian/filtered/GCST90203293_GCST90203293.filtered.tsv.gz	139917	sha256	7893ec44469d9e4322bc3ae39fb0dfb10c78a85b5eac9a210f44ac25de8e2cfa	6.1	10.9	17
GCST90203294	ok	""	1	0	http://ftp.ebi.ac.uk/pub/databases/gwas/summary_statistics/GCST90203001-GCST90204000/GCST90203294/harmonised/GCST90203294.h.tsv.gz	90518575	4255885	4987	0.001172	0	0	0	17	4970	/data/opengwasdb/metabolome-plasma-2023/releases/2023-chen-full-south-asian/filtered/GCST90203294_GCST90203294.filtered.tsv.gz	139452	sha256	cd0d00ff98a62df5f171d406b78009776229c312c5d89325f33a02294625b900	7.8	12.4	20.3
GCST90203295	ok	""	1	0	http://ftp.ebi.ac.uk/pub/databases/gwas/summary_statistics/GCST90203001-GCST90204000/GCST90203295/harmonised/GCST90203295.h.tsv.gz	90532761	4255885	4992	0.001173	0	0	0	22	4970	/data/opengwasdb/metabolome-plasma-2023/releases/2023-chen-full-south-asian/filtered/GCST90203295_GCST90203295.filtered.tsv.gz	139527	sha256	c291a0fe80f0ae2284de5367e1b3d9078459fe6b8f0ec7781ca59d27f18db3ba	8.1	10.4	18.6
GCST90203296	ok	""	1	0	http://ftp.ebi.ac.uk/pub/databases/gwas/summary_statistics/GCST90203001-GCST90204000/GCST90203296/harmonised/GCST90203296.h.tsv.gz	86149214	4255885	12050	0.002831	0	2	7053	36	4970	/data/opengwasdb/metabolome-plasma-2023/releases/2023-chen-full-south-asian/filtered/GCST90203296_GCST90203296.filtered.tsv.gz	280819	sha256	f9cf69c6bf9dedb6157d93139a1f1d7a6c5be4605195fc1b784a60244f83d73c	7.6	12.4	20
GCST90203297	ok	""	1	0	http://ftp.ebi.ac.uk/pub/databases/gwas/summary_statistics/GCST90203001-GCST90204000/GCST90203297/harmonised/GCST90203297.h.tsv.gz	87013155	4314977	8857	0.002053	0	2	3763	29	5072	/data/opengwasdb/metabolome-plasma-2023/releases/2023-chen-full-south-asian/filtered/GCST90203297_GCST90203297.filtered.tsv.gz	217071	sha256	847266afceacc078898b4c86adb2e52dd7e859f6de0c78b4f1054fbb86dbdecb	6.8	11.9	18.7
GCST90203298	ok	""	1	0	http://ftp.ebi.ac.uk/pub/databases/gwas/summary_statistics/GCST90203001-GCST90204000/GCST90203298/harmonised/GCST90203298.h.tsv.gz	90527607	4255885	4985	0.001171	0	0	0	15	4970	/data/opengwasdb/metabolome-plasma-2023/releases/2023-chen-full-south-asian/filtered/GCST90203298_GCST90203298.filtered.tsv.gz	139420	sha256	cb72ae34f594f6a41e91e21f0d4da1c089d24fd3a4f54c75528b5581bc9a4ca3	5.8	11.2	17
GCST90203299	ok	""	1	0	http://ftp.ebi.ac.uk/pub/databases/gwas/summary_statistics/GCST90203001-GCST90204000/GCST90203299/harmonised/GCST90203299.h.tsv.gz	91171604	4293566	5053	0.001177	0	0	0	25	5028	/data/opengwasdb/metabolome-plasma-2023/releases/2023-chen-full-south-asian/filtered/GCST90203299_GCST90203299.filtered.tsv.gz	141081	sha256	c6c1696078cc77e8e4c664f1aa03d41d329a7bf62a20473835aa611aa9169062	3.3	11.5	14.8
GCST90203300	ok	""	1	0	http://ftp.ebi.ac.uk/pub/databases/gwas/summary_statistics/GCST90203001-GCST90204000/GCST90203300/harmonised/GCST90203300.h.tsv.gz	90773133	4270276	5007	0.001173	0	0	0	18	4989	/data/opengwasdb/metabolome-plasma-2023/releases/2023-chen-full-south-asian/filtered/GCST90203300_GCST90203300.filtered.tsv.gz	139933	sha256	2fd07afb217f881f0b6ff46ae0d0211f3ee3555e160b68d77fd2a783442ab74a	6.7	10.2	16.9
GCST90203301	ok	""	1	0	http://ftp.ebi.ac.uk/pub/databases/gwas/summary_statistics/GCST90203001-GCST90204000/GCST90203301/harmonised/GCST90203301.h.tsv.gz	86994234	4223679	4959	0.001174	0	0	0	33	4927	/data/opengwasdb/metabolome-plasma-2023/releases/2023-chen-full-south-asian/filtered/GCST90203301_GCST90203301.filtered.tsv.gz	138047	sha256	f0e27f6ffd720049a0f28e62dc213c2116c4099291c80bcf2cd56a975dfe60a6	5.7	11.3	17
GCST90203302	ok	""	1	0	http://ftp.ebi.ac.uk/pub/databases/gwas/summary_statistics/GCST90203001-GCST90204000/GCST90203302/harmonised/GCST90203302.h.tsv.gz	90913492	4275487	8791	0.002056	0	1	3768	20	5007	/data/opengwasdb/metabolome-plasma-2023/releases/2023-chen-full-south-asian/filtered/GCST90203302_GCST90203302.filtered.tsv.gz	215501	sha256	6317936f073f558b8d109a4a2c307170140e543ee61f8e8c83d82eccd6f78435	5.9	11.2	17.1
GCST90203303	ok	""	1	0	http://ftp.ebi.ac.uk/pub/databases/gwas/summary_statistics/GCST90203001-GCST90204000/GCST90203303/harmonised/GCST90203303.h.tsv.gz	85135958	4242417	10235	0.002413	0	1	5272	21	4946	/data/opengwasdb/metabolome-plasma-2023/releases/2023-chen-full-south-asian/filtered/GCST90203303_GCST90203303.filtered.tsv.gz	228695	sha256	53b14b2078ee9c606cf550e2b7379d948a84799df020e7a9fce2de63d9aea1d0	5.8	12.4	18.2
GCST90203304	ok	""	1	0	http://ftp.ebi.ac.uk/pub/databases/gwas/summary_statistics/GCST90203001-GCST90204000/GCST90203304/harmonised/GCST90203304.h.tsv.gz	90811929	4272363	5020	0.001175	0	0	0	19	5001	/data/opengwasdb/metabolome-plasma-2023/releases/2023-chen-full-south-asian/filtered/GCST90203304_GCST90203304.filtered.tsv.gz	140399	sha256	1de9b4abd633f29dc243807af3ae31f5c0762fd85fc6fa0dc036e63f1dcdd816	6.3	12.2	18.5
GCST90203305	ok	""	1	0	http://ftp.ebi.ac.uk/pub/databases/gwas/summary_statistics/GCST90203001-GCST90204000/GCST90203305/harmonised/GCST90203305.h.tsv.gz	88042012	4362454	7673	0.001759	0	1	2519	17	5141	/data/opengwasdb/metabolome-plasma-2023/releases/2023-chen-full-south-asian/filtered/GCST90203305_GCST90203305.filtered.tsv.gz	192199	sha256	ad5ce271a3f0927e12aae8d3fd27fc2fdeb9477f41d3c83c3be07db8e2de6362	3.9	9.7	13.7
GCST90203306	ok	""	1	0	http://ftp.ebi.ac.uk/pub/databases/gwas/summary_statistics/GCST90203001-GCST90204000/GCST90203306/harmonised/GCST90203306.h.tsv.gz	86860923	4304436	5081	0.00118	0	0	0	28	5053	/data/opengwasdb/metabolome-plasma-2023/releases/2023-chen-full-south-asian/filtered/GCST90203306_GCST90203306.filtered.tsv.gz	141635	sha256	504233a0417988dd45413941d4381397ee515938164f1d2ec48afcb3ad1746c3	5.1	11.7	16.8
GCST90203307	ok	""	1	0	http://ftp.ebi.ac.uk/pub/databases/gwas/summary_statistics/GCST90203001-GCST90204000/GCST90203307/harmonised/GCST90203307.h.tsv.gz	92793762	4419230	5236	0.001185	0	0	0	24	5212	/data/opengwasdb/metabolome-plasma-2023/releases/2023-chen-full-south-asian/filtered/GCST90203307_GCST90203307.filtered.tsv.gz	146085	sha256	f647c59da85d506fb230a9699b0461d8fac7387f39f94c469d4eb59cae82356f	7.2	11.7	18.9
GCST90203308	ok	""	1	0	http://ftp.ebi.ac.uk/pub/databases/gwas/summary_statistics/GCST90203001-GCST90204000/GCST90203308/harmonised/GCST90203308.h.tsv.gz	92658464	4373917	5188	0.001186	0	0	0	27	5161	/data/opengwasdb/metabolome-plasma-2023/releases/2023-chen-full-south-asian/filtered/GCST90203308_GCST90203308.filtered.tsv.gz	144768	sha256	8e1db572679db58c92106d57c3805decde934e8d59acd34ee3f3926b6dde2bab	7.7	11.3	19.1
GCST90203309	ok	""	1	0	http://ftp.ebi.ac.uk/pub/databases/gwas/summary_statistics/GCST90203001-GCST90204000/GCST90203309/harmonised/GCST90203309.h.tsv.gz	90525664	4255885	4992	0.001173	0	0	0	22	4970	/data/opengwasdb/metabolome-plasma-2023/releases/2023-chen-full-south-asian/filtered/GCST90203309_GCST90203309.filtered.tsv.gz	139640	sha256	7d852576fa2e36f39979244e44e782a4bc6ae6896daa658dd4edb59cff56a74e	7.2	11.6	18.8
GCST90203310	ok	""	1	0	http://ftp.ebi.ac.uk/pub/databases/gwas/summary_statistics/GCST90203001-GCST90204000/GCST90203310/harmonised/GCST90203310.h.tsv.gz	86291467	4261425	7840	0.00184	0	1	2842	14	4986	/data/opengwasdb/metabolome-plasma-2023/releases/2023-chen-full-south-asian/filtered/GCST90203310_GCST90203310.filtered.tsv.gz	198972	sha256	5db7a74d634b2430d63023cbda80068a17173045fe8969a7a981261c22ceab86	7.4	10.7	18.1
GCST90203311	ok	""	1	0	http://ftp.ebi.ac.uk/pub/databases/gwas/summary_statistics/GCST90203001-GCST90204000/GCST90203311/harmonised/GCST90203311.h.tsv.gz	87508845	4333079	5116	0.001181	0	0	0	19	5097	/data/opengwasdb/metabolome-plasma-2023/releases/2023-chen-full-south-asian/filtered/GCST90203311_GCST90203311.filtered.tsv.gz	142808	sha256	85d9a22e8e4023a8cfe8aceccd13bb11ae17cd2f03da725ed46a2c9cecf53716	7.9	11.2	19.1
GCST90203312	ok	""	1	0	http://ftp.ebi.ac.uk/pub/databases/gwas/summary_statistics/GCST90203001-GCST90204000/GCST90203312/harmonised/GCST90203312.h.tsv.gz	91037911	4285671	8856	0.002066	0	1	3825	20	5015	/data/opengwasdb/metabolome-plasma-2023/releases/2023-chen-full-south-asian/filtered/GCST90203312_GCST90203312.filtered.tsv.gz	216662	sha256	c6dbf48fdaaf1e57bde43d43adff06b0b87473917915c9bca6744786c9689936	8.1	11	19.1
GCST90203313	ok	""	1	0	http://ftp.ebi.ac.uk/pub/databases/gwas/summary_statistics/GCST90203001-GCST90204000/GCST90203313/harmonised/GCST90203313.h.tsv.gz	86271872	4261425	5000	0.001173	0	0	0	14	4986	/data/opengwasdb/metabolome-plasma-2023/releases/2023-chen-full-south-asian/filtered/GCST90203313_GCST90203313.filtered.tsv.gz	139924	sha256	f530c2554d799ddf4dcd5ed0d1ddc8ea5ef16e52de05635b84cd532b12108bb5	7.5	11.2	18.8
GCST90203314	ok	""	1	0	http://ftp.ebi.ac.uk/pub/databases/gwas/summary_statistics/GCST90203001-GCST90204000/GCST90203314/harmonised/GCST90203314.h.tsv.gz	90541622	4419527	5233	0.001184	0	0	0	36	5197	/data/opengwasdb/metabolome-plasma-2023/releases/2023-chen-full-south-asian/filtered/GCST90203314_GCST90203314.filtered.tsv.gz	145373	sha256	d7f89d2d6ac5d138943ffee6fd58ce09daf4919bfe3d5121344e1a5e40eb8dc5	6.5	10	16.5
GCST90203315	ok	""	1	0	http://ftp.ebi.ac.uk/pub/databases/gwas/summary_statistics/GCST90203001-GCST90204000/GCST90203315/harmonised/GCST90203315.h.tsv.gz	86419874	4272363	9450	0.002212	0	1	4441	13	5001	/data/opengwasdb/metabolome-plasma-2023/releases/2023-chen-full-south-asian/filtered/GCST90203315_GCST90203315.filtered.tsv.gz	235493	sha256	2e147a2adae099fba0c7d7713d8d9e4df3bb821451e9fb2a5eee481c14c2ef6e	5.3	11	16.3
GCST90203316	ok	""	1	0	http://ftp.ebi.ac.uk/pub/databases/gwas/summary_statistics/GCST90203001-GCST90204000/GCST90203316/harmonised/GCST90203316.h.tsv.gz	90399116	4415172	11007	0.002493	0	2	5747	39	5229	/data/opengwasdb/metabolome-plasma-2023/releases/2023-chen-full-south-asian/filtered/GCST90203316_GCST90203316.filtered.tsv.gz	246666	sha256	fb361f855264c23f9e80f2ac24fb2d9a4dae5bf82a34003cf2e21a312ee9275e	5.2	11.3	16.5
GCST90203317	ok	""	1	0	http://ftp.ebi.ac.uk/pub/databases/gwas/summary_statistics/GCST90203001-GCST90204000/GCST90203317/harmonised/GCST90203317.h.tsv.gz	90858047	4273425	5030	0.001177	0	0	0	25	5005	/data/opengwasdb/metabolome-plasma-2023/releases/2023-chen-full-south-asian/filtered/GCST90203317_GCST90203317.filtered.tsv.gz	140612	sha256	e7ece0bf1331e28e9d11c3166778f311ca53a2948fc5232a71b4753ab0e41a8f	6	10.6	16.7
GCST90203318	ok	""	1	0	http://ftp.ebi.ac.uk/pub/databases/gwas/summary_statistics/GCST90203001-GCST90204000/GCST90203318/harmonised/GCST90203318.h.tsv.gz	90822203	4272363	9804	0.002295	0	1	4786	21	5001	/data/opengwasdb/metabolome-plasma-2023/releases/2023-chen-full-south-asian/filtered/GCST90203318_GCST90203318.filtered.tsv.gz	224120	sha256	2707fc6baa7bf128a8dca1c192944dcd51bfa29d4be7c27882ac67d84ca4f472	5.3	11.3	16.7
GCST90203319	ok	""	1	0	http://ftp.ebi.ac.uk/pub/databases/gwas/summary_statistics/GCST90203001-GCST90204000/GCST90203319/harmonised/GCST90203319.h.tsv.gz	93159087	4406118	5242	0.00119	0	0	0	15	5227	/data/opengwasdb/metabolome-plasma-2023/releases/2023-chen-full-south-asian/filtered/GCST90203319_GCST90203319.filtered.tsv.gz	145717	sha256	ba884885b347b8318e88a3aa8086895bc29074af765a5fdd04921c6aaab77d6c	6.8	9.7	16.5
GCST90203320	ok	""	1	0	http://ftp.ebi.ac.uk/pub/databases/gwas/summary_statistics/GCST90203001-GCST90204000/GCST90203320/harmonised/GCST90203320.h.tsv.gz	90837982	4272363	12813	0.002999	0	2	7807	12	5001	/data/opengwasdb/metabolome-plasma-2023/releases/2023-chen-full-south-asian/filtered/GCST90203320_GCST90203320.filtered.tsv.gz	295057	sha256	81344c96dcfd4247687e79b7a6aafebf60af7bcde6f8bd9385f9dc853fa7f2cd	6	11.3	17.3
GCST90203321	ok	""	1	0	http://ftp.ebi.ac.uk/pub/databases/gwas/summary_statistics/GCST90203001-GCST90204000/GCST90203321/harmonised/GCST90203321.h.tsv.gz	90518181	4255885	7369	0.001731	0	1	2385	17	4970	/data/opengwasdb/metabolome-plasma-2023/releases/2023-chen-full-south-asian/filtered/GCST90203321_GCST90203321.filtered.tsv.gz	188225	sha256	076eaa8ffb765a93f13f1acf9b89e23a9c3b87a3529fcf0602940f8d2e834c88	6.6	11.8	18.4
GCST90203322	ok	""	1	0	http://ftp.ebi.ac.uk/pub/databases/gwas/summary_statistics/GCST90203001-GCST90204000/GCST90203322/harmonised/GCST90203322.h.tsv.gz	86138964	4255885	4986	0.001172	0	0	0	16	4970	/data/opengwasdb/metabolome-plasma-2023/releases/2023-chen-full-south-asian/filtered/GCST90203322_GCST90203322.filtered.tsv.gz	139449	sha256	2864817113e268a500ca44c07955c208d311bd2870cbb3da276a51801d0c2023	6.3	9.6	15.9
GCST90203323	ok	""	1	0	http://ftp.ebi.ac.uk/pub/databases/gwas/summary_statistics/GCST90203001-GCST90204000/GCST90203323/harmonised/GCST90203323.h.tsv.gz	90829535	4272797	8086	0.001892	0	1	3070	22	4994	/data/opengwasdb/metabolome-plasma-2023/releases/2023-chen-full-south-asian/filtered/GCST90203323_GCST90203323.filtered.tsv.gz	197657	sha256	cff21e6a1b6d98eda4ae203124b424fc03e47101fcd8735f671d81e1d3dfff49	5.5	11.3	16.8
GCST90203324	ok	""	1	0	http://ftp.ebi.ac.uk/pub/databases/gwas/summary_statistics/GCST90203001-GCST90204000/GCST90203324/harmonised/GCST90203324.h.tsv.gz	86428980	4271740	8670	0.00203	0	1	3658	20	4998	/data/opengwasdb/metabolome-plasma-2023/releases/2023-chen-full-south-asian/filtered/GCST90203324_GCST90203324.filtered.tsv.gz	212169	sha256	e8cfa0534b7473c3927a92e6467093a2ae7f0f4fcde3689646fc7a396b70b4e0	5.7	11.1	16.9
GCST90203325	ok	""	1	0	http://ftp.ebi.ac.uk/pub/databases/gwas/summary_statistics/GCST90203001-GCST90204000/GCST90203325/harmonised/GCST90203325.h.tsv.gz	89636722	4322513	5118	0.001184	0	0	0	30	5088	/data/opengwasdb/metabolome-plasma-2023/releases/2023-chen-full-south-asian/filtered/GCST90203325_GCST90203325.filtered.tsv.gz	142446	sha256	8abad127d7bfe13a09fc3680349e4da6f4b59611799e30d8d9cb0986304a6e3a	6.4	9.8	16.3
GCST90203326	ok	""	1	0	http://ftp.ebi.ac.uk/pub/databases/gwas/summary_statistics/GCST90203001-GCST90204000/GCST90203326/harmonised/GCST90203326.h.tsv.gz	86288589	4261425	5001	0.001174	0	0	0	15	4986	/data/opengwasdb/metabolome-plasma-2023/releases/2023-chen-full-south-asian/filtered/GCST90203326_GCST90203326.filtered.tsv.gz	139984	sha256	a6b702733296e656900b46ac9d9cb40dff1d55c8fa3872132ea700f2c905e3a4	6.4	11.1	17.4
GCST90203327	ok	""	1	0	http://ftp.ebi.ac.uk/pub/databases/gwas/summary_statistics/GCST90203001-GCST90204000/GCST90203327/harmonised/GCST90203327.h.tsv.gz	92652720	4412013	9466	0.002146	0	1	4227	20	5225	/data/opengwasdb/metabolome-plasma-2023/releases/2023-chen-full-south-asian/filtered/GCST90203327_GCST90203327.filtered.tsv.gz	234838	sha256	1be01ac779e81b0188ad8127442aaac5ed342a3f6d0377b4452e5f8b580565ea	6.6	10	16.6
GCST90203328	ok	""	1	0	http://ftp.ebi.ac.uk/pub/databases/gwas/summary_statistics/GCST90203001-GCST90204000/GCST90203328/harmonised/GCST90203328.h.tsv.gz	86142421	4255885	4998	0.001174	0	0	0	28	4970	/data/opengwasdb/metabolome-plasma-2023/releases/2023-chen-full-south-asian/filtered/GCST90203328_GCST90203328.filtered.tsv.gz	139819	sha256	24dd0633037aa746e04ccd88e9aa6e4037a7823e520074996422e320dd11e801	6.3	9.5	15.9
GCST90203329	ok	""	1	0	http://ftp.ebi.ac.uk/pub/databases/gwas/summary_statistics/GCST90203001-GCST90204000/GCST90203329/harmonised/GCST90203329.h.tsv.gz	90830425	4273720	5035	0.001178	0	0	0	33	5002	/data/opengwasdb/metabolome-plasma-2023/releases/2023-chen-full-south-asian/filtered/GCST90203329_GCST90203329.filtered.tsv.gz	140769	sha256	946d257b0f064cc134b4acb6581a0ea7bee9a1dbb55580c24d5a1e3a1f3636f6	6.7	10.2	16.9
GCST90203330	ok	""	1	0	http://ftp.ebi.ac.uk/pub/databases/gwas/summary_statistics/GCST90203001-GCST90204000/GCST90203330/harmonised/GCST90203330.h.tsv.gz	86953586	4338231	8452	0.001948	0	1	3357	23	5076	/data/opengwasdb/metabolome-plasma-2023/releases/2023-chen-full-south-asian/filtered/GCST90203330_GCST90203330.filtered.tsv.gz	206787	sha256	a3df6a762d791e9433fd37cc625b8593736a8d8e013e86ccfc23eeddfcc9c611	5	10.5	15.6
GCST90203331	ok	""	1	0	http://ftp.ebi.ac.uk/pub/databases/gwas/summary_statistics/GCST90203001-GCST90204000/GCST90203331/harmonised/GCST90203331.h.tsv.gz	88371626	4385030	5188	0.001183	0	0	0	17	5171	/data/opengwasdb/metabolome-plasma-2023/releases/2023-chen-full-south-asian/filtered/GCST90203331_GCST90203331.filtered.tsv.gz	144511	sha256	8054fe858e37647ee81a65c8aa7970c72546dd3b0aad29caac84eefb3de92d49	5.3	11.5	16.8
GCST90203332	ok	""	1	0	http://ftp.ebi.ac.uk/pub/databases/gwas/summary_statistics/GCST90203001-GCST90204000/GCST90203332/harmonised/GCST90203332.h.tsv.gz	87959447	4357449	9924	0.002277	0	1	4784	14	5131	/data/opengwasdb/metabolome-plasma-2023/releases/2023-chen-full-south-asian/filtered/GCST90203332_GCST90203332.filtered.tsv.gz	239713	sha256	ef2700efe4a99f4d3bd31c4d735a6678cc8c5f4f9ef036e06170a9f46442fec5	5.6	10.9	16.5
GCST90203333	ok	""	1	0	http://ftp.ebi.ac.uk/pub/databases/gwas/summary_statistics/GCST90203001-GCST90204000/GCST90203333/harmonised/GCST90203333.h.tsv.gz	86068178	4255885	4989	0.001172	0	0	0	19	4970	/data/opengwasdb/metabolome-plasma-2023/releases/2023-chen-full-south-asian/filtered/GCST90203333_GCST90203333.filtered.tsv.gz	139388	sha256	ad0ed52ba4722d6443bb7bde4af4d4fdcd3c5d56abe1c5951955b5f9fb285dfa	5.2	10.6	15.8
GCST90203334	ok	""	1	0	http://ftp.ebi.ac.uk/pub/databases/gwas/summary_statistics/GCST90203001-GCST90204000/GCST90203334/harmonised/GCST90203334.h.tsv.gz	90863987	4274064	7184	0.001681	0	1	2171	14	5003	/data/opengwasdb/metabolome-plasma-2023/releases/2023-chen-full-south-asian/filtered/GCST90203334_GCST90203334.filtered.tsv.gz	186635	sha256	0c55b9ea5524d203d59256f1c12e49fe5a2ded529f071eaa6d6e26f46b098ead	5.7	10.4	16.2
GCST90203335	ok	""	1	0	http://ftp.ebi.ac.uk/pub/databases/gwas/summary_statistics/GCST90203001-GCST90204000/GCST90203335/harmonised/GCST90203335.h.tsv.gz	90525527	4255885	9351	0.002197	0	1	4372	15	4970	/data/opengwasdb/metabolome-plasma-2023/releases/2023-chen-full-south-asian/filtered/GCST90203335_GCST90203335.filtered.tsv.gz	220187	sha256	1350cccfccc930b7067228c90b8f6ec22ae55ece75821afe05a8d1641b3614c9	6.3	11.4	17.7
GCST90203336	ok	""	1	0	http://ftp.ebi.ac.uk/pub/databases/gwas/summary_statistics/GCST90203001-GCST90204000/GCST90203336/harmonised/GCST90203336.h.tsv.gz	90811560	4270655	8757	0.002051	0	1	3750	20	4990	/data/opengwasdb/metabolome-plasma-2023/releases/2023-chen-full-south-asian/filtered/GCST90203336_GCST90203336.filtered.tsv.gz	210295	sha256	43efd860ee88ce6e7da4474d4826d27b7bd5ba106d6cf06186b562a74b437d0d	6.3	11.7	18
GCST90203337	ok	""	1	0	http://ftp.ebi.ac.uk/pub/databases/gwas/summary_statistics/GCST90203001-GCST90204000/GCST90203337/harmonised/GCST90203337.h.tsv.gz	90519712	4255885	4987	0.001172	0	0	0	17	4970	/data/opengwasdb/metabolome-plasma-2023/releases/2023-chen-full-south-asian/filtered/GCST90203337_GCST90203337.filtered.tsv.gz	139276	sha256	b1ee7132202ed65f10e006bce546e6d533c6cdeae73a26b22021fea3e5e3d305	7	11.2	18.2
GCST90203338	ok	""	1	0	http://ftp.ebi.ac.uk/pub/databases/gwas/summary_statistics/GCST90203001-GCST90204000/GCST90203338/harmonised/GCST90203338.h.tsv.gz	90533356	4255885	4984	0.001171	0	0	0	15	4970	/data/opengwasdb/metabolome-plasma-2023/releases/2023-chen-full-south-asian/filtered/GCST90203338_GCST90203338.filtered.tsv.gz	139217	sha256	f6dac541fb3e203de37455700ff5b6ab52a3d2a4e28750a8b5065eaac4d78c14	6.7	11.5	18.2
GCST90203339	ok	""	1	0	http://ftp.ebi.ac.uk/pub/databases/gwas/summary_statistics/GCST90203001-GCST90204000/GCST90203339/harmonised/GCST90203339.h.tsv.gz	90429432	4290433	8650	0.002016	0	1	3593	20	5039	/data/opengwasdb/metabolome-plasma-2023/releases/2023-chen-full-south-asian/filtered/GCST90203339_GCST90203339.filtered.tsv.gz	209182	sha256	6fdc0e3876d9466b1bc87272cc983c78b95b0237aa58e4a3b12d7e0313cb1c36	6.4	9.6	16
GCST90203340	ok	""	1	0	http://ftp.ebi.ac.uk/pub/databases/gwas/summary_statistics/GCST90203001-GCST90204000/GCST90203340/harmonised/GCST90203340.h.tsv.gz	86720603	4291590	7162	0.001669	0	1	2098	26	5039	/data/opengwasdb/metabolome-plasma-2023/releases/2023-chen-full-south-asian/filtered/GCST90203340_GCST90203340.filtered.tsv.gz	188995	sha256	70904fa9ac698de3e0ed88e85dc7261ac04a4ee370c46f2728690fe90527a7a3	6.4	10.8	17.2
GCST90203341	ok	""	1	0	http://ftp.ebi.ac.uk/pub/databases/gwas/summary_statistics/GCST90203001-GCST90204000/GCST90203341/harmonised/GCST90203341.h.tsv.gz	92328889	4352576	5156	0.001185	0	0	0	31	5125	/data/opengwasdb/metabolome-plasma-2023/releases/2023-chen-full-south-asian/filtered/GCST90203341_GCST90203341.filtered.tsv.gz	144078	sha256	567fb4b878da68ac4f6bac925e42b4174edc42652dcaf03f5cddf89f66684968	5.6	11.5	17.1
GCST90203342	ok	""	1	0	http://ftp.ebi.ac.uk/pub/databases/gwas/summary_statistics/GCST90203001-GCST90204000/GCST90203342/harmonised/GCST90203342.h.tsv.gz	91111659	4290092	8423	0.001963	0	1	3384	22	5021	/data/opengwasdb/metabolome-plasma-2023/releases/2023-chen-full-south-asian/filtered/GCST90203342_GCST90203342.filtered.tsv.gz	208692	sha256	591419f139024ad2e4cd4f8e07b427fb9fd67a3af9b2b3bfdf27684cdf7216d9	5.5	10.2	15.7
GCST90203343	ok	""	1	0	http://ftp.ebi.ac.uk/pub/databases/gwas/summary_statistics/GCST90203001-GCST90204000/GCST90203343/harmonised/GCST90203343.h.tsv.gz	90832279	4274098	8805	0.00206	0	1	3793	19	4996	/data/opengwasdb/metabolome-plasma-2023/releases/2023-chen-full-south-asian/filtered/GCST90203343_GCST90203343.filtered.tsv.gz	206115	sha256	69e5b8c838c32f69c1a2e5d1b5f58f21c6756c5ec6a5443ed3733df7a20ac34a	5.5	11.5	17
GCST90203344	ok	""	1	0	http://ftp.ebi.ac.uk/pub/databases/gwas/summary_statistics/GCST90203001-GCST90204000/GCST90203344/harmonised/GCST90203344.h.tsv.gz	90533412	4255885	4987	0.001172	0	0	0	17	4970	/data/opengwasdb/metabolome-plasma-2023/releases/2023-chen-full-south-asian/filtered/GCST90203344_GCST90203344.filtered.tsv.gz	139480	sha256	f26b0afa8fd424de8070c864a53d30dbf48d4910d99a2495ef95bff9dceac4f7	6.3	10.7	17
GCST90203345	ok	""	1	0	http://ftp.ebi.ac.uk/pub/databases/gwas/summary_statistics/GCST90203001-GCST90204000/GCST90203345/harmonised/GCST90203345.h.tsv.gz	90498414	4255885	4988	0.001172	0	0	0	18	4970	/data/opengwasdb/metabolome-plasma-2023/releases/2023-chen-full-south-asian/filtered/GCST90203345_GCST90203345.filtered.tsv.gz	139288	sha256	03db9bc7ad5d43a2541881891caa1df212e25ebed1f50b3aa6666b951a78ede6	5.6	11.7	17.3
GCST90203346	ok	""	1	0	http://ftp.ebi.ac.uk/pub/databases/gwas/summary_statistics/GCST90203001-GCST90204000/GCST90203346/harmonised/GCST90203346.h.tsv.gz	88314045	4383868	5179	0.001181	0	0	0	19	5160	/data/opengwasdb/metabolome-plasma-2023/releases/2023-chen-full-south-asian/filtered/GCST90203346_GCST90203346.filtered.tsv.gz	144119	sha256	ff9040eeaaec90003bc32e717b7cb50c3357ac11beac72f4e66d1779ac42bda6	5.3	10.3	15.6
GCST90203347	ok	""	1	0	http://ftp.ebi.ac.uk/pub/databases/gwas/summary_statistics/GCST90203001-GCST90204000/GCST90203347/harmonised/GCST90203347.h.tsv.gz	93044545	4405606	5213	0.001183	0	0	0	14	5199	/data/opengwasdb/metabolome-plasma-2023/releases/2023-chen-full-south-asian/filtered/GCST90203347_GCST90203347.filtered.tsv.gz	144827	sha256	e15b354be00500cdf232b435690daf787d33eb965d45455669809b2b72e58e0d	4.1	11	15.1
GCST90203348	ok	""	1	0	http://ftp.ebi.ac.uk/pub/databases/gwas/summary_statistics/GCST90203001-GCST90204000/GCST90203348/harmonised/GCST90203348.h.tsv.gz	86240825	4261425	5006	0.001175	0	0	0	20	4986	/data/opengwasdb/metabolome-plasma-2023/releases/2023-chen-full-south-asian/filtered/GCST90203348_GCST90203348.filtered.tsv.gz	140014	sha256	9ef4324613f51bad07ab70d580826ee07e48e7211607aa645f4bd8518e2c4d73	5.7	11.4	17.1
GCST90203349	ok	""	1	0	http://ftp.ebi.ac.uk/pub/databases/gwas/summary_statistics/GCST90203001-GCST90204000/GCST90203349/harmonised/GCST90203349.h.tsv.gz	90890509	4276543	5027	0.001175	0	0	0	26	5001	/data/opengwasdb/metabolome-plasma-2023/releases/2023-chen-full-south-asian/filtered/GCST90203349_GCST90203349.filtered.tsv.gz	140406	sha256	6ae4a3ed77d6752042064db6bc682e37eb82242ad98bce70618c13ea97d92190	5.4	11.6	17
GCST90203350	ok	""	1	0	http://ftp.ebi.ac.uk/pub/databases/gwas/summary_statistics/GCST90203001-GCST90204000/GCST90203350/harmonised/GCST90203350.h.tsv.gz	90954557	4278109	8390	0.001961	0	1	3360	25	5010	/data/opengwasdb/metabolome-plasma-2023/releases/2023-chen-full-south-asian/filtered/GCST90203350_GCST90203350.filtered.tsv.gz	203839	sha256	f3af5eb3a202af8482ad9b5bc3658b151198ec9afb9a959b41e3daeeab01bbe4	5.7	10.3	16
GCST90203351	ok	""	1	0	http://ftp.ebi.ac.uk/pub/databases/gwas/summary_statistics/GCST90203001-GCST90204000/GCST90203351/harmonised/GCST90203351.h.tsv.gz	90875891	4381281	5182	0.001183	0	0	0	29	5153	/data/opengwasdb/metabolome-plasma-2023/releases/2023-chen-full-south-asian/filtered/GCST90203351_GCST90203351.filtered.tsv.gz	144111	sha256	731e80a115c1209fabe368feeabd5415a5bf93b2e4ba4a64d5e61b93a63f9dce	5.7	11.6	17.3
GCST90203352	ok	""	1	0	http://ftp.ebi.ac.uk/pub/databases/gwas/summary_statistics/GCST90203001-GCST90204000/GCST90203352/harmonised/GCST90203352.h.tsv.gz	86526815	4275627	7953	0.00186	0	1	2938	16	5005	/data/opengwasdb/metabolome-plasma-2023/releases/2023-chen-full-south-asian/filtered/GCST90203352_GCST90203352.filtered.tsv.gz	195514	sha256	3acfc0abd79f1eec5b1707bff348d1003cdf5089c36d5cbec80dc3161c6c9344	5.2	11.7	16.9
GCST90203353	ok	""	1	0	http://ftp.ebi.ac.uk/pub/databases/gwas/summary_statistics/GCST90203001-GCST90204000/GCST90203353/harmonised/GCST90203353.h.tsv.gz	88024601	4210796	7888	0.001873	0	1	2929	46	4915	/data/opengwasdb/metabolome-plasma-2023/releases/2023-chen-full-south-asian/filtered/GCST90203353_GCST90203353.filtered.tsv.gz	197409	sha256	71553b8ae84cb7219bc23a2911fe9adbdf35272f5820a54487a97596b6f9060b	6.5	11.5	18
GCST90203354	ok	""	1	0	http://ftp.ebi.ac.uk/pub/databases/gwas/summary_statistics/GCST90203001-GCST90204000/GCST90203354/harmonised/GCST90203354.h.tsv.gz	87266803	4321639	5112	0.001183	0	0	0	22	5090	/data/opengwasdb/metabolome-plasma-2023/releases/2023-chen-full-south-asian/filtered/GCST90203354_GCST90203354.filtered.tsv.gz	142625	sha256	350bdbc15922a057deb03c6329d4ba51326ee9135bce3dc54994ea2e2502511b	5.6	10.6	16.2
GCST90203355	ok	""	1	0	http://ftp.ebi.ac.uk/pub/databases/gwas/summary_statistics/GCST90203001-GCST90204000/GCST90203355/harmonised/GCST90203355.h.tsv.gz	86131601	4255885	7464	0.001754	0	1	2485	11	4970	/data/opengwasdb/metabolome-plasma-2023/releases/2023-chen-full-south-asian/filtered/GCST90203355_GCST90203355.filtered.tsv.gz	188819	sha256	8172884151203bdff9dd902e3348d9de7bdb3713fd5647ccee13cc8452710528	6.2	11.4	17.6
GCST90203356	ok	""	1	0	http://ftp.ebi.ac.uk/pub/databases/gwas/summary_statistics/GCST90203001-GCST90204000/GCST90203356/harmonised/GCST90203356.h.tsv.gz	86618326	4279624	5044	0.001179	0	0	0	25	5019	/data/opengwasdb/metabolome-plasma-2023/releases/2023-chen-full-south-asian/filtered/GCST90203356_GCST90203356.filtered.tsv.gz	141198	sha256	95829ea7e05051aa95998ee473980894874bbb413da8740e80715a6064834d46	5.5	10.5	16
GCST90203357	ok	""	1	0	http://ftp.ebi.ac.uk/pub/databases/gwas/summary_statistics/GCST90203001-GCST90204000/GCST90203357/harmonised/GCST90203357.h.tsv.gz	90778135	4270438	11017	0.00258	0	2	6013	21	4991	/data/opengwasdb/metabolome-plasma-2023/releases/2023-chen-full-south-asian/filtered/GCST90203357_GCST90203357.filtered.tsv.gz	263421	sha256	8bc9a2f5d0628ae40e1f3aa6d12aebcd0a738c53c5239d39040177a27cf8e8c1	5.9	11.7	17.6
GCST90203358	ok	""	1	0	http://ftp.ebi.ac.uk/pub/databases/gwas/summary_statistics/GCST90203001-GCST90204000/GCST90203358/harmonised/GCST90203358.h.tsv.gz	91991766	4335795	5123	0.001182	0	0	0	29	5094	/data/opengwasdb/metabolome-plasma-2023/releases/2023-chen-full-south-asian/filtered/GCST90203358_GCST90203358.filtered.tsv.gz	143158	sha256	7ac5443839c9620e2f3b2be961174ebc768a61bdd0dfe47bffa5dd02555b0f06	5.5	11.3	16.8
GCST90203359	ok	""	1	0	http://ftp.ebi.ac.uk/pub/databases/gwas/summary_statistics/GCST90203001-GCST90204000/GCST90203359/harmonised/GCST90203359.h.tsv.gz	93193126	4407071	5219	0.001184	0	0	0	15	5204	/data/opengwasdb/metabolome-plasma-2023/releases/2023-chen-full-south-asian/filtered/GCST90203359_GCST90203359.filtered.tsv.gz	144976	sha256	12504ac8f926110823b2782f2af93e7806e37b3eead43c0a446fd699f6d6d3dc	3.7	10.6	14.3
GCST90203360	ok	""	1	0	http://ftp.ebi.ac.uk/pub/databases/gwas/summary_statistics/GCST90203001-GCST90204000/GCST90203360/harmonised/GCST90203360.h.tsv.gz	90525525	4255885	8874	0.002085	0	1	3883	26	4970	/data/opengwasdb/metabolome-plasma-2023/releases/2023-chen-full-south-asian/filtered/GCST90203360_GCST90203360.filtered.tsv.gz	206875	sha256	b472a4b011a8187dc450572ffbb01593746e3fcc2d2cb7a057240b79a4e49fe3	6.6	11.9	18.4
GCST90203361	ok	""	1	0	http://ftp.ebi.ac.uk/pub/databases/gwas/summary_statistics/GCST90203001-GCST90204000/GCST90203361/harmonised/GCST90203361.h.tsv.gz	87382948	4325849	5110	0.001181	0	0	0	26	5084	/data/opengwasdb/metabolome-plasma-2023/releases/2023-chen-full-south-asian/filtered/GCST90203361_GCST90203361.filtered.tsv.gz	142878	sha256	a3c15fdd392035a9c3216352f4bea647495088fdb079a459aeabbff6140da5d4	6.2	9.9	16.2
GCST90203362	ok	""	1	0	http://ftp.ebi.ac.uk/pub/databases/gwas/summary_statistics/GCST90203001-GCST90204000/GCST90203362/harmonised/GCST90203362.h.tsv.gz	83125862	4271900	8165	0.001911	0	1	3090	29	5050	/data/opengwasdb/metabolome-plasma-2023/releases/2023-chen-full-south-asian/filtered/GCST90203362_GCST90203362.filtered.tsv.gz	198891	sha256	2de3cfbcd862ba156434c897d8d63f2b57cc7f93c3c7c4d9b85892b80ba89aeb	5.4	10.1	15.5
GCST90203363	ok	""	1	0	http://ftp.ebi.ac.uk/pub/databases/gwas/summary_statistics/GCST90203001-GCST90204000/GCST90203363/harmonised/GCST90203363.h.tsv.gz	91111141	4289930	5038	0.001174	0	0	0	17	5021	/data/opengwasdb/metabolome-plasma-2023/releases/2023-chen-full-south-asian/filtered/GCST90203363_GCST90203363.filtered.tsv.gz	140571	sha256	bbbfeedbc381c0b45ed8bfdd0081cfab834006338fff469507a6571f52bc9fd1	5.3	11	16.3
GCST90203364	ok	""	1	0	http://ftp.ebi.ac.uk/pub/databases/gwas/summary_statistics/GCST90203001-GCST90204000/GCST90203364/harmonised/GCST90203364.h.tsv.gz	86157489	4255885	14911	0.003504	0	3	9934	24	4970	/data/opengwasdb/metabolome-plasma-2023/releases/2023-chen-full-south-asian/filtered/GCST90203364_GCST90203364.filtered.tsv.gz	321508	sha256	3aa80c14acb98cf7b1c9b013d12a091597d3cc74b2d0617dba07ac6aa35768ec	5.6	11.2	16.8
GCST90203365	ok	""	1	0	http://ftp.ebi.ac.uk/pub/databases/gwas/summary_statistics/GCST90203001-GCST90204000/GCST90203365/harmonised/GCST90203365.h.tsv.gz	90826231	4271977	5013	0.001173	0	0	0	21	4992	/data/opengwasdb/metabolome-plasma-2023/releases/2023-chen-full-south-asian/filtered/GCST90203365_GCST90203365.filtered.tsv.gz	140252	sha256	6e200ceac42f7b4262f07b5b26d8d6f31bcbb5963556a5bbba6ab31d02fc21ea	5.5	12.1	17.6
GCST90203366	ok	""	1	0	http://ftp.ebi.ac.uk/pub/databases/gwas/summary_statistics/GCST90203001-GCST90204000/GCST90203366/harmonised/GCST90203366.h.tsv.gz	86978124	4301663	5070	0.001179	0	0	0	22	5048	/data/opengwasdb/metabolome-plasma-2023/releases/2023-chen-full-south-asian/filtered/GCST90203366_GCST90203366.filtered.tsv.gz	141767	sha256	6fd4cf962296e5ea0f5dc8a808882c7a0538dd45a507ce286b188678c9c5dfa7	6.2	11.1	17.4
GCST90203367	ok	""	1	0	http://ftp.ebi.ac.uk/pub/databases/gwas/summary_statistics/GCST90203001-GCST90204000/GCST90203367/harmonised/GCST90203367.h.tsv.gz	90843915	4272349	5024	0.001176	0	0	0	28	4996	/data/opengwasdb/metabolome-plasma-2023/releases/2023-chen-full-south-asian/filtered/GCST90203367_GCST90203367.filtered.tsv.gz	140614	sha256	65475d55157b15df992cff942eb060c9f5a64efb0ceab3939347b33cd6013d00	6.5	12.5	19
GCST90203368	ok	""	1	0	http://ftp.ebi.ac.uk/pub/databases/gwas/summary_statistics/GCST90203001-GCST90204000/GCST90203368/harmonised/GCST90203368.h.tsv.gz	90508374	4255885	7474	0.001756	0	1	2485	21	4970	/data/opengwasdb/metabolome-plasma-2023/releases/2023-chen-full-south-asian/filtered/GCST90203368_GCST90203368.filtered.tsv.gz	189216	sha256	c488443084ee4561a7779799eb5be5dc1c6888e41e4af44ddab8da51e98dad23	6.5	11.6	18.1
GCST90203369	ok	""	1	0	http://ftp.ebi.ac.uk/pub/databases/gwas/summary_statistics/GCST90203001-GCST90204000/GCST90203369/harmonised/GCST90203369.h.tsv.gz	90818504	4272158	5006	0.001172	0	0	0	19	4987	/data/opengwasdb/metabolome-plasma-2023/releases/2023-chen-full-south-asian/filtered/GCST90203369_GCST90203369.filtered.tsv.gz	140054	sha256	de7f3ac1cce40f8b3dc0b6ddc16295afc12b9110d84eb553f4f010830f7ba6c9	5.4	11.4	16.8
GCST90203370	ok	""	1	0	http://ftp.ebi.ac.uk/pub/databases/gwas/summary_statistics/GCST90203001-GCST90204000/GCST90203370/harmonised/GCST90203370.h.tsv.gz	90521959	4255885	4990	0.001172	0	0	0	20	4970	/data/opengwasdb/metabolome-plasma-2023/releases/2023-chen-full-south-asian/filtered/GCST90203370_GCST90203370.filtered.tsv.gz	139398	sha256	a6a458c93abc68fb2a51bae19a4d3ad5283618e2db3d835cb0fbd5afcd34c7cc	6.9	11.4	18.3
GCST90203371	ok	""	1	0	http://ftp.ebi.ac.uk/pub/databases/gwas/summary_statistics/GCST90203001-GCST90204000/GCST90203371/harmonised/GCST90203371.h.tsv.gz	90516575	4255885	4995	0.001174	0	0	0	25	4970	/data/opengwasdb/metabolome-plasma-2023/releases/2023-chen-full-south-asian/filtered/GCST90203371_GCST90203371.filtered.tsv.gz	139694	sha256	ee388760da3ac0cf763c823d27eea43dc2ff814a4418b2a9e3d493aa110eb6dc	5.7	11.2	16.9
GCST90203372	ok	""	1	0	http://ftp.ebi.ac.uk/pub/databases/gwas/summary_statistics/GCST90203001-GCST90204000/GCST90203372/harmonised/GCST90203372.h.tsv.gz	90524703	4255885	4997	0.001174	0	0	0	27	4970	/data/opengwasdb/metabolome-plasma-2023/releases/2023-chen-full-south-asian/filtered/GCST90203372_GCST90203372.filtered.tsv.gz	139892	sha256	e8876875e207100ca5fb30d6186bc16975ca1b75e33981292346799902217be2	6.9	11.4	18.3
GCST90203373	ok	""	1	0	http://ftp.ebi.ac.uk/pub/databases/gwas/summary_statistics/GCST90203001-GCST90204000/GCST90203373/harmonised/GCST90203373.h.tsv.gz	91202488	4294606	5055	0.001177	0	0	0	18	5037	/data/opengwasdb/metabolome-plasma-2023/releases/2023-chen-full-south-asian/filtered/GCST90203373_GCST90203373.filtered.tsv.gz	141055	sha256	cef5b113b7f51c47561a0c04c867df7c7f7ae8b6558a4331382780a223b3ac01	7.1	10.9	18
GCST90203374	ok	""	1	0	http://ftp.ebi.ac.uk/pub/databases/gwas/summary_statistics/GCST90203001-GCST90204000/GCST90203374/harmonised/GCST90203374.h.tsv.gz	92854158	4384382	5221	0.001191	0	0	0	25	5196	/data/opengwasdb/metabolome-plasma-2023/releases/2023-chen-full-south-asian/filtered/GCST90203374_GCST90203374.filtered.tsv.gz	145658	sha256	963d52bb30fc71b498f998ee29b50e95fb56e26a0f9c13a857261a16fb86f13f	6.6	11.3	17.9
GCST90203375	ok	""	1	0	http://ftp.ebi.ac.uk/pub/databases/gwas/summary_statistics/GCST90203001-GCST90204000/GCST90203375/harmonised/GCST90203375.h.tsv.gz	90521186	4255885	4991	0.001173	0	0	0	21	4970	/data/opengwasdb/metabolome-plasma-2023/releases/2023-chen-full-south-asian/filtered/GCST90203375_GCST90203375.filtered.tsv.gz	139629	sha256	2c7820d5fcd4fd634cbc1522bebe002ed48a04ea94ca883032474b677f923e4a	5.3	9.9	15.2
GCST90203376	ok	""	1	0	http://ftp.ebi.ac.uk/pub/databases/gwas/summary_statistics/GCST90203001-GCST90204000/GCST90203376/harmonised/GCST90203376.h.tsv.gz	90502962	4255885	4995	0.001174	0	0	0	25	4970	/data/opengwasdb/metabolome-plasma-2023/releases/2023-chen-full-south-asian/filtered/GCST90203376_GCST90203376.filtered.tsv.gz	139645	sha256	819cb4bf0b7e19b04cb9f6d07ab00b7c299c3348eeb5ef4e1188c0b9ee107c3d	5.5	10.3	15.8
GCST90203377	ok	""	1	0	http://ftp.ebi.ac.uk/pub/databases/gwas/summary_statistics/GCST90203001-GCST90204000/GCST90203377/harmonised/GCST90203377.h.tsv.gz	90907423	4275145	5025	0.001175	0	0	0	19	5006	/data/opengwasdb/metabolome-plasma-2023/releases/2023-chen-full-south-asian/filtered/GCST90203377_GCST90203377.filtered.tsv.gz	140543	sha256	6108449c5344f64212aeba9d8663cd3959ba0116dcd48d62f243fd1119f27da8	5.8	10.1	15.9
GCST90203378	ok	""	1	0	http://ftp.ebi.ac.uk/pub/databases/gwas/summary_statistics/GCST90203001-GCST90204000/GCST90203378/harmonised/GCST90203378.h.tsv.gz	82080547	4201612	7231	0.001721	0	1	2337	13	4886	/data/opengwasdb/metabolome-plasma-2023/releases/2023-chen-full-south-asian/filtered/GCST90203378_GCST90203378.filtered.tsv.gz	180540	sha256	7742bb1bb001126c591ce8cf33e83912923a3d0d2855cbd10ee2fb8424793ca3	5.2	10	15.1
GCST90203379	ok	""	1	0	http://ftp.ebi.ac.uk/pub/databases/gwas/summary_statistics/GCST90203001-GCST90204000/GCST90203379/harmonised/GCST90203379.h.tsv.gz	82295888	4297984	5097	0.001186	0	0	0	19	5078	/data/opengwasdb/metabolome-plasma-2023/releases/2023-chen-full-south-asian/filtered/GCST90203379_GCST90203379.filtered.tsv.gz	141005	sha256	71c6c67a14c6618680411e958f7f71b51fb790534d00cb837e9649930d8fd5bc	6.6	10.6	17.2
GCST90203380	ok	""	1	0	http://ftp.ebi.ac.uk/pub/databases/gwas/summary_statistics/GCST90203001-GCST90204000/GCST90203380/harmonised/GCST90203380.h.tsv.gz	91447136	4310307	5077	0.001178	0	0	0	13	5064	/data/opengwasdb/metabolome-plasma-2023/releases/2023-chen-full-south-asian/filtered/GCST90203380_GCST90203380.filtered.tsv.gz	141443	sha256	2f4128d4df5d0c650750c0ed48507cef7f209156270da20521eaa23cca84bb01	8.3	10.8	19
GCST90203381	ok	""	1	0	http://ftp.ebi.ac.uk/pub/databases/gwas/summary_statistics/GCST90203001-GCST90204000/GCST90203381/harmonised/GCST90203381.h.tsv.gz	90505499	4255885	7915	0.00186	0	1	2935	14	4970	/data/opengwasdb/metabolome-plasma-2023/releases/2023-chen-full-south-asian/filtered/GCST90203381_GCST90203381.filtered.tsv.gz	194060	sha256	cf314af9715df47764ba56590885ef2c6899c6740d6d39d94bdfabaeee3769a4	8.3	11.5	19.8
GCST90203382	ok	""	1	0	http://ftp.ebi.ac.uk/pub/databases/gwas/summary_statistics/GCST90203001-GCST90204000/GCST90203382/harmonised/GCST90203382.h.tsv.gz	90477901	4417064	5295	0.001199	0	0	0	31	5264	/data/opengwasdb/metabolome-plasma-2023/releases/2023-chen-full-south-asian/filtered/GCST90203382_GCST90203382.filtered.tsv.gz	147283	sha256	ef8d2fde9c567a3bc279cb30b5b2d5ad6b40946e46b16d484c76a9d65e42cdf2	8	9.9	17.9
GCST90203383	ok	""	1	0	http://ftp.ebi.ac.uk/pub/databases/gwas/summary_statistics/GCST90203001-GCST90204000/GCST90203383/harmonised/GCST90203383.h.tsv.gz	87012670	4311843	16607	0.003851	0	4	11536	35	5057	/data/opengwasdb/metabolome-plasma-2023/releases/2023-chen-full-south-asian/filtered/GCST90203383_GCST90203383.filtered.tsv.gz	349151	sha256	bde1f72a93da0c5fe7772fdfe7b2c53d5ac208a971cee0a21d19e55ea08f51ce	6.5	11.4	17.8
GCST90203384	ok	""	1	0	http://ftp.ebi.ac.uk/pub/databases/gwas/summary_statistics/GCST90203001-GCST90204000/GCST90203384/harmonised/GCST90203384.h.tsv.gz	90328584	4285730	5041	0.001176	0	0	0	23	5018	/data/opengwasdb/metabolome-plasma-2023/releases/2023-chen-full-south-asian/filtered/GCST90203384_GCST90203384.filtered.tsv.gz	140990	sha256	2d9eab3f30f376d9bcb341e776e92f6de2ac3c8e9f84985613466124569f0c42	6.7	11.3	17.9
GCST90203385	ok	""	1	0	http://ftp.ebi.ac.uk/pub/databases/gwas/summary_statistics/GCST90203001-GCST90204000/GCST90203385/harmonised/GCST90203385.h.tsv.gz	91965229	4332200	8247	0.001904	0	1	3138	27	5088	/data/opengwasdb/metabolome-plasma-2023/releases/2023-chen-full-south-asian/filtered/GCST90203385_GCST90203385.filtered.tsv.gz	206846	sha256	e0b3f6768352dc42d025badb518031e6b485584fa7e8ef199062779b54d86a2e	6.6	11.5	18.1
GCST90203386	ok	""	1	0	http://ftp.ebi.ac.uk/pub/databases/gwas/summary_statistics/GCST90203001-GCST90204000/GCST90203386/harmonised/GCST90203386.h.tsv.gz	87616137	4338171	5113	0.001179	0	0	0	19	5094	/data/opengwasdb/metabolome-plasma-2023/releases/2023-chen-full-south-asian/filtered/GCST90203386_GCST90203386.filtered.tsv.gz	142823	sha256	6e152e058726351d0dc3d62a1112fbe1dfa8885192dc53efed4360a93a65775f	5.5	10.8	16.3
GCST90203387	ok	""	1	0	http://ftp.ebi.ac.uk/pub/databases/gwas/summary_statistics/GCST90203001-GCST90204000/GCST90203387/harmonised/GCST90203387.h.tsv.gz	89966405	4275740	7912	0.00185	0	1	2885	21	5008	/data/opengwasdb/metabolome-plasma-2023/releases/2023-chen-full-south-asian/filtered/GCST90203387_GCST90203387.filtered.tsv.gz	198935	sha256	28197a8d50f8da544f42120fcaaa5e7288e5c301e7117a8e8765db2f97693d46	5.6	10.1	15.7
GCST90203388	ok	""	1	0	http://ftp.ebi.ac.uk/pub/databases/gwas/summary_statistics/GCST90203001-GCST90204000/GCST90203388/harmonised/GCST90203388.h.tsv.gz	90517423	4359394	5143	0.00118	0	0	0	21	5122	/data/opengwasdb/metabolome-plasma-2023/releases/2023-chen-full-south-asian/filtered/GCST90203388_GCST90203388.filtered.tsv.gz	143001	sha256	6493ae68a0c98ea08d687e685dd91ed0e2b2bef50783aa8889f825830264943b	6	11.3	17.3
GCST90203389	ok	""	1	0	http://ftp.ebi.ac.uk/pub/databases/gwas/summary_statistics/GCST90203001-GCST90204000/GCST90203389/harmonised/GCST90203389.h.tsv.gz	86931284	4296837	5044	0.001174	0	0	0	18	5026	/data/opengwasdb/metabolome-plasma-2023/releases/2023-chen-full-south-asian/filtered/GCST90203389_GCST90203389.filtered.tsv.gz	141538	sha256	2b02be3fa09b8b9a84fe2e6cd5cf095f2969e73b904416cfbadc9808ef93891d	5.9	10.4	16.2
GCST90203390	ok	""	1	0	http://ftp.ebi.ac.uk/pub/databases/gwas/summary_statistics/GCST90203001-GCST90204000/GCST90203390/harmonised/GCST90203390.h.tsv.gz	85522107	4263703	7857	0.001843	0	1	2845	17	5000	/data/opengwasdb/metabolome-plasma-2023/releases/2023-chen-full-south-asian/filtered/GCST90203390_GCST90203390.filtered.tsv.gz	194122	sha256	b92eb183b0433290eb7a5482e1ad2c897a8f7d80fd582d6fc68175a29f8cb88c	4.5	11.4	15.9
GCST90203391	ok	""	1	0	http://ftp.ebi.ac.uk/pub/databases/gwas/summary_statistics/GCST90203001-GCST90204000/GCST90203391/harmonised/GCST90203391.h.tsv.gz	91087501	4288468	8835	0.00206	0	1	3806	17	5016	/data/opengwasdb/metabolome-plasma-2023/releases/2023-chen-full-south-asian/filtered/GCST90203391_GCST90203391.filtered.tsv.gz	216815	sha256	83108b48e33f0d15087e96cb62ab2232f72fecbad3169b63cb624224abe75e9b	6.7	11	17.7
GCST90203392	ok	""	1	0	http://ftp.ebi.ac.uk/pub/databases/gwas/summary_statistics/GCST90203001-GCST90204000/GCST90203392/harmonised/GCST90203392.h.tsv.gz	86826206	4217417	9886	0.002344	0	1	4944	22	4922	/data/opengwasdb/metabolome-plasma-2023/releases/2023-chen-full-south-asian/filtered/GCST90203392_GCST90203392.filtered.tsv.gz	238919	sha256	41d8d994ba46104b59556ae5c3f63f0284b7ba88fa6985be6c04c70bcb45622d	6.1	11.4	17.5
GCST90203393	ok	""	1	0	http://ftp.ebi.ac.uk/pub/databases/gwas/summary_statistics/GCST90203001-GCST90204000/GCST90203393/harmonised/GCST90203393.h.tsv.gz	88701139	4409096	5239	0.001188	0	0	0	22	5217	/data/opengwasdb/metabolome-plasma-2023/releases/2023-chen-full-south-asian/filtered/GCST90203393_GCST90203393.filtered.tsv.gz	145700	sha256	2fff50468afcb257bd727889bc752c3d68ffa0d11eb1ceb81c67e379170f80de	6.7	11.2	17.9
GCST90203394	ok	""	1	0	http://ftp.ebi.ac.uk/pub/databases/gwas/summary_statistics/GCST90203001-GCST90204000/GCST90203394/harmonised/GCST90203394.h.tsv.gz	90528012	4255885	4990	0.001172	0	0	0	20	4970	/data/opengwasdb/metabolome-plasma-2023/releases/2023-chen-full-south-asian/filtered/GCST90203394_GCST90203394.filtered.tsv.gz	139560	sha256	a75cf0b7f26bacf2de5a5ae4672d2aa726ce1e89682386e0bcc90cde3250111c	6.7	10.8	17.5
GCST90203395	ok	""	1	0	http://ftp.ebi.ac.uk/pub/databases/gwas/summary_statistics/GCST90203001-GCST90204000/GCST90203395/harmonised/GCST90203395.h.tsv.gz	88840228	4327504	5126	0.001185	0	0	0	24	5102	/data/opengwasdb/metabolome-plasma-2023/releases/2023-chen-full-south-asian/filtered/GCST90203395_GCST90203395.filtered.tsv.gz	142951	sha256	61ea8aa035be969f615e272b062a29e495815fc0f654e5c28a4683c0e4764c52	6.5	9.4	15.9
GCST90203396	ok	""	1	0	http://ftp.ebi.ac.uk/pub/databases/gwas/summary_statistics/GCST90203001-GCST90204000/GCST90203396/harmonised/GCST90203396.h.tsv.gz	90502889	4255885	4990	0.001172	0	0	0	20	4970	/data/opengwasdb/metabolome-plasma-2023/releases/2023-chen-full-south-asian/filtered/GCST90203396_GCST90203396.filtered.tsv.gz	139620	sha256	9abbf7431fd4107284e136f326b25e7af0efef5253f062131df993a8f6a104dd	6.5	10.9	17.4
GCST90203397	ok	""	1	0	http://ftp.ebi.ac.uk/pub/databases/gwas/summary_statistics/GCST90203001-GCST90204000/GCST90203397/harmonised/GCST90203397.h.tsv.gz	90467227	4255885	4987	0.001172	0	0	0	17	4970	/data/opengwasdb/metabolome-plasma-2023/releases/2023-chen-full-south-asian/filtered/GCST90203397_GCST90203397.filtered.tsv.gz	139515	sha256	a15539c4b65c8a035ef7a85bc387fa233043e3a321506796b76db2dc74cabc6e	6.7	11.8	18.5
GCST90203398	ok	""	1	0	http://ftp.ebi.ac.uk/pub/databases/gwas/summary_statistics/GCST90203001-GCST90204000/GCST90203398/harmonised/GCST90203398.h.tsv.gz	86098853	4255885	4992	0.001173	0	0	0	22	4970	/data/opengwasdb/metabolome-plasma-2023/releases/2023-chen-full-south-asian/filtered/GCST90203398_GCST90203398.filtered.tsv.gz	139513	sha256	32a2ddd817bcdaa84b47627d9bcc131e8746f4707cb74be181f0593f0ba4f880	6.1	9.8	15.9
GCST90203399	ok	""	1	0	http://ftp.ebi.ac.uk/pub/databases/gwas/summary_statistics/GCST90203001-GCST90204000/GCST90203399/harmonised/GCST90203399.h.tsv.gz	86283260	4261425	7233	0.001697	0	1	2223	28	4986	/data/opengwasdb/metabolome-plasma-2023/releases/2023-chen-full-south-asian/filtered/GCST90203399_GCST90203399.filtered.tsv.gz	185675	sha256	01647dcdde4c2dd5b5bf47c80e6785d0fee27236bc1f6bab317ef39de745ae44	5.6	11.8	17.4
GCST90203400	ok	""	1	0	http://ftp.ebi.ac.uk/pub/databases/gwas/summary_statistics/GCST90203001-GCST90204000/GCST90203400/harmonised/GCST90203400.h.tsv.gz	86208856	4256138	8477	0.001992	0	1	3423	32	5026	/data/opengwasdb/metabolome-plasma-2023/releases/2023-chen-full-south-asian/filtered/GCST90203400_GCST90203400.filtered.tsv.gz	205429	sha256	43e36f405610d8db8ecce9f314159a81ea660a0916c97d99e15cbf3230ccefae	5.9	11.9	17.8
GCST90203401	ok	""	1	0	http://ftp.ebi.ac.uk/pub/databases/gwas/summary_statistics/GCST90203001-GCST90204000/GCST90203401/harmonised/GCST90203401.h.tsv.gz	86155407	4255885	4989	0.001172	0	0	0	19	4970	/data/opengwasdb/metabolome-plasma-2023/releases/2023-chen-full-south-asian/filtered/GCST90203401_GCST90203401.filtered.tsv.gz	139467	sha256	322fa976e64c23202be9988c0b2117e0ad87d811c8210b2a7f7d4841a14f1c6f	6	10.9	16.8
GCST90203402	ok	""	1	0	http://ftp.ebi.ac.uk/pub/databases/gwas/summary_statistics/GCST90203001-GCST90204000/GCST90203402/harmonised/GCST90203402.h.tsv.gz	86432255	4272869	7501	0.001755	0	1	2489	16	4998	/data/opengwasdb/metabolome-plasma-2023/releases/2023-chen-full-south-asian/filtered/GCST90203402_GCST90203402.filtered.tsv.gz	189729	sha256	ba0a7b9c167402cf7c346217bb6dd5d7ccc9613126691ed4c57ddc1474b73ad3	5.8	11.7	17.5
GCST90203403	ok	""	1	0	http://ftp.ebi.ac.uk/pub/databases/gwas/summary_statistics/GCST90203001-GCST90204000/GCST90203403/harmonised/GCST90203403.h.tsv.gz	86300605	4261425	5002	0.001174	0	0	0	16	4986	/data/opengwasdb/metabolome-plasma-2023/releases/2023-chen-full-south-asian/filtered/GCST90203403_GCST90203403.filtered.tsv.gz	139910	sha256	65952ab408dc6cfb09657bf1f0bbd05243f027e7b2e568c7eb77d6f961862b51	6	11.3	17.4
GCST90203404	ok	""	1	0	http://ftp.ebi.ac.uk/pub/databases/gwas/summary_statistics/GCST90203001-GCST90204000/GCST90203404/harmonised/GCST90203404.h.tsv.gz	89018258	4215986	4942	0.001172	0	0	0	21	4921	/data/opengwasdb/metabolome-plasma-2023/releases/2023-chen-full-south-asian/filtered/GCST90203404_GCST90203404.filtered.tsv.gz	138238	sha256	6f3c7ea0c7e638b1ed68080269430ff057da5397fa91fd725864df601e10dd5b	8.2	10.8	19
GCST90203405	ok	""	1	0	http://ftp.ebi.ac.uk/pub/databases/gwas/summary_statistics/GCST90203001-GCST90204000/GCST90203405/harmonised/GCST90203405.h.tsv.gz	90526632	4255885	4999	0.001175	0	0	0	29	4970	/data/opengwasdb/metabolome-plasma-2023/releases/2023-chen-full-south-asian/filtered/GCST90203405_GCST90203405.filtered.tsv.gz	139741	sha256	790e2c96bef07c6f73fb1fa5e23e2229916389cf9753eb398792aeeb6f2762b7	6	12.1	18.1
GCST90203406	ok	""	1	0	http://ftp.ebi.ac.uk/pub/databases/gwas/summary_statistics/GCST90203001-GCST90204000/GCST90203406/harmonised/GCST90203406.h.tsv.gz	90836042	4274098	5016	0.001174	0	0	0	20	4996	/data/opengwasdb/metabolome-plasma-2023/releases/2023-chen-full-south-asian/filtered/GCST90203406_GCST90203406.filtered.tsv.gz	140035	sha256	a85558faac4b408b75297b9c35b23daf9c8a40a5f798efa53531024b5b9e5841	6.8	11.2	18
GCST90203407	ok	""	1	0	http://ftp.ebi.ac.uk/pub/databases/gwas/summary_statistics/GCST90203001-GCST90204000/GCST90203407/harmonised/GCST90203407.h.tsv.gz	91440099	4339315	8204	0.001891	0	1	3073	27	5111	/data/opengwasdb/metabolome-plasma-2023/releases/2023-chen-full-south-asian/filtered/GCST90203407_GCST90203407.filtered.tsv.gz	208907	sha256	e277d69bbb8f85ea6088aa347f39b9745bb9519d2698d44cf1c831b081388348	7.1	10.8	17.9
GCST90203408	ok	""	1	0	http://ftp.ebi.ac.uk/pub/databases/gwas/summary_statistics/GCST90203001-GCST90204000/GCST90203408/harmonised/GCST90203408.h.tsv.gz	84066210	4241904	4990	0.001176	0	0	0	19	4971	/data/opengwasdb/metabolome-plasma-2023/releases/2023-chen-full-south-asian/filtered/GCST90203408_GCST90203408.filtered.tsv.gz	139079	sha256	1b7d6567a2885c83a7dccbfd15783d79f4f75882bc69a5d7454d85db7b592a4e	6.5	11.6	18.1
GCST90203409	ok	""	1	0	http://ftp.ebi.ac.uk/pub/databases/gwas/summary_statistics/GCST90203001-GCST90204000/GCST90203409/harmonised/GCST90203409.h.tsv.gz	93177075	4408148	8497	0.001928	0	1	3250	29	5222	/data/opengwasdb/metabolome-plasma-2023/releases/2023-chen-full-south-asian/filtered/GCST90203409_GCST90203409.filtered.tsv.gz	202965	sha256	9c42ac1f8485f5e069dfdc8a14a0566963c140d6a949bd13b7d7cf809608646d	6.9	11.6	18.5
GCST90203410	ok	""	1	0	http://ftp.ebi.ac.uk/pub/databases/gwas/summary_statistics/GCST90203001-GCST90204000/GCST90203410/harmonised/GCST90203410.h.tsv.gz	86405519	4270672	5013	0.001174	0	0	0	13	5000	/data/opengwasdb/metabolome-plasma-2023/releases/2023-chen-full-south-asian/filtered/GCST90203410_GCST90203410.filtered.tsv.gz	140069	sha256	6d85a261df77e49de915a5ce588becec3800db3844f4e49386a747207608af1f	6.8	11.3	18
GCST90203411	ok	""	1	0	http://ftp.ebi.ac.uk/pub/databases/gwas/summary_statistics/GCST90203001-GCST90204000/GCST90203411/harmonised/GCST90203411.h.tsv.gz	89183463	4224090	4925	0.001166	0	0	0	21	4904	/data/opengwasdb/metabolome-plasma-2023/releases/2023-chen-full-south-asian/filtered/GCST90203411_GCST90203411.filtered.tsv.gz	137826	sha256	2fa257c758cdfc6d0fb1499b760e135597d8796412dea031ae8df845144ff3de	5.7	9.8	15.5
GCST90203412	ok	""	1	0	http://ftp.ebi.ac.uk/pub/databases/gwas/summary_statistics/GCST90203001-GCST90204000/GCST90203412/harmonised/GCST90203412.h.tsv.gz	87000447	4310836	5062	0.001174	0	0	0	23	5039	/data/opengwasdb/metabolome-plasma-2023/releases/2023-chen-full-south-asian/filtered/GCST90203412_GCST90203412.filtered.tsv.gz	141076	sha256	67ac6fe2e92d61af0a4960ab0dc257f36659f4a0b7688d06583787950e997500	6.5	11	17.5
GCST90203413	ok	""	1	0	http://ftp.ebi.ac.uk/pub/databases/gwas/summary_statistics/GCST90203001-GCST90204000/GCST90203413/harmonised/GCST90203413.h.tsv.gz	90504088	4255885	4987	0.001172	0	0	0	17	4970	/data/opengwasdb/metabolome-plasma-2023/releases/2023-chen-full-south-asian/filtered/GCST90203413_GCST90203413.filtered.tsv.gz	139426	sha256	86c9628451b42010f4024c6477010abf697336120c471aeb58d2c23967c33558	6.7	9.5	16.2
GCST90203414	ok	""	1	0	http://ftp.ebi.ac.uk/pub/databases/gwas/summary_statistics/GCST90203001-GCST90204000/GCST90203414/harmonised/GCST90203414.h.tsv.gz	82834834	4325362	8547	0.001976	0	1	3365	56	5130	/data/opengwasdb/metabolome-plasma-2023/releases/2023-chen-full-south-asian/filtered/GCST90203414_GCST90203414.filtered.tsv.gz	203450	sha256	2995dbd79622a26e21d3559d9131feaf4d9e2f993b4ab74a6b50b843dee2d2cb	5.5	11.4	16.9
GCST90203415	ok	""	1	0	http://ftp.ebi.ac.uk/pub/databases/gwas/summary_statistics/GCST90203001-GCST90204000/GCST90203415/harmonised/GCST90203415.h.tsv.gz	91017485	4281112	5025	0.001174	0	0	0	21	5004	/data/opengwasdb/metabolome-plasma-2023/releases/2023-chen-full-south-asian/filtered/GCST90203415_GCST90203415.filtered.tsv.gz	140386	sha256	a197d9e56821fff6b6ac0db444c7a079af83f3eecb2b8d32dd3daa3fef79d99f	6.6	11.9	18.5
GCST90203416	ok	""	1	0	http://ftp.ebi.ac.uk/pub/databases/gwas/summary_statistics/GCST90203001-GCST90204000/GCST90203416/harmonised/GCST90203416.h.tsv.gz	86472040	4274098	5013	0.001173	0	0	0	17	4996	/data/opengwasdb/metabolome-plasma-2023/releases/2023-chen-full-south-asian/filtered/GCST90203416_GCST90203416.filtered.tsv.gz	139990	sha256	8a5cd0c856f96e2a93611e04354f62ad53f28e53b40fcffc315ec2d81bbb6ecc	5.9	11	17
GCST90203417	ok	""	1	0	http://ftp.ebi.ac.uk/pub/databases/gwas/summary_statistics/GCST90203001-GCST90204000/GCST90203417/harmonised/GCST90203417.h.tsv.gz	86161472	4255885	4993	0.001173	0	0	0	23	4970	/data/opengwasdb/metabolome-plasma-2023/releases/2023-chen-full-south-asian/filtered/GCST90203417_GCST90203417.filtered.tsv.gz	139679	sha256	032065548cbdd4878fe7dbbe2dbf5620e130d83255fde5f88f2cdd2b8e595741	5.9	11.7	17.5
GCST90203418	ok	""	1	0	http://ftp.ebi.ac.uk/pub/databases/gwas/summary_statistics/GCST90203001-GCST90204000/GCST90203418/harmonised/GCST90203418.h.tsv.gz	85300969	4256021	5000	0.001175	0	0	0	31	4969	/data/opengwasdb/metabolome-plasma-2023/releases/2023-chen-full-south-asian/filtered/GCST90203418_GCST90203418.filtered.tsv.gz	139858	sha256	b8bdddea8954c0d35b45102928dc2aea28f3aff393eb3492c8ee188591051b6a	6.1	11.1	17.3
GCST90203419	ok	""	1	0	http://ftp.ebi.ac.uk/pub/databases/gwas/summary_statistics/GCST90203001-GCST90204000/GCST90203419/harmonised/GCST90203419.h.tsv.gz	90004730	4396270	9081	0.002066	0	1	3840	43	5200	/data/opengwasdb/metabolome-plasma-2023/releases/2023-chen-full-south-asian/filtered/GCST90203419_GCST90203419.filtered.tsv.gz	221488	sha256	b1ebd42f3d482ec307e23f3a8421f15831806f85cde28ea37e490fb7efd648f2	6.9	11.3	18.1
GCST90203420	ok	""	1	0	http://ftp.ebi.ac.uk/pub/databases/gwas/summary_statistics/GCST90203001-GCST90204000/GCST90203420/harmonised/GCST90203420.h.tsv.gz	90446567	4255885	4990	0.001172	0	0	0	20	4970	/data/opengwasdb/metabolome-plasma-2023/releases/2023-chen-full-south-asian/filtered/GCST90203420_GCST90203420.filtered.tsv.gz	139518	sha256	9f310d9a5fec191ebe0355c078475875e01d6bd55985aceb0629e252974cf40c	7.7	11	18.6
GCST90203421	ok	""	1	0	http://ftp.ebi.ac.uk/pub/databases/gwas/summary_statistics/GCST90203001-GCST90204000/GCST90203421/harmonised/GCST90203421.h.tsv.gz	88490463	4399072	5207	0.001184	0	0	0	17	5190	/data/opengwasdb/metabolome-plasma-2023/releases/2023-chen-full-south-asian/filtered/GCST90203421_GCST90203421.filtered.tsv.gz	144816	sha256	2616dfd258ab685521168333fc6bc241956bbd1307b25a4fd90ed7ba8ce1a085	8.2	11.4	19.6
GCST90203422	ok	""	1	0	http://ftp.ebi.ac.uk/pub/databases/gwas/summary_statistics/GCST90203001-GCST90204000/GCST90203422/harmonised/GCST90203422.h.tsv.gz	90852018	4274141	7982	0.001868	0	1	2961	24	5000	/data/opengwasdb/metabolome-plasma-2023/releases/2023-chen-full-south-asian/filtered/GCST90203422_GCST90203422.filtered.tsv.gz	198481	sha256	3221fc04c1bad8ea20ce09d5b4ca3dfc7134fb4358201f159a3acfbc585b67ae	8.7	10.3	18.9
GCST90203423	ok	""	1	0	http://ftp.ebi.ac.uk/pub/databases/gwas/summary_statistics/GCST90203001-GCST90204000/GCST90203423/harmonised/GCST90203423.h.tsv.gz	87823312	4349947	5130	0.001179	0	0	0	31	5099	/data/opengwasdb/metabolome-plasma-2023/releases/2023-chen-full-south-asian/filtered/GCST90203423_GCST90203423.filtered.tsv.gz	143355	sha256	8632a89958209e55692965c6036f1eca6c62766f8f4ea153be1c744fb8469db3	7.4	10.8	18.1
GCST90203424	ok	""	1	0	http://ftp.ebi.ac.uk/pub/databases/gwas/summary_statistics/GCST90203001-GCST90204000/GCST90203424/harmonised/GCST90203424.h.tsv.gz	91907056	4329429	8050	0.001859	0	1	2965	10	5082	/data/opengwasdb/metabolome-plasma-2023/releases/2023-chen-full-south-asian/filtered/GCST90203424_GCST90203424.filtered.tsv.gz	206427	sha256	3da58a0b174773cb522a0f15e7beaa099e6126e79eb2a36f475e8f3ed929c083	6.3	10.8	17.1
GCST90203425	ok	""	1	0	http://ftp.ebi.ac.uk/pub/databases/gwas/summary_statistics/GCST90203001-GCST90204000/GCST90203425/harmonised/GCST90203425.h.tsv.gz	91161091	4407737	5254	0.001192	0	0	0	26	5228	/data/opengwasdb/metabolome-plasma-2023/releases/2023-chen-full-south-asian/filtered/GCST90203425_GCST90203425.filtered.tsv.gz	146171	sha256	90039b07f8e3fdf1469f90e5342bfa30e1436a53a2f2286e5c46190f1475b4fd	6	11.4	17.4
GCST90203426	ok	""	1	0	http://ftp.ebi.ac.uk/pub/databases/gwas/summary_statistics/GCST90203001-GCST90204000/GCST90203426/harmonised/GCST90203426.h.tsv.gz	87667994	4396728	26965	0.006133	0	6	21736	50	5202	/data/opengwasdb/metabolome-plasma-2023/releases/2023-chen-full-south-asian/filtered/GCST90203426_GCST90203426.filtered.tsv.gz	552376	sha256	a81a65ddcd27f8f943ed403f059aeab747f4888d87b4575495a111bd9f2f760a	4.5	11.9	16.4
GCST90203427	ok	""	1	0	http://ftp.ebi.ac.uk/pub/databases/gwas/summary_statistics/GCST90203001-GCST90204000/GCST90203427/harmonised/GCST90203427.h.tsv.gz	85997569	4289997	5062	0.00118	0	0	0	31	5031	/data/opengwasdb/metabolome-plasma-2023/releases/2023-chen-full-south-asian/filtered/GCST90203427_GCST90203427.filtered.tsv.gz	141585	sha256	8752a7ecba78ce3834397c0efa6d1515705a8e6b1fe072d47c594e60821d0183	6.3	11.7	18
GCST90203428	ok	""	1	0	http://ftp.ebi.ac.uk/pub/databases/gwas/summary_statistics/GCST90203001-GCST90204000/GCST90203428/harmonised/GCST90203428.h.tsv.gz	86681839	4282117	5033	0.001175	0	0	0	16	5017	/data/opengwasdb/metabolome-plasma-2023/releases/2023-chen-full-south-asian/filtered/GCST90203428_GCST90203428.filtered.tsv.gz	140858	sha256	5a5122803096d2f4c5bd9456f29c6e688064baf7b64d5dd6900f9c701bc70f7f	6.4	11.5	17.9
GCST90203429	ok	""	1	0	http://ftp.ebi.ac.uk/pub/databases/gwas/summary_statistics/GCST90203001-GCST90204000/GCST90203429/harmonised/GCST90203429.h.tsv.gz	80791405	4203308	4963	0.001181	0	0	0	24	4939	/data/opengwasdb/metabolome-plasma-2023/releases/2023-chen-full-south-asian/filtered/GCST90203429_GCST90203429.filtered.tsv.gz	137844	sha256	2a1ada1ae9d29023fe1f05c7bc1d1cfd3921d1b3d4f5042cda058a035c33a9ee	5.9	10.6	16.5
GCST90203430	ok	""	1	0	http://ftp.ebi.ac.uk/pub/databases/gwas/summary_statistics/GCST90203001-GCST90204000/GCST90203430/harmonised/GCST90203430.h.tsv.gz	84949939	4229184	4936	0.001167	0	0	0	19	4917	/data/opengwasdb/metabolome-plasma-2023/releases/2023-chen-full-south-asian/filtered/GCST90203430_GCST90203430.filtered.tsv.gz	138116	sha256	02765e91760832177f8ab6962677204e65ffb6f86efb4e48cb178e1e227b5660	5.3	11.4	16.7
GCST90203431	ok	""	1	0	http://ftp.ebi.ac.uk/pub/databases/gwas/summary_statistics/GCST90203001-GCST90204000/GCST90203431/harmonised/GCST90203431.h.tsv.gz	90851571	4314173	10780	0.002499	0	2	5678	30	5079	/data/opengwasdb/metabolome-plasma-2023/releases/2023-chen-full-south-asian/filtered/GCST90203431_GCST90203431.filtered.tsv.gz	258360	sha256	6b6ddc8275f9ac3ee19ba5ae120fa94689127e09cae8bb98a736a5c2ae2ca58c	5.1	11.2	16.3
GCST90203432	ok	""	1	0	http://ftp.ebi.ac.uk/pub/databases/gwas/summary_statistics/GCST90203001-GCST90204000/GCST90203432/harmonised/GCST90203432.h.tsv.gz	90881588	4392106	5226	0.00119	0	0	0	15	5211	/data/opengwasdb/metabolome-plasma-2023/releases/2023-chen-full-south-asian/filtered/GCST90203432_GCST90203432.filtered.tsv.gz	145225	sha256	1400074375ef3e051ed43d28b0c2b0dfd6b9f265ddd635ac2251f9c8a8920204	6.4	10.9	17.3
GCST90203433	ok	""	1	0	http://ftp.ebi.ac.uk/pub/databases/gwas/summary_statistics/GCST90203001-GCST90204000/GCST90203433/harmonised/GCST90203433.h.tsv.gz	87510090	4371679	5198	0.001189	0	0	0	30	5168	/data/opengwasdb/metabolome-plasma-2023/releases/2023-chen-full-south-asian/filtered/GCST90203433_GCST90203433.filtered.tsv.gz	145465	sha256	6112972c3086b6eaa9442ba5dfa8c717d4cc9ad06919a03f632ab809a90bd905	5.8	11.7	17.6
GCST90203434	ok	""	1	0	http://ftp.ebi.ac.uk/pub/databases/gwas/summary_statistics/GCST90203001-GCST90204000/GCST90203434/harmonised/GCST90203434.h.tsv.gz	87562796	4267125	18311	0.004291	0	4	13294	41	4992	/data/opengwasdb/metabolome-plasma-2023/releases/2023-chen-full-south-asian/filtered/GCST90203434_GCST90203434.filtered.tsv.gz	373349	sha256	050c53ddb4c666ec316be8259f86b606cb237ad8de1299ac50e9a18773a83da0	5.7	11.6	17.3
GCST90203435	ok	""	1	0	http://ftp.ebi.ac.uk/pub/databases/gwas/summary_statistics/GCST90203001-GCST90204000/GCST90203435/harmonised/GCST90203435.h.tsv.gz	84161583	4232291	16456	0.003888	0	3	11489	32	4949	/data/opengwasdb/metabolome-plasma-2023/releases/2023-chen-full-south-asian/filtered/GCST90203435_GCST90203435.filtered.tsv.gz	352686	sha256	7f45684cfe20b23427b26732b1f3ce3901f5248a10797e4507eb39c1f2c3c4fa	5.4	11.8	17.2
GCST90203436	ok	""	1	0	http://ftp.ebi.ac.uk/pub/databases/gwas/summary_statistics/GCST90203001-GCST90204000/GCST90203436/harmonised/GCST90203436.h.tsv.gz	90512290	4255885	4983	0.001171	0	0	0	13	4970	/data/opengwasdb/metabolome-plasma-2023/releases/2023-chen-full-south-asian/filtered/GCST90203436_GCST90203436.filtered.tsv.gz	139247	sha256	9b009a6b6ba9431ed735e1948855d3d876983908108804f3c7a405795eb314e6	6.2	10.6	16.8
GCST90203437	ok	""	1	0	http://ftp.ebi.ac.uk/pub/databases/gwas/summary_statistics/GCST90203001-GCST90204000/GCST90203437/harmonised/GCST90203437.h.tsv.gz	90382098	4289543	5055	0.001178	0	0	0	29	5026	/data/opengwasdb/metabolome-plasma-2023/releases/2023-chen-full-south-asian/filtered/GCST90203437_GCST90203437.filtered.tsv.gz	141411	sha256	94d45fe9221823780570814888e293878c08d8dee9c1372224ded08209a1de11	5.8	10.4	16.2
GCST90203438	ok	""	1	0	http://ftp.ebi.ac.uk/pub/databases/gwas/summary_statistics/GCST90203001-GCST90204000/GCST90203438/harmonised/GCST90203438.h.tsv.gz	87152431	4244424	5008	0.00118	0	0	0	33	4975	/data/opengwasdb/metabolome-plasma-2023/releases/2023-chen-full-south-asian/filtered/GCST90203438_GCST90203438.filtered.tsv.gz	139180	sha256	3cc95d68e3c008afcbaf1df41edda039705f8afb3f5efcff2d33c97e33d0a1ad	4.7	11.4	16
GCST90203439	ok	""	1	0	http://ftp.ebi.ac.uk/pub/databases/gwas/summary_statistics/GCST90203001-GCST90204000/GCST90203439/harmonised/GCST90203439.h.tsv.gz	86416874	4272989	5014	0.001173	0	0	0	16	4998	/data/opengwasdb/metabolome-plasma-2023/releases/2023-chen-full-south-asian/filtered/GCST90203439_GCST90203439.filtered.tsv.gz	140004	sha256	f03953bd4d64f9ffbc5ca9c454a74b136060169758878b2a77ef7a8caaa8571e	5.3	11.2	16.5
GCST90203440	ok	""	1	0	http://ftp.ebi.ac.uk/pub/databases/gwas/summary_statistics/GCST90203001-GCST90204000/GCST90203440/harmonised/GCST90203440.h.tsv.gz	90557516	4363806	5191	0.00119	0	0	0	23	5168	/data/opengwasdb/metabolome-plasma-2023/releases/2023-chen-full-south-asian/filtered/GCST90203440_GCST90203440.filtered.tsv.gz	144311	sha256	4268c2705558290a6bdd01b5da6fc85e3d7fa351fa19f269b17e88a75f27a255	4	11.1	15.1
GCST90203441	ok	""	1	0	http://ftp.ebi.ac.uk/pub/databases/gwas/summary_statistics/GCST90203001-GCST90204000/GCST90203441/harmonised/GCST90203441.h.tsv.gz	90499257	4255885	10055	0.002363	0	1	5070	19	4970	/data/opengwasdb/metabolome-plasma-2023/releases/2023-chen-full-south-asian/filtered/GCST90203441_GCST90203441.filtered.tsv.gz	245880	sha256	4b9f8464033342acf4a32563aa2d224bd90e47b9da8a55b5f25b400ec6a567cc	5.8	11.5	17.3
GCST90203442	ok	""	1	0	http://ftp.ebi.ac.uk/pub/databases/gwas/summary_statistics/GCST90203001-GCST90204000/GCST90203442/harmonised/GCST90203442.h.tsv.gz	90902112	4276512	5020	0.001174	0	0	0	16	5004	/data/opengwasdb/metabolome-plasma-2023/releases/2023-chen-full-south-asian/filtered/GCST90203442_GCST90203442.filtered.tsv.gz	140482	sha256	175625485cfc7edd922a0e53a738814f06e3e15e80cbb98474c7608db3f874aa	5.7	11.5	17.2
GCST90203443	ok	""	1	0	http://ftp.ebi.ac.uk/pub/databases/gwas/summary_statistics/GCST90203001-GCST90204000/GCST90203443/harmonised/GCST90203443.h.tsv.gz	85033673	4291129	5054	0.001178	0	0	0	19	5035	/data/opengwasdb/metabolome-plasma-2023/releases/2023-chen-full-south-asian/filtered/GCST90203443_GCST90203443.filtered.tsv.gz	140899	sha256	ed217fcf48a7ac5757e4b67f55a4a0f24f8d11c3eae3e61289ca9f9c5308de53	6.1	10.1	16.1
GCST90203444	ok	""	1	0	http://ftp.ebi.ac.uk/pub/databases/gwas/summary_statistics/GCST90203001-GCST90204000/GCST90203444/harmonised/GCST90203444.h.tsv.gz	81010149	4207752	7858	0.001868	0	1	2905	31	4925	/data/opengwasdb/metabolome-plasma-2023/releases/2023-chen-full-south-asian/filtered/GCST90203444_GCST90203444.filtered.tsv.gz	192565	sha256	3a3540fd435b1df0ee2ceda97dc96c76e303b545d70f710edf819bfcb57cc8b9	5.5	11.5	16.9
GCST90203445	ok	""	1	0	http://ftp.ebi.ac.uk/pub/databases/gwas/summary_statistics/GCST90203001-GCST90204000/GCST90203445/harmonised/GCST90203445.h.tsv.gz	86510153	4275627	5024	0.001175	0	0	0	19	5005	/data/opengwasdb/metabolome-plasma-2023/releases/2023-chen-full-south-asian/filtered/GCST90203445_GCST90203445.filtered.tsv.gz	140431	sha256	7f0b520baccd31dc02da7cad38eba99ab8b1dfb8e6aa9f012043b21476dcf2a6	5.8	11.3	17
GCST90203446	ok	""	1	0	http://ftp.ebi.ac.uk/pub/databases/gwas/summary_statistics/GCST90203001-GCST90204000/GCST90203446/harmonised/GCST90203446.h.tsv.gz	92516228	4365327	10433	0.00239	0	1	5280	20	5140	/data/opengwasdb/metabolome-plasma-2023/releases/2023-chen-full-south-asian/filtered/GCST90203446_GCST90203446.filtered.tsv.gz	246011	sha256	d2e68edcb92ea5962eaa628f25bcc432eebe398240581ab33814170fa44fc8f4	6.5	11.4	17.9
GCST90203447	ok	""	1	0	http://ftp.ebi.ac.uk/pub/databases/gwas/summary_statistics/GCST90203001-GCST90204000/GCST90203447/harmonised/GCST90203447.h.tsv.gz	86951435	4310124	5069	0.001176	0	0	0	14	5055	/data/opengwasdb/metabolome-plasma-2023/releases/2023-chen-full-south-asian/filtered/GCST90203447_GCST90203447.filtered.tsv.gz	141281	sha256	291e2048b5ca593760c6109b008f74ef63148ea64128aaefd538e952ba86df31	6	10.2	16.3
GCST90203448	ok	""	1	0	http://ftp.ebi.ac.uk/pub/databases/gwas/summary_statistics/GCST90203001-GCST90204000/GCST90203448/harmonised/GCST90203448.h.tsv.gz	86661862	4288053	5057	0.001179	0	0	0	36	5021	/data/opengwasdb/metabolome-plasma-2023/releases/2023-chen-full-south-asian/filtered/GCST90203448_GCST90203448.filtered.tsv.gz	141265	sha256	d4bae4b41ca7b3cb705937ba98ae10ce631034a8c284bf718d8ef072f211ebd5	5.5	10.8	16.3
GCST90203449	ok	""	1	0	http://ftp.ebi.ac.uk/pub/databases/gwas/summary_statistics/GCST90203001-GCST90204000/GCST90203449/harmonised/GCST90203449.h.tsv.gz	87464902	4330784	8690	0.002007	0	1	3584	18	5094	/data/opengwasdb/metabolome-plasma-2023/releases/2023-chen-full-south-asian/filtered/GCST90203449_GCST90203449.filtered.tsv.gz	211590	sha256	8f81821ecb439afc3f232dc048603c8ebdb742ec65562b6cffbfd4f174d37188	6.2	11.2	17.4
GCST90203450	ok	""	1	0	http://ftp.ebi.ac.uk/pub/databases/gwas/summary_statistics/GCST90203001-GCST90204000/GCST90203450/harmonised/GCST90203450.h.tsv.gz	92152628	4344764	5138	0.001183	0	0	0	24	5114	/data/opengwasdb/metabolome-plasma-2023/releases/2023-chen-full-south-asian/filtered/GCST90203450_GCST90203450.filtered.tsv.gz	143443	sha256	0fdbad030e0e31adda6f3a7c4b8666327f3dd29dd1f34d7cd551c6745d375b34	5.7	10.1	15.8
GCST90203451	ok	""	1	0	http://ftp.ebi.ac.uk/pub/databases/gwas/summary_statistics/GCST90203001-GCST90204000/GCST90203451/harmonised/GCST90203451.h.tsv.gz	86153427	4255885	8650	0.002032	0	1	3662	23	4970	/data/opengwasdb/metabolome-plasma-2023/releases/2023-chen-full-south-asian/filtered/GCST90203451_GCST90203451.filtered.tsv.gz	212710	sha256	0d54b561951ff5be26f6465966a1bd0f84f64f587e32579d4988a5eeef8bb783	6.1	10.7	16.8
GCST90203452	ok	""	1	0	http://ftp.ebi.ac.uk/pub/databases/gwas/summary_statistics/GCST90203001-GCST90204000/GCST90203452/harmonised/GCST90203452.h.tsv.gz	90499009	4255885	4985	0.001171	0	0	0	15	4970	/data/opengwasdb/metabolome-plasma-2023/releases/2023-chen-full-south-asian/filtered/GCST90203452_GCST90203452.filtered.tsv.gz	139414	sha256	6f09019f22f56cc549f4405269a38160a1a3bc598876b1fb06c7294c6b9b1887	6.5	11.5	17.9
GCST90203453	ok	""	1	0	http://ftp.ebi.ac.uk/pub/databases/gwas/summary_statistics/GCST90203001-GCST90204000/GCST90203453/harmonised/GCST90203453.h.tsv.gz	89178822	4279928	7419	0.001733	0	1	2364	24	5036	/data/opengwasdb/metabolome-plasma-2023/releases/2023-chen-full-south-asian/filtered/GCST90203453_GCST90203453.filtered.tsv.gz	190599	sha256	e13a6fad4ec4247585e438bb47bba749123981883a8acb7760051dd4593b4ada	6.4	11.8	18.2
GCST90203454	ok	""	1	0	http://ftp.ebi.ac.uk/pub/databases/gwas/summary_statistics/GCST90203001-GCST90204000/GCST90203454/harmonised/GCST90203454.h.tsv.gz	86147503	4255885	7367	0.001731	0	1	2381	20	4970	/data/opengwasdb/metabolome-plasma-2023/releases/2023-chen-full-south-asian/filtered/GCST90203454_GCST90203454.filtered.tsv.gz	187705	sha256	5dbe2036d66ca742c85069323389723656332c2515c7f9c8d02c963a34e2167a	5.6	11.2	16.8
GCST90203455	ok	""	1	0	http://ftp.ebi.ac.uk/pub/databases/gwas/summary_statistics/GCST90203001-GCST90204000/GCST90203455/harmonised/GCST90203455.h.tsv.gz	87241357	4235901	4984	0.001177	0	0	0	30	4954	/data/opengwasdb/metabolome-plasma-2023/releases/2023-chen-full-south-asian/filtered/GCST90203455_GCST90203455.filtered.tsv.gz	138707	sha256	ccdc159c72bbcfcd2155df2f890572eabd521b65524d50f0172b582d740d9e6d	5.3	11.6	16.9
GCST90203456	ok	""	1	0	http://ftp.ebi.ac.uk/pub/databases/gwas/summary_statistics/GCST90203001-GCST90204000/GCST90203456/harmonised/GCST90203456.h.tsv.gz	86318321	4305768	8310	0.00193	0	1	3237	16	5060	/data/opengwasdb/metabolome-plasma-2023/releases/2023-chen-full-south-asian/filtered/GCST90203456_GCST90203456.filtered.tsv.gz	208160	sha256	72340997249b1c9fc387dcde60109b90d2da8afda334a6a4887dcc8551a74060	5.3	11.1	16.4
GCST90203457	ok	""	1	0	http://ftp.ebi.ac.uk/pub/databases/gwas/summary_statistics/GCST90203001-GCST90204000/GCST90203457/harmonised/GCST90203457.h.tsv.gz	86490680	4276475	5026	0.001175	0	0	0	23	5003	/data/opengwasdb/metabolome-plasma-2023/releases/2023-chen-full-south-asian/filtered/GCST90203457_GCST90203457.filtered.tsv.gz	140509	sha256	81ab7b6e5dc277a59f98080bf4eea814a4c82af687d6b75d27acabe284155d83	6	11.9	17.8
GCST90203458	ok	""	1	0	http://ftp.ebi.ac.uk/pub/databases/gwas/summary_statistics/GCST90203001-GCST90204000/GCST90203458/harmonised/GCST90203458.h.tsv.gz	87249579	4358559	16484	0.003782	0	2	11349	15	5129	/data/opengwasdb/metabolome-plasma-2023/releases/2023-chen-full-south-asian/filtered/GCST90203458_GCST90203458.filtered.tsv.gz	381133	sha256	9c0900b73e82faeee4dd3c3ef626a501601435c67c7b8c97ba106a934c61a709	5.7	10.2	15.9
GCST90203459	ok	""	1	0	http://ftp.ebi.ac.uk/pub/databases/gwas/summary_statistics/GCST90203001-GCST90204000/GCST90203459/harmonised/GCST90203459.h.tsv.gz	86569199	4199867	7748	0.001845	0	1	2817	24	4911	/data/opengwasdb/metabolome-plasma-2023/releases/2023-chen-full-south-asian/filtered/GCST90203459_GCST90203459.filtered.tsv.gz	192700	sha256	fec1bb72ffabd0c013515ea4091736b5d0c8e7779a30a749455aa7e198e2b492	4.6	11.7	16.3
GCST90203460	ok	""	1	0	http://ftp.ebi.ac.uk/pub/databases/gwas/summary_statistics/GCST90203001-GCST90204000/GCST90203460/harmonised/GCST90203460.h.tsv.gz	89639684	4308003	9670	0.002245	0	1	4612	23	5037	/data/opengwasdb/metabolome-plasma-2023/releases/2023-chen-full-south-asian/filtered/GCST90203460_GCST90203460.filtered.tsv.gz	236731	sha256	8d0c8ee085b867979e9e911d2c3be8e83ae6b124cb869457acd43cd264bced6b	6	11.9	17.9
GCST90203461	ok	""	1	0	http://ftp.ebi.ac.uk/pub/databases/gwas/summary_statistics/GCST90203001-GCST90204000/GCST90203461/harmonised/GCST90203461.h.tsv.gz	86137652	4248900	10171	0.002394	0	1	5139	48	4986	/data/opengwasdb/metabolome-plasma-2023/releases/2023-chen-full-south-asian/filtered/GCST90203461_GCST90203461.filtered.tsv.gz	238054	sha256	fdbc43e313171d41153ba325964b62844c365b163537c416368af04d212e0757	5.7	11.6	17.2
GCST90203462	ok	""	1	0	http://ftp.ebi.ac.uk/pub/databases/gwas/summary_statistics/GCST90203001-GCST90204000/GCST90203462/harmonised/GCST90203462.h.tsv.gz	90514872	4255885	4990	0.001172	0	0	0	20	4970	/data/opengwasdb/metabolome-plasma-2023/releases/2023-chen-full-south-asian/filtered/GCST90203462_GCST90203462.filtered.tsv.gz	139495	sha256	d3ff55f003707f0afa25d8b2a027131460de9ca53a10ffdb93ff19cd970ad3c6	6.5	9.8	16.2
GCST90203463	ok	""	1	0	http://ftp.ebi.ac.uk/pub/databases/gwas/summary_statistics/GCST90203001-GCST90204000/GCST90203463/harmonised/GCST90203463.h.tsv.gz	86136703	4255885	4988	0.001172	0	0	0	18	4970	/data/opengwasdb/metabolome-plasma-2023/releases/2023-chen-full-south-asian/filtered/GCST90203463_GCST90203463.filtered.tsv.gz	139390	sha256	1c76281ebd103f99451960c7cc9528f373a3d0a5da3c903717c753c14146a4e1	5.7	11.5	17.3
GCST90203464	ok	""	1	0	http://ftp.ebi.ac.uk/pub/databases/gwas/summary_statistics/GCST90203001-GCST90204000/GCST90203464/harmonised/GCST90203464.h.tsv.gz	90510291	4255885	4991	0.001173	0	0	0	21	4970	/data/opengwasdb/metabolome-plasma-2023/releases/2023-chen-full-south-asian/filtered/GCST90203464_GCST90203464.filtered.tsv.gz	139493	sha256	76883c87b8791fdec77ab24f5ef429fd0a84f28cd6679ed3312e706ea8102e95	6.1	11.2	17.4
GCST90203465	ok	""	1	0	http://ftp.ebi.ac.uk/pub/databases/gwas/summary_statistics/GCST90203001-GCST90204000/GCST90203465/harmonised/GCST90203465.h.tsv.gz	90508820	4255885	4988	0.001172	0	0	0	18	4970	/data/opengwasdb/metabolome-plasma-2023/releases/2023-chen-full-south-asian/filtered/GCST90203465_GCST90203465.filtered.tsv.gz	139424	sha256	f04bbc494b65303a2d26566eed05f1f6f2de42f01265ed9a7fa662880f0eaecc	5.7	11.8	17.5
GCST90203466	ok	""	1	0	http://ftp.ebi.ac.uk/pub/databases/gwas/summary_statistics/GCST90203001-GCST90204000/GCST90203466/harmonised/GCST90203466.h.tsv.gz	90866228	4276475	8315	0.001944	0	1	3297	17	5003	/data/opengwasdb/metabolome-plasma-2023/releases/2023-chen-full-south-asian/filtered/GCST90203466_GCST90203466.filtered.tsv.gz	203299	sha256	94c5cd6ed404e87174f63babd84e37a657d1b676090db8260e6b227f43905bf9	5.9	12.6	18.4
GCST90203467	ok	""	1	0	http://ftp.ebi.ac.uk/pub/databases/gwas/summary_statistics/GCST90203001-GCST90204000/GCST90203467/harmonised/GCST90203467.h.tsv.gz	90521609	4255885	4999	0.001175	0	0	0	29	4970	/data/opengwasdb/metabolome-plasma-2023/releases/2023-chen-full-south-asian/filtered/GCST90203467_GCST90203467.filtered.tsv.gz	139763	sha256	2fe8b2b81ebe76c203d06e840298ba700fa19e525ba5f611905693789dfb56c7	5.6	11.1	16.7
GCST90203468	ok	""	1	0	http://ftp.ebi.ac.uk/pub/databases/gwas/summary_statistics/GCST90203001-GCST90204000/GCST90203468/harmonised/GCST90203468.h.tsv.gz	90478987	4255885	4993	0.001173	0	0	0	23	4970	/data/opengwasdb/metabolome-plasma-2023/releases/2023-chen-full-south-asian/filtered/GCST90203468_GCST90203468.filtered.tsv.gz	139657	sha256	052a471f1a85cb6362be5841fba17d4a5d9692d916d7612887ec7caeb75fa161	7.3	11.2	18.6
GCST90203469	ok	""	1	0	http://ftp.ebi.ac.uk/pub/databases/gwas/summary_statistics/GCST90203001-GCST90204000/GCST90203469/harmonised/GCST90203469.h.tsv.gz	86962700	4308081	5091	0.001182	0	0	0	25	5066	/data/opengwasdb/metabolome-plasma-2023/releases/2023-chen-full-south-asian/filtered/GCST90203469_GCST90203469.filtered.tsv.gz	141992	sha256	b5c3abf85ca1e72f157d22c44083d6917d21ddc32551752eae603676382729cb	6.6	11.7	18.3
GCST90203470	ok	""	1	0	http://ftp.ebi.ac.uk/pub/databases/gwas/summary_statistics/GCST90203001-GCST90204000/GCST90203470/harmonised/GCST90203470.h.tsv.gz	88476013	4400776	5210	0.001184	0	0	0	28	5182	/data/opengwasdb/metabolome-plasma-2023/releases/2023-chen-full-south-asian/filtered/GCST90203470_GCST90203470.filtered.tsv.gz	144734	sha256	f5c010af12422c473c48db4f3084b035f9fbda64f632409367374f67f0ab6617	6.4	11.3	17.7
GCST90203471	ok	""	1	0	http://ftp.ebi.ac.uk/pub/databases/gwas/summary_statistics/GCST90203001-GCST90204000/GCST90203471/harmonised/GCST90203471.h.tsv.gz	87834638	4352997	5170	0.001188	0	0	0	25	5145	/data/opengwasdb/metabolome-plasma-2023/releases/2023-chen-full-south-asian/filtered/GCST90203471_GCST90203471.filtered.tsv.gz	144335	sha256	6fc2c7883d5c446564d915a6d4381e56e22ee5eb371c14f9557428a7df684fae	7.4	11.6	19
GCST90203472	ok	""	1	0	http://ftp.ebi.ac.uk/pub/databases/gwas/summary_statistics/GCST90203001-GCST90204000/GCST90203472/harmonised/GCST90203472.h.tsv.gz	90050149	4269306	9984	0.002339	0	2	4935	30	5024	/data/opengwasdb/metabolome-plasma-2023/releases/2023-chen-full-south-asian/filtered/GCST90203472_GCST90203472.filtered.tsv.gz	240308	sha256	6bfc1d9c3b513d6d7026366908515604137eb86441b58fcfdd32c63a6cc8a008	7.2	11.8	19
GCST90203473	ok	""	1	0	http://ftp.ebi.ac.uk/pub/databases/gwas/summary_statistics/GCST90203001-GCST90204000/GCST90203473/harmonised/GCST90203473.h.tsv.gz	91193921	4295520	5041	0.001174	0	0	0	17	5024	/data/opengwasdb/metabolome-plasma-2023/releases/2023-chen-full-south-asian/filtered/GCST90203473_GCST90203473.filtered.tsv.gz	140843	sha256	0ecb4a2e621064023c23b97c5786609f2ab052422d6f3af76e97a0b854a16120	7.6	11.7	19.4
GCST90203474	ok	""	1	0	http://ftp.ebi.ac.uk/pub/databases/gwas/summary_statistics/GCST90203001-GCST90204000/GCST90203474/harmonised/GCST90203474.h.tsv.gz	90507513	4255885	4983	0.001171	0	0	0	14	4970	/data/opengwasdb/metabolome-plasma-2023/releases/2023-chen-full-south-asian/filtered/GCST90203474_GCST90203474.filtered.tsv.gz	139276	sha256	c78eb8d916a706849ee780fef9c5063d8172f7e58cf6e2c59c6a08e514a5376b	7.4	11.6	19
GCST90203475	ok	""	1	0	http://ftp.ebi.ac.uk/pub/databases/gwas/summary_statistics/GCST90203001-GCST90204000/GCST90203475/harmonised/GCST90203475.h.tsv.gz	79662435	4220584	21678	0.005136	0	4	16643	80	4971	/data/opengwasdb/metabolome-plasma-2023/releases/2023-chen-full-south-asian/filtered/GCST90203475_GCST90203475.filtered.tsv.gz	435171	sha256	e1ef5539be08a989d09b9374c8b12bb613882fc6b4e4644358324b96f48cea02	5.7	11.5	17.1
GCST90203476	ok	""	1	0	http://ftp.ebi.ac.uk/pub/databases/gwas/summary_statistics/GCST90203001-GCST90204000/GCST90203476/harmonised/GCST90203476.h.tsv.gz	86663123	4281197	5045	0.001178	0	0	0	24	5021	/data/opengwasdb/metabolome-plasma-2023/releases/2023-chen-full-south-asian/filtered/GCST90203476_GCST90203476.filtered.tsv.gz	141200	sha256	dc8ead82c824c98a549044fb5cb1536f0793e21fd656d796da0ca5a04e93642a	5.4	11.8	17.2
GCST90203477	ok	""	1	0	http://ftp.ebi.ac.uk/pub/databases/gwas/summary_statistics/GCST90203001-GCST90204000/GCST90203477/harmonised/GCST90203477.h.tsv.gz	90517552	4255885	20635	0.004849	0	4	15661	20	4970	/data/opengwasdb/metabolome-plasma-2023/releases/2023-chen-full-south-asian/filtered/GCST90203477_GCST90203477.filtered.tsv.gz	431362	sha256	ba0bd180a1a91cab34237d2b676b82e699a9e7c46c629e6ab2c89887c2690599	6.5	12.3	18.9
GCST90203478	ok	""	1	0	http://ftp.ebi.ac.uk/pub/databases/gwas/summary_statistics/GCST90203001-GCST90204000/GCST90203478/harmonised/GCST90203478.h.tsv.gz	90524359	4255885	5006	0.001176	0	0	0	36	4970	/data/opengwasdb/metabolome-plasma-2023/releases/2023-chen-full-south-asian/filtered/GCST90203478_GCST90203478.filtered.tsv.gz	139949	sha256	c979f8ba415e25bc2f84e06bf5d7e494e7837b89122c8a85c39bda18695703b9	5.9	10	15.9
GCST90203479	ok	""	1	0	http://ftp.ebi.ac.uk/pub/databases/gwas/summary_statistics/GCST90203001-GCST90204000/GCST90203479/harmonised/GCST90203479.h.tsv.gz	86275211	4303974	5105	0.001186	0	0	0	35	5070	/data/opengwasdb/metabolome-plasma-2023/releases/2023-chen-full-south-asian/filtered/GCST90203479_GCST90203479.filtered.tsv.gz	142771	sha256	1d4608c5aee92b09d4e3e0378701810b5e0cb12c827c85b413b89a6e2c2fa24e	6.2	11.3	17.5
GCST90203480	ok	""	1	0	http://ftp.ebi.ac.uk/pub/databases/gwas/summary_statistics/GCST90203001-GCST90204000/GCST90203480/harmonised/GCST90203480.h.tsv.gz	90937110	4276157	5025	0.001175	0	0	0	21	5004	/data/opengwasdb/metabolome-plasma-2023/releases/2023-chen-full-south-asian/filtered/GCST90203480_GCST90203480.filtered.tsv.gz	140551	sha256	eecc598dc66ae432dc142e41ca6e5a0df30ba1cc873e7168539fda01c368d360	6.7	11.3	17.9
GCST90203481	ok	""	1	0	http://ftp.ebi.ac.uk/pub/databases/gwas/summary_statistics/GCST90203001-GCST90204000/GCST90203481/harmonised/GCST90203481.h.tsv.gz	90524802	4255885	4995	0.001174	0	0	0	25	4970	/data/opengwasdb/metabolome-plasma-2023/releases/2023-chen-full-south-asian/filtered/GCST90203481_GCST90203481.filtered.tsv.gz	139687	sha256	3838938733268f885f81d6afd5b2022ed07c98b2b30069fff6d69570b704a2b2	6.6	11.9	18.4
GCST90203482	ok	""	1	0	http://ftp.ebi.ac.uk/pub/databases/gwas/summary_statistics/GCST90203001-GCST90204000/GCST90203482/harmonised/GCST90203482.h.tsv.gz	86170824	4255885	7741	0.001819	0	1	2755	21	4970	/data/opengwasdb/metabolome-plasma-2023/releases/2023-chen-full-south-asian/filtered/GCST90203482_GCST90203482.filtered.tsv.gz	194266	sha256	edbb9f5d4b3077e7c7e0bea9f401ad124567a37952bcb3670d101cfefb2bf5a1	5.2	11.5	16.7
GCST90203483	ok	""	1	0	http://ftp.ebi.ac.uk/pub/databases/gwas/summary_statistics/GCST90203001-GCST90204000/GCST90203483/harmonised/GCST90203483.h.tsv.gz	90877259	4273650	5021	0.001175	0	0	0	22	4999	/data/opengwasdb/metabolome-plasma-2023/releases/2023-chen-full-south-asian/filtered/GCST90203483_GCST90203483.filtered.tsv.gz	140417	sha256	c035b6691e8cecc5b951d93fbb0bd4cc1cca277f4235934e678b5265648b1d32	6	11.5	17.5
GCST90203484	ok	""	1	0	http://ftp.ebi.ac.uk/pub/databases/gwas/summary_statistics/GCST90203001-GCST90204000/GCST90203484/harmonised/GCST90203484.h.tsv.gz	85942674	4360402	8584	0.001969	0	1	3371	27	5189	/data/opengwasdb/metabolome-plasma-2023/releases/2023-chen-full-south-asian/filtered/GCST90203484_GCST90203484.filtered.tsv.gz	210265	sha256	cec819d446342a5abf54b120db4332f59394508cfbb638b2011912706e5108b7	5.1	10.9	16
GCST90203485	ok	""	1	0	http://ftp.ebi.ac.uk/pub/databases/gwas/summary_statistics/GCST90203001-GCST90204000/GCST90203485/harmonised/GCST90203485.h.tsv.gz	90496541	4255885	12923	0.003037	0	3	7923	40	4970	/data/opengwasdb/metabolome-plasma-2023/releases/2023-chen-full-south-asian/filtered/GCST90203485_GCST90203485.filtered.tsv.gz	298219	sha256	daebfc18ae14df581ada19c5a7ee9b3fcc22e462f99dedb151ca17db44e2f39f	6.4	11.3	17.7
GCST90203486	ok	""	1	0	http://ftp.ebi.ac.uk/pub/databases/gwas/summary_statistics/GCST90203001-GCST90204000/GCST90203486/harmonised/GCST90203486.h.tsv.gz	86140134	4255885	4989	0.001172	0	0	0	19	4970	/data/opengwasdb/metabolome-plasma-2023/releases/2023-chen-full-south-asian/filtered/GCST90203486_GCST90203486.filtered.tsv.gz	139267	sha256	583533ab3fb34972d2b6fcd970153daf6496486c49e8e58140a91a573904bdea	4.2	12.2	16.4
GCST90203487	ok	""	1	0	http://ftp.ebi.ac.uk/pub/databases/gwas/summary_statistics/GCST90203001-GCST90204000/GCST90203487/harmonised/GCST90203487.h.tsv.gz	86167833	4255885	4996	0.001174	0	0	0	26	4970	/data/opengwasdb/metabolome-plasma-2023/releases/2023-chen-full-south-asian/filtered/GCST90203487_GCST90203487.filtered.tsv.gz	139788	sha256	21ce52bdc71cc1fc0593bfcdc130a7cfd32a70498b38b972843308151d63e176	6.2	11.2	17.4
GCST90203488	ok	""	1	0	http://ftp.ebi.ac.uk/pub/databases/gwas/summary_statistics/GCST90203001-GCST90204000/GCST90203488/harmonised/GCST90203488.h.tsv.gz	91176742	4295520	5042	0.001174	0	0	0	18	5024	/data/opengwasdb/metabolome-plasma-2023/releases/2023-chen-full-south-asian/filtered/GCST90203488_GCST90203488.filtered.tsv.gz	140674	sha256	1ef8d6c937555bc51635fb6a04a29dba2c7a190495b14b17ff38ae69dc72cc00	6.1	9.9	16
GCST90203489	ok	""	1	0	http://ftp.ebi.ac.uk/pub/databases/gwas/summary_statistics/GCST90203001-GCST90204000/GCST90203489/harmonised/GCST90203489.h.tsv.gz	90495299	4255885	4988	0.001172	0	0	0	18	4970	/data/opengwasdb/metabolome-plasma-2023/releases/2023-chen-full-south-asian/filtered/GCST90203489_GCST90203489.filtered.tsv.gz	139416	sha256	fc4477ba50348f4aa8a78f6fcefb6547a43437259d54334cc49f19206983c003	6.4	10.1	16.5
GCST90203490	ok	""	1	0	http://ftp.ebi.ac.uk/pub/databases/gwas/summary_statistics/GCST90203001-GCST90204000/GCST90203490/harmonised/GCST90203490.h.tsv.gz	86506147	4276475	5017	0.001173	0	0	0	14	5003	/data/opengwasdb/metabolome-plasma-2023/releases/2023-chen-full-south-asian/filtered/GCST90203490_GCST90203490.filtered.tsv.gz	140300	sha256	a869224ae45a8828d7159b960ca9174a9fe9ec7b679ce9844a2c755b2f983f22	5.7	11.7	17.4
GCST90203491	ok	""	1	0	http://ftp.ebi.ac.uk/pub/databases/gwas/summary_statistics/GCST90203001-GCST90204000/GCST90203491/harmonised/GCST90203491.h.tsv.gz	86607238	4277596	5027	0.001175	0	0	0	15	5012	/data/opengwasdb/metabolome-plasma-2023/releases/2023-chen-full-south-asian/filtered/GCST90203491_GCST90203491.filtered.tsv.gz	140802	sha256	b1859a5552f32543b05030f7620fbe800391dd247dcc6852ddc648514436330c	6.2	11.9	18.1
GCST90203492	ok	""	1	0	http://ftp.ebi.ac.uk/pub/databases/gwas/summary_statistics/GCST90203001-GCST90204000/GCST90203492/harmonised/GCST90203492.h.tsv.gz	86166319	4255885	4989	0.001172	0	0	0	19	4970	/data/opengwasdb/metabolome-plasma-2023/releases/2023-chen-full-south-asian/filtered/GCST90203492_GCST90203492.filtered.tsv.gz	139534	sha256	ce2c2ec6eceaf12bbcebd4ee1d550402f3599caa35a9caeb4780da8c77519110	5.1	11.4	16.5
GCST90203493	ok	""	1	0	http://ftp.ebi.ac.uk/pub/databases/gwas/summary_statistics/GCST90203001-GCST90204000/GCST90203493/harmonised/GCST90203493.h.tsv.gz	91104662	4288705	5048	0.001177	0	0	0	21	5027	/data/opengwasdb/metabolome-plasma-2023/releases/2023-chen-full-south-asian/filtered/GCST90203493_GCST90203493.filtered.tsv.gz	140755	sha256	21dd88bb6709e4331f06da82b29fa174b3990ad0c628ddd0e8bc47f86ec0c39b	4.4	10.9	15.3
GCST90203494	ok	""	1	0	http://ftp.ebi.ac.uk/pub/databases/gwas/summary_statistics/GCST90203001-GCST90204000/GCST90203494/harmonised/GCST90203494.h.tsv.gz	87021846	4310124	5072	0.001177	0	0	0	17	5055	/data/opengwasdb/metabolome-plasma-2023/releases/2023-chen-full-south-asian/filtered/GCST90203494_GCST90203494.filtered.tsv.gz	141370	sha256	198b10acf34fbea419d06ae450bbf3280404e925719f10b8a00b69f579023d5a	6.1	11.3	17.4
GCST90203495	ok	""	1	0	http://ftp.ebi.ac.uk/pub/databases/gwas/summary_statistics/GCST90203001-GCST90204000/GCST90203495/harmonised/GCST90203495.h.tsv.gz	86453976	4273720	5027	0.001176	0	0	0	25	5002	/data/opengwasdb/metabolome-plasma-2023/releases/2023-chen-full-south-asian/filtered/GCST90203495_GCST90203495.filtered.tsv.gz	140487	sha256	7820537c89e9451227d8bd57d26b3504da3c8930a8f2054ddd606462241d47aa	5.3	11.5	16.8
GCST90203496	ok	""	1	0	http://ftp.ebi.ac.uk/pub/databases/gwas/summary_statistics/GCST90203001-GCST90204000/GCST90203496/harmonised/GCST90203496.h.tsv.gz	90824295	4270655	5009	0.001173	0	0	0	19	4990	/data/opengwasdb/metabolome-plasma-2023/releases/2023-chen-full-south-asian/filtered/GCST90203496_GCST90203496.filtered.tsv.gz	140054	sha256	b7fa341695e353bd6cb3c006f343cd33678a46c05bfe08cc1a7903013b8d965b	5.7	10.9	16.6
GCST90203497	ok	""	1	0	http://ftp.ebi.ac.uk/pub/databases/gwas/summary_statistics/GCST90203001-GCST90204000/GCST90203497/harmonised/GCST90203497.h.tsv.gz	86592687	4277596	5031	0.001176	0	0	0	19	5012	/data/opengwasdb/metabolome-plasma-2023/releases/2023-chen-full-south-asian/filtered/GCST90203497_GCST90203497.filtered.tsv.gz	140810	sha256	7183bc78424f4bab8196539a5fc10448dab67dffe29f5e80ad6f39f2a07dac17	6.1	11.4	17.5
GCST90203498	ok	""	1	0	http://ftp.ebi.ac.uk/pub/databases/gwas/summary_statistics/GCST90203001-GCST90204000/GCST90203498/harmonised/GCST90203498.h.tsv.gz	86159757	4255885	4992	0.001173	0	0	0	22	4970	/data/opengwasdb/metabolome-plasma-2023/releases/2023-chen-full-south-asian/filtered/GCST90203498_GCST90203498.filtered.tsv.gz	139500	sha256	a4d7baaa9f33831c9faf15cf8a37c8bbf980497585975295cde9f49fc1830010	5.3	10.4	15.7
GCST90203499	ok	""	1	0	http://ftp.ebi.ac.uk/pub/databases/gwas/summary_statistics/GCST90203001-GCST90204000/GCST90203499/harmonised/GCST90203499.h.tsv.gz	90505812	4255885	4987	0.001172	0	0	0	18	4970	/data/opengwasdb/metabolome-plasma-2023/releases/2023-chen-full-south-asian/filtered/GCST90203499_GCST90203499.filtered.tsv.gz	139345	sha256	09de4f8bf711839daf912813c8aa8dec6632352f0a498843623738ce777ac630	6.1	11.3	17.4
GCST90203500	ok	""	1	0	http://ftp.ebi.ac.uk/pub/databases/gwas/summary_statistics/GCST90203001-GCST90204000/GCST90203500/harmonised/GCST90203500.h.tsv.gz	86121572	4255885	4988	0.001172	0	0	0	19	4970	/data/opengwasdb/metabolome-plasma-2023/releases/2023-chen-full-south-asian/filtered/GCST90203500_GCST90203500.filtered.tsv.gz	139518	sha256	fdb34f5c7cfe38faddbe212ef5b6e653ad86a12449daf8283c942a11038d40ac	5.4	11.6	17
GCST90203501	ok	""	1	0	http://ftp.ebi.ac.uk/pub/databases/gwas/summary_statistics/GCST90203001-GCST90204000/GCST90203501/harmonised/GCST90203501.h.tsv.gz	90513989	4255885	4987	0.001172	0	0	0	17	4970	/data/opengwasdb/metabolome-plasma-2023/releases/2023-chen-full-south-asian/filtered/GCST90203501_GCST90203501.filtered.tsv.gz	139379	sha256	a1bb3cd1c05fbee5e0189ea32b2711276f2c155c2d1289534057f85fbab958b5	6.5	12.7	19.1
GCST90203502	ok	""	1	0	http://ftp.ebi.ac.uk/pub/databases/gwas/summary_statistics/GCST90203001-GCST90204000/GCST90203502/harmonised/GCST90203502.h.tsv.gz	90860390	4272989	5014	0.001173	0	0	0	16	4998	/data/opengwasdb/metabolome-plasma-2023/releases/2023-chen-full-south-asian/filtered/GCST90203502_GCST90203502.filtered.tsv.gz	140170	sha256	ab2df3087f4c8aa04ab29bd19e1ef71bb143edef301934db3f5ad7eebe52d80a	5.6	11	16.6
GCST90203503	ok	""	1	0	http://ftp.ebi.ac.uk/pub/databases/gwas/summary_statistics/GCST90203001-GCST90204000/GCST90203503/harmonised/GCST90203503.h.tsv.gz	86544493	4276157	5016	0.001173	0	0	0	12	5004	/data/opengwasdb/metabolome-plasma-2023/releases/2023-chen-full-south-asian/filtered/GCST90203503_GCST90203503.filtered.tsv.gz	140302	sha256	06c31a71d7a2a9d97b5e86b67aef88b9fa1021337fae049af43b031ece9d4e60	6.4	11.3	17.7
GCST90203504	ok	""	1	0	http://ftp.ebi.ac.uk/pub/databases/gwas/summary_statistics/GCST90203001-GCST90204000/GCST90203504/harmonised/GCST90203504.h.tsv.gz	90506290	4255885	4985	0.001171	0	0	0	16	4970	/data/opengwasdb/metabolome-plasma-2023/releases/2023-chen-full-south-asian/filtered/GCST90203504_GCST90203504.filtered.tsv.gz	139322	sha256	2214e5d4f5acdb14c96c2c19421fb8e67b74c95914722240f0f9a69e74a22657	4.2	11.8	16
GCST90203505	ok	""	1	0	http://ftp.ebi.ac.uk/pub/databases/gwas/summary_statistics/GCST90203001-GCST90204000/GCST90203505/harmonised/GCST90203505.h.tsv.gz	90500544	4255885	5001	0.001175	0	0	0	31	4970	/data/opengwasdb/metabolome-plasma-2023/releases/2023-chen-full-south-asian/filtered/GCST90203505_GCST90203505.filtered.tsv.gz	139946	sha256	c8309804d9294e742dd81cfd13469877f605a79d58a1985c48a3f50042ad14af	5.2	10.9	16.1
GCST90203506	ok	""	1	0	http://ftp.ebi.ac.uk/pub/databases/gwas/summary_statistics/GCST90203001-GCST90204000/GCST90203506/harmonised/GCST90203506.h.tsv.gz	90848036	4274596	5014	0.001173	0	0	0	23	4991	/data/opengwasdb/metabolome-plasma-2023/releases/2023-chen-full-south-asian/filtered/GCST90203506_GCST90203506.filtered.tsv.gz	140146	sha256	6b518bf029f2a915f0b374052955d42e633b0a13abc80c6cb219e705f3b1a531	5.4	11.6	17
GCST90203507	ok	""	1	0	http://ftp.ebi.ac.uk/pub/databases/gwas/summary_statistics/GCST90203001-GCST90204000/GCST90203507/harmonised/GCST90203507.h.tsv.gz	92486819	4361845	5155	0.001182	0	0	0	26	5129	/data/opengwasdb/metabolome-plasma-2023/releases/2023-chen-full-south-asian/filtered/GCST90203507_GCST90203507.filtered.tsv.gz	143819	sha256	3cc7ede82e378bf1837a71e2e2e441c648327e2a69300b9fd7b7239dab776ecc	6	10.8	16.8
GCST90203508	ok	""	1	0	http://ftp.ebi.ac.uk/pub/databases/gwas/summary_statistics/GCST90203001-GCST90204000/GCST90203508/harmonised/GCST90203508.h.tsv.gz	87869279	4282962	5047	0.001178	0	0	0	28	5019	/data/opengwasdb/metabolome-plasma-2023/releases/2023-chen-full-south-asian/filtered/GCST90203508_GCST90203508.filtered.tsv.gz	139877	sha256	a1c4317ce50e61cdd333c523b3215db228988e9c35ba819400588b342f1d22f7	6.1	11.3	17.4
GCST90203509	ok	""	1	0	http://ftp.ebi.ac.uk/pub/databases/gwas/summary_statistics/GCST90203001-GCST90204000/GCST90203509/harmonised/GCST90203509.h.tsv.gz	90506814	4255885	4991	0.001173	0	0	0	21	4970	/data/opengwasdb/metabolome-plasma-2023/releases/2023-chen-full-south-asian/filtered/GCST90203509_GCST90203509.filtered.tsv.gz	139540	sha256	4c246125b85fe31ac8c39ee78a300826e5ca469ceb2a47078963482ea2416024	5.4	11.9	17.3
GCST90203510	ok	""	1	0	http://ftp.ebi.ac.uk/pub/databases/gwas/summary_statistics/GCST90203001-GCST90204000/GCST90203510/harmonised/GCST90203510.h.tsv.gz	86256418	4261425	5008	0.001175	0	0	0	22	4986	/data/opengwasdb/metabolome-plasma-2023/releases/2023-chen-full-south-asian/filtered/GCST90203510_GCST90203510.filtered.tsv.gz	140004	sha256	3f98ef115c8cc60d2326155493f115ac2b8ccc55496deb4a6834fe26007c27ca	8.6	10.8	19.3
GCST90203511	ok	""	1	0	http://ftp.ebi.ac.uk/pub/databases/gwas/summary_statistics/GCST90203001-GCST90204000/GCST90203511/harmonised/GCST90203511.h.tsv.gz	86552048	4276475	7683	0.001797	0	1	2670	15	5003	/data/opengwasdb/metabolome-plasma-2023/releases/2023-chen-full-south-asian/filtered/GCST90203511_GCST90203511.filtered.tsv.gz	193674	sha256	a646003f2f5bccf6c6f5e0740141c77140af1b95ac1828cd4b1898095030ccae	5.6	11.4	17
GCST90203512	ok	""	1	0	http://ftp.ebi.ac.uk/pub/databases/gwas/summary_statistics/GCST90203001-GCST90204000/GCST90203512/harmonised/GCST90203512.h.tsv.gz	90915249	4276157	5026	0.001175	0	0	0	22	5004	/data/opengwasdb/metabolome-plasma-2023/releases/2023-chen-full-south-asian/filtered/GCST90203512_GCST90203512.filtered.tsv.gz	140633	sha256	f31a0dd57babe3742d5ac338d47b66e5a044a82630bf9525e298ce75b040b765	5.6	10.7	16.3
GCST90203513	ok	""	1	0	http://ftp.ebi.ac.uk/pub/databases/gwas/summary_statistics/GCST90203001-GCST90204000/GCST90203513/harmonised/GCST90203513.h.tsv.gz	86827973	4296132	8474	0.001972	0	1	3426	19	5034	/data/opengwasdb/metabolome-plasma-2023/releases/2023-chen-full-south-asian/filtered/GCST90203513_GCST90203513.filtered.tsv.gz	209957	sha256	6c610ddcdbc0b7ec5c9e2eb0281830ecff14372789040ce039ed6b814e48e666	3.4	12.5	16
GCST90203514	ok	""	1	0	http://ftp.ebi.ac.uk/pub/databases/gwas/summary_statistics/GCST90203001-GCST90204000/GCST90203514/harmonised/GCST90203514.h.tsv.gz	85839721	4231418	8910	0.002106	0	1	3917	26	4970	/data/opengwasdb/metabolome-plasma-2023/releases/2023-chen-full-south-asian/filtered/GCST90203514_GCST90203514.filtered.tsv.gz	213956	sha256	78681215f787045fe4a696d9d95a58a70061ab50f850f0aa66508967029f2ffb	6	11.5	17.5
GCST90203515	ok	""	1	0	http://ftp.ebi.ac.uk/pub/databases/gwas/summary_statistics/GCST90203001-GCST90204000/GCST90203515/harmonised/GCST90203515.h.tsv.gz	86284090	4261425	5007	0.001175	0	0	0	21	4986	/data/opengwasdb/metabolome-plasma-2023/releases/2023-chen-full-south-asian/filtered/GCST90203515_GCST90203515.filtered.tsv.gz	140106	sha256	32af0ee7f1d8c5f38e4b17706b005625007a5070442bfe4a62176a90538235e0	6.3	9.9	16.2
GCST90203516	ok	""	1	0	http://ftp.ebi.ac.uk/pub/databases/gwas/summary_statistics/GCST90203001-GCST90204000/GCST90203516/harmonised/GCST90203516.h.tsv.gz	90516289	4255885	4986	0.001172	0	0	0	16	4970	/data/opengwasdb/metabolome-plasma-2023/releases/2023-chen-full-south-asian/filtered/GCST90203516_GCST90203516.filtered.tsv.gz	139490	sha256	b152e8eac50de19e4c1992e4d49fd454df5ab89a29bb75e4742382b68caf0dc9	5.6	9.8	15.4
GCST90203517	ok	""	1	0	http://ftp.ebi.ac.uk/pub/databases/gwas/summary_statistics/GCST90203001-GCST90204000/GCST90203517/harmonised/GCST90203517.h.tsv.gz	90883657	4274252	5018	0.001174	0	0	0	17	5001	/data/opengwasdb/metabolome-plasma-2023/releases/2023-chen-full-south-asian/filtered/GCST90203517_GCST90203517.filtered.tsv.gz	140240	sha256	8332b348fbecee5b68b0ec689cbf19d78ff5b24f56252adbab8524cdd695a2dc	5.5	11.8	17.4
GCST90203518	ok	""	1	0	http://ftp.ebi.ac.uk/pub/databases/gwas/summary_statistics/GCST90203001-GCST90204000/GCST90203518/harmonised/GCST90203518.h.tsv.gz	86302796	4261425	8054	0.00189	0	1	3058	12	4986	/data/opengwasdb/metabolome-plasma-2023/releases/2023-chen-full-south-asian/filtered/GCST90203518_GCST90203518.filtered.tsv.gz	203945	sha256	562a7ce63ed8409b8fbbaa10fc30e592940d2f2b39f0d93dd4eb6763cb780036	6.3	11.6	17.9
GCST90203519	ok	""	1	0	http://ftp.ebi.ac.uk/pub/databases/gwas/summary_statistics/GCST90203001-GCST90204000/GCST90203519/harmonised/GCST90203519.h.tsv.gz	90500476	4255885	4994	0.001173	0	0	0	24	4970	/data/opengwasdb/metabolome-plasma-2023/releases/2023-chen-full-south-asian/filtered/GCST90203519_GCST90203519.filtered.tsv.gz	139636	sha256	5f20f23479d24773e54dd1ed132d042279e212fdad36b5825d3597c76064dad3	5.3	11.5	16.8
GCST90203520	ok	""	1	0	http://ftp.ebi.ac.uk/pub/databases/gwas/summary_statistics/GCST90203001-GCST90204000/GCST90203520/harmonised/GCST90203520.h.tsv.gz	86288842	4261425	11390	0.002673	0	2	6386	24	4986	/data/opengwasdb/metabolome-plasma-2023/releases/2023-chen-full-south-asian/filtered/GCST90203520_GCST90203520.filtered.tsv.gz	255212	sha256	333cafac84cc9b926dea32d0645bfdd5136a50319f8cbf79373998c2243120d2	6.1	10.8	16.9
GCST90203521	ok	""	1	0	http://ftp.ebi.ac.uk/pub/databases/gwas/summary_statistics/GCST90203001-GCST90204000/GCST90203521/harmonised/GCST90203521.h.tsv.gz	90519685	4255885	15325	0.003601	0	3	10342	22	4970	/data/opengwasdb/metabolome-plasma-2023/releases/2023-chen-full-south-asian/filtered/GCST90203521_GCST90203521.filtered.tsv.gz	336079	sha256	8db24b031125b11f1dfb5b6a7b4c65a813403a512feb15da66a6e11d3322be2a	4.6	11.5	16.1
GCST90203522	ok	""	1	0	http://ftp.ebi.ac.uk/pub/databases/gwas/summary_statistics/GCST90203001-GCST90204000/GCST90203522/harmonised/GCST90203522.h.tsv.gz	91870777	4329290	5092	0.001176	0	0	0	16	5077	/data/opengwasdb/metabolome-plasma-2023/releases/2023-chen-full-south-asian/filtered/GCST90203522_GCST90203522.filtered.tsv.gz	142103	sha256	2e3766cc9b4bdf72d4a0d7eaf103fb09d61eb6503ae633b73bc9a5fb27537212	5.6	12	17.6
GCST90203523	ok	""	1	0	http://ftp.ebi.ac.uk/pub/databases/gwas/summary_statistics/GCST90203001-GCST90204000/GCST90203523/harmonised/GCST90203523.h.tsv.gz	86126599	4255885	4980	0.00117	0	0	0	10	4970	/data/opengwasdb/metabolome-plasma-2023/releases/2023-chen-full-south-asian/filtered/GCST90203523_GCST90203523.filtered.tsv.gz	139080	sha256	fac34c994d212030f7729e16f33904eb8dacd727f9a22c9868dedfac18f069d5	6.1	11.7	17.8
GCST90203524	ok	""	1	0	http://ftp.ebi.ac.uk/pub/databases/gwas/summary_statistics/GCST90203001-GCST90204000/GCST90203524/harmonised/GCST90203524.h.tsv.gz	90279458	4290299	5071	0.001182	0	0	0	24	5047	/data/opengwasdb/metabolome-plasma-2023/releases/2023-chen-full-south-asian/filtered/GCST90203524_GCST90203524.filtered.tsv.gz	141696	sha256	04327dee729119e870ab22fc43bbf07c3436ff71701f22502b03f1619b0eba2c	5.6	9.9	15.5
GCST90203525	ok	""	1	0	http://ftp.ebi.ac.uk/pub/databases/gwas/summary_statistics/GCST90203001-GCST90204000/GCST90203525/harmonised/GCST90203525.h.tsv.gz	90667437	4271030	10859	0.002542	0	2	5846	20	4999	/data/opengwasdb/metabolome-plasma-2023/releases/2023-chen-full-south-asian/filtered/GCST90203525_GCST90203525.filtered.tsv.gz	258348	sha256	d20d56349ebfcfed7b692d3ed9be69894c9bcace8c3422d53805f3016665dbc9	6.7	10.7	17.4
GCST90203526	ok	""	1	0	http://ftp.ebi.ac.uk/pub/databases/gwas/summary_statistics/GCST90203001-GCST90204000/GCST90203526/harmonised/GCST90203526.h.tsv.gz	87834734	4348529	5154	0.001185	0	0	0	18	5136	/data/opengwasdb/metabolome-plasma-2023/releases/2023-chen-full-south-asian/filtered/GCST90203526_GCST90203526.filtered.tsv.gz	144032	sha256	15bc62aba3120084a92cfa1627a9ff802591040ee77654d4fd84f2db558b1f2c	6.3	11.1	17.4
GCST90203527	ok	""	1	0	http://ftp.ebi.ac.uk/pub/databases/gwas/summary_statistics/GCST90203001-GCST90204000/GCST90203527/harmonised/GCST90203527.h.tsv.gz	90819688	4270746	5014	0.001174	0	0	0	21	4993	/data/opengwasdb/metabolome-plasma-2023/releases/2023-chen-full-south-asian/filtered/GCST90203527_GCST90203527.filtered.tsv.gz	140334	sha256	00313b5da4e6a84e2e625061fd8197a1c85fc41db6f092cf3ab922546e3062f4	6.4	11.3	17.6
GCST90203528	ok	""	1	0	http://ftp.ebi.ac.uk/pub/databases/gwas/summary_statistics/GCST90203001-GCST90204000/GCST90203528/harmonised/GCST90203528.h.tsv.gz	91812746	4326624	5128	0.001185	0	0	0	22	5106	/data/opengwasdb/metabolome-plasma-2023/releases/2023-chen-full-south-asian/filtered/GCST90203528_GCST90203528.filtered.tsv.gz	143167	sha256	5c454f865e3f70e09a3812e60441c70a89a5fc4996aeffbcee5d6c9268764e49	7.4	11.3	18.7
GCST90203529	ok	""	1	0	http://ftp.ebi.ac.uk/pub/databases/gwas/summary_statistics/GCST90203001-GCST90204000/GCST90203529/harmonised/GCST90203529.h.tsv.gz	87372813	4252751	5002	0.001176	0	0	0	21	4981	/data/opengwasdb/metabolome-plasma-2023/releases/2023-chen-full-south-asian/filtered/GCST90203529_GCST90203529.filtered.tsv.gz	139182	sha256	ba48905fd8828bb68cd6c4cf758f566645f507b0f4a6f88e9e75a45bc746cee8	6.8	11	17.8
GCST90203530	ok	""	1	0	http://ftp.ebi.ac.uk/pub/databases/gwas/summary_statistics/GCST90203001-GCST90204000/GCST90203530/harmonised/GCST90203530.h.tsv.gz	90888585	4276157	5031	0.001177	0	0	0	27	5004	/data/opengwasdb/metabolome-plasma-2023/releases/2023-chen-full-south-asian/filtered/GCST90203530_GCST90203530.filtered.tsv.gz	140748	sha256	d5dd6e22e52ab6e9affe20a8b354940442f1823b12cb8f9609a423b2b38c244b	7.6	11.6	19.2
GCST90203531	ok	""	1	0	http://ftp.ebi.ac.uk/pub/databases/gwas/summary_statistics/GCST90203001-GCST90204000/GCST90203531/harmonised/GCST90203531.h.tsv.gz	92853147	4383085	5180	0.001182	0	0	0	32	5148	/data/opengwasdb/metabolome-plasma-2023/releases/2023-chen-full-south-asian/filtered/GCST90203531_GCST90203531.filtered.tsv.gz	144298	sha256	09a76ad342fc5cb8b6ecb9eea8cffb0e7f90975ac54de431f1efeee8fa4d0cdd	7.7	11.1	18.8
GCST90203532	ok	""	1	0	http://ftp.ebi.ac.uk/pub/databases/gwas/summary_statistics/GCST90203001-GCST90204000/GCST90203532/harmonised/GCST90203532.h.tsv.gz	82149904	4196707	4917	0.001172	0	0	0	26	4891	/data/opengwasdb/metabolome-plasma-2023/releases/2023-chen-full-south-asian/filtered/GCST90203532_GCST90203532.filtered.tsv.gz	136938	sha256	7eeb65a30d3f2b35e2d01b6ea230130d987a02d8aaf55d42e5210549dbc3c5bf	7.3	10.7	17.9
GCST90203533	ok	""	1	0	http://ftp.ebi.ac.uk/pub/databases/gwas/summary_statistics/GCST90203001-GCST90204000/GCST90203533/harmonised/GCST90203533.h.tsv.gz	86896861	4342588	5122	0.001179	0	0	0	33	5089	/data/opengwasdb/metabolome-plasma-2023/releases/2023-chen-full-south-asian/filtered/GCST90203533_GCST90203533.filtered.tsv.gz	143160	sha256	df4c6cc0764a9dc1ecbec8fa85e8a7db20e8f49b223cd3fd41c0ab2c1f955d66	6.9	10.6	17.5
GCST90203534	ok	""	1	0	http://ftp.ebi.ac.uk/pub/databases/gwas/summary_statistics/GCST90203001-GCST90204000/GCST90203534/harmonised/GCST90203534.h.tsv.gz	91614676	4321460	11667	0.0027	0	2	6577	29	5072	/data/opengwasdb/metabolome-plasma-2023/releases/2023-chen-full-south-asian/filtered/GCST90203534_GCST90203534.filtered.tsv.gz	274230	sha256	ce9684817f91bdc83ac44ecc22a0b4de3ef2795bef9f2857a47df4505a9408bc	7.3	12.1	19.5
GCST90203535	ok	""	1	0	http://ftp.ebi.ac.uk/pub/databases/gwas/summary_statistics/GCST90203001-GCST90204000/GCST90203535/harmonised/GCST90203535.h.tsv.gz	92416769	4358703	7573	0.001737	0	1	2418	26	5133	/data/opengwasdb/metabolome-plasma-2023/releases/2023-chen-full-south-asian/filtered/GCST90203535_GCST90203535.filtered.tsv.gz	191935	sha256	ed77cd4edb5de41732e97c54376f3e93b4536dfeeaad8607acf51849aa178b12	6.9	11.4	18.3
GCST90203536	ok	""	1	0	http://ftp.ebi.ac.uk/pub/databases/gwas/summary_statistics/GCST90203001-GCST90204000/GCST90203536/harmonised/GCST90203536.h.tsv.gz	93122389	4405183	5216	0.001184	0	0	0	16	5200	/data/opengwasdb/metabolome-plasma-2023/releases/2023-chen-full-south-asian/filtered/GCST90203536_GCST90203536.filtered.tsv.gz	144940	sha256	1693517a0932d0d212223e1095ea39aaaa7b1ccdcda8c69461c8de50ac44b9ef	7.9	10.1	18
GCST90203537	ok	""	1	0	http://ftp.ebi.ac.uk/pub/databases/gwas/summary_statistics/GCST90203001-GCST90204000/GCST90203537/harmonised/GCST90203537.h.tsv.gz	90520724	4255885	7298	0.001715	0	1	2309	23	4970	/data/opengwasdb/metabolome-plasma-2023/releases/2023-chen-full-south-asian/filtered/GCST90203537_GCST90203537.filtered.tsv.gz	185316	sha256	ab1747f69b8e3c5aa3118a64c43d5361a92a17a63449e743b2af0ac1e98e9b13	7.9	10	17.9
GCST90203538	ok	""	1	0	http://ftp.ebi.ac.uk/pub/databases/gwas/summary_statistics/GCST90203001-GCST90204000/GCST90203538/harmonised/GCST90203538.h.tsv.gz	86689351	4288510	5045	0.001176	0	0	0	19	5026	/data/opengwasdb/metabolome-plasma-2023/releases/2023-chen-full-south-asian/filtered/GCST90203538_GCST90203538.filtered.tsv.gz	140778	sha256	90ec5b8a8ba9509e06deaabe8e1c46b51101f763a3f77771bc8afa7b39c01a1e	8.7	11.6	20.3
GCST90203539	ok	""	1	0	http://ftp.ebi.ac.uk/pub/databases/gwas/summary_statistics/GCST90203001-GCST90204000/GCST90203539/harmonised/GCST90203539.h.tsv.gz	91824567	4325373	5111	0.001182	0	0	0	25	5086	/data/opengwasdb/metabolome-plasma-2023/releases/2023-chen-full-south-asian/filtered/GCST90203539_GCST90203539.filtered.tsv.gz	142744	sha256	e52f8e41f13cc34b5261dbef5719751285f8f829542760cb7f9af0198140ac8c	9.1	10.2	19.3
GCST90203540	ok	""	1	0	http://ftp.ebi.ac.uk/pub/databases/gwas/summary_statistics/GCST90203001-GCST90204000/GCST90203540/harmonised/GCST90203540.h.tsv.gz	91451382	4312054	5085	0.001179	0	0	0	21	5064	/data/opengwasdb/metabolome-plasma-2023/releases/2023-chen-full-south-asian/filtered/GCST90203540_GCST90203540.filtered.tsv.gz	141698	sha256	88f696e59348b6b45c86d76c800c33725fcc815f72e2913818f63433e8af5986	9.1	11.3	20.4
GCST90203541	ok	""	1	0	http://ftp.ebi.ac.uk/pub/databases/gwas/summary_statistics/GCST90203001-GCST90204000/GCST90203541/harmonised/GCST90203541.h.tsv.gz	86159291	4255885	4993	0.001173	0	0	0	23	4970	/data/opengwasdb/metabolome-plasma-2023/releases/2023-chen-full-south-asian/filtered/GCST90203541_GCST90203541.filtered.tsv.gz	139849	sha256	bcdd9e66cd2958f0edda681dde535a95ca3728136cf79097d1a4e54e17554821	7.4	9.5	16.9
GCST90203542	ok	""	1	0	http://ftp.ebi.ac.uk/pub/databases/gwas/summary_statistics/GCST90203001-GCST90204000/GCST90203542/harmonised/GCST90203542.h.tsv.gz	86826519	4297059	5053	0.001176	0	0	0	19	5034	/data/opengwasdb/metabolome-plasma-2023/releases/2023-chen-full-south-asian/filtered/GCST90203542_GCST90203542.filtered.tsv.gz	141162	sha256	021b3cae52ab60f9c448f4f5c7ded1baa9b3ae31e922dfcd8e98cef1ef79b18f	8.2	10.7	18.9
GCST90203543	ok	""	1	0	http://ftp.ebi.ac.uk/pub/databases/gwas/summary_statistics/GCST90203001-GCST90204000/GCST90203543/harmonised/GCST90203543.h.tsv.gz	90867316	4275673	9754	0.002281	0	1	4731	26	5003	/data/opengwasdb/metabolome-plasma-2023/releases/2023-chen-full-south-asian/filtered/GCST90203543_GCST90203543.filtered.tsv.gz	222348	sha256	ec7b965efd7ecdd48cba6d159707bf6d4b0b0156c3b8f266029b79255a43e1a4	9.2	11.3	20.6
GCST90203544	ok	""	1	0	http://ftp.ebi.ac.uk/pub/databases/gwas/summary_statistics/GCST90203001-GCST90204000/GCST90203544/harmonised/GCST90203544.h.tsv.gz	92853533	4389919	7869	0.001793	0	1	2668	15	5191	/data/opengwasdb/metabolome-plasma-2023/releases/2023-chen-full-south-asian/filtered/GCST90203544_GCST90203544.filtered.tsv.gz	198828	sha256	a661d3999bc4e721a64b09e8a994c5700c90f847ea339640091cb70c20dede77	9.2	11.6	20.9
GCST90203545	ok	""	1	0	http://ftp.ebi.ac.uk/pub/databases/gwas/summary_statistics/GCST90203001-GCST90204000/GCST90203545/harmonised/GCST90203545.h.tsv.gz	84449667	4202445	4917	0.00117	0	0	0	21	4896	/data/opengwasdb/metabolome-plasma-2023/releases/2023-chen-full-south-asian/filtered/GCST90203545_GCST90203545.filtered.tsv.gz	137758	sha256	76cc6a5dcbbe2df383d7e679034f29c0ee2e1afe49b6e257190639538698bb31	8.8	11.3	20
GCST90203546	ok	""	1	0	http://ftp.ebi.ac.uk/pub/databases/gwas/summary_statistics/GCST90203001-GCST90204000/GCST90203546/harmonised/GCST90203546.h.tsv.gz	86527186	4275487	5027	0.001176	0	0	0	20	5007	/data/opengwasdb/metabolome-plasma-2023/releases/2023-chen-full-south-asian/filtered/GCST90203546_GCST90203546.filtered.tsv.gz	140701	sha256	d08868582e101276fee3f8568b41aa3bab62350a405d54c5939c1a5d4833b12d	8.6	11.6	20.2
GCST90203547	ok	""	1	0	http://ftp.ebi.ac.uk/pub/databases/gwas/summary_statistics/GCST90203001-GCST90204000/GCST90203547/harmonised/GCST90203547.h.tsv.gz	92478524	4364006	5164	0.001183	0	0	0	19	5145	/data/opengwasdb/metabolome-plasma-2023/releases/2023-chen-full-south-asian/filtered/GCST90203547_GCST90203547.filtered.tsv.gz	144142	sha256	51e6b497c08ddef03cb5e113e4d38abb46d2aa67ec3fbf2245b4a90bafea42da	9.6	10.5	20.2
GCST90203548	ok	""	1	0	http://ftp.ebi.ac.uk/pub/databases/gwas/summary_statistics/GCST90203001-GCST90204000/GCST90203548/harmonised/GCST90203548.h.tsv.gz	86134577	4255885	4988	0.001172	0	0	0	18	4970	/data/opengwasdb/metabolome-plasma-2023/releases/2023-chen-full-south-asian/filtered/GCST90203548_GCST90203548.filtered.tsv.gz	139317	sha256	fa8c5611b321d8f89c8704dbf253d44f87263cbe525384773d285d12bf24a6d4	8.4	11.5	19.9
GCST90203549	ok	""	1	0	http://ftp.ebi.ac.uk/pub/databases/gwas/summary_statistics/GCST90203001-GCST90204000/GCST90203549/harmonised/GCST90203549.h.tsv.gz	92541613	4366216	5166	0.001183	0	0	0	16	5150	/data/opengwasdb/metabolome-plasma-2023/releases/2023-chen-full-south-asian/filtered/GCST90203549_GCST90203549.filtered.tsv.gz	144070	sha256	cd157a8d6145f3efbebfe33306d2d71942190c43f19769371050ae15de039eb1	8.6	11.4	19.9
GCST90203550	ok	""	1	0	http://ftp.ebi.ac.uk/pub/databases/gwas/summary_statistics/GCST90203001-GCST90204000/GCST90203550/harmonised/GCST90203550.h.tsv.gz	88097569	4368413	5163	0.001182	0	0	0	19	5144	/data/opengwasdb/metabolome-plasma-2023/releases/2023-chen-full-south-asian/filtered/GCST90203550_GCST90203550.filtered.tsv.gz	143966	sha256	a2ea1c8c13ba656c3fe6556dc1c139a09aca58f3f8800b2ec7b9d29a2130fd5a	6.9	11	17.8
GCST90203551	ok	""	1	0	http://ftp.ebi.ac.uk/pub/databases/gwas/summary_statistics/GCST90203001-GCST90204000/GCST90203551/harmonised/GCST90203551.h.tsv.gz	90872281	4273720	5025	0.001176	0	0	0	23	5002	/data/opengwasdb/metabolome-plasma-2023/releases/2023-chen-full-south-asian/filtered/GCST90203551_GCST90203551.filtered.tsv.gz	140492	sha256	4eb41a659b4da355e24da37e19e583aa78a7b02fefbcab49b80c622afe04242e	7	10.1	17.1
GCST90203552	ok	""	1	0	http://ftp.ebi.ac.uk/pub/databases/gwas/summary_statistics/GCST90203001-GCST90204000/GCST90203552/harmonised/GCST90203552.h.tsv.gz	80268675	4160281	4864	0.001169	0	0	0	23	4841	/data/opengwasdb/metabolome-plasma-2023/releases/2023-chen-full-south-asian/filtered/GCST90203552_GCST90203552.filtered.tsv.gz	135222	sha256	dca0e9d8082dabd30f8294fc5ab0b75da4a51d14dcb3713ad3b9dc3f9c7c3eb6	6.6	10	16.6
GCST90203553	ok	""	1	0	http://ftp.ebi.ac.uk/pub/databases/gwas/summary_statistics/GCST90203001-GCST90204000/GCST90203553/harmonised/GCST90203553.h.tsv.gz	83959581	4220795	4996	0.001184	0	0	0	31	4965	/data/opengwasdb/metabolome-plasma-2023/releases/2023-chen-full-south-asian/filtered/GCST90203553_GCST90203553.filtered.tsv.gz	138319	sha256	f7cef735e406e5cab2ee03fbde165c5f1d286a3334e0c44aecbd48ef54a2fe51	6.8	11.1	17.9
GCST90203554	ok	""	1	0	http://ftp.ebi.ac.uk/pub/databases/gwas/summary_statistics/GCST90203001-GCST90204000/GCST90203554/harmonised/GCST90203554.h.tsv.gz	90889206	4274596	8073	0.001889	0	1	3067	19	4991	/data/opengwasdb/metabolome-plasma-2023/releases/2023-chen-full-south-asian/filtered/GCST90203554_GCST90203554.filtered.tsv.gz	200205	sha256	f5690eae8b5a9fc174dd1109de341c9e881425fe1f8d92d857a8bf0e14b108e7	4.8	11.5	16.2
GCST90203555	ok	""	1	0	http://ftp.ebi.ac.uk/pub/databases/gwas/summary_statistics/GCST90203001-GCST90204000/GCST90203555/harmonised/GCST90203555.h.tsv.gz	86528583	4207767	8421	0.002001	0	1	3507	22	4898	/data/opengwasdb/metabolome-plasma-2023/releases/2023-chen-full-south-asian/filtered/GCST90203555_GCST90203555.filtered.tsv.gz	205223	sha256	303a2b525b1162fefafd96ee4ab92003d437fd6abd59f98ab9add4dfdb49eb2d	4.9	11.4	16.3
GCST90203556	ok	""	1	0	http://ftp.ebi.ac.uk/pub/databases/gwas/summary_statistics/GCST90203001-GCST90204000/GCST90203556/harmonised/GCST90203556.h.tsv.gz	88909610	4266734	9529	0.002233	0	1	4505	21	5007	/data/opengwasdb/metabolome-plasma-2023/releases/2023-chen-full-south-asian/filtered/GCST90203556_GCST90203556.filtered.tsv.gz	228056	sha256	c288c1645000d41d1ca948e4290ad22d13f053972faa89a606cdc6249e0a0b20	6.1	10	16.1
GCST90203557	ok	""	1	0	http://ftp.ebi.ac.uk/pub/databases/gwas/summary_statistics/GCST90203001-GCST90204000/GCST90203557/harmonised/GCST90203557.h.tsv.gz	90225308	4344675	5156	0.001187	0	0	0	26	5130	/data/opengwasdb/metabolome-plasma-2023/releases/2023-chen-full-south-asian/filtered/GCST90203557_GCST90203557.filtered.tsv.gz	143626	sha256	e2389d9a22346c820d9fe8cde591591c7c4cc44bf7e14a8b86398036637414c7	5.5	10.7	16.2
GCST90203558	ok	""	1	0	http://ftp.ebi.ac.uk/pub/databases/gwas/summary_statistics/GCST90203001-GCST90204000/GCST90203558/harmonised/GCST90203558.h.tsv.gz	86526721	4276475	5019	0.001174	0	0	0	16	5003	/data/opengwasdb/metabolome-plasma-2023/releases/2023-chen-full-south-asian/filtered/GCST90203558_GCST90203558.filtered.tsv.gz	140450	sha256	6bfcf12f9d4ea72a2ecac05c3527942f7d58185d51cd12bcbd0f2e5065911dce	5	11.5	16.5
GCST90203559	ok	""	1	0	http://ftp.ebi.ac.uk/pub/databases/gwas/summary_statistics/GCST90203001-GCST90204000/GCST90203559/harmonised/GCST90203559.h.tsv.gz	90830936	4276475	5015	0.001173	0	0	0	12	5003	/data/opengwasdb/metabolome-plasma-2023/releases/2023-chen-full-south-asian/filtered/GCST90203559_GCST90203559.filtered.tsv.gz	140100	sha256	3a667f6d27c930bf6a411a2a5d2feafc099ac7773122adb280a0960bf0a71a04	5.7	11.8	17.5
GCST90203560	ok	""	1	0	http://ftp.ebi.ac.uk/pub/databases/gwas/summary_statistics/GCST90203001-GCST90204000/GCST90203560/harmonised/GCST90203560.h.tsv.gz	90876680	4274252	5021	0.001175	0	0	0	20	5001	/data/opengwasdb/metabolome-plasma-2023/releases/2023-chen-full-south-asian/filtered/GCST90203560_GCST90203560.filtered.tsv.gz	140368	sha256	a5c8240ddebf044d8c138d7727f1fef1bd24607aaefde096a61e462e79ba3c67	5.5	10.9	16.3
GCST90203561	ok	""	1	0	http://ftp.ebi.ac.uk/pub/databases/gwas/summary_statistics/GCST90203001-GCST90204000/GCST90203561/harmonised/GCST90203561.h.tsv.gz	88661508	4397462	8557	0.001946	0	1	3334	25	5203	/data/opengwasdb/metabolome-plasma-2023/releases/2023-chen-full-south-asian/filtered/GCST90203561_GCST90203561.filtered.tsv.gz	208115	sha256	41197c3a97ff75e1e369f88b7f0fa2cc8be5774eb314f66c276e9345eca08f99	6.4	10.1	16.5
GCST90203562	ok	""	1	0	http://ftp.ebi.ac.uk/pub/databases/gwas/summary_statistics/GCST90203001-GCST90204000/GCST90203562/harmonised/GCST90203562.h.tsv.gz	91427720	4310124	5077	0.001178	0	0	0	22	5055	/data/opengwasdb/metabolome-plasma-2023/releases/2023-chen-full-south-asian/filtered/GCST90203562_GCST90203562.filtered.tsv.gz	141567	sha256	6ab38e79ee9ea61dac1f74e78e6076efc08fc304be035dd0eaea18d0879df362	6.6	10.8	17.4
GCST90203563	ok	""	1	0	http://ftp.ebi.ac.uk/pub/databases/gwas/summary_statistics/GCST90203001-GCST90204000/GCST90203563/harmonised/GCST90203563.h.tsv.gz	91189360	4294376	5065	0.001179	0	0	0	35	5030	/data/opengwasdb/metabolome-plasma-2023/releases/2023-chen-full-south-asian/filtered/GCST90203563_GCST90203563.filtered.tsv.gz	141603	sha256	73fc7ddfb52568d93ca490452f03a3537dc314d4bd1682b78b0a026ed0e3e9be	6.5	12	18.6
GCST90203564	ok	""	1	0	http://ftp.ebi.ac.uk/pub/databases/gwas/summary_statistics/GCST90203001-GCST90204000/GCST90203564/harmonised/GCST90203564.h.tsv.gz	91884995	4338124	8181	0.001886	0	1	3050	20	5112	/data/opengwasdb/metabolome-plasma-2023/releases/2023-chen-full-south-asian/filtered/GCST90203564_GCST90203564.filtered.tsv.gz	201189	sha256	c1626ba85e35455c76eba19b58097e637fae34df0dd33040ffecc50d9e8da154	6.6	12.1	18.7
GCST90203565	ok	""	1	0	http://ftp.ebi.ac.uk/pub/databases/gwas/summary_statistics/GCST90203001-GCST90204000/GCST90203565/harmonised/GCST90203565.h.tsv.gz	85332792	4387157	5205	0.001186	0	0	0	24	5181	/data/opengwasdb/metabolome-plasma-2023/releases/2023-chen-full-south-asian/filtered/GCST90203565_GCST90203565.filtered.tsv.gz	144548	sha256	b48b20f21fd8b3f4d3cd773e5bdae8fcca5298875794236fec2e7ad89a183339	6.3	10.7	17
GCST90203566	ok	""	1	0	http://ftp.ebi.ac.uk/pub/databases/gwas/summary_statistics/GCST90203001-GCST90204000/GCST90203566/harmonised/GCST90203566.h.tsv.gz	90466982	4255885	4987	0.001172	0	0	0	17	4970	/data/opengwasdb/metabolome-plasma-2023/releases/2023-chen-full-south-asian/filtered/GCST90203566_GCST90203566.filtered.tsv.gz	139459	sha256	87295ed48aab15c97d9cba67708a3d4034803340f9babd85349fd0582a86ebb4	6.6	10.9	17.5
GCST90203567	ok	""	1	0	http://ftp.ebi.ac.uk/pub/databases/gwas/summary_statistics/GCST90203001-GCST90204000/GCST90203567/harmonised/GCST90203567.h.tsv.gz	90472620	4255885	4999	0.001175	0	0	0	29	4970	/data/opengwasdb/metabolome-plasma-2023/releases/2023-chen-full-south-asian/filtered/GCST90203567_GCST90203567.filtered.tsv.gz	139867	sha256	039e742485d905339c9b731d678b31dd256c925f84b3b8c324169df213baf6db	6.6	11	17.6
GCST90203568	ok	""	1	0	http://ftp.ebi.ac.uk/pub/databases/gwas/summary_statistics/GCST90203001-GCST90204000/GCST90203568/harmonised/GCST90203568.h.tsv.gz	90800263	4273650	5026	0.001176	0	0	0	27	4999	/data/opengwasdb/metabolome-plasma-2023/releases/2023-chen-full-south-asian/filtered/GCST90203568_GCST90203568.filtered.tsv.gz	140525	sha256	198d60c18be8ca9cfc883370f2520cf431aff532efa91054185d1ab975ca0884	6.5	11.4	17.8
GCST90203569	ok	""	1	0	http://ftp.ebi.ac.uk/pub/databases/gwas/summary_statistics/GCST90203001-GCST90204000/GCST90203569/harmonised/GCST90203569.h.tsv.gz	86617353	4279293	5045	0.001179	0	0	0	27	5018	/data/opengwasdb/metabolome-plasma-2023/releases/2023-chen-full-south-asian/filtered/GCST90203569_GCST90203569.filtered.tsv.gz	141168	sha256	8a927584846a71e0960f68a88f36c9891a6e7e28f9433a43989fa8d15e35cdb0	6.4	11.1	17.5
GCST90203570	ok	""	1	0	http://ftp.ebi.ac.uk/pub/databases/gwas/summary_statistics/GCST90203001-GCST90204000/GCST90203570/harmonised/GCST90203570.h.tsv.gz	87541572	4378271	5166	0.00118	0	0	0	33	5133	/data/opengwasdb/metabolome-plasma-2023/releases/2023-chen-full-south-asian/filtered/GCST90203570_GCST90203570.filtered.tsv.gz	144353	sha256	9ccfc2f77e91ab7f422c049fcfc13d5bc10530164793e643ba3f34cf85f4ce81	5.9	11.1	16.9
GCST90203571	ok	""	1	0	http://ftp.ebi.ac.uk/pub/databases/gwas/summary_statistics/GCST90203001-GCST90204000/GCST90203571/harmonised/GCST90203571.h.tsv.gz	89727750	4251747	4983	0.001172	0	0	0	22	4961	/data/opengwasdb/metabolome-plasma-2023/releases/2023-chen-full-south-asian/filtered/GCST90203571_GCST90203571.filtered.tsv.gz	139499	sha256	1ed9bd7af3732490b3517ffc081fd39ac585af8acc6363b6f1a67bc0bac61ccd	6.5	11	17.5
GCST90203572	ok	""	1	0	http://ftp.ebi.ac.uk/pub/databases/gwas/summary_statistics/GCST90203001-GCST90204000/GCST90203572/harmonised/GCST90203572.h.tsv.gz	90927828	4276475	5019	0.001174	0	0	0	16	5003	/data/opengwasdb/metabolome-plasma-2023/releases/2023-chen-full-south-asian/filtered/GCST90203572_GCST90203572.filtered.tsv.gz	140355	sha256	58fca6a67b68292a59bcd26e0af89b33d79f31c003e12e2bea605d82244af50a	4.3	11.2	15.5
GCST90203573	ok	""	1	0	http://ftp.ebi.ac.uk/pub/databases/gwas/summary_statistics/GCST90203001-GCST90204000/GCST90203573/harmonised/GCST90203573.h.tsv.gz	93146296	4405269	5237	0.001189	0	0	0	29	5208	/data/opengwasdb/metabolome-plasma-2023/releases/2023-chen-full-south-asian/filtered/GCST90203573_GCST90203573.filtered.tsv.gz	145660	sha256	fd2869a8d351dc4729689db087f124125df342b3f5c416958337558198dc8e4f	6.7	10	16.7
GCST90203574	ok	""	1	0	http://ftp.ebi.ac.uk/pub/databases/gwas/summary_statistics/GCST90203001-GCST90204000/GCST90203574/harmonised/GCST90203574.h.tsv.gz	90886694	4274596	5003	0.00117	0	0	0	12	4991	/data/opengwasdb/metabolome-plasma-2023/releases/2023-chen-full-south-asian/filtered/GCST90203574_GCST90203574.filtered.tsv.gz	139808	sha256	c007bd4c1401a22f3757ad58da205c7edb0097f80c4993a10be5439cc80843cf	5.4	10.8	16.2
GCST90203575	ok	""	1	0	http://ftp.ebi.ac.uk/pub/databases/gwas/summary_statistics/GCST90203001-GCST90204000/GCST90203575/harmonised/GCST90203575.h.tsv.gz	90701876	4376452	8340	0.001906	0	1	3139	36	5170	/data/opengwasdb/metabolome-plasma-2023/releases/2023-chen-full-south-asian/filtered/GCST90203575_GCST90203575.filtered.tsv.gz	204300	sha256	c4985b5da4295366ffce2e4fcb1e7cde4c0037a9a1c7e041f8d727301bf59333	5.7	11.4	17.2
GCST90203576	ok	""	1	0	http://ftp.ebi.ac.uk/pub/databases/gwas/summary_statistics/GCST90203001-GCST90204000/GCST90203576/harmonised/GCST90203576.h.tsv.gz	91165794	4293432	7708	0.001795	0	1	2658	21	5033	/data/opengwasdb/metabolome-plasma-2023/releases/2023-chen-full-south-asian/filtered/GCST90203576_GCST90203576.filtered.tsv.gz	198129	sha256	6cc0b873dd31e19401a134140408c50ed4a6a8e084064e463d2ac113d809902b	5.5	11.1	16.6
GCST90203577	ok	""	1	0	http://ftp.ebi.ac.uk/pub/databases/gwas/summary_statistics/GCST90203001-GCST90204000/GCST90203577/harmonised/GCST90203577.h.tsv.gz	92554980	4365847	5147	0.001179	0	0	0	16	5131	/data/opengwasdb/metabolome-plasma-2023/releases/2023-chen-full-south-asian/filtered/GCST90203577_GCST90203577.filtered.tsv.gz	143579	sha256	335da9af05004ad7c700789c0346e688d9abad7ab9eb43e94821ec80327751f2	6.2	10.8	16.9
GCST90203578	ok	""	1	0	http://ftp.ebi.ac.uk/pub/databases/gwas/summary_statistics/GCST90203001-GCST90204000/GCST90203578/harmonised/GCST90203578.h.tsv.gz	91226983	4295572	5052	0.001176	0	0	0	19	5033	/data/opengwasdb/metabolome-plasma-2023/releases/2023-chen-full-south-asian/filtered/GCST90203578_GCST90203578.filtered.tsv.gz	141059	sha256	157b7e658e72531f6cf641d0dc597ba546362e9ff975a61754ce70e2031a6b90	5.6	10.9	16.5
GCST90203579	ok	""	1	0	http://ftp.ebi.ac.uk/pub/databases/gwas/summary_statistics/GCST90203001-GCST90204000/GCST90203579/harmonised/GCST90203579.h.tsv.gz	86251810	4261425	4999	0.001173	0	0	0	13	4986	/data/opengwasdb/metabolome-plasma-2023/releases/2023-chen-full-south-asian/filtered/GCST90203579_GCST90203579.filtered.tsv.gz	139855	sha256	a667934b4b112f973a7e4dd4b1505bd9ae814bcbe901e58d814ffa8f9d17b464	4.9	9.9	14.9
GCST90203580	ok	""	1	0	http://ftp.ebi.ac.uk/pub/databases/gwas/summary_statistics/GCST90203001-GCST90204000/GCST90203580/harmonised/GCST90203580.h.tsv.gz	86865521	4295683	5077	0.001182	0	0	0	24	5053	/data/opengwasdb/metabolome-plasma-2023/releases/2023-chen-full-south-asian/filtered/GCST90203580_GCST90203580.filtered.tsv.gz	141856	sha256	d95bfbc05e8536d928303757e1ae681d9f1582e898d8e09354aa072c84db608d	3.8	11.4	15.2
GCST90203581	ok	""	1	0	http://ftp.ebi.ac.uk/pub/databases/gwas/summary_statistics/GCST90203001-GCST90204000/GCST90203581/harmonised/GCST90203581.h.tsv.gz	90520465	4255885	9168	0.002154	0	1	4169	32	4970	/data/opengwasdb/metabolome-plasma-2023/releases/2023-chen-full-south-asian/filtered/GCST90203581_GCST90203581.filtered.tsv.gz	216296	sha256	d8c44197f624a7cf8f3f50ec4dc28c53d14aa33e87a720438fa04cbef9c2209f	3.8	11.5	15.4
GCST90203582	ok	""	1	0	http://ftp.ebi.ac.uk/pub/databases/gwas/summary_statistics/GCST90203001-GCST90204000/GCST90203582/harmonised/GCST90203582.h.tsv.gz	82094313	4286489	5046	0.001177	0	0	0	22	5024	/data/opengwasdb/metabolome-plasma-2023/releases/2023-chen-full-south-asian/filtered/GCST90203582_GCST90203582.filtered.tsv.gz	139585	sha256	77ce94fdb2d80cdecc550d09214ff1282c4a3e57b67b36bac8c243aac281a21f	5.6	11.1	16.7
GCST90203583	ok	""	1	0	http://ftp.ebi.ac.uk/pub/databases/gwas/summary_statistics/GCST90203001-GCST90204000/GCST90203583/harmonised/GCST90203583.h.tsv.gz	85488928	4261229	4993	0.001172	0	0	0	20	4973	/data/opengwasdb/metabolome-plasma-2023/releases/2023-chen-full-south-asian/filtered/GCST90203583_GCST90203583.filtered.tsv.gz	139652	sha256	c98e28da032f188d54450369aef1613cec4015bf07756128110911deeb86826a	5.3	12.2	17.5
GCST90203584	ok	""	1	0	http://ftp.ebi.ac.uk/pub/databases/gwas/summary_statistics/GCST90203001-GCST90204000/GCST90203584/harmonised/GCST90203584.h.tsv.gz	90481433	4255885	4984	0.001171	0	0	0	14	4970	/data/opengwasdb/metabolome-plasma-2023/releases/2023-chen-full-south-asian/filtered/GCST90203584_GCST90203584.filtered.tsv.gz	139243	sha256	fba44901200af8c0dba0680426a2ae9aa2df0d83de4d733a5ae3d0c2bd9ccf19	5	11.4	16.4
GCST90203585	ok	""	1	0	http://ftp.ebi.ac.uk/pub/databases/gwas/summary_statistics/GCST90203001-GCST90204000/GCST90203585/harmonised/GCST90203585.h.tsv.gz	89195237	4225308	4950	0.001172	0	0	0	17	4933	/data/opengwasdb/metabolome-plasma-2023/releases/2023-chen-full-south-asian/filtered/GCST90203585_GCST90203585.filtered.tsv.gz	138456	sha256	84dc8f50b9b987792646f94b5361db10ce75b073b06b419c95621640c0e58d09	6.2	11.9	18.1
GCST90203586	ok	""	1	0	http://ftp.ebi.ac.uk/pub/databases/gwas/summary_statistics/GCST90203001-GCST90204000/GCST90203586/harmonised/GCST90203586.h.tsv.gz	91888240	4328746	5098	0.001178	0	0	0	16	5082	/data/opengwasdb/metabolome-plasma-2023/releases/2023-chen-full-south-asian/filtered/GCST90203586_GCST90203586.filtered.tsv.gz	142421	sha256	538551f56a5e5edbb035182675c774c8d7b911cb0a402ba991d0e0f5103634a5	5.6	10.6	16.3
GCST90203587	ok	""	1	0	http://ftp.ebi.ac.uk/pub/databases/gwas/summary_statistics/GCST90203001-GCST90204000/GCST90203587/harmonised/GCST90203587.h.tsv.gz	90479570	4255885	8204	0.001928	0	1	3220	18	4970	/data/opengwasdb/metabolome-plasma-2023/releases/2023-chen-full-south-asian/filtered/GCST90203587_GCST90203587.filtered.tsv.gz	198144	sha256	6ebc472c2243e0b9c8e41ffc76b302071122bfab45d686d72ed948d9ebb906ec	6.3	11.3	17.7
GCST90203588	ok	""	1	0	http://ftp.ebi.ac.uk/pub/databases/gwas/summary_statistics/GCST90203001-GCST90204000/GCST90203588/harmonised/GCST90203588.h.tsv.gz	85545005	4325626	5119	0.001183	0	0	0	24	5095	/data/opengwasdb/metabolome-plasma-2023/releases/2023-chen-full-south-asian/filtered/GCST90203588_GCST90203588.filtered.tsv.gz	142840	sha256	b92fd0e3c2f1e61560a20d54a0c95b83df632b666b428a1ed95b77e99ff2a893	6.7	11.5	18.2
GCST90203589	ok	""	1	0	http://ftp.ebi.ac.uk/pub/databases/gwas/summary_statistics/GCST90203001-GCST90204000/GCST90203589/harmonised/GCST90203589.h.tsv.gz	87709097	4345519	5151	0.001185	0	0	0	23	5128	/data/opengwasdb/metabolome-plasma-2023/releases/2023-chen-full-south-asian/filtered/GCST90203589_GCST90203589.filtered.tsv.gz	143839	sha256	dff4bf86a5012c33ac909be89291ae36c864f91559a3a795dfd00e9d454de894	6.8	11.5	18.3
GCST90203590	ok	""	1	0	http://ftp.ebi.ac.uk/pub/databases/gwas/summary_statistics/GCST90203001-GCST90204000/GCST90203590/harmonised/GCST90203590.h.tsv.gz	91094987	4288612	5051	0.001178	0	0	0	19	5032	/data/opengwasdb/metabolome-plasma-2023/releases/2023-chen-full-south-asian/filtered/GCST90203590_GCST90203590.filtered.tsv.gz	141201	sha256	ad352141b8459c1306383b13487fdb7aed94419f849a187f6a43f42a8c337a53	4.8	11.6	16.5
GCST90203591	ok	""	1	0	http://ftp.ebi.ac.uk/pub/databases/gwas/summary_statistics/GCST90203001-GCST90204000/GCST90203591/harmonised/GCST90203591.h.tsv.gz	80594653	4271921	10075	0.002358	0	1	5024	39	5015	/data/opengwasdb/metabolome-plasma-2023/releases/2023-chen-full-south-asian/filtered/GCST90203591_GCST90203591.filtered.tsv.gz	229183	sha256	1bb9f98f6b31afc317ba3cb2a4e13ad43a059393e90b641c970773b39b8ad92c	5.6	9.8	15.4
GCST90203592	ok	""	1	0	http://ftp.ebi.ac.uk/pub/databases/gwas/summary_statistics/GCST90203001-GCST90204000/GCST90203592/harmonised/GCST90203592.h.tsv.gz	86525648	4276475	5029	0.001176	0	0	0	26	5003	/data/opengwasdb/metabolome-plasma-2023/releases/2023-chen-full-south-asian/filtered/GCST90203592_GCST90203592.filtered.tsv.gz	140769	sha256	a6b4b592fd623392f74c0e4e14d56dfe8764625493e313a0b94ef2bbda70ec89	5.9	11.8	17.7
GCST90203593	ok	""	1	0	http://ftp.ebi.ac.uk/pub/databases/gwas/summary_statistics/GCST90203001-GCST90204000/GCST90203593/harmonised/GCST90203593.h.tsv.gz	90969155	4278503	5019	0.001173	0	0	0	14	5005	/data/opengwasdb/metabolome-plasma-2023/releases/2023-chen-full-south-asian/filtered/GCST90203593_GCST90203593.filtered.tsv.gz	140457	sha256	13e99e0ce096d5506105814ebdf09acaad46e05760807c74dd3157f22e215459	6.6	11.3	18
GCST90203594	ok	""	1	0	http://ftp.ebi.ac.uk/pub/databases/gwas/summary_statistics/GCST90203001-GCST90204000/GCST90203594/harmonised/GCST90203594.h.tsv.gz	84639046	4214494	7145	0.001695	0	1	2198	26	4922	/data/opengwasdb/metabolome-plasma-2023/releases/2023-chen-full-south-asian/filtered/GCST90203594_GCST90203594.filtered.tsv.gz	182018	sha256	97b44321ffc8fff8d7c53053e1491c8b1f51ba522715d56079514e30a95251b1	5.4	11.8	17.2
GCST90203595	ok	""	1	0	http://ftp.ebi.ac.uk/pub/databases/gwas/summary_statistics/GCST90203001-GCST90204000/GCST90203595/harmonised/GCST90203595.h.tsv.gz	90867622	4273915	11827	0.002767	0	2	6811	23	5001	/data/opengwasdb/metabolome-plasma-2023/releases/2023-chen-full-south-asian/filtered/GCST90203595_GCST90203595.filtered.tsv.gz	274267	sha256	a0315d9482094ef5595f51648fbd049fe46aef73519e44f9b91399b002561577	5.1	12.1	17.2
GCST90203596	ok	""	1	0	http://ftp.ebi.ac.uk/pub/databases/gwas/summary_statistics/GCST90203001-GCST90204000/GCST90203596/harmonised/GCST90203596.h.tsv.gz	86154156	4255885	6276	0.001475	0	1	1282	26	4970	/data/opengwasdb/metabolome-plasma-2023/releases/2023-chen-full-south-asian/filtered/GCST90203596_GCST90203596.filtered.tsv.gz	166087	sha256	9194a0059e88bd47cc0fd7be85bde8cb9c0c1a5b9f1eb27f6a82652de7fa546a	6.4	11.3	17.7
GCST90203597	ok	""	1	0	http://ftp.ebi.ac.uk/pub/databases/gwas/summary_statistics/GCST90203001-GCST90204000/GCST90203597/harmonised/GCST90203597.h.tsv.gz	86763654	4292098	5035	0.001173	0	0	0	11	5024	/data/opengwasdb/metabolome-plasma-2023/releases/2023-chen-full-south-asian/filtered/GCST90203597_GCST90203597.filtered.tsv.gz	140626	sha256	4e18aede39dace74f3f530548879832a373b668ca4891f676925672b1fd2a7ec	4.1	11.3	15.4
GCST90203598	ok	""	1	0	http://ftp.ebi.ac.uk/pub/databases/gwas/summary_statistics/GCST90203001-GCST90204000/GCST90203598/harmonised/GCST90203598.h.tsv.gz	90844055	4274064	5020	0.001175	0	0	0	17	5003	/data/opengwasdb/metabolome-plasma-2023/releases/2023-chen-full-south-asian/filtered/GCST90203598_GCST90203598.filtered.tsv.gz	140459	sha256	11de6f8b0229c23aeecdc5f8eb9dc58e2003a355a0333dcfc5b003a21ac1adb7	5.2	10.9	16.1
GCST90203599	ok	""	1	0	http://ftp.ebi.ac.uk/pub/databases/gwas/summary_statistics/GCST90203001-GCST90204000/GCST90203599/harmonised/GCST90203599.h.tsv.gz	86545860	4277460	5033	0.001177	0	0	0	24	5009	/data/opengwasdb/metabolome-plasma-2023/releases/2023-chen-full-south-asian/filtered/GCST90203599_GCST90203599.filtered.tsv.gz	140744	sha256	5aa1070c4c36fec233a8b1793080551040df1e72c02e279b240d2bdaa83cab12	5.5	10.7	16.1
GCST90203600	ok	""	1	0	http://ftp.ebi.ac.uk/pub/databases/gwas/summary_statistics/GCST90203001-GCST90204000/GCST90203600/harmonised/GCST90203600.h.tsv.gz	90497440	4365087	5181	0.001187	0	0	0	19	5162	/data/opengwasdb/metabolome-plasma-2023/releases/2023-chen-full-south-asian/filtered/GCST90203600_GCST90203600.filtered.tsv.gz	144016	sha256	bccc65fe86828322143b67762e2b2f9cd4562c308f50edd7449e0e1eb3dbe720	6.7	10	16.8
GCST90203601	ok	""	1	0	http://ftp.ebi.ac.uk/pub/databases/gwas/summary_statistics/GCST90203001-GCST90204000/GCST90203601/harmonised/GCST90203601.h.tsv.gz	87834069	4287045	11696	0.002728	0	2	6602	32	5069	/data/opengwasdb/metabolome-plasma-2023/releases/2023-chen-full-south-asian/filtered/GCST90203601_GCST90203601.filtered.tsv.gz	269346	sha256	2b0c4b9a6e70a0f787548b682883010dd87e769a1c6ba2a1f22c6d57e7e80304	3.4	12	15.4
GCST90203602	ok	""	1	0	http://ftp.ebi.ac.uk/pub/databases/gwas/summary_statistics/GCST90203001-GCST90204000/GCST90203602/harmonised/GCST90203602.h.tsv.gz	87056744	4313545	5070	0.001175	0	0	0	11	5059	/data/opengwasdb/metabolome-plasma-2023/releases/2023-chen-full-south-asian/filtered/GCST90203602_GCST90203602.filtered.tsv.gz	141163	sha256	abd53e942cd612e3068e216c233c01afeefaf3cefde1fc851ea51396cf35018e	3	12.3	15.3
GCST90203603	ok	""	1	0	http://ftp.ebi.ac.uk/pub/databases/gwas/summary_statistics/GCST90203001-GCST90204000/GCST90203603/harmonised/GCST90203603.h.tsv.gz	90467238	4255885	4982	0.001171	0	0	0	12	4970	/data/opengwasdb/metabolome-plasma-2023/releases/2023-chen-full-south-asian/filtered/GCST90203603_GCST90203603.filtered.tsv.gz	139032	sha256	8d4cbbf22f88654baf43bdbb95ff344a63c16fadbca45f01067ee6803fc7e383	6.4	11.5	18
GCST90203604	ok	""	1	0	http://ftp.ebi.ac.uk/pub/databases/gwas/summary_statistics/GCST90203001-GCST90204000/GCST90203604/harmonised/GCST90203604.h.tsv.gz	86255915	4261425	9324	0.002188	0	1	4320	20	4986	/data/opengwasdb/metabolome-plasma-2023/releases/2023-chen-full-south-asian/filtered/GCST90203604_GCST90203604.filtered.tsv.gz	226206	sha256	27fd4f3e0f9f624794b208e761190ad0c8fdc1be9d482635da0d2bd20d5a16fe	5	11.7	16.7
GCST90203605	ok	""	1	0	http://ftp.ebi.ac.uk/pub/databases/gwas/summary_statistics/GCST90203001-GCST90204000/GCST90203605/harmonised/GCST90203605.h.tsv.gz	91138721	4292242	7995	0.001863	0	1	2956	17	5026	/data/opengwasdb/metabolome-plasma-2023/releases/2023-chen-full-south-asian/filtered/GCST90203605_GCST90203605.filtered.tsv.gz	201463	sha256	2b8841273fef56d4cc6428a2b4bf203db38016a4a7398bf0ed5173c868d79855	5.7	11.5	17.2
GCST90203606	ok	""	1	0	http://ftp.ebi.ac.uk/pub/databases/gwas/summary_statistics/GCST90203001-GCST90204000/GCST90203606/harmonised/GCST90203606.h.tsv.gz	91183813	4294859	5053	0.001177	0	0	0	21	5032	/data/opengwasdb/metabolome-plasma-2023/releases/2023-chen-full-south-asian/filtered/GCST90203606_GCST90203606.filtered.tsv.gz	141111	sha256	c39e35aba4913ecfb9ccb3a804db4be0b88f0fade0ca55abea2fa719d7502f8d	6.7	10.9	17.6
GCST90203607	ok	""	1	0	http://ftp.ebi.ac.uk/pub/databases/gwas/summary_statistics/GCST90203001-GCST90204000/GCST90203607/harmonised/GCST90203607.h.tsv.gz	91302305	4400696	5223	0.001187	0	0	0	18	5206	/data/opengwasdb/metabolome-plasma-2023/releases/2023-chen-full-south-asian/filtered/GCST90203607_GCST90203607.filtered.tsv.gz	145142	sha256	af8a0226f1debefa03ba06be028353c49d77aac1f275cd60158db9fa9848b497	5.1	11	16.2
GCST90203608	ok	""	1	0	http://ftp.ebi.ac.uk/pub/databases/gwas/summary_statistics/GCST90203001-GCST90204000/GCST90203608/harmonised/GCST90203608.h.tsv.gz	88910786	4268821	5018	0.001176	0	0	0	24	4994	/data/opengwasdb/metabolome-plasma-2023/releases/2023-chen-full-south-asian/filtered/GCST90203608_GCST90203608.filtered.tsv.gz	139926	sha256	4b544c431ecbf86e39db55f9499ea81a1f8cf2e554f697a27fe0a5f9661885d1	4.8	12.4	17.2
GCST90203609	ok	""	1	0	http://ftp.ebi.ac.uk/pub/databases/gwas/summary_statistics/GCST90203001-GCST90204000/GCST90203609/harmonised/GCST90203609.h.tsv.gz	86472573	4278557	14009	0.003274	0	3	8978	32	5009	/data/opengwasdb/metabolome-plasma-2023/releases/2023-chen-full-south-asian/filtered/GCST90203609_GCST90203609.filtered.tsv.gz	310652	sha256	0733e7c4e57304c0b1d777916ae4a7a3d84f68a8f380c4d653fa6d0cbbec428c	6.3	11.6	17.9
GCST90203610	ok	""	1	0	http://ftp.ebi.ac.uk/pub/databases/gwas/summary_statistics/GCST90203001-GCST90204000/GCST90203610/harmonised/GCST90203610.h.tsv.gz	86092759	4255885	8004	0.001881	0	1	3009	28	4970	/data/opengwasdb/metabolome-plasma-2023/releases/2023-chen-full-south-asian/filtered/GCST90203610_GCST90203610.filtered.tsv.gz	200463	sha256	2d54a38829c341ca23c3d9cdb2d5866cae9993e8afc132827d15b37a9fa310ab	4.7	10.9	15.7
GCST90203611	ok	""	1	0	http://ftp.ebi.ac.uk/pub/databases/gwas/summary_statistics/GCST90203001-GCST90204000/GCST90203611/harmonised/GCST90203611.h.tsv.gz	90508764	4255885	11434	0.002687	0	2	6436	37	4970	/data/opengwasdb/metabolome-plasma-2023/releases/2023-chen-full-south-asian/filtered/GCST90203611_GCST90203611.filtered.tsv.gz	263344	sha256	359e3f741f1d64172340c655ffa4b8fd298dbe532f8946dbf8412bede95314af	5.3	11.8	17.1
GCST90203612	ok	""	1	0	http://ftp.ebi.ac.uk/pub/databases/gwas/summary_statistics/GCST90203001-GCST90204000/GCST90203612/harmonised/GCST90203612.h.tsv.gz	86490484	4273720	11380	0.002663	0	2	6371	18	5002	/data/opengwasdb/metabolome-plasma-2023/releases/2023-chen-full-south-asian/filtered/GCST90203612_GCST90203612.filtered.tsv.gz	262914	sha256	32e1f8cb0de329d06ec4aefffc72b740ad3bb07b3b68d10e4b00088b566fdb4d	5.2	11.7	16.9
GCST90203613	ok	""	1	0	http://ftp.ebi.ac.uk/pub/databases/gwas/summary_statistics/GCST90203001-GCST90204000/GCST90203613/harmonised/GCST90203613.h.tsv.gz	86107876	4255885	4985	0.001171	0	0	0	15	4970	/data/opengwasdb/metabolome-plasma-2023/releases/2023-chen-full-south-asian/filtered/GCST90203613_GCST90203613.filtered.tsv.gz	139363	sha256	1071d85b08a82c256bda669235195b8468373c425c620a76b3cb8f0ab8a93d93	4.4	10.3	14.7
GCST90203614	ok	""	1	0	http://ftp.ebi.ac.uk/pub/databases/gwas/summary_statistics/GCST90203001-GCST90204000/GCST90203614/harmonised/GCST90203614.h.tsv.gz	86634098	4282042	5039	0.001177	0	0	0	20	5019	/data/opengwasdb/metabolome-plasma-2023/releases/2023-chen-full-south-asian/filtered/GCST90203614_GCST90203614.filtered.tsv.gz	141042	sha256	96620b6d0914c7a5d2f48a63af9268d71aba4959e0225ac31a34c85b15cc1de2	6.5	11.1	17.5
GCST90203615	ok	""	1	0	http://ftp.ebi.ac.uk/pub/databases/gwas/summary_statistics/GCST90203001-GCST90204000/GCST90203615/harmonised/GCST90203615.h.tsv.gz	90797790	4271866	5019	0.001175	0	0	0	19	5000	/data/opengwasdb/metabolome-plasma-2023/releases/2023-chen-full-south-asian/filtered/GCST90203615_GCST90203615.filtered.tsv.gz	140423	sha256	8314488caaeda62c725ce4e755e8fdf001b143c94699445c47eaf9f1020e7ce6	3.1	9.7	12.9
GCST90203616	ok	""	1	0	http://ftp.ebi.ac.uk/pub/databases/gwas/summary_statistics/GCST90203001-GCST90204000/GCST90203616/harmonised/GCST90203616.h.tsv.gz	91949742	4333188	5119	0.001181	0	0	0	15	5104	/data/opengwasdb/metabolome-plasma-2023/releases/2023-chen-full-south-asian/filtered/GCST90203616_GCST90203616.filtered.tsv.gz	143006	sha256	405fd30a272de0b469d2c9b26f9dea17028c72d204827e15773f25ae71a10385	6.8	10.6	17.4
GCST90203617	ok	""	1	0	http://ftp.ebi.ac.uk/pub/databases/gwas/summary_statistics/GCST90203001-GCST90204000/GCST90203617/harmonised/GCST90203617.h.tsv.gz	85430842	4385699	8693	0.001982	0	1	3472	38	5186	/data/opengwasdb/metabolome-plasma-2023/releases/2023-chen-full-south-asian/filtered/GCST90203617_GCST90203617.filtered.tsv.gz	211176	sha256	1bc5d8140469347ed27531dc36b2a870c3ed5d4760be9578ccb0e583e0a9b02f	6.4	10.9	17.3
GCST90203618	ok	""	1	0	http://ftp.ebi.ac.uk/pub/databases/gwas/summary_statistics/GCST90203001-GCST90204000/GCST90203618/harmonised/GCST90203618.h.tsv.gz	92874028	4424222	5288	0.001195	0	0	0	43	5245	/data/opengwasdb/metabolome-plasma-2023/releases/2023-chen-full-south-asian/filtered/GCST90203618_GCST90203618.filtered.tsv.gz	147819	sha256	93194fa2c7bd2d0b0134a7fc98b421cbf1d952059c6d700a231e9fce877ba47d	5.2	12.5	17.7
GCST90203619	ok	""	1	0	http://ftp.ebi.ac.uk/pub/databases/gwas/summary_statistics/GCST90203001-GCST90204000/GCST90203619/harmonised/GCST90203619.h.tsv.gz	92625243	4371367	5170	0.001183	0	0	0	18	5152	/data/opengwasdb/metabolome-plasma-2023/releases/2023-chen-full-south-asian/filtered/GCST90203619_GCST90203619.filtered.tsv.gz	143875	sha256	f1321cab43d3215a5838c7134804dc7e164705b9c3292dc63720a53b42dda7a0	4.1	9.3	13.5
GCST90203620	ok	""	1	0	http://ftp.ebi.ac.uk/pub/databases/gwas/summary_statistics/GCST90203001-GCST90204000/GCST90203620/harmonised/GCST90203620.h.tsv.gz	86508642	4275978	5020	0.001174	0	0	0	12	5008	/data/opengwasdb/metabolome-plasma-2023/releases/2023-chen-full-south-asian/filtered/GCST90203620_GCST90203620.filtered.tsv.gz	140317	sha256	72b5b4c48c8c0ed34400577c9fc6fd8ebcd5d19f374e1aef75e850e6e047d7ac	5.8	11.9	17.7
GCST90203621	ok	""	1	0	http://ftp.ebi.ac.uk/pub/databases/gwas/summary_statistics/GCST90203001-GCST90204000/GCST90203621/harmonised/GCST90203621.h.tsv.gz	84991549	4233170	4965	0.001173	0	0	0	21	4944	/data/opengwasdb/metabolome-plasma-2023/releases/2023-chen-full-south-asian/filtered/GCST90203621_GCST90203621.filtered.tsv.gz	138911	sha256	5302d43d81fd6b33f3eb973ac5f35cb7dded719e57ee9520a2568e2e4ac0f007	4.9	11.5	16.4
GCST90203622	ok	""	1	0	http://ftp.ebi.ac.uk/pub/databases/gwas/summary_statistics/GCST90203001-GCST90204000/GCST90203622/harmonised/GCST90203622.h.tsv.gz	90508751	4255885	4993	0.001173	0	0	0	23	4970	/data/opengwasdb/metabolome-plasma-2023/releases/2023-chen-full-south-asian/filtered/GCST90203622_GCST90203622.filtered.tsv.gz	139712	sha256	1bb20940d61bbd88741643141e9a2368267510e8a54911210d4df9c4931e19c0	5.1	10.5	15.7
GCST90203623	ok	""	1	0	http://ftp.ebi.ac.uk/pub/databases/gwas/summary_statistics/GCST90203001-GCST90204000/GCST90203623/harmonised/GCST90203623.h.tsv.gz	90504694	4255885	10754	0.002527	0	2	5766	24	4970	/data/opengwasdb/metabolome-plasma-2023/releases/2023-chen-full-south-asian/filtered/GCST90203623_GCST90203623.filtered.tsv.gz	255537	sha256	d0061af434dd8378d81b529f9bf95fc52bf11ecb0aad80042e42a5cf1fd4f1b7	5.7	11.1	16.8
GCST90203624	ok	""	1	0	http://ftp.ebi.ac.uk/pub/databases/gwas/summary_statistics/GCST90203001-GCST90204000/GCST90203624/harmonised/GCST90203624.h.tsv.gz	90914281	4277615	5024	0.001174	0	0	0	14	5010	/data/opengwasdb/metabolome-plasma-2023/releases/2023-chen-full-south-asian/filtered/GCST90203624_GCST90203624.filtered.tsv.gz	140369	sha256	fb1e51992aa1dba873f071d79d4f5deab575e7e73deea2438d0521c9ff0888df	5.4	10.6	15.9
GCST90203625	ok	""	1	0	http://ftp.ebi.ac.uk/pub/databases/gwas/summary_statistics/GCST90203001-GCST90204000/GCST90203625/harmonised/GCST90203625.h.tsv.gz	92562464	4365418	9424	0.002159	0	1	4262	23	5145	/data/opengwasdb/metabolome-plasma-2023/releases/2023-chen-full-south-asian/filtered/GCST90203625_GCST90203625.filtered.tsv.gz	227616	sha256	af5e2679c5f07683127635ef8506a3248ee64a64d95b027180b6e00a0e7fa410	6.2	10.3	16.5
GCST90203626	ok	""	1	0	http://ftp.ebi.ac.uk/pub/databases/gwas/summary_statistics/GCST90203001-GCST90204000/GCST90203626/harmonised/GCST90203626.h.tsv.gz	86567741	4276163	5023	0.001175	0	0	0	15	5008	/data/opengwasdb/metabolome-plasma-2023/releases/2023-chen-full-south-asian/filtered/GCST90203626_GCST90203626.filtered.tsv.gz	140485	sha256	4bf8fb605a5c908731e5a2035200955bfba14a4cab7d9d7ca895cb1ccecc9516	5.8	10.6	16.4
GCST90203627	ok	""	1	0	http://ftp.ebi.ac.uk/pub/databases/gwas/summary_statistics/GCST90203001-GCST90204000/GCST90203627/harmonised/GCST90203627.h.tsv.gz	90681086	4303013	9323	0.002167	0	1	4246	20	5058	/data/opengwasdb/metabolome-plasma-2023/releases/2023-chen-full-south-asian/filtered/GCST90203627_GCST90203627.filtered.tsv.gz	226729	sha256	2d7cb22791dcbef2f53e60e4b426a845a54bd04f8581ac61754614894e6e7c9f	6.6	11.5	18.1
GCST90203628	ok	""	1	0	http://ftp.ebi.ac.uk/pub/databases/gwas/summary_statistics/GCST90203001-GCST90204000/GCST90203628/harmonised/GCST90203628.h.tsv.gz	92886593	4385225	9526	0.002172	0	1	4333	18	5181	/data/opengwasdb/metabolome-plasma-2023/releases/2023-chen-full-south-asian/filtered/GCST90203628_GCST90203628.filtered.tsv.gz	236386	sha256	76242ed6d1168e781771bb20949191d46a9f4122ab56b183442e7631a41727b9	5.4	10.4	15.8
GCST90203629	ok	""	1	0	http://ftp.ebi.ac.uk/pub/databases/gwas/summary_statistics/GCST90203001-GCST90204000/GCST90203629/harmonised/GCST90203629.h.tsv.gz	90840112	4271617	9099	0.00213	0	1	4089	17	4997	/data/opengwasdb/metabolome-plasma-2023/releases/2023-chen-full-south-asian/filtered/GCST90203629_GCST90203629.filtered.tsv.gz	222235	sha256	510375732b0eaed3f2aa9503824c6d0881f4c5893fe32d165b866a7355c702d5	5.9	10.7	16.6
GCST90203630	ok	""	1	0	http://ftp.ebi.ac.uk/pub/databases/gwas/summary_statistics/GCST90203001-GCST90204000/GCST90203630/harmonised/GCST90203630.h.tsv.gz	86118405	4427728	8674	0.001959	0	1	3399	31	5249	/data/opengwasdb/metabolome-plasma-2023/releases/2023-chen-full-south-asian/filtered/GCST90203630_GCST90203630.filtered.tsv.gz	208078	sha256	705e10ba2add3dfbdc3c7df56ad354db63a4ef325a051a57014d0dc1857bf676	4.7	11.6	16.4
GCST90203631	ok	""	1	0	http://ftp.ebi.ac.uk/pub/databases/gwas/summary_statistics/GCST90203001-GCST90204000/GCST90203631/harmonised/GCST90203631.h.tsv.gz	89416347	4236749	4990	0.001178	0	0	0	27	4964	/data/opengwasdb/metabolome-plasma-2023/releases/2023-chen-full-south-asian/filtered/GCST90203631_GCST90203631.filtered.tsv.gz	139645	sha256	374110441d56ccdb336ce68c396f580d139874fe36dc34ff9262378c5ccdd318	5.6	10.5	16.1
GCST90203632	ok	""	1	0	http://ftp.ebi.ac.uk/pub/databases/gwas/summary_statistics/GCST90203001-GCST90204000/GCST90203632/harmonised/GCST90203632.h.tsv.gz	91344305	4405334	5233	0.001188	0	0	0	24	5209	/data/opengwasdb/metabolome-plasma-2023/releases/2023-chen-full-south-asian/filtered/GCST90203632_GCST90203632.filtered.tsv.gz	145298	sha256	23496aecd7dfd96e62a6af561e070eefa607356717b5724d50c903c684c36e13	6.3	11	17.3
GCST90203633	ok	""	1	0	http://ftp.ebi.ac.uk/pub/databases/gwas/summary_statistics/GCST90203001-GCST90204000/GCST90203633/harmonised/GCST90203633.h.tsv.gz	86442229	4274545	5025	0.001176	0	0	0	21	5004	/data/opengwasdb/metabolome-plasma-2023/releases/2023-chen-full-south-asian/filtered/GCST90203633_GCST90203633.filtered.tsv.gz	140543	sha256	cbfe6853a4ec0247f0db1d7df8e25ce6e85c86c3f5568282800b9aca9fa6164b	4.8	10.4	15.2
GCST90203634	ok	""	1	0	http://ftp.ebi.ac.uk/pub/databases/gwas/summary_statistics/GCST90203001-GCST90204000/GCST90203634/harmonised/GCST90203634.h.tsv.gz	90869948	4274102	7894	0.001847	0	1	2894	14	4992	/data/opengwasdb/metabolome-plasma-2023/releases/2023-chen-full-south-asian/filtered/GCST90203634_GCST90203634.filtered.tsv.gz	192790	sha256	8ee5be768467d36446880dcc1137a7b6b3e38da8e393efae5f6cc2816a8d9811	6.6	11.1	17.8
GCST90203635	ok	""	1	0	http://ftp.ebi.ac.uk/pub/databases/gwas/summary_statistics/GCST90203001-GCST90204000/GCST90203635/harmonised/GCST90203635.h.tsv.gz	89792912	4256354	5010	0.001177	0	0	0	19	4991	/data/opengwasdb/metabolome-plasma-2023/releases/2023-chen-full-south-asian/filtered/GCST90203635_GCST90203635.filtered.tsv.gz	140167	sha256	4aa028efe279975ca6840a5e36967c07d95af71df08476fef615d6f52362e928	5.2	11.7	16.8
GCST90203636	ok	""	1	0	http://ftp.ebi.ac.uk/pub/databases/gwas/summary_statistics/GCST90203001-GCST90204000/GCST90203636/harmonised/GCST90203636.h.tsv.gz	86148278	4255885	10763	0.002529	0	2	5766	33	4970	/data/opengwasdb/metabolome-plasma-2023/releases/2023-chen-full-south-asian/filtered/GCST90203636_GCST90203636.filtered.tsv.gz	255791	sha256	203e0ed07275f9e90487d684151ed22aa342d91c1f8be3b56a720fd04da1da0a	5.2	11.1	16.3
GCST90203637	ok	""	1	0	http://ftp.ebi.ac.uk/pub/databases/gwas/summary_statistics/GCST90203001-GCST90204000/GCST90203637/harmonised/GCST90203637.h.tsv.gz	88628104	4400278	5245	0.001192	0	0	0	25	5220	/data/opengwasdb/metabolome-plasma-2023/releases/2023-chen-full-south-asian/filtered/GCST90203637_GCST90203637.filtered.tsv.gz	146145	sha256	f20c990f847074f7e9fb57524d62bae40ec436166b7e60bebe715d4e7cdacf89	5.2	9.1	14.4
GCST90203638	ok	""	1	0	http://ftp.ebi.ac.uk/pub/databases/gwas/summary_statistics/GCST90203001-GCST90204000/GCST90203638/harmonised/GCST90203638.h.tsv.gz	86077780	4255885	4990	0.001172	0	0	0	20	4970	/data/opengwasdb/metabolome-plasma-2023/releases/2023-chen-full-south-asian/filtered/GCST90203638_GCST90203638.filtered.tsv.gz	139648	sha256	13f0ada594d9fa3a8b0f7c74796c565788ee491bb0a8314d6cbb40c3b2945cfb	6.2	10.9	17.2
GCST90203639	ok	""	1	0	http://ftp.ebi.ac.uk/pub/databases/gwas/summary_statistics/GCST90203001-GCST90204000/GCST90203639/harmonised/GCST90203639.h.tsv.gz	90861338	4274098	9680	0.002265	0	1	4661	27	4996	/data/opengwasdb/metabolome-plasma-2023/releases/2023-chen-full-south-asian/filtered/GCST90203639_GCST90203639.filtered.tsv.gz	229636	sha256	fbb36229bea86ebdd1d44eca266d6b8aff51b33a72890407feb52dfdb821c8aa	4.8	11.3	16.1
GCST90203640	ok	""	1	0	http://ftp.ebi.ac.uk/pub/databases/gwas/summary_statistics/GCST90203001-GCST90204000/GCST90203640/harmonised/GCST90203640.h.tsv.gz	91469484	4340364	9161	0.002111	0	1	4023	34	5108	/data/opengwasdb/metabolome-plasma-2023/releases/2023-chen-full-south-asian/filtered/GCST90203640_GCST90203640.filtered.tsv.gz	217591	sha256	94e4389b0b79c301f4171f9eeb769c60a42a38df5aca51eb6221d2c9cc76334c	5.8	11.3	17.2
GCST90203641	ok	""	1	0	http://ftp.ebi.ac.uk/pub/databases/gwas/summary_statistics/GCST90203001-GCST90204000/GCST90203641/harmonised/GCST90203641.h.tsv.gz	89625053	4244927	7675	0.001808	0	1	2683	19	4978	/data/opengwasdb/metabolome-plasma-2023/releases/2023-chen-full-south-asian/filtered/GCST90203641_GCST90203641.filtered.tsv.gz	191308	sha256	eba750d3f3188d7b04cc46dfe88d15de3e8b83ab0a45df772344468f9619ab73	6.6	10.5	17.1
GCST90203642	ok	""	1	0	http://ftp.ebi.ac.uk/pub/databases/gwas/summary_statistics/GCST90203001-GCST90204000/GCST90203642/harmonised/GCST90203642.h.tsv.gz	92133409	4380773	5195	0.001186	0	0	0	22	5173	/data/opengwasdb/metabolome-plasma-2023/releases/2023-chen-full-south-asian/filtered/GCST90203642_GCST90203642.filtered.tsv.gz	145171	sha256	21422181a0cef81bd6a27f6ad27e2cd5832f71dcdff460cb3ece309b9caa721c	5.4	11.1	16.5
GCST90203643	ok	""	1	0	http://ftp.ebi.ac.uk/pub/databases/gwas/summary_statistics/GCST90203001-GCST90204000/GCST90203643/harmonised/GCST90203643.h.tsv.gz	87281111	4322073	5102	0.00118	0	0	0	19	5083	/data/opengwasdb/metabolome-plasma-2023/releases/2023-chen-full-south-asian/filtered/GCST90203643_GCST90203643.filtered.tsv.gz	142436	sha256	0f3342c3758034cd47e9ee1ffb86882e771f789cb78208526d71e030bcc7fdf5	5.7	11.3	17
GCST90203644	ok	""	1	0	http://ftp.ebi.ac.uk/pub/databases/gwas/summary_statistics/GCST90203001-GCST90204000/GCST90203644/harmonised/GCST90203644.h.tsv.gz	91447497	4310068	8357	0.001939	0	1	3280	15	5067	/data/opengwasdb/metabolome-plasma-2023/releases/2023-chen-full-south-asian/filtered/GCST90203644_GCST90203644.filtered.tsv.gz	206009	sha256	9f196a58175b7efb0aca6bb28d0191c06ce4b240c0d1297972fc12487b4306e4	6.6	10.6	17.2
GCST90203645	ok	""	1	0	http://ftp.ebi.ac.uk/pub/databases/gwas/summary_statistics/GCST90203001-GCST90204000/GCST90203645/harmonised/GCST90203645.h.tsv.gz	88364080	4380886	5196	0.001186	0	0	0	26	5170	/data/opengwasdb/metabolome-plasma-2023/releases/2023-chen-full-south-asian/filtered/GCST90203645_GCST90203645.filtered.tsv.gz	144987	sha256	6b3c0a0095b5f5e2d11aaf11589626afa5c295408d6e02d68b446dbce789dfe4	6.4	9	15.5
GCST90203646	ok	""	1	0	http://ftp.ebi.ac.uk/pub/databases/gwas/summary_statistics/GCST90203001-GCST90204000/GCST90203646/harmonised/GCST90203646.h.tsv.gz	91360586	4307022	5064	0.001176	0	0	0	15	5049	/data/opengwasdb/metabolome-plasma-2023/releases/2023-chen-full-south-asian/filtered/GCST90203646_GCST90203646.filtered.tsv.gz	141220	sha256	522f08a3e5996064cbabe5c21199061347f9798d1e1ba4798992d695767ce10a	5.2	11.3	16.5
GCST90203647	ok	""	1	0	http://ftp.ebi.ac.uk/pub/databases/gwas/summary_statistics/GCST90203001-GCST90204000/GCST90203647/harmonised/GCST90203647.h.tsv.gz	90777955	4307587	8195	0.001902	0	1	3107	22	5072	/data/opengwasdb/metabolome-plasma-2023/releases/2023-chen-full-south-asian/filtered/GCST90203647_GCST90203647.filtered.tsv.gz	197338	sha256	d2df7d3de55915f132fe66651b51d2906a6472066d14f9e181c7a74b79946381	5.8	11.8	17.6
GCST90203648	ok	""	1	0	http://ftp.ebi.ac.uk/pub/databases/gwas/summary_statistics/GCST90203001-GCST90204000/GCST90203648/harmonised/GCST90203648.h.tsv.gz	92045199	4338405	5123	0.001181	0	0	0	22	5101	/data/opengwasdb/metabolome-plasma-2023/releases/2023-chen-full-south-asian/filtered/GCST90203648_GCST90203648.filtered.tsv.gz	143168	sha256	c866a6426b30e0c491e72346cceb7e8e115020e2af42604165cbb2791ca4825c	5.3	12.1	17.4
GCST90203649	ok	""	1	0	http://ftp.ebi.ac.uk/pub/databases/gwas/summary_statistics/GCST90203001-GCST90204000/GCST90203649/harmonised/GCST90203649.h.tsv.gz	87634459	4341315	5142	0.001184	0	0	0	21	5121	/data/opengwasdb/metabolome-plasma-2023/releases/2023-chen-full-south-asian/filtered/GCST90203649_GCST90203649.filtered.tsv.gz	143610	sha256	7850ae9fe348dde485275946a5ee6e4bb49c52591739dd5e4c01f7e84480d507	5.2	10.5	15.7
GCST90203650	ok	""	1	0	http://ftp.ebi.ac.uk/pub/databases/gwas/summary_statistics/GCST90203001-GCST90204000/GCST90203650/harmonised/GCST90203650.h.tsv.gz	84418355	4246884	7681	0.001809	0	1	2705	22	4963	/data/opengwasdb/metabolome-plasma-2023/releases/2023-chen-full-south-asian/filtered/GCST90203650_GCST90203650.filtered.tsv.gz	184357	sha256	27a7b1cab9cc1c5f41691cc8c461b9b3234dcd06af3caa6722b66120427d9a75	6.1	11.4	17.5
GCST90203651	ok	""	1	0	http://ftp.ebi.ac.uk/pub/databases/gwas/summary_statistics/GCST90203001-GCST90204000/GCST90203651/harmonised/GCST90203651.h.tsv.gz	84683907	4217779	7723	0.001831	0	1	2798	19	4912	/data/opengwasdb/metabolome-plasma-2023/releases/2023-chen-full-south-asian/filtered/GCST90203651_GCST90203651.filtered.tsv.gz	188833	sha256	2ce9b95ab5d14c9e6116632ba8965290e2114f0f4e7d613dd3a3e209f43a1f2c	5.4	11.7	17.1
GCST90203652	ok	""	1	0	http://ftp.ebi.ac.uk/pub/databases/gwas/summary_statistics/GCST90203001-GCST90204000/GCST90203652/harmonised/GCST90203652.h.tsv.gz	90837180	4272349	5022	0.001175	0	0	0	27	4996	/data/opengwasdb/metabolome-plasma-2023/releases/2023-chen-full-south-asian/filtered/GCST90203652_GCST90203652.filtered.tsv.gz	140559	sha256	b8f073fbdb61a8a79d5cc5e08b751898824e0798e61e1ba1b5edee81a1f0a43a	6.1	11.7	17.8
GCST90203653	ok	""	1	0	http://ftp.ebi.ac.uk/pub/databases/gwas/summary_statistics/GCST90203001-GCST90204000/GCST90203653/harmonised/GCST90203653.h.tsv.gz	87301188	4322750	5099	0.00118	0	0	0	18	5081	/data/opengwasdb/metabolome-plasma-2023/releases/2023-chen-full-south-asian/filtered/GCST90203653_GCST90203653.filtered.tsv.gz	142450	sha256	2c027f09290b4b2696c1b6de0d0626b8bf128f92347fd1a701c20584dc0c1542	4.9	10.6	15.4
GCST90203654	ok	""	1	0	http://ftp.ebi.ac.uk/pub/databases/gwas/summary_statistics/GCST90203001-GCST90204000/GCST90203654/harmonised/GCST90203654.h.tsv.gz	91184787	4460171	5307	0.00119	0	0	0	17	5290	/data/opengwasdb/metabolome-plasma-2023/releases/2023-chen-full-south-asian/filtered/GCST90203654_GCST90203654.filtered.tsv.gz	147042	sha256	3dbc8086c8c1a40dba28b06ad9d3dabaf2bae358435812f4c89310dba000cc85	5.6	12.3	17.9
GCST90203655	ok	""	1	0	http://ftp.ebi.ac.uk/pub/databases/gwas/summary_statistics/GCST90203001-GCST90204000/GCST90203655/harmonised/GCST90203655.h.tsv.gz	92923191	4386505	11879	0.002708	0	2	6673	26	5192	/data/opengwasdb/metabolome-plasma-2023/releases/2023-chen-full-south-asian/filtered/GCST90203655_GCST90203655.filtered.tsv.gz	261386	sha256	cb64f43546b65d51af36c72e01e3817309e801f4e32c40a026ee0f817051f3f7	3.7	10.9	14.6
GCST90203656	ok	""	1	0	http://ftp.ebi.ac.uk/pub/databases/gwas/summary_statistics/GCST90203001-GCST90204000/GCST90203656/harmonised/GCST90203656.h.tsv.gz	86076467	4360851	7518	0.001724	0	1	2372	18	5134	/data/opengwasdb/metabolome-plasma-2023/releases/2023-chen-full-south-asian/filtered/GCST90203656_GCST90203656.filtered.tsv.gz	185500	sha256	633bf1cc65496811c7e472e0a1cbde98b1096f55ffa1306a9ac42bc302fc86a2	4.2	11.1	15.2
GCST90203657	ok	""	1	0	http://ftp.ebi.ac.uk/pub/databases/gwas/summary_statistics/GCST90203001-GCST90204000/GCST90203657/harmonised/GCST90203657.h.tsv.gz	88194231	4364016	5156	0.001181	0	0	0	27	5129	/data/opengwasdb/metabolome-plasma-2023/releases/2023-chen-full-south-asian/filtered/GCST90203657_GCST90203657.filtered.tsv.gz	143101	sha256	f150cb48bb73726e30d13b31369167e3473f5e038de39e80ba509ac3078fe20a	6.4	12	18.4
GCST90203658	ok	""	1	0	http://ftp.ebi.ac.uk/pub/databases/gwas/summary_statistics/GCST90203001-GCST90204000/GCST90203658/harmonised/GCST90203658.h.tsv.gz	90527361	4255885	9176	0.002156	0	1	4190	20	4970	/data/opengwasdb/metabolome-plasma-2023/releases/2023-chen-full-south-asian/filtered/GCST90203658_GCST90203658.filtered.tsv.gz	220585	sha256	07af41444729724cbf5f6e6a3e66068bf68e00f157badfae6630aa94be24429e	5.1	11.3	16.4
GCST90203659	ok	""	1	0	http://ftp.ebi.ac.uk/pub/databases/gwas/summary_statistics/GCST90203001-GCST90204000/GCST90203659/harmonised/GCST90203659.h.tsv.gz	87128880	4352404	9331	0.002144	0	1	4166	29	5142	/data/opengwasdb/metabolome-plasma-2023/releases/2023-chen-full-south-asian/filtered/GCST90203659_GCST90203659.filtered.tsv.gz	214907	sha256	bae906f90ad8c94fa2942bf7dc9dff539db7cfef75cf1dcbcbd1605e8d5a76b0	5.1	10.5	15.6
GCST90203660	ok	""	1	0	http://ftp.ebi.ac.uk/pub/databases/gwas/summary_statistics/GCST90203001-GCST90204000/GCST90203660/harmonised/GCST90203660.h.tsv.gz	91051441	4390269	15215	0.003466	0	3	9983	32	5212	/data/opengwasdb/metabolome-plasma-2023/releases/2023-chen-full-south-asian/filtered/GCST90203660_GCST90203660.filtered.tsv.gz	334675	sha256	0ce7158887652ca08950a2bb2f37a6f8bdd9b8a74dd92d5fd9969e359cfa06d9	6.1	11.6	17.6
GCST90203661	ok	""	1	0	http://ftp.ebi.ac.uk/pub/databases/gwas/summary_statistics/GCST90203001-GCST90204000/GCST90203661/harmonised/GCST90203661.h.tsv.gz	86283139	4261425	5011	0.001176	0	0	0	25	4986	/data/opengwasdb/metabolome-plasma-2023/releases/2023-chen-full-south-asian/filtered/GCST90203661_GCST90203661.filtered.tsv.gz	140207	sha256	6698112e1c43cd8505f0299ad7ade8442f282c89bdb6bef017e303a0555ea8be	5.9	11	16.9
GCST90203662	ok	""	1	0	http://ftp.ebi.ac.uk/pub/databases/gwas/summary_statistics/GCST90203001-GCST90204000/GCST90203662/harmonised/GCST90203662.h.tsv.gz	78987247	4183669	8719	0.002084	0	1	3858	23	4844	/data/opengwasdb/metabolome-plasma-2023/releases/2023-chen-full-south-asian/filtered/GCST90203662_GCST90203662.filtered.tsv.gz	202158	sha256	f21316944cd66cf95ad1b02b8b81100fdbbe538cd58d57d621a8cb415738ec1b	3.2	9.6	12.8
GCST90203663	ok	""	1	0	http://ftp.ebi.ac.uk/pub/databases/gwas/summary_statistics/GCST90203001-GCST90204000/GCST90203663/harmonised/GCST90203663.h.tsv.gz	86139002	4255885	8529	0.002004	0	1	3550	15	4970	/data/opengwasdb/metabolome-plasma-2023/releases/2023-chen-full-south-asian/filtered/GCST90203663_GCST90203663.filtered.tsv.gz	198439	sha256	40d7488c9af0d8f2a608cb725342f9b709513d87fda31301b5d5325d6dcf453d	4	10.3	14.3
GCST90203664	ok	""	1	0	http://ftp.ebi.ac.uk/pub/databases/gwas/summary_statistics/GCST90203001-GCST90204000/GCST90203664/harmonised/GCST90203664.h.tsv.gz	85042869	4184111	4941	0.001181	0	0	0	34	4907	/data/opengwasdb/metabolome-plasma-2023/releases/2023-chen-full-south-asian/filtered/GCST90203664_GCST90203664.filtered.tsv.gz	137438	sha256	2f9a2a519a9013ae2c55200c106de5c229af4c8a65b4ccc21f93a789741bbc75	4.8	10.7	15.5
GCST90203665	ok	""	1	0	http://ftp.ebi.ac.uk/pub/databases/gwas/summary_statistics/GCST90203001-GCST90204000/GCST90203665/harmonised/GCST90203665.h.tsv.gz	87905053	4406923	5244	0.00119	0	0	0	36	5208	/data/opengwasdb/metabolome-plasma-2023/releases/2023-chen-full-south-asian/filtered/GCST90203665_GCST90203665.filtered.tsv.gz	146496	sha256	0b92dab4dc485dcfc44f2096e9c77c94f50a4a79173168e39dba8ac920a4ae6c	6.4	12	18.3
GCST90203666	ok	""	1	0	http://ftp.ebi.ac.uk/pub/databases/gwas/summary_statistics/GCST90203001-GCST90204000/GCST90203666/harmonised/GCST90203666.h.tsv.gz	81041096	4198925	4923	0.001172	0	0	0	22	4901	/data/opengwasdb/metabolome-plasma-2023/releases/2023-chen-full-south-asian/filtered/GCST90203666_GCST90203666.filtered.tsv.gz	136916	sha256	38f391ee67d2a7d95adf212cc6b9b1205e028c794139b36ac7a0ed83f323ef5e	5.3	10.4	15.7
GCST90203667	ok	""	1	0	http://ftp.ebi.ac.uk/pub/databases/gwas/summary_statistics/GCST90203001-GCST90204000/GCST90203667/harmonised/GCST90203667.h.tsv.gz	90848043	4274141	5023	0.001175	0	0	0	23	5000	/data/opengwasdb/metabolome-plasma-2023/releases/2023-chen-full-south-asian/filtered/GCST90203667_GCST90203667.filtered.tsv.gz	140424	sha256	f01096c846d75ce867b635c1c1008a32aaa92a76de2cd1a6e5323a1ef2cdeb5c	6.5	10.9	17.5
GCST90203668	ok	""	1	0	http://ftp.ebi.ac.uk/pub/databases/gwas/summary_statistics/GCST90203001-GCST90204000/GCST90203668/harmonised/GCST90203668.h.tsv.gz	91317234	4401618	9918	0.002253	0	1	4691	15	5216	/data/opengwasdb/metabolome-plasma-2023/releases/2023-chen-full-south-asian/filtered/GCST90203668_GCST90203668.filtered.tsv.gz	238004	sha256	ff81f660e9d3acbc4dfbcf88269efda354328f7b59555004b4c961efd9b011df	5.2	11.8	17
GCST90203669	ok	""	1	0	http://ftp.ebi.ac.uk/pub/databases/gwas/summary_statistics/GCST90203001-GCST90204000/GCST90203669/harmonised/GCST90203669.h.tsv.gz	90948469	4278433	8562	0.002001	0	1	3545	17	5006	/data/opengwasdb/metabolome-plasma-2023/releases/2023-chen-full-south-asian/filtered/GCST90203669_GCST90203669.filtered.tsv.gz	212090	sha256	9b5d58efdc4c915c3d752e315631e3b037f141a65f1ab59c3baf7edb2b38873f	5	11.9	16.9
GCST90203670	ok	""	1	0	http://ftp.ebi.ac.uk/pub/databases/gwas/summary_statistics/GCST90203001-GCST90204000/GCST90203670/harmonised/GCST90203670.h.tsv.gz	87303363	4321876	5102	0.001181	0	0	0	27	5075	/data/opengwasdb/metabolome-plasma-2023/releases/2023-chen-full-south-asian/filtered/GCST90203670_GCST90203670.filtered.tsv.gz	142589	sha256	240fbdf0c541542f09d886f7e471693ae0ba25f9f2cb7686b404ed03edf50302	6.1	12	18.1
GCST90203671	ok	""	1	0	http://ftp.ebi.ac.uk/pub/databases/gwas/summary_statistics/GCST90203001-GCST90204000/GCST90203671/harmonised/GCST90203671.h.tsv.gz	91652840	4356575	5121	0.001175	0	0	0	17	5104	/data/opengwasdb/metabolome-plasma-2023/releases/2023-chen-full-south-asian/filtered/GCST90203671_GCST90203671.filtered.tsv.gz	143205	sha256	eebd734e57119d007feb2dca64efc8417f8d369b1f87f6714e85f20700db2639	6.7	11.4	18.2
GCST90203672	ok	""	1	0	http://ftp.ebi.ac.uk/pub/databases/gwas/summary_statistics/GCST90203001-GCST90204000/GCST90203672/harmonised/GCST90203672.h.tsv.gz	91117758	4291943	13427	0.003128	0	2	8373	25	5037	/data/opengwasdb/metabolome-plasma-2023/releases/2023-chen-full-south-asian/filtered/GCST90203672_GCST90203672.filtered.tsv.gz	315722	sha256	1cb82d93b7484c512a25fc71440e0b1afe09239b8a24701cf1ac34a2e5102606	6.6	10.8	17.4
GCST90203673	ok	""	1	0	http://ftp.ebi.ac.uk/pub/databases/gwas/summary_statistics/GCST90203001-GCST90204000/GCST90203673/harmonised/GCST90203673.h.tsv.gz	90780707	4272363	5025	0.001176	0	0	0	24	5001	/data/opengwasdb/metabolome-plasma-2023/releases/2023-chen-full-south-asian/filtered/GCST90203673_GCST90203673.filtered.tsv.gz	140477	sha256	e839899cbced423329e25183e5012495e71973dcee2716a404c4391ad8ed918e	6.4	11.5	17.9
GCST90203674	ok	""	1	0	http://ftp.ebi.ac.uk/pub/databases/gwas/summary_statistics/GCST90203001-GCST90204000/GCST90203674/harmonised/GCST90203674.h.tsv.gz	86859981	4333762	5126	0.001183	0	0	0	17	5109	/data/opengwasdb/metabolome-plasma-2023/releases/2023-chen-full-south-asian/filtered/GCST90203674_GCST90203674.filtered.tsv.gz	143387	sha256	0e5c9268f37c8519fc309b5c8d7074de92c8de6ac7827777c924214f9c4672bf	6.2	10.1	16.3
GCST90203675	ok	""	1	0	http://ftp.ebi.ac.uk/pub/databases/gwas/summary_statistics/GCST90203001-GCST90204000/GCST90203675/harmonised/GCST90203675.h.tsv.gz	86226936	4302967	5086	0.001182	0	0	0	22	5064	/data/opengwasdb/metabolome-plasma-2023/releases/2023-chen-full-south-asian/filtered/GCST90203675_GCST90203675.filtered.tsv.gz	142245	sha256	14f6a40c2240caecf8fae2eb4ddef4bbdbec5de744b28db8d89bd201ea51a98b	5	11.6	16.6
GCST90203676	ok	""	1	0	http://ftp.ebi.ac.uk/pub/databases/gwas/summary_statistics/GCST90203001-GCST90204000/GCST90203676/harmonised/GCST90203676.h.tsv.gz	88592162	4257983	5029	0.001181	0	0	0	25	5004	/data/opengwasdb/metabolome-plasma-2023/releases/2023-chen-full-south-asian/filtered/GCST90203676_GCST90203676.filtered.tsv.gz	140224	sha256	eae9b47f2faebe91704158c16812fec1e34b8b15dd7d4b3c8a9bd7e87f20720a	6.5	12.1	18.5
GCST90203677	ok	""	1	0	http://ftp.ebi.ac.uk/pub/databases/gwas/summary_statistics/GCST90203001-GCST90204000/GCST90203677/harmonised/GCST90203677.h.tsv.gz	90519956	4255885	7529	0.001769	0	1	2540	27	4970	/data/opengwasdb/metabolome-plasma-2023/releases/2023-chen-full-south-asian/filtered/GCST90203677_GCST90203677.filtered.tsv.gz	191646	sha256	bb2630da870a55e1c471ca6af453c47699ba53de0c700b77b369c26102550c40	5.4	11.9	17.3
GCST90203678	ok	""	1	0	http://ftp.ebi.ac.uk/pub/databases/gwas/summary_statistics/GCST90203001-GCST90204000/GCST90203678/harmonised/GCST90203678.h.tsv.gz	86559928	4277522	8375	0.001958	0	1	3370	11	4998	/data/opengwasdb/metabolome-plasma-2023/releases/2023-chen-full-south-asian/filtered/GCST90203678_GCST90203678.filtered.tsv.gz	204743	sha256	f82d5937362d71073b49f5dfc9d652bf5e0819eaa7f14132db925873375c5e52	6.3	12.4	18.8
GCST90203679	ok	""	1	0	http://ftp.ebi.ac.uk/pub/databases/gwas/summary_statistics/GCST90203001-GCST90204000/GCST90203679/harmonised/GCST90203679.h.tsv.gz	91863724	4327794	5090	0.001176	0	0	0	12	5078	/data/opengwasdb/metabolome-plasma-2023/releases/2023-chen-full-south-asian/filtered/GCST90203679_GCST90203679.filtered.tsv.gz	142360	sha256	08afe937c95c3ed56605ed07070f7b5dee6ff213575078ccfc193b16f47f704a	5.3	10.5	15.8
GCST90203680	ok	""	1	0	http://ftp.ebi.ac.uk/pub/databases/gwas/summary_statistics/GCST90203001-GCST90204000/GCST90203680/harmonised/GCST90203680.h.tsv.gz	91222169	4294335	8402	0.001957	0	1	3349	24	5033	/data/opengwasdb/metabolome-plasma-2023/releases/2023-chen-full-south-asian/filtered/GCST90203680_GCST90203680.filtered.tsv.gz	207595	sha256	9ca08a239572cfeac4ac7cf6e499f3590443e9c6d93d6c9a048684df4f4b69b9	5.3	11.9	17.2
GCST90203681	ok	""	1	0	http://ftp.ebi.ac.uk/pub/databases/gwas/summary_statistics/GCST90203001-GCST90204000/GCST90203681/harmonised/GCST90203681.h.tsv.gz	92686126	4372927	8752	0.002001	0	1	3611	21	5123	/data/opengwasdb/metabolome-plasma-2023/releases/2023-chen-full-south-asian/filtered/GCST90203681_GCST90203681.filtered.tsv.gz	212372	sha256	b77a19adb40f31cd4ecefabad98bb3327d6a932bf1b1d8bc4cb8b5e3aeb9a4d3	3.8	10.8	14.6
GCST90203682	ok	""	1	0	http://ftp.ebi.ac.uk/pub/databases/gwas/summary_statistics/GCST90203001-GCST90204000/GCST90203682/harmonised/GCST90203682.h.tsv.gz	91154662	4291081	8615	0.002008	0	1	3558	21	5039	/data/opengwasdb/metabolome-plasma-2023/releases/2023-chen-full-south-asian/filtered/GCST90203682_GCST90203682.filtered.tsv.gz	212250	sha256	25bb7350bfc14eda13e16cec20a8f3d080a12b3e46965add6a88167a9e27a910	6.7	11.5	18.2
GCST90203683	ok	""	1	0	http://ftp.ebi.ac.uk/pub/databases/gwas/summary_statistics/GCST90203001-GCST90204000/GCST90203683/harmonised/GCST90203683.h.tsv.gz	88767932	4266029	7887	0.001849	0	1	2862	19	5009	/data/opengwasdb/metabolome-plasma-2023/releases/2023-chen-full-south-asian/filtered/GCST90203683_GCST90203683.filtered.tsv.gz	194842	sha256	7dc17689cb7f558ba5c0a40156433740de24f77a09dd8863e2216082283592a0	6	11.8	17.8
GCST90203684	ok	""	1	0	http://ftp.ebi.ac.uk/pub/databases/gwas/summary_statistics/GCST90203001-GCST90204000/GCST90203684/harmonised/GCST90203684.h.tsv.gz	91378018	4308965	5086	0.00118	0	0	0	23	5063	/data/opengwasdb/metabolome-plasma-2023/releases/2023-chen-full-south-asian/filtered/GCST90203684_GCST90203684.filtered.tsv.gz	141866	sha256	a3b56050041439775e6c67f592aa5fa49a88499391611f8e897531bc39892a1c	6.4	10.4	16.9
GCST90203685	ok	""	1	0	http://ftp.ebi.ac.uk/pub/databases/gwas/summary_statistics/GCST90203001-GCST90204000/GCST90203685/harmonised/GCST90203685.h.tsv.gz	86573651	4278814	5035	0.001177	0	0	0	21	5014	/data/opengwasdb/metabolome-plasma-2023/releases/2023-chen-full-south-asian/filtered/GCST90203685_GCST90203685.filtered.tsv.gz	140780	sha256	439302b6bcae9822bb88b3cf16d152773c60e91600cd150e8c5b656daaf0d459	5.3	11.8	17.1
GCST90203686	ok	""	1	0	http://ftp.ebi.ac.uk/pub/databases/gwas/summary_statistics/GCST90203001-GCST90204000/GCST90203686/harmonised/GCST90203686.h.tsv.gz	86761502	4293632	7872	0.001833	0	1	2843	18	5017	/data/opengwasdb/metabolome-plasma-2023/releases/2023-chen-full-south-asian/filtered/GCST90203686_GCST90203686.filtered.tsv.gz	194001	sha256	85c11fab5f15f8da14c7a690aa75341a90a9a79ac38ae2c1fbb12b0be351d0ca	5	11.4	16.4
GCST90203687	ok	""	1	0	http://ftp.ebi.ac.uk/pub/databases/gwas/summary_statistics/GCST90203001-GCST90204000/GCST90203687/harmonised/GCST90203687.h.tsv.gz	91903328	4329078	10714	0.002475	0	1	5601	27	5090	/data/opengwasdb/metabolome-plasma-2023/releases/2023-chen-full-south-asian/filtered/GCST90203687_GCST90203687.filtered.tsv.gz	260422	sha256	dfa50ec187b7510c7e7cc3828b61bda7e00aeb45cd9188c8487dab568041fd65	6.6	10.2	16.9
GCST90203688	ok	""	1	0	http://ftp.ebi.ac.uk/pub/databases/gwas/summary_statistics/GCST90203001-GCST90204000/GCST90203688/harmonised/GCST90203688.h.tsv.gz	86124840	4255885	4983	0.001171	0	0	0	13	4970	/data/opengwasdb/metabolome-plasma-2023/releases/2023-chen-full-south-asian/filtered/GCST90203688_GCST90203688.filtered.tsv.gz	139357	sha256	7509f8dc74b17e86a95e6cdf9470901cca940fcfcab479b494825d34816713d1	4.8	12	16.7
GCST90203689	ok	""	1	0	http://ftp.ebi.ac.uk/pub/databases/gwas/summary_statistics/GCST90203001-GCST90204000/GCST90203689/harmonised/GCST90203689.h.tsv.gz	90913122	4276157	5027	0.001176	0	0	0	23	5004	/data/opengwasdb/metabolome-plasma-2023/releases/2023-chen-full-south-asian/filtered/GCST90203689_GCST90203689.filtered.tsv.gz	140558	sha256	671f03d231c74a56c59b65a8fc23ac1a07cf37357b9c6b092afb9ba91c7ed9fa	6.5	11.4	17.9
GCST90203690	ok	""	1	0	http://ftp.ebi.ac.uk/pub/databases/gwas/summary_statistics/GCST90203001-GCST90204000/GCST90203690/harmonised/GCST90203690.h.tsv.gz	86628489	4281147	8565	0.002001	0	1	3521	39	5009	/data/opengwasdb/metabolome-plasma-2023/releases/2023-chen-full-south-asian/filtered/GCST90203690_GCST90203690.filtered.tsv.gz	212167	sha256	494d110c15c1d30812502db7e25c7a8eb0c64c3c5d7f9d1605d09fdd3d4654d8	4.8	11.5	16.3
GCST90203691	ok	""	1	0	http://ftp.ebi.ac.uk/pub/databases/gwas/summary_statistics/GCST90203001-GCST90204000/GCST90203691/harmonised/GCST90203691.h.tsv.gz	86569166	4277522	5010	0.001171	0	0	0	12	4998	/data/opengwasdb/metabolome-plasma-2023/releases/2023-chen-full-south-asian/filtered/GCST90203691_GCST90203691.filtered.tsv.gz	140151	sha256	1fd67854408a54eaa4c14fa28a90f424533becfe4a46f9927f7c71fe99914131	5.1	12.5	17.6
GCST90203692	ok	""	1	0	http://ftp.ebi.ac.uk/pub/databases/gwas/summary_statistics/GCST90203001-GCST90204000/GCST90203692/harmonised/GCST90203692.h.tsv.gz	85467383	4254954	4989	0.001173	0	0	0	21	4968	/data/opengwasdb/metabolome-plasma-2023/releases/2023-chen-full-south-asian/filtered/GCST90203692_GCST90203692.filtered.tsv.gz	139657	sha256	26ad0bdf8e1acc1cebd816f2a47398d093469c640c4a2e3ae2aa613b109c68b4	6.3	10.2	16.5
GCST90203693	ok	""	1	0	http://ftp.ebi.ac.uk/pub/databases/gwas/summary_statistics/GCST90203001-GCST90204000/GCST90203693/harmonised/GCST90203693.h.tsv.gz	86563434	4277522	5020	0.001174	0	0	0	22	4998	/data/opengwasdb/metabolome-plasma-2023/releases/2023-chen-full-south-asian/filtered/GCST90203693_GCST90203693.filtered.tsv.gz	140502	sha256	81fc0c504519bc919ee272c40bd2c9bc366015bdc285597ef207e9dfedfe17cb	5	11.9	16.9
GCST90203694	ok	""	1	0	http://ftp.ebi.ac.uk/pub/databases/gwas/summary_statistics/GCST90203001-GCST90204000/GCST90203694/harmonised/GCST90203694.h.tsv.gz	90506618	4255885	12360	0.002904	0	2	7372	23	4970	/data/opengwasdb/metabolome-plasma-2023/releases/2023-chen-full-south-asian/filtered/GCST90203694_GCST90203694.filtered.tsv.gz	286376	sha256	3422be524cde5c535403f5368bbfa887e4ffae4989fe48b0188d421de3eb0e72	4.8	11.3	16
GCST90203695	ok	""	1	0	http://ftp.ebi.ac.uk/pub/databases/gwas/summary_statistics/GCST90203001-GCST90204000/GCST90203695/harmonised/GCST90203695.h.tsv.gz	86151798	4255885	4987	0.001172	0	0	0	17	4970	/data/opengwasdb/metabolome-plasma-2023/releases/2023-chen-full-south-asian/filtered/GCST90203695_GCST90203695.filtered.tsv.gz	139413	sha256	fe0533e8b028b957b708276396d58cfdd0e7a2d86f6b1f865fc1ad904928cccf	5.2	10.5	15.7
GCST90203696	ok	""	1	0	http://ftp.ebi.ac.uk/pub/databases/gwas/summary_statistics/GCST90203001-GCST90204000/GCST90203696/harmonised/GCST90203696.h.tsv.gz	87400320	4327950	19507	0.004507	0	4	14420	32	5072	/data/opengwasdb/metabolome-plasma-2023/releases/2023-chen-full-south-asian/filtered/GCST90203696_GCST90203696.filtered.tsv.gz	423165	sha256	572a70fccbb550d1b2c1cf397cde70efa93694539574ac51eef7bdd765f7fe54	5.5	11.9	17.4
GCST90203697	ok	""	1	0	http://ftp.ebi.ac.uk/pub/databases/gwas/summary_statistics/GCST90203001-GCST90204000/GCST90203697/harmonised/GCST90203697.h.tsv.gz	86715547	4406370	14673	0.00333	0	2	9433	25	5224	/data/opengwasdb/metabolome-plasma-2023/releases/2023-chen-full-south-asian/filtered/GCST90203697_GCST90203697.filtered.tsv.gz	304111	sha256	f6f977544c8e4f6b055635bb4e88dffeec3d75fb8be9d3344a21ef2e64062d96	6.3	12.3	18.6
GCST90203698	ok	""	1	0	http://ftp.ebi.ac.uk/pub/databases/gwas/summary_statistics/GCST90203001-GCST90204000/GCST90203698/harmonised/GCST90203698.h.tsv.gz	87338059	4261417	5006	0.001175	0	0	0	28	4978	/data/opengwasdb/metabolome-plasma-2023/releases/2023-chen-full-south-asian/filtered/GCST90203698_GCST90203698.filtered.tsv.gz	138952	sha256	6861cded479cbf926185c12ceede340ab5d0c068c8598aa696037a4718f2adc6	2.9	9.9	12.7
GCST90203699	ok	""	1	0	http://ftp.ebi.ac.uk/pub/databases/gwas/summary_statistics/GCST90203001-GCST90204000/GCST90203699/harmonised/GCST90203699.h.tsv.gz	92952193	4386986	5210	0.001188	0	0	0	26	5184	/data/opengwasdb/metabolome-plasma-2023/releases/2023-chen-full-south-asian/filtered/GCST90203699_GCST90203699.filtered.tsv.gz	145171	sha256	c681e02502f8cebb1ce4310d4b30a4e35323859ad6f11025094bbc2d4c24df62	5.4	11.5	16.9
GCST90203700	ok	""	1	0	http://ftp.ebi.ac.uk/pub/databases/gwas/summary_statistics/GCST90203001-GCST90204000/GCST90203700/harmonised/GCST90203700.h.tsv.gz	91968724	4370658	9037	0.002068	0	1	3856	30	5156	/data/opengwasdb/metabolome-plasma-2023/releases/2023-chen-full-south-asian/filtered/GCST90203700_GCST90203700.filtered.tsv.gz	210481	sha256	b379df760f615a1b950949e13296a78deb3065f7388cd70182b8a3612fa6259c	6.6	11.6	18.2
GCST90203701	ok	""	1	0	http://ftp.ebi.ac.uk/pub/databases/gwas/summary_statistics/GCST90203001-GCST90204000/GCST90203701/harmonised/GCST90203701.h.tsv.gz	86143333	4255885	4983	0.001171	0	0	0	13	4970	/data/opengwasdb/metabolome-plasma-2023/releases/2023-chen-full-south-asian/filtered/GCST90203701_GCST90203701.filtered.tsv.gz	139333	sha256	11698d7c6d0d3724ee461901e2282865d83c54a8a2ca64b02463ccc409fc1442	6.3	11.5	17.9
GCST90203702	ok	""	1	0	http://ftp.ebi.ac.uk/pub/databases/gwas/summary_statistics/GCST90203001-GCST90204000/GCST90203702/harmonised/GCST90203702.h.tsv.gz	86292836	4261425	8819	0.002069	0	1	3809	28	4986	/data/opengwasdb/metabolome-plasma-2023/releases/2023-chen-full-south-asian/filtered/GCST90203702_GCST90203702.filtered.tsv.gz	216128	sha256	f4895134ad63b9515fd881f900a8f6b43c273d4429ea386b3b77d735946bf6fc	5.4	11.3	16.7
GCST90203703	ok	""	1	0	http://ftp.ebi.ac.uk/pub/databases/gwas/summary_statistics/GCST90203001-GCST90204000/GCST90203703/harmonised/GCST90203703.h.tsv.gz	90511248	4255885	4990	0.001172	0	0	0	20	4970	/data/opengwasdb/metabolome-plasma-2023/releases/2023-chen-full-south-asian/filtered/GCST90203703_GCST90203703.filtered.tsv.gz	139544	sha256	f55c92f59644493b38d40df7b87a485696f9182f38b8cc6d9dbc4c6283b8b336	6.5	10.4	16.9
GCST90203704	ok	""	1	0	http://ftp.ebi.ac.uk/pub/databases/gwas/summary_statistics/GCST90203001-GCST90204000/GCST90203704/harmonised/GCST90203704.h.tsv.gz	91091035	4288676	12176	0.002839	0	2	7137	24	5022	/data/opengwasdb/metabolome-plasma-2023/releases/2023-chen-full-south-asian/filtered/GCST90203704_GCST90203704.filtered.tsv.gz	277539	sha256	f96d98135e80590b99d6eb8d7b4e7a52a725208662f7edcf20371a83b3bb24dd	6.1	11	17.2
GCST90203705	ok	""	1	0	http://ftp.ebi.ac.uk/pub/databases/gwas/summary_statistics/GCST90203001-GCST90204000/GCST90203705/harmonised/GCST90203705.h.tsv.gz	90868197	4273957	12675	0.002966	0	2	7659	24	4996	/data/opengwasdb/metabolome-plasma-2023/releases/2023-chen-full-south-asian/filtered/GCST90203705_GCST90203705.filtered.tsv.gz	293314	sha256	0450a314784ec171e43bbf9062225abf402677b50d83d16a2642635c49398904	6.6	11.3	17.8
GCST90203706	ok	""	1	0	http://ftp.ebi.ac.uk/pub/databases/gwas/summary_statistics/GCST90203001-GCST90204000/GCST90203706/harmonised/GCST90203706.h.tsv.gz	92938041	4388048	12806	0.002918	0	2	7616	24	5174	/data/opengwasdb/metabolome-plasma-2023/releases/2023-chen-full-south-asian/filtered/GCST90203706_GCST90203706.filtered.tsv.gz	288012	sha256	fb46756ae8fee726d43ed4a6ef0536a5d1f83a3c1ec1647ff66f858df5c87f39	6.8	11.9	18.7
GCST90203707	ok	""	1	0	http://ftp.ebi.ac.uk/pub/databases/gwas/summary_statistics/GCST90203001-GCST90204000/GCST90203707/harmonised/GCST90203707.h.tsv.gz	90518775	4255885	4996	0.001174	0	0	0	26	4970	/data/opengwasdb/metabolome-plasma-2023/releases/2023-chen-full-south-asian/filtered/GCST90203707_GCST90203707.filtered.tsv.gz	139715	sha256	9f044ad64c501988cdbfa7b1391e8db5d88b3d3c24dc31151ad7e179af234397	5.5	9.9	15.4
GCST90203708	ok	""	1	0	http://ftp.ebi.ac.uk/pub/databases/gwas/summary_statistics/GCST90203001-GCST90204000/GCST90203708/harmonised/GCST90203708.h.tsv.gz	90800554	4270610	14404	0.003373	0	3	9398	25	4992	/data/opengwasdb/metabolome-plasma-2023/releases/2023-chen-full-south-asian/filtered/GCST90203708_GCST90203708.filtered.tsv.gz	322857	sha256	154e68f0b4c2c8ea53793be969abd1576aae7d63e5a8f4481e15676e8e43d9ba	5.4	11.6	17
GCST90203709	ok	""	1	0	http://ftp.ebi.ac.uk/pub/databases/gwas/summary_statistics/GCST90203001-GCST90204000/GCST90203709/harmonised/GCST90203709.h.tsv.gz	90510407	4255885	4995	0.001174	0	0	0	25	4970	/data/opengwasdb/metabolome-plasma-2023/releases/2023-chen-full-south-asian/filtered/GCST90203709_GCST90203709.filtered.tsv.gz	139678	sha256	d6bf5995a3fb6a5682bcf34e59e20f5988974cfa714864b99f104a5f20c378b4	5.6	11.3	16.9
GCST90203710	ok	""	1	0	http://ftp.ebi.ac.uk/pub/databases/gwas/summary_statistics/GCST90203001-GCST90204000/GCST90203710/harmonised/GCST90203710.h.tsv.gz	90511875	4255885	4998	0.001174	0	0	0	28	4970	/data/opengwasdb/metabolome-plasma-2023/releases/2023-chen-full-south-asian/filtered/GCST90203710_GCST90203710.filtered.tsv.gz	139870	sha256	8aa02a9bb99065bb4f6422e2fce419c712edf8d6fe446799cfc73721b24b83c7	6.1	11.3	17.4
GCST90203711	ok	""	1	0	http://ftp.ebi.ac.uk/pub/databases/gwas/summary_statistics/GCST90203001-GCST90204000/GCST90203711/harmonised/GCST90203711.h.tsv.gz	87072877	4313804	8338	0.001933	0	1	3261	13	5066	/data/opengwasdb/metabolome-plasma-2023/releases/2023-chen-full-south-asian/filtered/GCST90203711_GCST90203711.filtered.tsv.gz	210552	sha256	d7ef9226451ab3446abacf1683206084ec0ae420f89c2610a079c05b50ed3909	6.2	11.5	17.7
GCST90203712	ok	""	1	0	http://ftp.ebi.ac.uk/pub/databases/gwas/summary_statistics/GCST90203001-GCST90204000/GCST90203712/harmonised/GCST90203712.h.tsv.gz	92324537	4351811	9013	0.002071	0	1	3865	20	5132	/data/opengwasdb/metabolome-plasma-2023/releases/2023-chen-full-south-asian/filtered/GCST90203712_GCST90203712.filtered.tsv.gz	220365	sha256	8c1919a36809fee02e2e68dc28ce3abfa5d16c3fcedb7131b467db8c1895bf2c	5.4	11.9	17.3
GCST90203713	ok	""	1	0	http://ftp.ebi.ac.uk/pub/databases/gwas/summary_statistics/GCST90203001-GCST90204000/GCST90203713/harmonised/GCST90203713.h.tsv.gz	86741469	4291551	5057	0.001178	0	0	0	28	5029	/data/opengwasdb/metabolome-plasma-2023/releases/2023-chen-full-south-asian/filtered/GCST90203713_GCST90203713.filtered.tsv.gz	141280	sha256	fe24bc0c6024c865df8e10dbb3de30a69a97f76cdf1ab67345bd8a124bc98862	3.8	11	14.8
GCST90203714	ok	""	1	0	http://ftp.ebi.ac.uk/pub/databases/gwas/summary_statistics/GCST90203001-GCST90204000/GCST90203714/harmonised/GCST90203714.h.tsv.gz	90882420	4274141	5013	0.001173	0	0	0	13	5000	/data/opengwasdb/metabolome-plasma-2023/releases/2023-chen-full-south-asian/filtered/GCST90203714_GCST90203714.filtered.tsv.gz	140140	sha256	a3d597d23da5a0f97ac3b2c50e81b8ffdd635eb2287a6538a64b8fc58b94bbcb	3	12.2	15.2
GCST90203715	ok	""	1	0	http://ftp.ebi.ac.uk/pub/databases/gwas/summary_statistics/GCST90203001-GCST90204000/GCST90203715/harmonised/GCST90203715.h.tsv.gz	90912526	4276157	8301	0.001941	0	1	3283	18	5004	/data/opengwasdb/metabolome-plasma-2023/releases/2023-chen-full-south-asian/filtered/GCST90203715_GCST90203715.filtered.tsv.gz	200646	sha256	071e29bb2497ce1c89166f5049ce107e81914e2f35a3071af5348099fbab0807	5.6	11.4	17
GCST90203716	ok	""	1	0	http://ftp.ebi.ac.uk/pub/databases/gwas/summary_statistics/GCST90203001-GCST90204000/GCST90203716/harmonised/GCST90203716.h.tsv.gz	90496404	4255885	4995	0.001174	0	0	0	25	4970	/data/opengwasdb/metabolome-plasma-2023/releases/2023-chen-full-south-asian/filtered/GCST90203716_GCST90203716.filtered.tsv.gz	139704	sha256	04e9979c35444b0ae480a713686580f8ce342fd390243bd3f7ef8d13a758aefc	6.2	11.5	17.7
GCST90203717	ok	""	1	0	http://ftp.ebi.ac.uk/pub/databases/gwas/summary_statistics/GCST90203001-GCST90204000/GCST90203717/harmonised/GCST90203717.h.tsv.gz	86989826	4309450	7511	0.001743	0	1	2440	24	5049	/data/opengwasdb/metabolome-plasma-2023/releases/2023-chen-full-south-asian/filtered/GCST90203717_GCST90203717.filtered.tsv.gz	189143	sha256	1915ecb13528ed7bbba985fcc9128f2cc0c9f58e6b484cc5b8eda89a4921344f	6	9.6	15.5
GCST90203718	ok	""	1	0	http://ftp.ebi.ac.uk/pub/databases/gwas/summary_statistics/GCST90203001-GCST90204000/GCST90203718/harmonised/GCST90203718.h.tsv.gz	90813081	4271977	5023	0.001176	0	0	0	31	4992	/data/opengwasdb/metabolome-plasma-2023/releases/2023-chen-full-south-asian/filtered/GCST90203718_GCST90203718.filtered.tsv.gz	140495	sha256	4a495b6eaa20f2793c61c2d92696817f8562e8c65d1b8c92afa104e257d6cc86	5.3	11.9	17.2
GCST90203719	ok	""	1	0	http://ftp.ebi.ac.uk/pub/databases/gwas/summary_statistics/GCST90203001-GCST90204000/GCST90203719/harmonised/GCST90203719.h.tsv.gz	91219419	4296101	5051	0.001176	0	0	0	22	5029	/data/opengwasdb/metabolome-plasma-2023/releases/2023-chen-full-south-asian/filtered/GCST90203719_GCST90203719.filtered.tsv.gz	141209	sha256	d90b98696699edcc53dd0bf555d10916ba51658fe1feea81d03e115419c9997f	4.7	11	15.7
GCST90203720	ok	""	1	0	http://ftp.ebi.ac.uk/pub/databases/gwas/summary_statistics/GCST90203001-GCST90204000/GCST90203720/harmonised/GCST90203720.h.tsv.gz	89208133	4284387	5055	0.00118	0	0	0	29	5026	/data/opengwasdb/metabolome-plasma-2023/releases/2023-chen-full-south-asian/filtered/GCST90203720_GCST90203720.filtered.tsv.gz	140998	sha256	a77a6893c8c606487cb10ec4257aaf89e336e2c233ae37d636792b5220a07049	6.4	11	17.4
GCST90203721	ok	""	1	0	http://ftp.ebi.ac.uk/pub/databases/gwas/summary_statistics/GCST90203001-GCST90204000/GCST90203721/harmonised/GCST90203721.h.tsv.gz	86162173	4255885	4991	0.001173	0	0	0	21	4970	/data/opengwasdb/metabolome-plasma-2023/releases/2023-chen-full-south-asian/filtered/GCST90203721_GCST90203721.filtered.tsv.gz	139664	sha256	f3cf9833228b6d36f82b836b588a804445eb191dbcb8ae43b39091be3786468e	5	10.8	15.8
GCST90203722	ok	""	1	0	http://ftp.ebi.ac.uk/pub/databases/gwas/summary_statistics/GCST90203001-GCST90204000/GCST90203722/harmonised/GCST90203722.h.tsv.gz	90773896	4270747	8286	0.00194	0	1	3288	19	4982	/data/opengwasdb/metabolome-plasma-2023/releases/2023-chen-full-south-asian/filtered/GCST90203722_GCST90203722.filtered.tsv.gz	205309	sha256	9eef20b1393542ad858781b31d14666f016f1cc252da929afa48c7bceeedc20d	3.2	11.5	14.7
GCST90203723	ok	""	1	0	http://ftp.ebi.ac.uk/pub/databases/gwas/summary_statistics/GCST90203001-GCST90204000/GCST90203723/harmonised/GCST90203723.h.tsv.gz	86912311	4299292	5057	0.001176	0	0	0	19	5038	/data/opengwasdb/metabolome-plasma-2023/releases/2023-chen-full-south-asian/filtered/GCST90203723_GCST90203723.filtered.tsv.gz	141252	sha256	1e364747e59320f055a828974f4e3241e9920aa83863d340023a025a62ca3b4a	5.3	11.8	17.1
GCST90203724	ok	""	1	0	http://ftp.ebi.ac.uk/pub/databases/gwas/summary_statistics/GCST90203001-GCST90204000/GCST90203724/harmonised/GCST90203724.h.tsv.gz	93057234	4393068	11125	0.002532	0	2	5915	33	5184	/data/opengwasdb/metabolome-plasma-2023/releases/2023-chen-full-south-asian/filtered/GCST90203724_GCST90203724.filtered.tsv.gz	263592	sha256	87f6ca79970c5526738f3ca2d0d6ad59bcaa37c9581bd4e153c5e89eb82bc839	5.6	11.1	16.7
GCST90203725	ok	""	1	0	http://ftp.ebi.ac.uk/pub/databases/gwas/summary_statistics/GCST90203001-GCST90204000/GCST90203725/harmonised/GCST90203725.h.tsv.gz	87897270	4355126	11035	0.002534	0	2	5870	23	5149	/data/opengwasdb/metabolome-plasma-2023/releases/2023-chen-full-south-asian/filtered/GCST90203725_GCST90203725.filtered.tsv.gz	258272	sha256	b715cf59da99a5dbb4948ae46135ad911848c29e60bdd1283dd6d03e4bb7b410	6.4	10.7	17.1
GCST90203726	ok	""	1	0	http://ftp.ebi.ac.uk/pub/databases/gwas/summary_statistics/GCST90203001-GCST90204000/GCST90203726/harmonised/GCST90203726.h.tsv.gz	92186910	4345119	5139	0.001183	0	0	0	25	5114	/data/opengwasdb/metabolome-plasma-2023/releases/2023-chen-full-south-asian/filtered/GCST90203726_GCST90203726.filtered.tsv.gz	143749	sha256	73923193c9bda4f09f08b6b2d3545c620f56c903c3a1f823fecca8d37e3a3574	3.1	11	14.1
GCST90203727	ok	""	1	0	http://ftp.ebi.ac.uk/pub/databases/gwas/summary_statistics/GCST90203001-GCST90204000/GCST90203727/harmonised/GCST90203727.h.tsv.gz	90513427	4255885	4993	0.001173	0	0	0	23	4970	/data/opengwasdb/metabolome-plasma-2023/releases/2023-chen-full-south-asian/filtered/GCST90203727_GCST90203727.filtered.tsv.gz	139738	sha256	07196035d3f848fe6c5e0cbf25428173b4f4a2e28d63fd0490d66d1cd5a7e5aa	6.2	11.1	17.3
GCST90203728	ok	""	1	0	http://ftp.ebi.ac.uk/pub/databases/gwas/summary_statistics/GCST90203001-GCST90204000/GCST90203728/harmonised/GCST90203728.h.tsv.gz	86941515	4306310	5074	0.001178	0	0	0	29	5045	/data/opengwasdb/metabolome-plasma-2023/releases/2023-chen-full-south-asian/filtered/GCST90203728_GCST90203728.filtered.tsv.gz	141486	sha256	9d325d1b3cc77ece17e3d746123ba9a9bf646fee0231f0ae9deb50aa90b21bae	3.3	11.5	14.8
GCST90203729	ok	""	1	0	http://ftp.ebi.ac.uk/pub/databases/gwas/summary_statistics/GCST90203001-GCST90204000/GCST90203729/harmonised/GCST90203729.h.tsv.gz	90799773	4270610	8806	0.002062	0	1	3793	25	4992	/data/opengwasdb/metabolome-plasma-2023/releases/2023-chen-full-south-asian/filtered/GCST90203729_GCST90203729.filtered.tsv.gz	215660	sha256	6a2fa8a3c47c48b1fa22b5301ed6e09f20b452a0983e05b2c7f04ba275a2cffe	5.6	11.7	17.2
GCST90203730	ok	""	1	0	http://ftp.ebi.ac.uk/pub/databases/gwas/summary_statistics/GCST90203001-GCST90204000/GCST90203730/harmonised/GCST90203730.h.tsv.gz	91067862	4287493	5060	0.00118	0	0	0	34	5026	/data/opengwasdb/metabolome-plasma-2023/releases/2023-chen-full-south-asian/filtered/GCST90203730_GCST90203730.filtered.tsv.gz	141323	sha256	556fc261936cd0052fa1699d16a02aa85082ffafb866e335e5ae7ed60aa5447a	5.2	11.7	16.9
GCST90203731	ok	""	1	0	http://ftp.ebi.ac.uk/pub/databases/gwas/summary_statistics/GCST90203001-GCST90204000/GCST90203731/harmonised/GCST90203731.h.tsv.gz	91432117	4310664	7586	0.00176	0	1	2534	16	5038	/data/opengwasdb/metabolome-plasma-2023/releases/2023-chen-full-south-asian/filtered/GCST90203731_GCST90203731.filtered.tsv.gz	193821	sha256	4baba9811f5ee61eb6a5bb885c7721a35d3cb909d4ce515b91e8cce842b5cf96	6.2	11.4	17.6
GCST90203732	ok	""	1	0	http://ftp.ebi.ac.uk/pub/databases/gwas/summary_statistics/GCST90203001-GCST90204000/GCST90203732/harmonised/GCST90203732.h.tsv.gz	86155791	4255885	4989	0.001172	0	0	0	19	4970	/data/opengwasdb/metabolome-plasma-2023/releases/2023-chen-full-south-asian/filtered/GCST90203732_GCST90203732.filtered.tsv.gz	139443	sha256	a380c4a400df89e3cc15f81d59c3e5302e46ca8b9f12e8783acf3bd24ca269b4	5.2	9.7	15
GCST90203733	ok	""	1	0	http://ftp.ebi.ac.uk/pub/databases/gwas/summary_statistics/GCST90203001-GCST90204000/GCST90203733/harmonised/GCST90203733.h.tsv.gz	90511242	4255885	4992	0.001173	0	0	0	22	4970	/data/opengwasdb/metabolome-plasma-2023/releases/2023-chen-full-south-asian/filtered/GCST90203733_GCST90203733.filtered.tsv.gz	139697	sha256	a25ab75e0827ff045d61a0b594fcdc1dbce6bafecfc3f5cd08edd54f4d2022ed	3.4	11.4	14.8
GCST90203734	ok	""	1	0	http://ftp.ebi.ac.uk/pub/databases/gwas/summary_statistics/GCST90203001-GCST90204000/GCST90203734/harmonised/GCST90203734.h.tsv.gz	90853884	4272869	5018	0.001174	0	0	0	20	4998	/data/opengwasdb/metabolome-plasma-2023/releases/2023-chen-full-south-asian/filtered/GCST90203734_GCST90203734.filtered.tsv.gz	140242	sha256	0b407bc4f7ec6f215dfb23ab47ee13d99a087de6456d348713dc98f54687f21e	4.6	11.9	16.5
GCST90203735	ok	""	1	0	http://ftp.ebi.ac.uk/pub/databases/gwas/summary_statistics/GCST90203001-GCST90204000/GCST90203735/harmonised/GCST90203735.h.tsv.gz	86303630	4261425	11686	0.002742	0	2	6689	18	4986	/data/opengwasdb/metabolome-plasma-2023/releases/2023-chen-full-south-asian/filtered/GCST90203735_GCST90203735.filtered.tsv.gz	265342	sha256	f22a72c15cec242afae7b9d8154815ab6cfa3ba2f64bd45ec91a08d3835e38b2	5.2	11.1	16.3
GCST90203736	ok	""	1	0	http://ftp.ebi.ac.uk/pub/databases/gwas/summary_statistics/GCST90203001-GCST90204000/GCST90203736/harmonised/GCST90203736.h.tsv.gz	86145901	4255885	4992	0.001173	0	0	0	22	4970	/data/opengwasdb/metabolome-plasma-2023/releases/2023-chen-full-south-asian/filtered/GCST90203736_GCST90203736.filtered.tsv.gz	139675	sha256	c4db5b3c140191d8fe14a66e35ad13e9c69fa3f5ddbcaed282178466de9b2d95	3.2	11	14.2
GCST90203737	ok	""	1	0	http://ftp.ebi.ac.uk/pub/databases/gwas/summary_statistics/GCST90203001-GCST90204000/GCST90203737/harmonised/GCST90203737.h.tsv.gz	86382989	4271866	8678	0.002031	0	1	3660	20	5000	/data/opengwasdb/metabolome-plasma-2023/releases/2023-chen-full-south-asian/filtered/GCST90203737_GCST90203737.filtered.tsv.gz	212850	sha256	0ec88389878905390d917dbd8dcc7a6e28f0b0ff4b6882e5b507c682cb00f4e3	4.3	9.9	14.2
GCST90203738	ok	""	1	0	http://ftp.ebi.ac.uk/pub/databases/gwas/summary_statistics/GCST90203001-GCST90204000/GCST90203738/harmonised/GCST90203738.h.tsv.gz	86105952	4255885	8277	0.001945	0	1	3285	24	4970	/data/opengwasdb/metabolome-plasma-2023/releases/2023-chen-full-south-asian/filtered/GCST90203738_GCST90203738.filtered.tsv.gz	206030	sha256	e5b3f65e3003289eacdecb5282511c58987c22ce890e34b2f6436ab5d71487c7	5.3	11.9	17.2
GCST90203739	ok	""	1	0	http://ftp.ebi.ac.uk/pub/databases/gwas/summary_statistics/GCST90203001-GCST90204000/GCST90203739/harmonised/GCST90203739.h.tsv.gz	90903231	4275487	5031	0.001177	0	0	0	24	5007	/data/opengwasdb/metabolome-plasma-2023/releases/2023-chen-full-south-asian/filtered/GCST90203739_GCST90203739.filtered.tsv.gz	140640	sha256	c65e4b2818d2c92d61e85e055be01d09d1c155d1c328efe5997e5e7c98446ca8	6.4	11.6	18
GCST90203740	ok	""	1	0	http://ftp.ebi.ac.uk/pub/databases/gwas/summary_statistics/GCST90203001-GCST90204000/GCST90203740/harmonised/GCST90203740.h.tsv.gz	90535740	4255885	7374	0.001733	0	1	2384	23	4970	/data/opengwasdb/metabolome-plasma-2023/releases/2023-chen-full-south-asian/filtered/GCST90203740_GCST90203740.filtered.tsv.gz	185610	sha256	e990c4e5c284b20010a4449bc6696f19fe5f136d06a916762fc2f5d4ccf763cb	6.2	11.3	17.5
GCST90203741	ok	""	1	0	http://ftp.ebi.ac.uk/pub/databases/gwas/summary_statistics/GCST90203001-GCST90204000/GCST90203741/harmonised/GCST90203741.h.tsv.gz	91177974	4294980	5052	0.001176	0	0	0	20	5032	/data/opengwasdb/metabolome-plasma-2023/releases/2023-chen-full-south-asian/filtered/GCST90203741_GCST90203741.filtered.tsv.gz	141112	sha256	729fa1a99a43138a3e30cdba8ed7344db23c5d153f2f4e212c2740e8daf0e58a	4.7	10.2	14.8
GCST90203742	ok	""	1	0	http://ftp.ebi.ac.uk/pub/databases/gwas/summary_statistics/GCST90203001-GCST90204000/GCST90203742/harmonised/GCST90203742.h.tsv.gz	91037511	4286610	5045	0.001177	0	0	0	17	5028	/data/opengwasdb/metabolome-plasma-2023/releases/2023-chen-full-south-asian/filtered/GCST90203742_GCST90203742.filtered.tsv.gz	140870	sha256	50879024f2059ad176b3f72e0cde1225b439ed345575d9497b6a590dba6915ba	4.9	11.3	16.2
GCST90203743	ok	""	1	0	http://ftp.ebi.ac.uk/pub/databases/gwas/summary_statistics/GCST90203001-GCST90204000/GCST90203743/harmonised/GCST90203743.h.tsv.gz	93054136	4400185	8618	0.001959	0	1	3412	16	5196	/data/opengwasdb/metabolome-plasma-2023/releases/2023-chen-full-south-asian/filtered/GCST90203743_GCST90203743.filtered.tsv.gz	209864	sha256	b8ab37fe9d6b3e2cafec250f158739420fe30ea084d3b22fc7a7c8d5ba707ca8	4	13	17
GCST90203744	ok	""	1	0	http://ftp.ebi.ac.uk/pub/databases/gwas/summary_statistics/GCST90203001-GCST90204000/GCST90203744/harmonised/GCST90203744.h.tsv.gz	92163306	4343565	5147	0.001185	0	0	0	25	5122	/data/opengwasdb/metabolome-plasma-2023/releases/2023-chen-full-south-asian/filtered/GCST90203744_GCST90203744.filtered.tsv.gz	143873	sha256	031843c3035f7f6627c7b6e4ec4ff1e01371baeed49416952b6c7167b8a633ee	5.4	11.9	17.2
GCST90203745	ok	""	1	0	http://ftp.ebi.ac.uk/pub/databases/gwas/summary_statistics/GCST90203001-GCST90204000/GCST90203745/harmonised/GCST90203745.h.tsv.gz	87432284	4258583	8559	0.00201	0	1	3531	40	4992	/data/opengwasdb/metabolome-plasma-2023/releases/2023-chen-full-south-asian/filtered/GCST90203745_GCST90203745.filtered.tsv.gz	205563	sha256	9983799cea50b47012689afe898fb40f90f1ebb19f9ba3facd525a62d9296f1b	5.2	11.9	17.1
GCST90203746	ok	""	1	0	http://ftp.ebi.ac.uk/pub/databases/gwas/summary_statistics/GCST90203001-GCST90204000/GCST90203746/harmonised/GCST90203746.h.tsv.gz	91134094	4291362	5056	0.001178	0	0	0	21	5035	/data/opengwasdb/metabolome-plasma-2023/releases/2023-chen-full-south-asian/filtered/GCST90203746_GCST90203746.filtered.tsv.gz	141158	sha256	47ff9bb7df0bb386a65d15f51ab6ce78575eab28db0a282aaf9804987f8a2533	5.3	11.4	16.7
GCST90203747	ok	""	1	0	http://ftp.ebi.ac.uk/pub/databases/gwas/summary_statistics/GCST90203001-GCST90204000/GCST90203747/harmonised/GCST90203747.h.tsv.gz	87142475	4318122	9852	0.002282	0	1	4780	13	5064	/data/opengwasdb/metabolome-plasma-2023/releases/2023-chen-full-south-asian/filtered/GCST90203747_GCST90203747.filtered.tsv.gz	231545	sha256	11aa82dc7ed4a69b5821dced931eb21c84f7ba8770df811bbc671ac74c8b8b3f	5.4	10.7	16.1
GCST90203748	ok	""	1	0	http://ftp.ebi.ac.uk/pub/databases/gwas/summary_statistics/GCST90203001-GCST90204000/GCST90203748/harmonised/GCST90203748.h.tsv.gz	91205039	4294190	5059	0.001178	0	0	0	26	5033	/data/opengwasdb/metabolome-plasma-2023/releases/2023-chen-full-south-asian/filtered/GCST90203748_GCST90203748.filtered.tsv.gz	141288	sha256	e095344296db72d36e371caaf9bed1db476ba21d2df4a1e594e99019d91c78bd	5.8	10.7	16.5
GCST90203749	ok	""	1	0	http://ftp.ebi.ac.uk/pub/databases/gwas/summary_statistics/GCST90203001-GCST90204000/GCST90203749/harmonised/GCST90203749.h.tsv.gz	86915013	4412308	5218	0.001183	0	0	0	27	5191	/data/opengwasdb/metabolome-plasma-2023/releases/2023-chen-full-south-asian/filtered/GCST90203749_GCST90203749.filtered.tsv.gz	144852	sha256	3d2aa7da7d2cfd401c8d7defff67b1c2c4b6ea93aee7dca6c77ecb7c9e137970	6.3	11.2	17.5
GCST90203750	ok	""	1	0	http://ftp.ebi.ac.uk/pub/databases/gwas/summary_statistics/GCST90203001-GCST90204000/GCST90203750/harmonised/GCST90203750.h.tsv.gz	86125310	4255885	4990	0.001172	0	0	0	20	4970	/data/opengwasdb/metabolome-plasma-2023/releases/2023-chen-full-south-asian/filtered/GCST90203750_GCST90203750.filtered.tsv.gz	139569	sha256	d8477ca92c5141d250b5d0d19d64e72065d0eeb15a0be63ad7c10b9eef02ae8c	6.1	11.2	17.3
GCST90203751	ok	""	1	0	http://ftp.ebi.ac.uk/pub/databases/gwas/summary_statistics/GCST90203001-GCST90204000/GCST90203751/harmonised/GCST90203751.h.tsv.gz	86645680	4283195	5043	0.001177	0	0	0	17	5026	/data/opengwasdb/metabolome-plasma-2023/releases/2023-chen-full-south-asian/filtered/GCST90203751_GCST90203751.filtered.tsv.gz	140960	sha256	1f66555a7d8648bf3d3f79db2384bda9badf28c16f6017b68d91b8c707847a38	4.9	11.2	16.2
GCST90203752	ok	""	1	0	http://ftp.ebi.ac.uk/pub/databases/gwas/summary_statistics/GCST90203001-GCST90204000/GCST90203752/harmonised/GCST90203752.h.tsv.gz	90518299	4255885	9527	0.002239	0	2	4542	23	4970	/data/opengwasdb/metabolome-plasma-2023/releases/2023-chen-full-south-asian/filtered/GCST90203752_GCST90203752.filtered.tsv.gz	226777	sha256	1eff61783e7d7e32427aef494330baa3ef368f76d5f77c40aeca144445cda1c6	6.7	11.5	18.2
GCST90203753	ok	""	1	0	http://ftp.ebi.ac.uk/pub/databases/gwas/summary_statistics/GCST90203001-GCST90204000/GCST90203753/harmonised/GCST90203753.h.tsv.gz	86809710	4295874	7620	0.001774	0	1	2576	15	5033	/data/opengwasdb/metabolome-plasma-2023/releases/2023-chen-full-south-asian/filtered/GCST90203753_GCST90203753.filtered.tsv.gz	191927	sha256	d7ae071952287eb7296fceaf97ba9186504ad484d2f2fe5d0c50a60660fa3518	6	11.2	17.2
GCST90203754	ok	""	1	0	http://ftp.ebi.ac.uk/pub/databases/gwas/summary_statistics/GCST90203001-GCST90204000/GCST90203754/harmonised/GCST90203754.h.tsv.gz	90854916	4274252	8961	0.002097	0	2	3938	28	5001	/data/opengwasdb/metabolome-plasma-2023/releases/2023-chen-full-south-asian/filtered/GCST90203754_GCST90203754.filtered.tsv.gz	217096	sha256	28592b5b0c693ab9f627a10e6ae80a51332c0c2bd47b0ada429d4b76594cd99d	6	11.5	17.5
GCST90203755	ok	""	1	0	http://ftp.ebi.ac.uk/pub/databases/gwas/summary_statistics/GCST90203001-GCST90204000/GCST90203755/harmonised/GCST90203755.h.tsv.gz	90944378	4277522	5013	0.001172	0	0	0	15	4998	/data/opengwasdb/metabolome-plasma-2023/releases/2023-chen-full-south-asian/filtered/GCST90203755_GCST90203755.filtered.tsv.gz	140156	sha256	9321d6804923df7590259cfad0a57946621e2e95b39052d0e284eb94e61d9180	5.1	11.4	16.5
GCST90203756	ok	""	1	0	http://ftp.ebi.ac.uk/pub/databases/gwas/summary_statistics/GCST90203001-GCST90204000/GCST90203756/harmonised/GCST90203756.h.tsv.gz	86812202	4301568	5058	0.001176	0	0	0	13	5045	/data/opengwasdb/metabolome-plasma-2023/releases/2023-chen-full-south-asian/filtered/GCST90203756_GCST90203756.filtered.tsv.gz	140985	sha256	5f5539d96d2880577f5954c697a30e5ec819f3e40fa87cbcc16e6d948ceab71d	4	12	16
GCST90203757	ok	""	1	0	http://ftp.ebi.ac.uk/pub/databases/gwas/summary_statistics/GCST90203001-GCST90204000/GCST90203757/harmonised/GCST90203757.h.tsv.gz	86479017	4274098	5009	0.001172	0	0	0	13	4996	/data/opengwasdb/metabolome-plasma-2023/releases/2023-chen-full-south-asian/filtered/GCST90203757_GCST90203757.filtered.tsv.gz	140021	sha256	6c4a62e475f00c001cab41c48fa0bdb90861806fb0d5a1c960cd130277f16bf3	5.2	10.8	16
GCST90203758	ok	""	1	0	http://ftp.ebi.ac.uk/pub/databases/gwas/summary_statistics/GCST90203001-GCST90204000/GCST90203758/harmonised/GCST90203758.h.tsv.gz	86716295	4284108	5037	0.001176	0	0	0	17	5020	/data/opengwasdb/metabolome-plasma-2023/releases/2023-chen-full-south-asian/filtered/GCST90203758_GCST90203758.filtered.tsv.gz	141005	sha256	54443a5dc42cc03c3bc771fed5fd5ddb42e0f37248997d8887a2ff95a37ab6e9	6	10.9	16.9
GCST90203759	ok	""	1	0	http://ftp.ebi.ac.uk/pub/databases/gwas/summary_statistics/GCST90203001-GCST90204000/GCST90203759/harmonised/GCST90203759.h.tsv.gz	85714383	4408408	5258	0.001193	0	0	0	25	5233	/data/opengwasdb/metabolome-plasma-2023/releases/2023-chen-full-south-asian/filtered/GCST90203759_GCST90203759.filtered.tsv.gz	146055	sha256	fdd6c0fa6f8f9b3141e308cdb05ffe63f0e264dd351f862ca4024390fc551557	4.4	13.2	17.5
GCST90203760	ok	""	1	0	http://ftp.ebi.ac.uk/pub/databases/gwas/summary_statistics/GCST90203001-GCST90204000/GCST90203760/harmonised/GCST90203760.h.tsv.gz	91212949	4295475	5054	0.001177	0	0	0	22	5032	/data/opengwasdb/metabolome-plasma-2023/releases/2023-chen-full-south-asian/filtered/GCST90203760_GCST90203760.filtered.tsv.gz	141328	sha256	792cd750e6fb78f6e2c85b729a6f74028e1b2cd8ed3305a03427892e83f90f54	6.5	11.7	18.2
GCST90203761	ok	""	1	0	http://ftp.ebi.ac.uk/pub/databases/gwas/summary_statistics/GCST90203001-GCST90204000/GCST90203761/harmonised/GCST90203761.h.tsv.gz	86836408	4297423	8214	0.001911	0	1	3150	25	5042	/data/opengwasdb/metabolome-plasma-2023/releases/2023-chen-full-south-asian/filtered/GCST90203761_GCST90203761.filtered.tsv.gz	203847	sha256	63dd2a0072a8a9bdea3c848bac7e58160726e8db0e33487d28e5637edb18378e	4.1	11.9	16
GCST90203762	ok	""	1	0	http://ftp.ebi.ac.uk/pub/databases/gwas/summary_statistics/GCST90203001-GCST90204000/GCST90203762/harmonised/GCST90203762.h.tsv.gz	86298429	4261425	5004	0.001174	0	0	0	18	4986	/data/opengwasdb/metabolome-plasma-2023/releases/2023-chen-full-south-asian/filtered/GCST90203762_GCST90203762.filtered.tsv.gz	139927	sha256	f05b938124c4d950fdc48ab1dd27087e232156f5d4bca20eba1a8f777e62a0d4	6.2	11.3	17.5
GCST90203763	ok	""	1	0	http://ftp.ebi.ac.uk/pub/databases/gwas/summary_statistics/GCST90203001-GCST90204000/GCST90203763/harmonised/GCST90203763.h.tsv.gz	91966736	4332235	5110	0.00118	0	0	0	17	5093	/data/opengwasdb/metabolome-plasma-2023/releases/2023-chen-full-south-asian/filtered/GCST90203763_GCST90203763.filtered.tsv.gz	142519	sha256	27ba4306aea88b27e318624238623f3589b795ab74ea3c8c059b98f1794f6791	5.3	11.6	16.9
GCST90203764	ok	""	1	0	http://ftp.ebi.ac.uk/pub/databases/gwas/summary_statistics/GCST90203001-GCST90204000/GCST90203764/harmonised/GCST90203764.h.tsv.gz	92306804	4350651	5130	0.001179	0	0	0	20	5110	/data/opengwasdb/metabolome-plasma-2023/releases/2023-chen-full-south-asian/filtered/GCST90203764_GCST90203764.filtered.tsv.gz	143364	sha256	80e5f7650c48ee49b7b9c6676dc8c7dfac4f34f9c06b9fc2c717299a2d3eb7f4	6.4	11.3	17.7
GCST90203765	ok	""	1	0	http://ftp.ebi.ac.uk/pub/databases/gwas/summary_statistics/GCST90203001-GCST90204000/GCST90203765/harmonised/GCST90203765.h.tsv.gz	86143240	4255885	9950	0.002338	0	1	4965	17	4970	/data/opengwasdb/metabolome-plasma-2023/releases/2023-chen-full-south-asian/filtered/GCST90203765_GCST90203765.filtered.tsv.gz	237619	sha256	6ec3ac59d632f1b2a46214011e807038e60e078aa9bf58fabdad0aacf9b9ba5b	5.7	9.8	15.4
GCST90203766	ok	""	1	0	http://ftp.ebi.ac.uk/pub/databases/gwas/summary_statistics/GCST90203001-GCST90204000/GCST90203766/harmonised/GCST90203766.h.tsv.gz	90763325	4269681	5014	0.001174	0	0	0	22	4992	/data/opengwasdb/metabolome-plasma-2023/releases/2023-chen-full-south-asian/filtered/GCST90203766_GCST90203766.filtered.tsv.gz	140149	sha256	95a7a4e260b43a8c3000abffcf45218ac7c4aa2c63b92c65a695e71fc05e1b66	4.2	9.9	14.1
GCST90203767	ok	""	1	0	http://ftp.ebi.ac.uk/pub/databases/gwas/summary_statistics/GCST90203001-GCST90204000/GCST90203767/harmonised/GCST90203767.h.tsv.gz	90945695	4276475	5020	0.001174	0	0	0	17	5003	/data/opengwasdb/metabolome-plasma-2023/releases/2023-chen-full-south-asian/filtered/GCST90203767_GCST90203767.filtered.tsv.gz	140448	sha256	4f6cbb0d914932257b8dd48c0c3da7c508510c79e28d6a19e4670ec2f84d99a9	5.3	11.5	16.8
GCST90203768	ok	""	1	0	http://ftp.ebi.ac.uk/pub/databases/gwas/summary_statistics/GCST90203001-GCST90204000/GCST90203768/harmonised/GCST90203768.h.tsv.gz	91113965	4290406	5036	0.001174	0	0	0	16	5020	/data/opengwasdb/metabolome-plasma-2023/releases/2023-chen-full-south-asian/filtered/GCST90203768_GCST90203768.filtered.tsv.gz	140889	sha256	ddbec602992e140039c4a7bb5c7fa1a7a7e900053e53cbf22d19d66cfb44eb41	5.4	12.2	17.6
GCST90203769	ok	""	1	0	http://ftp.ebi.ac.uk/pub/databases/gwas/summary_statistics/GCST90203001-GCST90204000/GCST90203769/harmonised/GCST90203769.h.tsv.gz	86777444	4293532	5040	0.001174	0	0	0	20	5020	/data/opengwasdb/metabolome-plasma-2023/releases/2023-chen-full-south-asian/filtered/GCST90203769_GCST90203769.filtered.tsv.gz	140860	sha256	36f4bbef92d0b58a470f7c97e9111171cd63dda327e9ce4347ffb4133709091e	5.8	11.3	17.2
GCST90203770	ok	""	1	0	http://ftp.ebi.ac.uk/pub/databases/gwas/summary_statistics/GCST90203001-GCST90204000/GCST90203770/harmonised/GCST90203770.h.tsv.gz	90521165	4255885	8459	0.001988	0	1	3475	18	4970	/data/opengwasdb/metabolome-plasma-2023/releases/2023-chen-full-south-asian/filtered/GCST90203770_GCST90203770.filtered.tsv.gz	206436	sha256	28da8c30b7bea234857e0005af2deaa5e2552f94064068d8b978fdd2d3f6efa2	5.4	11.5	16.9
GCST90203771	ok	""	1	0	http://ftp.ebi.ac.uk/pub/databases/gwas/summary_statistics/GCST90203001-GCST90204000/GCST90203771/harmonised/GCST90203771.h.tsv.gz	90519574	4255885	4989	0.001172	0	0	0	19	4970	/data/opengwasdb/metabolome-plasma-2023/releases/2023-chen-full-south-asian/filtered/GCST90203771_GCST90203771.filtered.tsv.gz	139361	sha256	d797be11c6990f482bc01209fc476243ebf0689e048df2afa282cdff18007e4b	6.4	11.1	17.5
GCST90203772	ok	""	1	0	http://ftp.ebi.ac.uk/pub/databases/gwas/summary_statistics/GCST90203001-GCST90204000/GCST90203772/harmonised/GCST90203772.h.tsv.gz	89522968	4248484	9498	0.002236	0	1	4524	11	4966	/data/opengwasdb/metabolome-plasma-2023/releases/2023-chen-full-south-asian/filtered/GCST90203772_GCST90203772.filtered.tsv.gz	215535	sha256	8065df6780281a782c9e81131a1d69056eec2a16680778468be818f2d1bf5fb5	5.4	11.8	17.2
GCST90203773	ok	""	1	0	http://ftp.ebi.ac.uk/pub/databases/gwas/summary_statistics/GCST90203001-GCST90204000/GCST90203773/harmonised/GCST90203773.h.tsv.gz	84811734	4338427	8565	0.001974	0	1	3416	34	5119	/data/opengwasdb/metabolome-plasma-2023/releases/2023-chen-full-south-asian/filtered/GCST90203773_GCST90203773.filtered.tsv.gz	203620	sha256	558a3136cd011ff4ccaa577ff78047e69f4c9a110019eda4c869338827503536	4.5	12.4	17
GCST90203774	ok	""	1	0	http://ftp.ebi.ac.uk/pub/databases/gwas/summary_statistics/GCST90203001-GCST90204000/GCST90203774/harmonised/GCST90203774.h.tsv.gz	86765869	4293532	8848	0.002061	0	1	3810	24	5020	/data/opengwasdb/metabolome-plasma-2023/releases/2023-chen-full-south-asian/filtered/GCST90203774_GCST90203774.filtered.tsv.gz	208152	sha256	3340f71371d25f77ff5b5cf8fa93a04e082c41bdee637c00d28fc7c7eb2f43f8	4.5	11.5	16
GCST90203775	ok	""	1	0	http://ftp.ebi.ac.uk/pub/databases/gwas/summary_statistics/GCST90203001-GCST90204000/GCST90203775/harmonised/GCST90203775.h.tsv.gz	91282522	4298130	8136	0.001893	0	1	3077	22	5039	/data/opengwasdb/metabolome-plasma-2023/releases/2023-chen-full-south-asian/filtered/GCST90203775_GCST90203775.filtered.tsv.gz	205600	sha256	e3084945bde6c42d776febaf01ed9d91745d73dd2928052b72f590a1d67dc276	5.9	11.8	17.7
GCST90203776	ok	""	1	0	http://ftp.ebi.ac.uk/pub/databases/gwas/summary_statistics/GCST90203001-GCST90204000/GCST90203776/harmonised/GCST90203776.h.tsv.gz	90482202	4255885	8746	0.002055	0	1	3744	37	4970	/data/opengwasdb/metabolome-plasma-2023/releases/2023-chen-full-south-asian/filtered/GCST90203776_GCST90203776.filtered.tsv.gz	208473	sha256	6f7d406e03a331616408314c3e90056de4e0bf93c12c7b86b128be4b253a0652	5.2	11	16.3
GCST90203777	ok	""	1	0	http://ftp.ebi.ac.uk/pub/databases/gwas/summary_statistics/GCST90203001-GCST90204000/GCST90203777/harmonised/GCST90203777.h.tsv.gz	88172900	4371269	5180	0.001185	0	0	0	17	5163	/data/opengwasdb/metabolome-plasma-2023/releases/2023-chen-full-south-asian/filtered/GCST90203777_GCST90203777.filtered.tsv.gz	144511	sha256	2114502f0562ee7c9f7508b940d19861d73641b8907be92ff13bc7c8e201c24c	3.2	12	15.2
GCST90203778	ok	""	1	0	http://ftp.ebi.ac.uk/pub/databases/gwas/summary_statistics/GCST90203001-GCST90204000/GCST90203778/harmonised/GCST90203778.h.tsv.gz	90879241	4275145	5029	0.001176	0	0	0	23	5006	/data/opengwasdb/metabolome-plasma-2023/releases/2023-chen-full-south-asian/filtered/GCST90203778_GCST90203778.filtered.tsv.gz	140618	sha256	b36168025b51ecc4f7febb6739dfe821222d9b51c15fa9429c53b67350f383da	4.8	10.5	15.3
GCST90203779	ok	""	1	0	http://ftp.ebi.ac.uk/pub/databases/gwas/summary_statistics/GCST90203001-GCST90204000/GCST90203779/harmonised/GCST90203779.h.tsv.gz	86281799	4261425	5007	0.001175	0	0	0	21	4986	/data/opengwasdb/metabolome-plasma-2023/releases/2023-chen-full-south-asian/filtered/GCST90203779_GCST90203779.filtered.tsv.gz	139999	sha256	7a794d3bfc9055c720a045020bf0101f51db78b192f9abaeaf91966a1a1b50ad	6	10.5	16.5
GCST90203780	ok	""	1	0	http://ftp.ebi.ac.uk/pub/databases/gwas/summary_statistics/GCST90203001-GCST90204000/GCST90203780/harmonised/GCST90203780.h.tsv.gz	90838978	4273720	5023	0.001175	0	0	0	21	5002	/data/opengwasdb/metabolome-plasma-2023/releases/2023-chen-full-south-asian/filtered/GCST90203780_GCST90203780.filtered.tsv.gz	140353	sha256	20918cba08e4d83f9923ab77faf981cf923a1368948187d9e15c99a39a56dcab	6.2	10.2	16.4
GCST90203781	ok	""	1	0	http://ftp.ebi.ac.uk/pub/databases/gwas/summary_statistics/GCST90203001-GCST90204000/GCST90203781/harmonised/GCST90203781.h.tsv.gz	91144677	4291349	8936	0.002082	0	1	3904	23	5016	/data/opengwasdb/metabolome-plasma-2023/releases/2023-chen-full-south-asian/filtered/GCST90203781_GCST90203781.filtered.tsv.gz	214259	sha256	3f87735b60c5fbe54afcf46c2a2a67284e2a7ec356b7c6edca12a199a3f11ac3	5.4	13	18.5
GCST90203782	ok	""	1	0	http://ftp.ebi.ac.uk/pub/databases/gwas/summary_statistics/GCST90203001-GCST90204000/GCST90203782/harmonised/GCST90203782.h.tsv.gz	90518637	4255885	4989	0.001172	0	0	0	19	4970	/data/opengwasdb/metabolome-plasma-2023/releases/2023-chen-full-south-asian/filtered/GCST90203782_GCST90203782.filtered.tsv.gz	139540	sha256	6fa9ba27f4d22b6ce78b28b353a5c1263ad0729a81d162dd99b1f058053a4f35	5.4	11.7	17.2
GCST90203783	ok	""	1	0	http://ftp.ebi.ac.uk/pub/databases/gwas/summary_statistics/GCST90203001-GCST90204000/GCST90203783/harmonised/GCST90203783.h.tsv.gz	86615233	4287105	8088	0.001887	0	1	3055	18	5018	/data/opengwasdb/metabolome-plasma-2023/releases/2023-chen-full-south-asian/filtered/GCST90203783_GCST90203783.filtered.tsv.gz	197380	sha256	132798539d3a2ed384a4f3b1ee13609ccf89d21361b4e2387a9912193bc7a9e6	5.4	11.6	17.1
GCST90203784	ok	""	1	0	http://ftp.ebi.ac.uk/pub/databases/gwas/summary_statistics/GCST90203001-GCST90204000/GCST90203784/harmonised/GCST90203784.h.tsv.gz	92489544	4363821	10123	0.00232	0	1	4971	19	5137	/data/opengwasdb/metabolome-plasma-2023/releases/2023-chen-full-south-asian/filtered/GCST90203784_GCST90203784.filtered.tsv.gz	229178	sha256	b60d40c8336054e0ba5caee30c12c7bf2e0c44fa18f326db9bea0f7333f39768	6.1	12.1	18.1
GCST90203785	ok	""	1	0	http://ftp.ebi.ac.uk/pub/databases/gwas/summary_statistics/GCST90203001-GCST90204000/GCST90203785/harmonised/GCST90203785.h.tsv.gz	86470099	4389731	5210	0.001187	0	0	0	20	5190	/data/opengwasdb/metabolome-plasma-2023/releases/2023-chen-full-south-asian/filtered/GCST90203785_GCST90203785.filtered.tsv.gz	144848	sha256	772a9af2253568ede4f2d66242f386564af040f79c335f8e109b377a0aa728ab	3.2	10.9	14.2
GCST90203786	ok	""	1	0	http://ftp.ebi.ac.uk/pub/databases/gwas/summary_statistics/GCST90203001-GCST90204000/GCST90203786/harmonised/GCST90203786.h.tsv.gz	86287736	4261425	8891	0.002086	0	1	3899	9	4986	/data/opengwasdb/metabolome-plasma-2023/releases/2023-chen-full-south-asian/filtered/GCST90203786_GCST90203786.filtered.tsv.gz	217292	sha256	a7ab8b8710e1393e1043d1b86056cf40a8d40db08472c59385d456bd0a37b017	4.9	11.6	16.5
GCST90203787	ok	""	1	0	http://ftp.ebi.ac.uk/pub/databases/gwas/summary_statistics/GCST90203001-GCST90204000/GCST90203787/harmonised/GCST90203787.h.tsv.gz	90521398	4255885	7850	0.001845	0	1	2866	19	4970	/data/opengwasdb/metabolome-plasma-2023/releases/2023-chen-full-south-asian/filtered/GCST90203787_GCST90203787.filtered.tsv.gz	192027	sha256	cfa977e7f7ec1da4490112cf8b4cf8c217a45b041a85265cc43605d082b10adc	3	10.8	13.9
GCST90203788	ok	""	1	0	http://ftp.ebi.ac.uk/pub/databases/gwas/summary_statistics/GCST90203001-GCST90204000/GCST90203788/harmonised/GCST90203788.h.tsv.gz	86285391	4261425	5012	0.001176	0	0	0	26	4986	/data/opengwasdb/metabolome-plasma-2023/releases/2023-chen-full-south-asian/filtered/GCST90203788_GCST90203788.filtered.tsv.gz	140239	sha256	0e495b03aaac7daf1d8983787dd2a68d9a74cda42951dd3ce2215a1b82ef5bd6	5.2	11.6	16.8
GCST90203789	ok	""	1	0	http://ftp.ebi.ac.uk/pub/databases/gwas/summary_statistics/GCST90203001-GCST90204000/GCST90203789/harmonised/GCST90203789.h.tsv.gz	88025798	4365093	5171	0.001185	0	0	0	22	5149	/data/opengwasdb/metabolome-plasma-2023/releases/2023-chen-full-south-asian/filtered/GCST90203789_GCST90203789.filtered.tsv.gz	144188	sha256	fc56b9e62ce12ceab4bbf567c2da24fd028b666a0c42d788c9c6b683b1cdd1f6	3.2	10.9	14.1
GCST90203790	ok	""	1	0	http://ftp.ebi.ac.uk/pub/databases/gwas/summary_statistics/GCST90203001-GCST90204000/GCST90203790/harmonised/GCST90203790.h.tsv.gz	90489373	4255885	4997	0.001174	0	0	0	27	4970	/data/opengwasdb/metabolome-plasma-2023/releases/2023-chen-full-south-asian/filtered/GCST90203790_GCST90203790.filtered.tsv.gz	139686	sha256	2c64f02ff08953a109811a98a4070a132773beb42100200cea893111c9fc4e33	5.7	10.2	15.9
GCST90203791	ok	""	1	0	http://ftp.ebi.ac.uk/pub/databases/gwas/summary_statistics/GCST90203001-GCST90204000/GCST90203791/harmonised/GCST90203791.h.tsv.gz	91126338	4290789	9336	0.002176	0	1	4291	27	5023	/data/opengwasdb/metabolome-plasma-2023/releases/2023-chen-full-south-asian/filtered/GCST90203791_GCST90203791.filtered.tsv.gz	228017	sha256	135ddcfdb3d817fb097a9da94bc6f9a5979c2bc784ab1f4f3d3b2053fe6abdca	5.4	11.5	16.9
GCST90203792	ok	""	1	0	http://ftp.ebi.ac.uk/pub/databases/gwas/summary_statistics/GCST90203001-GCST90204000/GCST90203792/harmonised/GCST90203792.h.tsv.gz	90827824	4272363	8157	0.001909	0	1	3136	24	5001	/data/opengwasdb/metabolome-plasma-2023/releases/2023-chen-full-south-asian/filtered/GCST90203792_GCST90203792.filtered.tsv.gz	203253	sha256	dd74208b6f0e51ee933b4d228589583b44ecb51caaafa79d78b7b531965ec03f	6.3	11.7	17.9
GCST90203793	ok	""	1	0	http://ftp.ebi.ac.uk/pub/databases/gwas/summary_statistics/GCST90203001-GCST90204000/GCST90203793/harmonised/GCST90203793.h.tsv.gz	89111424	4220590	4953	0.001174	0	0	0	22	4931	/data/opengwasdb/metabolome-plasma-2023/releases/2023-chen-full-south-asian/filtered/GCST90203793_GCST90203793.filtered.tsv.gz	138560	sha256	4efb2b94053d5e5c05519d53aa92b094a0a139ecb2e4a2a4ffc6a5b7827a738a	5.4	11.1	16.4
GCST90203794	ok	""	1	0	http://ftp.ebi.ac.uk/pub/databases/gwas/summary_statistics/GCST90203001-GCST90204000/GCST90203794/harmonised/GCST90203794.h.tsv.gz	90518362	4255885	4988	0.001172	0	0	0	18	4970	/data/opengwasdb/metabolome-plasma-2023/releases/2023-chen-full-south-asian/filtered/GCST90203794_GCST90203794.filtered.tsv.gz	139667	sha256	8030336d6af3299328ac013ffee1005c9ec489a780d376ab47c3c403a068a2eb	6.4	11.4	17.8
GCST90203795	ok	""	1	0	http://ftp.ebi.ac.uk/pub/databases/gwas/summary_statistics/GCST90203001-GCST90204000/GCST90203795/harmonised/GCST90203795.h.tsv.gz	91730205	4360434	12814	0.002939	0	2	7697	21	5099	/data/opengwasdb/metabolome-plasma-2023/releases/2023-chen-full-south-asian/filtered/GCST90203795_GCST90203795.filtered.tsv.gz	293712	sha256	a7d691628db98ba03c2386a32510c28acc6c2badc3ca89ec8818ab5a6987bd40	6.7	12.2	18.9
GCST90203796	ok	""	1	0	http://ftp.ebi.ac.uk/pub/databases/gwas/summary_statistics/GCST90203001-GCST90204000/GCST90203796/harmonised/GCST90203796.h.tsv.gz	86501319	4275487	8813	0.002061	0	1	3792	18	5007	/data/opengwasdb/metabolome-plasma-2023/releases/2023-chen-full-south-asian/filtered/GCST90203796_GCST90203796.filtered.tsv.gz	216020	sha256	e9e94a7d34c954f0516289cc85ec12dd9044c4247c4b3d4b569dff9348d35ecb	5.5	11	16.5
GCST90203797	ok	""	1	0	http://ftp.ebi.ac.uk/pub/databases/gwas/summary_statistics/GCST90203001-GCST90204000/GCST90203797/harmonised/GCST90203797.h.tsv.gz	90522289	4255885	4991	0.001173	0	0	0	21	4970	/data/opengwasdb/metabolome-plasma-2023/releases/2023-chen-full-south-asian/filtered/GCST90203797_GCST90203797.filtered.tsv.gz	139564	sha256	5d46dc18b63a84405fcb9541609001520b33b76aa7a7b5d9c431932eb70f63bf	3.5	11.5	14.9
GCST90203798	ok	""	1	0	http://ftp.ebi.ac.uk/pub/databases/gwas/summary_statistics/GCST90203001-GCST90204000/GCST90203798/harmonised/GCST90203798.h.tsv.gz	90502800	4255885	4984	0.001171	0	0	0	14	4970	/data/opengwasdb/metabolome-plasma-2023/releases/2023-chen-full-south-asian/filtered/GCST90203798_GCST90203798.filtered.tsv.gz	139437	sha256	8620bde8d083dd15e82f397d0331ce07a8ae436e288948b21b563c8f0df18d39	3.6	11	14.6
GCST90203799	ok	""	1	0	http://ftp.ebi.ac.uk/pub/databases/gwas/summary_statistics/GCST90203001-GCST90204000/GCST90203799/harmonised/GCST90203799.h.tsv.gz	86258327	4261425	5004	0.001174	0	0	0	18	4986	/data/opengwasdb/metabolome-plasma-2023/releases/2023-chen-full-south-asian/filtered/GCST90203799_GCST90203799.filtered.tsv.gz	139921	sha256	0855fb9379886e317eab3781c9aa12cdabe7ef44a96c1fe82eca4f6429c5e9c2	6.2	11.8	18
GCST90203800	ok	""	1	0	http://ftp.ebi.ac.uk/pub/databases/gwas/summary_statistics/GCST90203001-GCST90204000/GCST90203800/harmonised/GCST90203800.h.tsv.gz	86405622	4269681	8961	0.002099	0	1	3950	23	4992	/data/opengwasdb/metabolome-plasma-2023/releases/2023-chen-full-south-asian/filtered/GCST90203800_GCST90203800.filtered.tsv.gz	220908	sha256	2e12f5a5094fe2dbf8f0acf4b3db9d05c808e90379686eeac891e0a79f76bfc4	5.1	11	16
GCST90203801	ok	""	1	0	http://ftp.ebi.ac.uk/pub/databases/gwas/summary_statistics/GCST90203001-GCST90204000/GCST90203801/harmonised/GCST90203801.h.tsv.gz	85898446	4341238	5129	0.001181	0	0	0	25	5104	/data/opengwasdb/metabolome-plasma-2023/releases/2023-chen-full-south-asian/filtered/GCST90203801_GCST90203801.filtered.tsv.gz	143102	sha256	1192d4e762953c1c6a0fb26a75b6f02f2b07ad3b951c80d702d71ce3aff261a6	3.7	12	15.7
GCST90203802	ok	""	1	0	http://ftp.ebi.ac.uk/pub/databases/gwas/summary_statistics/GCST90203001-GCST90204000/GCST90203802/harmonised/GCST90203802.h.tsv.gz	90511675	4255885	4990	0.001172	0	0	0	20	4970	/data/opengwasdb/metabolome-plasma-2023/releases/2023-chen-full-south-asian/filtered/GCST90203802_GCST90203802.filtered.tsv.gz	139567	sha256	30df7525972c0c71d6df3f74e1feb924318331a3fede2a7115e4d99155767e52	5.3	11.3	16.6
GCST90203803	ok	""	1	0	http://ftp.ebi.ac.uk/pub/databases/gwas/summary_statistics/GCST90203001-GCST90204000/GCST90203803/harmonised/GCST90203803.h.tsv.gz	91201042	4296021	5066	0.001179	0	0	0	25	5041	/data/opengwasdb/metabolome-plasma-2023/releases/2023-chen-full-south-asian/filtered/GCST90203803_GCST90203803.filtered.tsv.gz	141436	sha256	9c57e7d5da75a54ce8275a8674de361984868d2e7a3f3fb94dff1222beb0164a	5.9	12	17.9
GCST90203804	ok	""	1	0	http://ftp.ebi.ac.uk/pub/databases/gwas/summary_statistics/GCST90203001-GCST90204000/GCST90203804/harmonised/GCST90203804.h.tsv.gz	91999400	4336605	13125	0.003027	0	2	7993	30	5113	/data/opengwasdb/metabolome-plasma-2023/releases/2023-chen-full-south-asian/filtered/GCST90203804_GCST90203804.filtered.tsv.gz	291922	sha256	e1b405b426fffcdd63edb40cdd08a1448934d46f7989d87339bd3c36c205295a	5.4	12.1	17.4
GCST90203805	ok	""	1	0	http://ftp.ebi.ac.uk/pub/databases/gwas/summary_statistics/GCST90203001-GCST90204000/GCST90203805/harmonised/GCST90203805.h.tsv.gz	90520610	4255885	4990	0.001172	0	0	0	20	4970	/data/opengwasdb/metabolome-plasma-2023/releases/2023-chen-full-south-asian/filtered/GCST90203805_GCST90203805.filtered.tsv.gz	139658	sha256	7e55f0083b8786459ee563f6c78a9063be7b33941590f9bbefcbbc44a1c9f85d	5.7	9.8	15.5
GCST90203806	ok	""	1	0	http://ftp.ebi.ac.uk/pub/databases/gwas/summary_statistics/GCST90203001-GCST90204000/GCST90203806/harmonised/GCST90203806.h.tsv.gz	90507748	4255885	8593	0.002019	0	1	3601	25	4970	/data/opengwasdb/metabolome-plasma-2023/releases/2023-chen-full-south-asian/filtered/GCST90203806_GCST90203806.filtered.tsv.gz	208070	sha256	6e88d29a96834f57744594fa67bdc0b41dd685dc32f3590ad3d7418355d3b84d	5.7	12	17.7
GCST90203807	ok	""	1	0	http://ftp.ebi.ac.uk/pub/databases/gwas/summary_statistics/GCST90203001-GCST90204000/GCST90203807/harmonised/GCST90203807.h.tsv.gz	92063371	4341192	5126	0.001181	0	0	0	20	5106	/data/opengwasdb/metabolome-plasma-2023/releases/2023-chen-full-south-asian/filtered/GCST90203807_GCST90203807.filtered.tsv.gz	143057	sha256	9c3e7c7af153bd15068e67851315d99bb3164da9736193c12eec1c89f20f7bd1	4	11.6	15.5
GCST90203808	ok	""	1	0	http://ftp.ebi.ac.uk/pub/databases/gwas/summary_statistics/GCST90203001-GCST90204000/GCST90203808/harmonised/GCST90203808.h.tsv.gz	91233438	4296394	5063	0.001178	0	0	0	26	5037	/data/opengwasdb/metabolome-plasma-2023/releases/2023-chen-full-south-asian/filtered/GCST90203808_GCST90203808.filtered.tsv.gz	141426	sha256	73abbd0be0c39ef6d102e691f5b3abe70eda5139aa7631fc59e159ced6842e42	3.6	11.2	14.8
GCST90203809	ok	""	1	0	http://ftp.ebi.ac.uk/pub/databases/gwas/summary_statistics/GCST90203001-GCST90204000/GCST90203809/harmonised/GCST90203809.h.tsv.gz	87290194	4439163	13083	0.002947	0	2	7811	20	5262	/data/opengwasdb/metabolome-plasma-2023/releases/2023-chen-full-south-asian/filtered/GCST90203809_GCST90203809.filtered.tsv.gz	291137	sha256	6a9fe66b60fb7143ae34037ed13424f55bf82ccaa5803c95e4085ff17c0cf59e	3.1	11.7	14.8
GCST90203810	ok	""	1	0	http://ftp.ebi.ac.uk/pub/databases/gwas/summary_statistics/GCST90203001-GCST90204000/GCST90203810/harmonised/GCST90203810.h.tsv.gz	90516451	4255885	4995	0.001174	0	0	0	25	4970	/data/opengwasdb/metabolome-plasma-2023/releases/2023-chen-full-south-asian/filtered/GCST90203810_GCST90203810.filtered.tsv.gz	139761	sha256	da29ffe18f6007d32c738a157d5b8acd716ea6e9f709949a883dba21709309f0	5.4	11.5	16.9
GCST90203811	ok	""	1	0	http://ftp.ebi.ac.uk/pub/databases/gwas/summary_statistics/GCST90203001-GCST90204000/GCST90203811/harmonised/GCST90203811.h.tsv.gz	86512629	4275487	8859	0.002072	0	1	3836	22	5007	/data/opengwasdb/metabolome-plasma-2023/releases/2023-chen-full-south-asian/filtered/GCST90203811_GCST90203811.filtered.tsv.gz	217695	sha256	1bcb21a7742662c6988cb16c3e0d71b36362baa981f18268ad3723d4f6c80788	4	11.3	15.3
GCST90203812	ok	""	1	0	http://ftp.ebi.ac.uk/pub/databases/gwas/summary_statistics/GCST90203001-GCST90204000/GCST90203812/harmonised/GCST90203812.h.tsv.gz	86760854	4292877	12578	0.00293	0	2	7541	20	5029	/data/opengwasdb/metabolome-plasma-2023/releases/2023-chen-full-south-asian/filtered/GCST90203812_GCST90203812.filtered.tsv.gz	273296	sha256	dc8d999c86ada56f72629a8947e9167c52c6a0fa411c9c8ff9939ffc0cdcd0af	4.9	11.7	16.6
GCST90203813	ok	""	1	0	http://ftp.ebi.ac.uk/pub/databases/gwas/summary_statistics/GCST90203001-GCST90204000/GCST90203813/harmonised/GCST90203813.h.tsv.gz	88256692	4380122	9036	0.002063	0	1	3836	28	5178	/data/opengwasdb/metabolome-plasma-2023/releases/2023-chen-full-south-asian/filtered/GCST90203813_GCST90203813.filtered.tsv.gz	208816	sha256	377e0bdaec0d5187344bfe59e337ee91013b4f0aa1eb07fbb3b46ca399a31954	5	12	17
GCST90203814	ok	""	1	0	http://ftp.ebi.ac.uk/pub/databases/gwas/summary_statistics/GCST90203001-GCST90204000/GCST90203814/harmonised/GCST90203814.h.tsv.gz	90505222	4255885	7228	0.001698	0	1	2242	19	4970	/data/opengwasdb/metabolome-plasma-2023/releases/2023-chen-full-south-asian/filtered/GCST90203814_GCST90203814.filtered.tsv.gz	183937	sha256	855d7f82c571634785d95e0ad7e4f49a61a5e9896a7c8297178df7a4caa6497b	6.7	10.9	17.6
GCST90203815	ok	""	1	0	http://ftp.ebi.ac.uk/pub/databases/gwas/summary_statistics/GCST90203001-GCST90204000/GCST90203815/harmonised/GCST90203815.h.tsv.gz	90918674	4276613	8035	0.001879	0	1	3016	24	4998	/data/opengwasdb/metabolome-plasma-2023/releases/2023-chen-full-south-asian/filtered/GCST90203815_GCST90203815.filtered.tsv.gz	198839	sha256	f0c144411d05896844aaca1372645c7aa8d8f008bce379c22d647977416b0931	5.8	11.9	17.7
GCST90203816	ok	""	1	0	http://ftp.ebi.ac.uk/pub/databases/gwas/summary_statistics/GCST90203001-GCST90204000/GCST90203816/harmonised/GCST90203816.h.tsv.gz	86695210	4291490	5036	0.001173	0	0	0	21	5015	/data/opengwasdb/metabolome-plasma-2023/releases/2023-chen-full-south-asian/filtered/GCST90203816_GCST90203816.filtered.tsv.gz	140513	sha256	498cb29418c2f542384f15515fdbe0c3d5ed12de46634ffa6bf453cccde37439	5.7	12	17.7
GCST90203817	ok	""	1	0	http://ftp.ebi.ac.uk/pub/databases/gwas/summary_statistics/GCST90203001-GCST90204000/GCST90203817/harmonised/GCST90203817.h.tsv.gz	90503877	4255885	4988	0.001172	0	0	0	18	4970	/data/opengwasdb/metabolome-plasma-2023/releases/2023-chen-full-south-asian/filtered/GCST90203817_GCST90203817.filtered.tsv.gz	139497	sha256	f1d1655b09c2e8e0f115813c17fc07ce3eac0f182d2571318e71399f0b8ff31e	5.4	11.4	16.7
GCST90203818	ok	""	1	0	http://ftp.ebi.ac.uk/pub/databases/gwas/summary_statistics/GCST90203001-GCST90204000/GCST90203818/harmonised/GCST90203818.h.tsv.gz	86442254	4272647	5020	0.001175	0	0	0	24	4996	/data/opengwasdb/metabolome-plasma-2023/releases/2023-chen-full-south-asian/filtered/GCST90203818_GCST90203818.filtered.tsv.gz	140329	sha256	8330c3ec9be26e8da67c891b2ec096212d82dd7c857e0af91b219bfb656acccc	4.9	11.3	16.2
GCST90203819	ok	""	1	0	http://ftp.ebi.ac.uk/pub/databases/gwas/summary_statistics/GCST90203001-GCST90204000/GCST90203819/harmonised/GCST90203819.h.tsv.gz	90507976	4255885	4990	0.001172	0	0	0	20	4970	/data/opengwasdb/metabolome-plasma-2023/releases/2023-chen-full-south-asian/filtered/GCST90203819_GCST90203819.filtered.tsv.gz	139537	sha256	7b6f196ecc04462c78d6fc26cf3105b67c8d968192ec7ca86cb21fd16b0d1ae2	4.5	12	16.5
GCST90203820	ok	""	1	0	http://ftp.ebi.ac.uk/pub/databases/gwas/summary_statistics/GCST90203001-GCST90204000/GCST90203820/harmonised/GCST90203820.h.tsv.gz	90516415	4255885	4985	0.001171	0	0	0	15	4970	/data/opengwasdb/metabolome-plasma-2023/releases/2023-chen-full-south-asian/filtered/GCST90203820_GCST90203820.filtered.tsv.gz	139335	sha256	b677dfb86475617a06bc27a42714b30d9a23767652095f2000d15618c929d024	5.1	12	17.1
GCST90203821	ok	""	1	0	http://ftp.ebi.ac.uk/pub/databases/gwas/summary_statistics/GCST90203001-GCST90204000/GCST90203821/harmonised/GCST90203821.h.tsv.gz	86515585	4275080	5017	0.001174	0	0	0	22	4995	/data/opengwasdb/metabolome-plasma-2023/releases/2023-chen-full-south-asian/filtered/GCST90203821_GCST90203821.filtered.tsv.gz	140442	sha256	49bff35e290221807052bd94b6e04e06f7f9cb2e0f688d69cb55c64df1b327e5	5.6	11.6	17.2
GCST90203822	ok	""	1	0	http://ftp.ebi.ac.uk/pub/databases/gwas/summary_statistics/GCST90203001-GCST90204000/GCST90203822/harmonised/GCST90203822.h.tsv.gz	90861950	4274133	5018	0.001174	0	0	0	23	4995	/data/opengwasdb/metabolome-plasma-2023/releases/2023-chen-full-south-asian/filtered/GCST90203822_GCST90203822.filtered.tsv.gz	140210	sha256	d3612478ff62d3a2cac0141bdb4892b4bbf2b0680592f259611e13b8e078c8d0	6.2	11.2	17.4
GCST90203823	ok	""	1	0	http://ftp.ebi.ac.uk/pub/databases/gwas/summary_statistics/GCST90203001-GCST90204000/GCST90203823/harmonised/GCST90203823.h.tsv.gz	86433866	4271977	10306	0.002412	0	2	5287	33	4992	/data/opengwasdb/metabolome-plasma-2023/releases/2023-chen-full-south-asian/filtered/GCST90203823_GCST90203823.filtered.tsv.gz	248008	sha256	6965869bbb4dcd3e5cf43d3b67034c7d5628cdd31c8b7c9ecde13a112094bfb9	5.1	11	16.1
GCST90203824	ok	""	1	0	http://ftp.ebi.ac.uk/pub/databases/gwas/summary_statistics/GCST90203001-GCST90204000/GCST90203824/harmonised/GCST90203824.h.tsv.gz	90501945	4255885	8273	0.001944	0	1	3280	26	4970	/data/opengwasdb/metabolome-plasma-2023/releases/2023-chen-full-south-asian/filtered/GCST90203824_GCST90203824.filtered.tsv.gz	208156	sha256	5a24b68ae1d4e3b172ce7fc005dda6d973672bfe276dd1ff00d60b0c0b68849d	6.4	12.2	18.6
GCST90203825	ok	""	1	0	http://ftp.ebi.ac.uk/pub/databases/gwas/summary_statistics/GCST90203001-GCST90204000/GCST90203825/harmonised/GCST90203825.h.tsv.gz	86943999	4307440	5079	0.001179	0	0	0	13	5066	/data/opengwasdb/metabolome-plasma-2023/releases/2023-chen-full-south-asian/filtered/GCST90203825_GCST90203825.filtered.tsv.gz	141654	sha256	b114c1e28b1bcd9a843aadf1db9cfa1d4737b31099f90fa270c5e769d7bf0c18	5.1	11.6	16.6
GCST90203826	ok	""	1	0	http://ftp.ebi.ac.uk/pub/databases/gwas/summary_statistics/GCST90203001-GCST90204000/GCST90203826/harmonised/GCST90203826.h.tsv.gz	81507348	4235683	8525	0.002013	0	1	3534	31	4964	/data/opengwasdb/metabolome-plasma-2023/releases/2023-chen-full-south-asian/filtered/GCST90203826_GCST90203826.filtered.tsv.gz	203505	sha256	7f11a4af606976ed8dcbeb6703fc0a1cdb2904aee90f18c3120ea25960f194ca	4.9	11.1	16.1
GCST90203827	ok	""	1	0	http://ftp.ebi.ac.uk/pub/databases/gwas/summary_statistics/GCST90203001-GCST90204000/GCST90203827/harmonised/GCST90203827.h.tsv.gz	90939156	4277643	5026	0.001175	0	0	0	22	5004	/data/opengwasdb/metabolome-plasma-2023/releases/2023-chen-full-south-asian/filtered/GCST90203827_GCST90203827.filtered.tsv.gz	140595	sha256	c3bf93529bd0c28de351ea5c96898292a6bab8b7d30b9bf883b2a456c79ebe69	6.6	10.7	17.3
GCST90203828	ok	""	1	0	http://ftp.ebi.ac.uk/pub/databases/gwas/summary_statistics/GCST90203001-GCST90204000/GCST90203828/harmonised/GCST90203828.h.tsv.gz	91408393	4309450	15388	0.003571	0	4	10305	50	5049	/data/opengwasdb/metabolome-plasma-2023/releases/2023-chen-full-south-asian/filtered/GCST90203828_GCST90203828.filtered.tsv.gz	336357	sha256	3c66241b041fc99664d7e002d0b1a253e28abadca1b7214f9fddd3a98641215c	5.6	11.4	17
GCST90203829	ok	""	1	0	http://ftp.ebi.ac.uk/pub/databases/gwas/summary_statistics/GCST90203001-GCST90204000/GCST90203829/harmonised/GCST90203829.h.tsv.gz	90902775	4275145	5023	0.001175	0	0	0	17	5006	/data/opengwasdb/metabolome-plasma-2023/releases/2023-chen-full-south-asian/filtered/GCST90203829_GCST90203829.filtered.tsv.gz	140391	sha256	9ea368e81a07eae96fce0db9248a7a9e5fb4dd95b80678402e763cd47111735c	6	10.3	16.3
GCST90203830	ok	""	1	0	http://ftp.ebi.ac.uk/pub/databases/gwas/summary_statistics/GCST90203001-GCST90204000/GCST90203830/harmonised/GCST90203830.h.tsv.gz	86296911	4261425	5008	0.001175	0	0	0	22	4986	/data/opengwasdb/metabolome-plasma-2023/releases/2023-chen-full-south-asian/filtered/GCST90203830_GCST90203830.filtered.tsv.gz	140206	sha256	d9229cb76c2e16f82460b9d302896d30e0309b8c81b8a3959bfe37c5cf9b9f87	4.8	10.3	15.1
GCST90203831	ok	""	1	0	http://ftp.ebi.ac.uk/pub/databases/gwas/summary_statistics/GCST90203001-GCST90204000/GCST90203831/harmonised/GCST90203831.h.tsv.gz	90501035	4255885	4988	0.001172	0	0	0	18	4970	/data/opengwasdb/metabolome-plasma-2023/releases/2023-chen-full-south-asian/filtered/GCST90203831_GCST90203831.filtered.tsv.gz	139435	sha256	a71fe4e6e0ee63a9ddba28b95bd4b06a779a53f8ceb118e39b1e60b1843ad067	3.3	11.3	14.7
GCST90203832	ok	""	1	0	http://ftp.ebi.ac.uk/pub/databases/gwas/summary_statistics/GCST90203001-GCST90204000/GCST90203832/harmonised/GCST90203832.h.tsv.gz	90517786	4255885	4991	0.001173	0	0	0	21	4970	/data/opengwasdb/metabolome-plasma-2023/releases/2023-chen-full-south-asian/filtered/GCST90203832_GCST90203832.filtered.tsv.gz	139525	sha256	de179eaa370751646554abd3466d64bc276302d515c08cada1256c6981d7dc7b	3.7	11.4	15.1
GCST90203833	ok	""	1	0	http://ftp.ebi.ac.uk/pub/databases/gwas/summary_statistics/GCST90203001-GCST90204000/GCST90203833/harmonised/GCST90203833.h.tsv.gz	90514074	4255885	4985	0.001171	0	0	0	15	4970	/data/opengwasdb/metabolome-plasma-2023/releases/2023-chen-full-south-asian/filtered/GCST90203833_GCST90203833.filtered.tsv.gz	139321	sha256	7052848f73cb705e653711824f971787c164adeb6474b35319d64fdfe2f8ab83	6.3	10.9	17.3
GCST90203834	ok	""	1	0	http://ftp.ebi.ac.uk/pub/databases/gwas/summary_statistics/GCST90203001-GCST90204000/GCST90203834/harmonised/GCST90203834.h.tsv.gz	90115129	4276206	7669	0.001793	0	1	2637	24	5016	/data/opengwasdb/metabolome-plasma-2023/releases/2023-chen-full-south-asian/filtered/GCST90203834_GCST90203834.filtered.tsv.gz	194057	sha256	58d4a792335e6f23973eaf77d1a91d5f2e9c2c5dbfd547f56b0dab79e59de779	6.6	11.2	17.7
GCST90203835	ok	""	1	0	http://ftp.ebi.ac.uk/pub/databases/gwas/summary_statistics/GCST90203001-GCST90204000/GCST90203835/harmonised/GCST90203835.h.tsv.gz	91214123	4296101	5073	0.001181	0	0	0	44	5029	/data/opengwasdb/metabolome-plasma-2023/releases/2023-chen-full-south-asian/filtered/GCST90203835_GCST90203835.filtered.tsv.gz	141791	sha256	d61615c19ecf658bc7877382e1697ed60888b44a6c92f30a2b49958c3349b3c1	6.3	12.1	18.4
GCST90203836	ok	""	1	0	http://ftp.ebi.ac.uk/pub/databases/gwas/summary_statistics/GCST90203001-GCST90204000/GCST90203836/harmonised/GCST90203836.h.tsv.gz	86512970	4275145	5034	0.001178	0	0	0	28	5006	/data/opengwasdb/metabolome-plasma-2023/releases/2023-chen-full-south-asian/filtered/GCST90203836_GCST90203836.filtered.tsv.gz	140801	sha256	5fd4d44ba8a6e8fdae8b244b97c8c3c87ccd8a4ddc63c1e992bfd2388c8b2ceb	6.1	11.6	17.7
GCST90203837	ok	""	1	0	http://ftp.ebi.ac.uk/pub/databases/gwas/summary_statistics/GCST90203001-GCST90204000/GCST90203837/harmonised/GCST90203837.h.tsv.gz	92999723	4397880	5204	0.001183	0	0	0	27	5177	/data/opengwasdb/metabolome-plasma-2023/releases/2023-chen-full-south-asian/filtered/GCST90203837_GCST90203837.filtered.tsv.gz	144774	sha256	7bc573db72ce074af5ddacc8afb7ef40a7a732caa61a022cf69c10f623b94640	5.7	12.7	18.4
GCST90203838	ok	""	1	0	http://ftp.ebi.ac.uk/pub/databases/gwas/summary_statistics/GCST90203001-GCST90204000/GCST90203838/harmonised/GCST90203838.h.tsv.gz	86142087	4255885	4993	0.001173	0	0	0	23	4970	/data/opengwasdb/metabolome-plasma-2023/releases/2023-chen-full-south-asian/filtered/GCST90203838_GCST90203838.filtered.tsv.gz	139594	sha256	2eb9f38431ab92e15d0b4346bfe831f3d363fef86f32ac9b81efa086920afa64	4.7	11.3	16
GCST90203839	ok	""	1	0	http://ftp.ebi.ac.uk/pub/databases/gwas/summary_statistics/GCST90203001-GCST90204000/GCST90203839/harmonised/GCST90203839.h.tsv.gz	86971206	4301675	8274	0.001923	0	1	3213	20	5045	/data/opengwasdb/metabolome-plasma-2023/releases/2023-chen-full-south-asian/filtered/GCST90203839_GCST90203839.filtered.tsv.gz	199253	sha256	0ae6f323296134bd73a2683c91624b829d6779a40ec7b7737cef3536558f00f9	4.4	11.6	16
GCST90203840	ok	""	1	0	http://ftp.ebi.ac.uk/pub/databases/gwas/summary_statistics/GCST90203001-GCST90204000/GCST90203840/harmonised/GCST90203840.h.tsv.gz	90876758	4274121	5019	0.001174	0	0	0	20	4999	/data/opengwasdb/metabolome-plasma-2023/releases/2023-chen-full-south-asian/filtered/GCST90203840_GCST90203840.filtered.tsv.gz	140401	sha256	1daa8c2a0f5ec9aae181386cfd739efefca67e50172e8714fada4df394070275	5.8	11.7	17.5
GCST90203841	ok	""	1	0	http://ftp.ebi.ac.uk/pub/databases/gwas/summary_statistics/GCST90203001-GCST90204000/GCST90203841/harmonised/GCST90203841.h.tsv.gz	90514419	4255885	8397	0.001973	0	1	3415	17	4970	/data/opengwasdb/metabolome-plasma-2023/releases/2023-chen-full-south-asian/filtered/GCST90203841_GCST90203841.filtered.tsv.gz	203172	sha256	ed82d32782c74a38ff34625b7b1699c7f579d3f1ad07c37297e5c8381422f6fc	5.6	11.7	17.3
GCST90203842	ok	""	1	0	http://ftp.ebi.ac.uk/pub/databases/gwas/summary_statistics/GCST90203001-GCST90204000/GCST90203842/harmonised/GCST90203842.h.tsv.gz	86115345	4255885	8028	0.001886	0	1	3043	18	4970	/data/opengwasdb/metabolome-plasma-2023/releases/2023-chen-full-south-asian/filtered/GCST90203842_GCST90203842.filtered.tsv.gz	196033	sha256	4f5447ed1689fec3e137436706f822e238c55104b76ff56de2b63e5ca9d1f765	3.6	11.9	15.4
GCST90203843	ok	""	1	0	http://ftp.ebi.ac.uk/pub/databases/gwas/summary_statistics/GCST90203001-GCST90204000/GCST90203843/harmonised/GCST90203843.h.tsv.gz	90500844	4255885	4995	0.001174	0	0	0	25	4970	/data/opengwasdb/metabolome-plasma-2023/releases/2023-chen-full-south-asian/filtered/GCST90203843_GCST90203843.filtered.tsv.gz	139625	sha256	3eb3d3f2644a0a087d5cc0b2e31d18f4cfb934d1816942a92e601c19e476e2a4	5.5	11	16.6
GCST90203844	ok	""	1	0	http://ftp.ebi.ac.uk/pub/databases/gwas/summary_statistics/GCST90203001-GCST90204000/GCST90203844/harmonised/GCST90203844.h.tsv.gz	86112507	4255885	4981	0.00117	0	0	0	11	4970	/data/opengwasdb/metabolome-plasma-2023/releases/2023-chen-full-south-asian/filtered/GCST90203844_GCST90203844.filtered.tsv.gz	139145	sha256	b20eb12e0744814bb9916d097033499f76bfb618ea844e641454922f02f794e7	5	11.3	16.4
GCST90203845	ok	""	1	0	http://ftp.ebi.ac.uk/pub/databases/gwas/summary_statistics/GCST90203001-GCST90204000/GCST90203845/harmonised/GCST90203845.h.tsv.gz	90909815	4275128	5022	0.001175	0	0	0	19	5003	/data/opengwasdb/metabolome-plasma-2023/releases/2023-chen-full-south-asian/filtered/GCST90203845_GCST90203845.filtered.tsv.gz	140420	sha256	83b1476c417e5140bebf299a540a89392585113af90a4d819b82752f20457c40	5.6	11.4	17
GCST90203846	ok	""	1	0	http://ftp.ebi.ac.uk/pub/databases/gwas/summary_statistics/GCST90203001-GCST90204000/GCST90203846/harmonised/GCST90203846.h.tsv.gz	86148705	4255885	7789	0.00183	0	1	2794	30	4970	/data/opengwasdb/metabolome-plasma-2023/releases/2023-chen-full-south-asian/filtered/GCST90203846_GCST90203846.filtered.tsv.gz	192901	sha256	2c99736ab3a4d2766ed4f12d0eda19cfdbfaca430c7658c8dbe354a061d6e533	5.8	10.9	16.7
GCST90203847	ok	""	1	0	http://ftp.ebi.ac.uk/pub/databases/gwas/summary_statistics/GCST90203001-GCST90204000/GCST90203847/harmonised/GCST90203847.h.tsv.gz	86278263	4261425	5011	0.001176	0	0	0	25	4986	/data/opengwasdb/metabolome-plasma-2023/releases/2023-chen-full-south-asian/filtered/GCST90203847_GCST90203847.filtered.tsv.gz	140166	sha256	b161783bf20c72353605506096d994a1a323026d6536e49c30d90fbede6a522d	4.8	10.6	15.4
GCST90203848	ok	""	1	0	http://ftp.ebi.ac.uk/pub/databases/gwas/summary_statistics/GCST90203001-GCST90204000/GCST90203848/harmonised/GCST90203848.h.tsv.gz	91901137	4328891	7722	0.001784	0	1	2614	17	5094	/data/opengwasdb/metabolome-plasma-2023/releases/2023-chen-full-south-asian/filtered/GCST90203848_GCST90203848.filtered.tsv.gz	193672	sha256	2b9a90d5e00bdaa05ae3d6721a4c4fda540d4f5e69ba5aea6e1fcc887ba25e3f	6.5	11.2	17.7
GCST90203849	ok	""	1	0	http://ftp.ebi.ac.uk/pub/databases/gwas/summary_statistics/GCST90203001-GCST90204000/GCST90203849/harmonised/GCST90203849.h.tsv.gz	86595370	4277929	5037	0.001177	0	0	0	20	5017	/data/opengwasdb/metabolome-plasma-2023/releases/2023-chen-full-south-asian/filtered/GCST90203849_GCST90203849.filtered.tsv.gz	141015	sha256	4cf0349f90f69ff84ad2d438becc32f8402bcfc2ba27ec220f5d95e3f090a0eb	2.9	10.1	13.1
GCST90203850	ok	""	1	0	http://ftp.ebi.ac.uk/pub/databases/gwas/summary_statistics/GCST90203001-GCST90204000/GCST90203850/harmonised/GCST90203850.h.tsv.gz	86809154	4293837	5059	0.001178	0	0	0	28	5031	/data/opengwasdb/metabolome-plasma-2023/releases/2023-chen-full-south-asian/filtered/GCST90203850_GCST90203850.filtered.tsv.gz	141522	sha256	6a12c9497c9ab4da46c15a6a2ece7c0e854aeefe03d6430e59ed2ac0cad431e8	5.2	12	17.2
GCST90203851	ok	""	1	0	http://ftp.ebi.ac.uk/pub/databases/gwas/summary_statistics/GCST90203001-GCST90204000/GCST90203851/harmonised/GCST90203851.h.tsv.gz	91086024	4289875	5043	0.001176	0	0	0	24	5019	/data/opengwasdb/metabolome-plasma-2023/releases/2023-chen-full-south-asian/filtered/GCST90203851_GCST90203851.filtered.tsv.gz	140867	sha256	9cc3dafd195316a3ac95d4113df86250812d0951c4c5d085c7668761220f5853	6.5	11.9	18.4
GCST90203852	ok	""	1	0	http://ftp.ebi.ac.uk/pub/databases/gwas/summary_statistics/GCST90203001-GCST90204000/GCST90203852/harmonised/GCST90203852.h.tsv.gz	86816882	4295081	5052	0.001176	0	0	0	13	5039	/data/opengwasdb/metabolome-plasma-2023/releases/2023-chen-full-south-asian/filtered/GCST90203852_GCST90203852.filtered.tsv.gz	141141	sha256	12abad1bc1c4c47bf57237ab9e570bd2c92a7a9c5b8d17d9798f6ca8fbac9582	5.1	11.3	16.5
GCST90203853	ok	""	1	0	http://ftp.ebi.ac.uk/pub/databases/gwas/summary_statistics/GCST90203001-GCST90204000/GCST90203853/harmonised/GCST90203853.h.tsv.gz	90908576	4275673	11105	0.002597	0	2	6080	27	5003	/data/opengwasdb/metabolome-plasma-2023/releases/2023-chen-full-south-asian/filtered/GCST90203853_GCST90203853.filtered.tsv.gz	259945	sha256	40ab1eebed8531c8b819851dae4cf443ffc9fd86d7b470b5aa5dd737f5032ff2	6.7	11.7	18.4
GCST90203854	ok	""	1	0	http://ftp.ebi.ac.uk/pub/databases/gwas/summary_statistics/GCST90203001-GCST90204000/GCST90203854/harmonised/GCST90203854.h.tsv.gz	90926448	4276157	5026	0.001175	0	0	0	22	5004	/data/opengwasdb/metabolome-plasma-2023/releases/2023-chen-full-south-asian/filtered/GCST90203854_GCST90203854.filtered.tsv.gz	140603	sha256	68014eb9e5dbd18be68974b2bfb7bab6c94ba93e2ec665bf4ae4577f04f73e1b	6.7	11	17.7
GCST90203855	ok	""	1	0	http://ftp.ebi.ac.uk/pub/databases/gwas/summary_statistics/GCST90203001-GCST90204000/GCST90203855/harmonised/GCST90203855.h.tsv.gz	90497150	4255885	8423	0.001979	0	1	3435	20	4970	/data/opengwasdb/metabolome-plasma-2023/releases/2023-chen-full-south-asian/filtered/GCST90203855_GCST90203855.filtered.tsv.gz	207801	sha256	a9dba75f9040f4b95dc49751076d8ba508aa98e08ee1b8207440153e716af88c	5.1	10.6	15.7
GCST90203856	ok	""	1	0	http://ftp.ebi.ac.uk/pub/databases/gwas/summary_statistics/GCST90203001-GCST90204000/GCST90203856/harmonised/GCST90203856.h.tsv.gz	86456774	4273720	5031	0.001177	0	0	0	29	5002	/data/opengwasdb/metabolome-plasma-2023/releases/2023-chen-full-south-asian/filtered/GCST90203856_GCST90203856.filtered.tsv.gz	140561	sha256	e718d26cad95cd7d8d180dbed70ef084855ef541685494f465236e1266723872	7.2	11.8	19.1
GCST90203857	ok	""	1	0	http://ftp.ebi.ac.uk/pub/databases/gwas/summary_statistics/GCST90203001-GCST90204000/GCST90203857/harmonised/GCST90203857.h.tsv.gz	90503785	4255885	4986	0.001172	0	0	0	16	4970	/data/opengwasdb/metabolome-plasma-2023/releases/2023-chen-full-south-asian/filtered/GCST90203857_GCST90203857.filtered.tsv.gz	139499	sha256	bb45d8e18724187d770ebf7434022f47d5623f02af7a4258e977fdf91152855e	6.7	9.9	16.7
GCST90203858	ok	""	1	0	http://ftp.ebi.ac.uk/pub/databases/gwas/summary_statistics/GCST90203001-GCST90204000/GCST90203858/harmonised/GCST90203858.h.tsv.gz	85624657	4269038	11784	0.00276	0	2	6757	38	4991	/data/opengwasdb/metabolome-plasma-2023/releases/2023-chen-full-south-asian/filtered/GCST90203858_GCST90203858.filtered.tsv.gz	270277	sha256	6d915af690fa30daa8a92cfa9a9db20d6116b15d7ca0478e3ee7bb387c74a471	5	11.7	16.7
GCST90203859	ok	""	1	0	http://ftp.ebi.ac.uk/pub/databases/gwas/summary_statistics/GCST90203001-GCST90204000/GCST90203859/harmonised/GCST90203859.h.tsv.gz	92779870	4420036	33703	0.007625	0	8	28423	62	5248	/data/opengwasdb/metabolome-plasma-2023/releases/2023-chen-full-south-asian/filtered/GCST90203859_GCST90203859.filtered.tsv.gz	681382	sha256	e923aafacd6a063e64d3e1ed1cfd8531e2ba98a3b471f15478a91193cc26cc02	5.2	13.5	18.7
GCST90203860	ok	""	1	0	http://ftp.ebi.ac.uk/pub/databases/gwas/summary_statistics/GCST90203001-GCST90204000/GCST90203860/harmonised/GCST90203860.h.tsv.gz	86148664	4255885	4989	0.001172	0	0	0	19	4970	/data/opengwasdb/metabolome-plasma-2023/releases/2023-chen-full-south-asian/filtered/GCST90203860_GCST90203860.filtered.tsv.gz	139430	sha256	52511a5deadeb98c7c4431c9a813c12b69770df044d09c5d94e164e44244f4c8	9.2	10.4	19.7
GCST90203861	ok	""	1	0	http://ftp.ebi.ac.uk/pub/databases/gwas/summary_statistics/GCST90203001-GCST90204000/GCST90203861/harmonised/GCST90203861.h.tsv.gz	90505379	4255885	4988	0.001172	0	0	0	18	4970	/data/opengwasdb/metabolome-plasma-2023/releases/2023-chen-full-south-asian/filtered/GCST90203861_GCST90203861.filtered.tsv.gz	139581	sha256	8e89eccc38c231f59b4f62718979c1075b1d4e96db40db4d3fb1378985268004	7.7	11	18.7
GCST90203862	ok	""	1	0	http://ftp.ebi.ac.uk/pub/databases/gwas/summary_statistics/GCST90203001-GCST90204000/GCST90203862/harmonised/GCST90203862.h.tsv.gz	91918674	4331715	5121	0.001182	0	0	0	18	5103	/data/opengwasdb/metabolome-plasma-2023/releases/2023-chen-full-south-asian/filtered/GCST90203862_GCST90203862.filtered.tsv.gz	143089	sha256	6a8347d61e72c39773737263feb51d6d5b98515a0fbce1b937d58682f538008a	5.2	12.1	17.2
GCST90203863	ok	""	1	0	http://ftp.ebi.ac.uk/pub/databases/gwas/summary_statistics/GCST90203001-GCST90204000/GCST90203863/harmonised/GCST90203863.h.tsv.gz	91234594	4295250	5054	0.001177	0	0	0	20	5034	/data/opengwasdb/metabolome-plasma-2023/releases/2023-chen-full-south-asian/filtered/GCST90203863_GCST90203863.filtered.tsv.gz	141311	sha256	31379498c2c419372af7456c6226207d9590f19f13b73d6decfa4617e09c8c68	5.3	10.7	15.9
GCST90203864	ok	""	1	0	http://ftp.ebi.ac.uk/pub/databases/gwas/summary_statistics/GCST90203001-GCST90204000/GCST90203864/harmonised/GCST90203864.h.tsv.gz	90504612	4255885	8271	0.001943	0	1	3280	24	4970	/data/opengwasdb/metabolome-plasma-2023/releases/2023-chen-full-south-asian/filtered/GCST90203864_GCST90203864.filtered.tsv.gz	208222	sha256	a87b94dbc2fa4b574c82dc4314868361f66658823a58589f793bba9e4dfd43e6	6.2	11.6	17.9
GCST90203865	ok	""	1	0	http://ftp.ebi.ac.uk/pub/databases/gwas/summary_statistics/GCST90203001-GCST90204000/GCST90203865/harmonised/GCST90203865.h.tsv.gz	90351994	4359306	10518	0.002413	0	1	5371	23	5126	/data/opengwasdb/metabolome-plasma-2023/releases/2023-chen-full-south-asian/filtered/GCST90203865_GCST90203865.filtered.tsv.gz	243944	sha256	2cf89c182d8ba1540df2a9c9570544c3bee423072d5e052193d9996d3b612b72	5.3	10.9	16.2
GCST90203866	ok	""	1	0	http://ftp.ebi.ac.uk/pub/databases/gwas/summary_statistics/GCST90203001-GCST90204000/GCST90203866/harmonised/GCST90203866.h.tsv.gz	86492056	4275080	8231	0.001925	0	1	3220	22	4995	/data/opengwasdb/metabolome-plasma-2023/releases/2023-chen-full-south-asian/filtered/GCST90203866_GCST90203866.filtered.tsv.gz	205781	sha256	d044e0d02dbe4477d6ceda923729edc37317514dcca7f8c76cde1a2efed37d1c	6.4	11.6	18
GCST90203867	ok	""	1	0	http://ftp.ebi.ac.uk/pub/databases/gwas/summary_statistics/GCST90203001-GCST90204000/GCST90203867/harmonised/GCST90203867.h.tsv.gz	90680943	4374794	5188	0.001186	0	0	0	34	5154	/data/opengwasdb/metabolome-plasma-2023/releases/2023-chen-full-south-asian/filtered/GCST90203867_GCST90203867.filtered.tsv.gz	144254	sha256	9e3ca1e037d3ed3603e8e6d7923f80a44a1335b97993f767268c1db2b8987651	6.5	11.5	18
GCST90203868	ok	""	1	0	http://ftp.ebi.ac.uk/pub/databases/gwas/summary_statistics/GCST90203001-GCST90204000/GCST90203868/harmonised/GCST90203868.h.tsv.gz	90899144	4275145	5035	0.001178	0	0	0	26	5009	/data/opengwasdb/metabolome-plasma-2023/releases/2023-chen-full-south-asian/filtered/GCST90203868_GCST90203868.filtered.tsv.gz	140866	sha256	9f9adb53ff5b404058d46b3f37983a7e3311fa0fb5eb30d1e248c64e6a47625a	5.8	11.9	17.8
GCST90203869	ok	""	1	0	http://ftp.ebi.ac.uk/pub/databases/gwas/summary_statistics/GCST90203001-GCST90204000/GCST90203869/harmonised/GCST90203869.h.tsv.gz	88762898	4410663	5229	0.001186	0	0	0	21	5208	/data/opengwasdb/metabolome-plasma-2023/releases/2023-chen-full-south-asian/filtered/GCST90203869_GCST90203869.filtered.tsv.gz	145446	sha256	120a1db40716bb784087f7787c3f8328d5e9a9d1d451dff1f5e5d55924c22f8e	5.1	12.4	17.6
GCST90203870	ok	""	1	0	http://ftp.ebi.ac.uk/pub/databases/gwas/summary_statistics/GCST90203001-GCST90204000/GCST90203870/harmonised/GCST90203870.h.tsv.gz	90516234	4255885	4988	0.001172	0	0	0	18	4970	/data/opengwasdb/metabolome-plasma-2023/releases/2023-chen-full-south-asian/filtered/GCST90203870_GCST90203870.filtered.tsv.gz	139459	sha256	08b5577f245c845178a301e86e6a7e28bc3c5022313120c5a9e6a8e4a500b2fc	6.5	11.1	17.6
GCST90203871	ok	""	1	0	http://ftp.ebi.ac.uk/pub/databases/gwas/summary_statistics/GCST90203001-GCST90204000/GCST90203871/harmonised/GCST90203871.h.tsv.gz	86509079	4275627	9199	0.002151	0	1	4185	12	5005	/data/opengwasdb/metabolome-plasma-2023/releases/2023-chen-full-south-asian/filtered/GCST90203871_GCST90203871.filtered.tsv.gz	219192	sha256	74ee0af3a16767fadde3e627e302badf113000bfe847d7ccf54e131a71d4e394	5.1	11.2	16.4
GCST90203872	ok	""	1	0	http://ftp.ebi.ac.uk/pub/databases/gwas/summary_statistics/GCST90203001-GCST90204000/GCST90203872/harmonised/GCST90203872.h.tsv.gz	84666364	4277795	5035	0.001177	0	0	0	20	5015	/data/opengwasdb/metabolome-plasma-2023/releases/2023-chen-full-south-asian/filtered/GCST90203872_GCST90203872.filtered.tsv.gz	140290	sha256	14c7ea33e8027350ca5fe2f9795ed3f95e533ffa4a3266dff66a9a868c39976c	5	11.8	16.8
GCST90203873	ok	""	1	0	http://ftp.ebi.ac.uk/pub/databases/gwas/summary_statistics/GCST90203001-GCST90204000/GCST90203873/harmonised/GCST90203873.h.tsv.gz	88991039	4425024	5260	0.001189	0	0	0	24	5236	/data/opengwasdb/metabolome-plasma-2023/releases/2023-chen-full-south-asian/filtered/GCST90203873_GCST90203873.filtered.tsv.gz	146248	sha256	27265ec53a34b85909ba22e6be18e356491bcf44754bad5be7f535d739ee4d59	6.3	12.8	19.1
GCST90203874	ok	""	1	0	http://ftp.ebi.ac.uk/pub/databases/gwas/summary_statistics/GCST90203001-GCST90204000/GCST90203874/harmonised/GCST90203874.h.tsv.gz	90517250	4255885	4987	0.001172	0	0	0	17	4970	/data/opengwasdb/metabolome-plasma-2023/releases/2023-chen-full-south-asian/filtered/GCST90203874_GCST90203874.filtered.tsv.gz	139644	sha256	2fffc917abae66b03511571d1f17cc28dd9a58fb2c94550ffc493a880ed462fd	4.5	10.6	15.1
GCST90203875	ok	""	1	0	http://ftp.ebi.ac.uk/pub/databases/gwas/summary_statistics/GCST90203001-GCST90204000/GCST90203875/harmonised/GCST90203875.h.tsv.gz	86284750	4261425	5010	0.001176	0	0	0	24	4986	/data/opengwasdb/metabolome-plasma-2023/releases/2023-chen-full-south-asian/filtered/GCST90203875_GCST90203875.filtered.tsv.gz	140173	sha256	fb0112b695f90ad8602bef0b3838af379abd1303f7e143bb62b6449a4a10c73d	4.9	11.9	16.9
GCST90203876	ok	""	1	0	http://ftp.ebi.ac.uk/pub/databases/gwas/summary_statistics/GCST90203001-GCST90204000/GCST90203876/harmonised/GCST90203876.h.tsv.gz	90869801	4274252	5018	0.001174	0	0	0	17	5001	/data/opengwasdb/metabolome-plasma-2023/releases/2023-chen-full-south-asian/filtered/GCST90203876_GCST90203876.filtered.tsv.gz	140350	sha256	d89d96e9c829fe4fcb728930a772bfdb3bf3483e81cacfeb58d6ef3d5d075e24	6.4	11.6	17.9
GCST90203877	ok	""	1	0	http://ftp.ebi.ac.uk/pub/databases/gwas/summary_statistics/GCST90203001-GCST90204000/GCST90203877/harmonised/GCST90203877.h.tsv.gz	91046683	4321700	5103	0.001181	0	0	0	19	5084	/data/opengwasdb/metabolome-plasma-2023/releases/2023-chen-full-south-asian/filtered/GCST90203877_GCST90203877.filtered.tsv.gz	142543	sha256	05c1540a5ba8174af0785c0b0a94e075cacaf7217fd2470cd497d286b997ed80	5.5	11.9	17.4
GCST90203878	ok	""	1	0	http://ftp.ebi.ac.uk/pub/databases/gwas/summary_statistics/GCST90203001-GCST90204000/GCST90203878/harmonised/GCST90203878.h.tsv.gz	86633998	4278814	5031	0.001176	0	0	0	17	5014	/data/opengwasdb/metabolome-plasma-2023/releases/2023-chen-full-south-asian/filtered/GCST90203878_GCST90203878.filtered.tsv.gz	140742	sha256	47b7726fef1d47f8c016175ff077262b2f05baed5013da1d7ba36c431acc3694	6.4	11.5	17.9
GCST90203879	ok	""	1	0	http://ftp.ebi.ac.uk/pub/databases/gwas/summary_statistics/GCST90203001-GCST90204000/GCST90203879/harmonised/GCST90203879.h.tsv.gz	88803074	4412085	7425	0.001683	0	1	2181	32	5214	/data/opengwasdb/metabolome-plasma-2023/releases/2023-chen-full-south-asian/filtered/GCST90203879_GCST90203879.filtered.tsv.gz	189218	sha256	dd928535d3a383a3e6c4da89f03c23149f08e97f4ae9d47801c22f4926cc1286	5.7	12	17.7
GCST90203880	ok	""	1	0	http://ftp.ebi.ac.uk/pub/databases/gwas/summary_statistics/GCST90203001-GCST90204000/GCST90203880/harmonised/GCST90203880.h.tsv.gz	86482601	4273720	5028	0.001176	0	0	0	26	5002	/data/opengwasdb/metabolome-plasma-2023/releases/2023-chen-full-south-asian/filtered/GCST90203880_GCST90203880.filtered.tsv.gz	140611	sha256	73d5b613d3e6e37fd19feca09ac9649f5e5f401e34a4665553c6fc7362719ac5	5.2	12	17.2
GCST90203881	ok	""	1	0	http://ftp.ebi.ac.uk/pub/databases/gwas/summary_statistics/GCST90203001-GCST90204000/GCST90203881/harmonised/GCST90203881.h.tsv.gz	86655065	4281243	7971	0.001862	0	1	2928	25	5019	/data/opengwasdb/metabolome-plasma-2023/releases/2023-chen-full-south-asian/filtered/GCST90203881_GCST90203881.filtered.tsv.gz	198420	sha256	265464077f98a1191b5cbed398377c765521dc60ff89ce723e514cc8e3ad2fe3	6.6	11.8	18.4
GCST90203882	ok	""	1	0	http://ftp.ebi.ac.uk/pub/databases/gwas/summary_statistics/GCST90203001-GCST90204000/GCST90203882/harmonised/GCST90203882.h.tsv.gz	87540331	4333990	9881	0.00228	0	1	4771	18	5095	/data/opengwasdb/metabolome-plasma-2023/releases/2023-chen-full-south-asian/filtered/GCST90203882_GCST90203882.filtered.tsv.gz	235876	sha256	255f60ea00e85e2a96c6237de781af704c86f45d30af31361ca6bc0d7c9c742b	6.4	11	17.4
GCST90203883	ok	""	1	0	http://ftp.ebi.ac.uk/pub/databases/gwas/summary_statistics/GCST90203001-GCST90204000/GCST90203883/harmonised/GCST90203883.h.tsv.gz	90520437	4255885	4994	0.001173	0	0	0	24	4970	/data/opengwasdb/metabolome-plasma-2023/releases/2023-chen-full-south-asian/filtered/GCST90203883_GCST90203883.filtered.tsv.gz	139697	sha256	e2dc1001bca2381bc38d28168c41407f55f890d1e24ad78faad091e0431b21e5	5.3	9.5	14.8
GCST90203884	ok	""	1	0	http://ftp.ebi.ac.uk/pub/databases/gwas/summary_statistics/GCST90203001-GCST90204000/GCST90203884/harmonised/GCST90203884.h.tsv.gz	92085628	4340851	5140	0.001184	0	0	0	19	5121	/data/opengwasdb/metabolome-plasma-2023/releases/2023-chen-full-south-asian/filtered/GCST90203884_GCST90203884.filtered.tsv.gz	143540	sha256	1b0a26f0d793d3b61b71d406312a0fb752311af1e71f2d5c0608d65a1abe7ee2	5.5	10.2	15.7
GCST90203885	ok	""	1	0	http://ftp.ebi.ac.uk/pub/databases/gwas/summary_statistics/GCST90203001-GCST90204000/GCST90203885/harmonised/GCST90203885.h.tsv.gz	86535863	4277929	8451	0.001975	0	1	3412	25	5017	/data/opengwasdb/metabolome-plasma-2023/releases/2023-chen-full-south-asian/filtered/GCST90203885_GCST90203885.filtered.tsv.gz	203898	sha256	b36a80847635f8e54c1594e9ad1fe70dd06b5de25cd2c926e6ea0d7d5b5e42f8	3.2	12.2	15.5
GCST90203886	ok	""	1	0	http://ftp.ebi.ac.uk/pub/databases/gwas/summary_statistics/GCST90203001-GCST90204000/GCST90203886/harmonised/GCST90203886.h.tsv.gz	86561341	4277522	5013	0.001172	0	0	0	15	4998	/data/opengwasdb/metabolome-plasma-2023/releases/2023-chen-full-south-asian/filtered/GCST90203886_GCST90203886.filtered.tsv.gz	140094	sha256	1ab30a5cbffc3bce7f44be4c72acb303a771f31f6c6ba8e05ea7a304c558b438	6.1	10.9	17
GCST90203887	ok	""	1	0	http://ftp.ebi.ac.uk/pub/databases/gwas/summary_statistics/GCST90203001-GCST90204000/GCST90203887/harmonised/GCST90203887.h.tsv.gz	92619819	4369839	5177	0.001185	0	0	0	23	5154	/data/opengwasdb/metabolome-plasma-2023/releases/2023-chen-full-south-asian/filtered/GCST90203887_GCST90203887.filtered.tsv.gz	144430	sha256	fe5210269782b52e5ebb31aa675120a1cc5f1b9b8be8f80e0ae7fae01e643ec9	5.4	10.7	16.2
GCST90203888	ok	""	1	0	http://ftp.ebi.ac.uk/pub/databases/gwas/summary_statistics/GCST90203001-GCST90204000/GCST90203888/harmonised/GCST90203888.h.tsv.gz	86418383	4269998	5008	0.001173	0	0	0	17	4991	/data/opengwasdb/metabolome-plasma-2023/releases/2023-chen-full-south-asian/filtered/GCST90203888_GCST90203888.filtered.tsv.gz	139986	sha256	112ea1d84bb2de2ce9582fcc3dee4b9d6ac7671a0e601765d73265bccb056678	5.2	11.5	16.8
GCST90203889	ok	""	1	0	http://ftp.ebi.ac.uk/pub/databases/gwas/summary_statistics/GCST90203001-GCST90204000/GCST90203889/harmonised/GCST90203889.h.tsv.gz	86743474	4211251	8480	0.002014	0	1	3510	27	4948	/data/opengwasdb/metabolome-plasma-2023/releases/2023-chen-full-south-asian/filtered/GCST90203889_GCST90203889.filtered.tsv.gz	203681	sha256	107cbc7373fc5220130011b1fa2143d1599dc55a20cb88ad6f2f4ed924cde4c2	5.7	11.2	16.9
GCST90203890	ok	""	1	0	http://ftp.ebi.ac.uk/pub/databases/gwas/summary_statistics/GCST90203001-GCST90204000/GCST90203890/harmonised/GCST90203890.h.tsv.gz	90637837	4423767	5259	0.001189	0	0	0	29	5230	/data/opengwasdb/metabolome-plasma-2023/releases/2023-chen-full-south-asian/filtered/GCST90203890_GCST90203890.filtered.tsv.gz	146099	sha256	b630166a8406e309479bf55930414c068bc74b4dd285aa7b581d6704658f5f30	6.3	11.7	18
GCST90203891	ok	""	1	0	http://ftp.ebi.ac.uk/pub/databases/gwas/summary_statistics/GCST90203001-GCST90204000/GCST90203891/harmonised/GCST90203891.h.tsv.gz	88696601	4409237	5235	0.001187	0	0	0	13	5222	/data/opengwasdb/metabolome-plasma-2023/releases/2023-chen-full-south-asian/filtered/GCST90203891_GCST90203891.filtered.tsv.gz	145337	sha256	2d8c11df4504303bae713b2e5da4c3ec02faf687a4d2357352604ccac0574caf	5.8	11.1	16.9
GCST90203892	ok	""	1	0	http://ftp.ebi.ac.uk/pub/databases/gwas/summary_statistics/GCST90203001-GCST90204000/GCST90203892/harmonised/GCST90203892.h.tsv.gz	84461855	4324000	5137	0.001188	0	0	0	30	5107	/data/opengwasdb/metabolome-plasma-2023/releases/2023-chen-full-south-asian/filtered/GCST90203892_GCST90203892.filtered.tsv.gz	143153	sha256	d8cd0f4adcbfc8027c750b898fec22fc83595f7cfc17259150766e8099a39b51	5.1	11	16.1
GCST90203893	ok	""	1	0	http://ftp.ebi.ac.uk/pub/databases/gwas/summary_statistics/GCST90203001-GCST90204000/GCST90203893/harmonised/GCST90203893.h.tsv.gz	92750107	4376374	5199	0.001188	0	0	0	32	5167	/data/opengwasdb/metabolome-plasma-2023/releases/2023-chen-full-south-asian/filtered/GCST90203893_GCST90203893.filtered.tsv.gz	145047	sha256	d4a82c1be15ee0c5bda4a013ee686d18e917f0f14c6c7d63a1820d8e7f016090	6.1	11.4	17.6
GCST90203894	ok	""	1	0	http://ftp.ebi.ac.uk/pub/databases/gwas/summary_statistics/GCST90203001-GCST90204000/GCST90203894/harmonised/GCST90203894.h.tsv.gz	88482633	4244993	7990	0.001882	0	1	2995	29	4969	/data/opengwasdb/metabolome-plasma-2023/releases/2023-chen-full-south-asian/filtered/GCST90203894_GCST90203894.filtered.tsv.gz	201579	sha256	a3e1990ae4b267b332736ebbff9dae540f458f256daf219bc7f9d63c0791b12a	3.3	11.5	14.8
GCST90203895	ok	""	1	0	http://ftp.ebi.ac.uk/pub/databases/gwas/summary_statistics/GCST90203001-GCST90204000/GCST90203895/harmonised/GCST90203895.h.tsv.gz	90876291	4273720	5021	0.001175	0	0	0	19	5002	/data/opengwasdb/metabolome-plasma-2023/releases/2023-chen-full-south-asian/filtered/GCST90203895_GCST90203895.filtered.tsv.gz	140502	sha256	85967b41e988f0760b9b288b56b2b11313a6ca8420d1b4e9d306cfc355cfc0d6	6.8	10.4	17.3
GCST90203896	ok	""	1	0	http://ftp.ebi.ac.uk/pub/databases/gwas/summary_statistics/GCST90203001-GCST90204000/GCST90203896/harmonised/GCST90203896.h.tsv.gz	84398950	4267315	5050	0.001183	0	0	0	25	5025	/data/opengwasdb/metabolome-plasma-2023/releases/2023-chen-full-south-asian/filtered/GCST90203896_GCST90203896.filtered.tsv.gz	140927	sha256	f85f92f4b1802fa666c33787371c98832b5d851df7faba3cf464e12402f2b60a	4.6	10	14.6
GCST90203897	ok	""	1	0	http://ftp.ebi.ac.uk/pub/databases/gwas/summary_statistics/GCST90203001-GCST90204000/GCST90203897/harmonised/GCST90203897.h.tsv.gz	87260901	4255738	7728	0.001816	0	1	2694	46	4991	/data/opengwasdb/metabolome-plasma-2023/releases/2023-chen-full-south-asian/filtered/GCST90203897_GCST90203897.filtered.tsv.gz	195473	sha256	7db7e6fb1dfc71a349c3016d9b1086772365b336baaee6e9bd0ecf17d326ef15	5.5	10.1	15.6
GCST90203898	ok	""	1	0	http://ftp.ebi.ac.uk/pub/databases/gwas/summary_statistics/GCST90203001-GCST90204000/GCST90203898/harmonised/GCST90203898.h.tsv.gz	90942254	4277519	8522	0.001992	0	1	3508	19	4999	/data/opengwasdb/metabolome-plasma-2023/releases/2023-chen-full-south-asian/filtered/GCST90203898_GCST90203898.filtered.tsv.gz	206814	sha256	2a8c909cd098972392f27c7eec1620d2f514567d26d8d5700ec46be399d2cad2	6.9	11.4	18.3
GCST90203899	ok	""	1	0	http://ftp.ebi.ac.uk/pub/databases/gwas/summary_statistics/GCST90203001-GCST90204000/GCST90203899/harmonised/GCST90203899.h.tsv.gz	90922443	4276157	5028	0.001176	0	0	0	24	5004	/data/opengwasdb/metabolome-plasma-2023/releases/2023-chen-full-south-asian/filtered/GCST90203899_GCST90203899.filtered.tsv.gz	140618	sha256	f134b4a61faeffef7f36079d7778354fddf2e79534501594b169ae6807dd265a	6.4	11.4	17.8
GCST90203900	ok	""	1	0	http://ftp.ebi.ac.uk/pub/databases/gwas/summary_statistics/GCST90203001-GCST90204000/GCST90203900/harmonised/GCST90203900.h.tsv.gz	87251207	4245426	4995	0.001177	0	0	0	29	4966	/data/opengwasdb/metabolome-plasma-2023/releases/2023-chen-full-south-asian/filtered/GCST90203900_GCST90203900.filtered.tsv.gz	138767	sha256	8829902746afbab6186808259ff9cee1600c6b613b5fa31d4b117f10e5967ef7	6.3	10.4	16.7
GCST90203901	ok	""	1	0	http://ftp.ebi.ac.uk/pub/databases/gwas/summary_statistics/GCST90203001-GCST90204000/GCST90203901/harmonised/GCST90203901.h.tsv.gz	89962186	4326659	5102	0.001179	0	0	0	20	5082	/data/opengwasdb/metabolome-plasma-2023/releases/2023-chen-full-south-asian/filtered/GCST90203901_GCST90203901.filtered.tsv.gz	142322	sha256	b4ffee5cd7790a036effeaa71c7e699fafd114de961c08480f93186fbbc30077	6.2	11.6	17.7
GCST90203902	ok	""	1	0	http://ftp.ebi.ac.uk/pub/databases/gwas/summary_statistics/GCST90203001-GCST90204000/GCST90203902/harmonised/GCST90203902.h.tsv.gz	91104555	4288831	7869	0.001835	0	1	2832	27	5016	/data/opengwasdb/metabolome-plasma-2023/releases/2023-chen-full-south-asian/filtered/GCST90203902_GCST90203902.filtered.tsv.gz	192507	sha256	ecbfcaace9d2c49c2a37f0487f9f830c867e08e1221e3262fd934fef268a4a05	6.2	10.8	17.1
GCST90203903	ok	""	1	0	http://ftp.ebi.ac.uk/pub/databases/gwas/summary_statistics/GCST90203001-GCST90204000/GCST90203903/harmonised/GCST90203903.h.tsv.gz	90512609	4255885	4992	0.001173	0	0	0	22	4970	/data/opengwasdb/metabolome-plasma-2023/releases/2023-chen-full-south-asian/filtered/GCST90203903_GCST90203903.filtered.tsv.gz	139672	sha256	4656f6171376a4f7b32509e764bdd00f339c3c85b0f08bf7cbff48ff2c47febb	3.4	11.2	14.5
GCST90203904	ok	""	1	0	http://ftp.ebi.ac.uk/pub/databases/gwas/summary_statistics/GCST90203001-GCST90204000/GCST90203904/harmonised/GCST90203904.h.tsv.gz	88343761	4383000	5197	0.001186	0	0	0	31	5166	/data/opengwasdb/metabolome-plasma-2023/releases/2023-chen-full-south-asian/filtered/GCST90203904_GCST90203904.filtered.tsv.gz	144936	sha256	5a7c7cb5c75c9c719c15e231fc8985b4bc893301a83e6c071449b10cd459918c	6.4	11.5	17.9
GCST90203905	ok	""	1	0	http://ftp.ebi.ac.uk/pub/databases/gwas/summary_statistics/GCST90203001-GCST90204000/GCST90203905/harmonised/GCST90203905.h.tsv.gz	90070827	4267493	5023	0.001177	0	0	0	28	4995	/data/opengwasdb/metabolome-plasma-2023/releases/2023-chen-full-south-asian/filtered/GCST90203905_GCST90203905.filtered.tsv.gz	140504	sha256	cefc0e45483845f08753213378018c5e18a625dbadca1417ac1b4b923cb5666e	6.5	11.4	17.9
GCST90203906	ok	""	1	0	http://ftp.ebi.ac.uk/pub/databases/gwas/summary_statistics/GCST90203001-GCST90204000/GCST90203906/harmonised/GCST90203906.h.tsv.gz	91188738	4397021	5215	0.001186	0	0	0	23	5192	/data/opengwasdb/metabolome-plasma-2023/releases/2023-chen-full-south-asian/filtered/GCST90203906_GCST90203906.filtered.tsv.gz	144939	sha256	55bc38e7f5223810d5f95b355cf0572472ed9cc00bf369e7f4758e484bb4aa36	6.8	12.5	19.3
GCST90203907	ok	""	1	0	http://ftp.ebi.ac.uk/pub/databases/gwas/summary_statistics/GCST90203001-GCST90204000/GCST90203907/harmonised/GCST90203907.h.tsv.gz	86359072	4380633	5232	0.001194	0	0	0	37	5195	/data/opengwasdb/metabolome-plasma-2023/releases/2023-chen-full-south-asian/filtered/GCST90203907_GCST90203907.filtered.tsv.gz	145630	sha256	f87581739a161c92f88b57d1907a2cfc8581d476bb1c87739830b16f168135c9	5.4	10.8	16.2
GCST90203908	ok	""	1	0	http://ftp.ebi.ac.uk/pub/databases/gwas/summary_statistics/GCST90203001-GCST90204000/GCST90203908/harmonised/GCST90203908.h.tsv.gz	91238413	4332404	5120	0.001182	0	0	0	26	5094	/data/opengwasdb/metabolome-plasma-2023/releases/2023-chen-full-south-asian/filtered/GCST90203908_GCST90203908.filtered.tsv.gz	143338	sha256	5fce57cbd9f665b23d28f92e49f6e62725ed4b51360f217ef660b727c49ff1c8	5.1	11.8	16.9
GCST90203909	ok	""	1	0	http://ftp.ebi.ac.uk/pub/databases/gwas/summary_statistics/GCST90203001-GCST90204000/GCST90203909/harmonised/GCST90203909.h.tsv.gz	82224199	4207767	4947	0.001176	0	0	0	23	4924	/data/opengwasdb/metabolome-plasma-2023/releases/2023-chen-full-south-asian/filtered/GCST90203909_GCST90203909.filtered.tsv.gz	137892	sha256	ca2f3b7d5dbf7fd8bb92db937e4c234b51c78c9fbfeb5d703a2f3a6b60d61132	4.8	9.6	14.4
GCST90203910	ok	""	1	0	http://ftp.ebi.ac.uk/pub/databases/gwas/summary_statistics/GCST90203001-GCST90204000/GCST90203910/harmonised/GCST90203910.h.tsv.gz	92528384	4400963	13326	0.003028	0	3	8088	38	5208	/data/opengwasdb/metabolome-plasma-2023/releases/2023-chen-full-south-asian/filtered/GCST90203910_GCST90203910.filtered.tsv.gz	303382	sha256	d257df62dfd862a7c4f12e4ed4b2c1513cabf1e58693aaffcf8d23cdc8aa75f0	6.8	12.4	19.2
GCST90203911	ok	""	1	0	http://ftp.ebi.ac.uk/pub/databases/gwas/summary_statistics/GCST90203001-GCST90204000/GCST90203911/harmonised/GCST90203911.h.tsv.gz	85863848	4280996	5017	0.001172	0	0	0	19	4998	/data/opengwasdb/metabolome-plasma-2023/releases/2023-chen-full-south-asian/filtered/GCST90203911_GCST90203911.filtered.tsv.gz	140228	sha256	f7108161ab22abe0c69e5fa3b2c78bc4abd589b9acb5d5a02eaa645396ac7dbc	5.1	10.1	15.2
GCST90203912	ok	""	1	0	http://ftp.ebi.ac.uk/pub/databases/gwas/summary_statistics/GCST90203001-GCST90204000/GCST90203912/harmonised/GCST90203912.h.tsv.gz	86638041	4280656	5034	0.001176	0	0	0	23	5011	/data/opengwasdb/metabolome-plasma-2023/releases/2023-chen-full-south-asian/filtered/GCST90203912_GCST90203912.filtered.tsv.gz	140803	sha256	f41b9dfe25d8d3a63f0ac9d469893d4dab9d38a05ae27d72b23631f08be1e46d	6	11.7	17.7
GCST90203913	ok	""	1	0	http://ftp.ebi.ac.uk/pub/databases/gwas/summary_statistics/GCST90203001-GCST90204000/GCST90203913/harmonised/GCST90203913.h.tsv.gz	90879815	4274252	5018	0.001174	0	0	0	17	5001	/data/opengwasdb/metabolome-plasma-2023/releases/2023-chen-full-south-asian/filtered/GCST90203913_GCST90203913.filtered.tsv.gz	140292	sha256	b412a3fa824241f426f17d5f31e24ca835b11e7990232292330f5690be01831c	3.6	11.5	15
GCST90203914	ok	""	1	0	http://ftp.ebi.ac.uk/pub/databases/gwas/summary_statistics/GCST90203001-GCST90204000/GCST90203914/harmonised/GCST90203914.h.tsv.gz	83553544	4209995	4929	0.001171	0	0	0	22	4907	/data/opengwasdb/metabolome-plasma-2023/releases/2023-chen-full-south-asian/filtered/GCST90203914_GCST90203914.filtered.tsv.gz	137923	sha256	875a20af45a274d344f3c72d9c3a6fe3119ae300929500a056e0b17ba0e569d4	4.1	10.9	15
GCST90203915	ok	""	1	0	http://ftp.ebi.ac.uk/pub/databases/gwas/summary_statistics/GCST90203001-GCST90204000/GCST90203915/harmonised/GCST90203915.h.tsv.gz	86371001	4311254	5066	0.001175	0	0	0	17	5049	/data/opengwasdb/metabolome-plasma-2023/releases/2023-chen-full-south-asian/filtered/GCST90203915_GCST90203915.filtered.tsv.gz	141566	sha256	2d3544bf426cda19c8a06ea90e4132e7b963a599907d6bd09385bac01bdebd12	4.3	11	15.3
GCST90203916	ok	""	1	0	http://ftp.ebi.ac.uk/pub/databases/gwas/summary_statistics/GCST90203001-GCST90204000/GCST90203916/harmonised/GCST90203916.h.tsv.gz	90516588	4255885	4996	0.001174	0	0	0	26	4970	/data/opengwasdb/metabolome-plasma-2023/releases/2023-chen-full-south-asian/filtered/GCST90203916_GCST90203916.filtered.tsv.gz	139686	sha256	50956463d3b445f54d0998f6a0d3c4c5b5a3b6c8423e4f401b819bf3bd437ae9	6.7	11.6	18.3
GCST90203917	ok	""	1	0	http://ftp.ebi.ac.uk/pub/databases/gwas/summary_statistics/GCST90203001-GCST90204000/GCST90203917/harmonised/GCST90203917.h.tsv.gz	83441749	4193451	11826	0.00282	0	2	6869	43	4922	/data/opengwasdb/metabolome-plasma-2023/releases/2023-chen-full-south-asian/filtered/GCST90203917_GCST90203917.filtered.tsv.gz	252934	sha256	bfe84e48de0186acafbf218ac1f5dffc4c5384b49945272193e27ac21eb610c6	6.1	10.4	16.4
GCST90203918	ok	""	1	0	http://ftp.ebi.ac.uk/pub/databases/gwas/summary_statistics/GCST90203001-GCST90204000/GCST90203918/harmonised/GCST90203918.h.tsv.gz	87835393	4390438	5222	0.001189	0	0	0	17	5205	/data/opengwasdb/metabolome-plasma-2023/releases/2023-chen-full-south-asian/filtered/GCST90203918_GCST90203918.filtered.tsv.gz	145903	sha256	d4eda2565eb414b112d50d164a3d81b8e41bc31cdefc229ecf7561eecc5bcf36	4.3	12.3	16.6
GCST90203919	ok	""	1	0	http://ftp.ebi.ac.uk/pub/databases/gwas/summary_statistics/GCST90203001-GCST90204000/GCST90203919/harmonised/GCST90203919.h.tsv.gz	90524210	4255885	8848	0.002079	0	1	3865	16	4970	/data/opengwasdb/metabolome-plasma-2023/releases/2023-chen-full-south-asian/filtered/GCST90203919_GCST90203919.filtered.tsv.gz	209299	sha256	d7cebc44b40e55516bef604e537214f8a69bee21aebd35f5f5f0fa2a75481680	5.5	10.6	16.1
GCST90203920	ok	""	1	0	http://ftp.ebi.ac.uk/pub/databases/gwas/summary_statistics/GCST90203001-GCST90204000/GCST90203920/harmonised/GCST90203920.h.tsv.gz	92489179	4402428	5239	0.00119	0	0	0	15	5224	/data/opengwasdb/metabolome-plasma-2023/releases/2023-chen-full-south-asian/filtered/GCST90203920_GCST90203920.filtered.tsv.gz	146116	sha256	11e0f3c9669eac82baa753535195cdba4730d0966d2953fd90d6c893202ec30d	3.4	13.3	16.7
GCST90203921	ok	""	1	0	http://ftp.ebi.ac.uk/pub/databases/gwas/summary_statistics/GCST90203001-GCST90204000/GCST90203921/harmonised/GCST90203921.h.tsv.gz	89655219	4308793	5087	0.001181	0	0	0	26	5061	/data/opengwasdb/metabolome-plasma-2023/releases/2023-chen-full-south-asian/filtered/GCST90203921_GCST90203921.filtered.tsv.gz	141551	sha256	cedefb02b352ef2f600fef46f36bf3570648e8395dc4967d15df40f687c3d8f1	6.6	11.1	17.7
GCST90203922	ok	""	1	0	http://ftp.ebi.ac.uk/pub/databases/gwas/summary_statistics/GCST90203001-GCST90204000/GCST90203922/harmonised/GCST90203922.h.tsv.gz	82221905	4273045	5018	0.001174	0	0	0	22	4996	/data/opengwasdb/metabolome-plasma-2023/releases/2023-chen-full-south-asian/filtered/GCST90203922_GCST90203922.filtered.tsv.gz	139329	sha256	d5152a9d077d090cdaea24024f7021d0281711cd0f4d767ed751be0ecc77dbbc	6	10.4	16.4
GCST90203923	ok	""	1	0	http://ftp.ebi.ac.uk/pub/databases/gwas/summary_statistics/GCST90203001-GCST90204000/GCST90203923/harmonised/GCST90203923.h.tsv.gz	90213385	4345653	10703	0.002463	0	1	5535	37	5137	/data/opengwasdb/metabolome-plasma-2023/releases/2023-chen-full-south-asian/filtered/GCST90203923_GCST90203923.filtered.tsv.gz	239686	sha256	c5c5c6df446ec3416d31af2c068f5f84fe3ff9cf4b11d1bb6cea10466b58aa3a	5.5	10.3	15.8
GCST90203924	ok	""	1	0	http://ftp.ebi.ac.uk/pub/databases/gwas/summary_statistics/GCST90203001-GCST90204000/GCST90203924/harmonised/GCST90203924.h.tsv.gz	90563990	4360271	7851	0.001801	0	1	2687	23	5145	/data/opengwasdb/metabolome-plasma-2023/releases/2023-chen-full-south-asian/filtered/GCST90203924_GCST90203924.filtered.tsv.gz	192862	sha256	0ea68b266781de76033f728307b85df0eb6a5120836998854e4f7ebd67502754	6.7	11.6	18.3
GCST90203925	ok	""	1	0	http://ftp.ebi.ac.uk/pub/databases/gwas/summary_statistics/GCST90203001-GCST90204000/GCST90203925/harmonised/GCST90203925.h.tsv.gz	88040451	4362271	5160	0.001183	0	0	0	20	5140	/data/opengwasdb/metabolome-plasma-2023/releases/2023-chen-full-south-asian/filtered/GCST90203925_GCST90203925.filtered.tsv.gz	144056	sha256	f1a4518f825ad2befe1f00137b1fc7a25d05f0fd8ed5c257768aba206a365f10	2.8	10	12.8
GCST90203926	ok	""	1	0	http://ftp.ebi.ac.uk/pub/databases/gwas/summary_statistics/GCST90203001-GCST90204000/GCST90203926/harmonised/GCST90203926.h.tsv.gz	87352931	4322856	9243	0.002138	0	1	4137	26	5083	/data/opengwasdb/metabolome-plasma-2023/releases/2023-chen-full-south-asian/filtered/GCST90203926_GCST90203926.filtered.tsv.gz	218882	sha256	3943b35193516f8851145342124accc8c49a444880338b0be2b1b096a2b2665e	6.1	11.8	17.9
GCST90203927	ok	""	1	0	http://ftp.ebi.ac.uk/pub/databases/gwas/summary_statistics/GCST90203001-GCST90204000/GCST90203927/harmonised/GCST90203927.h.tsv.gz	86458225	4272363	8368	0.001959	0	1	3336	34	5001	/data/opengwasdb/metabolome-plasma-2023/releases/2023-chen-full-south-asian/filtered/GCST90203927_GCST90203927.filtered.tsv.gz	206933	sha256	f4194a16df5733b4a59a3067e8d8c88bbbbf4f843c803f58e333c2132740a1df	5.4	11.2	16.6
GCST90203928	ok	""	1	0	http://ftp.ebi.ac.uk/pub/databases/gwas/summary_statistics/GCST90203001-GCST90204000/GCST90203928/harmonised/GCST90203928.h.tsv.gz	90864977	4273720	9619	0.002251	0	2	4602	23	5002	/data/opengwasdb/metabolome-plasma-2023/releases/2023-chen-full-south-asian/filtered/GCST90203928_GCST90203928.filtered.tsv.gz	231847	sha256	e83ea0e8f7e9686004fc1b573c595f3a77f67a78a6f67915e3d38e9a2568b302	5.6	12	17.6
GCST90203929	ok	""	1	0	http://ftp.ebi.ac.uk/pub/databases/gwas/summary_statistics/GCST90203001-GCST90204000/GCST90203929/harmonised/GCST90203929.h.tsv.gz	92584086	4368632	8433	0.00193	0	1	3277	24	5138	/data/opengwasdb/metabolome-plasma-2023/releases/2023-chen-full-south-asian/filtered/GCST90203929_GCST90203929.filtered.tsv.gz	208131	sha256	658d1b6e7342f9c3b93bbf048445a75e4f8dc0ea6746cdd820c7a0eafd409398	4.2	11.7	15.9
GCST90203930	ok	""	1	0	http://ftp.ebi.ac.uk/pub/databases/gwas/summary_statistics/GCST90203001-GCST90204000/GCST90203930/harmonised/GCST90203930.h.tsv.gz	86736658	4292223	9049	0.002108	0	1	4022	20	5012	/data/opengwasdb/metabolome-plasma-2023/releases/2023-chen-full-south-asian/filtered/GCST90203930_GCST90203930.filtered.tsv.gz	212701	sha256	45ff2f4097e46f4400a1c6c1fcf2504665caea3a6124b85271e6cf192f04ada3	6.4	10.1	16.5
GCST90203931	ok	""	1	0	http://ftp.ebi.ac.uk/pub/databases/gwas/summary_statistics/GCST90203001-GCST90204000/GCST90203931/harmonised/GCST90203931.h.tsv.gz	84823264	4299131	5093	0.001185	0	0	0	30	5063	/data/opengwasdb/metabolome-plasma-2023/releases/2023-chen-full-south-asian/filtered/GCST90203931_GCST90203931.filtered.tsv.gz	141908	sha256	cda2519efca9fd2f7549bbc4cca7f28e732e407a2c9c70050671adca22a4d8ec	5.3	10.5	15.8
GCST90203932	ok	""	1	0	http://ftp.ebi.ac.uk/pub/databases/gwas/summary_statistics/GCST90203001-GCST90204000/GCST90203932/harmonised/GCST90203932.h.tsv.gz	89189873	4225788	4934	0.001168	0	0	0	14	4920	/data/opengwasdb/metabolome-plasma-2023/releases/2023-chen-full-south-asian/filtered/GCST90203932_GCST90203932.filtered.tsv.gz	138236	sha256	ebebe9485c3838f81a32f90af457c0f19264f295abe9824e88b56eb51f016690	6.6	11.2	17.8
GCST90203933	ok	""	1	0	http://ftp.ebi.ac.uk/pub/databases/gwas/summary_statistics/GCST90203001-GCST90204000/GCST90203933/harmonised/GCST90203933.h.tsv.gz	89763824	4255837	16974	0.003988	0	1	11979	18	4980	/data/opengwasdb/metabolome-plasma-2023/releases/2023-chen-full-south-asian/filtered/GCST90203933_GCST90203933.filtered.tsv.gz	318465	sha256	aab38bcd605cbfb2fc777fd7f3ce629a92cb9bdb5701f86ae15c111e2f3fb660	6	10.8	16.8
GCST90203934	ok	""	1	0	http://ftp.ebi.ac.uk/pub/databases/gwas/summary_statistics/GCST90203001-GCST90204000/GCST90203934/harmonised/GCST90203934.h.tsv.gz	84291052	4396295	5236	0.001191	0	0	0	35	5201	/data/opengwasdb/metabolome-plasma-2023/releases/2023-chen-full-south-asian/filtered/GCST90203934_GCST90203934.filtered.tsv.gz	145527	sha256	b300811be38bde052a279989fd03b65f44cd3bbac5c6d42e8af7f1141b57f448	5.8	12.1	17.9
GCST90203935	ok	""	1	0	http://ftp.ebi.ac.uk/pub/databases/gwas/summary_statistics/GCST90203001-GCST90204000/GCST90203935/harmonised/GCST90203935.h.tsv.gz	87551899	4336220	7877	0.001817	0	1	2751	29	5099	/data/opengwasdb/metabolome-plasma-2023/releases/2023-chen-full-south-asian/filtered/GCST90203935_GCST90203935.filtered.tsv.gz	202652	sha256	6dee832e51343d79ceae59a07fa44a373a6b76b6b004bb855875cfc8a5ac584a	3.5	10.9	14.4
GCST90203936	ok	""	1	0	http://ftp.ebi.ac.uk/pub/databases/gwas/summary_statistics/GCST90203001-GCST90204000/GCST90203936/harmonised/GCST90203936.h.tsv.gz	91209162	4296194	9157	0.002131	0	1	4109	14	5037	/data/opengwasdb/metabolome-plasma-2023/releases/2023-chen-full-south-asian/filtered/GCST90203936_GCST90203936.filtered.tsv.gz	220200	sha256	c578fc80dd62d2834aaa5243a62c39b1a10aa614f4cc1dd11f32efce67b6d2b1	6.8	11.4	18.1
GCST90203937	ok	""	1	0	http://ftp.ebi.ac.uk/pub/databases/gwas/summary_statistics/GCST90203001-GCST90204000/GCST90203937/harmonised/GCST90203937.h.tsv.gz	88388900	4387919	10374	0.002364	0	1	5171	39	5171	/data/opengwasdb/metabolome-plasma-2023/releases/2023-chen-full-south-asian/filtered/GCST90203937_GCST90203937.filtered.tsv.gz	226918	sha256	41bdcdf9cf1f9c71b0e64996e561e332956e868a7199019b551ebcabe88c8498	5.1	12	17.1
GCST90203938	ok	""	1	0	http://ftp.ebi.ac.uk/pub/databases/gwas/summary_statistics/GCST90203001-GCST90204000/GCST90203938/harmonised/GCST90203938.h.tsv.gz	89344152	4231878	4949	0.001169	0	0	0	13	4936	/data/opengwasdb/metabolome-plasma-2023/releases/2023-chen-full-south-asian/filtered/GCST90203938_GCST90203938.filtered.tsv.gz	138465	sha256	049c9ce0d0383ae0bdf0fecc2dcb36e189f8a93fed0aab4743e549b767f3d9eb	5.4	11.4	16.8
GCST90203939	ok	""	1	0	http://ftp.ebi.ac.uk/pub/databases/gwas/summary_statistics/GCST90203001-GCST90204000/GCST90203939/harmonised/GCST90203939.h.tsv.gz	86511580	4399319	5267	0.001197	0	0	0	32	5235	/data/opengwasdb/metabolome-plasma-2023/releases/2023-chen-full-south-asian/filtered/GCST90203939_GCST90203939.filtered.tsv.gz	146516	sha256	c0d40d935c22e8b4c52c134338f7bb7f69c401ce4bbc4b6888591e2456bdd1ea	4.8	12.2	17.1
GCST90203940	ok	""	1	0	http://ftp.ebi.ac.uk/pub/databases/gwas/summary_statistics/GCST90203001-GCST90204000/GCST90203940/harmonised/GCST90203940.h.tsv.gz	91521780	4315345	8484	0.001966	0	1	3409	23	5055	/data/opengwasdb/metabolome-plasma-2023/releases/2023-chen-full-south-asian/filtered/GCST90203940_GCST90203940.filtered.tsv.gz	203316	sha256	ecf308ecfee2fd361c91c4cdee9058218e045e73bed7d99a1d80663072bb0909	4	12.1	16.1
GCST90203941	ok	""	1	0	http://ftp.ebi.ac.uk/pub/databases/gwas/summary_statistics/GCST90203001-GCST90204000/GCST90203941/harmonised/GCST90203941.h.tsv.gz	91790301	4324956	5079	0.001174	0	0	0	18	5061	/data/opengwasdb/metabolome-plasma-2023/releases/2023-chen-full-south-asian/filtered/GCST90203941_GCST90203941.filtered.tsv.gz	141755	sha256	719759aa7aed308d1796a43fcfbe4e347530698e9bfe2e2ab8220b16ca64b7ef	6.1	10.2	16.3
GCST90203942	ok	""	1	0	http://ftp.ebi.ac.uk/pub/databases/gwas/summary_statistics/GCST90203001-GCST90204000/GCST90203942/harmonised/GCST90203942.h.tsv.gz	90880283	4275564	5020	0.001174	0	0	0	27	4993	/data/opengwasdb/metabolome-plasma-2023/releases/2023-chen-full-south-asian/filtered/GCST90203942_GCST90203942.filtered.tsv.gz	140433	sha256	b35d3adb12efd4ce9b50de217eca4b0cf632515a7592f3e71eb22dccf40fea01	5.4	9.7	15.1
GCST90203943	ok	""	1	0	http://ftp.ebi.ac.uk/pub/databases/gwas/summary_statistics/GCST90203001-GCST90204000/GCST90203943/harmonised/GCST90203943.h.tsv.gz	88216981	4238836	5006	0.001181	0	0	0	21	4986	/data/opengwasdb/metabolome-plasma-2023/releases/2023-chen-full-south-asian/filtered/GCST90203943_GCST90203943.filtered.tsv.gz	139525	sha256	b8989c2afd43ad88b36148591b74bc4a4d31f3ed991f49304e2111fc50bb63e9	6.6	11.4	18
GCST90203944	ok	""	1	0	http://ftp.ebi.ac.uk/pub/databases/gwas/summary_statistics/GCST90203001-GCST90204000/GCST90203944/harmonised/GCST90203944.h.tsv.gz	89637123	4245282	4983	0.001174	0	0	0	15	4968	/data/opengwasdb/metabolome-plasma-2023/releases/2023-chen-full-south-asian/filtered/GCST90203944_GCST90203944.filtered.tsv.gz	139491	sha256	cf0350f62e6cf115390c73910f6a412409372fe1527d36fc4d0b7a79d437024a	6.3	11.6	17.9
GCST90203945	ok	""	1	0	http://ftp.ebi.ac.uk/pub/databases/gwas/summary_statistics/GCST90203001-GCST90204000/GCST90203945/harmonised/GCST90203945.h.tsv.gz	92296832	4396702	5227	0.001189	0	0	0	24	5203	/data/opengwasdb/metabolome-plasma-2023/releases/2023-chen-full-south-asian/filtered/GCST90203945_GCST90203945.filtered.tsv.gz	146163	sha256	c080669da8c0cc4aae6f5d7ca4cf9907a3a0805c6bf91a83b0193ae548c25855	6.7	12.6	19.4
GCST90203946	ok	""	1	0	http://ftp.ebi.ac.uk/pub/databases/gwas/summary_statistics/GCST90203001-GCST90204000/GCST90203946/harmonised/GCST90203946.h.tsv.gz	86284565	4261425	9608	0.002255	0	1	4613	13	4986	/data/opengwasdb/metabolome-plasma-2023/releases/2023-chen-full-south-asian/filtered/GCST90203946_GCST90203946.filtered.tsv.gz	223958	sha256	0f908d230f18bb8c22d71b6d7f39ffed45d584e0f208295dd03c0d9fd0f251c3	4.1	11.7	15.9
GCST90203947	ok	""	1	0	http://ftp.ebi.ac.uk/pub/databases/gwas/summary_statistics/GCST90203001-GCST90204000/GCST90203947/harmonised/GCST90203947.h.tsv.gz	85598873	4387447	5237	0.001194	0	0	0	28	5209	/data/opengwasdb/metabolome-plasma-2023/releases/2023-chen-full-south-asian/filtered/GCST90203947_GCST90203947.filtered.tsv.gz	145636	sha256	c4a9c3476d0ef7ec72337114ef9914b3a734babffc8ec7d0710fc2b095dc6282	5	11	16
GCST90203948	ok	""	1	0	http://ftp.ebi.ac.uk/pub/databases/gwas/summary_statistics/GCST90203001-GCST90204000/GCST90203948/harmonised/GCST90203948.h.tsv.gz	88681116	4397982	5217	0.001186	0	0	0	31	5186	/data/opengwasdb/metabolome-plasma-2023/releases/2023-chen-full-south-asian/filtered/GCST90203948_GCST90203948.filtered.tsv.gz	145566	sha256	351ef55bc707941117049adbec7939167cb7abffa1011e6cd37dce2023069920	5.5	12.7	18.2
GCST90203949	ok	""	1	0	http://ftp.ebi.ac.uk/pub/databases/gwas/summary_statistics/GCST90203001-GCST90204000/GCST90203949/harmonised/GCST90203949.h.tsv.gz	87771761	4346738	5124	0.001179	0	0	0	16	5108	/data/opengwasdb/metabolome-plasma-2023/releases/2023-chen-full-south-asian/filtered/GCST90203949_GCST90203949.filtered.tsv.gz	143105	sha256	22dced5b6253eaf9de8214ec75c1cf6571f4879145dd11cf8e64085cdc665cc0	6.4	11	17.4
GCST90203950	ok	""	1	0	http://ftp.ebi.ac.uk/pub/databases/gwas/summary_statistics/GCST90203001-GCST90204000/GCST90203950/harmonised/GCST90203950.h.tsv.gz	90528925	4255885	4988	0.001172	0	0	0	18	4970	/data/opengwasdb/metabolome-plasma-2023/releases/2023-chen-full-south-asian/filtered/GCST90203950_GCST90203950.filtered.tsv.gz	139428	sha256	2b97e6684e9093ee5ba2346f96e6629f1095fbb3f57409edb4c81e04d6dc3177	5.5	11.8	17.3
GCST90203951	ok	""	1	0	http://ftp.ebi.ac.uk/pub/databases/gwas/summary_statistics/GCST90203001-GCST90204000/GCST90203951/harmonised/GCST90203951.h.tsv.gz	91205140	4294068	8559	0.001993	0	1	3500	24	5040	/data/opengwasdb/metabolome-plasma-2023/releases/2023-chen-full-south-asian/filtered/GCST90203951_GCST90203951.filtered.tsv.gz	201484	sha256	5d4d73da15459ef60e00300a09fa8f9ba541cc9cf652f354c0f95ae92c0ba2be	6.7	10.4	17.1
GCST90203952	ok	""	1	0	http://ftp.ebi.ac.uk/pub/databases/gwas/summary_statistics/GCST90203001-GCST90204000/GCST90203952/harmonised/GCST90203952.h.tsv.gz	87662287	4378949	5179	0.001183	0	0	0	23	5156	/data/opengwasdb/metabolome-plasma-2023/releases/2023-chen-full-south-asian/filtered/GCST90203952_GCST90203952.filtered.tsv.gz	144908	sha256	8644462281891bb5fc7811fa243411009a8551f637b0339014020f8fb5cf3038	4.5	11.4	15.9
GCST90203953	ok	""	1	0	http://ftp.ebi.ac.uk/pub/databases/gwas/summary_statistics/GCST90203001-GCST90204000/GCST90203953/harmonised/GCST90203953.h.tsv.gz	86692224	4208061	14284	0.003394	0	3	9299	65	4931	/data/opengwasdb/metabolome-plasma-2023/releases/2023-chen-full-south-asian/filtered/GCST90203953_GCST90203953.filtered.tsv.gz	321186	sha256	819e97aaad4a729398a13cf1c6d45e398b17bfeac731a443e8594a1b5fb53b10	4.7	11.5	16.2
GCST90203954	ok	""	1	0	http://ftp.ebi.ac.uk/pub/databases/gwas/summary_statistics/GCST90203001-GCST90204000/GCST90203954/harmonised/GCST90203954.h.tsv.gz	91075579	4288508	5036	0.001174	0	0	0	23	5015	/data/opengwasdb/metabolome-plasma-2023/releases/2023-chen-full-south-asian/filtered/GCST90203954_GCST90203954.filtered.tsv.gz	140644	sha256	9c964f69649ab1c6e9b9f016944e857d704344bd4e81679de0771225da0210a7	6.7	11.3	18
GCST90203955	ok	""	1	0	http://ftp.ebi.ac.uk/pub/databases/gwas/summary_statistics/GCST90203001-GCST90204000/GCST90203955/harmonised/GCST90203955.h.tsv.gz	91165126	4292147	5065	0.00118	0	0	0	22	5043	/data/opengwasdb/metabolome-plasma-2023/releases/2023-chen-full-south-asian/filtered/GCST90203955_GCST90203955.filtered.tsv.gz	141377	sha256	584f43a8cf8b3494130d9fdb7e095bd174dd23846ffcc976c2ca6e6d24b71938	4.8	10.7	15.4
GCST90203956	ok	""	1	0	http://ftp.ebi.ac.uk/pub/databases/gwas/summary_statistics/GCST90203001-GCST90204000/GCST90203956/harmonised/GCST90203956.h.tsv.gz	86547074	4275673	5016	0.001173	0	0	0	13	5003	/data/opengwasdb/metabolome-plasma-2023/releases/2023-chen-full-south-asian/filtered/GCST90203956_GCST90203956.filtered.tsv.gz	140178	sha256	6cac2a3b549bf292b168062f3068f6592d22feae55fae1e0723cef5539002ccc	5.8	10.5	16.3
GCST90203957	ok	""	1	0	http://ftp.ebi.ac.uk/pub/databases/gwas/summary_statistics/GCST90203001-GCST90204000/GCST90203957/harmonised/GCST90203957.h.tsv.gz	90094004	4274913	4991	0.001168	0	0	0	21	4970	/data/opengwasdb/metabolome-plasma-2023/releases/2023-chen-full-south-asian/filtered/GCST90203957_GCST90203957.filtered.tsv.gz	139602	sha256	539cb8638f4a906f3d1017addef972029e5e1a8dbe6ed3013e1be507c239999f	5.4	11.3	16.7
GCST90203958	ok	""	1	0	http://ftp.ebi.ac.uk/pub/databases/gwas/summary_statistics/GCST90203001-GCST90204000/GCST90203958/harmonised/GCST90203958.h.tsv.gz	92079400	4339585	5126	0.001181	0	0	0	30	5096	/data/opengwasdb/metabolome-plasma-2023/releases/2023-chen-full-south-asian/filtered/GCST90203958_GCST90203958.filtered.tsv.gz	143165	sha256	fb5d04deb01159e54139806cd47234a3decd4734ec67a0fa89bcace99e5cd5f9	6.1	11.7	17.8
GCST90203959	ok	""	1	0	http://ftp.ebi.ac.uk/pub/databases/gwas/summary_statistics/GCST90203001-GCST90204000/GCST90203959/harmonised/GCST90203959.h.tsv.gz	86139942	4255885	4989	0.001172	0	0	0	19	4970	/data/opengwasdb/metabolome-plasma-2023/releases/2023-chen-full-south-asian/filtered/GCST90203959_GCST90203959.filtered.tsv.gz	139500	sha256	b11aab45f60a980073db96a2b3fcca493c84eb4fd51d4eb184ed52cc8a94b180	5	11	16
GCST90203960	ok	""	1	0	http://ftp.ebi.ac.uk/pub/databases/gwas/summary_statistics/GCST90203001-GCST90204000/GCST90203960/harmonised/GCST90203960.h.tsv.gz	90496639	4255885	4988	0.001172	0	0	0	18	4970	/data/opengwasdb/metabolome-plasma-2023/releases/2023-chen-full-south-asian/filtered/GCST90203960_GCST90203960.filtered.tsv.gz	139492	sha256	be1d624a511704ba4aef951c64aa6355f6977faf1e8d256f1bb885d5c202bad9	5.2	11.7	16.9
GCST90203961	ok	""	1	0	http://ftp.ebi.ac.uk/pub/databases/gwas/summary_statistics/GCST90203001-GCST90204000/GCST90203961/harmonised/GCST90203961.h.tsv.gz	90511828	4255885	4988	0.001172	0	0	0	18	4970	/data/opengwasdb/metabolome-plasma-2023/releases/2023-chen-full-south-asian/filtered/GCST90203961_GCST90203961.filtered.tsv.gz	139475	sha256	af6ff4836c72b8abe6a0347c19a5eb412275ec95132c2cbfbe346d8c775a111f	5.3	11	16.3
GCST90203962	ok	""	1	0	http://ftp.ebi.ac.uk/pub/databases/gwas/summary_statistics/GCST90203001-GCST90204000/GCST90203962/harmonised/GCST90203962.h.tsv.gz	88194376	4373032	12591	0.002879	0	2	7410	23	5167	/data/opengwasdb/metabolome-plasma-2023/releases/2023-chen-full-south-asian/filtered/GCST90203962_GCST90203962.filtered.tsv.gz	293215	sha256	5020429d5e825e7863e0b23d1e4427a2d52ea105a0981e4daa83b7f110400dcc	6	10.7	16.7
GCST90203963	ok	""	1	0	http://ftp.ebi.ac.uk/pub/databases/gwas/summary_statistics/GCST90203001-GCST90204000/GCST90203963/harmonised/GCST90203963.h.tsv.gz	85027407	4235752	7904	0.001866	0	1	2938	18	4952	/data/opengwasdb/metabolome-plasma-2023/releases/2023-chen-full-south-asian/filtered/GCST90203963_GCST90203963.filtered.tsv.gz	193363	sha256	05a1a3f6a37a6e2beeab0b0fb89fdd971b560b14d8067de33c368356ef359046	5	11.3	16.2
GCST90203964	ok	""	1	0	http://ftp.ebi.ac.uk/pub/databases/gwas/summary_statistics/GCST90203001-GCST90204000/GCST90203964/harmonised/GCST90203964.h.tsv.gz	80223594	4248631	10869	0.002558	0	2	5825	51	5000	/data/opengwasdb/metabolome-plasma-2023/releases/2023-chen-full-south-asian/filtered/GCST90203964_GCST90203964.filtered.tsv.gz	245363	sha256	d78b255a3c206b9e83d5a4aa52149ba500f211d795fae865d893ea691206854e	5.9	11.8	17.7
GCST90203965	ok	""	1	0	http://ftp.ebi.ac.uk/pub/databases/gwas/summary_statistics/GCST90203001-GCST90204000/GCST90203965/harmonised/GCST90203965.h.tsv.gz	86147816	4255885	4997	0.001174	0	0	0	27	4970	/data/opengwasdb/metabolome-plasma-2023/releases/2023-chen-full-south-asian/filtered/GCST90203965_GCST90203965.filtered.tsv.gz	139707	sha256	1ac6ac5e982f7851ce071e592024f05cdd41284faa30dea425f36f655566923d	5.4	9.9	15.3
GCST90203966	ok	""	1	0	http://ftp.ebi.ac.uk/pub/databases/gwas/summary_statistics/GCST90203001-GCST90204000/GCST90203966/harmonised/GCST90203966.h.tsv.gz	86289934	4261425	5019	0.001178	0	0	0	33	4986	/data/opengwasdb/metabolome-plasma-2023/releases/2023-chen-full-south-asian/filtered/GCST90203966_GCST90203966.filtered.tsv.gz	140326	sha256	e8b0cf9a00798c7cf1a2b49a1fa9c0191f4d7d4ce01063bb356f8f3d71ffe9d3	5.3	10.3	15.7
GCST90203967	ok	""	1	0	http://ftp.ebi.ac.uk/pub/databases/gwas/summary_statistics/GCST90203001-GCST90204000/GCST90203967/harmonised/GCST90203967.h.tsv.gz	85684765	4348643	5146	0.001183	0	0	0	19	5127	/data/opengwasdb/metabolome-plasma-2023/releases/2023-chen-full-south-asian/filtered/GCST90203967_GCST90203967.filtered.tsv.gz	143332	sha256	d268f4d514670677ad0f3a3dc416619d68613e321be0b215210c46a7aca141f6	5.7	10.9	16.6
GCST90203968	ok	""	1	0	http://ftp.ebi.ac.uk/pub/databases/gwas/summary_statistics/GCST90203001-GCST90204000/GCST90203968/harmonised/GCST90203968.h.tsv.gz	91524586	4313896	5067	0.001175	0	0	0	16	5051	/data/opengwasdb/metabolome-plasma-2023/releases/2023-chen-full-south-asian/filtered/GCST90203968_GCST90203968.filtered.tsv.gz	141291	sha256	561b4a784328b15fdf4b94904cc52a801ccbcd16bcc69cc504f3aceb180409a6	5.5	11.3	16.8
GCST90203969	ok	""	1	0	http://ftp.ebi.ac.uk/pub/databases/gwas/summary_statistics/GCST90203001-GCST90204000/GCST90203969/harmonised/GCST90203969.h.tsv.gz	90012115	4324663	5106	0.001181	0	0	0	25	5081	/data/opengwasdb/metabolome-plasma-2023/releases/2023-chen-full-south-asian/filtered/GCST90203969_GCST90203969.filtered.tsv.gz	142257	sha256	8bc60130e465ec0de2b4407bbcc243ea75a31ddf49d8de3972f3748336db0738	6.5	12	18.6
GCST90203970	ok	""	1	0	http://ftp.ebi.ac.uk/pub/databases/gwas/summary_statistics/GCST90203001-GCST90204000/GCST90203970/harmonised/GCST90203970.h.tsv.gz	88768577	4261440	5008	0.001175	0	0	0	25	4983	/data/opengwasdb/metabolome-plasma-2023/releases/2023-chen-full-south-asian/filtered/GCST90203970_GCST90203970.filtered.tsv.gz	139668	sha256	075e00aeddf71112abfc3b8b99129459b64e9693f284682ac88de60078c81b8f	5.3	10.1	15.4
GCST90203971	ok	""	1	0	http://ftp.ebi.ac.uk/pub/databases/gwas/summary_statistics/GCST90203001-GCST90204000/GCST90203971/harmonised/GCST90203971.h.tsv.gz	89282396	4447806	5328	0.001198	0	0	0	42	5286	/data/opengwasdb/metabolome-plasma-2023/releases/2023-chen-full-south-asian/filtered/GCST90203971_GCST90203971.filtered.tsv.gz	146919	sha256	09382ef248e018ddefe2871f1316bfbef4b8e1db8a3b285276630223795512d7	6.6	13.2	19.8
GCST90203972	ok	""	1	0	http://ftp.ebi.ac.uk/pub/databases/gwas/summary_statistics/GCST90203001-GCST90204000/GCST90203972/harmonised/GCST90203972.h.tsv.gz	84956680	4228056	4952	0.001171	0	0	0	13	4939	/data/opengwasdb/metabolome-plasma-2023/releases/2023-chen-full-south-asian/filtered/GCST90203972_GCST90203972.filtered.tsv.gz	138564	sha256	17d50ec7a730371a3f1f7c5943bbcef7093f081e5a4d25edccef647dc0b526ae	5.4	10.2	15.5
GCST90203973	ok	""	1	0	http://ftp.ebi.ac.uk/pub/databases/gwas/summary_statistics/GCST90203001-GCST90204000/GCST90203973/harmonised/GCST90203973.h.tsv.gz	84501213	4267736	7869	0.001844	0	1	2842	24	5007	/data/opengwasdb/metabolome-plasma-2023/releases/2023-chen-full-south-asian/filtered/GCST90203973_GCST90203973.filtered.tsv.gz	194879	sha256	8e421d592ba6a9dfdc38514842ef057b58a78b0ee6f7c7a8e193666cbe406958	3.8	10.4	14.1
GCST90203974	ok	""	1	0	http://ftp.ebi.ac.uk/pub/databases/gwas/summary_statistics/GCST90203001-GCST90204000/GCST90203974/harmonised/GCST90203974.h.tsv.gz	91877038	4328589	5102	0.001179	0	0	0	12	5090	/data/opengwasdb/metabolome-plasma-2023/releases/2023-chen-full-south-asian/filtered/GCST90203974_GCST90203974.filtered.tsv.gz	142293	sha256	25bc366a096c856acebe9be5f1a8ec06230d8c09ce603e3dddace29f550fbf2b	5.2	11.1	16.3
GCST90203975	ok	""	1	0	http://ftp.ebi.ac.uk/pub/databases/gwas/summary_statistics/GCST90203001-GCST90204000/GCST90203975/harmonised/GCST90203975.h.tsv.gz	90507891	4255885	4989	0.001172	0	0	0	19	4970	/data/opengwasdb/metabolome-plasma-2023/releases/2023-chen-full-south-asian/filtered/GCST90203975_GCST90203975.filtered.tsv.gz	139488	sha256	116fcb7b14d19a20c8a978ca1f21abe864dfb2cfee7bbf4e37107a4d1d1361fd	11.5	11.8	23.4
GCST90203976	ok	""	1	0	http://ftp.ebi.ac.uk/pub/databases/gwas/summary_statistics/GCST90203001-GCST90204000/GCST90203976/harmonised/GCST90203976.h.tsv.gz	86281517	4261425	5005	0.001174	0	0	0	19	4986	/data/opengwasdb/metabolome-plasma-2023/releases/2023-chen-full-south-asian/filtered/GCST90203976_GCST90203976.filtered.tsv.gz	140009	sha256	0bcca45013f5d8de05c12f3e3fc657a3b46193c3534174dd90709560749f569a	5.2	10.2	15.4
GCST90203977	ok	""	1	0	http://ftp.ebi.ac.uk/pub/databases/gwas/summary_statistics/GCST90203001-GCST90204000/GCST90203977/harmonised/GCST90203977.h.tsv.gz	88208454	4372543	5205	0.00119	0	0	0	20	5185	/data/opengwasdb/metabolome-plasma-2023/releases/2023-chen-full-south-asian/filtered/GCST90203977_GCST90203977.filtered.tsv.gz	145173	sha256	dda2f03b7ea61bdbeb223c5997a7f3e788d0b503f6ebce4dad5df826504d30de	5	10.5	15.5
GCST90203978	ok	""	1	0	http://ftp.ebi.ac.uk/pub/databases/gwas/summary_statistics/GCST90203001-GCST90204000/GCST90203978/harmonised/GCST90203978.h.tsv.gz	82971397	4265183	12063	0.002828	0	2	7027	26	5019	/data/opengwasdb/metabolome-plasma-2023/releases/2023-chen-full-south-asian/filtered/GCST90203978_GCST90203978.filtered.tsv.gz	272857	sha256	d4d93a84b3907210efb83165c3978b98ab2daca593ac89ee025acef8b98ea6a2	4.6	11.3	15.9
GCST90203979	ok	""	1	0	http://ftp.ebi.ac.uk/pub/databases/gwas/summary_statistics/GCST90203001-GCST90204000/GCST90203979/harmonised/GCST90203979.h.tsv.gz	88728450	4410811	19917	0.004515	0	5	14663	65	5203	/data/opengwasdb/metabolome-plasma-2023/releases/2023-chen-full-south-asian/filtered/GCST90203979_GCST90203979.filtered.tsv.gz	433635	sha256	40d01279d91e6f494c23aad6034dc6f0a34d169ab2f5809c02d16adc93e0a8d9	6.6	13.6	20.2
GCST90203980	ok	""	1	0	http://ftp.ebi.ac.uk/pub/databases/gwas/summary_statistics/GCST90203001-GCST90204000/GCST90203980/harmonised/GCST90203980.h.tsv.gz	86951688	4232824	11406	0.002695	0	2	6438	33	4945	/data/opengwasdb/metabolome-plasma-2023/releases/2023-chen-full-south-asian/filtered/GCST90203980_GCST90203980.filtered.tsv.gz	256256	sha256	e17cd4b28f216f2782e77596789ecf381449109e632e9b025d8444a7a6c56d65	5.2	11.7	16.9
GCST90203981	ok	""	1	0	http://ftp.ebi.ac.uk/pub/databases/gwas/summary_statistics/GCST90203001-GCST90204000/GCST90203981/harmonised/GCST90203981.h.tsv.gz	92223156	4346893	8028	0.001847	0	1	2884	26	5122	/data/opengwasdb/metabolome-plasma-2023/releases/2023-chen-full-south-asian/filtered/GCST90203981_GCST90203981.filtered.tsv.gz	200598	sha256	7058a808067bbe5870de3f94eff14b16350dae424de2a2bd7852bb67744ad435	6.7	10.4	17.1
GCST90203982	ok	""	1	0	http://ftp.ebi.ac.uk/pub/databases/gwas/summary_statistics/GCST90203001-GCST90204000/GCST90203982/harmonised/GCST90203982.h.tsv.gz	92265794	4348662	8483	0.001951	0	1	3351	14	5121	/data/opengwasdb/metabolome-plasma-2023/releases/2023-chen-full-south-asian/filtered/GCST90203982_GCST90203982.filtered.tsv.gz	208917	sha256	9e8ca0b4530b4538ad74428ee9ea3898ba4c7fc6fe992269e68f9908e3da2038	6.7	11.4	18.1
GCST90203983	ok	""	1	0	http://ftp.ebi.ac.uk/pub/databases/gwas/summary_statistics/GCST90203001-GCST90204000/GCST90203983/harmonised/GCST90203983.h.tsv.gz	84711828	4339973	12515	0.002884	0	2	7395	24	5101	/data/opengwasdb/metabolome-plasma-2023/releases/2023-chen-full-south-asian/filtered/GCST90203983_GCST90203983.filtered.tsv.gz	272677	sha256	ccc3b80bdec5ab9e206d14d1c89e133299546840b09a9d186e9fcfe6bc7c6fb0	4.7	11.2	15.9
GCST90203984	ok	""	1	0	http://ftp.ebi.ac.uk/pub/databases/gwas/summary_statistics/GCST90203001-GCST90204000/GCST90203984/harmonised/GCST90203984.h.tsv.gz	90516445	4255885	8727	0.002051	0	1	3744	18	4970	/data/opengwasdb/metabolome-plasma-2023/releases/2023-chen-full-south-asian/filtered/GCST90203984_GCST90203984.filtered.tsv.gz	207963	sha256	713acdbce3dd5cc746cc583fd22539d77e435c06ee97bc6f6c014ce0fd1c618b	4.5	12	16.5
GCST90203985	ok	""	1	0	http://ftp.ebi.ac.uk/pub/databases/gwas/summary_statistics/GCST90203001-GCST90204000/GCST90203985/harmonised/GCST90203985.h.tsv.gz	86626920	4279293	5043	0.001178	0	0	0	25	5018	/data/opengwasdb/metabolome-plasma-2023/releases/2023-chen-full-south-asian/filtered/GCST90203985_GCST90203985.filtered.tsv.gz	141123	sha256	d18fa35f193b2b7ea359157a0d83cd3514e8c234756df39d9df561d3d6e05638	3.5	12.2	15.7
GCST90203986	ok	""	1	0	http://ftp.ebi.ac.uk/pub/databases/gwas/summary_statistics/GCST90203001-GCST90204000/GCST90203986/harmonised/GCST90203986.h.tsv.gz	90528505	4255885	4986	0.001172	0	0	0	16	4970	/data/opengwasdb/metabolome-plasma-2023/releases/2023-chen-full-south-asian/filtered/GCST90203986_GCST90203986.filtered.tsv.gz	139429	sha256	45c8fd286b69b361f95f9466c506b9c37f1cddd57dd2cb08c8692f9555680e9c	5.5	10.4	15.9
GCST90203987	ok	""	1	0	http://ftp.ebi.ac.uk/pub/databases/gwas/summary_statistics/GCST90203001-GCST90204000/GCST90203987/harmonised/GCST90203987.h.tsv.gz	87814796	4348403	5154	0.001185	0	0	0	24	5130	/data/opengwasdb/metabolome-plasma-2023/releases/2023-chen-full-south-asian/filtered/GCST90203987_GCST90203987.filtered.tsv.gz	144106	sha256	e3c9f9785d3bb53a65e245988e6dc37b551808a7ee1a730addf607885ce0f71e	6.6	10	16.5
GCST90203988	ok	""	1	0	http://ftp.ebi.ac.uk/pub/databases/gwas/summary_statistics/GCST90203001-GCST90204000/GCST90203988/harmonised/GCST90203988.h.tsv.gz	90955502	4278433	5020	0.001173	0	0	0	14	5006	/data/opengwasdb/metabolome-plasma-2023/releases/2023-chen-full-south-asian/filtered/GCST90203988_GCST90203988.filtered.tsv.gz	140402	sha256	4c064d841b1f306efd11d5759498f40043f15aaf89cae24b9100877e3b4c6f39	6.4	10.5	16.9
GCST90203989	ok	""	1	0	http://ftp.ebi.ac.uk/pub/databases/gwas/summary_statistics/GCST90203001-GCST90204000/GCST90203989/harmonised/GCST90203989.h.tsv.gz	87777220	4346731	9674	0.002226	0	1	4522	21	5136	/data/opengwasdb/metabolome-plasma-2023/releases/2023-chen-full-south-asian/filtered/GCST90203989_GCST90203989.filtered.tsv.gz	241608	sha256	4b72a5dc1f4c950f4a79f903ae00bb33a53386e533090709f30247f177a04a97	5.9	11.8	17.7
GCST90203990	ok	""	1	0	http://ftp.ebi.ac.uk/pub/databases/gwas/summary_statistics/GCST90203001-GCST90204000/GCST90203990/harmonised/GCST90203990.h.tsv.gz	91285075	4303396	5082	0.001181	0	0	0	29	5053	/data/opengwasdb/metabolome-plasma-2023/releases/2023-chen-full-south-asian/filtered/GCST90203990_GCST90203990.filtered.tsv.gz	141722	sha256	c82c21debbaa3d55b5579eee3ac09f8b58070de3b8a257a7b7cb5a16385a7cdf	3.4	13.3	16.7
GCST90203991	ok	""	1	0	http://ftp.ebi.ac.uk/pub/databases/gwas/summary_statistics/GCST90203001-GCST90204000/GCST90203991/harmonised/GCST90203991.h.tsv.gz	86845106	4295295	5067	0.00118	0	0	0	23	5044	/data/opengwasdb/metabolome-plasma-2023/releases/2023-chen-full-south-asian/filtered/GCST90203991_GCST90203991.filtered.tsv.gz	141530	sha256	f48d92daa365e16707397f94bb2fca4f4e37ee3d2756bcce55dce67fe06377bb	6.5	11.1	17.6
GCST90203992	ok	""	1	0	http://ftp.ebi.ac.uk/pub/databases/gwas/summary_statistics/GCST90203001-GCST90204000/GCST90203992/harmonised/GCST90203992.h.tsv.gz	86512885	4290460	8668	0.00202	0	1	3582	32	5059	/data/opengwasdb/metabolome-plasma-2023/releases/2023-chen-full-south-asian/filtered/GCST90203992_GCST90203992.filtered.tsv.gz	205417	sha256	404dfdfdacd383890d50d92adc205852bd5dc03ac6a905b0e1ac1e2fd22482f7	5.3	11.8	17.1
GCST90203993	ok	""	1	0	http://ftp.ebi.ac.uk/pub/databases/gwas/summary_statistics/GCST90203001-GCST90204000/GCST90203993/harmonised/GCST90203993.h.tsv.gz	89668659	4365652	5200	0.001191	0	0	0	26	5175	/data/opengwasdb/metabolome-plasma-2023/releases/2023-chen-full-south-asian/filtered/GCST90203993_GCST90203993.filtered.tsv.gz	144634	sha256	e843cabc2035516c163a10a53f9ca92680f9e3b4a16aa1637a1254fef167e452	5.4	12.1	17.5
GCST90203994	ok	""	1	0	http://ftp.ebi.ac.uk/pub/databases/gwas/summary_statistics/GCST90203001-GCST90204000/GCST90203994/harmonised/GCST90203994.h.tsv.gz	90842296	4272158	5002	0.001171	0	0	0	15	4987	/data/opengwasdb/metabolome-plasma-2023/releases/2023-chen-full-south-asian/filtered/GCST90203994_GCST90203994.filtered.tsv.gz	139968	sha256	291ae3805af36fdd17dad97bd2921dfc8632f4a2aee1b27fc1a5ef2fb387cb3e	3.1	10.6	13.6
GCST90203995	ok	""	1	0	http://ftp.ebi.ac.uk/pub/databases/gwas/summary_statistics/GCST90203001-GCST90204000/GCST90203995/harmonised/GCST90203995.h.tsv.gz	86450901	4313892	9002	0.002087	0	1	3915	27	5060	/data/opengwasdb/metabolome-plasma-2023/releases/2023-chen-full-south-asian/filtered/GCST90203995_GCST90203995.filtered.tsv.gz	219124	sha256	d59c0814b56a26f696bc55d4c6fd6aad74bc5d2def19fabee9a7e5792ef0a44b	6.2	10.8	17
GCST90203996	ok	""	1	0	http://ftp.ebi.ac.uk/pub/databases/gwas/summary_statistics/GCST90203001-GCST90204000/GCST90203996/harmonised/GCST90203996.h.tsv.gz	86121518	4255885	7589	0.001783	0	1	2610	14	4970	/data/opengwasdb/metabolome-plasma-2023/releases/2023-chen-full-south-asian/filtered/GCST90203996_GCST90203996.filtered.tsv.gz	190787	sha256	d6467a362c44c0f844cab668c8be82d6960fe0a2b8cf8d2970ae91180b580a4c	4.1	12	16.1
GCST90203997	ok	""	1	0	http://ftp.ebi.ac.uk/pub/databases/gwas/summary_statistics/GCST90203001-GCST90204000/GCST90203997/harmonised/GCST90203997.h.tsv.gz	85114770	4236791	4970	0.001173	0	0	0	20	4950	/data/opengwasdb/metabolome-plasma-2023/releases/2023-chen-full-south-asian/filtered/GCST90203997_GCST90203997.filtered.tsv.gz	139229	sha256	98fb689a892f98e9bd9b89ac2b3d4ff67200a70a675060c3fb5a4ffacab1ac58	4.2	11.8	16
GCST90203998	ok	""	1	0	http://ftp.ebi.ac.uk/pub/databases/gwas/summary_statistics/GCST90203001-GCST90204000/GCST90203998/harmonised/GCST90203998.h.tsv.gz	90521266	4255885	4993	0.001173	0	0	0	23	4970	/data/opengwasdb/metabolome-plasma-2023/releases/2023-chen-full-south-asian/filtered/GCST90203998_GCST90203998.filtered.tsv.gz	139628	sha256	89ba1f5fd9ae194a4257169cc39331bde0dbdc5867d4eff6c6e15e153b35a382	3.3	11.6	15
GCST90203999	ok	""	1	0	http://ftp.ebi.ac.uk/pub/databases/gwas/summary_statistics/GCST90203001-GCST90204000/GCST90203999/harmonised/GCST90203999.h.tsv.gz	90306203	4412048	5274	0.001195	0	0	0	42	5232	/data/opengwasdb/metabolome-plasma-2023/releases/2023-chen-full-south-asian/filtered/GCST90203999_GCST90203999.filtered.tsv.gz	146425	sha256	0d46eb255e892cf2cdc57b9172b0dca9a1de72ccb71873ef090b9954031b4aa1	6.5	13	19.6
GCST90204000	ok	""	1	0	http://ftp.ebi.ac.uk/pub/databases/gwas/summary_statistics/GCST90203001-GCST90204000/GCST90204000/harmonised/GCST90204000.h.tsv.gz	90909194	4276157	5026	0.001175	0	0	0	22	5004	/data/opengwasdb/metabolome-plasma-2023/releases/2023-chen-full-south-asian/filtered/GCST90204000_GCST90204000.filtered.tsv.gz	140535	sha256	a951075c570d5808864bcd358b76bf8fde8e8f581bf810b2d501b0b1bac3a619	5.9	12	17.9
GCST90204001	ok	""	1	0	http://ftp.ebi.ac.uk/pub/databases/gwas/summary_statistics/GCST90204001-GCST90205000/GCST90204001/harmonised/GCST90204001.h.tsv.gz	92242458	4388023	13484	0.003073	0	2	8296	20	5180	/data/opengwasdb/metabolome-plasma-2023/releases/2023-chen-full-south-asian/filtered/GCST90204001_GCST90204001.filtered.tsv.gz	304816	sha256	db1bdb3686ca1671bcb16cd195814af635782c651e10654fc03349c6b5723d0b	6.8	12.7	19.5
GCST90204002	ok	""	1	0	http://ftp.ebi.ac.uk/pub/databases/gwas/summary_statistics/GCST90204001-GCST90205000/GCST90204002/harmonised/GCST90204002.h.tsv.gz	85493557	4213561	4981	0.001182	0	0	0	23	4958	/data/opengwasdb/metabolome-plasma-2023/releases/2023-chen-full-south-asian/filtered/GCST90204002_GCST90204002.filtered.tsv.gz	138231	sha256	0942d404475e97d9979dede864fd37e049d2d4fd2048f84eaca2785e41b78a8d	5	11.1	16.1
GCST90204003	ok	""	1	0	http://ftp.ebi.ac.uk/pub/databases/gwas/summary_statistics/GCST90204001-GCST90205000/GCST90204003/harmonised/GCST90204003.h.tsv.gz	89913469	4476020	5379	0.001202	0	0	0	51	5328	/data/opengwasdb/metabolome-plasma-2023/releases/2023-chen-full-south-asian/filtered/GCST90204003_GCST90204003.filtered.tsv.gz	148502	sha256	afed037b4919d7c3a6db2f922ba262bc38428228939401990109dc6eb6f8ea84	6.6	12.8	19.4
GCST90204004	ok	""	1	0	http://ftp.ebi.ac.uk/pub/databases/gwas/summary_statistics/GCST90204001-GCST90205000/GCST90204004/harmonised/GCST90204004.h.tsv.gz	90815270	4274064	5023	0.001175	0	0	0	20	5003	/data/opengwasdb/metabolome-plasma-2023/releases/2023-chen-full-south-asian/filtered/GCST90204004_GCST90204004.filtered.tsv.gz	140477	sha256	4bdd098a958cb0fdf0a469b058dd1a893994f60ef7410c0eca82eac59660d70a	6.9	10.4	17.3
GCST90204005	ok	""	1	0	http://ftp.ebi.ac.uk/pub/databases/gwas/summary_statistics/GCST90204001-GCST90205000/GCST90204005/harmonised/GCST90204005.h.tsv.gz	86509206	4312643	15111	0.003504	0	2	10020	13	5085	/data/opengwasdb/metabolome-plasma-2023/releases/2023-chen-full-south-asian/filtered/GCST90204005_GCST90204005.filtered.tsv.gz	340571	sha256	28536a85cc6768d0b656270668a9e37d33fe2c171432add810d451cd59ff3c5f	5.3	11.4	16.7
GCST90204006	ok	""	1	0	http://ftp.ebi.ac.uk/pub/databases/gwas/summary_statistics/GCST90204001-GCST90205000/GCST90204006/harmonised/GCST90204006.h.tsv.gz	84272138	4326416	5134	0.001187	0	0	0	37	5097	/data/opengwasdb/metabolome-plasma-2023/releases/2023-chen-full-south-asian/filtered/GCST90204006_GCST90204006.filtered.tsv.gz	142508	sha256	1dbf150f2e706887f100f35ad470c5da0f1aa0e948134ead5af520e34c5d9f83	5	10	15.1
GCST90204007	ok	""	1	0	http://ftp.ebi.ac.uk/pub/databases/gwas/summary_statistics/GCST90204001-GCST90205000/GCST90204007/harmonised/GCST90204007.h.tsv.gz	90517696	4255885	4985	0.001171	0	0	0	15	4970	/data/opengwasdb/metabolome-plasma-2023/releases/2023-chen-full-south-asian/filtered/GCST90204007_GCST90204007.filtered.tsv.gz	139429	sha256	db4c2d12e737ee12fbcdf10e3cc3d42423d813066d78cefa0e4b4328bcac5370	3.1	10.4	13.5
GCST90204008	ok	""	1	0	http://ftp.ebi.ac.uk/pub/databases/gwas/summary_statistics/GCST90204001-GCST90205000/GCST90204008/harmonised/GCST90204008.h.tsv.gz	90507570	4255885	4981	0.00117	0	0	0	11	4970	/data/opengwasdb/metabolome-plasma-2023/releases/2023-chen-full-south-asian/filtered/GCST90204008_GCST90204008.filtered.tsv.gz	139391	sha256	da7049808c4930eea6cd298b6983314a44b59f76974cda704d05b97fad897bc4	5.6	11.5	17.1
GCST90204009	ok	""	1	0	http://ftp.ebi.ac.uk/pub/databases/gwas/summary_statistics/GCST90204001-GCST90205000/GCST90204009/harmonised/GCST90204009.h.tsv.gz	87611159	4189042	4888	0.001167	0	0	0	19	4869	/data/opengwasdb/metabolome-plasma-2023/releases/2023-chen-full-south-asian/filtered/GCST90204009_GCST90204009.filtered.tsv.gz	136700	sha256	52c648321343181b8cb6e9359b7244cad22d88f748510c2ef269e512b702cf53	4.3	11.4	15.7
GCST90204010	ok	""	1	0	http://ftp.ebi.ac.uk/pub/databases/gwas/summary_statistics/GCST90204001-GCST90205000/GCST90204010/harmonised/GCST90204010.h.tsv.gz	90531421	4255885	9720	0.002284	0	2	4738	20	4970	/data/opengwasdb/metabolome-plasma-2023/releases/2023-chen-full-south-asian/filtered/GCST90204010_GCST90204010.filtered.tsv.gz	232532	sha256	fa04fe21b9d203a4857eb747f0419af876f0001f265cfc79bf793264c678a733	5.4	10	15.4
GCST90204011	ok	""	1	0	http://ftp.ebi.ac.uk/pub/databases/gwas/summary_statistics/GCST90204001-GCST90205000/GCST90204011/harmonised/GCST90204011.h.tsv.gz	86506766	4387760	5196	0.001184	0	0	0	20	5176	/data/opengwasdb/metabolome-plasma-2023/releases/2023-chen-full-south-asian/filtered/GCST90204011_GCST90204011.filtered.tsv.gz	144432	sha256	c9032e4da8a31b1b95c7bde6f78dcbe7b1b0ca8e1e5534431dbda4cdf4db353d	6	11.2	17.2
GCST90204012	ok	""	1	0	http://ftp.ebi.ac.uk/pub/databases/gwas/summary_statistics/GCST90204001-GCST90205000/GCST90204012/harmonised/GCST90204012.h.tsv.gz	84990352	4363601	8425	0.001931	0	1	3255	20	5152	/data/opengwasdb/metabolome-plasma-2023/releases/2023-chen-full-south-asian/filtered/GCST90204012_GCST90204012.filtered.tsv.gz	201902	sha256	c89e25cb16e683005ef5db0210d4fcecc5eea77182fb8e0c05b4a1f5680a8664	5.3	10.7	16
GCST90204013	ok	""	1	0	http://ftp.ebi.ac.uk/pub/databases/gwas/summary_statistics/GCST90204001-GCST90205000/GCST90204013/harmonised/GCST90204013.h.tsv.gz	90942293	4277522	7749	0.001812	0	1	2736	20	4998	/data/opengwasdb/metabolome-plasma-2023/releases/2023-chen-full-south-asian/filtered/GCST90204013_GCST90204013.filtered.tsv.gz	194873	sha256	c456338f5019a094896f66ae920c7319391eebdbc2087ccdb6b41b7837a051f6	6.2	11.8	18
GCST90204014	ok	""	1	0	http://ftp.ebi.ac.uk/pub/databases/gwas/summary_statistics/GCST90204001-GCST90205000/GCST90204014/harmonised/GCST90204014.h.tsv.gz	91126592	4290814	5040	0.001175	0	0	0	21	5019	/data/opengwasdb/metabolome-plasma-2023/releases/2023-chen-full-south-asian/filtered/GCST90204014_GCST90204014.filtered.tsv.gz	140696	sha256	486e374e7e52d5f356f018f1e8c10bc10c5f28d3c96fecbb760a062a98ca7de2	5.8	11.4	17.3
GCST90204015	ok	""	1	0	http://ftp.ebi.ac.uk/pub/databases/gwas/summary_statistics/GCST90204001-GCST90205000/GCST90204015/harmonised/GCST90204015.h.tsv.gz	91080899	4290919	5046	0.001176	0	0	0	27	5019	/data/opengwasdb/metabolome-plasma-2023/releases/2023-chen-full-south-asian/filtered/GCST90204015_GCST90204015.filtered.tsv.gz	140808	sha256	292acae7292587ffdce993bca1b4f0b8b31666f087bc516a46538c7777581e93	5	11.8	16.8
GCST90204016	ok	""	1	0	http://ftp.ebi.ac.uk/pub/databases/gwas/summary_statistics/GCST90204001-GCST90205000/GCST90204016/harmonised/GCST90204016.h.tsv.gz	83052816	4335641	5169	0.001192	0	0	0	32	5137	/data/opengwasdb/metabolome-plasma-2023/releases/2023-chen-full-south-asian/filtered/GCST90204016_GCST90204016.filtered.tsv.gz	143370	sha256	170b1d8aa8aba972cdab82b19bdce3ceceb948ffca65dfcb4bcc7d1c78cc8d31	4.7	11.4	16.1
GCST90204017	ok	""	1	0	http://ftp.ebi.ac.uk/pub/databases/gwas/summary_statistics/GCST90204001-GCST90205000/GCST90204017/harmonised/GCST90204017.h.tsv.gz	86268417	4261425	5003	0.001174	0	0	0	17	4986	/data/opengwasdb/metabolome-plasma-2023/releases/2023-chen-full-south-asian/filtered/GCST90204017_GCST90204017.filtered.tsv.gz	140013	sha256	045b7dc53d1f4fa5a1ac3b096618e75f13547d032ab9d514c093c343f15da4bb	6.3	10.3	16.6
GCST90204018	ok	""	1	0	http://ftp.ebi.ac.uk/pub/databases/gwas/summary_statistics/GCST90204001-GCST90205000/GCST90204018/harmonised/GCST90204018.h.tsv.gz	86130042	4255885	4994	0.001173	0	0	0	24	4970	/data/opengwasdb/metabolome-plasma-2023/releases/2023-chen-full-south-asian/filtered/GCST90204018_GCST90204018.filtered.tsv.gz	139675	sha256	afc6c111a22ad7280cd672f63c95824985ff82b82a3943ec873a1f8110e66ed6	6.2	9.9	16.1
GCST90204019	ok	""	1	0	http://ftp.ebi.ac.uk/pub/databases/gwas/summary_statistics/GCST90204001-GCST90205000/GCST90204019/harmonised/GCST90204019.h.tsv.gz	87533823	4332191	5119	0.001182	0	0	0	16	5103	/data/opengwasdb/metabolome-plasma-2023/releases/2023-chen-full-south-asian/filtered/GCST90204019_GCST90204019.filtered.tsv.gz	143170	sha256	82015f327dd9b7a07c058ce341d770155d48dc13a67fbc0ffe88d3763d32a470	5.3	11.2	16.5
GCST90204020	ok	""	1	0	http://ftp.ebi.ac.uk/pub/databases/gwas/summary_statistics/GCST90204001-GCST90205000/GCST90204020/harmonised/GCST90204020.h.tsv.gz	86514553	4275978	8282	0.001937	0	1	3249	28	5008	/data/opengwasdb/metabolome-plasma-2023/releases/2023-chen-full-south-asian/filtered/GCST90204020_GCST90204020.filtered.tsv.gz	205536	sha256	b29d0a4769cbb942488642ee6446dfd6eb24dd2f60bbc364ae4afb98a4090698	4.6	11.6	16.1
GCST90204021	ok	""	1	0	http://ftp.ebi.ac.uk/pub/databases/gwas/summary_statistics/GCST90204001-GCST90205000/GCST90204021/harmonised/GCST90204021.h.tsv.gz	87783008	4197506	7064	0.001683	0	1	2130	19	4916	/data/opengwasdb/metabolome-plasma-2023/releases/2023-chen-full-south-asian/filtered/GCST90204021_GCST90204021.filtered.tsv.gz	180815	sha256	e47406e759581287c9bc28721b504cdffaa4cfa4341d0584b826cb5aa77966ca	5.3	10.4	15.6
GCST90204022	ok	""	1	0	http://ftp.ebi.ac.uk/pub/databases/gwas/summary_statistics/GCST90204001-GCST90205000/GCST90204022/harmonised/GCST90204022.h.tsv.gz	88134255	4366611	15923	0.003647	0	2	10755	30	5143	/data/opengwasdb/metabolome-plasma-2023/releases/2023-chen-full-south-asian/filtered/GCST90204022_GCST90204022.filtered.tsv.gz	367387	sha256	aa48e2e4cb0bc178f53d36855fe9d8a22def755dc602a80aa3148e153272b85e	6.5	11.5	18
GCST90204023	ok	""	1	0	http://ftp.ebi.ac.uk/pub/databases/gwas/summary_statistics/GCST90204001-GCST90205000/GCST90204023/harmonised/GCST90204023.h.tsv.gz	87510548	4333039	5121	0.001182	0	0	0	18	5103	/data/opengwasdb/metabolome-plasma-2023/releases/2023-chen-full-south-asian/filtered/GCST90204023_GCST90204023.filtered.tsv.gz	143045	sha256	317d7ada545bfba125d6ff05e1814b42a2a712792647212d38bcbc7bb4fba2f4	6.2	11.5	17.7
GCST90204024	ok	""	1	0	http://ftp.ebi.ac.uk/pub/databases/gwas/summary_statistics/GCST90204001-GCST90205000/GCST90204024/harmonised/GCST90204024.h.tsv.gz	86425915	4271704	7008	0.001641	0	1	1995	25	4993	/data/opengwasdb/metabolome-plasma-2023/releases/2023-chen-full-south-asian/filtered/GCST90204024_GCST90204024.filtered.tsv.gz	176576	sha256	d8d455c5c74bd763ddd4e07ac3b994a232b9636cf26ab728f6f952c136fa799a	5.3	11.8	17
GCST90204025	ok	""	1	0	http://ftp.ebi.ac.uk/pub/databases/gwas/summary_statistics/GCST90204001-GCST90205000/GCST90204025/harmonised/GCST90204025.h.tsv.gz	91292788	4297550	11289	0.002627	0	2	6246	17	5037	/data/opengwasdb/metabolome-plasma-2023/releases/2023-chen-full-south-asian/filtered/GCST90204025_GCST90204025.filtered.tsv.gz	255742	sha256	6d91d4b4ae4832dcb2444ce99e65858eeacfc18373e47785d4c69ecdab3ce836	5.6	10.7	16.3
GCST90204026	ok	""	1	0	http://ftp.ebi.ac.uk/pub/databases/gwas/summary_statistics/GCST90204001-GCST90205000/GCST90204026/harmonised/GCST90204026.h.tsv.gz	91942823	4372271	5189	0.001187	0	0	0	19	5170	/data/opengwasdb/metabolome-plasma-2023/releases/2023-chen-full-south-asian/filtered/GCST90204026_GCST90204026.filtered.tsv.gz	144690	sha256	c9f8466ea358eda718eb700e9c640b5e16f35a616b25ef0ea49e34de7adb5665	5.5	10.3	15.8
GCST90204027	ok	""	1	0	http://ftp.ebi.ac.uk/pub/databases/gwas/summary_statistics/GCST90204001-GCST90205000/GCST90204027/harmonised/GCST90204027.h.tsv.gz	88030366	4361227	5153	0.001182	0	0	0	19	5134	/data/opengwasdb/metabolome-plasma-2023/releases/2023-chen-full-south-asian/filtered/GCST90204027_GCST90204027.filtered.tsv.gz	143776	sha256	697f8ff1119598af59a650ddf12ad4d80d6c8af01c8e1e4391d8c57856dc5185	4.3	11.9	16.2
GCST90204028	ok	""	1	0	http://ftp.ebi.ac.uk/pub/databases/gwas/summary_statistics/GCST90204001-GCST90205000/GCST90204028/harmonised/GCST90204028.h.tsv.gz	92044069	4377628	8494	0.00194	0	1	3305	28	5165	/data/opengwasdb/metabolome-plasma-2023/releases/2023-chen-full-south-asian/filtered/GCST90204028_GCST90204028.filtered.tsv.gz	208010	sha256	3928dadefe73b48b2ee06481515b229ce28863c285c7c865f7bc1c2eaeed93e2	6.6	10.7	17.3
GCST90204029	ok	""	1	0	http://ftp.ebi.ac.uk/pub/databases/gwas/summary_statistics/GCST90204001-GCST90205000/GCST90204029/harmonised/GCST90204029.h.tsv.gz	90846959	4445109	8830	0.001986	0	1	3557	19	5259	/data/opengwasdb/metabolome-plasma-2023/releases/2023-chen-full-south-asian/filtered/GCST90204029_GCST90204029.filtered.tsv.gz	210267	sha256	0d9a37f5832378f5e243bee25dff2e256e3218045bf3a258882340d75d9289f3	5.4	12.7	18.1
GCST90204030	ok	""	1	0	http://ftp.ebi.ac.uk/pub/databases/gwas/summary_statistics/GCST90204001-GCST90205000/GCST90204030/harmonised/GCST90204030.h.tsv.gz	91429398	4422030	8626	0.001951	0	1	3361	18	5251	/data/opengwasdb/metabolome-plasma-2023/releases/2023-chen-full-south-asian/filtered/GCST90204030_GCST90204030.filtered.tsv.gz	204598	sha256	83d59e6bc202a152b335300e71522f606a34f8c89e30863ec7221254d7e7bc7c	5.5	11.6	17.1
GCST90204031	ok	""	1	0	http://ftp.ebi.ac.uk/pub/databases/gwas/summary_statistics/GCST90204001-GCST90205000/GCST90204031/harmonised/GCST90204031.h.tsv.gz	82997580	4244989	4991	0.001176	0	0	0	30	4961	/data/opengwasdb/metabolome-plasma-2023/releases/2023-chen-full-south-asian/filtered/GCST90204031_GCST90204031.filtered.tsv.gz	138849	sha256	62017f8e6479150b8d661de1ddc81f11b55eb19dfde773fb46202939503bb030	4.6	11.2	15.8
GCST90204032	ok	""	1	0	http://ftp.ebi.ac.uk/pub/databases/gwas/summary_statistics/GCST90204001-GCST90205000/GCST90204032/harmonised/GCST90204032.h.tsv.gz	81142155	4220506	7671	0.001818	0	1	2695	24	4956	/data/opengwasdb/metabolome-plasma-2023/releases/2023-chen-full-south-asian/filtered/GCST90204032_GCST90204032.filtered.tsv.gz	187641	sha256	6ea713a74a9b1bb204d7c7ea3b35d48b6c56069b6a281ff1f2da44dead19902a	6	10.9	17
GCST90204033	ok	""	1	0	http://ftp.ebi.ac.uk/pub/databases/gwas/summary_statistics/GCST90204001-GCST90205000/GCST90204033/harmonised/GCST90204033.h.tsv.gz	84140398	4223423	8614	0.00204	0	1	3638	35	4943	/data/opengwasdb/metabolome-plasma-2023/releases/2023-chen-full-south-asian/filtered/GCST90204033_GCST90204033.filtered.tsv.gz	202111	sha256	0c0d6068b99ec0b2355c0947c131d72e7849e710e50155c4516d78e16f36b607	5.8	9.9	15.8
GCST90204034	ok	""	1	0	http://ftp.ebi.ac.uk/pub/databases/gwas/summary_statistics/GCST90204001-GCST90205000/GCST90204034/harmonised/GCST90204034.h.tsv.gz	87166905	4316232	5094	0.00118	0	0	0	16	5078	/data/opengwasdb/metabolome-plasma-2023/releases/2023-chen-full-south-asian/filtered/GCST90204034_GCST90204034.filtered.tsv.gz	142110	sha256	4a6548b5c007c954b7f8ce329839836318fac57c0abef49b41d40f45aaa48462	4.8	11.9	16.7
GCST90204035	ok	""	1	0	http://ftp.ebi.ac.uk/pub/databases/gwas/summary_statistics/GCST90204001-GCST90205000/GCST90204035/harmonised/GCST90204035.h.tsv.gz	90490954	4255885	4990	0.001172	0	0	0	20	4970	/data/opengwasdb/metabolome-plasma-2023/releases/2023-chen-full-south-asian/filtered/GCST90204035_GCST90204035.filtered.tsv.gz	139482	sha256	5622438505585760134cb94cdb5a57dd2d3b5fc726f41db8a7656a1091014a69	4.7	11.4	16.1
GCST90204036	ok	""	1	0	http://ftp.ebi.ac.uk/pub/databases/gwas/summary_statistics/GCST90204001-GCST90205000/GCST90204036/harmonised/GCST90204036.h.tsv.gz	87478744	4331607	8420	0.001944	0	1	3310	20	5094	/data/opengwasdb/metabolome-plasma-2023/releases/2023-chen-full-south-asian/filtered/GCST90204036_GCST90204036.filtered.tsv.gz	205044	sha256	bff0c763660230b78919c6a959191e4cb7e8e9e00541465204dc6e7e9002e2a0	5.4	11	16.3
GCST90204037	ok	""	1	0	http://ftp.ebi.ac.uk/pub/databases/gwas/summary_statistics/GCST90204001-GCST90205000/GCST90204037/harmonised/GCST90204037.h.tsv.gz	92697058	4411760	5233	0.001186	0	0	0	22	5211	/data/opengwasdb/metabolome-plasma-2023/releases/2023-chen-full-south-asian/filtered/GCST90204037_GCST90204037.filtered.tsv.gz	146088	sha256	4d8a034d0be092e5c21487a34e6a3d389b7a682dd6176cb3affc857cf4b7d48c	6.6	11.8	18.4
GCST90204038	ok	""	1	0	http://ftp.ebi.ac.uk/pub/databases/gwas/summary_statistics/GCST90204001-GCST90205000/GCST90204038/harmonised/GCST90204038.h.tsv.gz	86650165	4464786	5329	0.001194	0	0	0	45	5284	/data/opengwasdb/metabolome-plasma-2023/releases/2023-chen-full-south-asian/filtered/GCST90204038_GCST90204038.filtered.tsv.gz	147778	sha256	2c74f102bd345f44f1f0fcf47867db8b4d4d5227de12f5aa4c75456c3d7f9288	4.8	12.2	17
GCST90204039	ok	""	1	0	http://ftp.ebi.ac.uk/pub/databases/gwas/summary_statistics/GCST90204001-GCST90205000/GCST90204039/harmonised/GCST90204039.h.tsv.gz	79999753	4248689	8196	0.001929	0	1	3171	44	4982	/data/opengwasdb/metabolome-plasma-2023/releases/2023-chen-full-south-asian/filtered/GCST90204039_GCST90204039.filtered.tsv.gz	196395	sha256	da5a84cd93102fe16ba687df1ce83b4d430c595c5f0a0324b7983f2de821bfd7	4	11.5	15.5
GCST90204040	ok	""	1	0	http://ftp.ebi.ac.uk/pub/databases/gwas/summary_statistics/GCST90204001-GCST90205000/GCST90204040/harmonised/GCST90204040.h.tsv.gz	90493950	4255885	4996	0.001174	0	0	0	26	4970	/data/opengwasdb/metabolome-plasma-2023/releases/2023-chen-full-south-asian/filtered/GCST90204040_GCST90204040.filtered.tsv.gz	139614	sha256	3e146346afe5adc5290e78ebdccfd84685180aa697167f6298f9bdc861c7d90e	5.3	10.5	15.8
GCST90204041	ok	""	1	0	http://ftp.ebi.ac.uk/pub/databases/gwas/summary_statistics/GCST90204001-GCST90205000/GCST90204041/harmonised/GCST90204041.h.tsv.gz	90517587	4255885	4988	0.001172	0	0	0	18	4970	/data/opengwasdb/metabolome-plasma-2023/releases/2023-chen-full-south-asian/filtered/GCST90204041_GCST90204041.filtered.tsv.gz	139349	sha256	ba39f2f6f5a2bebb1aa6b758cce34f8a57f267bdfc3fdc15f3768626f6db6ee2	5.6	10.3	15.9
GCST90204042	ok	""	1	0	http://ftp.ebi.ac.uk/pub/databases/gwas/summary_statistics/GCST90204001-GCST90205000/GCST90204042/harmonised/GCST90204042.h.tsv.gz	91818212	4430487	7618	0.001719	0	1	2328	28	5264	/data/opengwasdb/metabolome-plasma-2023/releases/2023-chen-full-south-asian/filtered/GCST90204042_GCST90204042.filtered.tsv.gz	192984	sha256	a068d00db7d3bd887c0c02306d3ef973230b99822664bd8959cae6e1c97357d8	5.6	12.3	17.9
GCST90204043	ok	""	1	0	http://ftp.ebi.ac.uk/pub/databases/gwas/summary_statistics/GCST90204001-GCST90205000/GCST90204043/harmonised/GCST90204043.h.tsv.gz	91170575	4292511	9082	0.002116	0	1	4034	21	5032	/data/opengwasdb/metabolome-plasma-2023/releases/2023-chen-full-south-asian/filtered/GCST90204043_GCST90204043.filtered.tsv.gz	221147	sha256	b205f6201e88fafad18560d29942012d1c37060d7ac29cb90b9e8fe36d0de6dc	5.6	10.7	16.3
GCST90204044	ok	""	1	0	http://ftp.ebi.ac.uk/pub/databases/gwas/summary_statistics/GCST90204001-GCST90205000/GCST90204044/harmonised/GCST90204044.h.tsv.gz	82650342	4309953	7668	0.001779	0	1	2584	35	5051	/data/opengwasdb/metabolome-plasma-2023/releases/2023-chen-full-south-asian/filtered/GCST90204044_GCST90204044.filtered.tsv.gz	191477	sha256	b384335870d8841956a9e1a4c6f77b5af9ab4a4640a98b1983a36a891eb7f834	6	11.2	17.2
GCST90204045	ok	""	1	0	http://ftp.ebi.ac.uk/pub/databases/gwas/summary_statistics/GCST90204001-GCST90205000/GCST90204045/harmonised/GCST90204045.h.tsv.gz	87441536	4329586	15676	0.003621	0	3	10552	24	5111	/data/opengwasdb/metabolome-plasma-2023/releases/2023-chen-full-south-asian/filtered/GCST90204045_GCST90204045.filtered.tsv.gz	346265	sha256	4283ba1c4dceb3f168fdd65b5270984797badb724dddb68fae0a44ac48b7cd60	5.2	11.3	16.5
GCST90204046	ok	""	1	0	http://ftp.ebi.ac.uk/pub/databases/gwas/summary_statistics/GCST90204001-GCST90205000/GCST90204046/harmonised/GCST90204046.h.tsv.gz	91163707	4292545	5047	0.001176	0	0	0	17	5030	/data/opengwasdb/metabolome-plasma-2023/releases/2023-chen-full-south-asian/filtered/GCST90204046_GCST90204046.filtered.tsv.gz	140976	sha256	37aadb222426632f98c7e19801bf55c5911a9f3d95cd4b23a5ef60fcf31d0eb5	6.1	10.3	16.4
GCST90204047	ok	""	1	0	http://ftp.ebi.ac.uk/pub/databases/gwas/summary_statistics/GCST90204001-GCST90205000/GCST90204047/harmonised/GCST90204047.h.tsv.gz	93059634	4394226	5215	0.001187	0	0	0	33	5182	/data/opengwasdb/metabolome-plasma-2023/releases/2023-chen-full-south-asian/filtered/GCST90204047_GCST90204047.filtered.tsv.gz	145591	sha256	e7c25673edb751263c791555cdafaed977a38f21ce855beba86490333751a4d2	5.8	12.8	18.7
GCST90204048	ok	""	1	0	http://ftp.ebi.ac.uk/pub/databases/gwas/summary_statistics/GCST90204001-GCST90205000/GCST90204048/harmonised/GCST90204048.h.tsv.gz	86138643	4255885	6827	0.001604	0	1	1838	23	4970	/data/opengwasdb/metabolome-plasma-2023/releases/2023-chen-full-south-asian/filtered/GCST90204048_GCST90204048.filtered.tsv.gz	178895	sha256	e360ea9d72067ccf5110fd4c07f49a4268dcd6ea7efadd5fd8f136be8794690a	3.4	11.8	15.3
GCST90204049	ok	""	1	0	http://ftp.ebi.ac.uk/pub/databases/gwas/summary_statistics/GCST90204001-GCST90205000/GCST90204049/harmonised/GCST90204049.h.tsv.gz	92801022	4415350	5256	0.00119	0	0	0	25	5231	/data/opengwasdb/metabolome-plasma-2023/releases/2023-chen-full-south-asian/filtered/GCST90204049_GCST90204049.filtered.tsv.gz	146835	sha256	e0d48b3c565e58a3b06186e28013d2d70fd4c325edd4f92bd7f2fa2a1d4eeb92	5.9	11.4	17.3
GCST90204050	ok	""	1	0	http://ftp.ebi.ac.uk/pub/databases/gwas/summary_statistics/GCST90204001-GCST90205000/GCST90204050/harmonised/GCST90204050.h.tsv.gz	86090043	4255885	4990	0.001172	0	0	0	20	4970	/data/opengwasdb/metabolome-plasma-2023/releases/2023-chen-full-south-asian/filtered/GCST90204050_GCST90204050.filtered.tsv.gz	139495	sha256	d03ddedb401a8807a535a3db502f9f46ea6e002f8cc2ada5407ca1c3a14bed2b	4.9	11.2	16.2
GCST90204051	ok	""	1	0	http://ftp.ebi.ac.uk/pub/databases/gwas/summary_statistics/GCST90204001-GCST90205000/GCST90204051/harmonised/GCST90204051.h.tsv.gz	90500222	4255885	8439	0.001983	0	1	3456	16	4970	/data/opengwasdb/metabolome-plasma-2023/releases/2023-chen-full-south-asian/filtered/GCST90204051_GCST90204051.filtered.tsv.gz	203742	sha256	d5ce169e90ab113bca911209c2c739a31d2c30afe6450b30c3318e93c0c09013	6.7	11.2	17.9
GCST90204052	ok	""	1	0	http://ftp.ebi.ac.uk/pub/databases/gwas/summary_statistics/GCST90204001-GCST90205000/GCST90204052/harmonised/GCST90204052.h.tsv.gz	89626175	4308527	5102	0.001184	0	0	0	26	5076	/data/opengwasdb/metabolome-plasma-2023/releases/2023-chen-full-south-asian/filtered/GCST90204052_GCST90204052.filtered.tsv.gz	142027	sha256	a216a3bfae113924d6c576aa67343e977f06ec21054ab3f872f6e9e112ab6f5b	6.4	11.3	17.7
GCST90204053	ok	""	1	0	http://ftp.ebi.ac.uk/pub/databases/gwas/summary_statistics/GCST90204001-GCST90205000/GCST90204053/harmonised/GCST90204053.h.tsv.gz	91225639	4296791	5069	0.00118	0	0	0	26	5043	/data/opengwasdb/metabolome-plasma-2023/releases/2023-chen-full-south-asian/filtered/GCST90204053_GCST90204053.filtered.tsv.gz	141646	sha256	1cf1e5970ed06c7df769419c1dd218ee9ecb948dcbe46003e6f1f3abf81ab010	5.1	10.8	15.9
GCST90204054	ok	""	1	0	http://ftp.ebi.ac.uk/pub/databases/gwas/summary_statistics/GCST90204001-GCST90205000/GCST90204054/harmonised/GCST90204054.h.tsv.gz	91457667	4311357	5094	0.001182	0	0	0	28	5066	/data/opengwasdb/metabolome-plasma-2023/releases/2023-chen-full-south-asian/filtered/GCST90204054_GCST90204054.filtered.tsv.gz	142059	sha256	6ba75aaff4f073f7f8fafc28bce53009ce5e0d455269b7dfd91a6c19c20c179b	6.3	10.8	17.2
GCST90204055	ok	""	1	0	http://ftp.ebi.ac.uk/pub/databases/gwas/summary_statistics/GCST90204001-GCST90205000/GCST90204055/harmonised/GCST90204055.h.tsv.gz	92190654	4345413	8501	0.001956	0	1	3369	23	5112	/data/opengwasdb/metabolome-plasma-2023/releases/2023-chen-full-south-asian/filtered/GCST90204055_GCST90204055.filtered.tsv.gz	210192	sha256	447284e7137e9e1370d02ec6096ed2c07d5575059761c3621983f756500432f1	5.3	12.3	17.7
GCST90204056	ok	""	1	0	http://ftp.ebi.ac.uk/pub/databases/gwas/summary_statistics/GCST90204001-GCST90205000/GCST90204056/harmonised/GCST90204056.h.tsv.gz	86711698	4289427	5046	0.001176	0	0	0	18	5028	/data/opengwasdb/metabolome-plasma-2023/releases/2023-chen-full-south-asian/filtered/GCST90204056_GCST90204056.filtered.tsv.gz	140714	sha256	5eced92ab2dc842348c6b0cdcae37cc1341399929a8b677fa2dc886cbb6b30de	6	10.9	16.9
GCST90204057	ok	""	1	0	http://ftp.ebi.ac.uk/pub/databases/gwas/summary_statistics/GCST90204001-GCST90205000/GCST90204057/harmonised/GCST90204057.h.tsv.gz	91898710	4329763	5107	0.00118	0	0	0	19	5088	/data/opengwasdb/metabolome-plasma-2023/releases/2023-chen-full-south-asian/filtered/GCST90204057_GCST90204057.filtered.tsv.gz	142699	sha256	0802dfdd2880527f8f5d62cdc4edb2b537021512e6096adcb0ccbe270b24f41f	6.5	10.5	17
GCST90204058	ok	""	1	0	http://ftp.ebi.ac.uk/pub/databases/gwas/summary_statistics/GCST90204001-GCST90205000/GCST90204058/harmonised/GCST90204058.h.tsv.gz	90493168	4255885	4989	0.001172	0	0	0	19	4970	/data/opengwasdb/metabolome-plasma-2023/releases/2023-chen-full-south-asian/filtered/GCST90204058_GCST90204058.filtered.tsv.gz	139542	sha256	631d938c989173c1227aad0cecfb7fb1548d9b634406909886911836fd711270	6.4	11	17.5
GCST90204059	ok	""	1	0	http://ftp.ebi.ac.uk/pub/databases/gwas/summary_statistics/GCST90204001-GCST90205000/GCST90204059/harmonised/GCST90204059.h.tsv.gz	83229264	4257164	13721	0.003223	0	3	8727	26	4979	/data/opengwasdb/metabolome-plasma-2023/releases/2023-chen-full-south-asian/filtered/GCST90204059_GCST90204059.filtered.tsv.gz	308651	sha256	5ae9d529ce9872f7c0e258c28d2ec787fef487e7736b932b09fd09c503ee2c7a	2.8	11	13.8
GCST90204060	ok	""	1	0	http://ftp.ebi.ac.uk/pub/databases/gwas/summary_statistics/GCST90204001-GCST90205000/GCST90204060/harmonised/GCST90204060.h.tsv.gz	85890502	4359831	5143	0.00118	0	0	0	21	5122	/data/opengwasdb/metabolome-plasma-2023/releases/2023-chen-full-south-asian/filtered/GCST90204060_GCST90204060.filtered.tsv.gz	142998	sha256	a895533c12610d5d5485fa3df894633bc142a2284fafd540e0b4b006433c6aa6	5.4	11.7	17
GCST90204061	ok	""	1	0	http://ftp.ebi.ac.uk/pub/databases/gwas/summary_statistics/GCST90204001-GCST90205000/GCST90204061/harmonised/GCST90204061.h.tsv.gz	86736944	4292370	5044	0.001175	0	0	0	17	5027	/data/opengwasdb/metabolome-plasma-2023/releases/2023-chen-full-south-asian/filtered/GCST90204061_GCST90204061.filtered.tsv.gz	140881	sha256	50d844e5434792f6a5c713d8460f5241aa4b226f4b48982dab3617ac1d843723	6.4	9.7	16.1
GCST90204062	ok	""	1	0	http://ftp.ebi.ac.uk/pub/databases/gwas/summary_statistics/GCST90204001-GCST90205000/GCST90204062/harmonised/GCST90204062.h.tsv.gz	86149591	4255885	4993	0.001173	0	0	0	23	4970	/data/opengwasdb/metabolome-plasma-2023/releases/2023-chen-full-south-asian/filtered/GCST90204062_GCST90204062.filtered.tsv.gz	139540	sha256	caa516937a10500b6eee2f3b2ff1208de35f6003438a7e23f7d5b1410c4affa0	7.2	10.1	17.3
GCST90204063	ok	""	1	0	http://ftp.ebi.ac.uk/pub/databases/gwas/summary_statistics/GCST90204001-GCST90205000/GCST90204063/harmonised/GCST90204063.h.tsv.gz	86587217	4277285	13543	0.003166	0	2	8528	12	5009	/data/opengwasdb/metabolome-plasma-2023/releases/2023-chen-full-south-asian/filtered/GCST90204063_GCST90204063.filtered.tsv.gz	312565	sha256	d34b5d86bd4a0a46a8de9fe94fa26cc7e692ed79149a175c020820321d4588e9	6.3	10.8	17.1
