analysis_id	source_analysis_id	status	skip_reason	af_source	ancestry_reference_id	original_sd	original_sd_method	n_variants_considered	n_variants_overlapping	n_variants_excluded_ambiguous	n_variants_excluded_mismatch	n_variants_excluded_missing_af	n_variants_excluded_maf	n_variants_retained	maf_min	maf_max	implied_sd_median	sd_dispersion	sd_notes	estimator_version
GCST90203093	GCST90203093	passed	""	source	""	0.976170492276285	estimated_from_source_maf	12189	12189	0	0	0	0	12189	0.01	0.5	0.976170492276285	0.0526840913764545	median implied SD=0.976, dispersion=0.053, n=12189	effect_scale_validation.R:v1
GCST90203094	GCST90203094	passed	""	source	""	1.00122310165044	estimated_from_source_maf	7906	7906	0	0	0	0	7906	0.01	0.5	1.00122310165044	0.05270314992108	median implied SD=1.001, dispersion=0.053, n=7906	effect_scale_validation.R:v1
GCST90203095	GCST90203095	passed	""	source	""	0.969189959850346	estimated_from_source_maf	4919	4919	0	0	0	0	4919	0.01	0.5	0.969189959850346	0.0659945567055191	median implied SD=0.969, dispersion=0.066, n=4919	effect_scale_validation.R:v1
GCST90203096	GCST90203096	passed	""	source	""	0.943320621021067	estimated_from_source_maf	5124	5124	0	0	0	0	5124	0.01	0.5	0.943320621021067	0.0565238896585383	median implied SD=0.943, dispersion=0.057, n=5124	effect_scale_validation.R:v1
GCST90203097	GCST90203097	passed	""	source	""	0.969911453985366	estimated_from_source_maf	8296	8296	0	0	0	0	8296	0.01	0.5	0.969911453985366	0.0513347785511381	median implied SD=0.970, dispersion=0.051, n=8296	effect_scale_validation.R:v1
GCST90203098	GCST90203098	passed	""	source	""	1.006427563181	estimated_from_source_maf	8783	8783	0	0	0	0	8783	0.01	0.5	1.006427563181	0.0542591846436823	median implied SD=1.006, dispersion=0.054, n=8783	effect_scale_validation.R:v1
GCST90203099	GCST90203099	passed	""	source	""	0.95502388276366	estimated_from_source_maf	5311	5311	0	0	0	0	5311	0.01	0.5	0.95502388276366	0.065045484907211	median implied SD=0.955, dispersion=0.065, n=5311	effect_scale_validation.R:v1
GCST90203100	GCST90203100	passed	""	source	""	0.994295745156096	estimated_from_source_maf	4953	4953	0	0	0	0	4953	0.01	0.5	0.994295745156096	0.0585197841929656	median implied SD=0.994, dispersion=0.059, n=4953	effect_scale_validation.R:v1
GCST90203101	GCST90203101	passed	""	source	""	0.926361749899018	estimated_from_source_maf	5168	5168	0	0	0	0	5168	0.01	0.5	0.926361749899018	0.0641380255414478	median implied SD=0.926, dispersion=0.064, n=5168	effect_scale_validation.R:v1
GCST90203102	GCST90203102	passed	""	source	""	0.969532876115082	estimated_from_source_maf	7824	7824	0	0	0	1	7823	0.01	0.5	0.969532876115082	0.0683910162676557	median implied SD=0.970, dispersion=0.068, n=7823	effect_scale_validation.R:v1
GCST90203103	GCST90203103	passed	""	source	""	0.999499982695376	estimated_from_source_maf	4995	4995	0	0	0	0	4995	0.01	0.5	0.999499982695376	0.053214152382186	median implied SD=0.999, dispersion=0.053, n=4995	effect_scale_validation.R:v1
GCST90203104	GCST90203104	passed	""	source	""	0.967893321505292	estimated_from_source_maf	5024	5024	0	0	0	0	5024	0.01	0.5	0.967893321505292	0.0542212733738958	median implied SD=0.968, dispersion=0.054, n=5024	effect_scale_validation.R:v1
GCST90203105	GCST90203105	passed	""	source	""	0.931301217041466	estimated_from_source_maf	4998	4998	0	0	0	0	4998	0.01	0.5	0.931301217041466	0.0528900223828264	median implied SD=0.931, dispersion=0.053, n=4998	effect_scale_validation.R:v1
GCST90203106	GCST90203106	passed	""	source	""	0.942534183166615	estimated_from_source_maf	4990	4990	0	0	0	0	4990	0.01	0.5	0.942534183166615	0.0523384108428251	median implied SD=0.943, dispersion=0.052, n=4990	effect_scale_validation.R:v1
GCST90203107	GCST90203107	passed	""	source	""	0.983149290637294	estimated_from_source_maf	12056	12056	0	0	0	0	12056	0.01	0.5	0.983149290637294	0.0543341082938854	median implied SD=0.983, dispersion=0.054, n=12056	effect_scale_validation.R:v1
GCST90203108	GCST90203108	passed	""	source	""	0.971540225337238	estimated_from_source_maf	4989	4989	0	0	0	0	4989	0.01	0.5	0.971540225337238	0.0528304772909566	median implied SD=0.972, dispersion=0.053, n=4989	effect_scale_validation.R:v1
GCST90203109	GCST90203109	passed	""	source	""	0.947287356540469	estimated_from_source_maf	5002	5002	0	0	0	0	5002	0.01	0.5	0.947287356540469	0.0530366645792331	median implied SD=0.947, dispersion=0.053, n=5002	effect_scale_validation.R:v1
GCST90203110	GCST90203110	passed	""	source	""	0.991138129918149	estimated_from_source_maf	15191	15191	0	0	0	0	15191	0.01	0.5	0.991138129918149	0.0498630901516613	median implied SD=0.991, dispersion=0.050, n=15191	effect_scale_validation.R:v1
GCST90203111	GCST90203111	passed	""	source	""	0.938507441404881	estimated_from_source_maf	5217	5217	0	0	0	0	5217	0.01	0.5	0.938507441404881	0.0587607818010558	median implied SD=0.939, dispersion=0.059, n=5217	effect_scale_validation.R:v1
GCST90203112	GCST90203112	passed	""	source	""	0.984899175645202	estimated_from_source_maf	20146	20146	0	0	0	0	20146	0.01	0.5	0.984899175645202	0.0499238031987815	median implied SD=0.985, dispersion=0.050, n=20146	effect_scale_validation.R:v1
GCST90203113	GCST90203113	passed	""	source	""	0.95605958180234	estimated_from_source_maf	5197	5197	0	0	0	0	5197	0.01	0.5	0.95605958180234	0.0548948570327576	median implied SD=0.956, dispersion=0.055, n=5197	effect_scale_validation.R:v1
GCST90203114	GCST90203114	passed	""	source	""	0.972148210847626	estimated_from_source_maf	9136	9136	0	0	0	0	9136	0.01	0.5	0.972148210847626	0.0509872214553777	median implied SD=0.972, dispersion=0.051, n=9136	effect_scale_validation.R:v1
GCST90203115	GCST90203115	passed	""	source	""	0.973514575999119	estimated_from_source_maf	4981	4981	0	0	0	0	4981	0.01	0.5	0.973514575999119	0.0526550722688073	median implied SD=0.974, dispersion=0.053, n=4981	effect_scale_validation.R:v1
GCST90203116	GCST90203116	passed	""	source	""	1.00262194727809	estimated_from_source_maf	4993	4993	0	0	0	0	4993	0.01	0.5	1.00262194727809	0.0524100241802578	median implied SD=1.003, dispersion=0.052, n=4993	effect_scale_validation.R:v1
GCST90203117	GCST90203117	passed	""	source	""	1.01256918880704	estimated_from_source_maf	12733	12733	0	0	0	0	12733	0.01	0.5	1.01256918880704	0.0538970237966557	median implied SD=1.013, dispersion=0.054, n=12733	effect_scale_validation.R:v1
GCST90203118	GCST90203118	passed	""	source	""	0.950772560532771	estimated_from_source_maf	7814	7814	0	0	0	0	7814	0.01	0.5	0.950772560532771	0.053435740379903	median implied SD=0.951, dispersion=0.053, n=7814	effect_scale_validation.R:v1
GCST90203119	GCST90203119	passed	""	source	""	0.955714473828822	estimated_from_source_maf	8273	8273	0	0	0	0	8273	0.01	0.5	0.955714473828822	0.0658026916135365	median implied SD=0.956, dispersion=0.066, n=8273	effect_scale_validation.R:v1
GCST90203120	GCST90203120	passed	""	source	""	0.998339942479934	estimated_from_source_maf	5091	5091	0	0	0	0	5091	0.01	0.5	0.998339942479934	0.0536146610491579	median implied SD=0.998, dispersion=0.054, n=5091	effect_scale_validation.R:v1
GCST90203121	GCST90203121	passed	""	source	""	0.987079575555058	estimated_from_source_maf	7207	7207	0	0	0	0	7207	0.01	0.5	0.987079575555058	0.0536542877403465	median implied SD=0.987, dispersion=0.054, n=7207	effect_scale_validation.R:v1
GCST90203122	GCST90203122	passed	""	source	""	0.945482253035655	estimated_from_source_maf	5019	5019	0	0	0	0	5019	0.01	0.5	0.945482253035655	0.0531089507084118	median implied SD=0.945, dispersion=0.053, n=5019	effect_scale_validation.R:v1
GCST90203123	GCST90203123	passed	""	source	""	0.979441285701897	estimated_from_source_maf	5062	5062	0	0	0	0	5062	0.01	0.5	0.979441285701897	0.053935269521877	median implied SD=0.979, dispersion=0.054, n=5062	effect_scale_validation.R:v1
GCST90203124	GCST90203124	passed	""	source	""	0.978531501573861	estimated_from_source_maf	5126	5126	0	0	0	0	5126	0.01	0.5	0.978531501573861	0.0546554408939295	median implied SD=0.979, dispersion=0.055, n=5126	effect_scale_validation.R:v1
GCST90203125	GCST90203125	passed	""	source	""	0.841108461299523	estimated_from_source_maf	5029	5029	0	0	0	0	5029	0.01	0.5	0.841108461299523	0.0523049384544784	median implied SD=0.841, dispersion=0.052, n=5029	effect_scale_validation.R:v1
GCST90203126	GCST90203126	passed	""	source	""	0.912045598682821	estimated_from_source_maf	5013	5013	0	0	0	0	5013	0.01	0.5	0.912045598682821	0.052438548661399	median implied SD=0.912, dispersion=0.052, n=5013	effect_scale_validation.R:v1
GCST90203127	GCST90203127	passed	""	source	""	0.975029254653379	estimated_from_source_maf	12674	12674	0	0	0	0	12674	0.01	0.5	0.975029254653379	0.059049705873765	median implied SD=0.975, dispersion=0.059, n=12674	effect_scale_validation.R:v1
GCST90203128	GCST90203128	passed	""	source	""	0.976008771698741	estimated_from_source_maf	5151	5151	0	0	0	0	5151	0.01	0.5	0.976008771698741	0.0549748967399163	median implied SD=0.976, dispersion=0.055, n=5151	effect_scale_validation.R:v1
GCST90203129	GCST90203129	passed	""	source	""	0.961029010655707	estimated_from_source_maf	5033	5033	0	0	0	0	5033	0.01	0.5	0.961029010655707	0.0532781535039616	median implied SD=0.961, dispersion=0.053, n=5033	effect_scale_validation.R:v1
GCST90203130	GCST90203130	passed	""	source	""	0.910377743956046	estimated_from_source_maf	5185	5185	0	0	0	0	5185	0.01	0.5	0.910377743956046	0.0562637701442882	median implied SD=0.910, dispersion=0.056, n=5185	effect_scale_validation.R:v1
GCST90203131	GCST90203131	passed	""	source	""	0.960919610363888	estimated_from_source_maf	7993	7993	0	0	0	0	7993	0.01	0.5	0.960919610363888	0.0485370016797383	median implied SD=0.961, dispersion=0.049, n=7993	effect_scale_validation.R:v1
GCST90203132	GCST90203132	passed	""	source	""	0.982153591689597	estimated_from_source_maf	5086	5086	0	0	0	0	5086	0.01	0.5	0.982153591689597	0.0528853628676152	median implied SD=0.982, dispersion=0.053, n=5086	effect_scale_validation.R:v1
GCST90203133	GCST90203133	passed	""	source	""	0.986789652966139	estimated_from_source_maf	4991	4991	0	0	0	0	4991	0.01	0.5	0.986789652966139	0.0528276054473172	median implied SD=0.987, dispersion=0.053, n=4991	effect_scale_validation.R:v1
GCST90203134	GCST90203134	passed	""	source	""	0.959358514974473	estimated_from_source_maf	4992	4992	0	0	0	0	4992	0.01	0.5	0.959358514974473	0.052578155396554	median implied SD=0.959, dispersion=0.053, n=4992	effect_scale_validation.R:v1
GCST90203135	GCST90203135	passed	""	source	""	0.859248433775794	estimated_from_source_maf	8219	8219	0	0	0	0	8219	0.01	0.5	0.859248433775794	0.0564672901683286	median implied SD=0.859, dispersion=0.056, n=8219	effect_scale_validation.R:v1
GCST90203136	GCST90203136	passed	""	source	""	0.986874588464436	estimated_from_source_maf	4992	4992	0	0	0	0	4992	0.01	0.5	0.986874588464436	0.0524602834398217	median implied SD=0.987, dispersion=0.052, n=4992	effect_scale_validation.R:v1
GCST90203137	GCST90203137	passed	""	source	""	0.977949445252803	estimated_from_source_maf	4986	4986	0	0	0	0	4986	0.01	0.5	0.977949445252803	0.0526306003340216	median implied SD=0.978, dispersion=0.053, n=4986	effect_scale_validation.R:v1
GCST90203138	GCST90203138	passed	""	source	""	0.888212183662339	estimated_from_source_maf	7329	7329	0	0	0	0	7329	0.01	0.5	0.888212183662339	0.0526628120347689	median implied SD=0.888, dispersion=0.053, n=7329	effect_scale_validation.R:v1
GCST90203139	GCST90203139	passed	""	source	""	0.890425871778356	estimated_from_source_maf	8670	8670	0	0	0	0	8670	0.01	0.5	0.890425871778356	0.0536124120909406	median implied SD=0.890, dispersion=0.054, n=8670	effect_scale_validation.R:v1
GCST90203140	GCST90203140	passed	""	source	""	0.924658818912125	estimated_from_source_maf	5082	5082	0	0	0	0	5082	0.01	0.5	0.924658818912125	0.066166910871284	median implied SD=0.925, dispersion=0.066, n=5082	effect_scale_validation.R:v1
GCST90203141	GCST90203141	passed	""	source	""	0.999128611723024	estimated_from_source_maf	4984	4984	0	0	0	0	4984	0.01	0.5	0.999128611723024	0.0524335644478513	median implied SD=0.999, dispersion=0.052, n=4984	effect_scale_validation.R:v1
GCST90203142	GCST90203142	passed	""	source	""	0.908040674994701	estimated_from_source_maf	8622	8622	0	0	0	0	8622	0.01	0.5	0.908040674994701	0.0532375660588123	median implied SD=0.908, dispersion=0.053, n=8622	effect_scale_validation.R:v1
GCST90203143	GCST90203143	passed	""	source	""	1.00672092175452	estimated_from_source_maf	5068	5068	0	0	0	0	5068	0.01	0.5	1.00672092175452	0.0588526832111525	median implied SD=1.007, dispersion=0.059, n=5068	effect_scale_validation.R:v1
GCST90203144	GCST90203144	passed	""	source	""	0.970637498546867	estimated_from_source_maf	4990	4990	0	0	0	0	4990	0.01	0.5	0.970637498546867	0.0523850569577756	median implied SD=0.971, dispersion=0.052, n=4990	effect_scale_validation.R:v1
GCST90203145	GCST90203145	passed	""	source	""	0.985523400206183	estimated_from_source_maf	8088	8088	0	0	0	0	8088	0.01	0.5	0.985523400206183	0.0550286950951877	median implied SD=0.986, dispersion=0.055, n=8088	effect_scale_validation.R:v1
GCST90203146	GCST90203146	passed	""	source	""	0.995773702536172	estimated_from_source_maf	12437	12437	0	0	0	0	12437	0.01	0.5	0.995773702536172	0.0528304710182844	median implied SD=0.996, dispersion=0.053, n=12437	effect_scale_validation.R:v1
GCST90203147	GCST90203147	passed	""	source	""	0.863030068227305	estimated_from_source_maf	5053	5053	0	0	0	0	5053	0.01	0.5	0.863030068227305	0.0536490196116793	median implied SD=0.863, dispersion=0.054, n=5053	effect_scale_validation.R:v1
GCST90203148	GCST90203148	passed	""	source	""	0.933836164542235	estimated_from_source_maf	5205	5205	0	0	0	0	5205	0.01	0.5	0.933836164542235	0.0545547177210213	median implied SD=0.934, dispersion=0.055, n=5205	effect_scale_validation.R:v1
GCST90203149	GCST90203149	passed	""	source	""	0.981215060873898	estimated_from_source_maf	5131	5131	0	0	0	0	5131	0.01	0.5	0.981215060873898	0.0587072274196916	median implied SD=0.981, dispersion=0.059, n=5131	effect_scale_validation.R:v1
GCST90203150	GCST90203150	passed	""	source	""	0.933671046343999	estimated_from_source_maf	8853	8853	0	0	0	0	8853	0.01	0.5	0.933671046343999	0.0567088169312916	median implied SD=0.934, dispersion=0.057, n=8853	effect_scale_validation.R:v1
GCST90203151	GCST90203151	passed	""	source	""	0.979786107831273	estimated_from_source_maf	9137	9137	0	0	0	0	9137	0.01	0.5	0.979786107831273	0.0561870318837045	median implied SD=0.980, dispersion=0.056, n=9137	effect_scale_validation.R:v1
GCST90203152	GCST90203152	passed	""	source	""	0.956970583065411	estimated_from_source_maf	8270	8270	0	0	0	0	8270	0.01	0.5	0.956970583065411	0.0545251783377751	median implied SD=0.957, dispersion=0.055, n=8270	effect_scale_validation.R:v1
GCST90203153	GCST90203153	passed	""	source	""	0.917635267778403	estimated_from_source_maf	12480	12480	0	0	0	0	12480	0.01	0.5	0.917635267778403	0.0520388016147107	median implied SD=0.918, dispersion=0.052, n=12480	effect_scale_validation.R:v1
GCST90203154	GCST90203154	passed	""	source	""	0.971640231042378	estimated_from_source_maf	9599	9599	0	0	0	0	9599	0.01	0.5	0.971640231042378	0.051357829973969	median implied SD=0.972, dispersion=0.051, n=9599	effect_scale_validation.R:v1
GCST90203155	GCST90203155	passed	""	source	""	0.972037610049313	estimated_from_source_maf	4985	4985	0	0	0	0	4985	0.01	0.5	0.972037610049313	0.0525819390610066	median implied SD=0.972, dispersion=0.053, n=4985	effect_scale_validation.R:v1
GCST90203156	GCST90203156	passed	""	source	""	1.01185720539694	estimated_from_source_maf	5048	5048	0	0	0	0	5048	0.01	0.5	1.01185720539694	0.0613335060965305	median implied SD=1.012, dispersion=0.061, n=5048	effect_scale_validation.R:v1
GCST90203157	GCST90203157	passed	""	source	""	0.968966604229812	estimated_from_source_maf	9259	9259	0	0	0	0	9259	0.01	0.5	0.968966604229812	0.051394077273002	median implied SD=0.969, dispersion=0.051, n=9259	effect_scale_validation.R:v1
GCST90203158	GCST90203158	passed	""	source	""	0.951231994648932	estimated_from_source_maf	5024	5024	0	0	0	0	5024	0.01	0.5	0.951231994648932	0.0538397407336498	median implied SD=0.951, dispersion=0.054, n=5024	effect_scale_validation.R:v1
GCST90203159	GCST90203159	passed	""	source	""	1.01128102287684	estimated_from_source_maf	12046	12046	0	0	0	0	12046	0.01	0.5	1.01128102287684	0.0481198786018662	median implied SD=1.011, dispersion=0.048, n=12046	effect_scale_validation.R:v1
GCST90203160	GCST90203160	passed	""	source	""	0.984359621954217	estimated_from_source_maf	5005	5005	0	0	0	0	5005	0.01	0.5	0.984359621954217	0.0547598784006659	median implied SD=0.984, dispersion=0.055, n=5005	effect_scale_validation.R:v1
GCST90203161	GCST90203161	passed	""	source	""	0.989931673916345	estimated_from_source_maf	4965	4965	0	0	0	0	4965	0.01	0.5	0.989931673916345	0.0654165633275544	median implied SD=0.990, dispersion=0.065, n=4965	effect_scale_validation.R:v1
GCST90203162	GCST90203162	passed	""	source	""	0.946397960314873	estimated_from_source_maf	12311	12311	0	0	0	0	12311	0.01	0.5	0.946397960314873	0.0551060833378155	median implied SD=0.946, dispersion=0.055, n=12311	effect_scale_validation.R:v1
GCST90203163	GCST90203163	passed	""	source	""	0.965823436438165	estimated_from_source_maf	9022	9022	0	0	0	0	9022	0.01	0.5	0.965823436438165	0.0514939513734693	median implied SD=0.966, dispersion=0.051, n=9022	effect_scale_validation.R:v1
GCST90203164	GCST90203164	passed	""	source	""	0.973606698642178	estimated_from_source_maf	8991	8991	0	0	0	0	8991	0.01	0.5	0.973606698642178	0.0565758595023116	median implied SD=0.974, dispersion=0.057, n=8991	effect_scale_validation.R:v1
GCST90203165	GCST90203165	passed	""	source	""	0.951992836203561	estimated_from_source_maf	5061	5061	0	0	0	0	5061	0.01	0.5	0.951992836203561	0.0537175037018004	median implied SD=0.952, dispersion=0.054, n=5061	effect_scale_validation.R:v1
GCST90203166	GCST90203166	passed	""	source	""	0.999534101545959	estimated_from_source_maf	5015	5015	0	0	0	0	5015	0.01	0.5	0.999534101545959	0.0535960532143573	median implied SD=1.000, dispersion=0.054, n=5015	effect_scale_validation.R:v1
GCST90203167	GCST90203167	passed	""	source	""	1.00447905950399	estimated_from_source_maf	8217	8217	0	0	0	0	8217	0.01	0.5	1.00447905950399	0.0519200787590501	median implied SD=1.004, dispersion=0.052, n=8217	effect_scale_validation.R:v1
GCST90203168	GCST90203168	passed	""	source	""	0.971769711757377	estimated_from_source_maf	5224	5224	0	0	0	0	5224	0.01	0.5	0.971769711757377	0.0573055850376773	median implied SD=0.972, dispersion=0.057, n=5224	effect_scale_validation.R:v1
GCST90203169	GCST90203169	passed	""	source	""	1.02057269788127	estimated_from_source_maf	11706	11706	0	0	0	0	11706	0.01	0.5	1.02057269788127	0.055457512848603	median implied SD=1.021, dispersion=0.055, n=11706	effect_scale_validation.R:v1
GCST90203170	GCST90203170	passed	""	source	""	0.991723860362336	estimated_from_source_maf	5039	5039	0	0	0	0	5039	0.01	0.5	0.991723860362336	0.0528457424457314	median implied SD=0.992, dispersion=0.053, n=5039	effect_scale_validation.R:v1
GCST90203171	GCST90203171	passed	""	source	""	0.946337965229585	estimated_from_source_maf	8369	8369	0	0	0	0	8369	0.01	0.5	0.946337965229585	0.0538062635725444	median implied SD=0.946, dispersion=0.054, n=8369	effect_scale_validation.R:v1
GCST90203172	GCST90203172	passed	""	source	""	0.994611803991928	estimated_from_source_maf	10680	10680	0	0	0	0	10680	0.01	0.5	0.994611803991928	0.0553424704441866	median implied SD=0.995, dispersion=0.055, n=10680	effect_scale_validation.R:v1
GCST90203173	GCST90203173	passed	""	source	""	0.975575176752002	estimated_from_source_maf	10673	10673	0	0	0	0	10673	0.01	0.5	0.975575176752002	0.0525476267582773	median implied SD=0.976, dispersion=0.053, n=10673	effect_scale_validation.R:v1
GCST90203174	GCST90203174	passed	""	source	""	0.987766096816711	estimated_from_source_maf	5210	5210	0	0	0	0	5210	0.01	0.5	0.987766096816711	0.0605033422167743	median implied SD=0.988, dispersion=0.061, n=5210	effect_scale_validation.R:v1
GCST90203175	GCST90203175	passed	""	source	""	0.92306113912069	estimated_from_source_maf	8577	8577	0	0	0	0	8577	0.01	0.5	0.92306113912069	0.0497036958581653	median implied SD=0.923, dispersion=0.050, n=8577	effect_scale_validation.R:v1
GCST90203176	GCST90203176	passed	""	source	""	0.945600256394303	estimated_from_source_maf	7435	7435	0	0	0	0	7435	0.01	0.5	0.945600256394303	0.055316007111431	median implied SD=0.946, dispersion=0.055, n=7435	effect_scale_validation.R:v1
GCST90203177	GCST90203177	passed	""	source	""	0.959854565638445	estimated_from_source_maf	10007	10007	0	0	0	0	10007	0.01	0.5	0.959854565638445	0.0504440406941536	median implied SD=0.960, dispersion=0.050, n=10007	effect_scale_validation.R:v1
GCST90203178	GCST90203178	passed	""	source	""	0.980171046005422	estimated_from_source_maf	4995	4995	0	0	0	0	4995	0.01	0.5	0.980171046005422	0.0527673549011063	median implied SD=0.980, dispersion=0.053, n=4995	effect_scale_validation.R:v1
GCST90203179	GCST90203179	passed	""	source	""	0.933173046285438	estimated_from_source_maf	4982	4982	0	0	0	0	4982	0.01	0.5	0.933173046285438	0.0522090569907095	median implied SD=0.933, dispersion=0.052, n=4982	effect_scale_validation.R:v1
GCST90203180	GCST90203180	passed	""	source	""	0.994707941507627	estimated_from_source_maf	4986	4986	0	0	0	0	4986	0.01	0.5	0.994707941507627	0.0523050816848762	median implied SD=0.995, dispersion=0.052, n=4986	effect_scale_validation.R:v1
GCST90203181	GCST90203181	passed	""	source	""	0.944433138902231	estimated_from_source_maf	7570	7570	0	0	0	0	7570	0.01	0.5	0.944433138902231	0.0501766672210589	median implied SD=0.944, dispersion=0.050, n=7570	effect_scale_validation.R:v1
GCST90203182	GCST90203182	passed	""	source	""	0.938970722120376	estimated_from_source_maf	7386	7386	0	0	0	0	7386	0.01	0.5	0.938970722120376	0.0564084330299301	median implied SD=0.939, dispersion=0.056, n=7386	effect_scale_validation.R:v1
GCST90203183	GCST90203183	passed	""	source	""	0.985982144803885	estimated_from_source_maf	4988	4988	0	0	0	0	4988	0.01	0.5	0.985982144803885	0.0524688895733853	median implied SD=0.986, dispersion=0.052, n=4988	effect_scale_validation.R:v1
GCST90203184	GCST90203184	passed	""	source	""	0.876104474186368	estimated_from_source_maf	4998	4998	0	0	0	0	4998	0.01	0.5	0.876104474186368	0.0528001496552468	median implied SD=0.876, dispersion=0.053, n=4998	effect_scale_validation.R:v1
GCST90203185	GCST90203185	passed	""	source	""	0.971900822099496	estimated_from_source_maf	5140	5140	0	0	0	0	5140	0.01	0.5	0.971900822099496	0.0537906823167335	median implied SD=0.972, dispersion=0.054, n=5140	effect_scale_validation.R:v1
GCST90203186	GCST90203186	passed	""	source	""	0.978953016754004	estimated_from_source_maf	8071	8071	0	0	0	0	8071	0.01	0.5	0.978953016754004	0.05228836195303	median implied SD=0.979, dispersion=0.052, n=8071	effect_scale_validation.R:v1
GCST90203187	GCST90203187	passed	""	source	""	0.953876926362868	estimated_from_source_maf	9127	9127	0	0	0	0	9127	0.01	0.5	0.953876926362868	0.0584091966914893	median implied SD=0.954, dispersion=0.058, n=9127	effect_scale_validation.R:v1
GCST90203188	GCST90203188	passed	""	source	""	0.995543265982346	estimated_from_source_maf	11225	11225	0	0	0	0	11225	0.01	0.5	0.995543265982346	0.0536067552327821	median implied SD=0.996, dispersion=0.054, n=11225	effect_scale_validation.R:v1
GCST90203189	GCST90203189	passed	""	source	""	0.979173244897692	estimated_from_source_maf	9239	9239	0	0	0	0	9239	0.01	0.5	0.979173244897692	0.0517321650653677	median implied SD=0.979, dispersion=0.052, n=9239	effect_scale_validation.R:v1
GCST90203190	GCST90203190	passed	""	source	""	0.914542439320446	estimated_from_source_maf	8130	8130	0	0	0	0	8130	0.01	0.5	0.914542439320446	0.051369267638697	median implied SD=0.915, dispersion=0.051, n=8130	effect_scale_validation.R:v1
GCST90203191	GCST90203191	passed	""	source	""	0.920795370115907	estimated_from_source_maf	5065	5065	0	0	0	0	5065	0.01	0.5	0.920795370115907	0.0533171705320408	median implied SD=0.921, dispersion=0.053, n=5065	effect_scale_validation.R:v1
GCST90203192	GCST90203192	passed	""	source	""	0.890598073036621	estimated_from_source_maf	5061	5061	0	0	0	0	5061	0.01	0.5	0.890598073036621	0.0537519416640764	median implied SD=0.891, dispersion=0.054, n=5061	effect_scale_validation.R:v1
GCST90203193	GCST90203193	passed	""	source	""	1.00754867817348	estimated_from_source_maf	5036	5036	0	0	0	0	5036	0.01	0.5	1.00754867817348	0.0530075499197601	median implied SD=1.008, dispersion=0.053, n=5036	effect_scale_validation.R:v1
GCST90203194	GCST90203194	passed	""	source	""	0.979454033189309	estimated_from_source_maf	5005	5005	0	0	0	0	5005	0.01	0.5	0.979454033189309	0.0527104798134296	median implied SD=0.979, dispersion=0.053, n=5005	effect_scale_validation.R:v1
GCST90203195	GCST90203195	passed	""	source	""	0.831869970963667	estimated_from_source_maf	4985	4985	0	0	0	0	4985	0.01	0.5	0.831869970963667	0.0669620386651238	median implied SD=0.832, dispersion=0.067, n=4985	effect_scale_validation.R:v1
GCST90203196	GCST90203196	passed	""	source	""	0.9458856061788	estimated_from_source_maf	5016	5016	0	0	0	0	5016	0.01	0.5	0.9458856061788	0.0588458386770717	median implied SD=0.946, dispersion=0.059, n=5016	effect_scale_validation.R:v1
GCST90203197	GCST90203197	passed	""	source	""	1.00173475583634	estimated_from_source_maf	5083	5083	0	0	0	0	5083	0.01	0.5	1.00173475583634	0.0582295116634965	median implied SD=1.002, dispersion=0.058, n=5083	effect_scale_validation.R:v1
GCST90203198	GCST90203198	passed	""	source	""	0.942209803681603	estimated_from_source_maf	5030	5030	0	0	0	0	5030	0.01	0.5	0.942209803681603	0.052531675963168	median implied SD=0.942, dispersion=0.053, n=5030	effect_scale_validation.R:v1
GCST90203199	GCST90203199	passed	""	source	""	0.964192170187729	estimated_from_source_maf	13578	13578	0	0	0	0	13578	0.01	0.5	0.964192170187729	0.0520621823165626	median implied SD=0.964, dispersion=0.052, n=13578	effect_scale_validation.R:v1
GCST90203200	GCST90203200	passed	""	source	""	0.882517708826479	estimated_from_source_maf	12874	12874	0	0	0	0	12874	0.01	0.5	0.882517708826479	0.0533471111567713	median implied SD=0.883, dispersion=0.053, n=12874	effect_scale_validation.R:v1
GCST90203201	GCST90203201	passed	""	source	""	0.992741486951486	estimated_from_source_maf	5018	5018	0	0	0	0	5018	0.01	0.5	0.992741486951486	0.0527730132438032	median implied SD=0.993, dispersion=0.053, n=5018	effect_scale_validation.R:v1
GCST90203202	GCST90203202	passed	""	source	""	0.98593537360097	estimated_from_source_maf	11055	11055	0	0	0	0	11055	0.01	0.5	0.98593537360097	0.0482559297849032	median implied SD=0.986, dispersion=0.048, n=11055	effect_scale_validation.R:v1
GCST90203203	GCST90203203	passed	""	source	""	0.877570777694384	estimated_from_source_maf	9782	9782	0	0	0	0	9782	0.01	0.5	0.877570777694384	0.0512254489469731	median implied SD=0.878, dispersion=0.051, n=9782	effect_scale_validation.R:v1
GCST90203204	GCST90203204	passed	""	source	""	0.975628757092232	estimated_from_source_maf	7967	7967	0	0	0	0	7967	0.01	0.5	0.975628757092232	0.0524849163065746	median implied SD=0.976, dispersion=0.052, n=7967	effect_scale_validation.R:v1
GCST90203205	GCST90203205	passed	""	source	""	0.992280788787754	estimated_from_source_maf	9629	9629	0	0	0	0	9629	0.01	0.5	0.992280788787754	0.053231475072883	median implied SD=0.992, dispersion=0.053, n=9629	effect_scale_validation.R:v1
GCST90203206	GCST90203206	passed	""	source	""	0.96058436761989	estimated_from_source_maf	5049	5049	0	0	0	0	5049	0.01	0.5	0.96058436761989	0.0535257379187672	median implied SD=0.961, dispersion=0.054, n=5049	effect_scale_validation.R:v1
GCST90203207	GCST90203207	passed	""	source	""	0.954832420267677	estimated_from_source_maf	5000	5000	0	0	0	0	5000	0.01	0.5	0.954832420267677	0.0529537862634335	median implied SD=0.955, dispersion=0.053, n=5000	effect_scale_validation.R:v1
GCST90203208	GCST90203208	passed	""	source	""	0.985735192864585	estimated_from_source_maf	5170	5170	0	0	0	0	5170	0.01	0.5	0.985735192864585	0.0555216446934171	median implied SD=0.986, dispersion=0.056, n=5170	effect_scale_validation.R:v1
GCST90203209	GCST90203209	passed	""	source	""	0.940000647386091	estimated_from_source_maf	8215	8215	0	0	0	0	8215	0.01	0.5	0.940000647386091	0.0565499751044105	median implied SD=0.940, dispersion=0.057, n=8215	effect_scale_validation.R:v1
GCST90203210	GCST90203210	passed	""	source	""	0.941298178248234	estimated_from_source_maf	4988	4988	0	0	0	0	4988	0.01	0.5	0.941298178248234	0.0520583024197148	median implied SD=0.941, dispersion=0.052, n=4988	effect_scale_validation.R:v1
GCST90203211	GCST90203211	passed	""	source	""	0.955729897405469	estimated_from_source_maf	8595	8595	0	0	0	0	8595	0.01	0.5	0.955729897405469	0.0656250537897837	median implied SD=0.956, dispersion=0.066, n=8595	effect_scale_validation.R:v1
GCST90203212	GCST90203212	passed	""	source	""	0.9801545356784	estimated_from_source_maf	4982	4982	0	0	0	0	4982	0.01	0.5	0.9801545356784	0.0523344008612114	median implied SD=0.980, dispersion=0.052, n=4982	effect_scale_validation.R:v1
GCST90203213	GCST90203213	passed	""	source	""	0.974671279685877	estimated_from_source_maf	5024	5024	0	0	0	0	5024	0.01	0.5	0.974671279685877	0.0524601014377852	median implied SD=0.975, dispersion=0.052, n=5024	effect_scale_validation.R:v1
GCST90203214	GCST90203214	passed	""	source	""	0.972701296974989	estimated_from_source_maf	5022	5022	0	0	0	0	5022	0.01	0.5	0.972701296974989	0.0530933058010707	median implied SD=0.973, dispersion=0.053, n=5022	effect_scale_validation.R:v1
GCST90203215	GCST90203215	passed	""	source	""	0.969147856007233	estimated_from_source_maf	5078	5078	0	0	0	0	5078	0.01	0.5	0.969147856007233	0.053472625727463	median implied SD=0.969, dispersion=0.053, n=5078	effect_scale_validation.R:v1
GCST90203216	GCST90203216	passed	""	source	""	0.991331753767879	estimated_from_source_maf	8006	8006	0	0	0	0	8006	0.01	0.5	0.991331753767879	0.0553682726094955	median implied SD=0.991, dispersion=0.055, n=8006	effect_scale_validation.R:v1
GCST90203217	GCST90203217	passed	""	source	""	0.999406648933739	estimated_from_source_maf	4960	4960	0	0	0	0	4960	0.01	0.5	0.999406648933739	0.0548093491387631	median implied SD=0.999, dispersion=0.055, n=4960	effect_scale_validation.R:v1
GCST90203218	GCST90203218	passed	""	source	""	0.977070574908536	estimated_from_source_maf	4970	4970	0	0	0	0	4970	0.01	0.5	0.977070574908536	0.0547406788584961	median implied SD=0.977, dispersion=0.055, n=4970	effect_scale_validation.R:v1
GCST90203219	GCST90203219	passed	""	source	""	1.00519499214965	estimated_from_source_maf	19761	19761	0	0	0	0	19761	0.01	0.5	1.00519499214965	0.0582985529487373	median implied SD=1.005, dispersion=0.058, n=19761	effect_scale_validation.R:v1
GCST90203220	GCST90203220	passed	""	source	""	0.977305520888382	estimated_from_source_maf	4989	4989	0	0	0	0	4989	0.01	0.5	0.977305520888382	0.0525651073946329	median implied SD=0.977, dispersion=0.053, n=4989	effect_scale_validation.R:v1
GCST90203221	GCST90203221	passed	""	source	""	1.00701035968965	estimated_from_source_maf	5124	5124	0	0	0	0	5124	0.01	0.5	1.00701035968965	0.0536596985008345	median implied SD=1.007, dispersion=0.054, n=5124	effect_scale_validation.R:v1
GCST90203222	GCST90203222	passed	""	source	""	0.98217057882994	estimated_from_source_maf	7836	7836	0	0	0	0	7836	0.01	0.5	0.98217057882994	0.0604963905853018	median implied SD=0.982, dispersion=0.060, n=7836	effect_scale_validation.R:v1
GCST90203223	GCST90203223	passed	""	source	""	0.977958022178376	estimated_from_source_maf	5022	5022	0	0	0	0	5022	0.01	0.5	0.977958022178376	0.0527297192168316	median implied SD=0.978, dispersion=0.053, n=5022	effect_scale_validation.R:v1
GCST90203224	GCST90203224	passed	""	source	""	1.00347065836197	estimated_from_source_maf	5163	5163	0	0	0	0	5163	0.01	0.5	1.00347065836197	0.0542195205774753	median implied SD=1.003, dispersion=0.054, n=5163	effect_scale_validation.R:v1
GCST90203225	GCST90203225	passed	""	source	""	0.988477068047809	estimated_from_source_maf	8842	8842	0	0	0	0	8842	0.01	0.5	0.988477068047809	0.0514453986678195	median implied SD=0.988, dispersion=0.051, n=8842	effect_scale_validation.R:v1
GCST90203226	GCST90203226	passed	""	source	""	0.991702020147708	estimated_from_source_maf	5007	5007	0	0	0	0	5007	0.01	0.5	0.991702020147708	0.0526160585794566	median implied SD=0.992, dispersion=0.053, n=5007	effect_scale_validation.R:v1
GCST90203227	GCST90203227	passed	""	source	""	0.936707103209207	estimated_from_source_maf	5074	5074	0	0	0	0	5074	0.01	0.5	0.936707103209207	0.0532266994637351	median implied SD=0.937, dispersion=0.053, n=5074	effect_scale_validation.R:v1
GCST90203228	GCST90203228	passed	""	source	""	0.998125469669477	estimated_from_source_maf	9976	9976	0	0	0	0	9976	0.01	0.5	0.998125469669477	0.0527963652330459	median implied SD=0.998, dispersion=0.053, n=9976	effect_scale_validation.R:v1
GCST90203229	GCST90203229	passed	""	source	""	0.926554790079901	estimated_from_source_maf	5119	5119	0	0	0	0	5119	0.01	0.5	0.926554790079901	0.0536158508544775	median implied SD=0.927, dispersion=0.054, n=5119	effect_scale_validation.R:v1
GCST90203230	GCST90203230	passed	""	source	""	0.95566673599659	estimated_from_source_maf	8559	8559	0	0	0	1	8558	0.01	0.5	0.95566673599659	0.061563618949173	median implied SD=0.956, dispersion=0.062, n=8558	effect_scale_validation.R:v1
GCST90203231	GCST90203231	passed	""	source	""	0.94572655157343	estimated_from_source_maf	5029	5029	0	0	0	0	5029	0.01	0.5	0.94572655157343	0.0525855292976126	median implied SD=0.946, dispersion=0.053, n=5029	effect_scale_validation.R:v1
GCST90203232	GCST90203232	passed	""	source	""	0.986977092178867	estimated_from_source_maf	8132	8132	0	0	0	0	8132	0.01	0.5	0.986977092178867	0.0546686301421686	median implied SD=0.987, dispersion=0.055, n=8132	effect_scale_validation.R:v1
GCST90203233	GCST90203233	passed	""	source	""	0.734012582177435	estimated_from_source_maf	4980	4980	0	0	0	0	4980	0.01	0.5	0.734012582177435	0.0529136763567555	median implied SD=0.734, dispersion=0.053, n=4980	effect_scale_validation.R:v1
GCST90203234	GCST90203234	passed	""	source	""	0.968514469242137	estimated_from_source_maf	9076	9076	0	0	0	0	9076	0.01	0.5	0.968514469242137	0.06174182022725	median implied SD=0.969, dispersion=0.062, n=9076	effect_scale_validation.R:v1
GCST90203235	GCST90203235	passed	""	source	""	0.946173788925952	estimated_from_source_maf	5011	5011	0	0	0	0	5011	0.01	0.5	0.946173788925952	0.0524817241750512	median implied SD=0.946, dispersion=0.052, n=5011	effect_scale_validation.R:v1
GCST90203236	GCST90203236	passed	""	source	""	0.980001201526074	estimated_from_source_maf	4995	4995	0	0	0	0	4995	0.01	0.5	0.980001201526074	0.0525787607963155	median implied SD=0.980, dispersion=0.053, n=4995	effect_scale_validation.R:v1
GCST90203237	GCST90203237	passed	""	source	""	0.950943617138431	estimated_from_source_maf	4983	4983	0	0	0	0	4983	0.01	0.5	0.950943617138431	0.0529604510663313	median implied SD=0.951, dispersion=0.053, n=4983	effect_scale_validation.R:v1
GCST90203238	GCST90203238	passed	""	source	""	1.00711493737169	estimated_from_source_maf	5073	5073	0	0	0	0	5073	0.01	0.5	1.00711493737169	0.0532161355311481	median implied SD=1.007, dispersion=0.053, n=5073	effect_scale_validation.R:v1
GCST90203239	GCST90203239	passed	""	source	""	0.958193784078801	estimated_from_source_maf	5198	5198	0	0	0	0	5198	0.01	0.5	0.958193784078801	0.0541977071313787	median implied SD=0.958, dispersion=0.054, n=5198	effect_scale_validation.R:v1
GCST90203240	GCST90203240	passed	""	source	""	0.998308007637848	estimated_from_source_maf	8249	8249	0	0	0	0	8249	0.01	0.5	0.998308007637848	0.0493346980019588	median implied SD=0.998, dispersion=0.049, n=8249	effect_scale_validation.R:v1
GCST90203241	GCST90203241	passed	""	source	""	0.982722992907319	estimated_from_source_maf	7941	7941	0	0	0	0	7941	0.01	0.5	0.982722992907319	0.0516739604896515	median implied SD=0.983, dispersion=0.052, n=7941	effect_scale_validation.R:v1
GCST90203242	GCST90203242	passed	""	source	""	0.976783323382398	estimated_from_source_maf	7898	7898	0	0	0	0	7898	0.01	0.5	0.976783323382398	0.0522781563087886	median implied SD=0.977, dispersion=0.052, n=7898	effect_scale_validation.R:v1
GCST90203243	GCST90203243	passed	""	source	""	0.945086302759439	estimated_from_source_maf	8352	8352	0	0	0	0	8352	0.01	0.5	0.945086302759439	0.0578556761456048	median implied SD=0.945, dispersion=0.058, n=8352	effect_scale_validation.R:v1
GCST90203244	GCST90203244	passed	""	source	""	0.907896038739828	estimated_from_source_maf	4941	4941	0	0	0	0	4941	0.01	0.5	0.907896038739828	0.0545601153006234	median implied SD=0.908, dispersion=0.055, n=4941	effect_scale_validation.R:v1
GCST90203245	GCST90203245	passed	""	source	""	0.939688846878189	estimated_from_source_maf	4987	4987	0	0	0	0	4987	0.01	0.5	0.939688846878189	0.0525923951026716	median implied SD=0.940, dispersion=0.053, n=4987	effect_scale_validation.R:v1
GCST90203246	GCST90203246	passed	""	source	""	0.962638663984058	estimated_from_source_maf	4983	4983	0	0	0	0	4983	0.01	0.5	0.962638663984058	0.0525936111459182	median implied SD=0.963, dispersion=0.053, n=4983	effect_scale_validation.R:v1
GCST90203247	GCST90203247	passed	""	source	""	0.990498327722243	estimated_from_source_maf	9160	9160	0	0	0	0	9160	0.01	0.5	0.990498327722243	0.0549390805946259	median implied SD=0.990, dispersion=0.055, n=9160	effect_scale_validation.R:v1
GCST90203248	GCST90203248	passed	""	source	""	0.99696382668315	estimated_from_source_maf	4982	4982	0	0	0	0	4982	0.01	0.5	0.99696382668315	0.0528338253962445	median implied SD=0.997, dispersion=0.053, n=4982	effect_scale_validation.R:v1
GCST90203249	GCST90203249	passed	""	source	""	0.998206199029386	estimated_from_source_maf	5057	5057	0	0	0	0	5057	0.01	0.5	0.998206199029386	0.0536302898769341	median implied SD=0.998, dispersion=0.054, n=5057	effect_scale_validation.R:v1
GCST90203250	GCST90203250	passed	""	source	""	0.95845108154758	estimated_from_source_maf	7919	7919	0	0	0	2	7917	0.01	0.5	0.95845108154758	0.0574896883663554	median implied SD=0.958, dispersion=0.057, n=7917	effect_scale_validation.R:v1
GCST90203251	GCST90203251	passed	""	source	""	0.987754986334801	estimated_from_source_maf	12105	12105	0	0	0	0	12105	0.01	0.5	0.987754986334801	0.0515465302244135	median implied SD=0.988, dispersion=0.052, n=12105	effect_scale_validation.R:v1
GCST90203252	GCST90203252	passed	""	source	""	0.994528356274762	estimated_from_source_maf	10297	10297	0	0	0	0	10297	0.01	0.5	0.994528356274762	0.0505386976931085	median implied SD=0.995, dispersion=0.051, n=10297	effect_scale_validation.R:v1
GCST90203253	GCST90203253	passed	""	source	""	0.949537960339365	estimated_from_source_maf	4982	4982	0	0	0	0	4982	0.01	0.5	0.949537960339365	0.0524407012979452	median implied SD=0.950, dispersion=0.052, n=4982	effect_scale_validation.R:v1
GCST90203254	GCST90203254	passed	""	source	""	0.907178717827828	estimated_from_source_maf	5096	5096	0	0	0	0	5096	0.01	0.5	0.907178717827828	0.0564048348679659	median implied SD=0.907, dispersion=0.056, n=5096	effect_scale_validation.R:v1
GCST90203255	GCST90203255	passed	""	source	""	0.939044210902703	estimated_from_source_maf	7378	7378	0	0	0	0	7378	0.01	0.5	0.939044210902703	0.0587963004692874	median implied SD=0.939, dispersion=0.059, n=7378	effect_scale_validation.R:v1
GCST90203256	GCST90203256	passed	""	source	""	0.970920483094377	estimated_from_source_maf	5002	5002	0	0	0	0	5002	0.01	0.5	0.970920483094377	0.0526892940274778	median implied SD=0.971, dispersion=0.053, n=5002	effect_scale_validation.R:v1
GCST90203257	GCST90203257	passed	""	source	""	0.970604190360322	estimated_from_source_maf	5024	5024	0	0	0	0	5024	0.01	0.5	0.970604190360322	0.0526402665512584	median implied SD=0.971, dispersion=0.053, n=5024	effect_scale_validation.R:v1
GCST90203258	GCST90203258	passed	""	source	""	0.98766995196617	estimated_from_source_maf	4993	4993	0	0	0	0	4993	0.01	0.5	0.98766995196617	0.0523360105465397	median implied SD=0.988, dispersion=0.052, n=4993	effect_scale_validation.R:v1
GCST90203259	GCST90203259	passed	""	source	""	0.97434591566912	estimated_from_source_maf	4987	4987	0	0	0	0	4987	0.01	0.5	0.97434591566912	0.0524962531630979	median implied SD=0.974, dispersion=0.052, n=4987	effect_scale_validation.R:v1
GCST90203260	GCST90203260	passed	""	source	""	0.93617516626281	estimated_from_source_maf	5021	5021	0	0	0	0	5021	0.01	0.5	0.93617516626281	0.0529583445141711	median implied SD=0.936, dispersion=0.053, n=5021	effect_scale_validation.R:v1
GCST90203261	GCST90203261	passed	""	source	""	0.910577393513304	estimated_from_source_maf	5205	5205	0	0	0	0	5205	0.01	0.5	0.910577393513304	0.0584169983299634	median implied SD=0.911, dispersion=0.058, n=5205	effect_scale_validation.R:v1
GCST90203262	GCST90203262	passed	""	source	""	0.940232465613475	estimated_from_source_maf	5022	5022	0	0	0	0	5022	0.01	0.5	0.940232465613475	0.0526917131816248	median implied SD=0.940, dispersion=0.053, n=5022	effect_scale_validation.R:v1
GCST90203263	GCST90203263	passed	""	source	""	0.998438775142534	estimated_from_source_maf	9044	9044	0	0	0	0	9044	0.01	0.5	0.998438775142534	0.0582326813317597	median implied SD=0.998, dispersion=0.058, n=9044	effect_scale_validation.R:v1
GCST90203264	GCST90203264	passed	""	source	""	0.994331241578058	estimated_from_source_maf	4996	4996	0	0	0	0	4996	0.01	0.5	0.994331241578058	0.0523695176804144	median implied SD=0.994, dispersion=0.052, n=4996	effect_scale_validation.R:v1
GCST90203265	GCST90203265	passed	""	source	""	0.959023503771921	estimated_from_source_maf	5175	5175	0	0	0	0	5175	0.01	0.5	0.959023503771921	0.0536378032381666	median implied SD=0.959, dispersion=0.054, n=5175	effect_scale_validation.R:v1
GCST90203266	GCST90203266	passed	""	source	""	0.987664593781805	estimated_from_source_maf	5022	5022	0	0	0	0	5022	0.01	0.5	0.987664593781805	0.0530593756806299	median implied SD=0.988, dispersion=0.053, n=5022	effect_scale_validation.R:v1
GCST90203267	GCST90203267	passed	""	source	""	0.981098844745749	estimated_from_source_maf	5052	5052	0	0	0	0	5052	0.01	0.5	0.981098844745749	0.0592607810593558	median implied SD=0.981, dispersion=0.059, n=5052	effect_scale_validation.R:v1
GCST90203268	GCST90203268	passed	""	source	""	0.987871800087005	estimated_from_source_maf	7897	7897	0	0	0	0	7897	0.01	0.5	0.987871800087005	0.0525692241969238	median implied SD=0.988, dispersion=0.053, n=7897	effect_scale_validation.R:v1
GCST90203269	GCST90203269	passed	""	source	""	0.971617137007664	estimated_from_source_maf	4993	4993	0	0	0	0	4993	0.01	0.5	0.971617137007664	0.0523174941226859	median implied SD=0.972, dispersion=0.052, n=4993	effect_scale_validation.R:v1
GCST90203270	GCST90203270	passed	""	source	""	0.810817086836767	estimated_from_source_maf	4990	4990	0	0	0	0	4990	0.01	0.5	0.810817086836767	0.0523153838496287	median implied SD=0.811, dispersion=0.052, n=4990	effect_scale_validation.R:v1
GCST90203271	GCST90203271	passed	""	source	""	0.948948216445346	estimated_from_source_maf	5013	5013	0	0	0	0	5013	0.01	0.5	0.948948216445346	0.0632138155139367	median implied SD=0.949, dispersion=0.063, n=5013	effect_scale_validation.R:v1
GCST90203272	GCST90203272	passed	""	source	""	0.999965518755721	estimated_from_source_maf	5073	5073	0	0	0	0	5073	0.01	0.5	0.999965518755721	0.0523243833978114	median implied SD=1.000, dispersion=0.052, n=5073	effect_scale_validation.R:v1
GCST90203273	GCST90203273	passed	""	source	""	0.94430173876059	estimated_from_source_maf	8379	8379	0	0	0	0	8379	0.01	0.5	0.94430173876059	0.0560531019066743	median implied SD=0.944, dispersion=0.056, n=8379	effect_scale_validation.R:v1
GCST90203274	GCST90203274	passed	""	source	""	0.955723029451273	estimated_from_source_maf	4983	4983	0	0	0	0	4983	0.01	0.5	0.955723029451273	0.0527223831180116	median implied SD=0.956, dispersion=0.053, n=4983	effect_scale_validation.R:v1
GCST90203275	GCST90203275	passed	""	source	""	0.955062668657701	estimated_from_source_maf	5044	5044	0	0	0	0	5044	0.01	0.5	0.955062668657701	0.0536394915595557	median implied SD=0.955, dispersion=0.054, n=5044	effect_scale_validation.R:v1
GCST90203276	GCST90203276	passed	""	source	""	0.992427679351102	estimated_from_source_maf	7995	7995	0	0	0	0	7995	0.01	0.5	0.992427679351102	0.0529027367248888	median implied SD=0.992, dispersion=0.053, n=7995	effect_scale_validation.R:v1
GCST90203277	GCST90203277	passed	""	source	""	0.984453617220655	estimated_from_source_maf	5022	5022	0	0	0	0	5022	0.01	0.5	0.984453617220655	0.0530731917964521	median implied SD=0.984, dispersion=0.053, n=5022	effect_scale_validation.R:v1
GCST90203278	GCST90203278	passed	""	source	""	0.998653514536122	estimated_from_source_maf	5029	5029	0	0	0	0	5029	0.01	0.5	0.998653514536122	0.0532749404255921	median implied SD=0.999, dispersion=0.053, n=5029	effect_scale_validation.R:v1
GCST90203279	GCST90203279	passed	""	source	""	0.968357685531055	estimated_from_source_maf	12541	12541	0	0	0	0	12541	0.01	0.5	0.968357685531055	0.0472427036567922	median implied SD=0.968, dispersion=0.047, n=12541	effect_scale_validation.R:v1
GCST90203280	GCST90203280	passed	""	source	""	0.94347499406218	estimated_from_source_maf	5104	5104	0	0	0	0	5104	0.01	0.5	0.94347499406218	0.0619743652624362	median implied SD=0.943, dispersion=0.062, n=5104	effect_scale_validation.R:v1
GCST90203281	GCST90203281	passed	""	source	""	0.99839961030017	estimated_from_source_maf	7996	7996	0	0	0	0	7996	0.01	0.5	0.99839961030017	0.0515714810406873	median implied SD=0.998, dispersion=0.052, n=7996	effect_scale_validation.R:v1
GCST90203282	GCST90203282	passed	""	source	""	0.862331402108181	estimated_from_source_maf	5011	5011	0	0	0	0	5011	0.01	0.5	0.862331402108181	0.0526131817526867	median implied SD=0.862, dispersion=0.053, n=5011	effect_scale_validation.R:v1
GCST90203283	GCST90203283	passed	""	source	""	0.867947430004455	estimated_from_source_maf	44637	44637	0	0	0	0	44637	0.01	0.5	0.867947430004455	0.0683203215674644	median implied SD=0.868, dispersion=0.068, n=44637	effect_scale_validation.R:v1
GCST90203284	GCST90203284	passed	""	source	""	0.960985937018756	estimated_from_source_maf	13405	13405	0	0	0	0	13405	0.01	0.5	0.960985937018756	0.052786107921038	median implied SD=0.961, dispersion=0.053, n=13405	effect_scale_validation.R:v1
GCST90203285	GCST90203285	passed	""	source	""	0.944894335717402	estimated_from_source_maf	8017	8017	0	0	0	0	8017	0.01	0.5	0.944894335717402	0.0505009183588888	median implied SD=0.945, dispersion=0.051, n=8017	effect_scale_validation.R:v1
GCST90203286	GCST90203286	passed	""	source	""	0.961564001378834	estimated_from_source_maf	8864	8864	0	0	0	0	8864	0.01	0.5	0.961564001378834	0.0614620472112052	median implied SD=0.962, dispersion=0.061, n=8864	effect_scale_validation.R:v1
GCST90203287	GCST90203287	passed	""	source	""	0.962289625705036	estimated_from_source_maf	12782	12782	0	0	0	0	12782	0.01	0.5	0.962289625705036	0.0509520097368866	median implied SD=0.962, dispersion=0.051, n=12782	effect_scale_validation.R:v1
GCST90203288	GCST90203288	passed	""	source	""	0.907407334826729	estimated_from_source_maf	4989	4989	0	0	0	0	4989	0.01	0.5	0.907407334826729	0.0526958542987204	median implied SD=0.907, dispersion=0.053, n=4989	effect_scale_validation.R:v1
GCST90203289	GCST90203289	passed	""	source	""	0.998790296831	estimated_from_source_maf	4992	4992	0	0	0	0	4992	0.01	0.5	0.998790296831	0.0523704307860971	median implied SD=0.999, dispersion=0.052, n=4992	effect_scale_validation.R:v1
GCST90203290	GCST90203290	passed	""	source	""	1.00456863474062	estimated_from_source_maf	9083	9083	0	0	0	0	9083	0.01	0.5	1.00456863474062	0.0579117926969785	median implied SD=1.005, dispersion=0.058, n=9083	effect_scale_validation.R:v1
GCST90203291	GCST90203291	passed	""	source	""	0.988802405078477	estimated_from_source_maf	4988	4988	0	0	0	0	4988	0.01	0.5	0.988802405078477	0.0532909098218614	median implied SD=0.989, dispersion=0.053, n=4988	effect_scale_validation.R:v1
GCST90203292	GCST90203292	passed	""	source	""	0.989721909095924	estimated_from_source_maf	14188	14188	0	0	0	0	14188	0.01	0.5	0.989721909095924	0.0517825750090303	median implied SD=0.990, dispersion=0.052, n=14188	effect_scale_validation.R:v1
GCST90203293	GCST90203293	passed	""	source	""	0.953857048995267	estimated_from_source_maf	5007	5007	0	0	0	0	5007	0.01	0.5	0.953857048995267	0.0532763509647473	median implied SD=0.954, dispersion=0.053, n=5007	effect_scale_validation.R:v1
GCST90203294	GCST90203294	passed	""	source	""	0.982017745813116	estimated_from_source_maf	4987	4987	0	0	0	0	4987	0.01	0.5	0.982017745813116	0.0527958939349078	median implied SD=0.982, dispersion=0.053, n=4987	effect_scale_validation.R:v1
GCST90203295	GCST90203295	passed	""	source	""	0.981230964572281	estimated_from_source_maf	4992	4992	0	0	0	0	4992	0.01	0.5	0.981230964572281	0.0524432112366885	median implied SD=0.981, dispersion=0.052, n=4992	effect_scale_validation.R:v1
GCST90203296	GCST90203296	passed	""	source	""	0.974501331435286	estimated_from_source_maf	12050	12050	0	0	0	0	12050	0.01	0.5	0.974501331435286	0.0603266144251611	median implied SD=0.975, dispersion=0.060, n=12050	effect_scale_validation.R:v1
GCST90203297	GCST90203297	passed	""	source	""	0.992021875623394	estimated_from_source_maf	8857	8857	0	0	0	0	8857	0.01	0.5	0.992021875623394	0.0560445131269121	median implied SD=0.992, dispersion=0.056, n=8857	effect_scale_validation.R:v1
GCST90203298	GCST90203298	passed	""	source	""	1.00164519029821	estimated_from_source_maf	4985	4985	0	0	0	0	4985	0.01	0.5	1.00164519029821	0.052379734232051	median implied SD=1.002, dispersion=0.052, n=4985	effect_scale_validation.R:v1
GCST90203299	GCST90203299	passed	""	source	""	0.975787538726621	estimated_from_source_maf	5053	5053	0	0	0	0	5053	0.01	0.5	0.975787538726621	0.053848922132774	median implied SD=0.976, dispersion=0.054, n=5053	effect_scale_validation.R:v1
GCST90203300	GCST90203300	passed	""	source	""	0.933671641598255	estimated_from_source_maf	5007	5007	0	0	0	0	5007	0.01	0.5	0.933671641598255	0.0525243004314984	median implied SD=0.934, dispersion=0.053, n=5007	effect_scale_validation.R:v1
GCST90203301	GCST90203301	passed	""	source	""	0.93783805572757	estimated_from_source_maf	4959	4959	0	0	0	0	4959	0.01	0.5	0.93783805572757	0.0604804228443626	median implied SD=0.938, dispersion=0.060, n=4959	effect_scale_validation.R:v1
GCST90203302	GCST90203302	passed	""	source	""	0.997479826248379	estimated_from_source_maf	8791	8791	0	0	0	0	8791	0.01	0.5	0.997479826248379	0.051412639308568	median implied SD=0.997, dispersion=0.051, n=8791	effect_scale_validation.R:v1
GCST90203303	GCST90203303	passed	""	source	""	0.884132477930135	estimated_from_source_maf	10235	10235	0	0	0	0	10235	0.01	0.5	0.884132477930135	0.0570748617204324	median implied SD=0.884, dispersion=0.057, n=10235	effect_scale_validation.R:v1
GCST90203304	GCST90203304	passed	""	source	""	0.914855060640526	estimated_from_source_maf	5020	5020	0	0	0	0	5020	0.01	0.5	0.914855060640526	0.0534502336020907	median implied SD=0.915, dispersion=0.053, n=5020	effect_scale_validation.R:v1
GCST90203305	GCST90203305	passed	""	source	""	0.990086302404286	estimated_from_source_maf	7673	7673	0	0	0	0	7673	0.01	0.5	0.990086302404286	0.0535699458673672	median implied SD=0.990, dispersion=0.054, n=7673	effect_scale_validation.R:v1
GCST90203306	GCST90203306	passed	""	source	""	0.879675996829933	estimated_from_source_maf	5081	5081	0	0	0	0	5081	0.01	0.5	0.879675996829933	0.0541404194131612	median implied SD=0.880, dispersion=0.054, n=5081	effect_scale_validation.R:v1
GCST90203307	GCST90203307	passed	""	source	""	0.903123472107568	estimated_from_source_maf	5236	5236	0	0	0	0	5236	0.01	0.5	0.903123472107568	0.0587468885252202	median implied SD=0.903, dispersion=0.059, n=5236	effect_scale_validation.R:v1
GCST90203308	GCST90203308	passed	""	source	""	0.919838770778671	estimated_from_source_maf	5188	5188	0	0	0	0	5188	0.01	0.5	0.919838770778671	0.0547021308950862	median implied SD=0.920, dispersion=0.055, n=5188	effect_scale_validation.R:v1
GCST90203309	GCST90203309	passed	""	source	""	0.975402512384638	estimated_from_source_maf	4992	4992	0	0	0	0	4992	0.01	0.5	0.975402512384638	0.0534392325622831	median implied SD=0.975, dispersion=0.053, n=4992	effect_scale_validation.R:v1
GCST90203310	GCST90203310	passed	""	source	""	0.965660502749224	estimated_from_source_maf	7840	7840	0	0	0	0	7840	0.01	0.5	0.965660502749224	0.0507556170105166	median implied SD=0.966, dispersion=0.051, n=7840	effect_scale_validation.R:v1
GCST90203311	GCST90203311	passed	""	source	""	0.94403602641776	estimated_from_source_maf	5116	5116	0	0	0	0	5116	0.01	0.5	0.94403602641776	0.0541305428778564	median implied SD=0.944, dispersion=0.054, n=5116	effect_scale_validation.R:v1
GCST90203312	GCST90203312	passed	""	source	""	0.983303240999387	estimated_from_source_maf	8856	8856	0	0	0	0	8856	0.01	0.5	0.983303240999387	0.0522631356223574	median implied SD=0.983, dispersion=0.052, n=8856	effect_scale_validation.R:v1
GCST90203313	GCST90203313	passed	""	source	""	0.952890109958174	estimated_from_source_maf	5000	5000	0	0	0	0	5000	0.01	0.5	0.952890109958174	0.0521025584596721	median implied SD=0.953, dispersion=0.052, n=5000	effect_scale_validation.R:v1
GCST90203314	GCST90203314	passed	""	source	""	0.962892207351054	estimated_from_source_maf	5233	5233	0	0	0	0	5233	0.01	0.5	0.962892207351054	0.0662465367280833	median implied SD=0.963, dispersion=0.066, n=5233	effect_scale_validation.R:v1
GCST90203315	GCST90203315	passed	""	source	""	0.915672926200528	estimated_from_source_maf	9450	9450	0	0	0	0	9450	0.01	0.5	0.915672926200528	0.0491333625562652	median implied SD=0.916, dispersion=0.049, n=9450	effect_scale_validation.R:v1
GCST90203316	GCST90203316	passed	""	source	""	0.776417302089554	estimated_from_source_maf	11007	11007	0	0	0	9	10998	0.01	0.5	0.776417302089554	0.0652907895110279	median implied SD=0.776, dispersion=0.065, n=10998	effect_scale_validation.R:v1
GCST90203317	GCST90203317	passed	""	source	""	0.9822327480417	estimated_from_source_maf	5030	5030	0	0	0	0	5030	0.01	0.5	0.9822327480417	0.053310039244093	median implied SD=0.982, dispersion=0.053, n=5030	effect_scale_validation.R:v1
GCST90203318	GCST90203318	passed	""	source	""	0.929645019613968	estimated_from_source_maf	9804	9804	0	0	0	0	9804	0.01	0.5	0.929645019613968	0.0554785090924778	median implied SD=0.930, dispersion=0.055, n=9804	effect_scale_validation.R:v1
GCST90203319	GCST90203319	passed	""	source	""	0.950453959707861	estimated_from_source_maf	5242	5242	0	0	0	0	5242	0.01	0.5	0.950453959707861	0.0552820935380459	median implied SD=0.950, dispersion=0.055, n=5242	effect_scale_validation.R:v1
GCST90203320	GCST90203320	passed	""	source	""	0.975308196240662	estimated_from_source_maf	12813	12813	0	0	0	0	12813	0.01	0.5	0.975308196240662	0.0498161039196488	median implied SD=0.975, dispersion=0.050, n=12813	effect_scale_validation.R:v1
GCST90203321	GCST90203321	passed	""	source	""	0.995678588064365	estimated_from_source_maf	7369	7369	0	0	0	0	7369	0.01	0.5	0.995678588064365	0.0511563441692515	median implied SD=0.996, dispersion=0.051, n=7369	effect_scale_validation.R:v1
GCST90203322	GCST90203322	passed	""	source	""	0.96163309084832	estimated_from_source_maf	4986	4986	0	0	0	0	4986	0.01	0.5	0.96163309084832	0.0527308930657648	median implied SD=0.962, dispersion=0.053, n=4986	effect_scale_validation.R:v1
GCST90203323	GCST90203323	passed	""	source	""	0.951238639127536	estimated_from_source_maf	8086	8086	0	0	0	0	8086	0.01	0.5	0.951238639127536	0.0515362586502063	median implied SD=0.951, dispersion=0.052, n=8086	effect_scale_validation.R:v1
GCST90203324	GCST90203324	passed	""	source	""	0.9289251893842	estimated_from_source_maf	8670	8670	0	0	0	0	8670	0.01	0.5	0.9289251893842	0.050395029487389	median implied SD=0.929, dispersion=0.050, n=8670	effect_scale_validation.R:v1
GCST90203325	GCST90203325	passed	""	source	""	0.993888819832284	estimated_from_source_maf	5118	5118	0	0	0	0	5118	0.01	0.5	0.993888819832284	0.0593665328039841	median implied SD=0.994, dispersion=0.059, n=5118	effect_scale_validation.R:v1
GCST90203326	GCST90203326	passed	""	source	""	0.963495068517254	estimated_from_source_maf	5001	5001	0	0	0	0	5001	0.01	0.5	0.963495068517254	0.0523224313883421	median implied SD=0.963, dispersion=0.052, n=5001	effect_scale_validation.R:v1
GCST90203327	GCST90203327	passed	""	source	""	0.947721443186906	estimated_from_source_maf	9466	9466	0	0	0	0	9466	0.01	0.5	0.947721443186906	0.0583046251353466	median implied SD=0.948, dispersion=0.058, n=9466	effect_scale_validation.R:v1
GCST90203328	GCST90203328	passed	""	source	""	0.954119428381388	estimated_from_source_maf	4998	4998	0	0	0	0	4998	0.01	0.5	0.954119428381388	0.0526766985605615	median implied SD=0.954, dispersion=0.053, n=4998	effect_scale_validation.R:v1
GCST90203329	GCST90203329	passed	""	source	""	0.911372462401482	estimated_from_source_maf	5035	5035	0	0	0	0	5035	0.01	0.5	0.911372462401482	0.0533599457163159	median implied SD=0.911, dispersion=0.053, n=5035	effect_scale_validation.R:v1
GCST90203330	GCST90203330	passed	""	source	""	0.991338962327088	estimated_from_source_maf	8452	8452	0	0	0	0	8452	0.01	0.5	0.991338962327088	0.0580415742363371	median implied SD=0.991, dispersion=0.058, n=8452	effect_scale_validation.R:v1
GCST90203331	GCST90203331	passed	""	source	""	0.950189917772787	estimated_from_source_maf	5188	5188	0	0	0	0	5188	0.01	0.5	0.950189917772787	0.0544640285985283	median implied SD=0.950, dispersion=0.054, n=5188	effect_scale_validation.R:v1
GCST90203332	GCST90203332	passed	""	source	""	0.913687879949538	estimated_from_source_maf	9924	9924	0	0	0	0	9924	0.01	0.5	0.913687879949538	0.0514446818168684	median implied SD=0.914, dispersion=0.051, n=9924	effect_scale_validation.R:v1
GCST90203333	GCST90203333	passed	""	source	""	0.783558426660568	estimated_from_source_maf	4989	4989	0	0	0	0	4989	0.01	0.5	0.783558426660568	0.0531884725403894	median implied SD=0.784, dispersion=0.053, n=4989	effect_scale_validation.R:v1
GCST90203334	GCST90203334	passed	""	source	""	0.944413182804488	estimated_from_source_maf	7184	7184	0	0	0	0	7184	0.01	0.5	0.944413182804488	0.0514203665378088	median implied SD=0.944, dispersion=0.051, n=7184	effect_scale_validation.R:v1
GCST90203335	GCST90203335	passed	""	source	""	0.983108356354837	estimated_from_source_maf	9351	9351	0	0	0	0	9351	0.01	0.5	0.983108356354837	0.0586405170711026	median implied SD=0.983, dispersion=0.059, n=9351	effect_scale_validation.R:v1
GCST90203336	GCST90203336	passed	""	source	""	0.996031604829466	estimated_from_source_maf	8757	8757	0	0	0	0	8757	0.01	0.5	0.996031604829466	0.0522371748830007	median implied SD=0.996, dispersion=0.052, n=8757	effect_scale_validation.R:v1
GCST90203337	GCST90203337	passed	""	source	""	0.991504892164196	estimated_from_source_maf	4987	4987	0	0	0	0	4987	0.01	0.5	0.991504892164196	0.0519952265089836	median implied SD=0.992, dispersion=0.052, n=4987	effect_scale_validation.R:v1
GCST90203338	GCST90203338	passed	""	source	""	1.00658261979883	estimated_from_source_maf	4984	4984	0	0	0	0	4984	0.01	0.5	1.00658261979883	0.0527843486183401	median implied SD=1.007, dispersion=0.053, n=4984	effect_scale_validation.R:v1
GCST90203339	GCST90203339	passed	""	source	""	0.946443030930448	estimated_from_source_maf	8650	8650	0	0	0	0	8650	0.01	0.5	0.946443030930448	0.051432775542748	median implied SD=0.946, dispersion=0.051, n=8650	effect_scale_validation.R:v1
GCST90203340	GCST90203340	passed	""	source	""	0.933664920686961	estimated_from_source_maf	7162	7162	0	0	0	0	7162	0.01	0.5	0.933664920686961	0.053047422940023	median implied SD=0.934, dispersion=0.053, n=7162	effect_scale_validation.R:v1
GCST90203341	GCST90203341	passed	""	source	""	0.946072016665381	estimated_from_source_maf	5156	5156	0	0	0	0	5156	0.01	0.5	0.946072016665381	0.0544660758254525	median implied SD=0.946, dispersion=0.054, n=5156	effect_scale_validation.R:v1
GCST90203342	GCST90203342	passed	""	source	""	0.973069693135038	estimated_from_source_maf	8423	8423	0	0	0	0	8423	0.01	0.5	0.973069693135038	0.0513551648461051	median implied SD=0.973, dispersion=0.051, n=8423	effect_scale_validation.R:v1
GCST90203343	GCST90203343	passed	""	source	""	0.886987525267514	estimated_from_source_maf	8805	8805	0	0	0	0	8805	0.01	0.5	0.886987525267514	0.0542149729265809	median implied SD=0.887, dispersion=0.054, n=8805	effect_scale_validation.R:v1
GCST90203344	GCST90203344	passed	""	source	""	1.00183225715263	estimated_from_source_maf	4987	4987	0	0	0	0	4987	0.01	0.5	1.00183225715263	0.0524436577024975	median implied SD=1.002, dispersion=0.052, n=4987	effect_scale_validation.R:v1
GCST90203345	GCST90203345	passed	""	source	""	0.957317397580761	estimated_from_source_maf	4988	4988	0	0	0	0	4988	0.01	0.5	0.957317397580761	0.0529839517911185	median implied SD=0.957, dispersion=0.053, n=4988	effect_scale_validation.R:v1
GCST90203346	GCST90203346	passed	""	source	""	0.870155348841804	estimated_from_source_maf	5179	5179	0	0	0	0	5179	0.01	0.5	0.870155348841804	0.0544021364697121	median implied SD=0.870, dispersion=0.054, n=5179	effect_scale_validation.R:v1
GCST90203347	GCST90203347	passed	""	source	""	0.801837486645622	estimated_from_source_maf	5213	5213	0	0	0	0	5213	0.01	0.5	0.801837486645622	0.0551070743640777	median implied SD=0.802, dispersion=0.055, n=5213	effect_scale_validation.R:v1
GCST90203348	GCST90203348	passed	""	source	""	0.861941997618503	estimated_from_source_maf	5006	5006	0	0	0	0	5006	0.01	0.5	0.861941997618503	0.0525823473040837	median implied SD=0.862, dispersion=0.053, n=5006	effect_scale_validation.R:v1
GCST90203349	GCST90203349	passed	""	source	""	0.90548876356053	estimated_from_source_maf	5027	5027	0	0	0	0	5027	0.01	0.5	0.90548876356053	0.0527767727341685	median implied SD=0.905, dispersion=0.053, n=5027	effect_scale_validation.R:v1
GCST90203350	GCST90203350	passed	""	source	""	0.969403753352104	estimated_from_source_maf	8390	8390	0	0	0	0	8390	0.01	0.5	0.969403753352104	0.0520520104909303	median implied SD=0.969, dispersion=0.052, n=8390	effect_scale_validation.R:v1
GCST90203351	GCST90203351	passed	""	source	""	0.962220956543388	estimated_from_source_maf	5182	5182	0	0	0	0	5182	0.01	0.5	0.962220956543388	0.0614680625683924	median implied SD=0.962, dispersion=0.061, n=5182	effect_scale_validation.R:v1
GCST90203352	GCST90203352	passed	""	source	""	0.994608399330811	estimated_from_source_maf	7953	7953	0	0	0	0	7953	0.01	0.5	0.994608399330811	0.0543075237234497	median implied SD=0.995, dispersion=0.054, n=7953	effect_scale_validation.R:v1
GCST90203353	GCST90203353	passed	""	source	""	0.962580778875615	estimated_from_source_maf	7888	7888	0	0	0	0	7888	0.01	0.5	0.962580778875615	0.0554455900760634	median implied SD=0.963, dispersion=0.055, n=7888	effect_scale_validation.R:v1
GCST90203354	GCST90203354	passed	""	source	""	0.977879536110763	estimated_from_source_maf	5112	5112	0	0	0	0	5112	0.01	0.5	0.977879536110763	0.0538265575398854	median implied SD=0.978, dispersion=0.054, n=5112	effect_scale_validation.R:v1
GCST90203355	GCST90203355	passed	""	source	""	0.944009130065177	estimated_from_source_maf	7464	7464	0	0	0	0	7464	0.01	0.5	0.944009130065177	0.0487099543032423	median implied SD=0.944, dispersion=0.049, n=7464	effect_scale_validation.R:v1
GCST90203356	GCST90203356	passed	""	source	""	0.949207868185828	estimated_from_source_maf	5044	5044	0	0	0	0	5044	0.01	0.5	0.949207868185828	0.0521703597251789	median implied SD=0.949, dispersion=0.052, n=5044	effect_scale_validation.R:v1
GCST90203357	GCST90203357	passed	""	source	""	0.943274543892918	estimated_from_source_maf	11017	11017	0	0	0	0	11017	0.01	0.5	0.943274543892918	0.0525553619434221	median implied SD=0.943, dispersion=0.053, n=11017	effect_scale_validation.R:v1
GCST90203358	GCST90203358	passed	""	source	""	0.955155341504708	estimated_from_source_maf	5123	5123	0	0	0	0	5123	0.01	0.5	0.955155341504708	0.0546578686727092	median implied SD=0.955, dispersion=0.055, n=5123	effect_scale_validation.R:v1
GCST90203359	GCST90203359	passed	""	source	""	0.97139842150001	estimated_from_source_maf	5219	5219	0	0	0	0	5219	0.01	0.5	0.97139842150001	0.0555531860431637	median implied SD=0.971, dispersion=0.056, n=5219	effect_scale_validation.R:v1
GCST90203360	GCST90203360	passed	""	source	""	0.985612795000052	estimated_from_source_maf	8874	8874	0	0	0	0	8874	0.01	0.5	0.985612795000052	0.0534106979642299	median implied SD=0.986, dispersion=0.053, n=8874	effect_scale_validation.R:v1
GCST90203361	GCST90203361	passed	""	source	""	0.969836609411946	estimated_from_source_maf	5110	5110	0	0	0	0	5110	0.01	0.5	0.969836609411946	0.0533251462602841	median implied SD=0.970, dispersion=0.053, n=5110	effect_scale_validation.R:v1
GCST90203362	GCST90203362	passed	""	source	""	0.979343575934226	estimated_from_source_maf	8165	8165	0	0	0	0	8165	0.01	0.5	0.979343575934226	0.0584812274319381	median implied SD=0.979, dispersion=0.058, n=8165	effect_scale_validation.R:v1
GCST90203363	GCST90203363	passed	""	source	""	0.972349102375134	estimated_from_source_maf	5038	5038	0	0	0	0	5038	0.01	0.5	0.972349102375134	0.0538864410369896	median implied SD=0.972, dispersion=0.054, n=5038	effect_scale_validation.R:v1
GCST90203364	GCST90203364	passed	""	source	""	1.00390233260784	estimated_from_source_maf	14911	14911	0	0	0	0	14911	0.01	0.5	1.00390233260784	0.0527350078008534	median implied SD=1.004, dispersion=0.053, n=14911	effect_scale_validation.R:v1
GCST90203365	GCST90203365	passed	""	source	""	0.956652249412022	estimated_from_source_maf	5013	5013	0	0	0	0	5013	0.01	0.5	0.956652249412022	0.0530869500562901	median implied SD=0.957, dispersion=0.053, n=5013	effect_scale_validation.R:v1
GCST90203366	GCST90203366	passed	""	source	""	0.973847879188927	estimated_from_source_maf	5070	5070	0	0	0	0	5070	0.01	0.5	0.973847879188927	0.0537536389858063	median implied SD=0.974, dispersion=0.054, n=5070	effect_scale_validation.R:v1
GCST90203367	GCST90203367	passed	""	source	""	1.00215235816058	estimated_from_source_maf	5024	5024	0	0	0	0	5024	0.01	0.5	1.00215235816058	0.052974391562938	median implied SD=1.002, dispersion=0.053, n=5024	effect_scale_validation.R:v1
GCST90203368	GCST90203368	passed	""	source	""	0.959193413132114	estimated_from_source_maf	7474	7474	0	0	0	0	7474	0.01	0.5	0.959193413132114	0.0487705123316648	median implied SD=0.959, dispersion=0.049, n=7474	effect_scale_validation.R:v1
GCST90203369	GCST90203369	passed	""	source	""	0.943043496186436	estimated_from_source_maf	5006	5006	0	0	0	0	5006	0.01	0.5	0.943043496186436	0.0526833146412212	median implied SD=0.943, dispersion=0.053, n=5006	effect_scale_validation.R:v1
GCST90203370	GCST90203370	passed	""	source	""	0.985204222920943	estimated_from_source_maf	4990	4990	0	0	0	0	4990	0.01	0.5	0.985204222920943	0.0528502171810658	median implied SD=0.985, dispersion=0.053, n=4990	effect_scale_validation.R:v1
GCST90203371	GCST90203371	passed	""	source	""	0.96890705736402	estimated_from_source_maf	4995	4995	0	0	0	0	4995	0.01	0.5	0.96890705736402	0.0523402920109448	median implied SD=0.969, dispersion=0.052, n=4995	effect_scale_validation.R:v1
GCST90203372	GCST90203372	passed	""	source	""	0.981943267492987	estimated_from_source_maf	4997	4997	0	0	0	0	4997	0.01	0.5	0.981943267492987	0.0518438656473152	median implied SD=0.982, dispersion=0.052, n=4997	effect_scale_validation.R:v1
GCST90203373	GCST90203373	passed	""	source	""	0.961262489205511	estimated_from_source_maf	5055	5055	0	0	0	0	5055	0.01	0.5	0.961262489205511	0.0532687749264897	median implied SD=0.961, dispersion=0.053, n=5055	effect_scale_validation.R:v1
GCST90203374	GCST90203374	passed	""	source	""	0.948962496079627	estimated_from_source_maf	5221	5221	0	0	0	0	5221	0.01	0.5	0.948962496079627	0.0541836117083593	median implied SD=0.949, dispersion=0.054, n=5221	effect_scale_validation.R:v1
GCST90203375	GCST90203375	passed	""	source	""	0.994340832938064	estimated_from_source_maf	4991	4991	0	0	0	0	4991	0.01	0.5	0.994340832938064	0.052740694521901	median implied SD=0.994, dispersion=0.053, n=4991	effect_scale_validation.R:v1
GCST90203376	GCST90203376	passed	""	source	""	0.967218975985372	estimated_from_source_maf	4995	4995	0	0	0	0	4995	0.01	0.5	0.967218975985372	0.0519508148165742	median implied SD=0.967, dispersion=0.052, n=4995	effect_scale_validation.R:v1
GCST90203377	GCST90203377	passed	""	source	""	0.980614458631508	estimated_from_source_maf	5025	5025	0	0	0	0	5025	0.01	0.5	0.980614458631508	0.0534164416635907	median implied SD=0.981, dispersion=0.053, n=5025	effect_scale_validation.R:v1
GCST90203378	GCST90203378	passed	""	source	""	0.942276507717831	estimated_from_source_maf	7231	7231	0	0	0	0	7231	0.01	0.5	0.942276507717831	0.0629415760481321	median implied SD=0.942, dispersion=0.063, n=7231	effect_scale_validation.R:v1
GCST90203379	GCST90203379	passed	""	source	""	1.00540406548728	estimated_from_source_maf	5097	5097	0	0	0	0	5097	0.01	0.5	1.00540406548728	0.0672247133726389	median implied SD=1.005, dispersion=0.067, n=5097	effect_scale_validation.R:v1
GCST90203380	GCST90203380	passed	""	source	""	0.991149487497647	estimated_from_source_maf	5077	5077	0	0	0	0	5077	0.01	0.5	0.991149487497647	0.0530470654622759	median implied SD=0.991, dispersion=0.053, n=5077	effect_scale_validation.R:v1
GCST90203381	GCST90203381	passed	""	source	""	0.954571785423327	estimated_from_source_maf	7915	7915	0	0	0	0	7915	0.01	0.5	0.954571785423327	0.0496375197039424	median implied SD=0.955, dispersion=0.050, n=7915	effect_scale_validation.R:v1
GCST90203382	GCST90203382	passed	""	source	""	0.963478194052673	estimated_from_source_maf	5295	5295	0	0	0	0	5295	0.01	0.5	0.963478194052673	0.0644484098449481	median implied SD=0.963, dispersion=0.064, n=5295	effect_scale_validation.R:v1
GCST90203383	GCST90203383	passed	""	source	""	0.937271162399684	estimated_from_source_maf	16607	16607	0	0	0	0	16607	0.01	0.5	0.937271162399684	0.0479346828030384	median implied SD=0.937, dispersion=0.048, n=16607	effect_scale_validation.R:v1
GCST90203384	GCST90203384	passed	""	source	""	0.962009581560322	estimated_from_source_maf	5041	5041	0	0	0	0	5041	0.01	0.5	0.962009581560322	0.0555436125502031	median implied SD=0.962, dispersion=0.056, n=5041	effect_scale_validation.R:v1
GCST90203385	GCST90203385	passed	""	source	""	0.992721751681144	estimated_from_source_maf	8247	8247	0	0	0	0	8247	0.01	0.5	0.992721751681144	0.0556504446489382	median implied SD=0.993, dispersion=0.056, n=8247	effect_scale_validation.R:v1
GCST90203386	GCST90203386	passed	""	source	""	0.97447488813839	estimated_from_source_maf	5113	5113	0	0	0	0	5113	0.01	0.5	0.97447488813839	0.053908490273203	median implied SD=0.974, dispersion=0.054, n=5113	effect_scale_validation.R:v1
GCST90203387	GCST90203387	passed	""	source	""	0.939663299335702	estimated_from_source_maf	7912	7912	0	0	0	0	7912	0.01	0.5	0.939663299335702	0.055772450444138	median implied SD=0.940, dispersion=0.056, n=7912	effect_scale_validation.R:v1
GCST90203388	GCST90203388	passed	""	source	""	0.851165054940089	estimated_from_source_maf	5143	5143	0	0	0	0	5143	0.01	0.5	0.851165054940089	0.0599232836541922	median implied SD=0.851, dispersion=0.060, n=5143	effect_scale_validation.R:v1
GCST90203389	GCST90203389	passed	""	source	""	0.697296010196545	estimated_from_source_maf	5044	5044	0	0	0	0	5044	0.01	0.5	0.697296010196545	0.0534474740493521	median implied SD=0.697, dispersion=0.053, n=5044	effect_scale_validation.R:v1
GCST90203390	GCST90203390	passed	""	source	""	0.976753096451606	estimated_from_source_maf	7857	7857	0	0	0	0	7857	0.01	0.5	0.976753096451606	0.0532493248256832	median implied SD=0.977, dispersion=0.053, n=7857	effect_scale_validation.R:v1
GCST90203391	GCST90203391	passed	""	source	""	0.999828443315718	estimated_from_source_maf	8835	8835	0	0	0	0	8835	0.01	0.5	0.999828443315718	0.0501717028177916	median implied SD=1.000, dispersion=0.050, n=8835	effect_scale_validation.R:v1
GCST90203392	GCST90203392	passed	""	source	""	0.940266259508497	estimated_from_source_maf	9886	9886	0	0	0	0	9886	0.01	0.5	0.940266259508497	0.0638770024079518	median implied SD=0.940, dispersion=0.064, n=9886	effect_scale_validation.R:v1
GCST90203393	GCST90203393	passed	""	source	""	0.972236502986521	estimated_from_source_maf	5239	5239	0	0	0	0	5239	0.01	0.5	0.972236502986521	0.0554244353853614	median implied SD=0.972, dispersion=0.055, n=5239	effect_scale_validation.R:v1
GCST90203394	GCST90203394	passed	""	source	""	0.995296417374158	estimated_from_source_maf	4990	4990	0	0	0	0	4990	0.01	0.5	0.995296417374158	0.052641861694176	median implied SD=0.995, dispersion=0.053, n=4990	effect_scale_validation.R:v1
GCST90203395	GCST90203395	passed	""	source	""	1.00843951935352	estimated_from_source_maf	5126	5126	0	0	0	0	5126	0.01	0.5	1.00843951935352	0.0625816496262629	median implied SD=1.008, dispersion=0.063, n=5126	effect_scale_validation.R:v1
GCST90203396	GCST90203396	passed	""	source	""	0.967736301320698	estimated_from_source_maf	4990	4990	0	0	0	0	4990	0.01	0.5	0.967736301320698	0.0520984203073209	median implied SD=0.968, dispersion=0.052, n=4990	effect_scale_validation.R:v1
GCST90203397	GCST90203397	passed	""	source	""	0.898950404447639	estimated_from_source_maf	4987	4987	0	0	0	0	4987	0.01	0.5	0.898950404447639	0.0532054910780393	median implied SD=0.899, dispersion=0.053, n=4987	effect_scale_validation.R:v1
GCST90203398	GCST90203398	passed	""	source	""	0.882914528180355	estimated_from_source_maf	4992	4992	0	0	0	0	4992	0.01	0.5	0.882914528180355	0.0525706210682052	median implied SD=0.883, dispersion=0.053, n=4992	effect_scale_validation.R:v1
GCST90203399	GCST90203399	passed	""	source	""	0.959637506825002	estimated_from_source_maf	7233	7233	0	0	0	0	7233	0.01	0.5	0.959637506825002	0.0522455163304077	median implied SD=0.960, dispersion=0.052, n=7233	effect_scale_validation.R:v1
GCST90203400	GCST90203400	passed	""	source	""	0.844759502750907	estimated_from_source_maf	8477	8477	0	0	0	0	8477	0.01	0.5	0.844759502750907	0.0640070403328991	median implied SD=0.845, dispersion=0.064, n=8477	effect_scale_validation.R:v1
GCST90203401	GCST90203401	passed	""	source	""	0.985402294007159	estimated_from_source_maf	4989	4989	0	0	0	0	4989	0.01	0.5	0.985402294007159	0.0528253067325013	median implied SD=0.985, dispersion=0.053, n=4989	effect_scale_validation.R:v1
GCST90203402	GCST90203402	passed	""	source	""	0.919935860460405	estimated_from_source_maf	7501	7501	0	0	0	0	7501	0.01	0.5	0.919935860460405	0.0477422433089647	median implied SD=0.920, dispersion=0.048, n=7501	effect_scale_validation.R:v1
GCST90203403	GCST90203403	passed	""	source	""	0.98884823211175	estimated_from_source_maf	5002	5002	0	0	0	0	5002	0.01	0.5	0.98884823211175	0.0530775012623976	median implied SD=0.989, dispersion=0.053, n=5002	effect_scale_validation.R:v1
GCST90203404	GCST90203404	passed	""	source	""	0.964744347540268	estimated_from_source_maf	4942	4942	0	0	0	0	4942	0.01	0.5	0.964744347540268	0.0553653830157373	median implied SD=0.965, dispersion=0.055, n=4942	effect_scale_validation.R:v1
GCST90203405	GCST90203405	passed	""	source	""	1.00929024713686	estimated_from_source_maf	4999	4999	0	0	0	0	4999	0.01	0.5	1.00929024713686	0.0528165539581614	median implied SD=1.009, dispersion=0.053, n=4999	effect_scale_validation.R:v1
GCST90203406	GCST90203406	passed	""	source	""	0.915252866504578	estimated_from_source_maf	5016	5016	0	0	0	0	5016	0.01	0.5	0.915252866504578	0.0533786285156746	median implied SD=0.915, dispersion=0.053, n=5016	effect_scale_validation.R:v1
GCST90203407	GCST90203407	passed	""	source	""	0.986862101066876	estimated_from_source_maf	8204	8204	0	0	0	0	8204	0.01	0.5	0.986862101066876	0.0551919419386004	median implied SD=0.987, dispersion=0.055, n=8204	effect_scale_validation.R:v1
GCST90203408	GCST90203408	passed	""	source	""	0.929063786266531	estimated_from_source_maf	4990	4990	0	0	0	0	4990	0.01	0.5	0.929063786266531	0.0584270589580055	median implied SD=0.929, dispersion=0.058, n=4990	effect_scale_validation.R:v1
GCST90203409	GCST90203409	passed	""	source	""	1.00222734655815	estimated_from_source_maf	8497	8497	0	0	0	0	8497	0.01	0.5	1.00222734655815	0.0516251802410631	median implied SD=1.002, dispersion=0.052, n=8497	effect_scale_validation.R:v1
GCST90203410	GCST90203410	passed	""	source	""	0.939698720846208	estimated_from_source_maf	5013	5013	0	0	0	0	5013	0.01	0.5	0.939698720846208	0.0531821021286653	median implied SD=0.940, dispersion=0.053, n=5013	effect_scale_validation.R:v1
GCST90203411	GCST90203411	passed	""	source	""	0.932392025924791	estimated_from_source_maf	4925	4925	0	0	0	0	4925	0.01	0.5	0.932392025924791	0.0546894912625834	median implied SD=0.932, dispersion=0.055, n=4925	effect_scale_validation.R:v1
GCST90203412	GCST90203412	passed	""	source	""	0.922532665111106	estimated_from_source_maf	5062	5062	0	0	0	0	5062	0.01	0.5	0.922532665111106	0.0537638044120808	median implied SD=0.923, dispersion=0.054, n=5062	effect_scale_validation.R:v1
GCST90203413	GCST90203413	passed	""	source	""	0.948341196532024	estimated_from_source_maf	4987	4987	0	0	0	0	4987	0.01	0.5	0.948341196532024	0.0527938415588938	median implied SD=0.948, dispersion=0.053, n=4987	effect_scale_validation.R:v1
GCST90203414	GCST90203414	passed	""	source	""	0.817896778026878	estimated_from_source_maf	8547	8547	0	0	0	0	8547	0.01	0.5	0.817896778026878	0.068698665874705	median implied SD=0.818, dispersion=0.069, n=8547	effect_scale_validation.R:v1
GCST90203415	GCST90203415	passed	""	source	""	1.0059164914463	estimated_from_source_maf	5025	5025	0	0	0	0	5025	0.01	0.5	1.0059164914463	0.0525763512794744	median implied SD=1.006, dispersion=0.053, n=5025	effect_scale_validation.R:v1
GCST90203416	GCST90203416	passed	""	source	""	0.953274257908196	estimated_from_source_maf	5013	5013	0	0	0	0	5013	0.01	0.5	0.953274257908196	0.0530295346702317	median implied SD=0.953, dispersion=0.053, n=5013	effect_scale_validation.R:v1
GCST90203417	GCST90203417	passed	""	source	""	0.998464472660516	estimated_from_source_maf	4993	4993	0	0	0	0	4993	0.01	0.5	0.998464472660516	0.0522192913177997	median implied SD=0.998, dispersion=0.052, n=4993	effect_scale_validation.R:v1
GCST90203418	GCST90203418	passed	""	source	""	0.967314042042489	estimated_from_source_maf	5000	5000	0	0	0	0	5000	0.01	0.5	0.967314042042489	0.055532210147752	median implied SD=0.967, dispersion=0.056, n=5000	effect_scale_validation.R:v1
GCST90203419	GCST90203419	passed	""	source	""	0.730210791303353	estimated_from_source_maf	9081	9081	0	0	0	2	9079	0.01	0.5	0.730210791303353	0.0596513304093274	median implied SD=0.730, dispersion=0.060, n=9079	effect_scale_validation.R:v1
GCST90203420	GCST90203420	passed	""	source	""	0.816070030651911	estimated_from_source_maf	4990	4990	0	0	0	0	4990	0.01	0.5	0.816070030651911	0.0528298370512364	median implied SD=0.816, dispersion=0.053, n=4990	effect_scale_validation.R:v1
GCST90203421	GCST90203421	passed	""	source	""	1.00054144014181	estimated_from_source_maf	5207	5207	0	0	0	0	5207	0.01	0.5	1.00054144014181	0.0547654556136591	median implied SD=1.001, dispersion=0.055, n=5207	effect_scale_validation.R:v1
GCST90203422	GCST90203422	passed	""	source	""	0.930039732162703	estimated_from_source_maf	7982	7982	0	0	0	0	7982	0.01	0.5	0.930039732162703	0.0495244480156908	median implied SD=0.930, dispersion=0.050, n=7982	effect_scale_validation.R:v1
GCST90203423	GCST90203423	passed	""	source	""	0.990306335095527	estimated_from_source_maf	5130	5130	0	0	0	0	5130	0.01	0.5	0.990306335095527	0.054284334565783	median implied SD=0.990, dispersion=0.054, n=5130	effect_scale_validation.R:v1
GCST90203424	GCST90203424	passed	""	source	""	0.984653773641952	estimated_from_source_maf	8050	8050	0	0	0	0	8050	0.01	0.5	0.984653773641952	0.0560052082247792	median implied SD=0.985, dispersion=0.056, n=8050	effect_scale_validation.R:v1
GCST90203425	GCST90203425	passed	""	source	""	0.977902778765175	estimated_from_source_maf	5254	5254	0	0	0	0	5254	0.01	0.5	0.977902778765175	0.0619699940817306	median implied SD=0.978, dispersion=0.062, n=5254	effect_scale_validation.R:v1
GCST90203426	GCST90203426	passed	""	source	""	0.979119569808209	estimated_from_source_maf	26965	26965	0	0	0	0	26965	0.01	0.5	0.979119569808209	0.0622051742111528	median implied SD=0.979, dispersion=0.062, n=26965	effect_scale_validation.R:v1
GCST90203427	GCST90203427	passed	""	source	""	0.951059523070003	estimated_from_source_maf	5062	5062	0	0	0	0	5062	0.01	0.5	0.951059523070003	0.0556218570878023	median implied SD=0.951, dispersion=0.056, n=5062	effect_scale_validation.R:v1
GCST90203428	GCST90203428	passed	""	source	""	0.982450362480524	estimated_from_source_maf	5033	5033	0	0	0	0	5033	0.01	0.5	0.982450362480524	0.0525908205239526	median implied SD=0.982, dispersion=0.053, n=5033	effect_scale_validation.R:v1
GCST90203429	GCST90203429	passed	""	source	""	0.94356260995888	estimated_from_source_maf	4963	4963	0	0	0	0	4963	0.01	0.5	0.94356260995888	0.0649967055998087	median implied SD=0.944, dispersion=0.065, n=4963	effect_scale_validation.R:v1
GCST90203430	GCST90203430	passed	""	source	""	0.960423555041674	estimated_from_source_maf	4936	4936	0	0	0	0	4936	0.01	0.5	0.960423555041674	0.0546093965785151	median implied SD=0.960, dispersion=0.055, n=4936	effect_scale_validation.R:v1
GCST90203431	GCST90203431	passed	""	source	""	0.947363689723731	estimated_from_source_maf	10780	10780	0	0	0	0	10780	0.01	0.5	0.947363689723731	0.0553076719202308	median implied SD=0.947, dispersion=0.055, n=10780	effect_scale_validation.R:v1
GCST90203432	GCST90203432	passed	""	source	""	0.981047981648632	estimated_from_source_maf	5226	5226	0	0	0	0	5226	0.01	0.5	0.981047981648632	0.0597783889411285	median implied SD=0.981, dispersion=0.060, n=5226	effect_scale_validation.R:v1
GCST90203433	GCST90203433	passed	""	source	""	0.978529631200125	estimated_from_source_maf	5198	5198	0	0	0	0	5198	0.01	0.5	0.978529631200125	0.0572480413381471	median implied SD=0.979, dispersion=0.057, n=5198	effect_scale_validation.R:v1
GCST90203434	GCST90203434	passed	""	source	""	0.942778581135571	estimated_from_source_maf	18311	18311	0	0	0	0	18311	0.01	0.5	0.942778581135571	0.0635629899620247	median implied SD=0.943, dispersion=0.064, n=18311	effect_scale_validation.R:v1
GCST90203435	GCST90203435	passed	""	source	""	0.987165135072463	estimated_from_source_maf	16456	16456	0	0	0	0	16456	0.01	0.5	0.987165135072463	0.0544455503842451	median implied SD=0.987, dispersion=0.054, n=16456	effect_scale_validation.R:v1
GCST90203436	GCST90203436	passed	""	source	""	0.967929129974848	estimated_from_source_maf	4983	4983	0	0	0	0	4983	0.01	0.5	0.967929129974848	0.0522086092344742	median implied SD=0.968, dispersion=0.052, n=4983	effect_scale_validation.R:v1
GCST90203437	GCST90203437	passed	""	source	""	0.934710050177101	estimated_from_source_maf	5055	5055	0	0	0	0	5055	0.01	0.5	0.934710050177101	0.056632871329177	median implied SD=0.935, dispersion=0.057, n=5055	effect_scale_validation.R:v1
GCST90203438	GCST90203438	passed	""	source	""	0.996197156655722	estimated_from_source_maf	5008	5008	0	0	0	0	5008	0.01	0.5	0.996197156655722	0.0620325402317764	median implied SD=0.996, dispersion=0.062, n=5008	effect_scale_validation.R:v1
GCST90203439	GCST90203439	passed	""	source	""	0.87139686282014	estimated_from_source_maf	5014	5014	0	0	0	0	5014	0.01	0.5	0.87139686282014	0.0527772016393682	median implied SD=0.871, dispersion=0.053, n=5014	effect_scale_validation.R:v1
GCST90203440	GCST90203440	passed	""	source	""	0.949927264381608	estimated_from_source_maf	5191	5191	0	0	0	0	5191	0.01	0.5	0.949927264381608	0.0610802902675962	median implied SD=0.950, dispersion=0.061, n=5191	effect_scale_validation.R:v1
GCST90203441	GCST90203441	passed	""	source	""	0.94296002531188	estimated_from_source_maf	10055	10055	0	0	0	0	10055	0.01	0.5	0.94296002531188	0.0479755573480382	median implied SD=0.943, dispersion=0.048, n=10055	effect_scale_validation.R:v1
GCST90203442	GCST90203442	passed	""	source	""	0.960288106094156	estimated_from_source_maf	5020	5020	0	0	0	0	5020	0.01	0.5	0.960288106094156	0.0526839738663769	median implied SD=0.960, dispersion=0.053, n=5020	effect_scale_validation.R:v1
GCST90203443	GCST90203443	passed	""	source	""	0.962451943180904	estimated_from_source_maf	5054	5054	0	0	0	0	5054	0.01	0.5	0.962451943180904	0.0573608231518667	median implied SD=0.962, dispersion=0.057, n=5054	effect_scale_validation.R:v1
GCST90203444	GCST90203444	passed	""	source	""	0.979228988518711	estimated_from_source_maf	7858	7858	0	0	0	0	7858	0.01	0.5	0.979228988518711	0.065599403850495	median implied SD=0.979, dispersion=0.066, n=7858	effect_scale_validation.R:v1
GCST90203445	GCST90203445	passed	""	source	""	0.937228294270169	estimated_from_source_maf	5024	5024	0	0	0	0	5024	0.01	0.5	0.937228294270169	0.0529302180277013	median implied SD=0.937, dispersion=0.053, n=5024	effect_scale_validation.R:v1
GCST90203446	GCST90203446	passed	""	source	""	0.980079904086592	estimated_from_source_maf	10433	10433	0	0	0	0	10433	0.01	0.5	0.980079904086592	0.0570166335096883	median implied SD=0.980, dispersion=0.057, n=10433	effect_scale_validation.R:v1
GCST90203447	GCST90203447	passed	""	source	""	0.837436324757088	estimated_from_source_maf	5069	5069	0	0	0	0	5069	0.01	0.5	0.837436324757088	0.0536283148965932	median implied SD=0.837, dispersion=0.054, n=5069	effect_scale_validation.R:v1
GCST90203448	GCST90203448	passed	""	source	""	0.955468122504436	estimated_from_source_maf	5057	5057	0	0	0	0	5057	0.01	0.5	0.955468122504436	0.0531125649770812	median implied SD=0.955, dispersion=0.053, n=5057	effect_scale_validation.R:v1
GCST90203449	GCST90203449	passed	""	source	""	0.950200584712469	estimated_from_source_maf	8690	8690	0	0	0	0	8690	0.01	0.5	0.950200584712469	0.0554467098480168	median implied SD=0.950, dispersion=0.055, n=8690	effect_scale_validation.R:v1
GCST90203450	GCST90203450	passed	""	source	""	0.914819606677785	estimated_from_source_maf	5138	5138	0	0	0	0	5138	0.01	0.5	0.914819606677785	0.0531623082547854	median implied SD=0.915, dispersion=0.053, n=5138	effect_scale_validation.R:v1
GCST90203451	GCST90203451	passed	""	source	""	0.986064803795067	estimated_from_source_maf	8650	8650	0	0	0	0	8650	0.01	0.5	0.986064803795067	0.0523792245697124	median implied SD=0.986, dispersion=0.052, n=8650	effect_scale_validation.R:v1
GCST90203452	GCST90203452	passed	""	source	""	0.956179402491501	estimated_from_source_maf	4985	4985	0	0	0	0	4985	0.01	0.5	0.956179402491501	0.0528102960031094	median implied SD=0.956, dispersion=0.053, n=4985	effect_scale_validation.R:v1
GCST90203453	GCST90203453	passed	""	source	""	0.959992053837749	estimated_from_source_maf	7419	7419	0	0	0	0	7419	0.01	0.5	0.959992053837749	0.0560708345597824	median implied SD=0.960, dispersion=0.056, n=7419	effect_scale_validation.R:v1
GCST90203454	GCST90203454	passed	""	source	""	0.98058145212041	estimated_from_source_maf	7367	7367	0	0	0	0	7367	0.01	0.5	0.98058145212041	0.0463961592576757	median implied SD=0.981, dispersion=0.046, n=7367	effect_scale_validation.R:v1
GCST90203455	GCST90203455	passed	""	source	""	0.974479898967816	estimated_from_source_maf	4984	4984	0	0	0	0	4984	0.01	0.5	0.974479898967816	0.0618540601223643	median implied SD=0.974, dispersion=0.062, n=4984	effect_scale_validation.R:v1
GCST90203456	GCST90203456	passed	""	source	""	0.977825583991246	estimated_from_source_maf	8310	8310	0	0	0	0	8310	0.01	0.5	0.977825583991246	0.0529453580606219	median implied SD=0.978, dispersion=0.053, n=8310	effect_scale_validation.R:v1
GCST90203457	GCST90203457	passed	""	source	""	0.911198912784653	estimated_from_source_maf	5026	5026	0	0	0	0	5026	0.01	0.5	0.911198912784653	0.0527608073712834	median implied SD=0.911, dispersion=0.053, n=5026	effect_scale_validation.R:v1
GCST90203458	GCST90203458	passed	""	source	""	0.980496910813837	estimated_from_source_maf	16484	16484	0	0	0	0	16484	0.01	0.5	0.980496910813837	0.0543583417245106	median implied SD=0.980, dispersion=0.054, n=16484	effect_scale_validation.R:v1
GCST90203459	GCST90203459	passed	""	source	""	0.96990797999109	estimated_from_source_maf	7748	7748	0	0	0	0	7748	0.01	0.5	0.96990797999109	0.0608448118163423	median implied SD=0.970, dispersion=0.061, n=7748	effect_scale_validation.R:v1
GCST90203460	GCST90203460	passed	""	source	""	0.985068548385798	estimated_from_source_maf	9670	9670	0	0	0	0	9670	0.01	0.5	0.985068548385798	0.0556322944570278	median implied SD=0.985, dispersion=0.056, n=9670	effect_scale_validation.R:v1
GCST90203461	GCST90203461	passed	""	source	""	0.918273258875796	estimated_from_source_maf	10171	10171	0	0	0	1	10170	0.01	0.5	0.918273258875796	0.0609740485797836	median implied SD=0.918, dispersion=0.061, n=10170	effect_scale_validation.R:v1
GCST90203462	GCST90203462	passed	""	source	""	0.976598777173764	estimated_from_source_maf	4990	4990	0	0	0	0	4990	0.01	0.5	0.976598777173764	0.0525347844614794	median implied SD=0.977, dispersion=0.053, n=4990	effect_scale_validation.R:v1
GCST90203463	GCST90203463	passed	""	source	""	0.957981842401472	estimated_from_source_maf	4988	4988	0	0	0	0	4988	0.01	0.5	0.957981842401472	0.0526401630502051	median implied SD=0.958, dispersion=0.053, n=4988	effect_scale_validation.R:v1
GCST90203464	GCST90203464	passed	""	source	""	0.969098200217668	estimated_from_source_maf	4991	4991	0	0	0	0	4991	0.01	0.5	0.969098200217668	0.051818736537222	median implied SD=0.969, dispersion=0.052, n=4991	effect_scale_validation.R:v1
GCST90203465	GCST90203465	passed	""	source	""	0.952986497605553	estimated_from_source_maf	4988	4988	0	0	0	0	4988	0.01	0.5	0.952986497605553	0.0526409456164877	median implied SD=0.953, dispersion=0.053, n=4988	effect_scale_validation.R:v1
GCST90203466	GCST90203466	passed	""	source	""	0.855165084935012	estimated_from_source_maf	8315	8315	0	0	0	0	8315	0.01	0.5	0.855165084935012	0.0489720468277057	median implied SD=0.855, dispersion=0.049, n=8315	effect_scale_validation.R:v1
GCST90203467	GCST90203467	passed	""	source	""	0.985617534991159	estimated_from_source_maf	4999	4999	0	0	0	0	4999	0.01	0.5	0.985617534991159	0.0528824137806457	median implied SD=0.986, dispersion=0.053, n=4999	effect_scale_validation.R:v1
GCST90203468	GCST90203468	passed	""	source	""	0.896366359077554	estimated_from_source_maf	4993	4993	0	0	0	0	4993	0.01	0.5	0.896366359077554	0.0523994074780544	median implied SD=0.896, dispersion=0.052, n=4993	effect_scale_validation.R:v1
GCST90203469	GCST90203469	passed	""	source	""	0.958997197899769	estimated_from_source_maf	5091	5091	0	0	0	0	5091	0.01	0.5	0.958997197899769	0.0540808276695577	median implied SD=0.959, dispersion=0.054, n=5091	effect_scale_validation.R:v1
GCST90203470	GCST90203470	passed	""	source	""	0.967995028388056	estimated_from_source_maf	5210	5210	0	0	0	0	5210	0.01	0.5	0.967995028388056	0.0565080072851395	median implied SD=0.968, dispersion=0.057, n=5210	effect_scale_validation.R:v1
GCST90203471	GCST90203471	passed	""	source	""	0.952910876994244	estimated_from_source_maf	5170	5170	0	0	0	0	5170	0.01	0.5	0.952910876994244	0.0548278073389508	median implied SD=0.953, dispersion=0.055, n=5170	effect_scale_validation.R:v1
GCST90203472	GCST90203472	passed	""	source	""	0.99509374776669	estimated_from_source_maf	9984	9984	0	0	0	0	9984	0.01	0.5	0.99509374776669	0.0590699342413792	median implied SD=0.995, dispersion=0.059, n=9984	effect_scale_validation.R:v1
GCST90203473	GCST90203473	passed	""	source	""	0.952989709131741	estimated_from_source_maf	5041	5041	0	0	0	0	5041	0.01	0.5	0.952989709131741	0.0533947218148926	median implied SD=0.953, dispersion=0.053, n=5041	effect_scale_validation.R:v1
GCST90203474	GCST90203474	passed	""	source	""	0.956034942350965	estimated_from_source_maf	4983	4983	0	0	0	0	4983	0.01	0.5	0.956034942350965	0.0521155828142631	median implied SD=0.956, dispersion=0.052, n=4983	effect_scale_validation.R:v1
GCST90203475	GCST90203475	passed	""	source	""	0.905597103585389	estimated_from_source_maf	21678	21678	0	0	0	4	21674	0.01	0.5	0.905597103585389	0.0693608203089822	median implied SD=0.906, dispersion=0.069, n=21674	effect_scale_validation.R:v1
GCST90203476	GCST90203476	passed	""	source	""	0.993713996399492	estimated_from_source_maf	5045	5045	0	0	0	0	5045	0.01	0.5	0.993713996399492	0.0525088968589264	median implied SD=0.994, dispersion=0.053, n=5045	effect_scale_validation.R:v1
GCST90203477	GCST90203477	passed	""	source	""	0.955976536873467	estimated_from_source_maf	20635	20635	0	0	0	0	20635	0.01	0.5	0.955976536873467	0.0552909832283845	median implied SD=0.956, dispersion=0.055, n=20635	effect_scale_validation.R:v1
GCST90203478	GCST90203478	passed	""	source	""	0.998571163550852	estimated_from_source_maf	5006	5006	0	0	0	0	5006	0.01	0.5	0.998571163550852	0.0526928954884606	median implied SD=0.999, dispersion=0.053, n=5006	effect_scale_validation.R:v1
GCST90203479	GCST90203479	passed	""	source	""	0.906899858579579	estimated_from_source_maf	5105	5105	0	0	0	0	5105	0.01	0.5	0.906899858579579	0.0560535532859372	median implied SD=0.907, dispersion=0.056, n=5105	effect_scale_validation.R:v1
GCST90203480	GCST90203480	passed	""	source	""	0.989520511867501	estimated_from_source_maf	5025	5025	0	0	0	0	5025	0.01	0.5	0.989520511867501	0.0525597644494319	median implied SD=0.990, dispersion=0.053, n=5025	effect_scale_validation.R:v1
GCST90203481	GCST90203481	passed	""	source	""	0.981681549413472	estimated_from_source_maf	4995	4995	0	0	0	0	4995	0.01	0.5	0.981681549413472	0.0527793242533766	median implied SD=0.982, dispersion=0.053, n=4995	effect_scale_validation.R:v1
GCST90203482	GCST90203482	passed	""	source	""	1.00311524808598	estimated_from_source_maf	7741	7741	0	0	0	0	7741	0.01	0.5	1.00311524808598	0.0534291645515444	median implied SD=1.003, dispersion=0.053, n=7741	effect_scale_validation.R:v1
GCST90203483	GCST90203483	passed	""	source	""	1.00028797224519	estimated_from_source_maf	5021	5021	0	0	0	0	5021	0.01	0.5	1.00028797224519	0.0527091822095334	median implied SD=1.000, dispersion=0.053, n=5021	effect_scale_validation.R:v1
GCST90203484	GCST90203484	passed	""	source	""	1.00218346515325	estimated_from_source_maf	8584	8584	0	0	0	0	8584	0.01	0.5	1.00218346515325	0.0588269661373629	median implied SD=1.002, dispersion=0.059, n=8584	effect_scale_validation.R:v1
GCST90203485	GCST90203485	passed	""	source	""	0.957717816391382	estimated_from_source_maf	12923	12923	0	0	0	0	12923	0.01	0.5	0.957717816391382	0.0546083293073812	median implied SD=0.958, dispersion=0.055, n=12923	effect_scale_validation.R:v1
GCST90203486	GCST90203486	passed	""	source	""	0.962039376070949	estimated_from_source_maf	4989	4989	0	0	0	0	4989	0.01	0.5	0.962039376070949	0.0528557221581567	median implied SD=0.962, dispersion=0.053, n=4989	effect_scale_validation.R:v1
GCST90203487	GCST90203487	passed	""	source	""	0.995716732775659	estimated_from_source_maf	4996	4996	0	0	0	0	4996	0.01	0.5	0.995716732775659	0.0528629811307768	median implied SD=0.996, dispersion=0.053, n=4996	effect_scale_validation.R:v1
GCST90203488	GCST90203488	passed	""	source	""	0.891987673733594	estimated_from_source_maf	5042	5042	0	0	0	0	5042	0.01	0.5	0.891987673733594	0.0535524298139825	median implied SD=0.892, dispersion=0.054, n=5042	effect_scale_validation.R:v1
GCST90203489	GCST90203489	passed	""	source	""	0.937566351037794	estimated_from_source_maf	4988	4988	0	0	0	0	4988	0.01	0.5	0.937566351037794	0.0529324562466063	median implied SD=0.938, dispersion=0.053, n=4988	effect_scale_validation.R:v1
GCST90203490	GCST90203490	passed	""	source	""	0.902023496722252	estimated_from_source_maf	5017	5017	0	0	0	0	5017	0.01	0.5	0.902023496722252	0.052551631385065	median implied SD=0.902, dispersion=0.053, n=5017	effect_scale_validation.R:v1
GCST90203491	GCST90203491	passed	""	source	""	1.00336620147424	estimated_from_source_maf	5027	5027	0	0	0	0	5027	0.01	0.5	1.00336620147424	0.0525500592971089	median implied SD=1.003, dispersion=0.053, n=5027	effect_scale_validation.R:v1
GCST90203492	GCST90203492	passed	""	source	""	0.986993434512711	estimated_from_source_maf	4989	4989	0	0	0	0	4989	0.01	0.5	0.986993434512711	0.0523386504698094	median implied SD=0.987, dispersion=0.052, n=4989	effect_scale_validation.R:v1
GCST90203493	GCST90203493	passed	""	source	""	0.983524987197593	estimated_from_source_maf	5048	5048	0	0	0	0	5048	0.01	0.5	0.983524987197593	0.0537684872777955	median implied SD=0.984, dispersion=0.054, n=5048	effect_scale_validation.R:v1
GCST90203494	GCST90203494	passed	""	source	""	0.962259271429407	estimated_from_source_maf	5072	5072	0	0	0	0	5072	0.01	0.5	0.962259271429407	0.0539503527983815	median implied SD=0.962, dispersion=0.054, n=5072	effect_scale_validation.R:v1
GCST90203495	GCST90203495	passed	""	source	""	0.915376063699777	estimated_from_source_maf	5027	5027	0	0	0	0	5027	0.01	0.5	0.915376063699777	0.0534820724946049	median implied SD=0.915, dispersion=0.053, n=5027	effect_scale_validation.R:v1
GCST90203496	GCST90203496	passed	""	source	""	0.986068258095138	estimated_from_source_maf	5009	5009	0	0	0	0	5009	0.01	0.5	0.986068258095138	0.0530697837541217	median implied SD=0.986, dispersion=0.053, n=5009	effect_scale_validation.R:v1
GCST90203497	GCST90203497	passed	""	source	""	0.992418217464137	estimated_from_source_maf	5031	5031	0	0	0	0	5031	0.01	0.5	0.992418217464137	0.0522912476326625	median implied SD=0.992, dispersion=0.052, n=5031	effect_scale_validation.R:v1
GCST90203498	GCST90203498	passed	""	source	""	0.983847050257925	estimated_from_source_maf	4992	4992	0	0	0	0	4992	0.01	0.5	0.983847050257925	0.0527976469850414	median implied SD=0.984, dispersion=0.053, n=4992	effect_scale_validation.R:v1
GCST90203499	GCST90203499	passed	""	source	""	0.968611248824017	estimated_from_source_maf	4987	4987	0	0	0	0	4987	0.01	0.5	0.968611248824017	0.0525613431446565	median implied SD=0.969, dispersion=0.053, n=4987	effect_scale_validation.R:v1
GCST90203500	GCST90203500	passed	""	source	""	0.915849891791005	estimated_from_source_maf	4988	4988	0	0	0	0	4988	0.01	0.5	0.915849891791005	0.0528172603762298	median implied SD=0.916, dispersion=0.053, n=4988	effect_scale_validation.R:v1
GCST90203501	GCST90203501	passed	""	source	""	0.968594616294713	estimated_from_source_maf	4987	4987	0	0	0	0	4987	0.01	0.5	0.968594616294713	0.0528187413575975	median implied SD=0.969, dispersion=0.053, n=4987	effect_scale_validation.R:v1
GCST90203502	GCST90203502	passed	""	source	""	0.987499388040569	estimated_from_source_maf	5014	5014	0	0	0	0	5014	0.01	0.5	0.987499388040569	0.0525610055837278	median implied SD=0.987, dispersion=0.053, n=5014	effect_scale_validation.R:v1
GCST90203503	GCST90203503	passed	""	source	""	0.981202217096943	estimated_from_source_maf	5016	5016	0	0	0	0	5016	0.01	0.5	0.981202217096943	0.0530591422439957	median implied SD=0.981, dispersion=0.053, n=5016	effect_scale_validation.R:v1
GCST90203504	GCST90203504	passed	""	source	""	0.966592293392467	estimated_from_source_maf	4985	4985	0	0	0	0	4985	0.01	0.5	0.966592293392467	0.0519309136618702	median implied SD=0.967, dispersion=0.052, n=4985	effect_scale_validation.R:v1
GCST90203505	GCST90203505	passed	""	source	""	0.944519264072627	estimated_from_source_maf	5001	5001	0	0	0	0	5001	0.01	0.5	0.944519264072627	0.0530045172714593	median implied SD=0.945, dispersion=0.053, n=5001	effect_scale_validation.R:v1
GCST90203506	GCST90203506	passed	""	source	""	0.917630796491203	estimated_from_source_maf	5014	5014	0	0	0	0	5014	0.01	0.5	0.917630796491203	0.053226824323116	median implied SD=0.918, dispersion=0.053, n=5014	effect_scale_validation.R:v1
GCST90203507	GCST90203507	passed	""	source	""	0.980884361000834	estimated_from_source_maf	5155	5155	0	0	0	0	5155	0.01	0.5	0.980884361000834	0.0544833340082068	median implied SD=0.981, dispersion=0.054, n=5155	effect_scale_validation.R:v1
GCST90203508	GCST90203508	passed	""	source	""	0.974361858492601	estimated_from_source_maf	5047	5047	0	0	0	0	5047	0.01	0.5	0.974361858492601	0.0626420824688566	median implied SD=0.974, dispersion=0.063, n=5047	effect_scale_validation.R:v1
GCST90203509	GCST90203509	passed	""	source	""	0.972871754060751	estimated_from_source_maf	4991	4991	0	0	0	0	4991	0.01	0.5	0.972871754060751	0.0526592301248729	median implied SD=0.973, dispersion=0.053, n=4991	effect_scale_validation.R:v1
GCST90203510	GCST90203510	passed	""	source	""	0.928258743586898	estimated_from_source_maf	5008	5008	0	0	0	0	5008	0.01	0.5	0.928258743586898	0.0530054164105345	median implied SD=0.928, dispersion=0.053, n=5008	effect_scale_validation.R:v1
GCST90203511	GCST90203511	passed	""	source	""	1.02998609742291	estimated_from_source_maf	7683	7683	0	0	0	0	7683	0.01	0.5	1.02998609742291	0.0546094011110057	median implied SD=1.030, dispersion=0.055, n=7683	effect_scale_validation.R:v1
GCST90203512	GCST90203512	passed	""	source	""	0.966616178637478	estimated_from_source_maf	5026	5026	0	0	0	0	5026	0.01	0.5	0.966616178637478	0.0527721116499274	median implied SD=0.967, dispersion=0.053, n=5026	effect_scale_validation.R:v1
GCST90203513	GCST90203513	passed	""	source	""	0.996331984589197	estimated_from_source_maf	8474	8474	0	0	0	0	8474	0.01	0.5	0.996331984589197	0.0545690440065957	median implied SD=0.996, dispersion=0.055, n=8474	effect_scale_validation.R:v1
GCST90203514	GCST90203514	passed	""	source	""	0.932634122142831	estimated_from_source_maf	8910	8910	0	0	0	0	8910	0.01	0.5	0.932634122142831	0.0634973285068547	median implied SD=0.933, dispersion=0.063, n=8910	effect_scale_validation.R:v1
GCST90203515	GCST90203515	passed	""	source	""	0.965375709589975	estimated_from_source_maf	5007	5007	0	0	0	0	5007	0.01	0.5	0.965375709589975	0.0524109861606056	median implied SD=0.965, dispersion=0.052, n=5007	effect_scale_validation.R:v1
GCST90203516	GCST90203516	passed	""	source	""	1.00145279102661	estimated_from_source_maf	4986	4986	0	0	0	0	4986	0.01	0.5	1.00145279102661	0.0524044250059828	median implied SD=1.001, dispersion=0.052, n=4986	effect_scale_validation.R:v1
GCST90203517	GCST90203517	passed	""	source	""	0.965205624556864	estimated_from_source_maf	5018	5018	0	0	0	0	5018	0.01	0.5	0.965205624556864	0.0526899688783909	median implied SD=0.965, dispersion=0.053, n=5018	effect_scale_validation.R:v1
GCST90203518	GCST90203518	passed	""	source	""	0.998397323510294	estimated_from_source_maf	8054	8054	0	0	0	0	8054	0.01	0.5	0.998397323510294	0.0545401337328272	median implied SD=0.998, dispersion=0.055, n=8054	effect_scale_validation.R:v1
GCST90203519	GCST90203519	passed	""	source	""	0.957384672792261	estimated_from_source_maf	4994	4994	0	0	0	0	4994	0.01	0.5	0.957384672792261	0.0526382796264792	median implied SD=0.957, dispersion=0.053, n=4994	effect_scale_validation.R:v1
GCST90203520	GCST90203520	passed	""	source	""	0.981642815944178	estimated_from_source_maf	11390	11390	0	0	0	0	11390	0.01	0.5	0.981642815944178	0.0541731050222839	median implied SD=0.982, dispersion=0.054, n=11390	effect_scale_validation.R:v1
GCST90203521	GCST90203521	passed	""	source	""	0.982184399615522	estimated_from_source_maf	15325	15325	0	0	0	0	15325	0.01	0.5	0.982184399615522	0.0550184425783645	median implied SD=0.982, dispersion=0.055, n=15325	effect_scale_validation.R:v1
GCST90203522	GCST90203522	passed	""	source	""	0.935278285612083	estimated_from_source_maf	5092	5092	0	0	0	0	5092	0.01	0.5	0.935278285612083	0.0545519776140013	median implied SD=0.935, dispersion=0.055, n=5092	effect_scale_validation.R:v1
GCST90203523	GCST90203523	passed	""	source	""	0.926457909163922	estimated_from_source_maf	4980	4980	0	0	0	0	4980	0.01	0.5	0.926457909163922	0.0523019783985605	median implied SD=0.926, dispersion=0.052, n=4980	effect_scale_validation.R:v1
GCST90203524	GCST90203524	passed	""	source	""	0.961562218586569	estimated_from_source_maf	5071	5071	0	0	0	0	5071	0.01	0.5	0.961562218586569	0.0558440605306757	median implied SD=0.962, dispersion=0.056, n=5071	effect_scale_validation.R:v1
GCST90203525	GCST90203525	passed	""	source	""	0.969006057136776	estimated_from_source_maf	10859	10859	0	0	0	0	10859	0.01	0.5	0.969006057136776	0.0537724964642153	median implied SD=0.969, dispersion=0.054, n=10859	effect_scale_validation.R:v1
GCST90203526	GCST90203526	passed	""	source	""	0.94112015485121	estimated_from_source_maf	5154	5154	0	0	0	0	5154	0.01	0.5	0.94112015485121	0.0547986287718613	median implied SD=0.941, dispersion=0.055, n=5154	effect_scale_validation.R:v1
GCST90203527	GCST90203527	passed	""	source	""	0.98673511998343	estimated_from_source_maf	5014	5014	0	0	0	0	5014	0.01	0.5	0.98673511998343	0.0530019445919575	median implied SD=0.987, dispersion=0.053, n=5014	effect_scale_validation.R:v1
GCST90203528	GCST90203528	passed	""	source	""	0.945857214491273	estimated_from_source_maf	5128	5128	0	0	0	0	5128	0.01	0.5	0.945857214491273	0.0535121293495003	median implied SD=0.946, dispersion=0.054, n=5128	effect_scale_validation.R:v1
GCST90203529	GCST90203529	passed	""	source	""	0.950764285103991	estimated_from_source_maf	5002	5002	0	0	0	0	5002	0.01	0.5	0.950764285103991	0.0607828125561747	median implied SD=0.951, dispersion=0.061, n=5002	effect_scale_validation.R:v1
GCST90203530	GCST90203530	passed	""	source	""	0.889305048906166	estimated_from_source_maf	5031	5031	0	0	0	0	5031	0.01	0.5	0.889305048906166	0.053611471152443	median implied SD=0.889, dispersion=0.054, n=5031	effect_scale_validation.R:v1
GCST90203531	GCST90203531	passed	""	source	""	0.99806802573745	estimated_from_source_maf	5180	5180	0	0	0	0	5180	0.01	0.5	0.99806802573745	0.0541959399366751	median implied SD=0.998, dispersion=0.054, n=5180	effect_scale_validation.R:v1
GCST90203532	GCST90203532	passed	""	source	""	0.966737921824138	estimated_from_source_maf	4917	4917	0	0	0	0	4917	0.01	0.5	0.966737921824138	0.0601258941879249	median implied SD=0.967, dispersion=0.060, n=4917	effect_scale_validation.R:v1
GCST90203533	GCST90203533	passed	""	source	""	0.971417522047363	estimated_from_source_maf	5122	5122	0	0	0	0	5122	0.01	0.5	0.971417522047363	0.0567578880641403	median implied SD=0.971, dispersion=0.057, n=5122	effect_scale_validation.R:v1
GCST90203534	GCST90203534	passed	""	source	""	0.885703389147956	estimated_from_source_maf	11667	11667	0	0	0	0	11667	0.01	0.5	0.885703389147956	0.0517314476002823	median implied SD=0.886, dispersion=0.052, n=11667	effect_scale_validation.R:v1
GCST90203535	GCST90203535	passed	""	source	""	0.979127961114174	estimated_from_source_maf	7573	7573	0	0	0	0	7573	0.01	0.5	0.979127961114174	0.0536752797621238	median implied SD=0.979, dispersion=0.054, n=7573	effect_scale_validation.R:v1
GCST90203536	GCST90203536	passed	""	source	""	0.938162879983223	estimated_from_source_maf	5216	5216	0	0	0	0	5216	0.01	0.5	0.938162879983223	0.0549726281144376	median implied SD=0.938, dispersion=0.055, n=5216	effect_scale_validation.R:v1
GCST90203537	GCST90203537	passed	""	source	""	0.991991416578129	estimated_from_source_maf	7298	7298	0	0	0	0	7298	0.01	0.5	0.991991416578129	0.0537068830987316	median implied SD=0.992, dispersion=0.054, n=7298	effect_scale_validation.R:v1
GCST90203538	GCST90203538	passed	""	source	""	0.973705038098514	estimated_from_source_maf	5045	5045	0	0	0	0	5045	0.01	0.5	0.973705038098514	0.0537114154191082	median implied SD=0.974, dispersion=0.054, n=5045	effect_scale_validation.R:v1
GCST90203539	GCST90203539	passed	""	source	""	0.961776132107496	estimated_from_source_maf	5111	5111	0	0	0	0	5111	0.01	0.5	0.961776132107496	0.0536690197467814	median implied SD=0.962, dispersion=0.054, n=5111	effect_scale_validation.R:v1
GCST90203540	GCST90203540	passed	""	source	""	0.938242297443426	estimated_from_source_maf	5085	5085	0	0	0	0	5085	0.01	0.5	0.938242297443426	0.05287823039751	median implied SD=0.938, dispersion=0.053, n=5085	effect_scale_validation.R:v1
GCST90203541	GCST90203541	passed	""	source	""	0.994040187811104	estimated_from_source_maf	4993	4993	0	0	0	0	4993	0.01	0.5	0.994040187811104	0.0526356943000769	median implied SD=0.994, dispersion=0.053, n=4993	effect_scale_validation.R:v1
GCST90203542	GCST90203542	passed	""	source	""	0.944240232346828	estimated_from_source_maf	5053	5053	0	0	0	0	5053	0.01	0.5	0.944240232346828	0.0534489263244968	median implied SD=0.944, dispersion=0.053, n=5053	effect_scale_validation.R:v1
GCST90203543	GCST90203543	passed	""	source	""	0.905427352348917	estimated_from_source_maf	9754	9754	0	0	0	0	9754	0.01	0.5	0.905427352348917	0.0552475952258094	median implied SD=0.905, dispersion=0.055, n=9754	effect_scale_validation.R:v1
GCST90203544	GCST90203544	passed	""	source	""	0.991203279837872	estimated_from_source_maf	7869	7869	0	0	0	0	7869	0.01	0.5	0.991203279837872	0.0536872474412077	median implied SD=0.991, dispersion=0.054, n=7869	effect_scale_validation.R:v1
GCST90203545	GCST90203545	passed	""	source	""	0.991488411292892	estimated_from_source_maf	4917	4917	0	0	0	0	4917	0.01	0.5	0.991488411292892	0.0540737010110863	median implied SD=0.991, dispersion=0.054, n=4917	effect_scale_validation.R:v1
GCST90203546	GCST90203546	passed	""	source	""	0.987042437498054	estimated_from_source_maf	5027	5027	0	0	0	0	5027	0.01	0.5	0.987042437498054	0.0530931148462061	median implied SD=0.987, dispersion=0.053, n=5027	effect_scale_validation.R:v1
GCST90203547	GCST90203547	passed	""	source	""	0.90339280828479	estimated_from_source_maf	5164	5164	0	0	0	0	5164	0.01	0.5	0.90339280828479	0.0549436093247459	median implied SD=0.903, dispersion=0.055, n=5164	effect_scale_validation.R:v1
GCST90203548	GCST90203548	passed	""	source	""	0.944134587434808	estimated_from_source_maf	4988	4988	0	0	0	0	4988	0.01	0.5	0.944134587434808	0.0528972410561318	median implied SD=0.944, dispersion=0.053, n=4988	effect_scale_validation.R:v1
GCST90203549	GCST90203549	passed	""	source	""	0.966127215315119	estimated_from_source_maf	5166	5166	0	0	0	0	5166	0.01	0.5	0.966127215315119	0.0544331736380404	median implied SD=0.966, dispersion=0.054, n=5166	effect_scale_validation.R:v1
GCST90203550	GCST90203550	passed	""	source	""	0.946870517846409	estimated_from_source_maf	5163	5163	0	0	0	0	5163	0.01	0.5	0.946870517846409	0.0546931373334836	median implied SD=0.947, dispersion=0.055, n=5163	effect_scale_validation.R:v1
GCST90203551	GCST90203551	passed	""	source	""	0.96401352025492	estimated_from_source_maf	5025	5025	0	0	0	0	5025	0.01	0.5	0.96401352025492	0.0535678210194473	median implied SD=0.964, dispersion=0.054, n=5025	effect_scale_validation.R:v1
GCST90203552	GCST90203552	passed	""	source	""	0.951040443433667	estimated_from_source_maf	4864	4864	0	0	0	0	4864	0.01	0.5	0.951040443433667	0.0653983143518858	median implied SD=0.951, dispersion=0.065, n=4864	effect_scale_validation.R:v1
GCST90203553	GCST90203553	passed	""	source	""	0.970980653526015	estimated_from_source_maf	4996	4996	0	0	0	0	4996	0.01	0.5	0.970980653526015	0.074999022514614	median implied SD=0.971, dispersion=0.075, n=4996	effect_scale_validation.R:v1
GCST90203554	GCST90203554	passed	""	source	""	0.990970392561718	estimated_from_source_maf	8073	8073	0	0	0	0	8073	0.01	0.5	0.990970392561718	0.0523109113864636	median implied SD=0.991, dispersion=0.052, n=8073	effect_scale_validation.R:v1
GCST90203555	GCST90203555	passed	""	source	""	0.971640716306931	estimated_from_source_maf	8421	8421	0	0	0	0	8421	0.01	0.5	0.971640716306931	0.0613164272271827	median implied SD=0.972, dispersion=0.061, n=8421	effect_scale_validation.R:v1
GCST90203556	GCST90203556	passed	""	source	""	0.988137885976678	estimated_from_source_maf	9529	9529	0	0	0	0	9529	0.01	0.5	0.988137885976678	0.0548295054615717	median implied SD=0.988, dispersion=0.055, n=9529	effect_scale_validation.R:v1
GCST90203557	GCST90203557	passed	""	source	""	0.944492560228966	estimated_from_source_maf	5156	5156	0	0	0	0	5156	0.01	0.5	0.944492560228966	0.0590526992309108	median implied SD=0.944, dispersion=0.059, n=5156	effect_scale_validation.R:v1
GCST90203558	GCST90203558	passed	""	source	""	0.967695745877679	estimated_from_source_maf	5019	5019	0	0	0	0	5019	0.01	0.5	0.967695745877679	0.0527728992784314	median implied SD=0.968, dispersion=0.053, n=5019	effect_scale_validation.R:v1
GCST90203559	GCST90203559	passed	""	source	""	0.815251726685457	estimated_from_source_maf	5015	5015	0	0	0	0	5015	0.01	0.5	0.815251726685457	0.0533112287126113	median implied SD=0.815, dispersion=0.053, n=5015	effect_scale_validation.R:v1
GCST90203560	GCST90203560	passed	""	source	""	0.969788086559761	estimated_from_source_maf	5021	5021	0	0	0	0	5021	0.01	0.5	0.969788086559761	0.0527096653419953	median implied SD=0.970, dispersion=0.053, n=5021	effect_scale_validation.R:v1
GCST90203561	GCST90203561	passed	""	source	""	0.974487824865125	estimated_from_source_maf	8557	8557	0	0	0	0	8557	0.01	0.5	0.974487824865125	0.0558859831208525	median implied SD=0.974, dispersion=0.056, n=8557	effect_scale_validation.R:v1
GCST90203562	GCST90203562	passed	""	source	""	0.951261636277452	estimated_from_source_maf	5077	5077	0	0	0	0	5077	0.01	0.5	0.951261636277452	0.0535293079489691	median implied SD=0.951, dispersion=0.054, n=5077	effect_scale_validation.R:v1
GCST90203563	GCST90203563	passed	""	source	""	0.958909068979214	estimated_from_source_maf	5065	5065	0	0	0	0	5065	0.01	0.5	0.958909068979214	0.0540883189105888	median implied SD=0.959, dispersion=0.054, n=5065	effect_scale_validation.R:v1
GCST90203564	GCST90203564	passed	""	source	""	0.93241537528312	estimated_from_source_maf	8181	8181	0	0	0	0	8181	0.01	0.5	0.93241537528312	0.0536526969153591	median implied SD=0.932, dispersion=0.054, n=8181	effect_scale_validation.R:v1
GCST90203565	GCST90203565	passed	""	source	""	0.957469532518473	estimated_from_source_maf	5205	5205	0	0	0	1	5204	0.01	0.5	0.957469532518473	0.0639258019901146	median implied SD=0.957, dispersion=0.064, n=5204	effect_scale_validation.R:v1
GCST90203566	GCST90203566	passed	""	source	""	0.894526331037361	estimated_from_source_maf	4987	4987	0	0	0	0	4987	0.01	0.5	0.894526331037361	0.0525036028528592	median implied SD=0.895, dispersion=0.053, n=4987	effect_scale_validation.R:v1
GCST90203567	GCST90203567	passed	""	source	""	0.897821580678995	estimated_from_source_maf	4999	4999	0	0	0	0	4999	0.01	0.5	0.897821580678995	0.0528509779750971	median implied SD=0.898, dispersion=0.053, n=4999	effect_scale_validation.R:v1
GCST90203568	GCST90203568	passed	""	source	""	0.864773252790032	estimated_from_source_maf	5026	5026	0	0	0	0	5026	0.01	0.5	0.864773252790032	0.0534327061784069	median implied SD=0.865, dispersion=0.053, n=5026	effect_scale_validation.R:v1
GCST90203569	GCST90203569	passed	""	source	""	0.965390217297974	estimated_from_source_maf	5045	5045	0	0	0	0	5045	0.01	0.5	0.965390217297974	0.0528856154762677	median implied SD=0.965, dispersion=0.053, n=5045	effect_scale_validation.R:v1
GCST90203570	GCST90203570	passed	""	source	""	0.95406882783863	estimated_from_source_maf	5166	5166	0	0	0	0	5166	0.01	0.5	0.95406882783863	0.0566557534922339	median implied SD=0.954, dispersion=0.057, n=5166	effect_scale_validation.R:v1
GCST90203571	GCST90203571	passed	""	source	""	0.970547533412588	estimated_from_source_maf	4983	4983	0	0	0	0	4983	0.01	0.5	0.970547533412588	0.0552499797540587	median implied SD=0.971, dispersion=0.055, n=4983	effect_scale_validation.R:v1
GCST90203572	GCST90203572	passed	""	source	""	0.978570262425166	estimated_from_source_maf	5019	5019	0	0	0	0	5019	0.01	0.5	0.978570262425166	0.0530063759727649	median implied SD=0.979, dispersion=0.053, n=5019	effect_scale_validation.R:v1
GCST90203573	GCST90203573	passed	""	source	""	0.973788059130787	estimated_from_source_maf	5237	5237	0	0	0	0	5237	0.01	0.5	0.973788059130787	0.0548173736902663	median implied SD=0.974, dispersion=0.055, n=5237	effect_scale_validation.R:v1
GCST90203574	GCST90203574	passed	""	source	""	0.992578390107218	estimated_from_source_maf	5003	5003	0	0	0	0	5003	0.01	0.5	0.992578390107218	0.0531121788800328	median implied SD=0.993, dispersion=0.053, n=5003	effect_scale_validation.R:v1
GCST90203575	GCST90203575	passed	""	source	""	0.943942193956124	estimated_from_source_maf	8340	8340	0	0	0	0	8340	0.01	0.5	0.943942193956124	0.0580039214362034	median implied SD=0.944, dispersion=0.058, n=8340	effect_scale_validation.R:v1
GCST90203576	GCST90203576	passed	""	source	""	0.935759597751907	estimated_from_source_maf	7708	7708	0	0	0	0	7708	0.01	0.5	0.935759597751907	0.0541929842011383	median implied SD=0.936, dispersion=0.054, n=7708	effect_scale_validation.R:v1
GCST90203577	GCST90203577	passed	""	source	""	0.99232997390318	estimated_from_source_maf	5147	5147	0	0	0	0	5147	0.01	0.5	0.99232997390318	0.0536823597843646	median implied SD=0.992, dispersion=0.054, n=5147	effect_scale_validation.R:v1
GCST90203578	GCST90203578	passed	""	source	""	0.980130607989875	estimated_from_source_maf	5052	5052	0	0	0	0	5052	0.01	0.5	0.980130607989875	0.0537347347151463	median implied SD=0.980, dispersion=0.054, n=5052	effect_scale_validation.R:v1
GCST90203579	GCST90203579	passed	""	source	""	0.905140661363709	estimated_from_source_maf	4999	4999	0	0	0	0	4999	0.01	0.5	0.905140661363709	0.0526430834623083	median implied SD=0.905, dispersion=0.053, n=4999	effect_scale_validation.R:v1
GCST90203580	GCST90203580	passed	""	source	""	0.976732460404543	estimated_from_source_maf	5077	5077	0	0	0	0	5077	0.01	0.5	0.976732460404543	0.0540063372847711	median implied SD=0.977, dispersion=0.054, n=5077	effect_scale_validation.R:v1
GCST90203581	GCST90203581	passed	""	source	""	0.988986181255125	estimated_from_source_maf	9168	9168	0	0	0	0	9168	0.01	0.5	0.988986181255125	0.0491704538886806	median implied SD=0.989, dispersion=0.049, n=9168	effect_scale_validation.R:v1
GCST90203582	GCST90203582	passed	""	source	""	0.951399928962539	estimated_from_source_maf	5046	5046	0	0	0	0	5046	0.01	0.5	0.951399928962539	0.0661968108121426	median implied SD=0.951, dispersion=0.066, n=5046	effect_scale_validation.R:v1
GCST90203583	GCST90203583	passed	""	source	""	0.988376272413659	estimated_from_source_maf	4993	4993	0	0	0	0	4993	0.01	0.5	0.988376272413659	0.0550738006169467	median implied SD=0.988, dispersion=0.055, n=4993	effect_scale_validation.R:v1
GCST90203584	GCST90203584	passed	""	source	""	0.915348059595184	estimated_from_source_maf	4984	4984	0	0	0	0	4984	0.01	0.5	0.915348059595184	0.052699804247413	median implied SD=0.915, dispersion=0.053, n=4984	effect_scale_validation.R:v1
GCST90203585	GCST90203585	passed	""	source	""	0.966986154586027	estimated_from_source_maf	4950	4950	0	0	0	0	4950	0.01	0.5	0.966986154586027	0.055387717179713	median implied SD=0.967, dispersion=0.055, n=4950	effect_scale_validation.R:v1
GCST90203586	GCST90203586	passed	""	source	""	0.979300151091902	estimated_from_source_maf	5098	5098	0	0	0	0	5098	0.01	0.5	0.979300151091902	0.0537588879125855	median implied SD=0.979, dispersion=0.054, n=5098	effect_scale_validation.R:v1
GCST90203587	GCST90203587	passed	""	source	""	0.920164950482224	estimated_from_source_maf	8204	8204	0	0	0	0	8204	0.01	0.5	0.920164950482224	0.051928039592051	median implied SD=0.920, dispersion=0.052, n=8204	effect_scale_validation.R:v1
GCST90203588	GCST90203588	passed	""	source	""	0.970380873206393	estimated_from_source_maf	5119	5119	0	0	0	0	5119	0.01	0.5	0.970380873206393	0.0602740317744034	median implied SD=0.970, dispersion=0.060, n=5119	effect_scale_validation.R:v1
GCST90203589	GCST90203589	passed	""	source	""	0.920929849347921	estimated_from_source_maf	5151	5151	0	0	0	0	5151	0.01	0.5	0.920929849347921	0.0544430281265676	median implied SD=0.921, dispersion=0.054, n=5151	effect_scale_validation.R:v1
GCST90203590	GCST90203590	passed	""	source	""	0.967995569525109	estimated_from_source_maf	5051	5051	0	0	0	0	5051	0.01	0.5	0.967995569525109	0.052537903840694	median implied SD=0.968, dispersion=0.053, n=5051	effect_scale_validation.R:v1
GCST90203591	GCST90203591	passed	""	source	""	0.937041485276879	estimated_from_source_maf	10075	10075	0	0	0	4	10071	0.01	0.5	0.937041485276879	0.0698157222178258	median implied SD=0.937, dispersion=0.070, n=10071	effect_scale_validation.R:v1
GCST90203592	GCST90203592	passed	""	source	""	0.963638830383595	estimated_from_source_maf	5029	5029	0	0	0	0	5029	0.01	0.5	0.963638830383595	0.0530401545494778	median implied SD=0.964, dispersion=0.053, n=5029	effect_scale_validation.R:v1
GCST90203593	GCST90203593	passed	""	source	""	0.986746415458587	estimated_from_source_maf	5019	5019	0	0	0	0	5019	0.01	0.5	0.986746415458587	0.0531727638786116	median implied SD=0.987, dispersion=0.053, n=5019	effect_scale_validation.R:v1
GCST90203594	GCST90203594	passed	""	source	""	0.949863911474517	estimated_from_source_maf	7145	7145	0	0	0	0	7145	0.01	0.5	0.949863911474517	0.0573704421931236	median implied SD=0.950, dispersion=0.057, n=7145	effect_scale_validation.R:v1
GCST90203595	GCST90203595	passed	""	source	""	0.995648339848183	estimated_from_source_maf	11827	11827	0	0	0	0	11827	0.01	0.5	0.995648339848183	0.0519341548890629	median implied SD=0.996, dispersion=0.052, n=11827	effect_scale_validation.R:v1
GCST90203596	GCST90203596	passed	""	source	""	0.98599976708389	estimated_from_source_maf	6276	6276	0	0	0	0	6276	0.01	0.5	0.98599976708389	0.051976902050022	median implied SD=0.986, dispersion=0.052, n=6276	effect_scale_validation.R:v1
GCST90203597	GCST90203597	passed	""	source	""	1.00200088253889	estimated_from_source_maf	5035	5035	0	0	0	0	5035	0.01	0.5	1.00200088253889	0.0533651409893486	median implied SD=1.002, dispersion=0.053, n=5035	effect_scale_validation.R:v1
GCST90203598	GCST90203598	passed	""	source	""	0.916406969304475	estimated_from_source_maf	5020	5020	0	0	0	0	5020	0.01	0.5	0.916406969304475	0.0520576793309508	median implied SD=0.916, dispersion=0.052, n=5020	effect_scale_validation.R:v1
GCST90203599	GCST90203599	passed	""	source	""	0.97961588577296	estimated_from_source_maf	5033	5033	0	0	0	0	5033	0.01	0.5	0.97961588577296	0.0525565183666656	median implied SD=0.980, dispersion=0.053, n=5033	effect_scale_validation.R:v1
GCST90203600	GCST90203600	passed	""	source	""	0.952945563422766	estimated_from_source_maf	5181	5181	0	0	0	0	5181	0.01	0.5	0.952945563422766	0.0605636667581043	median implied SD=0.953, dispersion=0.061, n=5181	effect_scale_validation.R:v1
GCST90203601	GCST90203601	passed	""	source	""	0.943797383385721	estimated_from_source_maf	11696	11696	0	0	0	0	11696	0.01	0.5	0.943797383385721	0.0601021739560291	median implied SD=0.944, dispersion=0.060, n=11696	effect_scale_validation.R:v1
GCST90203602	GCST90203602	passed	""	source	""	0.945289282759677	estimated_from_source_maf	5070	5070	0	0	0	0	5070	0.01	0.5	0.945289282759677	0.0534848415463092	median implied SD=0.945, dispersion=0.053, n=5070	effect_scale_validation.R:v1
GCST90203603	GCST90203603	passed	""	source	""	0.879630590417841	estimated_from_source_maf	4982	4982	0	0	0	0	4982	0.01	0.5	0.879630590417841	0.0531557578255517	median implied SD=0.880, dispersion=0.053, n=4982	effect_scale_validation.R:v1
GCST90203604	GCST90203604	passed	""	source	""	0.910028286974022	estimated_from_source_maf	9324	9324	0	0	0	0	9324	0.01	0.5	0.910028286974022	0.0582793533242203	median implied SD=0.910, dispersion=0.058, n=9324	effect_scale_validation.R:v1
GCST90203605	GCST90203605	passed	""	source	""	0.922786172181863	estimated_from_source_maf	7995	7995	0	0	0	0	7995	0.01	0.5	0.922786172181863	0.0545341213392329	median implied SD=0.923, dispersion=0.055, n=7995	effect_scale_validation.R:v1
GCST90203606	GCST90203606	passed	""	source	""	0.949532145408643	estimated_from_source_maf	5053	5053	0	0	0	0	5053	0.01	0.5	0.949532145408643	0.0536675348112093	median implied SD=0.950, dispersion=0.054, n=5053	effect_scale_validation.R:v1
GCST90203607	GCST90203607	passed	""	source	""	0.939029141982473	estimated_from_source_maf	5223	5223	0	0	0	0	5223	0.01	0.5	0.939029141982473	0.0618206764826456	median implied SD=0.939, dispersion=0.062, n=5223	effect_scale_validation.R:v1
GCST90203608	GCST90203608	passed	""	source	""	0.957245422729598	estimated_from_source_maf	5018	5018	0	0	0	0	5018	0.01	0.5	0.957245422729598	0.0580739458962273	median implied SD=0.957, dispersion=0.058, n=5018	effect_scale_validation.R:v1
GCST90203609	GCST90203609	passed	""	source	""	0.908651547211466	estimated_from_source_maf	14009	14009	0	0	0	1	14008	0.01	0.5	0.908651547211466	0.0631929099370128	median implied SD=0.909, dispersion=0.063, n=14008	effect_scale_validation.R:v1
GCST90203610	GCST90203610	passed	""	source	""	0.878043902567608	estimated_from_source_maf	8004	8004	0	0	0	0	8004	0.01	0.5	0.878043902567608	0.0568360773820236	median implied SD=0.878, dispersion=0.057, n=8004	effect_scale_validation.R:v1
GCST90203611	GCST90203611	passed	""	source	""	0.981637604464968	estimated_from_source_maf	11434	11434	0	0	0	0	11434	0.01	0.5	0.981637604464968	0.0520300248820553	median implied SD=0.982, dispersion=0.052, n=11434	effect_scale_validation.R:v1
GCST90203612	GCST90203612	passed	""	source	""	0.98095350400515	estimated_from_source_maf	11380	11380	0	0	0	0	11380	0.01	0.5	0.98095350400515	0.054719154409093	median implied SD=0.981, dispersion=0.055, n=11380	effect_scale_validation.R:v1
GCST90203613	GCST90203613	passed	""	source	""	0.894041643660724	estimated_from_source_maf	4985	4985	0	0	0	0	4985	0.01	0.5	0.894041643660724	0.052823075167904	median implied SD=0.894, dispersion=0.053, n=4985	effect_scale_validation.R:v1
GCST90203614	GCST90203614	passed	""	source	""	0.893607281186816	estimated_from_source_maf	5039	5039	0	0	0	0	5039	0.01	0.5	0.893607281186816	0.0531202174116927	median implied SD=0.894, dispersion=0.053, n=5039	effect_scale_validation.R:v1
GCST90203615	GCST90203615	passed	""	source	""	0.975962761458521	estimated_from_source_maf	5019	5019	0	0	0	0	5019	0.01	0.5	0.975962761458521	0.0523167356584839	median implied SD=0.976, dispersion=0.052, n=5019	effect_scale_validation.R:v1
GCST90203616	GCST90203616	passed	""	source	""	0.991900316850849	estimated_from_source_maf	5119	5119	0	0	0	0	5119	0.01	0.5	0.991900316850849	0.0538070143230018	median implied SD=0.992, dispersion=0.054, n=5119	effect_scale_validation.R:v1
GCST90203617	GCST90203617	passed	""	source	""	1.00203534112406	estimated_from_source_maf	8693	8693	0	0	0	0	8693	0.01	0.5	1.00203534112406	0.0583048958234237	median implied SD=1.002, dispersion=0.058, n=8693	effect_scale_validation.R:v1
GCST90203618	GCST90203618	passed	""	source	""	0.970522303893002	estimated_from_source_maf	5288	5288	0	0	0	0	5288	0.01	0.5	0.970522303893002	0.0599123373513057	median implied SD=0.971, dispersion=0.060, n=5288	effect_scale_validation.R:v1
GCST90203619	GCST90203619	passed	""	source	""	0.948549014905589	estimated_from_source_maf	5170	5170	0	0	0	0	5170	0.01	0.5	0.948549014905589	0.0541715974177799	median implied SD=0.949, dispersion=0.054, n=5170	effect_scale_validation.R:v1
GCST90203620	GCST90203620	passed	""	source	""	0.931789412414531	estimated_from_source_maf	5020	5020	0	0	0	0	5020	0.01	0.5	0.931789412414531	0.0525710822762118	median implied SD=0.932, dispersion=0.053, n=5020	effect_scale_validation.R:v1
GCST90203621	GCST90203621	passed	""	source	""	0.971452524211827	estimated_from_source_maf	4965	4965	0	0	0	0	4965	0.01	0.5	0.971452524211827	0.0541763824398636	median implied SD=0.971, dispersion=0.054, n=4965	effect_scale_validation.R:v1
GCST90203622	GCST90203622	passed	""	source	""	0.980494222390009	estimated_from_source_maf	4993	4993	0	0	0	0	4993	0.01	0.5	0.980494222390009	0.0531601376256346	median implied SD=0.980, dispersion=0.053, n=4993	effect_scale_validation.R:v1
GCST90203623	GCST90203623	passed	""	source	""	0.952152156475342	estimated_from_source_maf	10754	10754	0	0	0	0	10754	0.01	0.5	0.952152156475342	0.0528102937144243	median implied SD=0.952, dispersion=0.053, n=10754	effect_scale_validation.R:v1
GCST90203624	GCST90203624	passed	""	source	""	0.927615723953125	estimated_from_source_maf	5024	5024	0	0	0	0	5024	0.01	0.5	0.927615723953125	0.0538565645946609	median implied SD=0.928, dispersion=0.054, n=5024	effect_scale_validation.R:v1
GCST90203625	GCST90203625	passed	""	source	""	0.954436059793621	estimated_from_source_maf	9424	9424	0	0	0	0	9424	0.01	0.5	0.954436059793621	0.0564623957275737	median implied SD=0.954, dispersion=0.056, n=9424	effect_scale_validation.R:v1
GCST90203626	GCST90203626	passed	""	source	""	0.987713333481883	estimated_from_source_maf	5023	5023	0	0	0	0	5023	0.01	0.5	0.987713333481883	0.0533707112227156	median implied SD=0.988, dispersion=0.053, n=5023	effect_scale_validation.R:v1
GCST90203627	GCST90203627	passed	""	source	""	0.999174722523519	estimated_from_source_maf	9323	9323	0	0	0	0	9323	0.01	0.5	0.999174722523519	0.0541942442501576	median implied SD=0.999, dispersion=0.054, n=9323	effect_scale_validation.R:v1
GCST90203628	GCST90203628	passed	""	source	""	0.962286005241924	estimated_from_source_maf	9526	9526	0	0	0	0	9526	0.01	0.5	0.962286005241924	0.0529685023536004	median implied SD=0.962, dispersion=0.053, n=9526	effect_scale_validation.R:v1
GCST90203629	GCST90203629	passed	""	source	""	0.987152854474337	estimated_from_source_maf	9099	9099	0	0	0	0	9099	0.01	0.5	0.987152854474337	0.0528106454952228	median implied SD=0.987, dispersion=0.053, n=9099	effect_scale_validation.R:v1
GCST90203630	GCST90203630	passed	""	source	""	0.942087511564138	estimated_from_source_maf	8674	8674	0	0	0	0	8674	0.01	0.5	0.942087511564138	0.0643810065120802	median implied SD=0.942, dispersion=0.064, n=8674	effect_scale_validation.R:v1
GCST90203631	GCST90203631	passed	""	source	""	0.964706560549528	estimated_from_source_maf	4990	4990	0	0	0	0	4990	0.01	0.5	0.964706560549528	0.0541596778944512	median implied SD=0.965, dispersion=0.054, n=4990	effect_scale_validation.R:v1
GCST90203632	GCST90203632	passed	""	source	""	0.852528589984655	estimated_from_source_maf	5233	5233	0	0	0	0	5233	0.01	0.5	0.852528589984655	0.0600517224681176	median implied SD=0.853, dispersion=0.060, n=5233	effect_scale_validation.R:v1
GCST90203633	GCST90203633	passed	""	source	""	0.875003563988696	estimated_from_source_maf	5025	5025	0	0	0	0	5025	0.01	0.5	0.875003563988696	0.0528650065097824	median implied SD=0.875, dispersion=0.053, n=5025	effect_scale_validation.R:v1
GCST90203634	GCST90203634	passed	""	source	""	0.995860116971473	estimated_from_source_maf	7894	7894	0	0	0	0	7894	0.01	0.5	0.995860116971473	0.0523351939738728	median implied SD=0.996, dispersion=0.052, n=7894	effect_scale_validation.R:v1
GCST90203635	GCST90203635	passed	""	source	""	0.891089107766311	estimated_from_source_maf	5010	5010	0	0	0	0	5010	0.01	0.5	0.891089107766311	0.0551696492011721	median implied SD=0.891, dispersion=0.055, n=5010	effect_scale_validation.R:v1
GCST90203636	GCST90203636	passed	""	source	""	0.956467045349294	estimated_from_source_maf	10763	10763	0	0	0	0	10763	0.01	0.5	0.956467045349294	0.0536129685060063	median implied SD=0.956, dispersion=0.054, n=10763	effect_scale_validation.R:v1
GCST90203637	GCST90203637	passed	""	source	""	0.874043646025866	estimated_from_source_maf	5245	5245	0	0	0	0	5245	0.01	0.5	0.874043646025866	0.0551225589725889	median implied SD=0.874, dispersion=0.055, n=5245	effect_scale_validation.R:v1
GCST90203638	GCST90203638	passed	""	source	""	0.851673312305434	estimated_from_source_maf	4990	4990	0	0	0	0	4990	0.01	0.5	0.851673312305434	0.0530751144980016	median implied SD=0.852, dispersion=0.053, n=4990	effect_scale_validation.R:v1
GCST90203639	GCST90203639	passed	""	source	""	0.95615076031969	estimated_from_source_maf	9680	9680	0	0	0	0	9680	0.01	0.5	0.95615076031969	0.0479196266628537	median implied SD=0.956, dispersion=0.048, n=9680	effect_scale_validation.R:v1
GCST90203640	GCST90203640	passed	""	source	""	0.985662738776848	estimated_from_source_maf	9161	9161	0	0	0	0	9161	0.01	0.5	0.985662738776848	0.0551980062244165	median implied SD=0.986, dispersion=0.055, n=9161	effect_scale_validation.R:v1
GCST90203641	GCST90203641	passed	""	source	""	0.997096953717294	estimated_from_source_maf	7675	7675	0	0	0	0	7675	0.01	0.5	0.997096953717294	0.0529043990566845	median implied SD=0.997, dispersion=0.053, n=7675	effect_scale_validation.R:v1
GCST90203642	GCST90203642	passed	""	source	""	1.00381402421499	estimated_from_source_maf	5195	5195	0	0	0	0	5195	0.01	0.5	1.00381402421499	0.057752668774002	median implied SD=1.004, dispersion=0.058, n=5195	effect_scale_validation.R:v1
GCST90203643	GCST90203643	passed	""	source	""	1.00669991146206	estimated_from_source_maf	5102	5102	0	0	0	0	5102	0.01	0.5	1.00669991146206	0.0533102415952819	median implied SD=1.007, dispersion=0.053, n=5102	effect_scale_validation.R:v1
GCST90203644	GCST90203644	passed	""	source	""	1.01446405527775	estimated_from_source_maf	8357	8357	0	0	0	0	8357	0.01	0.5	1.01446405527775	0.0492710802094743	median implied SD=1.014, dispersion=0.049, n=8357	effect_scale_validation.R:v1
GCST90203645	GCST90203645	passed	""	source	""	1.00727575740045	estimated_from_source_maf	5196	5196	0	0	0	0	5196	0.01	0.5	1.00727575740045	0.0556332728694223	median implied SD=1.007, dispersion=0.056, n=5196	effect_scale_validation.R:v1
GCST90203646	GCST90203646	passed	""	source	""	0.964362744434863	estimated_from_source_maf	5064	5064	0	0	0	0	5064	0.01	0.5	0.964362744434863	0.0528166213472683	median implied SD=0.964, dispersion=0.053, n=5064	effect_scale_validation.R:v1
GCST90203647	GCST90203647	passed	""	source	""	0.987259103038509	estimated_from_source_maf	8195	8195	0	0	0	0	8195	0.01	0.5	0.987259103038509	0.0573080645890513	median implied SD=0.987, dispersion=0.057, n=8195	effect_scale_validation.R:v1
GCST90203648	GCST90203648	passed	""	source	""	0.95932732305197	estimated_from_source_maf	5123	5123	0	0	0	0	5123	0.01	0.5	0.95932732305197	0.053849434432418	median implied SD=0.959, dispersion=0.054, n=5123	effect_scale_validation.R:v1
GCST90203649	GCST90203649	passed	""	source	""	0.913946638271449	estimated_from_source_maf	5142	5142	0	0	0	0	5142	0.01	0.5	0.913946638271449	0.0541682640861295	median implied SD=0.914, dispersion=0.054, n=5142	effect_scale_validation.R:v1
GCST90203650	GCST90203650	passed	""	source	""	0.922905757870944	estimated_from_source_maf	7681	7681	0	0	0	5	7676	0.01	0.5	0.922905757870944	0.0748875764158317	median implied SD=0.923, dispersion=0.075, n=7676	effect_scale_validation.R:v1
GCST90203651	GCST90203651	passed	""	source	""	0.964513096604695	estimated_from_source_maf	7723	7723	0	0	0	0	7723	0.01	0.5	0.964513096604695	0.0559180349916992	median implied SD=0.965, dispersion=0.056, n=7723	effect_scale_validation.R:v1
GCST90203652	GCST90203652	passed	""	source	""	0.976581600801783	estimated_from_source_maf	5022	5022	0	0	0	0	5022	0.01	0.5	0.976581600801783	0.0521857266801664	median implied SD=0.977, dispersion=0.052, n=5022	effect_scale_validation.R:v1
GCST90203653	GCST90203653	passed	""	source	""	0.992233078064459	estimated_from_source_maf	5099	5099	0	0	0	0	5099	0.01	0.5	0.992233078064459	0.0533516251330929	median implied SD=0.992, dispersion=0.053, n=5099	effect_scale_validation.R:v1
GCST90203654	GCST90203654	passed	""	source	""	0.962528201448787	estimated_from_source_maf	5307	5307	0	0	0	0	5307	0.01	0.5	0.962528201448787	0.0671217405857476	median implied SD=0.963, dispersion=0.067, n=5307	effect_scale_validation.R:v1
GCST90203655	GCST90203655	passed	""	source	""	1.00223274003079	estimated_from_source_maf	11879	11879	0	0	0	0	11879	0.01	0.5	1.00223274003079	0.0519493383351072	median implied SD=1.002, dispersion=0.052, n=11879	effect_scale_validation.R:v1
GCST90203656	GCST90203656	passed	""	source	""	0.968041273170159	estimated_from_source_maf	7518	7518	0	0	0	0	7518	0.01	0.5	0.968041273170159	0.056371969299985	median implied SD=0.968, dispersion=0.056, n=7518	effect_scale_validation.R:v1
GCST90203657	GCST90203657	passed	""	source	""	1.00084111589728	estimated_from_source_maf	5156	5156	0	0	0	0	5156	0.01	0.5	1.00084111589728	0.0695958279950254	median implied SD=1.001, dispersion=0.070, n=5156	effect_scale_validation.R:v1
GCST90203658	GCST90203658	passed	""	source	""	0.993403203227827	estimated_from_source_maf	9176	9176	0	0	0	0	9176	0.01	0.5	0.993403203227827	0.0499337443295522	median implied SD=0.993, dispersion=0.050, n=9176	effect_scale_validation.R:v1
GCST90203659	GCST90203659	passed	""	source	""	0.983909516307478	estimated_from_source_maf	9331	9331	0	0	0	0	9331	0.01	0.5	0.983909516307478	0.0530539732860868	median implied SD=0.984, dispersion=0.053, n=9331	effect_scale_validation.R:v1
GCST90203660	GCST90203660	passed	""	source	""	0.976572896913142	estimated_from_source_maf	15215	15215	0	0	0	0	15215	0.01	0.5	0.976572896913142	0.0572609715016252	median implied SD=0.977, dispersion=0.057, n=15215	effect_scale_validation.R:v1
GCST90203661	GCST90203661	passed	""	source	""	0.974173277550902	estimated_from_source_maf	5011	5011	0	0	0	0	5011	0.01	0.5	0.974173277550902	0.0525112256263938	median implied SD=0.974, dispersion=0.053, n=5011	effect_scale_validation.R:v1
GCST90203662	GCST90203662	passed	""	source	""	0.835609812095136	estimated_from_source_maf	8719	8719	0	0	0	2	8717	0.01	0.5	0.835609812095136	0.0659720135560547	median implied SD=0.836, dispersion=0.066, n=8717	effect_scale_validation.R:v1
GCST90203663	GCST90203663	passed	""	source	""	0.978758710458079	estimated_from_source_maf	8529	8529	0	0	0	0	8529	0.01	0.5	0.978758710458079	0.0398281885135481	median implied SD=0.979, dispersion=0.040, n=8529	effect_scale_validation.R:v1
GCST90203664	GCST90203664	passed	""	source	""	0.998442220102026	estimated_from_source_maf	4941	4941	0	0	0	0	4941	0.01	0.5	0.998442220102026	0.0648723829265278	median implied SD=0.998, dispersion=0.065, n=4941	effect_scale_validation.R:v1
GCST90203665	GCST90203665	passed	""	source	""	0.972210487252509	estimated_from_source_maf	5244	5244	0	0	0	0	5244	0.01	0.5	0.972210487252509	0.0578723062455229	median implied SD=0.972, dispersion=0.058, n=5244	effect_scale_validation.R:v1
GCST90203666	GCST90203666	passed	""	source	""	0.972427428651465	estimated_from_source_maf	4923	4923	0	0	0	0	4923	0.01	0.5	0.972427428651465	0.0657609430762745	median implied SD=0.972, dispersion=0.066, n=4923	effect_scale_validation.R:v1
GCST90203667	GCST90203667	passed	""	source	""	0.91705670323584	estimated_from_source_maf	5023	5023	0	0	0	0	5023	0.01	0.5	0.91705670323584	0.0523273559962725	median implied SD=0.917, dispersion=0.052, n=5023	effect_scale_validation.R:v1
GCST90203668	GCST90203668	passed	""	source	""	0.974907813680588	estimated_from_source_maf	9918	9918	0	0	0	0	9918	0.01	0.5	0.974907813680588	0.0557844242074768	median implied SD=0.975, dispersion=0.056, n=9918	effect_scale_validation.R:v1
GCST90203669	GCST90203669	passed	""	source	""	0.942713526432663	estimated_from_source_maf	8562	8562	0	0	0	0	8562	0.01	0.5	0.942713526432663	0.0462707409351557	median implied SD=0.943, dispersion=0.046, n=8562	effect_scale_validation.R:v1
GCST90203670	GCST90203670	passed	""	source	""	0.988062125728777	estimated_from_source_maf	5102	5102	0	0	0	0	5102	0.01	0.5	0.988062125728777	0.0538289828507697	median implied SD=0.988, dispersion=0.054, n=5102	effect_scale_validation.R:v1
GCST90203671	GCST90203671	passed	""	source	""	0.958190606002709	estimated_from_source_maf	5121	5121	0	0	0	0	5121	0.01	0.5	0.958190606002709	0.0569982311351892	median implied SD=0.958, dispersion=0.057, n=5121	effect_scale_validation.R:v1
GCST90203672	GCST90203672	passed	""	source	""	0.91549581996109	estimated_from_source_maf	13427	13427	0	0	0	0	13427	0.01	0.5	0.91549581996109	0.0476370100537011	median implied SD=0.915, dispersion=0.048, n=13427	effect_scale_validation.R:v1
GCST90203673	GCST90203673	passed	""	source	""	0.885835381378445	estimated_from_source_maf	5025	5025	0	0	0	0	5025	0.01	0.5	0.885835381378445	0.0533106329569262	median implied SD=0.886, dispersion=0.053, n=5025	effect_scale_validation.R:v1
GCST90203674	GCST90203674	passed	""	source	""	0.950142674482822	estimated_from_source_maf	5126	5126	0	0	0	0	5126	0.01	0.5	0.950142674482822	0.0575828149232591	median implied SD=0.950, dispersion=0.058, n=5126	effect_scale_validation.R:v1
GCST90203675	GCST90203675	passed	""	source	""	0.928635382139308	estimated_from_source_maf	5086	5086	0	0	0	0	5086	0.01	0.5	0.928635382139308	0.0560135134315983	median implied SD=0.929, dispersion=0.056, n=5086	effect_scale_validation.R:v1
GCST90203676	GCST90203676	passed	""	source	""	0.94567737049384	estimated_from_source_maf	5029	5029	0	0	0	0	5029	0.01	0.5	0.94567737049384	0.0570376322589917	median implied SD=0.946, dispersion=0.057, n=5029	effect_scale_validation.R:v1
GCST90203677	GCST90203677	passed	""	source	""	0.975705545196209	estimated_from_source_maf	7529	7529	0	0	0	0	7529	0.01	0.5	0.975705545196209	0.0517343567078615	median implied SD=0.976, dispersion=0.052, n=7529	effect_scale_validation.R:v1
GCST90203678	GCST90203678	passed	""	source	""	0.981808784310951	estimated_from_source_maf	8375	8375	0	0	0	0	8375	0.01	0.5	0.981808784310951	0.0527673803359791	median implied SD=0.982, dispersion=0.053, n=8375	effect_scale_validation.R:v1
GCST90203679	GCST90203679	passed	""	source	""	0.980091110267541	estimated_from_source_maf	5090	5090	0	0	0	0	5090	0.01	0.5	0.980091110267541	0.0536034967393178	median implied SD=0.980, dispersion=0.054, n=5090	effect_scale_validation.R:v1
GCST90203680	GCST90203680	passed	""	source	""	1.0052502684905	estimated_from_source_maf	8402	8402	0	0	0	0	8402	0.01	0.5	1.0052502684905	0.0540527195160249	median implied SD=1.005, dispersion=0.054, n=8402	effect_scale_validation.R:v1
GCST90203681	GCST90203681	passed	""	source	""	0.974900324038384	estimated_from_source_maf	8752	8752	0	0	0	0	8752	0.01	0.5	0.974900324038384	0.0545493317615868	median implied SD=0.975, dispersion=0.055, n=8752	effect_scale_validation.R:v1
GCST90203682	GCST90203682	passed	""	source	""	1.00648421502895	estimated_from_source_maf	8615	8615	0	0	0	0	8615	0.01	0.5	1.00648421502895	0.0505315503066681	median implied SD=1.006, dispersion=0.051, n=8615	effect_scale_validation.R:v1
GCST90203683	GCST90203683	passed	""	source	""	0.979948755654589	estimated_from_source_maf	7887	7887	0	0	0	0	7887	0.01	0.5	0.979948755654589	0.0598774828126054	median implied SD=0.980, dispersion=0.060, n=7887	effect_scale_validation.R:v1
GCST90203684	GCST90203684	passed	""	source	""	0.905972586825823	estimated_from_source_maf	5086	5086	0	0	0	0	5086	0.01	0.5	0.905972586825823	0.0533731365812193	median implied SD=0.906, dispersion=0.053, n=5086	effect_scale_validation.R:v1
GCST90203685	GCST90203685	passed	""	source	""	0.893693459201822	estimated_from_source_maf	5035	5035	0	0	0	0	5035	0.01	0.5	0.893693459201822	0.0538871412226115	median implied SD=0.894, dispersion=0.054, n=5035	effect_scale_validation.R:v1
GCST90203686	GCST90203686	passed	""	source	""	0.95683825138685	estimated_from_source_maf	7872	7872	0	0	0	0	7872	0.01	0.5	0.95683825138685	0.0560206470927059	median implied SD=0.957, dispersion=0.056, n=7872	effect_scale_validation.R:v1
GCST90203687	GCST90203687	passed	""	source	""	1.017501614467	estimated_from_source_maf	10714	10714	0	0	0	0	10714	0.01	0.5	1.017501614467	0.0482106081302494	median implied SD=1.018, dispersion=0.048, n=10714	effect_scale_validation.R:v1
GCST90203688	GCST90203688	passed	""	source	""	0.922491046940199	estimated_from_source_maf	4983	4983	0	0	0	0	4983	0.01	0.5	0.922491046940199	0.052541318090024	median implied SD=0.922, dispersion=0.053, n=4983	effect_scale_validation.R:v1
GCST90203689	GCST90203689	passed	""	source	""	0.948779359989852	estimated_from_source_maf	5027	5027	0	0	0	0	5027	0.01	0.5	0.948779359989852	0.0523247560288871	median implied SD=0.949, dispersion=0.052, n=5027	effect_scale_validation.R:v1
GCST90203690	GCST90203690	passed	""	source	""	0.968524253465399	estimated_from_source_maf	8565	8565	0	0	0	0	8565	0.01	0.5	0.968524253465399	0.0558946390405101	median implied SD=0.969, dispersion=0.056, n=8565	effect_scale_validation.R:v1
GCST90203691	GCST90203691	passed	""	source	""	0.984633378707704	estimated_from_source_maf	5010	5010	0	0	0	0	5010	0.01	0.5	0.984633378707704	0.0524551366848211	median implied SD=0.985, dispersion=0.052, n=5010	effect_scale_validation.R:v1
GCST90203692	GCST90203692	passed	""	source	""	0.986366004546163	estimated_from_source_maf	4989	4989	0	0	0	0	4989	0.01	0.5	0.986366004546163	0.0549405662898485	median implied SD=0.986, dispersion=0.055, n=4989	effect_scale_validation.R:v1
GCST90203693	GCST90203693	passed	""	source	""	0.991153453809635	estimated_from_source_maf	5020	5020	0	0	0	0	5020	0.01	0.5	0.991153453809635	0.0533118842519811	median implied SD=0.991, dispersion=0.053, n=5020	effect_scale_validation.R:v1
GCST90203694	GCST90203694	passed	""	source	""	0.945707724638453	estimated_from_source_maf	12360	12360	0	0	0	0	12360	0.01	0.5	0.945707724638453	0.0549938229622992	median implied SD=0.946, dispersion=0.055, n=12360	effect_scale_validation.R:v1
GCST90203695	GCST90203695	passed	""	source	""	0.984744831209659	estimated_from_source_maf	4987	4987	0	0	0	0	4987	0.01	0.5	0.984744831209659	0.0528163110173554	median implied SD=0.985, dispersion=0.053, n=4987	effect_scale_validation.R:v1
GCST90203696	GCST90203696	passed	""	source	""	0.967986496498061	estimated_from_source_maf	19507	19507	0	0	0	0	19507	0.01	0.5	0.967986496498061	0.0541824138084861	median implied SD=0.968, dispersion=0.054, n=19507	effect_scale_validation.R:v1
GCST90203697	GCST90203697	passed	""	source	""	0.932054997833756	estimated_from_source_maf	14673	14673	0	0	0	0	14673	0.01	0.5	0.932054997833756	0.0562376868193477	median implied SD=0.932, dispersion=0.056, n=14673	effect_scale_validation.R:v1
GCST90203698	GCST90203698	passed	""	source	""	0.946874165525988	estimated_from_source_maf	5006	5006	0	0	0	0	5006	0.01	0.5	0.946874165525988	0.0632301850983626	median implied SD=0.947, dispersion=0.063, n=5006	effect_scale_validation.R:v1
GCST90203699	GCST90203699	passed	""	source	""	0.992913636700555	estimated_from_source_maf	5210	5210	0	0	0	0	5210	0.01	0.5	0.992913636700555	0.0544620102789153	median implied SD=0.993, dispersion=0.054, n=5210	effect_scale_validation.R:v1
GCST90203700	GCST90203700	passed	""	source	""	0.952223604337394	estimated_from_source_maf	9037	9037	0	0	0	0	9037	0.01	0.5	0.952223604337394	0.0561380384838947	median implied SD=0.952, dispersion=0.056, n=9037	effect_scale_validation.R:v1
GCST90203701	GCST90203701	passed	""	source	""	0.990996827654027	estimated_from_source_maf	4983	4983	0	0	0	0	4983	0.01	0.5	0.990996827654027	0.0528682306271007	median implied SD=0.991, dispersion=0.053, n=4983	effect_scale_validation.R:v1
GCST90203702	GCST90203702	passed	""	source	""	0.978879213036231	estimated_from_source_maf	8819	8819	0	0	0	0	8819	0.01	0.5	0.978879213036231	0.0532396491876385	median implied SD=0.979, dispersion=0.053, n=8819	effect_scale_validation.R:v1
GCST90203703	GCST90203703	passed	""	source	""	0.970108144765316	estimated_from_source_maf	4990	4990	0	0	0	0	4990	0.01	0.5	0.970108144765316	0.0529597045423543	median implied SD=0.970, dispersion=0.053, n=4990	effect_scale_validation.R:v1
GCST90203704	GCST90203704	passed	""	source	""	0.964111993306714	estimated_from_source_maf	12176	12176	0	0	0	0	12176	0.01	0.5	0.964111993306714	0.0508107464728665	median implied SD=0.964, dispersion=0.051, n=12176	effect_scale_validation.R:v1
GCST90203705	GCST90203705	passed	""	source	""	0.945428302087257	estimated_from_source_maf	12675	12675	0	0	0	0	12675	0.01	0.5	0.945428302087257	0.0551883325403968	median implied SD=0.945, dispersion=0.055, n=12675	effect_scale_validation.R:v1
GCST90203706	GCST90203706	passed	""	source	""	0.94908602986743	estimated_from_source_maf	12806	12806	0	0	0	0	12806	0.01	0.5	0.94908602986743	0.055440272058477	median implied SD=0.949, dispersion=0.055, n=12806	effect_scale_validation.R:v1
GCST90203707	GCST90203707	passed	""	source	""	0.983440603233092	estimated_from_source_maf	4996	4996	0	0	0	0	4996	0.01	0.5	0.983440603233092	0.0529178352883563	median implied SD=0.983, dispersion=0.053, n=4996	effect_scale_validation.R:v1
GCST90203708	GCST90203708	passed	""	source	""	0.959405568366248	estimated_from_source_maf	14404	14404	0	0	0	0	14404	0.01	0.5	0.959405568366248	0.0505316262101237	median implied SD=0.959, dispersion=0.051, n=14404	effect_scale_validation.R:v1
GCST90203709	GCST90203709	passed	""	source	""	0.967073299687854	estimated_from_source_maf	4995	4995	0	0	0	0	4995	0.01	0.5	0.967073299687854	0.0532515392367373	median implied SD=0.967, dispersion=0.053, n=4995	effect_scale_validation.R:v1
GCST90203710	GCST90203710	passed	""	source	""	0.967269778870153	estimated_from_source_maf	4998	4998	0	0	0	0	4998	0.01	0.5	0.967269778870153	0.0533122572395349	median implied SD=0.967, dispersion=0.053, n=4998	effect_scale_validation.R:v1
GCST90203711	GCST90203711	passed	""	source	""	0.940019720385521	estimated_from_source_maf	8338	8338	0	0	0	0	8338	0.01	0.5	0.940019720385521	0.0505736524045436	median implied SD=0.940, dispersion=0.051, n=8338	effect_scale_validation.R:v1
GCST90203712	GCST90203712	passed	""	source	""	0.959876921190955	estimated_from_source_maf	9013	9013	0	0	0	0	9013	0.01	0.5	0.959876921190955	0.0532732232926306	median implied SD=0.960, dispersion=0.053, n=9013	effect_scale_validation.R:v1
GCST90203713	GCST90203713	passed	""	source	""	0.966840777100107	estimated_from_source_maf	5057	5057	0	0	0	0	5057	0.01	0.5	0.966840777100107	0.0540482001223939	median implied SD=0.967, dispersion=0.054, n=5057	effect_scale_validation.R:v1
GCST90203714	GCST90203714	passed	""	source	""	0.966144189112303	estimated_from_source_maf	5013	5013	0	0	0	0	5013	0.01	0.5	0.966144189112303	0.052419586074671	median implied SD=0.966, dispersion=0.052, n=5013	effect_scale_validation.R:v1
GCST90203715	GCST90203715	passed	""	source	""	0.94509072974827	estimated_from_source_maf	8301	8301	0	0	0	0	8301	0.01	0.5	0.94509072974827	0.0510463420470195	median implied SD=0.945, dispersion=0.051, n=8301	effect_scale_validation.R:v1
GCST90203716	GCST90203716	passed	""	source	""	0.934962665636121	estimated_from_source_maf	4995	4995	0	0	0	0	4995	0.01	0.5	0.934962665636121	0.0527772060796983	median implied SD=0.935, dispersion=0.053, n=4995	effect_scale_validation.R:v1
GCST90203717	GCST90203717	passed	""	source	""	0.978523422446145	estimated_from_source_maf	7511	7511	0	0	0	0	7511	0.01	0.5	0.978523422446145	0.0512007444665025	median implied SD=0.979, dispersion=0.051, n=7511	effect_scale_validation.R:v1
GCST90203718	GCST90203718	passed	""	source	""	0.960129711534797	estimated_from_source_maf	5023	5023	0	0	0	0	5023	0.01	0.5	0.960129711534797	0.0531082154819439	median implied SD=0.960, dispersion=0.053, n=5023	effect_scale_validation.R:v1
GCST90203719	GCST90203719	passed	""	source	""	0.916272374048093	estimated_from_source_maf	5051	5051	0	0	0	0	5051	0.01	0.5	0.916272374048093	0.0536579718156207	median implied SD=0.916, dispersion=0.054, n=5051	effect_scale_validation.R:v1
GCST90203720	GCST90203720	passed	""	source	""	0.97794456278357	estimated_from_source_maf	5055	5055	0	0	0	0	5055	0.01	0.5	0.97794456278357	0.058214281546245	median implied SD=0.978, dispersion=0.058, n=5055	effect_scale_validation.R:v1
GCST90203721	GCST90203721	passed	""	source	""	0.991707740194406	estimated_from_source_maf	4991	4991	0	0	0	0	4991	0.01	0.5	0.991707740194406	0.0528784756024481	median implied SD=0.992, dispersion=0.053, n=4991	effect_scale_validation.R:v1
GCST90203722	GCST90203722	passed	""	source	""	0.94070497726454	estimated_from_source_maf	8286	8286	0	0	0	0	8286	0.01	0.5	0.94070497726454	0.0540730109187273	median implied SD=0.941, dispersion=0.054, n=8286	effect_scale_validation.R:v1
GCST90203723	GCST90203723	passed	""	source	""	0.931684160035387	estimated_from_source_maf	5057	5057	0	0	0	0	5057	0.01	0.5	0.931684160035387	0.0533628727654509	median implied SD=0.932, dispersion=0.053, n=5057	effect_scale_validation.R:v1
GCST90203724	GCST90203724	passed	""	source	""	0.974875345123675	estimated_from_source_maf	11125	11125	0	0	0	0	11125	0.01	0.5	0.974875345123675	0.0573511699086012	median implied SD=0.975, dispersion=0.057, n=11125	effect_scale_validation.R:v1
GCST90203725	GCST90203725	passed	""	source	""	0.945388170824834	estimated_from_source_maf	11035	11035	0	0	0	0	11035	0.01	0.5	0.945388170824834	0.0516980600828378	median implied SD=0.945, dispersion=0.052, n=11035	effect_scale_validation.R:v1
GCST90203726	GCST90203726	passed	""	source	""	1.01617404761919	estimated_from_source_maf	5139	5139	0	0	0	0	5139	0.01	0.5	1.01617404761919	0.053963233367257	median implied SD=1.016, dispersion=0.054, n=5139	effect_scale_validation.R:v1
GCST90203727	GCST90203727	passed	""	source	""	0.966540201920801	estimated_from_source_maf	4993	4993	0	0	0	0	4993	0.01	0.5	0.966540201920801	0.0527493410389653	median implied SD=0.967, dispersion=0.053, n=4993	effect_scale_validation.R:v1
GCST90203728	GCST90203728	passed	""	source	""	0.968080019820475	estimated_from_source_maf	5074	5074	0	0	0	0	5074	0.01	0.5	0.968080019820475	0.0537779399866672	median implied SD=0.968, dispersion=0.054, n=5074	effect_scale_validation.R:v1
GCST90203729	GCST90203729	passed	""	source	""	0.959215576254758	estimated_from_source_maf	8806	8806	0	0	0	0	8806	0.01	0.5	0.959215576254758	0.0526895397719306	median implied SD=0.959, dispersion=0.053, n=8806	effect_scale_validation.R:v1
GCST90203730	GCST90203730	passed	""	source	""	1.01468166817934	estimated_from_source_maf	5060	5060	0	0	0	0	5060	0.01	0.5	1.01468166817934	0.0536420041130892	median implied SD=1.015, dispersion=0.054, n=5060	effect_scale_validation.R:v1
GCST90203731	GCST90203731	passed	""	source	""	0.95614828459624	estimated_from_source_maf	7586	7586	0	0	0	0	7586	0.01	0.5	0.95614828459624	0.0496094543266417	median implied SD=0.956, dispersion=0.050, n=7586	effect_scale_validation.R:v1
GCST90203732	GCST90203732	passed	""	source	""	0.995294379536292	estimated_from_source_maf	4989	4989	0	0	0	0	4989	0.01	0.5	0.995294379536292	0.0530843449283784	median implied SD=0.995, dispersion=0.053, n=4989	effect_scale_validation.R:v1
GCST90203733	GCST90203733	passed	""	source	""	0.971428473663209	estimated_from_source_maf	4992	4992	0	0	0	0	4992	0.01	0.5	0.971428473663209	0.0527393486996339	median implied SD=0.971, dispersion=0.053, n=4992	effect_scale_validation.R:v1
GCST90203734	GCST90203734	passed	""	source	""	0.992494761044634	estimated_from_source_maf	5018	5018	0	0	0	0	5018	0.01	0.5	0.992494761044634	0.0531693706152298	median implied SD=0.992, dispersion=0.053, n=5018	effect_scale_validation.R:v1
GCST90203735	GCST90203735	passed	""	source	""	1.00983848192428	estimated_from_source_maf	11686	11686	0	0	0	0	11686	0.01	0.5	1.00983848192428	0.0562629982088185	median implied SD=1.010, dispersion=0.056, n=11686	effect_scale_validation.R:v1
GCST90203736	GCST90203736	passed	""	source	""	0.981185128481285	estimated_from_source_maf	4992	4992	0	0	0	0	4992	0.01	0.5	0.981185128481285	0.0528580375120155	median implied SD=0.981, dispersion=0.053, n=4992	effect_scale_validation.R:v1
GCST90203737	GCST90203737	passed	""	source	""	0.933759858435682	estimated_from_source_maf	8678	8678	0	0	0	0	8678	0.01	0.5	0.933759858435682	0.0559614567777475	median implied SD=0.934, dispersion=0.056, n=8678	effect_scale_validation.R:v1
GCST90203738	GCST90203738	passed	""	source	""	0.897180794227931	estimated_from_source_maf	8277	8277	0	0	0	0	8277	0.01	0.5	0.897180794227931	0.0545957362262255	median implied SD=0.897, dispersion=0.055, n=8277	effect_scale_validation.R:v1
GCST90203739	GCST90203739	passed	""	source	""	0.971737335853159	estimated_from_source_maf	5031	5031	0	0	0	0	5031	0.01	0.5	0.971737335853159	0.0530551544466752	median implied SD=0.972, dispersion=0.053, n=5031	effect_scale_validation.R:v1
GCST90203740	GCST90203740	passed	""	source	""	1.02507689108119	estimated_from_source_maf	7374	7374	0	0	0	0	7374	0.01	0.5	1.02507689108119	0.0468219680394362	median implied SD=1.025, dispersion=0.047, n=7374	effect_scale_validation.R:v1
GCST90203741	GCST90203741	passed	""	source	""	0.917938841142981	estimated_from_source_maf	5052	5052	0	0	0	0	5052	0.01	0.5	0.917938841142981	0.0535018684402497	median implied SD=0.918, dispersion=0.054, n=5052	effect_scale_validation.R:v1
GCST90203742	GCST90203742	passed	""	source	""	0.977594780242178	estimated_from_source_maf	5045	5045	0	0	0	0	5045	0.01	0.5	0.977594780242178	0.0528098884205664	median implied SD=0.978, dispersion=0.053, n=5045	effect_scale_validation.R:v1
GCST90203743	GCST90203743	passed	""	source	""	0.995182142081707	estimated_from_source_maf	8618	8618	0	0	0	0	8618	0.01	0.5	0.995182142081707	0.0531777090782723	median implied SD=0.995, dispersion=0.053, n=8618	effect_scale_validation.R:v1
GCST90203744	GCST90203744	passed	""	source	""	0.995739750649163	estimated_from_source_maf	5147	5147	0	0	0	0	5147	0.01	0.5	0.995739750649163	0.0543591987952981	median implied SD=0.996, dispersion=0.054, n=5147	effect_scale_validation.R:v1
GCST90203745	GCST90203745	passed	""	source	""	1.00265785414818	estimated_from_source_maf	8559	8559	0	0	0	0	8559	0.01	0.5	1.00265785414818	0.0633942714807875	median implied SD=1.003, dispersion=0.063, n=8559	effect_scale_validation.R:v1
GCST90203746	GCST90203746	passed	""	source	""	0.968163276199659	estimated_from_source_maf	5056	5056	0	0	0	0	5056	0.01	0.5	0.968163276199659	0.0535480516877594	median implied SD=0.968, dispersion=0.054, n=5056	effect_scale_validation.R:v1
GCST90203747	GCST90203747	passed	""	source	""	0.946713935859661	estimated_from_source_maf	9852	9852	0	0	0	0	9852	0.01	0.5	0.946713935859661	0.0577186220414069	median implied SD=0.947, dispersion=0.058, n=9852	effect_scale_validation.R:v1
GCST90203748	GCST90203748	passed	""	source	""	0.996114632677312	estimated_from_source_maf	5059	5059	0	0	0	0	5059	0.01	0.5	0.996114632677312	0.0533703857538391	median implied SD=0.996, dispersion=0.053, n=5059	effect_scale_validation.R:v1
GCST90203749	GCST90203749	passed	""	source	""	0.949506233099876	estimated_from_source_maf	5218	5218	0	0	0	0	5218	0.01	0.5	0.949506233099876	0.0598277832353605	median implied SD=0.950, dispersion=0.060, n=5218	effect_scale_validation.R:v1
GCST90203750	GCST90203750	passed	""	source	""	0.931803202061611	estimated_from_source_maf	4990	4990	0	0	0	0	4990	0.01	0.5	0.931803202061611	0.0523643717898698	median implied SD=0.932, dispersion=0.052, n=4990	effect_scale_validation.R:v1
GCST90203751	GCST90203751	passed	""	source	""	0.856623357539602	estimated_from_source_maf	5043	5043	0	0	0	0	5043	0.01	0.5	0.856623357539602	0.053205977682973	median implied SD=0.857, dispersion=0.053, n=5043	effect_scale_validation.R:v1
GCST90203752	GCST90203752	passed	""	source	""	0.979576071723436	estimated_from_source_maf	9527	9527	0	0	0	0	9527	0.01	0.5	0.979576071723436	0.049738276875145	median implied SD=0.980, dispersion=0.050, n=9527	effect_scale_validation.R:v1
GCST90203753	GCST90203753	passed	""	source	""	0.941130954306748	estimated_from_source_maf	7620	7620	0	0	0	0	7620	0.01	0.5	0.941130954306748	0.0519411760180036	median implied SD=0.941, dispersion=0.052, n=7620	effect_scale_validation.R:v1
GCST90203754	GCST90203754	passed	""	source	""	0.942557485215636	estimated_from_source_maf	8961	8961	0	0	0	0	8961	0.01	0.5	0.942557485215636	0.0520500351339185	median implied SD=0.943, dispersion=0.052, n=8961	effect_scale_validation.R:v1
GCST90203755	GCST90203755	passed	""	source	""	0.988445257693641	estimated_from_source_maf	5013	5013	0	0	0	0	5013	0.01	0.5	0.988445257693641	0.0531012203898856	median implied SD=0.988, dispersion=0.053, n=5013	effect_scale_validation.R:v1
GCST90203756	GCST90203756	passed	""	source	""	0.911380710505415	estimated_from_source_maf	5058	5058	0	0	0	0	5058	0.01	0.5	0.911380710505415	0.0539328925868727	median implied SD=0.911, dispersion=0.054, n=5058	effect_scale_validation.R:v1
GCST90203757	GCST90203757	passed	""	source	""	0.968614154621809	estimated_from_source_maf	5009	5009	0	0	0	0	5009	0.01	0.5	0.968614154621809	0.0530970263359744	median implied SD=0.969, dispersion=0.053, n=5009	effect_scale_validation.R:v1
GCST90203758	GCST90203758	passed	""	source	""	0.979909221257898	estimated_from_source_maf	5037	5037	0	0	0	0	5037	0.01	0.5	0.979909221257898	0.0532802128426535	median implied SD=0.980, dispersion=0.053, n=5037	effect_scale_validation.R:v1
GCST90203759	GCST90203759	passed	""	source	""	0.967334186498066	estimated_from_source_maf	5258	5258	0	0	0	0	5258	0.01	0.5	0.967334186498066	0.064830564825868	median implied SD=0.967, dispersion=0.065, n=5258	effect_scale_validation.R:v1
GCST90203760	GCST90203760	passed	""	source	""	0.937910265026222	estimated_from_source_maf	5054	5054	0	0	0	0	5054	0.01	0.5	0.937910265026222	0.0533671063412153	median implied SD=0.938, dispersion=0.053, n=5054	effect_scale_validation.R:v1
GCST90203761	GCST90203761	passed	""	source	""	0.961083242403009	estimated_from_source_maf	8214	8214	0	0	0	0	8214	0.01	0.5	0.961083242403009	0.0478996773639831	median implied SD=0.961, dispersion=0.048, n=8214	effect_scale_validation.R:v1
GCST90203762	GCST90203762	passed	""	source	""	0.986555601879359	estimated_from_source_maf	5004	5004	0	0	0	0	5004	0.01	0.5	0.986555601879359	0.0521098673432351	median implied SD=0.987, dispersion=0.052, n=5004	effect_scale_validation.R:v1
GCST90203763	GCST90203763	passed	""	source	""	1.00498746254727	estimated_from_source_maf	5110	5110	0	0	0	0	5110	0.01	0.5	1.00498746254727	0.0536073311979685	median implied SD=1.005, dispersion=0.054, n=5110	effect_scale_validation.R:v1
GCST90203764	GCST90203764	passed	""	source	""	0.975130586764275	estimated_from_source_maf	5130	5130	0	0	0	0	5130	0.01	0.5	0.975130586764275	0.053629723949662	median implied SD=0.975, dispersion=0.054, n=5130	effect_scale_validation.R:v1
GCST90203765	GCST90203765	passed	""	source	""	0.991790897818011	estimated_from_source_maf	9950	9950	0	0	0	0	9950	0.01	0.5	0.991790897818011	0.0535346483397536	median implied SD=0.992, dispersion=0.054, n=9950	effect_scale_validation.R:v1
GCST90203766	GCST90203766	passed	""	source	""	0.957687900878879	estimated_from_source_maf	5014	5014	0	0	0	0	5014	0.01	0.5	0.957687900878879	0.0527020455639138	median implied SD=0.958, dispersion=0.053, n=5014	effect_scale_validation.R:v1
GCST90203767	GCST90203767	passed	""	source	""	1.00435113208154	estimated_from_source_maf	5020	5020	0	0	0	0	5020	0.01	0.5	1.00435113208154	0.0534993323111398	median implied SD=1.004, dispersion=0.053, n=5020	effect_scale_validation.R:v1
GCST90203768	GCST90203768	passed	""	source	""	0.996158693814826	estimated_from_source_maf	5036	5036	0	0	0	0	5036	0.01	0.5	0.996158693814826	0.0535816022788692	median implied SD=0.996, dispersion=0.054, n=5036	effect_scale_validation.R:v1
GCST90203769	GCST90203769	passed	""	source	""	0.979271294603607	estimated_from_source_maf	5040	5040	0	0	0	0	5040	0.01	0.5	0.979271294603607	0.0534892810901436	median implied SD=0.979, dispersion=0.053, n=5040	effect_scale_validation.R:v1
GCST90203770	GCST90203770	passed	""	source	""	0.984004026430904	estimated_from_source_maf	8459	8459	0	0	0	0	8459	0.01	0.5	0.984004026430904	0.0498013677640316	median implied SD=0.984, dispersion=0.050, n=8459	effect_scale_validation.R:v1
GCST90203771	GCST90203771	passed	""	source	""	0.987053317648544	estimated_from_source_maf	4989	4989	0	0	0	0	4989	0.01	0.5	0.987053317648544	0.0532216986973199	median implied SD=0.987, dispersion=0.053, n=4989	effect_scale_validation.R:v1
GCST90203772	GCST90203772	passed	""	source	""	0.94768083590062	estimated_from_source_maf	9498	9498	0	0	0	0	9498	0.01	0.5	0.94768083590062	0.0560889115036523	median implied SD=0.948, dispersion=0.056, n=9498	effect_scale_validation.R:v1
GCST90203773	GCST90203773	passed	""	source	""	0.956570369304674	estimated_from_source_maf	8565	8565	0	0	0	0	8565	0.01	0.5	0.956570369304674	0.0695683245616555	median implied SD=0.957, dispersion=0.070, n=8565	effect_scale_validation.R:v1
GCST90203774	GCST90203774	passed	""	source	""	0.963338478666276	estimated_from_source_maf	8848	8848	0	0	0	0	8848	0.01	0.5	0.963338478666276	0.0567770571677367	median implied SD=0.963, dispersion=0.057, n=8848	effect_scale_validation.R:v1
GCST90203775	GCST90203775	passed	""	source	""	1.00079515747947	estimated_from_source_maf	8136	8136	0	0	0	0	8136	0.01	0.5	1.00079515747947	0.0507448147643809	median implied SD=1.001, dispersion=0.051, n=8136	effect_scale_validation.R:v1
GCST90203776	GCST90203776	passed	""	source	""	0.91789091710963	estimated_from_source_maf	8746	8746	0	0	0	0	8746	0.01	0.5	0.91789091710963	0.0538890239885916	median implied SD=0.918, dispersion=0.054, n=8746	effect_scale_validation.R:v1
GCST90203777	GCST90203777	passed	""	source	""	0.930835189249043	estimated_from_source_maf	5180	5180	0	0	0	0	5180	0.01	0.5	0.930835189249043	0.053399552972737	median implied SD=0.931, dispersion=0.053, n=5180	effect_scale_validation.R:v1
GCST90203778	GCST90203778	passed	""	source	""	0.95096943134768	estimated_from_source_maf	5029	5029	0	0	0	0	5029	0.01	0.5	0.95096943134768	0.0529205477924722	median implied SD=0.951, dispersion=0.053, n=5029	effect_scale_validation.R:v1
GCST90203779	GCST90203779	passed	""	source	""	0.954274176478227	estimated_from_source_maf	5007	5007	0	0	0	0	5007	0.01	0.5	0.954274176478227	0.0528988643224646	median implied SD=0.954, dispersion=0.053, n=5007	effect_scale_validation.R:v1
GCST90203780	GCST90203780	passed	""	source	""	0.921308670261831	estimated_from_source_maf	5023	5023	0	0	0	0	5023	0.01	0.5	0.921308670261831	0.0531057554602316	median implied SD=0.921, dispersion=0.053, n=5023	effect_scale_validation.R:v1
GCST90203781	GCST90203781	passed	""	source	""	0.980734871145015	estimated_from_source_maf	8936	8936	0	0	0	0	8936	0.01	0.5	0.980734871145015	0.0563470432980777	median implied SD=0.981, dispersion=0.056, n=8936	effect_scale_validation.R:v1
GCST90203782	GCST90203782	passed	""	source	""	0.963840661757003	estimated_from_source_maf	4989	4989	0	0	0	0	4989	0.01	0.5	0.963840661757003	0.0517694804341916	median implied SD=0.964, dispersion=0.052, n=4989	effect_scale_validation.R:v1
GCST90203783	GCST90203783	passed	""	source	""	0.884081384324161	estimated_from_source_maf	8088	8088	0	0	0	0	8088	0.01	0.5	0.884081384324161	0.0548503513002572	median implied SD=0.884, dispersion=0.055, n=8088	effect_scale_validation.R:v1
GCST90203784	GCST90203784	passed	""	source	""	0.95017009314829	estimated_from_source_maf	10123	10123	0	0	0	0	10123	0.01	0.5	0.95017009314829	0.0500820319292411	median implied SD=0.950, dispersion=0.050, n=10123	effect_scale_validation.R:v1
GCST90203785	GCST90203785	passed	""	source	""	0.960783006748623	estimated_from_source_maf	5210	5210	0	0	0	0	5210	0.01	0.5	0.960783006748623	0.0610432776470613	median implied SD=0.961, dispersion=0.061, n=5210	effect_scale_validation.R:v1
GCST90203786	GCST90203786	passed	""	source	""	0.986650423563071	estimated_from_source_maf	8891	8891	0	0	0	0	8891	0.01	0.5	0.986650423563071	0.0514816214104119	median implied SD=0.987, dispersion=0.051, n=8891	effect_scale_validation.R:v1
GCST90203787	GCST90203787	passed	""	source	""	1.00284137724016	estimated_from_source_maf	7850	7850	0	0	0	0	7850	0.01	0.5	1.00284137724016	0.0554282440253205	median implied SD=1.003, dispersion=0.055, n=7850	effect_scale_validation.R:v1
GCST90203788	GCST90203788	passed	""	source	""	0.94466025149668	estimated_from_source_maf	5012	5012	0	0	0	0	5012	0.01	0.5	0.94466025149668	0.0530309903383013	median implied SD=0.945, dispersion=0.053, n=5012	effect_scale_validation.R:v1
GCST90203789	GCST90203789	passed	""	source	""	0.938917673848219	estimated_from_source_maf	5171	5171	0	0	0	0	5171	0.01	0.5	0.938917673848219	0.0543539062145571	median implied SD=0.939, dispersion=0.054, n=5171	effect_scale_validation.R:v1
GCST90203790	GCST90203790	passed	""	source	""	0.925851697951484	estimated_from_source_maf	4997	4997	0	0	0	0	4997	0.01	0.5	0.925851697951484	0.0524564140286191	median implied SD=0.926, dispersion=0.052, n=4997	effect_scale_validation.R:v1
GCST90203791	GCST90203791	passed	""	source	""	0.939451678887917	estimated_from_source_maf	9336	9336	0	0	0	0	9336	0.01	0.5	0.939451678887917	0.0542449077553623	median implied SD=0.939, dispersion=0.054, n=9336	effect_scale_validation.R:v1
GCST90203792	GCST90203792	passed	""	source	""	0.959731105417897	estimated_from_source_maf	8157	8157	0	0	0	0	8157	0.01	0.5	0.959731105417897	0.0551323321466527	median implied SD=0.960, dispersion=0.055, n=8157	effect_scale_validation.R:v1
GCST90203793	GCST90203793	passed	""	source	""	0.956506462141145	estimated_from_source_maf	4953	4953	0	0	0	0	4953	0.01	0.5	0.956506462141145	0.0542743319263409	median implied SD=0.957, dispersion=0.054, n=4953	effect_scale_validation.R:v1
GCST90203794	GCST90203794	passed	""	source	""	1.00272693070885	estimated_from_source_maf	4988	4988	0	0	0	0	4988	0.01	0.5	1.00272693070885	0.0526704705137656	median implied SD=1.003, dispersion=0.053, n=4988	effect_scale_validation.R:v1
GCST90203795	GCST90203795	passed	""	source	""	0.955105713159631	estimated_from_source_maf	12814	12814	0	0	0	0	12814	0.01	0.5	0.955105713159631	0.0581050304553457	median implied SD=0.955, dispersion=0.058, n=12814	effect_scale_validation.R:v1
GCST90203796	GCST90203796	passed	""	source	""	0.950281234295664	estimated_from_source_maf	8813	8813	0	0	0	0	8813	0.01	0.5	0.950281234295664	0.0522702769998489	median implied SD=0.950, dispersion=0.052, n=8813	effect_scale_validation.R:v1
GCST90203797	GCST90203797	passed	""	source	""	0.993186218103001	estimated_from_source_maf	4991	4991	0	0	0	0	4991	0.01	0.5	0.993186218103001	0.0532910266079064	median implied SD=0.993, dispersion=0.053, n=4991	effect_scale_validation.R:v1
GCST90203798	GCST90203798	passed	""	source	""	0.951753751396897	estimated_from_source_maf	4984	4984	0	0	0	0	4984	0.01	0.5	0.951753751396897	0.0529181271962996	median implied SD=0.952, dispersion=0.053, n=4984	effect_scale_validation.R:v1
GCST90203799	GCST90203799	passed	""	source	""	0.93278457833828	estimated_from_source_maf	5004	5004	0	0	0	0	5004	0.01	0.5	0.93278457833828	0.0529215200759314	median implied SD=0.933, dispersion=0.053, n=5004	effect_scale_validation.R:v1
GCST90203800	GCST90203800	passed	""	source	""	0.998905524555408	estimated_from_source_maf	8961	8961	0	0	0	0	8961	0.01	0.5	0.998905524555408	0.0555327239954062	median implied SD=0.999, dispersion=0.056, n=8961	effect_scale_validation.R:v1
GCST90203801	GCST90203801	passed	""	source	""	0.932945363249585	estimated_from_source_maf	5129	5129	0	0	0	0	5129	0.01	0.5	0.932945363249585	0.0602311248367199	median implied SD=0.933, dispersion=0.060, n=5129	effect_scale_validation.R:v1
GCST90203802	GCST90203802	passed	""	source	""	0.973317494507787	estimated_from_source_maf	4990	4990	0	0	0	0	4990	0.01	0.5	0.973317494507787	0.0535189765068494	median implied SD=0.973, dispersion=0.054, n=4990	effect_scale_validation.R:v1
GCST90203803	GCST90203803	passed	""	source	""	0.95215069661605	estimated_from_source_maf	5066	5066	0	0	0	0	5066	0.01	0.5	0.95215069661605	0.053071554432455	median implied SD=0.952, dispersion=0.053, n=5066	effect_scale_validation.R:v1
GCST90203804	GCST90203804	passed	""	source	""	0.966107789733762	estimated_from_source_maf	13125	13125	0	0	0	0	13125	0.01	0.5	0.966107789733762	0.0560323453284193	median implied SD=0.966, dispersion=0.056, n=13125	effect_scale_validation.R:v1
GCST90203805	GCST90203805	passed	""	source	""	0.974869897251324	estimated_from_source_maf	4990	4990	0	0	0	0	4990	0.01	0.5	0.974869897251324	0.0530289799963084	median implied SD=0.975, dispersion=0.053, n=4990	effect_scale_validation.R:v1
GCST90203806	GCST90203806	passed	""	source	""	0.98699767958482	estimated_from_source_maf	8593	8593	0	0	0	0	8593	0.01	0.5	0.98699767958482	0.0524071798249438	median implied SD=0.987, dispersion=0.052, n=8593	effect_scale_validation.R:v1
GCST90203807	GCST90203807	passed	""	source	""	0.878491535909793	estimated_from_source_maf	5126	5126	0	0	0	0	5126	0.01	0.5	0.878491535909793	0.0540210043133675	median implied SD=0.878, dispersion=0.054, n=5126	effect_scale_validation.R:v1
GCST90203808	GCST90203808	passed	""	source	""	0.967599405384274	estimated_from_source_maf	5063	5063	0	0	0	0	5063	0.01	0.5	0.967599405384274	0.0540582338085541	median implied SD=0.968, dispersion=0.054, n=5063	effect_scale_validation.R:v1
GCST90203809	GCST90203809	passed	""	source	""	0.965305004920512	estimated_from_source_maf	13083	13083	0	0	0	0	13083	0.01	0.5	0.965305004920512	0.0602072509378172	median implied SD=0.965, dispersion=0.060, n=13083	effect_scale_validation.R:v1
GCST90203810	GCST90203810	passed	""	source	""	1.00188812322738	estimated_from_source_maf	4995	4995	0	0	0	0	4995	0.01	0.5	1.00188812322738	0.0527459819207044	median implied SD=1.002, dispersion=0.053, n=4995	effect_scale_validation.R:v1
GCST90203811	GCST90203811	passed	""	source	""	0.996127186621023	estimated_from_source_maf	8859	8859	0	0	0	0	8859	0.01	0.5	0.996127186621023	0.0534077252248109	median implied SD=0.996, dispersion=0.053, n=8859	effect_scale_validation.R:v1
GCST90203812	GCST90203812	passed	""	source	""	0.966836237886177	estimated_from_source_maf	12578	12578	0	0	0	0	12578	0.01	0.5	0.966836237886177	0.0520001872893891	median implied SD=0.967, dispersion=0.052, n=12578	effect_scale_validation.R:v1
GCST90203813	GCST90203813	passed	""	source	""	0.9252154497165	estimated_from_source_maf	9036	9036	0	0	0	0	9036	0.01	0.5	0.9252154497165	0.070602893182239	median implied SD=0.925, dispersion=0.071, n=9036	effect_scale_validation.R:v1
GCST90203814	GCST90203814	passed	""	source	""	0.972832927466203	estimated_from_source_maf	7228	7228	0	0	0	0	7228	0.01	0.5	0.972832927466203	0.0540904793160924	median implied SD=0.973, dispersion=0.054, n=7228	effect_scale_validation.R:v1
GCST90203815	GCST90203815	passed	""	source	""	0.986281641378489	estimated_from_source_maf	8035	8035	0	0	0	0	8035	0.01	0.5	0.986281641378489	0.0523619168415897	median implied SD=0.986, dispersion=0.052, n=8035	effect_scale_validation.R:v1
GCST90203816	GCST90203816	passed	""	source	""	0.911511328178958	estimated_from_source_maf	5036	5036	0	0	0	0	5036	0.01	0.5	0.911511328178958	0.0535077396269465	median implied SD=0.912, dispersion=0.054, n=5036	effect_scale_validation.R:v1
GCST90203817	GCST90203817	passed	""	source	""	0.968907643795508	estimated_from_source_maf	4988	4988	0	0	0	0	4988	0.01	0.5	0.968907643795508	0.0523273075972564	median implied SD=0.969, dispersion=0.052, n=4988	effect_scale_validation.R:v1
GCST90203818	GCST90203818	passed	""	source	""	0.946743508350398	estimated_from_source_maf	5020	5020	0	0	0	0	5020	0.01	0.5	0.946743508350398	0.0526425097602706	median implied SD=0.947, dispersion=0.053, n=5020	effect_scale_validation.R:v1
GCST90203819	GCST90203819	passed	""	source	""	0.954838053837564	estimated_from_source_maf	4990	4990	0	0	0	0	4990	0.01	0.5	0.954838053837564	0.0523657184671374	median implied SD=0.955, dispersion=0.052, n=4990	effect_scale_validation.R:v1
GCST90203820	GCST90203820	passed	""	source	""	0.981280624859331	estimated_from_source_maf	4985	4985	0	0	0	0	4985	0.01	0.5	0.981280624859331	0.0524646588503654	median implied SD=0.981, dispersion=0.052, n=4985	effect_scale_validation.R:v1
GCST90203821	GCST90203821	passed	""	source	""	0.992053102399301	estimated_from_source_maf	5017	5017	0	0	0	0	5017	0.01	0.5	0.992053102399301	0.0526878428395297	median implied SD=0.992, dispersion=0.053, n=5017	effect_scale_validation.R:v1
GCST90203822	GCST90203822	passed	""	source	""	0.941180604796547	estimated_from_source_maf	5018	5018	0	0	0	0	5018	0.01	0.5	0.941180604796547	0.0530101126351117	median implied SD=0.941, dispersion=0.053, n=5018	effect_scale_validation.R:v1
GCST90203823	GCST90203823	passed	""	source	""	0.94509268010699	estimated_from_source_maf	10306	10306	0	0	0	0	10306	0.01	0.5	0.94509268010699	0.0535005221624487	median implied SD=0.945, dispersion=0.054, n=10306	effect_scale_validation.R:v1
GCST90203824	GCST90203824	passed	""	source	""	0.959555916147939	estimated_from_source_maf	8273	8273	0	0	0	0	8273	0.01	0.5	0.959555916147939	0.0549604242408592	median implied SD=0.960, dispersion=0.055, n=8273	effect_scale_validation.R:v1
GCST90203825	GCST90203825	passed	""	source	""	1.00274819927579	estimated_from_source_maf	5079	5079	0	0	0	0	5079	0.01	0.5	1.00274819927579	0.0539554927062001	median implied SD=1.003, dispersion=0.054, n=5079	effect_scale_validation.R:v1
GCST90203826	GCST90203826	passed	""	source	""	0.922318035236114	estimated_from_source_maf	8525	8525	0	0	0	0	8525	0.01	0.5	0.922318035236114	0.0582107521606685	median implied SD=0.922, dispersion=0.058, n=8525	effect_scale_validation.R:v1
GCST90203827	GCST90203827	passed	""	source	""	0.978781790808136	estimated_from_source_maf	5026	5026	0	0	0	0	5026	0.01	0.5	0.978781790808136	0.053113533301742	median implied SD=0.979, dispersion=0.053, n=5026	effect_scale_validation.R:v1
GCST90203828	GCST90203828	passed	""	source	""	0.982531404722604	estimated_from_source_maf	15388	15388	0	0	0	0	15388	0.01	0.5	0.982531404722604	0.0565473456677476	median implied SD=0.983, dispersion=0.057, n=15388	effect_scale_validation.R:v1
GCST90203829	GCST90203829	passed	""	source	""	0.992851470898595	estimated_from_source_maf	5023	5023	0	0	0	0	5023	0.01	0.5	0.992851470898595	0.0529674258987078	median implied SD=0.993, dispersion=0.053, n=5023	effect_scale_validation.R:v1
GCST90203830	GCST90203830	passed	""	source	""	0.995055229879292	estimated_from_source_maf	5008	5008	0	0	0	0	5008	0.01	0.5	0.995055229879292	0.0526970605724526	median implied SD=0.995, dispersion=0.053, n=5008	effect_scale_validation.R:v1
GCST90203831	GCST90203831	passed	""	source	""	0.969500706023218	estimated_from_source_maf	4988	4988	0	0	0	0	4988	0.01	0.5	0.969500706023218	0.0525048848083874	median implied SD=0.970, dispersion=0.053, n=4988	effect_scale_validation.R:v1
GCST90203832	GCST90203832	passed	""	source	""	0.958313922117276	estimated_from_source_maf	4991	4991	0	0	0	0	4991	0.01	0.5	0.958313922117276	0.0526279798477033	median implied SD=0.958, dispersion=0.053, n=4991	effect_scale_validation.R:v1
GCST90203833	GCST90203833	passed	""	source	""	0.948992372134345	estimated_from_source_maf	4985	4985	0	0	0	0	4985	0.01	0.5	0.948992372134345	0.0529788117836716	median implied SD=0.949, dispersion=0.053, n=4985	effect_scale_validation.R:v1
GCST90203834	GCST90203834	passed	""	source	""	0.967587338828449	estimated_from_source_maf	7669	7669	0	0	0	0	7669	0.01	0.5	0.967587338828449	0.0549368331876426	median implied SD=0.968, dispersion=0.055, n=7669	effect_scale_validation.R:v1
GCST90203835	GCST90203835	passed	""	source	""	0.957588105463925	estimated_from_source_maf	5073	5073	0	0	0	0	5073	0.01	0.5	0.957588105463925	0.0538254343961011	median implied SD=0.958, dispersion=0.054, n=5073	effect_scale_validation.R:v1
GCST90203836	GCST90203836	passed	""	source	""	0.983060442462733	estimated_from_source_maf	5034	5034	0	0	0	0	5034	0.01	0.5	0.983060442462733	0.0535822489529383	median implied SD=0.983, dispersion=0.054, n=5034	effect_scale_validation.R:v1
GCST90203837	GCST90203837	passed	""	source	""	0.99834881606201	estimated_from_source_maf	5204	5204	0	0	0	0	5204	0.01	0.5	0.99834881606201	0.0561329793641074	median implied SD=0.998, dispersion=0.056, n=5204	effect_scale_validation.R:v1
GCST90203838	GCST90203838	passed	""	source	""	0.964096539770939	estimated_from_source_maf	4993	4993	0	0	0	0	4993	0.01	0.5	0.964096539770939	0.0528958522979649	median implied SD=0.964, dispersion=0.053, n=4993	effect_scale_validation.R:v1
GCST90203839	GCST90203839	passed	""	source	""	0.985750640181842	estimated_from_source_maf	8274	8274	0	0	0	0	8274	0.01	0.5	0.985750640181842	0.0506797442330297	median implied SD=0.986, dispersion=0.051, n=8274	effect_scale_validation.R:v1
GCST90203840	GCST90203840	passed	""	source	""	0.990317211394847	estimated_from_source_maf	5019	5019	0	0	0	0	5019	0.01	0.5	0.990317211394847	0.0530031211776807	median implied SD=0.990, dispersion=0.053, n=5019	effect_scale_validation.R:v1
GCST90203841	GCST90203841	passed	""	source	""	1.00623134250371	estimated_from_source_maf	8397	8397	0	0	0	0	8397	0.01	0.5	1.00623134250371	0.0478382029188708	median implied SD=1.006, dispersion=0.048, n=8397	effect_scale_validation.R:v1
GCST90203842	GCST90203842	passed	""	source	""	0.912127027993906	estimated_from_source_maf	8028	8028	0	0	0	0	8028	0.01	0.5	0.912127027993906	0.0549975252684962	median implied SD=0.912, dispersion=0.055, n=8028	effect_scale_validation.R:v1
GCST90203843	GCST90203843	passed	""	source	""	0.933283014523091	estimated_from_source_maf	4995	4995	0	0	0	0	4995	0.01	0.5	0.933283014523091	0.0524267760835181	median implied SD=0.933, dispersion=0.052, n=4995	effect_scale_validation.R:v1
GCST90203844	GCST90203844	passed	""	source	""	0.894661072232304	estimated_from_source_maf	4981	4981	0	0	0	0	4981	0.01	0.5	0.894661072232304	0.0532173017076265	median implied SD=0.895, dispersion=0.053, n=4981	effect_scale_validation.R:v1
GCST90203845	GCST90203845	passed	""	source	""	1.00903408784872	estimated_from_source_maf	5022	5022	0	0	0	0	5022	0.01	0.5	1.00903408784872	0.0529949519702824	median implied SD=1.009, dispersion=0.053, n=5022	effect_scale_validation.R:v1
GCST90203846	GCST90203846	passed	""	source	""	0.98246172556016	estimated_from_source_maf	7789	7789	0	0	0	0	7789	0.01	0.5	0.98246172556016	0.0523867286193231	median implied SD=0.982, dispersion=0.052, n=7789	effect_scale_validation.R:v1
GCST90203847	GCST90203847	passed	""	source	""	0.958317942330822	estimated_from_source_maf	5011	5011	0	0	0	0	5011	0.01	0.5	0.958317942330822	0.0531780038299986	median implied SD=0.958, dispersion=0.053, n=5011	effect_scale_validation.R:v1
GCST90203848	GCST90203848	passed	""	source	""	1.01338370155547	estimated_from_source_maf	7722	7722	0	0	0	0	7722	0.01	0.5	1.01338370155547	0.0490503599974583	median implied SD=1.013, dispersion=0.049, n=7722	effect_scale_validation.R:v1
GCST90203849	GCST90203849	passed	""	source	""	0.97641933657202	estimated_from_source_maf	5037	5037	0	0	0	0	5037	0.01	0.5	0.97641933657202	0.0532546650773889	median implied SD=0.976, dispersion=0.053, n=5037	effect_scale_validation.R:v1
GCST90203850	GCST90203850	passed	""	source	""	0.993074512105538	estimated_from_source_maf	5059	5059	0	0	0	0	5059	0.01	0.5	0.993074512105538	0.053413508989919	median implied SD=0.993, dispersion=0.053, n=5059	effect_scale_validation.R:v1
GCST90203851	GCST90203851	passed	""	source	""	0.909488073733115	estimated_from_source_maf	5043	5043	0	0	0	0	5043	0.01	0.5	0.909488073733115	0.0528291314760176	median implied SD=0.909, dispersion=0.053, n=5043	effect_scale_validation.R:v1
GCST90203852	GCST90203852	passed	""	source	""	0.994723514677681	estimated_from_source_maf	5052	5052	0	0	0	0	5052	0.01	0.5	0.994723514677681	0.0536904806665281	median implied SD=0.995, dispersion=0.054, n=5052	effect_scale_validation.R:v1
GCST90203853	GCST90203853	passed	""	source	""	0.969445824797001	estimated_from_source_maf	11105	11105	0	0	0	0	11105	0.01	0.5	0.969445824797001	0.0554196319093088	median implied SD=0.969, dispersion=0.055, n=11105	effect_scale_validation.R:v1
GCST90203854	GCST90203854	passed	""	source	""	0.994809052145941	estimated_from_source_maf	5026	5026	0	0	0	0	5026	0.01	0.5	0.994809052145941	0.0526949064384528	median implied SD=0.995, dispersion=0.053, n=5026	effect_scale_validation.R:v1
GCST90203855	GCST90203855	passed	""	source	""	0.926527159781719	estimated_from_source_maf	8423	8423	0	0	0	0	8423	0.01	0.5	0.926527159781719	0.0567466218869157	median implied SD=0.927, dispersion=0.057, n=8423	effect_scale_validation.R:v1
GCST90203856	GCST90203856	passed	""	source	""	0.93478228052252	estimated_from_source_maf	5031	5031	0	0	0	0	5031	0.01	0.5	0.93478228052252	0.0535478336813337	median implied SD=0.935, dispersion=0.054, n=5031	effect_scale_validation.R:v1
GCST90203857	GCST90203857	passed	""	source	""	0.961756705788931	estimated_from_source_maf	4986	4986	0	0	0	0	4986	0.01	0.5	0.961756705788931	0.0526166907271681	median implied SD=0.962, dispersion=0.053, n=4986	effect_scale_validation.R:v1
GCST90203858	GCST90203858	passed	""	source	""	0.910592406837433	estimated_from_source_maf	11784	11784	0	0	0	0	11784	0.01	0.5	0.910592406837433	0.0556418704046075	median implied SD=0.911, dispersion=0.056, n=11784	effect_scale_validation.R:v1
GCST90203859	GCST90203859	passed	""	source	""	0.973728155958247	estimated_from_source_maf	33703	33703	0	0	0	0	33703	0.01	0.5	0.973728155958247	0.053540066856127	median implied SD=0.974, dispersion=0.054, n=33703	effect_scale_validation.R:v1
GCST90203860	GCST90203860	passed	""	source	""	0.978717676640778	estimated_from_source_maf	4989	4989	0	0	0	0	4989	0.01	0.5	0.978717676640778	0.0529001815644889	median implied SD=0.979, dispersion=0.053, n=4989	effect_scale_validation.R:v1
GCST90203861	GCST90203861	passed	""	source	""	0.935273875893529	estimated_from_source_maf	4988	4988	0	0	0	0	4988	0.01	0.5	0.935273875893529	0.0530235970942243	median implied SD=0.935, dispersion=0.053, n=4988	effect_scale_validation.R:v1
GCST90203862	GCST90203862	passed	""	source	""	0.927423421467179	estimated_from_source_maf	5121	5121	0	0	0	0	5121	0.01	0.5	0.927423421467179	0.0524831123001406	median implied SD=0.927, dispersion=0.052, n=5121	effect_scale_validation.R:v1
GCST90203863	GCST90203863	passed	""	source	""	1.01327183820586	estimated_from_source_maf	5054	5054	0	0	0	0	5054	0.01	0.5	1.01327183820586	0.0528030191965733	median implied SD=1.013, dispersion=0.053, n=5054	effect_scale_validation.R:v1
GCST90203864	GCST90203864	passed	""	source	""	0.959211600953298	estimated_from_source_maf	8271	8271	0	0	0	0	8271	0.01	0.5	0.959211600953298	0.0546933861358108	median implied SD=0.959, dispersion=0.055, n=8271	effect_scale_validation.R:v1
GCST90203865	GCST90203865	passed	""	source	""	0.971310480675234	estimated_from_source_maf	10518	10518	0	0	0	1	10517	0.01	0.5	0.971310480675234	0.0602696372113588	median implied SD=0.971, dispersion=0.060, n=10517	effect_scale_validation.R:v1
GCST90203866	GCST90203866	passed	""	source	""	0.962339189089169	estimated_from_source_maf	8231	8231	0	0	0	0	8231	0.01	0.5	0.962339189089169	0.0499854393585686	median implied SD=0.962, dispersion=0.050, n=8231	effect_scale_validation.R:v1
GCST90203867	GCST90203867	passed	""	source	""	0.924725445395063	estimated_from_source_maf	5188	5188	0	0	0	0	5188	0.01	0.5	0.924725445395063	0.061952949117096	median implied SD=0.925, dispersion=0.062, n=5188	effect_scale_validation.R:v1
GCST90203868	GCST90203868	passed	""	source	""	0.988451604431435	estimated_from_source_maf	5035	5035	0	0	0	0	5035	0.01	0.5	0.988451604431435	0.0532572617052817	median implied SD=0.988, dispersion=0.053, n=5035	effect_scale_validation.R:v1
GCST90203869	GCST90203869	passed	""	source	""	0.981910184822653	estimated_from_source_maf	5229	5229	0	0	0	0	5229	0.01	0.5	0.981910184822653	0.0551334641494592	median implied SD=0.982, dispersion=0.055, n=5229	effect_scale_validation.R:v1
GCST90203870	GCST90203870	passed	""	source	""	0.986523416859509	estimated_from_source_maf	4988	4988	0	0	0	0	4988	0.01	0.5	0.986523416859509	0.0525296346815421	median implied SD=0.987, dispersion=0.053, n=4988	effect_scale_validation.R:v1
GCST90203871	GCST90203871	passed	""	source	""	0.956930237641714	estimated_from_source_maf	9199	9199	0	0	0	0	9199	0.01	0.5	0.956930237641714	0.0534168603727228	median implied SD=0.957, dispersion=0.053, n=9199	effect_scale_validation.R:v1
GCST90203872	GCST90203872	passed	""	source	""	1.02059207970902	estimated_from_source_maf	5035	5035	0	0	0	0	5035	0.01	0.5	1.02059207970902	0.0581117074046733	median implied SD=1.021, dispersion=0.058, n=5035	effect_scale_validation.R:v1
GCST90203873	GCST90203873	passed	""	source	""	0.963884838061241	estimated_from_source_maf	5260	5260	0	0	0	0	5260	0.01	0.5	0.963884838061241	0.0569187682392204	median implied SD=0.964, dispersion=0.057, n=5260	effect_scale_validation.R:v1
GCST90203874	GCST90203874	passed	""	source	""	0.971979613799445	estimated_from_source_maf	4987	4987	0	0	0	0	4987	0.01	0.5	0.971979613799445	0.0524095471205226	median implied SD=0.972, dispersion=0.052, n=4987	effect_scale_validation.R:v1
GCST90203875	GCST90203875	passed	""	source	""	0.995213529344753	estimated_from_source_maf	5010	5010	0	0	0	0	5010	0.01	0.5	0.995213529344753	0.0529189942661226	median implied SD=0.995, dispersion=0.053, n=5010	effect_scale_validation.R:v1
GCST90203876	GCST90203876	passed	""	source	""	0.979117612224272	estimated_from_source_maf	5018	5018	0	0	0	0	5018	0.01	0.5	0.979117612224272	0.0528234919380548	median implied SD=0.979, dispersion=0.053, n=5018	effect_scale_validation.R:v1
GCST90203877	GCST90203877	passed	""	source	""	0.933794327047063	estimated_from_source_maf	5103	5103	0	0	0	0	5103	0.01	0.5	0.933794327047063	0.0569364382682926	median implied SD=0.934, dispersion=0.057, n=5103	effect_scale_validation.R:v1
GCST90203878	GCST90203878	passed	""	source	""	1.0010269228308	estimated_from_source_maf	5031	5031	0	0	0	0	5031	0.01	0.5	1.0010269228308	0.0530625467817775	median implied SD=1.001, dispersion=0.053, n=5031	effect_scale_validation.R:v1
GCST90203879	GCST90203879	passed	""	source	""	0.984904724543808	estimated_from_source_maf	7425	7425	0	0	0	0	7425	0.01	0.5	0.984904724543808	0.0557033705816484	median implied SD=0.985, dispersion=0.056, n=7425	effect_scale_validation.R:v1
GCST90203880	GCST90203880	passed	""	source	""	0.977938084022908	estimated_from_source_maf	5028	5028	0	0	0	0	5028	0.01	0.5	0.977938084022908	0.0535964349934291	median implied SD=0.978, dispersion=0.054, n=5028	effect_scale_validation.R:v1
GCST90203881	GCST90203881	passed	""	source	""	0.985034993289389	estimated_from_source_maf	7971	7971	0	0	0	0	7971	0.01	0.5	0.985034993289389	0.0541772316731605	median implied SD=0.985, dispersion=0.054, n=7971	effect_scale_validation.R:v1
GCST90203882	GCST90203882	passed	""	source	""	0.950786030274977	estimated_from_source_maf	9881	9881	0	0	0	0	9881	0.01	0.5	0.950786030274977	0.0552914662518279	median implied SD=0.951, dispersion=0.055, n=9881	effect_scale_validation.R:v1
GCST90203883	GCST90203883	passed	""	source	""	0.996095552587244	estimated_from_source_maf	4994	4994	0	0	0	0	4994	0.01	0.5	0.996095552587244	0.0527836032652151	median implied SD=0.996, dispersion=0.053, n=4994	effect_scale_validation.R:v1
GCST90203884	GCST90203884	passed	""	source	""	0.913823278107755	estimated_from_source_maf	5140	5140	0	0	0	0	5140	0.01	0.5	0.913823278107755	0.0549856849574918	median implied SD=0.914, dispersion=0.055, n=5140	effect_scale_validation.R:v1
GCST90203885	GCST90203885	passed	""	source	""	0.883989656781573	estimated_from_source_maf	8451	8451	0	0	0	0	8451	0.01	0.5	0.883989656781573	0.0523093151160772	median implied SD=0.884, dispersion=0.052, n=8451	effect_scale_validation.R:v1
GCST90203886	GCST90203886	passed	""	source	""	0.994453192477481	estimated_from_source_maf	5013	5013	0	0	0	0	5013	0.01	0.5	0.994453192477481	0.0533477660181592	median implied SD=0.994, dispersion=0.053, n=5013	effect_scale_validation.R:v1
GCST90203887	GCST90203887	passed	""	source	""	0.967645944369538	estimated_from_source_maf	5177	5177	0	0	0	0	5177	0.01	0.5	0.967645944369538	0.0547974241718806	median implied SD=0.968, dispersion=0.055, n=5177	effect_scale_validation.R:v1
GCST90203888	GCST90203888	passed	""	source	""	0.98609052912372	estimated_from_source_maf	5008	5008	0	0	0	0	5008	0.01	0.5	0.98609052912372	0.0525824531329484	median implied SD=0.986, dispersion=0.053, n=5008	effect_scale_validation.R:v1
GCST90203889	GCST90203889	passed	""	source	""	0.983617148393974	estimated_from_source_maf	8480	8480	0	0	0	0	8480	0.01	0.5	0.983617148393974	0.0630886269911911	median implied SD=0.984, dispersion=0.063, n=8480	effect_scale_validation.R:v1
GCST90203890	GCST90203890	passed	""	source	""	0.964271580257512	estimated_from_source_maf	5259	5259	0	0	0	0	5259	0.01	0.5	0.964271580257512	0.0658755167972988	median implied SD=0.964, dispersion=0.066, n=5259	effect_scale_validation.R:v1
GCST90203891	GCST90203891	passed	""	source	""	0.955883750697477	estimated_from_source_maf	5235	5235	0	0	0	0	5235	0.01	0.5	0.955883750697477	0.0558265091602319	median implied SD=0.956, dispersion=0.056, n=5235	effect_scale_validation.R:v1
GCST90203892	GCST90203892	passed	""	source	""	0.93718625963226	estimated_from_source_maf	5137	5137	0	0	0	0	5137	0.01	0.5	0.93718625963226	0.0626963436637028	median implied SD=0.937, dispersion=0.063, n=5137	effect_scale_validation.R:v1
GCST90203893	GCST90203893	passed	""	source	""	0.949001428167968	estimated_from_source_maf	5199	5199	0	0	0	0	5199	0.01	0.5	0.949001428167968	0.0546439280567969	median implied SD=0.949, dispersion=0.055, n=5199	effect_scale_validation.R:v1
GCST90203894	GCST90203894	passed	""	source	""	0.975198319509418	estimated_from_source_maf	7990	7990	0	0	0	0	7990	0.01	0.5	0.975198319509418	0.055850043256656	median implied SD=0.975, dispersion=0.056, n=7990	effect_scale_validation.R:v1
GCST90203895	GCST90203895	passed	""	source	""	0.990241319337199	estimated_from_source_maf	5021	5021	0	0	0	0	5021	0.01	0.5	0.990241319337199	0.0529931756223301	median implied SD=0.990, dispersion=0.053, n=5021	effect_scale_validation.R:v1
GCST90203896	GCST90203896	passed	""	source	""	0.970450944304677	estimated_from_source_maf	5050	5050	0	0	0	0	5050	0.01	0.5	0.970450944304677	0.0583309840015535	median implied SD=0.970, dispersion=0.058, n=5050	effect_scale_validation.R:v1
GCST90203897	GCST90203897	passed	""	source	""	0.989140719101729	estimated_from_source_maf	7728	7728	0	0	0	0	7728	0.01	0.5	0.989140719101729	0.0611312952760016	median implied SD=0.989, dispersion=0.061, n=7728	effect_scale_validation.R:v1
GCST90203898	GCST90203898	passed	""	source	""	1.0021728759093	estimated_from_source_maf	8522	8522	0	0	0	0	8522	0.01	0.5	1.0021728759093	0.0492427464550235	median implied SD=1.002, dispersion=0.049, n=8522	effect_scale_validation.R:v1
GCST90203899	GCST90203899	passed	""	source	""	0.963982523498538	estimated_from_source_maf	5028	5028	0	0	0	0	5028	0.01	0.5	0.963982523498538	0.0525782042030577	median implied SD=0.964, dispersion=0.053, n=5028	effect_scale_validation.R:v1
GCST90203900	GCST90203900	passed	""	source	""	0.969322972801635	estimated_from_source_maf	4995	4995	0	0	0	0	4995	0.01	0.5	0.969322972801635	0.0621547833569847	median implied SD=0.969, dispersion=0.062, n=4995	effect_scale_validation.R:v1
GCST90203901	GCST90203901	passed	""	source	""	0.982716765828068	estimated_from_source_maf	5102	5102	0	0	0	0	5102	0.01	0.5	0.982716765828068	0.0606371042858287	median implied SD=0.983, dispersion=0.061, n=5102	effect_scale_validation.R:v1
GCST90203902	GCST90203902	passed	""	source	""	1.00132992073102	estimated_from_source_maf	7869	7869	0	0	0	0	7869	0.01	0.5	1.00132992073102	0.0548115421044479	median implied SD=1.001, dispersion=0.055, n=7869	effect_scale_validation.R:v1
GCST90203903	GCST90203903	passed	""	source	""	0.970111471030471	estimated_from_source_maf	4992	4992	0	0	0	0	4992	0.01	0.5	0.970111471030471	0.0523848980527315	median implied SD=0.970, dispersion=0.052, n=4992	effect_scale_validation.R:v1
GCST90203904	GCST90203904	passed	""	source	""	0.973050581440616	estimated_from_source_maf	5197	5197	0	0	0	0	5197	0.01	0.5	0.973050581440616	0.0548208487713281	median implied SD=0.973, dispersion=0.055, n=5197	effect_scale_validation.R:v1
GCST90203905	GCST90203905	passed	""	source	""	0.99449348185319	estimated_from_source_maf	5023	5023	0	0	0	0	5023	0.01	0.5	0.99449348185319	0.0545704510608773	median implied SD=0.994, dispersion=0.055, n=5023	effect_scale_validation.R:v1
GCST90203906	GCST90203906	passed	""	source	""	0.910109128816224	estimated_from_source_maf	5215	5215	0	0	0	0	5215	0.01	0.5	0.910109128816224	0.0601594517399964	median implied SD=0.910, dispersion=0.060, n=5215	effect_scale_validation.R:v1
GCST90203907	GCST90203907	passed	""	source	""	0.982906767618054	estimated_from_source_maf	5232	5232	0	0	0	0	5232	0.01	0.5	0.982906767618054	0.062091751123171	median implied SD=0.983, dispersion=0.062, n=5232	effect_scale_validation.R:v1
GCST90203908	GCST90203908	passed	""	source	""	0.974999108078639	estimated_from_source_maf	5120	5120	0	0	0	0	5120	0.01	0.5	0.974999108078639	0.0573843480831898	median implied SD=0.975, dispersion=0.057, n=5120	effect_scale_validation.R:v1
GCST90203909	GCST90203909	passed	""	source	""	0.973150728124601	estimated_from_source_maf	4947	4947	0	0	0	0	4947	0.01	0.5	0.973150728124601	0.060264359280531	median implied SD=0.973, dispersion=0.060, n=4947	effect_scale_validation.R:v1
GCST90203910	GCST90203910	passed	""	source	""	0.967560397569308	estimated_from_source_maf	13326	13326	0	0	0	0	13326	0.01	0.5	0.967560397569308	0.0610108158599472	median implied SD=0.968, dispersion=0.061, n=13326	effect_scale_validation.R:v1
GCST90203911	GCST90203911	passed	""	source	""	0.983631064219233	estimated_from_source_maf	5017	5017	0	0	0	0	5017	0.01	0.5	0.983631064219233	0.0564315158385031	median implied SD=0.984, dispersion=0.056, n=5017	effect_scale_validation.R:v1
GCST90203912	GCST90203912	passed	""	source	""	0.968232539269183	estimated_from_source_maf	5034	5034	0	0	0	0	5034	0.01	0.5	0.968232539269183	0.0527495483612775	median implied SD=0.968, dispersion=0.053, n=5034	effect_scale_validation.R:v1
GCST90203913	GCST90203913	passed	""	source	""	0.996014723857395	estimated_from_source_maf	5018	5018	0	0	0	0	5018	0.01	0.5	0.996014723857395	0.0527893515032027	median implied SD=0.996, dispersion=0.053, n=5018	effect_scale_validation.R:v1
GCST90203914	GCST90203914	passed	""	source	""	0.965312430882779	estimated_from_source_maf	4929	4929	0	0	0	0	4929	0.01	0.5	0.965312430882779	0.0583399261896055	median implied SD=0.965, dispersion=0.058, n=4929	effect_scale_validation.R:v1
GCST90203915	GCST90203915	passed	""	source	""	0.871950948807056	estimated_from_source_maf	5066	5066	0	0	0	0	5066	0.01	0.5	0.871950948807056	0.0561108304710747	median implied SD=0.872, dispersion=0.056, n=5066	effect_scale_validation.R:v1
GCST90203916	GCST90203916	passed	""	source	""	0.985544226488869	estimated_from_source_maf	4996	4996	0	0	0	0	4996	0.01	0.5	0.985544226488869	0.0532353600449952	median implied SD=0.986, dispersion=0.053, n=4996	effect_scale_validation.R:v1
GCST90203917	GCST90203917	passed	""	source	""	0.981717018993899	estimated_from_source_maf	11826	11826	0	0	0	0	11826	0.01	0.5	0.981717018993899	0.0590884172683045	median implied SD=0.982, dispersion=0.059, n=11826	effect_scale_validation.R:v1
GCST90203918	GCST90203918	passed	""	source	""	0.983851359238997	estimated_from_source_maf	5222	5222	0	0	0	0	5222	0.01	0.5	0.983851359238997	0.0571042412703128	median implied SD=0.984, dispersion=0.057, n=5222	effect_scale_validation.R:v1
GCST90203919	GCST90203919	passed	""	source	""	0.991572771864264	estimated_from_source_maf	8848	8848	0	0	0	0	8848	0.01	0.5	0.991572771864264	0.0491183621383881	median implied SD=0.992, dispersion=0.049, n=8848	effect_scale_validation.R:v1
GCST90203920	GCST90203920	passed	""	source	""	0.957797261674768	estimated_from_source_maf	5239	5239	0	0	0	0	5239	0.01	0.5	0.957797261674768	0.0590518447386675	median implied SD=0.958, dispersion=0.059, n=5239	effect_scale_validation.R:v1
GCST90203921	GCST90203921	passed	""	source	""	0.973605715737009	estimated_from_source_maf	5087	5087	0	0	0	0	5087	0.01	0.5	0.973605715737009	0.0590564406646633	median implied SD=0.974, dispersion=0.059, n=5087	effect_scale_validation.R:v1
GCST90203922	GCST90203922	passed	""	source	""	0.96745132544717	estimated_from_source_maf	5018	5018	0	0	0	0	5018	0.01	0.5	0.96745132544717	0.0659084539483353	median implied SD=0.967, dispersion=0.066, n=5018	effect_scale_validation.R:v1
GCST90203923	GCST90203923	passed	""	source	""	0.928490090652008	estimated_from_source_maf	10703	10703	0	0	0	0	10703	0.01	0.5	0.928490090652008	0.0563475982613888	median implied SD=0.928, dispersion=0.056, n=10703	effect_scale_validation.R:v1
GCST90203924	GCST90203924	passed	""	source	""	0.982740406077289	estimated_from_source_maf	7851	7851	0	0	0	0	7851	0.01	0.5	0.982740406077289	0.0585184708479836	median implied SD=0.983, dispersion=0.059, n=7851	effect_scale_validation.R:v1
GCST90203925	GCST90203925	passed	""	source	""	0.948702488326311	estimated_from_source_maf	5160	5160	0	0	0	0	5160	0.01	0.5	0.948702488326311	0.05378426140299	median implied SD=0.949, dispersion=0.054, n=5160	effect_scale_validation.R:v1
GCST90203926	GCST90203926	passed	""	source	""	1.01039880364477	estimated_from_source_maf	9243	9243	0	0	0	0	9243	0.01	0.5	1.01039880364477	0.0653850446134175	median implied SD=1.010, dispersion=0.065, n=9243	effect_scale_validation.R:v1
GCST90203927	GCST90203927	passed	""	source	""	0.986783927093593	estimated_from_source_maf	8368	8368	0	0	0	0	8368	0.01	0.5	0.986783927093593	0.0505530623526244	median implied SD=0.987, dispersion=0.051, n=8368	effect_scale_validation.R:v1
GCST90203928	GCST90203928	passed	""	source	""	0.969797779288399	estimated_from_source_maf	9619	9619	0	0	0	0	9619	0.01	0.5	0.969797779288399	0.0524940814104429	median implied SD=0.970, dispersion=0.052, n=9619	effect_scale_validation.R:v1
GCST90203929	GCST90203929	passed	""	source	""	0.919064760949864	estimated_from_source_maf	8433	8433	0	0	0	0	8433	0.01	0.5	0.919064760949864	0.0515944665679445	median implied SD=0.919, dispersion=0.052, n=8433	effect_scale_validation.R:v1
GCST90203930	GCST90203930	passed	""	source	""	0.942680370894336	estimated_from_source_maf	9049	9049	0	0	0	0	9049	0.01	0.5	0.942680370894336	0.0521342412889034	median implied SD=0.943, dispersion=0.052, n=9049	effect_scale_validation.R:v1
GCST90203931	GCST90203931	passed	""	source	""	0.951060389001414	estimated_from_source_maf	5093	5093	0	0	0	0	5093	0.01	0.5	0.951060389001414	0.0600202834031336	median implied SD=0.951, dispersion=0.060, n=5093	effect_scale_validation.R:v1
GCST90203932	GCST90203932	passed	""	source	""	0.966798421357706	estimated_from_source_maf	4934	4934	0	0	0	0	4934	0.01	0.5	0.966798421357706	0.0552719541473133	median implied SD=0.967, dispersion=0.055, n=4934	effect_scale_validation.R:v1
GCST90203933	GCST90203933	passed	""	source	""	0.92611962778009	estimated_from_source_maf	16974	16974	0	0	0	0	16974	0.01	0.5	0.92611962778009	0.0539020832089507	median implied SD=0.926, dispersion=0.054, n=16974	effect_scale_validation.R:v1
GCST90203934	GCST90203934	passed	""	source	""	0.948986528051794	estimated_from_source_maf	5236	5236	0	0	0	0	5236	0.01	0.5	0.948986528051794	0.0674178169951214	median implied SD=0.949, dispersion=0.067, n=5236	effect_scale_validation.R:v1
GCST90203935	GCST90203935	passed	""	source	""	0.939939780015651	estimated_from_source_maf	7877	7877	0	0	0	0	7877	0.01	0.5	0.939939780015651	0.0550227725271878	median implied SD=0.940, dispersion=0.055, n=7877	effect_scale_validation.R:v1
GCST90203936	GCST90203936	passed	""	source	""	0.910952228771802	estimated_from_source_maf	9157	9157	0	0	0	0	9157	0.01	0.5	0.910952228771802	0.0540191377016967	median implied SD=0.911, dispersion=0.054, n=9157	effect_scale_validation.R:v1
GCST90203937	GCST90203937	passed	""	source	""	0.980055261699689	estimated_from_source_maf	10374	10374	0	0	0	1	10373	0.01	0.5	0.980055261699689	0.0699688022323398	median implied SD=0.980, dispersion=0.070, n=10373	effect_scale_validation.R:v1
GCST90203938	GCST90203938	passed	""	source	""	0.995159719975601	estimated_from_source_maf	4949	4949	0	0	0	0	4949	0.01	0.5	0.995159719975601	0.0544263730519414	median implied SD=0.995, dispersion=0.054, n=4949	effect_scale_validation.R:v1
GCST90203939	GCST90203939	passed	""	source	""	0.928274467842143	estimated_from_source_maf	5267	5267	0	0	0	0	5267	0.01	0.5	0.928274467842143	0.0600053100184667	median implied SD=0.928, dispersion=0.060, n=5267	effect_scale_validation.R:v1
GCST90203940	GCST90203940	passed	""	source	""	0.996720481986738	estimated_from_source_maf	8484	8484	0	0	0	0	8484	0.01	0.5	0.996720481986738	0.0512951806090644	median implied SD=0.997, dispersion=0.051, n=8484	effect_scale_validation.R:v1
GCST90203941	GCST90203941	passed	""	source	""	0.956536478758129	estimated_from_source_maf	5079	5079	0	0	0	0	5079	0.01	0.5	0.956536478758129	0.0534691484659467	median implied SD=0.957, dispersion=0.053, n=5079	effect_scale_validation.R:v1
GCST90203942	GCST90203942	passed	""	source	""	0.953384121983487	estimated_from_source_maf	5020	5020	0	0	0	0	5020	0.01	0.5	0.953384121983487	0.0530414895122438	median implied SD=0.953, dispersion=0.053, n=5020	effect_scale_validation.R:v1
GCST90203943	GCST90203943	passed	""	source	""	0.951079204554691	estimated_from_source_maf	5006	5006	0	0	0	0	5006	0.01	0.5	0.951079204554691	0.0582591505636164	median implied SD=0.951, dispersion=0.058, n=5006	effect_scale_validation.R:v1
GCST90203944	GCST90203944	passed	""	source	""	1.0171405360695	estimated_from_source_maf	4983	4983	0	0	0	0	4983	0.01	0.5	1.0171405360695	0.0559245921485358	median implied SD=1.017, dispersion=0.056, n=4983	effect_scale_validation.R:v1
GCST90203945	GCST90203945	passed	""	source	""	0.969942654564876	estimated_from_source_maf	5227	5227	0	0	0	0	5227	0.01	0.5	0.969942654564876	0.0577185413672791	median implied SD=0.970, dispersion=0.058, n=5227	effect_scale_validation.R:v1
GCST90203946	GCST90203946	passed	""	source	""	0.949822235671687	estimated_from_source_maf	9608	9608	0	0	0	0	9608	0.01	0.5	0.949822235671687	0.04458263248927	median implied SD=0.950, dispersion=0.045, n=9608	effect_scale_validation.R:v1
GCST90203947	GCST90203947	passed	""	source	""	0.989898159136276	estimated_from_source_maf	5237	5237	0	0	0	0	5237	0.01	0.5	0.989898159136276	0.0619805743515583	median implied SD=0.990, dispersion=0.062, n=5237	effect_scale_validation.R:v1
GCST90203948	GCST90203948	passed	""	source	""	0.990530576139206	estimated_from_source_maf	5217	5217	0	0	0	0	5217	0.01	0.5	0.990530576139206	0.0547598779660366	median implied SD=0.991, dispersion=0.055, n=5217	effect_scale_validation.R:v1
GCST90203949	GCST90203949	passed	""	source	""	0.978552331464914	estimated_from_source_maf	5124	5124	0	0	0	0	5124	0.01	0.5	0.978552331464914	0.0539356218222844	median implied SD=0.979, dispersion=0.054, n=5124	effect_scale_validation.R:v1
GCST90203950	GCST90203950	passed	""	source	""	1.00257164600037	estimated_from_source_maf	4988	4988	0	0	0	0	4988	0.01	0.5	1.00257164600037	0.0522644299665632	median implied SD=1.003, dispersion=0.052, n=4988	effect_scale_validation.R:v1
GCST90203951	GCST90203951	passed	""	source	""	0.996279043764104	estimated_from_source_maf	8559	8559	0	0	0	0	8559	0.01	0.5	0.996279043764104	0.0473748528553808	median implied SD=0.996, dispersion=0.047, n=8559	effect_scale_validation.R:v1
GCST90203952	GCST90203952	passed	""	source	""	0.967017302641578	estimated_from_source_maf	5179	5179	0	0	0	0	5179	0.01	0.5	0.967017302641578	0.0575340406817177	median implied SD=0.967, dispersion=0.058, n=5179	effect_scale_validation.R:v1
GCST90203953	GCST90203953	passed	""	source	""	1.00872591003606	estimated_from_source_maf	14284	14284	0	0	0	0	14284	0.01	0.5	1.00872591003606	0.0611178843382513	median implied SD=1.009, dispersion=0.061, n=14284	effect_scale_validation.R:v1
GCST90203954	GCST90203954	passed	""	source	""	0.95977305679481	estimated_from_source_maf	5036	5036	0	0	0	0	5036	0.01	0.5	0.95977305679481	0.0532504933928927	median implied SD=0.960, dispersion=0.053, n=5036	effect_scale_validation.R:v1
GCST90203955	GCST90203955	passed	""	source	""	0.982629179616928	estimated_from_source_maf	5065	5065	0	0	0	0	5065	0.01	0.5	0.982629179616928	0.0537668650775342	median implied SD=0.983, dispersion=0.054, n=5065	effect_scale_validation.R:v1
GCST90203956	GCST90203956	passed	""	source	""	1.00873973817744	estimated_from_source_maf	5016	5016	0	0	0	0	5016	0.01	0.5	1.00873973817744	0.053342443401483	median implied SD=1.009, dispersion=0.053, n=5016	effect_scale_validation.R:v1
GCST90203957	GCST90203957	passed	""	source	""	0.925583092653143	estimated_from_source_maf	4991	4991	0	0	0	0	4991	0.01	0.5	0.925583092653143	0.054679947995587	median implied SD=0.926, dispersion=0.055, n=4991	effect_scale_validation.R:v1
GCST90203958	GCST90203958	passed	""	source	""	0.971337134747008	estimated_from_source_maf	5126	5126	0	0	0	0	5126	0.01	0.5	0.971337134747008	0.0544267154680008	median implied SD=0.971, dispersion=0.054, n=5126	effect_scale_validation.R:v1
GCST90203959	GCST90203959	passed	""	source	""	0.969468430340282	estimated_from_source_maf	4989	4989	0	0	0	0	4989	0.01	0.5	0.969468430340282	0.0523300924396745	median implied SD=0.969, dispersion=0.052, n=4989	effect_scale_validation.R:v1
GCST90203960	GCST90203960	passed	""	source	""	0.937051138551371	estimated_from_source_maf	4988	4988	0	0	0	0	4988	0.01	0.5	0.937051138551371	0.0517889538753952	median implied SD=0.937, dispersion=0.052, n=4988	effect_scale_validation.R:v1
GCST90203961	GCST90203961	passed	""	source	""	0.966047717347702	estimated_from_source_maf	4988	4988	0	0	0	0	4988	0.01	0.5	0.966047717347702	0.0526649595270475	median implied SD=0.966, dispersion=0.053, n=4988	effect_scale_validation.R:v1
GCST90203962	GCST90203962	passed	""	source	""	0.973366395827054	estimated_from_source_maf	12591	12591	0	0	0	0	12591	0.01	0.5	0.973366395827054	0.0567278016989702	median implied SD=0.973, dispersion=0.057, n=12591	effect_scale_validation.R:v1
GCST90203963	GCST90203963	passed	""	source	""	0.95047219928044	estimated_from_source_maf	7904	7904	0	0	0	0	7904	0.01	0.5	0.95047219928044	0.0511646054065804	median implied SD=0.950, dispersion=0.051, n=7904	effect_scale_validation.R:v1
GCST90203964	GCST90203964	passed	""	source	""	0.90688353346852	estimated_from_source_maf	10869	10869	0	0	0	3	10866	0.01	0.5	0.90688353346852	0.0670979215028419	median implied SD=0.907, dispersion=0.067, n=10866	effect_scale_validation.R:v1
GCST90203965	GCST90203965	passed	""	source	""	0.972511383020394	estimated_from_source_maf	4997	4997	0	0	0	0	4997	0.01	0.5	0.972511383020394	0.0532628613946124	median implied SD=0.973, dispersion=0.053, n=4997	effect_scale_validation.R:v1
GCST90203966	GCST90203966	passed	""	source	""	0.986016719985964	estimated_from_source_maf	5019	5019	0	0	0	0	5019	0.01	0.5	0.986016719985964	0.0529272445721725	median implied SD=0.986, dispersion=0.053, n=5019	effect_scale_validation.R:v1
GCST90203967	GCST90203967	passed	""	source	""	0.938575153402163	estimated_from_source_maf	5146	5146	0	0	0	0	5146	0.01	0.5	0.938575153402163	0.0588483929658396	median implied SD=0.939, dispersion=0.059, n=5146	effect_scale_validation.R:v1
GCST90203968	GCST90203968	passed	""	source	""	0.999731374821045	estimated_from_source_maf	5067	5067	0	0	0	0	5067	0.01	0.5	0.999731374821045	0.0533185264524527	median implied SD=1.000, dispersion=0.053, n=5067	effect_scale_validation.R:v1
GCST90203969	GCST90203969	passed	""	source	""	0.95091294760848	estimated_from_source_maf	5106	5106	0	0	0	0	5106	0.01	0.5	0.95091294760848	0.0599875761039351	median implied SD=0.951, dispersion=0.060, n=5106	effect_scale_validation.R:v1
GCST90203970	GCST90203970	passed	""	source	""	0.923304752174835	estimated_from_source_maf	5008	5008	0	0	0	0	5008	0.01	0.5	0.923304752174835	0.0583477265453462	median implied SD=0.923, dispersion=0.058, n=5008	effect_scale_validation.R:v1
GCST90203971	GCST90203971	passed	""	source	""	0.907304611114953	estimated_from_source_maf	5328	5328	0	0	0	2	5326	0.01	0.5	0.907304611114953	0.0694847950774784	median implied SD=0.907, dispersion=0.069, n=5326	effect_scale_validation.R:v1
GCST90203972	GCST90203972	passed	""	source	""	0.992166659994309	estimated_from_source_maf	4952	4952	0	0	0	0	4952	0.01	0.5	0.992166659994309	0.0540348446981864	median implied SD=0.992, dispersion=0.054, n=4952	effect_scale_validation.R:v1
GCST90203973	GCST90203973	passed	""	source	""	0.965092013880368	estimated_from_source_maf	7869	7869	0	0	0	0	7869	0.01	0.5	0.965092013880368	0.0627710130587516	median implied SD=0.965, dispersion=0.063, n=7869	effect_scale_validation.R:v1
GCST90203974	GCST90203974	passed	""	source	""	0.972405449046603	estimated_from_source_maf	5102	5102	0	0	0	0	5102	0.01	0.5	0.972405449046603	0.0539602034230674	median implied SD=0.972, dispersion=0.054, n=5102	effect_scale_validation.R:v1
GCST90203975	GCST90203975	passed	""	source	""	0.943276012999904	estimated_from_source_maf	4989	4989	0	0	0	0	4989	0.01	0.5	0.943276012999904	0.0521127656415727	median implied SD=0.943, dispersion=0.052, n=4989	effect_scale_validation.R:v1
GCST90203976	GCST90203976	passed	""	source	""	0.964357756221107	estimated_from_source_maf	5005	5005	0	0	0	0	5005	0.01	0.5	0.964357756221107	0.0530501467019827	median implied SD=0.964, dispersion=0.053, n=5005	effect_scale_validation.R:v1
GCST90203977	GCST90203977	passed	""	source	""	1.0037276400866	estimated_from_source_maf	5205	5205	0	0	0	0	5205	0.01	0.5	1.0037276400866	0.0547310323270974	median implied SD=1.004, dispersion=0.055, n=5205	effect_scale_validation.R:v1
GCST90203978	GCST90203978	passed	""	source	""	0.959313792928503	estimated_from_source_maf	12063	12063	0	0	0	0	12063	0.01	0.5	0.959313792928503	0.0635060258890468	median implied SD=0.959, dispersion=0.064, n=12063	effect_scale_validation.R:v1
GCST90203979	GCST90203979	passed	""	source	""	0.957899323104416	estimated_from_source_maf	19917	19917	0	0	0	0	19917	0.01	0.5	0.957899323104416	0.0559291607572592	median implied SD=0.958, dispersion=0.056, n=19917	effect_scale_validation.R:v1
GCST90203980	GCST90203980	passed	""	source	""	0.916771628252001	estimated_from_source_maf	11406	11406	0	0	0	0	11406	0.01	0.5	0.916771628252001	0.0626108863538328	median implied SD=0.917, dispersion=0.063, n=11406	effect_scale_validation.R:v1
GCST90203981	GCST90203981	passed	""	source	""	0.964664270137486	estimated_from_source_maf	8028	8028	0	0	0	0	8028	0.01	0.5	0.964664270137486	0.0562405094479064	median implied SD=0.965, dispersion=0.056, n=8028	effect_scale_validation.R:v1
GCST90203982	GCST90203982	passed	""	source	""	0.973485703879406	estimated_from_source_maf	8483	8483	0	0	0	0	8483	0.01	0.5	0.973485703879406	0.0534884203283003	median implied SD=0.973, dispersion=0.053, n=8483	effect_scale_validation.R:v1
GCST90203983	GCST90203983	passed	""	source	""	0.953800833154732	estimated_from_source_maf	12515	12515	0	0	0	0	12515	0.01	0.5	0.953800833154732	0.0589460930974501	median implied SD=0.954, dispersion=0.059, n=12515	effect_scale_validation.R:v1
GCST90203984	GCST90203984	passed	""	source	""	0.963412590992793	estimated_from_source_maf	8727	8727	0	0	0	0	8727	0.01	0.5	0.963412590992793	0.0541263215224294	median implied SD=0.963, dispersion=0.054, n=8727	effect_scale_validation.R:v1
GCST90203985	GCST90203985	passed	""	source	""	0.997043335516455	estimated_from_source_maf	5043	5043	0	0	0	0	5043	0.01	0.5	0.997043335516455	0.0532513888230033	median implied SD=0.997, dispersion=0.053, n=5043	effect_scale_validation.R:v1
GCST90203986	GCST90203986	passed	""	source	""	0.993573576879311	estimated_from_source_maf	4986	4986	0	0	0	0	4986	0.01	0.5	0.993573576879311	0.052858278111445	median implied SD=0.994, dispersion=0.053, n=4986	effect_scale_validation.R:v1
GCST90203987	GCST90203987	passed	""	source	""	0.998801331454533	estimated_from_source_maf	5154	5154	0	0	0	0	5154	0.01	0.5	0.998801331454533	0.0535654656395062	median implied SD=0.999, dispersion=0.054, n=5154	effect_scale_validation.R:v1
GCST90203988	GCST90203988	passed	""	source	""	0.957311789456614	estimated_from_source_maf	5020	5020	0	0	0	0	5020	0.01	0.5	0.957311789456614	0.0530412552091384	median implied SD=0.957, dispersion=0.053, n=5020	effect_scale_validation.R:v1
GCST90203989	GCST90203989	passed	""	source	""	0.934300351702989	estimated_from_source_maf	9674	9674	0	0	0	0	9674	0.01	0.5	0.934300351702989	0.050999937210193	median implied SD=0.934, dispersion=0.051, n=9674	effect_scale_validation.R:v1
GCST90203990	GCST90203990	passed	""	source	""	0.922328886927449	estimated_from_source_maf	5082	5082	0	0	0	0	5082	0.01	0.5	0.922328886927449	0.0536672126312709	median implied SD=0.922, dispersion=0.054, n=5082	effect_scale_validation.R:v1
GCST90203991	GCST90203991	passed	""	source	""	0.971070724690829	estimated_from_source_maf	5067	5067	0	0	0	0	5067	0.01	0.5	0.971070724690829	0.0546010708511252	median implied SD=0.971, dispersion=0.055, n=5067	effect_scale_validation.R:v1
GCST90203992	GCST90203992	passed	""	source	""	0.932227719783468	estimated_from_source_maf	8668	8668	0	0	0	0	8668	0.01	0.5	0.932227719783468	0.0626071531308557	median implied SD=0.932, dispersion=0.063, n=8668	effect_scale_validation.R:v1
GCST90203993	GCST90203993	passed	""	source	""	0.917958559756629	estimated_from_source_maf	5200	5200	0	0	0	0	5200	0.01	0.5	0.917958559756629	0.0633557751822996	median implied SD=0.918, dispersion=0.063, n=5200	effect_scale_validation.R:v1
GCST90203994	GCST90203994	passed	""	source	""	0.980011103950224	estimated_from_source_maf	5002	5002	0	0	0	0	5002	0.01	0.5	0.980011103950224	0.0527875815279251	median implied SD=0.980, dispersion=0.053, n=5002	effect_scale_validation.R:v1
GCST90203995	GCST90203995	passed	""	source	""	0.966194287023659	estimated_from_source_maf	9002	9002	0	0	0	0	9002	0.01	0.5	0.966194287023659	0.0565889397010296	median implied SD=0.966, dispersion=0.057, n=9002	effect_scale_validation.R:v1
GCST90203996	GCST90203996	passed	""	source	""	0.957642194982965	estimated_from_source_maf	7589	7589	0	0	0	0	7589	0.01	0.5	0.957642194982965	0.0543633893520653	median implied SD=0.958, dispersion=0.054, n=7589	effect_scale_validation.R:v1
GCST90203997	GCST90203997	passed	""	source	""	1.00761113462531	estimated_from_source_maf	4970	4970	0	0	0	0	4970	0.01	0.5	1.00761113462531	0.0557654047706427	median implied SD=1.008, dispersion=0.056, n=4970	effect_scale_validation.R:v1
GCST90203998	GCST90203998	passed	""	source	""	0.984511317558172	estimated_from_source_maf	4993	4993	0	0	0	0	4993	0.01	0.5	0.984511317558172	0.0524736266501808	median implied SD=0.985, dispersion=0.052, n=4993	effect_scale_validation.R:v1
GCST90203999	GCST90203999	passed	""	source	""	0.893670665760619	estimated_from_source_maf	5274	5274	0	0	0	0	5274	0.01	0.5	0.893670665760619	0.0646466446755576	median implied SD=0.894, dispersion=0.065, n=5274	effect_scale_validation.R:v1
GCST90204000	GCST90204000	passed	""	source	""	0.966624249155704	estimated_from_source_maf	5026	5026	0	0	0	0	5026	0.01	0.5	0.966624249155704	0.0527243742359076	median implied SD=0.967, dispersion=0.053, n=5026	effect_scale_validation.R:v1
GCST90204001	GCST90204001	passed	""	source	""	0.994535015858396	estimated_from_source_maf	13484	13484	0	0	0	0	13484	0.01	0.5	0.994535015858396	0.0560305393520157	median implied SD=0.995, dispersion=0.056, n=13484	effect_scale_validation.R:v1
GCST90204002	GCST90204002	passed	""	source	""	1.0074428527758	estimated_from_source_maf	4981	4981	0	0	0	0	4981	0.01	0.5	1.0074428527758	0.0659673531210137	median implied SD=1.007, dispersion=0.066, n=4981	effect_scale_validation.R:v1
GCST90204003	GCST90204003	passed	""	source	""	0.90837326418359	estimated_from_source_maf	5379	5379	0	0	0	0	5379	0.01	0.5	0.90837326418359	0.072430123500761	median implied SD=0.908, dispersion=0.072, n=5379	effect_scale_validation.R:v1
GCST90204004	GCST90204004	passed	""	source	""	0.864555308277521	estimated_from_source_maf	5023	5023	0	0	0	0	5023	0.01	0.5	0.864555308277521	0.0527211177455346	median implied SD=0.865, dispersion=0.053, n=5023	effect_scale_validation.R:v1
GCST90204005	GCST90204005	passed	""	source	""	1.00717441109213	estimated_from_source_maf	15111	15111	0	0	0	0	15111	0.01	0.5	1.00717441109213	0.0518721952945967	median implied SD=1.007, dispersion=0.052, n=15111	effect_scale_validation.R:v1
GCST90204006	GCST90204006	passed	""	source	""	0.986982441363647	estimated_from_source_maf	5134	5134	0	0	0	0	5134	0.01	0.5	0.986982441363647	0.0631919779419237	median implied SD=0.987, dispersion=0.063, n=5134	effect_scale_validation.R:v1
GCST90204007	GCST90204007	passed	""	source	""	0.993344454815961	estimated_from_source_maf	4985	4985	0	0	0	0	4985	0.01	0.5	0.993344454815961	0.0526654739979	median implied SD=0.993, dispersion=0.053, n=4985	effect_scale_validation.R:v1
GCST90204008	GCST90204008	passed	""	source	""	0.959054883459563	estimated_from_source_maf	4981	4981	0	0	0	0	4981	0.01	0.5	0.959054883459563	0.0527196485476233	median implied SD=0.959, dispersion=0.053, n=4981	effect_scale_validation.R:v1
GCST90204009	GCST90204009	passed	""	source	""	0.959621269471269	estimated_from_source_maf	4888	4888	0	0	0	0	4888	0.01	0.5	0.959621269471269	0.0570991089459696	median implied SD=0.960, dispersion=0.057, n=4888	effect_scale_validation.R:v1
GCST90204010	GCST90204010	passed	""	source	""	0.981392065350207	estimated_from_source_maf	9720	9720	0	0	0	0	9720	0.01	0.5	0.981392065350207	0.052862594072912	median implied SD=0.981, dispersion=0.053, n=9720	effect_scale_validation.R:v1
GCST90204011	GCST90204011	passed	""	source	""	0.925248857125182	estimated_from_source_maf	5196	5196	0	0	0	0	5196	0.01	0.5	0.925248857125182	0.0613012846617494	median implied SD=0.925, dispersion=0.061, n=5196	effect_scale_validation.R:v1
GCST90204012	GCST90204012	passed	""	source	""	0.936467969566176	estimated_from_source_maf	8425	8425	0	0	0	0	8425	0.01	0.5	0.936467969566176	0.0604379813652277	median implied SD=0.936, dispersion=0.060, n=8425	effect_scale_validation.R:v1
GCST90204013	GCST90204013	passed	""	source	""	0.994418857863793	estimated_from_source_maf	7749	7749	0	0	0	0	7749	0.01	0.5	0.994418857863793	0.0522003089640344	median implied SD=0.994, dispersion=0.052, n=7749	effect_scale_validation.R:v1
GCST90204014	GCST90204014	passed	""	source	""	0.961626991771601	estimated_from_source_maf	5040	5040	0	0	0	0	5040	0.01	0.5	0.961626991771601	0.0534027975866025	median implied SD=0.962, dispersion=0.053, n=5040	effect_scale_validation.R:v1
GCST90204015	GCST90204015	passed	""	source	""	0.872163292861244	estimated_from_source_maf	5046	5046	0	0	0	0	5046	0.01	0.5	0.872163292861244	0.0525525092227059	median implied SD=0.872, dispersion=0.053, n=5046	effect_scale_validation.R:v1
GCST90204016	GCST90204016	passed	""	source	""	0.988561965751859	estimated_from_source_maf	5169	5169	0	0	0	0	5169	0.01	0.5	0.988561965751859	0.0670050152738258	median implied SD=0.989, dispersion=0.067, n=5169	effect_scale_validation.R:v1
GCST90204017	GCST90204017	passed	""	source	""	0.933264842021419	estimated_from_source_maf	5003	5003	0	0	0	0	5003	0.01	0.5	0.933264842021419	0.052760697404449	median implied SD=0.933, dispersion=0.053, n=5003	effect_scale_validation.R:v1
GCST90204018	GCST90204018	passed	""	source	""	0.937651806866567	estimated_from_source_maf	4994	4994	0	0	0	0	4994	0.01	0.5	0.937651806866567	0.0525652056701789	median implied SD=0.938, dispersion=0.053, n=4994	effect_scale_validation.R:v1
GCST90204019	GCST90204019	passed	""	source	""	0.949253343659095	estimated_from_source_maf	5119	5119	0	0	0	0	5119	0.01	0.5	0.949253343659095	0.0533181440901809	median implied SD=0.949, dispersion=0.053, n=5119	effect_scale_validation.R:v1
GCST90204020	GCST90204020	passed	""	source	""	0.972942968262499	estimated_from_source_maf	8282	8282	0	0	0	0	8282	0.01	0.5	0.972942968262499	0.0532160526654849	median implied SD=0.973, dispersion=0.053, n=8282	effect_scale_validation.R:v1
GCST90204021	GCST90204021	passed	""	source	""	0.982170542529375	estimated_from_source_maf	7064	7064	0	0	0	0	7064	0.01	0.5	0.982170542529375	0.0612630752900373	median implied SD=0.982, dispersion=0.061, n=7064	effect_scale_validation.R:v1
GCST90204022	GCST90204022	passed	""	source	""	0.973614377667566	estimated_from_source_maf	15923	15923	0	0	0	0	15923	0.01	0.5	0.973614377667566	0.0512700572944157	median implied SD=0.974, dispersion=0.051, n=15923	effect_scale_validation.R:v1
GCST90204023	GCST90204023	passed	""	source	""	0.874539014923554	estimated_from_source_maf	5121	5121	0	0	0	0	5121	0.01	0.5	0.874539014923554	0.0540205766422467	median implied SD=0.875, dispersion=0.054, n=5121	effect_scale_validation.R:v1
GCST90204024	GCST90204024	passed	""	source	""	0.965473405294103	estimated_from_source_maf	7008	7008	0	0	0	0	7008	0.01	0.5	0.965473405294103	0.060594145540834	median implied SD=0.965, dispersion=0.061, n=7008	effect_scale_validation.R:v1
GCST90204025	GCST90204025	passed	""	source	""	0.995379476707049	estimated_from_source_maf	11289	11289	0	0	0	0	11289	0.01	0.5	0.995379476707049	0.0513922280258542	median implied SD=0.995, dispersion=0.051, n=11289	effect_scale_validation.R:v1
GCST90204026	GCST90204026	passed	""	source	""	0.947680448639628	estimated_from_source_maf	5189	5189	0	0	0	0	5189	0.01	0.5	0.947680448639628	0.0574601961750888	median implied SD=0.948, dispersion=0.057, n=5189	effect_scale_validation.R:v1
GCST90204027	GCST90204027	passed	""	source	""	0.969519536507424	estimated_from_source_maf	5153	5153	0	0	0	0	5153	0.01	0.5	0.969519536507424	0.0545299463364503	median implied SD=0.970, dispersion=0.055, n=5153	effect_scale_validation.R:v1
GCST90204028	GCST90204028	passed	""	source	""	0.980586738601696	estimated_from_source_maf	8494	8494	0	0	0	0	8494	0.01	0.5	0.980586738601696	0.0565781368854815	median implied SD=0.981, dispersion=0.057, n=8494	effect_scale_validation.R:v1
GCST90204029	GCST90204029	passed	""	source	""	0.991423830333082	estimated_from_source_maf	8830	8830	0	0	0	28	8802	0.01	0.5	0.991423830333082	0.0617057590043413	median implied SD=0.991, dispersion=0.062, n=8802	effect_scale_validation.R:v1
GCST90204030	GCST90204030	passed	""	source	""	0.877425182734977	estimated_from_source_maf	8626	8626	0	0	0	0	8626	0.01	0.5	0.877425182734977	0.0627015753828614	median implied SD=0.877, dispersion=0.063, n=8626	effect_scale_validation.R:v1
GCST90204031	GCST90204031	passed	""	source	""	0.996462127655528	estimated_from_source_maf	4991	4991	0	0	0	0	4991	0.01	0.5	0.996462127655528	0.0616327425450585	median implied SD=0.996, dispersion=0.062, n=4991	effect_scale_validation.R:v1
GCST90204032	GCST90204032	passed	""	source	""	0.954468444904283	estimated_from_source_maf	7671	7671	0	0	0	0	7671	0.01	0.5	0.954468444904283	0.0667399163049596	median implied SD=0.954, dispersion=0.067, n=7671	effect_scale_validation.R:v1
GCST90204033	GCST90204033	passed	""	source	""	0.965961658725812	estimated_from_source_maf	8614	8614	0	0	0	3	8611	0.01	0.5	0.965961658725812	0.0672444418597327	median implied SD=0.966, dispersion=0.067, n=8611	effect_scale_validation.R:v1
GCST90204034	GCST90204034	passed	""	source	""	0.971841157072615	estimated_from_source_maf	5094	5094	0	0	0	0	5094	0.01	0.5	0.971841157072615	0.0526783175588611	median implied SD=0.972, dispersion=0.053, n=5094	effect_scale_validation.R:v1
GCST90204035	GCST90204035	passed	""	source	""	0.937757804795634	estimated_from_source_maf	4990	4990	0	0	0	0	4990	0.01	0.5	0.937757804795634	0.052472985632104	median implied SD=0.938, dispersion=0.052, n=4990	effect_scale_validation.R:v1
GCST90204036	GCST90204036	passed	""	source	""	0.899726093011706	estimated_from_source_maf	8420	8420	0	0	0	0	8420	0.01	0.5	0.899726093011706	0.0537269663431977	median implied SD=0.900, dispersion=0.054, n=8420	effect_scale_validation.R:v1
GCST90204037	GCST90204037	passed	""	source	""	0.919190467256372	estimated_from_source_maf	5233	5233	0	0	0	0	5233	0.01	0.5	0.919190467256372	0.0589150712472308	median implied SD=0.919, dispersion=0.059, n=5233	effect_scale_validation.R:v1
GCST90204038	GCST90204038	passed	""	source	""	0.880644771338302	estimated_from_source_maf	5329	5329	0	0	0	0	5329	0.01	0.5	0.880644771338302	0.0644487736279899	median implied SD=0.881, dispersion=0.064, n=5329	effect_scale_validation.R:v1
GCST90204039	GCST90204039	passed	""	source	""	0.984034322748798	estimated_from_source_maf	8196	8196	0	0	0	2	8194	0.01	0.5	0.984034322748798	0.0668034207868789	median implied SD=0.984, dispersion=0.067, n=8194	effect_scale_validation.R:v1
GCST90204040	GCST90204040	passed	""	source	""	0.911894124782934	estimated_from_source_maf	4996	4996	0	0	0	0	4996	0.01	0.5	0.911894124782934	0.0530042984904288	median implied SD=0.912, dispersion=0.053, n=4996	effect_scale_validation.R:v1
GCST90204041	GCST90204041	passed	""	source	""	0.956096939603097	estimated_from_source_maf	4988	4988	0	0	0	0	4988	0.01	0.5	0.956096939603097	0.0524377339366119	median implied SD=0.956, dispersion=0.052, n=4988	effect_scale_validation.R:v1
GCST90204042	GCST90204042	passed	""	source	""	0.938236595300781	estimated_from_source_maf	7618	7618	0	0	0	0	7618	0.01	0.5	0.938236595300781	0.0600497063607847	median implied SD=0.938, dispersion=0.060, n=7618	effect_scale_validation.R:v1
GCST90204043	GCST90204043	passed	""	source	""	0.963350081622058	estimated_from_source_maf	9082	9082	0	0	0	0	9082	0.01	0.5	0.963350081622058	0.048441491243406	median implied SD=0.963, dispersion=0.048, n=9082	effect_scale_validation.R:v1
GCST90204044	GCST90204044	passed	""	source	""	1.00393731729169	estimated_from_source_maf	7668	7668	0	0	0	1	7667	0.01	0.5	1.00393731729169	0.0645473726308824	median implied SD=1.004, dispersion=0.065, n=7667	effect_scale_validation.R:v1
GCST90204045	GCST90204045	passed	""	source	""	0.973782433357339	estimated_from_source_maf	15676	15676	0	0	0	0	15676	0.01	0.5	0.973782433357339	0.0527723980901162	median implied SD=0.974, dispersion=0.053, n=15676	effect_scale_validation.R:v1
GCST90204046	GCST90204046	passed	""	source	""	0.965016425661646	estimated_from_source_maf	5047	5047	0	0	0	0	5047	0.01	0.5	0.965016425661646	0.0531717601393666	median implied SD=0.965, dispersion=0.053, n=5047	effect_scale_validation.R:v1
GCST90204047	GCST90204047	passed	""	source	""	0.972243287946253	estimated_from_source_maf	5215	5215	0	0	0	0	5215	0.01	0.5	0.972243287946253	0.0548484646111068	median implied SD=0.972, dispersion=0.055, n=5215	effect_scale_validation.R:v1
GCST90204048	GCST90204048	passed	""	source	""	0.984236739748922	estimated_from_source_maf	6827	6827	0	0	0	0	6827	0.01	0.5	0.984236739748922	0.0533076801560784	median implied SD=0.984, dispersion=0.053, n=6827	effect_scale_validation.R:v1
GCST90204049	GCST90204049	passed	""	source	""	0.966798723758057	estimated_from_source_maf	5256	5256	0	0	0	0	5256	0.01	0.5	0.966798723758057	0.0580804200243608	median implied SD=0.967, dispersion=0.058, n=5256	effect_scale_validation.R:v1
GCST90204050	GCST90204050	passed	""	source	""	0.851658223514545	estimated_from_source_maf	4990	4990	0	0	0	0	4990	0.01	0.5	0.851658223514545	0.0523993728373615	median implied SD=0.852, dispersion=0.052, n=4990	effect_scale_validation.R:v1
GCST90204051	GCST90204051	passed	""	source	""	0.966999810011377	estimated_from_source_maf	8439	8439	0	0	0	0	8439	0.01	0.5	0.966999810011377	0.0532598411857877	median implied SD=0.967, dispersion=0.053, n=8439	effect_scale_validation.R:v1
GCST90204052	GCST90204052	passed	""	source	""	0.990138987988327	estimated_from_source_maf	5102	5102	0	0	0	0	5102	0.01	0.5	0.990138987988327	0.0600930536632937	median implied SD=0.990, dispersion=0.060, n=5102	effect_scale_validation.R:v1
GCST90204053	GCST90204053	passed	""	source	""	0.945510861148508	estimated_from_source_maf	5069	5069	0	0	0	0	5069	0.01	0.5	0.945510861148508	0.0536002423507543	median implied SD=0.946, dispersion=0.054, n=5069	effect_scale_validation.R:v1
GCST90204054	GCST90204054	passed	""	source	""	0.99320695327289	estimated_from_source_maf	5094	5094	0	0	0	0	5094	0.01	0.5	0.99320695327289	0.0536374030594501	median implied SD=0.993, dispersion=0.054, n=5094	effect_scale_validation.R:v1
GCST90204055	GCST90204055	passed	""	source	""	0.981272339327439	estimated_from_source_maf	8501	8501	0	0	0	0	8501	0.01	0.5	0.981272339327439	0.054732664224058	median implied SD=0.981, dispersion=0.055, n=8501	effect_scale_validation.R:v1
GCST90204056	GCST90204056	passed	""	source	""	1.01614337681877	estimated_from_source_maf	5046	5046	0	0	0	0	5046	0.01	0.5	1.01614337681877	0.0529718957533726	median implied SD=1.016, dispersion=0.053, n=5046	effect_scale_validation.R:v1
GCST90204057	GCST90204057	passed	""	source	""	0.947890555720158	estimated_from_source_maf	5107	5107	0	0	0	0	5107	0.01	0.5	0.947890555720158	0.0540480535284078	median implied SD=0.948, dispersion=0.054, n=5107	effect_scale_validation.R:v1
GCST90204058	GCST90204058	passed	""	source	""	0.962247155138279	estimated_from_source_maf	4989	4989	0	0	0	0	4989	0.01	0.5	0.962247155138279	0.0520880868819087	median implied SD=0.962, dispersion=0.052, n=4989	effect_scale_validation.R:v1
GCST90204059	GCST90204059	passed	""	source	""	0.986533792159013	estimated_from_source_maf	13721	13721	0	0	0	0	13721	0.01	0.5	0.986533792159013	0.0649438533216081	median implied SD=0.987, dispersion=0.065, n=13721	effect_scale_validation.R:v1
GCST90204060	GCST90204060	passed	""	source	""	0.932578364389753	estimated_from_source_maf	5143	5143	0	0	0	0	5143	0.01	0.5	0.932578364389753	0.0589358546757228	median implied SD=0.933, dispersion=0.059, n=5143	effect_scale_validation.R:v1
GCST90204061	GCST90204061	passed	""	source	""	0.946051039441841	estimated_from_source_maf	5044	5044	0	0	0	0	5044	0.01	0.5	0.946051039441841	0.0527326551951283	median implied SD=0.946, dispersion=0.053, n=5044	effect_scale_validation.R:v1
GCST90204062	GCST90204062	passed	""	source	""	0.96969645478701	estimated_from_source_maf	4993	4993	0	0	0	0	4993	0.01	0.5	0.96969645478701	0.0522319800987246	median implied SD=0.970, dispersion=0.052, n=4993	effect_scale_validation.R:v1
GCST90204063	GCST90204063	passed	""	source	""	0.981119243456741	estimated_from_source_maf	13543	13543	0	0	0	0	13543	0.01	0.5	0.981119243456741	0.050805765839124	median implied SD=0.981, dispersion=0.051, n=13543	effect_scale_validation.R:v1
