analysis_id	field	value	method	evidence	notes
ukb-b-10001	sample_size_kind	case_control	opengwas_api_gwasinfo	n_cases=6661;n_controls=456349	
ukb-b-10001	stored_effect_scale	sd	opengwas_api_gwasinfo		
ukb-b-10002	sample_size_kind	case_control	opengwas_api_gwasinfo	n_cases=3177;n_controls=28140	
ukb-b-10002	stored_effect_scale	sd	opengwas_api_gwasinfo		
ukb-b-10003	sample_size_kind	case_control	opengwas_api_gwasinfo	n_cases=2810;n_controls=460123	
ukb-b-10003	stored_effect_scale	sd	opengwas_api_gwasinfo		
ukb-b-10008	sample_size_kind	case_control	opengwas_api_gwasinfo	n_cases=13851;n_controls=449082	
ukb-b-10008	stored_effect_scale	sd	opengwas_api_gwasinfo		
ukb-b-10011	sample_size_kind	total	opengwas_api_gwasinfo	n_cases=;n_controls=	
ukb-b-10011	stored_effect_scale	sd	opengwas_api_gwasinfo		
ukb-b-1004	sample_size_kind	total	opengwas_api_gwasinfo	n_cases=;n_controls=	
ukb-b-1004	stored_effect_scale	sd	opengwas_api_gwasinfo		
ukb-b-10054	sample_size_kind	case_control	opengwas_api_gwasinfo	n_cases=29408;n_controls=35541	
ukb-b-10054	stored_effect_scale	sd	opengwas_api_gwasinfo		
ukb-b-10056	sample_size_kind	case_control	opengwas_api_gwasinfo	n_cases=3701;n_controls=459309	
ukb-b-10056	stored_effect_scale	sd	opengwas_api_gwasinfo		
ukb-b-10061	sample_size_kind	case_control	opengwas_api_gwasinfo	n_cases=1824;n_controls=461186	
ukb-b-10061	stored_effect_scale	sd	opengwas_api_gwasinfo		
ukb-b-10066	sample_size_kind	case_control	opengwas_api_gwasinfo	n_cases=8438;n_controls=142204	
ukb-b-10066	stored_effect_scale	sd	opengwas_api_gwasinfo		
ukb-b-10070	sample_size_kind	case_control	opengwas_api_gwasinfo	n_cases=1070;n_controls=461940	
ukb-b-10070	stored_effect_scale	sd	opengwas_api_gwasinfo		
ukb-b-10073	sample_size_kind	case_control	opengwas_api_gwasinfo	n_cases=1099;n_controls=63850	
ukb-b-10073	stored_effect_scale	sd	opengwas_api_gwasinfo		
ukb-b-10093	sample_size_kind	case_control	opengwas_api_gwasinfo	n_cases=78408;n_controls=369553	
ukb-b-10093	stored_effect_scale	sd	opengwas_api_gwasinfo		
ukb-b-10097	sample_size_kind	case_control	opengwas_api_gwasinfo	n_cases=3976;n_controls=458957	
ukb-b-10097	stored_effect_scale	sd	opengwas_api_gwasinfo		
ukb-b-10098	sample_size_kind	case_control	opengwas_api_gwasinfo	n_cases=2577;n_controls=460356	
ukb-b-10098	stored_effect_scale	sd	opengwas_api_gwasinfo		
ukb-b-10102	sample_size_kind	case_control	opengwas_api_gwasinfo	n_cases=3424;n_controls=459586	
ukb-b-10102	stored_effect_scale	sd	opengwas_api_gwasinfo		
ukb-b-10143	sample_size_kind	case_control	opengwas_api_gwasinfo	n_cases=2865;n_controls=457891	
ukb-b-10143	stored_effect_scale	sd	opengwas_api_gwasinfo		
ukb-b-10144	sample_size_kind	case_control	opengwas_api_gwasinfo	n_cases=2241;n_controls=460769	
ukb-b-10144	stored_effect_scale	sd	opengwas_api_gwasinfo		
ukb-b-10145	sample_size_kind	case_control	opengwas_api_gwasinfo	n_cases=1101;n_controls=461909	
ukb-b-10145	stored_effect_scale	sd	opengwas_api_gwasinfo		
ukb-b-1016	sample_size_kind	case_control	opengwas_api_gwasinfo	n_cases=1053;n_controls=461957	
ukb-b-1016	stored_effect_scale	sd	opengwas_api_gwasinfo		
ukb-b-10162	sample_size_kind	total	opengwas_api_gwasinfo	n_cases=;n_controls=	
ukb-b-10162	stored_effect_scale	sd	opengwas_api_gwasinfo		
ukb-b-10164	sample_size_kind	case_control	opengwas_api_gwasinfo	n_cases=1169;n_controls=461841	
ukb-b-10164	stored_effect_scale	sd	opengwas_api_gwasinfo		
ukb-b-10167	sample_size_kind	case_control	opengwas_api_gwasinfo	n_cases=11330;n_controls=451603	
ukb-b-10167	stored_effect_scale	sd	opengwas_api_gwasinfo		
ukb-b-10169	sample_size_kind	case_control	opengwas_api_gwasinfo	n_cases=129383;n_controls=321321	
ukb-b-10169	stored_effect_scale	sd	opengwas_api_gwasinfo		
ukb-b-10181	sample_size_kind	case_control	opengwas_api_gwasinfo	n_cases=2940;n_controls=147702	
ukb-b-10181	stored_effect_scale	sd	opengwas_api_gwasinfo		
ukb-b-10188	sample_size_kind	case_control	opengwas_api_gwasinfo	n_cases=19395;n_controls=440956	
ukb-b-10188	stored_effect_scale	sd	opengwas_api_gwasinfo		
ukb-b-1020	sample_size_kind	case_control	opengwas_api_gwasinfo	n_cases=3490;n_controls=459520	
ukb-b-1020	stored_effect_scale	sd	opengwas_api_gwasinfo		
ukb-b-10202	sample_size_kind	case_control	opengwas_api_gwasinfo	n_cases=2357;n_controls=460653	
ukb-b-10202	stored_effect_scale	sd	opengwas_api_gwasinfo		
ukb-b-1021	sample_size_kind	case_control	opengwas_api_gwasinfo	n_cases=13359;n_controls=449574	
ukb-b-1021	stored_effect_scale	sd	opengwas_api_gwasinfo		
ukb-b-10212	sample_size_kind	case_control	opengwas_api_gwasinfo	n_cases=5524;n_controls=438797	
ukb-b-10212	stored_effect_scale	sd	opengwas_api_gwasinfo		
ukb-b-10215	sample_size_kind	total	opengwas_api_gwasinfo	n_cases=;n_controls=	
ukb-b-10215	stored_effect_scale	sd	opengwas_api_gwasinfo		
ukb-b-10217	sample_size_kind	total	opengwas_api_gwasinfo	n_cases=;n_controls=	
ukb-b-10217	stored_effect_scale	sd	opengwas_api_gwasinfo		
ukb-b-10224	sample_size_kind	case_control	opengwas_api_gwasinfo	n_cases=1909;n_controls=461024	
ukb-b-10224	stored_effect_scale	sd	opengwas_api_gwasinfo		
ukb-b-10248	sample_size_kind	case_control	opengwas_api_gwasinfo	n_cases=6034;n_controls=456976	
ukb-b-10248	stored_effect_scale	sd	opengwas_api_gwasinfo		
ukb-b-10250	sample_size_kind	total	opengwas_api_gwasinfo	n_cases=;n_controls=	
ukb-b-10250	stored_effect_scale	sd	opengwas_api_gwasinfo		
ukb-b-10258	sample_size_kind	case_control	opengwas_api_gwasinfo	n_cases=1554;n_controls=461379	
ukb-b-10258	stored_effect_scale	sd	opengwas_api_gwasinfo		
ukb-b-10260	sample_size_kind	case_control	opengwas_api_gwasinfo	n_cases=4302;n_controls=60647	
ukb-b-10260	stored_effect_scale	sd	opengwas_api_gwasinfo		
ukb-b-10263	sample_size_kind	case_control	opengwas_api_gwasinfo	n_cases=5227;n_controls=457783	
ukb-b-10263	stored_effect_scale	sd	opengwas_api_gwasinfo		
ukb-b-10272	sample_size_kind	case_control	opengwas_api_gwasinfo	n_cases=1182;n_controls=461751	
ukb-b-10272	stored_effect_scale	sd	opengwas_api_gwasinfo		
ukb-b-10281	sample_size_kind	case_control	opengwas_api_gwasinfo	n_cases=2496;n_controls=460514	
ukb-b-10281	stored_effect_scale	sd	opengwas_api_gwasinfo		
ukb-b-10284	sample_size_kind	case_control	opengwas_api_gwasinfo	n_cases=14179;n_controls=448754	
ukb-b-10284	stored_effect_scale	sd	opengwas_api_gwasinfo		
ukb-b-10286	sample_size_kind	case_control	opengwas_api_gwasinfo	n_cases=42565;n_controls=22384	
ukb-b-10286	stored_effect_scale	sd	opengwas_api_gwasinfo		
ukb-b-10289	sample_size_kind	case_control	opengwas_api_gwasinfo	n_cases=1269;n_controls=461664	
ukb-b-10289	stored_effect_scale	sd	opengwas_api_gwasinfo		
ukb-b-10298	sample_size_kind	case_control	opengwas_api_gwasinfo	n_cases=1383;n_controls=461627	
ukb-b-10298	stored_effect_scale	sd	opengwas_api_gwasinfo		
ukb-b-10309	sample_size_kind	case_control	opengwas_api_gwasinfo	n_cases=2559;n_controls=460374	
ukb-b-10309	stored_effect_scale	sd	opengwas_api_gwasinfo		
ukb-b-10324	sample_size_kind	case_control	opengwas_api_gwasinfo	n_cases=2782;n_controls=460151	
ukb-b-10324	stored_effect_scale	sd	opengwas_api_gwasinfo		
ukb-b-10325	sample_size_kind	total	opengwas_api_gwasinfo	n_cases=;n_controls=	
ukb-b-10325	stored_effect_scale	sd	opengwas_api_gwasinfo		
ukb-b-10351	sample_size_kind	case_control	opengwas_api_gwasinfo	n_cases=4029;n_controls=458904	
ukb-b-10351	stored_effect_scale	sd	opengwas_api_gwasinfo		
ukb-b-10362	sample_size_kind	case_control	opengwas_api_gwasinfo	n_cases=1100;n_controls=461910	
ukb-b-10362	stored_effect_scale	sd	opengwas_api_gwasinfo		
ukb-b-10366	sample_size_kind	case_control	opengwas_api_gwasinfo	n_cases=35147;n_controls=29802	
ukb-b-10366	stored_effect_scale	sd	opengwas_api_gwasinfo		
ukb-b-10368	sample_size_kind	case_control	opengwas_api_gwasinfo	n_cases=2443;n_controls=460567	
ukb-b-10368	stored_effect_scale	sd	opengwas_api_gwasinfo		
ukb-b-10382	sample_size_kind	case_control	opengwas_api_gwasinfo	n_cases=2990;n_controls=460020	
ukb-b-10382	stored_effect_scale	sd	opengwas_api_gwasinfo		
ukb-b-10387	sample_size_kind	case_control	opengwas_api_gwasinfo	n_cases=33509;n_controls=118044	
ukb-b-10387	stored_effect_scale	sd	opengwas_api_gwasinfo		
ukb-b-10409	sample_size_kind	case_control	opengwas_api_gwasinfo	n_cases=1543;n_controls=461467	
ukb-b-10409	stored_effect_scale	sd	opengwas_api_gwasinfo		
ukb-b-1041	sample_size_kind	total	opengwas_api_gwasinfo	n_cases=;n_controls=	
ukb-b-1041	stored_effect_scale	sd	opengwas_api_gwasinfo		
ukb-b-10412	sample_size_kind	total	opengwas_api_gwasinfo	n_cases=;n_controls=	
ukb-b-10412	stored_effect_scale	sd	opengwas_api_gwasinfo		
ukb-b-10414	sample_size_kind	total	opengwas_api_gwasinfo	n_cases=;n_controls=	
ukb-b-10414	stored_effect_scale	sd	opengwas_api_gwasinfo		
ukb-b-10415	sample_size_kind	case_control	opengwas_api_gwasinfo	n_cases=303978;n_controls=103414	
ukb-b-10415	stored_effect_scale	sd	opengwas_api_gwasinfo		
ukb-b-10433	sample_size_kind	case_control	opengwas_api_gwasinfo	n_cases=1437;n_controls=461496	
ukb-b-10433	stored_effect_scale	sd	opengwas_api_gwasinfo		
ukb-b-1044	sample_size_kind	case_control	opengwas_api_gwasinfo	n_cases=1581;n_controls=461429	
ukb-b-1044	stored_effect_scale	sd	opengwas_api_gwasinfo		
ukb-b-10444	sample_size_kind	case_control	opengwas_api_gwasinfo	n_cases=2239;n_controls=460771	
ukb-b-10444	stored_effect_scale	sd	opengwas_api_gwasinfo		
ukb-b-10454	sample_size_kind	case_control	opengwas_api_gwasinfo	n_cases=176419;n_controls=249310	
ukb-b-10454	stored_effect_scale	sd	opengwas_api_gwasinfo		
ukb-b-1046	sample_size_kind	total	opengwas_api_gwasinfo	n_cases=;n_controls=	
ukb-b-1046	stored_effect_scale	sd	opengwas_api_gwasinfo		
ukb-b-10477	sample_size_kind	case_control	opengwas_api_gwasinfo	n_cases=1671;n_controls=461339	
ukb-b-10477	stored_effect_scale	sd	opengwas_api_gwasinfo		
ukb-b-10485	sample_size_kind	case_control	opengwas_api_gwasinfo	n_cases=1007;n_controls=462003	
ukb-b-10485	stored_effect_scale	sd	opengwas_api_gwasinfo		
ukb-b-10490	sample_size_kind	case_control	opengwas_api_gwasinfo	n_cases=2219;n_controls=460791	
ukb-b-10490	stored_effect_scale	sd	opengwas_api_gwasinfo		
ukb-b-10505	sample_size_kind	case_control	opengwas_api_gwasinfo	n_cases=59969;n_controls=398110	
ukb-b-10505	stored_effect_scale	sd	opengwas_api_gwasinfo		
ukb-b-10537	sample_size_kind	case_control	opengwas_api_gwasinfo	n_cases=5314;n_controls=457619	
ukb-b-10537	stored_effect_scale	sd	opengwas_api_gwasinfo		
ukb-b-10546	sample_size_kind	total	opengwas_api_gwasinfo	n_cases=;n_controls=	
ukb-b-10546	stored_effect_scale	sd	opengwas_api_gwasinfo		
ukb-b-10554	sample_size_kind	case_control	opengwas_api_gwasinfo	n_cases=2576;n_controls=460357	
ukb-b-10554	stored_effect_scale	sd	opengwas_api_gwasinfo		
ukb-b-10555	sample_size_kind	case_control	opengwas_api_gwasinfo	n_cases=2046;n_controls=460964	
ukb-b-10555	stored_effect_scale	sd	opengwas_api_gwasinfo		
ukb-b-10559	sample_size_kind	case_control	opengwas_api_gwasinfo	n_cases=83717;n_controls=378907	
ukb-b-10559	stored_effect_scale	sd	opengwas_api_gwasinfo		
ukb-b-10565	sample_size_kind	total	opengwas_api_gwasinfo	n_cases=;n_controls=	
ukb-b-10565	stored_effect_scale	sd	opengwas_api_gwasinfo		
ukb-b-10567	sample_size_kind	case_control	opengwas_api_gwasinfo	n_cases=1960;n_controls=62989	
ukb-b-10567	stored_effect_scale	sd	opengwas_api_gwasinfo		
ukb-b-10586	sample_size_kind	case_control	opengwas_api_gwasinfo	n_cases=1005;n_controls=461928	
ukb-b-10586	stored_effect_scale	sd	opengwas_api_gwasinfo		
ukb-b-10591	sample_size_kind	case_control	opengwas_api_gwasinfo	n_cases=73061;n_controls=384951	
ukb-b-10591	stored_effect_scale	sd	opengwas_api_gwasinfo		
ukb-b-10608	sample_size_kind	case_control	opengwas_api_gwasinfo	n_cases=7548;n_controls=455462	
ukb-b-10608	stored_effect_scale	sd	opengwas_api_gwasinfo		
ukb-b-1061	sample_size_kind	total	opengwas_api_gwasinfo	n_cases=;n_controls=	
ukb-b-1061	stored_effect_scale	sd	opengwas_api_gwasinfo		
ukb-b-10617	sample_size_kind	case_control	opengwas_api_gwasinfo	n_cases=3422;n_controls=459511	
ukb-b-10617	stored_effect_scale	sd	opengwas_api_gwasinfo		
ukb-b-10623	sample_size_kind	case_control	opengwas_api_gwasinfo	n_cases=2447;n_controls=460563	
ukb-b-10623	stored_effect_scale	sd	opengwas_api_gwasinfo		
ukb-b-10629	sample_size_kind	total	opengwas_api_gwasinfo	n_cases=;n_controls=	
ukb-b-10629	stored_effect_scale	sd	opengwas_api_gwasinfo		
ukb-b-10640	sample_size_kind	total	opengwas_api_gwasinfo	n_cases=;n_controls=	
ukb-b-10640	stored_effect_scale	sd	opengwas_api_gwasinfo		
ukb-b-10646	sample_size_kind	case_control	opengwas_api_gwasinfo	n_cases=1942;n_controls=461068	
ukb-b-10646	stored_effect_scale	sd	opengwas_api_gwasinfo		
ukb-b-10655	sample_size_kind	case_control	opengwas_api_gwasinfo	n_cases=25817;n_controls=436681	
ukb-b-10655	stored_effect_scale	sd	opengwas_api_gwasinfo		
ukb-b-10668	sample_size_kind	case_control	opengwas_api_gwasinfo	n_cases=1541;n_controls=461469	
ukb-b-10668	stored_effect_scale	sd	opengwas_api_gwasinfo		
ukb-b-10694	sample_size_kind	case_control	opengwas_api_gwasinfo	n_cases=2076;n_controls=460934	
ukb-b-10694	stored_effect_scale	sd	opengwas_api_gwasinfo		
ukb-b-1070	sample_size_kind	total	opengwas_api_gwasinfo	n_cases=;n_controls=	
ukb-b-1070	stored_effect_scale	sd	opengwas_api_gwasinfo		
ukb-b-10712	sample_size_kind	case_control	opengwas_api_gwasinfo	n_cases=2469;n_controls=460541	
ukb-b-10712	stored_effect_scale	sd	opengwas_api_gwasinfo		
ukb-b-10713	sample_size_kind	case_control	opengwas_api_gwasinfo	n_cases=3296;n_controls=459637	
ukb-b-10713	stored_effect_scale	sd	opengwas_api_gwasinfo		
ukb-b-10733	sample_size_kind	case_control	opengwas_api_gwasinfo	n_cases=1185;n_controls=461748	
ukb-b-10733	stored_effect_scale	sd	opengwas_api_gwasinfo		
ukb-b-10753	sample_size_kind	case_control	opengwas_api_gwasinfo	n_cases=22340;n_controls=439238	
ukb-b-10753	stored_effect_scale	sd	opengwas_api_gwasinfo		
ukb-b-10756	sample_size_kind	case_control	opengwas_api_gwasinfo	n_cases=1543;n_controls=461467	
ukb-b-10756	stored_effect_scale	sd	opengwas_api_gwasinfo		
ukb-b-10766	sample_size_kind	case_control	opengwas_api_gwasinfo	n_cases=1011;n_controls=461922	
ukb-b-10766	stored_effect_scale	sd	opengwas_api_gwasinfo		
ukb-b-10768	sample_size_kind	total	opengwas_api_gwasinfo	n_cases=;n_controls=	
ukb-b-10768	stored_effect_scale	sd	opengwas_api_gwasinfo		
ukb-b-10769	sample_size_kind	case_control	opengwas_api_gwasinfo	n_cases=2459;n_controls=460551	
ukb-b-10769	stored_effect_scale	sd	opengwas_api_gwasinfo		
ukb-b-10771	sample_size_kind	case_control	opengwas_api_gwasinfo	n_cases=18203;n_controls=444807	
ukb-b-10771	stored_effect_scale	sd	opengwas_api_gwasinfo		
ukb-b-10778	sample_size_kind	case_control	opengwas_api_gwasinfo	n_cases=1072;n_controls=461938	
ukb-b-10778	stored_effect_scale	sd	opengwas_api_gwasinfo		
ukb-b-10783	sample_size_kind	case_control	opengwas_api_gwasinfo	n_cases=309513;n_controls=59166	
ukb-b-10783	stored_effect_scale	sd	opengwas_api_gwasinfo		
ukb-b-10787	sample_size_kind	total	opengwas_api_gwasinfo	n_cases=;n_controls=	
ukb-b-10787	stored_effect_scale	sd	opengwas_api_gwasinfo		
ukb-b-10793	sample_size_kind	total	opengwas_api_gwasinfo	n_cases=;n_controls=	
ukb-b-10793	stored_effect_scale	sd	opengwas_api_gwasinfo		
ukb-b-10797	sample_size_kind	case_control	opengwas_api_gwasinfo	n_cases=21415;n_controls=5052	
ukb-b-10797	stored_effect_scale	sd	opengwas_api_gwasinfo		
ukb-b-10806	sample_size_kind	case_control	opengwas_api_gwasinfo	n_cases=185577;n_controls=275821	
ukb-b-10806	stored_effect_scale	sd	opengwas_api_gwasinfo		
ukb-b-10807	sample_size_kind	case_control	opengwas_api_gwasinfo	n_cases=28351;n_controls=394866	
ukb-b-10807	stored_effect_scale	sd	opengwas_api_gwasinfo		
ukb-b-10810	sample_size_kind	case_control	opengwas_api_gwasinfo	n_cases=10371;n_controls=452639	
ukb-b-10810	stored_effect_scale	sd	opengwas_api_gwasinfo		
ukb-b-10813	sample_size_kind	case_control	opengwas_api_gwasinfo	n_cases=1786;n_controls=461224	
ukb-b-10813	stored_effect_scale	sd	opengwas_api_gwasinfo		
ukb-b-10817	sample_size_kind	total	opengwas_api_gwasinfo	n_cases=;n_controls=	
ukb-b-10817	stored_effect_scale	sd	opengwas_api_gwasinfo		
ukb-b-10821	sample_size_kind	case_control	opengwas_api_gwasinfo	n_cases=1079;n_controls=461931	
ukb-b-10821	stored_effect_scale	sd	opengwas_api_gwasinfo		
ukb-b-10827	sample_size_kind	case_control	opengwas_api_gwasinfo	n_cases=15664;n_controls=447269	
ukb-b-10827	stored_effect_scale	sd	opengwas_api_gwasinfo		
ukb-b-10829	sample_size_kind	total	opengwas_api_gwasinfo	n_cases=;n_controls=	
ukb-b-10829	stored_effect_scale	sd	opengwas_api_gwasinfo		
ukb-b-10830	sample_size_kind	total	opengwas_api_gwasinfo	n_cases=;n_controls=	
ukb-b-10830	stored_effect_scale	sd	opengwas_api_gwasinfo		
ukb-b-10831	sample_size_kind	total	opengwas_api_gwasinfo	n_cases=;n_controls=	
ukb-b-10831	stored_effect_scale	sd	opengwas_api_gwasinfo		
ukb-b-10847	sample_size_kind	case_control	opengwas_api_gwasinfo	n_cases=4217;n_controls=458793	
ukb-b-10847	stored_effect_scale	sd	opengwas_api_gwasinfo		
ukb-b-10848	sample_size_kind	case_control	opengwas_api_gwasinfo	n_cases=1136;n_controls=461874	
ukb-b-10848	stored_effect_scale	sd	opengwas_api_gwasinfo		
ukb-b-10849	sample_size_kind	case_control	opengwas_api_gwasinfo	n_cases=1145;n_controls=461865	
ukb-b-10849	stored_effect_scale	sd	opengwas_api_gwasinfo		
ukb-b-10852	sample_size_kind	case_control	opengwas_api_gwasinfo	n_cases=462978;n_controls=22	
ukb-b-10852	stored_effect_scale	sd	opengwas_api_gwasinfo		
ukb-b-10857	sample_size_kind	case_control	opengwas_api_gwasinfo	n_cases=6371;n_controls=455922	
ukb-b-10857	stored_effect_scale	sd	opengwas_api_gwasinfo		
ukb-b-10859	sample_size_kind	case_control	opengwas_api_gwasinfo	n_cases=8429;n_controls=454581	
ukb-b-10859	stored_effect_scale	sd	opengwas_api_gwasinfo		
ukb-b-10872	sample_size_kind	case_control	opengwas_api_gwasinfo	n_cases=2313;n_controls=460697	
ukb-b-10872	stored_effect_scale	sd	opengwas_api_gwasinfo		
ukb-b-10873	sample_size_kind	case_control	opengwas_api_gwasinfo	n_cases=1446;n_controls=461564	
ukb-b-10873	stored_effect_scale	sd	opengwas_api_gwasinfo		
ukb-b-10880	sample_size_kind	case_control	opengwas_api_gwasinfo	n_cases=4538;n_controls=458472	
ukb-b-10880	stored_effect_scale	sd	opengwas_api_gwasinfo		
ukb-b-10903	sample_size_kind	case_control	opengwas_api_gwasinfo	n_cases=3809;n_controls=459124	
ukb-b-10903	stored_effect_scale	sd	opengwas_api_gwasinfo		
ukb-b-10911	sample_size_kind	case_control	opengwas_api_gwasinfo	n_cases=7915;n_controls=455095	
ukb-b-10911	stored_effect_scale	sd	opengwas_api_gwasinfo		
ukb-b-10912	sample_size_kind	case_control	opengwas_api_gwasinfo	n_cases=56753;n_controls=406180	
ukb-b-10912	stored_effect_scale	sd	opengwas_api_gwasinfo		
ukb-b-10919	sample_size_kind	case_control	opengwas_api_gwasinfo	n_cases=1552;n_controls=461458	
ukb-b-10919	stored_effect_scale	sd	opengwas_api_gwasinfo		
ukb-b-1092	sample_size_kind	case_control	opengwas_api_gwasinfo	n_cases=2453;n_controls=460557	
ukb-b-1092	stored_effect_scale	sd	opengwas_api_gwasinfo		
ukb-b-10923	sample_size_kind	case_control	opengwas_api_gwasinfo	n_cases=31833;n_controls=33116	
ukb-b-10923	stored_effect_scale	sd	opengwas_api_gwasinfo		
ukb-b-10932	sample_size_kind	total	opengwas_api_gwasinfo	n_cases=;n_controls=	
ukb-b-10932	stored_effect_scale	sd	opengwas_api_gwasinfo		
ukb-b-10937	sample_size_kind	case_control	opengwas_api_gwasinfo	n_cases=12513;n_controls=448023	
ukb-b-10937	stored_effect_scale	sd	opengwas_api_gwasinfo		
ukb-b-1096	sample_size_kind	total	opengwas_api_gwasinfo	n_cases=;n_controls=	
ukb-b-1096	stored_effect_scale	sd	opengwas_api_gwasinfo		
ukb-b-10979	sample_size_kind	case_control	opengwas_api_gwasinfo	n_cases=81433;n_controls=379965	
ukb-b-10979	stored_effect_scale	sd	opengwas_api_gwasinfo		
ukb-b-1099	sample_size_kind	total	opengwas_api_gwasinfo	n_cases=;n_controls=	
ukb-b-1099	stored_effect_scale	sd	opengwas_api_gwasinfo		
ukb-b-1100	sample_size_kind	case_control	opengwas_api_gwasinfo	n_cases=31833;n_controls=424547	
ukb-b-1100	stored_effect_scale	sd	opengwas_api_gwasinfo		
ukb-b-11002	sample_size_kind	case_control	opengwas_api_gwasinfo	n_cases=2504;n_controls=460506	
ukb-b-11002	stored_effect_scale	sd	opengwas_api_gwasinfo		
ukb-b-11004	sample_size_kind	total	opengwas_api_gwasinfo	n_cases=;n_controls=	
ukb-b-11004	stored_effect_scale	sd	opengwas_api_gwasinfo		
ukb-b-11010	sample_size_kind	case_control	opengwas_api_gwasinfo	n_cases=8247;n_controls=451353	
ukb-b-11010	stored_effect_scale	sd	opengwas_api_gwasinfo		
ukb-b-11015	sample_size_kind	case_control	opengwas_api_gwasinfo	n_cases=6305;n_controls=456705	
ukb-b-11015	stored_effect_scale	sd	opengwas_api_gwasinfo		
ukb-b-11020	sample_size_kind	case_control	opengwas_api_gwasinfo	n_cases=5766;n_controls=457244	
ukb-b-11020	stored_effect_scale	sd	opengwas_api_gwasinfo		
ukb-b-11025	sample_size_kind	case_control	opengwas_api_gwasinfo	n_cases=194936;n_controls=50428	
ukb-b-11025	stored_effect_scale	sd	opengwas_api_gwasinfo		
ukb-b-11045	sample_size_kind	case_control	opengwas_api_gwasinfo	n_cases=1477;n_controls=461533	
ukb-b-11045	stored_effect_scale	sd	opengwas_api_gwasinfo		
ukb-b-11048	sample_size_kind	case_control	opengwas_api_gwasinfo	n_cases=27761;n_controls=86227	
ukb-b-11048	stored_effect_scale	sd	opengwas_api_gwasinfo		
ukb-b-11052	sample_size_kind	case_control	opengwas_api_gwasinfo	n_cases=1972;n_controls=461038	
ukb-b-11052	stored_effect_scale	sd	opengwas_api_gwasinfo		
ukb-b-11064	sample_size_kind	case_control	opengwas_api_gwasinfo	n_cases=3358;n_controls=459652	
ukb-b-11064	stored_effect_scale	sd	opengwas_api_gwasinfo		
ukb-b-11065	sample_size_kind	case_control	opengwas_api_gwasinfo	n_cases=1122;n_controls=461888	
ukb-b-11065	stored_effect_scale	sd	opengwas_api_gwasinfo		
ukb-b-11075	sample_size_kind	case_control	opengwas_api_gwasinfo	n_cases=145707;n_controls=315677	
ukb-b-11075	stored_effect_scale	sd	opengwas_api_gwasinfo		
ukb-b-11076	sample_size_kind	total	opengwas_api_gwasinfo	n_cases=;n_controls=	
ukb-b-11076	stored_effect_scale	sd	opengwas_api_gwasinfo		
ukb-b-11085	sample_size_kind	case_control	opengwas_api_gwasinfo	n_cases=252893;n_controls=204654	
ukb-b-11085	stored_effect_scale	sd	opengwas_api_gwasinfo		
ukb-b-11113	sample_size_kind	total	opengwas_api_gwasinfo	n_cases=;n_controls=	
ukb-b-11113	stored_effect_scale	sd	opengwas_api_gwasinfo		
ukb-b-11120	sample_size_kind	case_control	opengwas_api_gwasinfo	n_cases=5657;n_controls=457276	
ukb-b-11120	stored_effect_scale	sd	opengwas_api_gwasinfo		
ukb-b-11133	sample_size_kind	case_control	opengwas_api_gwasinfo	n_cases=1702;n_controls=461308	
ukb-b-11133	stored_effect_scale	sd	opengwas_api_gwasinfo		
ukb-b-11138	sample_size_kind	case_control	opengwas_api_gwasinfo	n_cases=15526;n_controls=49423	
ukb-b-11138	stored_effect_scale	sd	opengwas_api_gwasinfo		
ukb-b-11141	sample_size_kind	total	opengwas_api_gwasinfo	n_cases=;n_controls=	
ukb-b-11141	stored_effect_scale	sd	opengwas_api_gwasinfo		
ukb-b-11158	sample_size_kind	case_control	opengwas_api_gwasinfo	n_cases=370230;n_controls=92703	
ukb-b-11158	stored_effect_scale	sd	opengwas_api_gwasinfo		
ukb-b-11161	sample_size_kind	case_control	opengwas_api_gwasinfo	n_cases=13314;n_controls=447799	
ukb-b-11161	stored_effect_scale	sd	opengwas_api_gwasinfo		
ukb-b-11182	sample_size_kind	total	opengwas_api_gwasinfo	n_cases=;n_controls=	
ukb-b-11182	stored_effect_scale	sd	opengwas_api_gwasinfo		
ukb-b-11188	sample_size_kind	case_control	opengwas_api_gwasinfo	n_cases=3070;n_controls=421803	
ukb-b-11188	stored_effect_scale	sd	opengwas_api_gwasinfo		
ukb-b-11189	sample_size_kind	case_control	opengwas_api_gwasinfo	n_cases=1376;n_controls=63573	
ukb-b-11189	stored_effect_scale	sd	opengwas_api_gwasinfo		
ukb-b-11207	sample_size_kind	total	opengwas_api_gwasinfo	n_cases=;n_controls=	
ukb-b-11207	stored_effect_scale	sd	opengwas_api_gwasinfo		
ukb-b-11209	sample_size_kind	case_control	opengwas_api_gwasinfo	n_cases=2043;n_controls=460967	
ukb-b-11209	stored_effect_scale	sd	opengwas_api_gwasinfo		
ukb-b-11231	sample_size_kind	case_control	opengwas_api_gwasinfo	n_cases=3509;n_controls=459501	
ukb-b-11231	stored_effect_scale	sd	opengwas_api_gwasinfo		
ukb-b-11241	sample_size_kind	case_control	opengwas_api_gwasinfo	n_cases=2495;n_controls=460438	
ukb-b-11241	stored_effect_scale	sd	opengwas_api_gwasinfo		
ukb-b-11247	sample_size_kind	case_control	opengwas_api_gwasinfo	n_cases=5378;n_controls=455759	
ukb-b-11247	stored_effect_scale	sd	opengwas_api_gwasinfo		
ukb-b-11261	sample_size_kind	case_control	opengwas_api_gwasinfo	n_cases=6198;n_controls=456812	
ukb-b-11261	stored_effect_scale	sd	opengwas_api_gwasinfo		
ukb-b-11262	sample_size_kind	case_control	opengwas_api_gwasinfo	n_cases=6176;n_controls=456824	
ukb-b-11262	stored_effect_scale	sd	opengwas_api_gwasinfo		
ukb-b-11268	sample_size_kind	case_control	opengwas_api_gwasinfo	n_cases=52427;n_controls=410506	
ukb-b-11268	stored_effect_scale	sd	opengwas_api_gwasinfo		
ukb-b-11272	sample_size_kind	total	opengwas_api_gwasinfo	n_cases=;n_controls=	
ukb-b-11272	stored_effect_scale	sd	opengwas_api_gwasinfo		
ukb-b-11274	sample_size_kind	case_control	opengwas_api_gwasinfo	n_cases=1093;n_controls=461917	
ukb-b-11274	stored_effect_scale	sd	opengwas_api_gwasinfo		
ukb-b-11282	sample_size_kind	case_control	opengwas_api_gwasinfo	n_cases=2572;n_controls=460361	
ukb-b-11282	stored_effect_scale	sd	opengwas_api_gwasinfo		
ukb-b-11285	sample_size_kind	case_control	opengwas_api_gwasinfo	n_cases=1751;n_controls=459629	
ukb-b-11285	stored_effect_scale	sd	opengwas_api_gwasinfo		
ukb-b-11297	sample_size_kind	case_control	opengwas_api_gwasinfo	n_cases=14283;n_controls=98300	
ukb-b-11297	stored_effect_scale	sd	opengwas_api_gwasinfo		
ukb-b-11298	sample_size_kind	case_control	opengwas_api_gwasinfo	n_cases=2554;n_controls=460456	
ukb-b-11298	stored_effect_scale	sd	opengwas_api_gwasinfo		
ukb-b-11303	sample_size_kind	total	opengwas_api_gwasinfo	n_cases=;n_controls=	
ukb-b-11303	stored_effect_scale	sd	opengwas_api_gwasinfo		
ukb-b-11311	sample_size_kind	case_control	opengwas_api_gwasinfo	n_cases=1523;n_controls=461487	
ukb-b-11311	stored_effect_scale	sd	opengwas_api_gwasinfo		
ukb-b-11312	sample_size_kind	total	opengwas_api_gwasinfo	n_cases=;n_controls=	
ukb-b-11312	stored_effect_scale	sd	opengwas_api_gwasinfo		
ukb-b-11348	sample_size_kind	total	opengwas_api_gwasinfo	n_cases=;n_controls=	
ukb-b-11348	stored_effect_scale	sd	opengwas_api_gwasinfo		
ukb-b-11349	sample_size_kind	total	opengwas_api_gwasinfo	n_cases=;n_controls=	
ukb-b-11349	stored_effect_scale	sd	opengwas_api_gwasinfo		
ukb-b-11355	sample_size_kind	case_control	opengwas_api_gwasinfo	n_cases=48981;n_controls=64249	
ukb-b-11355	stored_effect_scale	sd	opengwas_api_gwasinfo		
ukb-b-11358	sample_size_kind	total	opengwas_api_gwasinfo	n_cases=;n_controls=	
ukb-b-11358	stored_effect_scale	sd	opengwas_api_gwasinfo		
ukb-b-11361	sample_size_kind	total	opengwas_api_gwasinfo	n_cases=;n_controls=	
ukb-b-11361	stored_effect_scale	sd	opengwas_api_gwasinfo		
ukb-b-11364	sample_size_kind	total	opengwas_api_gwasinfo	n_cases=;n_controls=	
ukb-b-11364	stored_effect_scale	sd	opengwas_api_gwasinfo		
ukb-b-11369	sample_size_kind	case_control	opengwas_api_gwasinfo	n_cases=1125;n_controls=461885	
ukb-b-11369	stored_effect_scale	sd	opengwas_api_gwasinfo		
ukb-b-1138	sample_size_kind	total	opengwas_api_gwasinfo	n_cases=;n_controls=	
ukb-b-1138	stored_effect_scale	sd	opengwas_api_gwasinfo		
ukb-b-11381	sample_size_kind	case_control	opengwas_api_gwasinfo	n_cases=2128;n_controls=460882	
ukb-b-11381	stored_effect_scale	sd	opengwas_api_gwasinfo		
ukb-b-11388	sample_size_kind	case_control	opengwas_api_gwasinfo	n_cases=9201;n_controls=453809	
ukb-b-11388	stored_effect_scale	sd	opengwas_api_gwasinfo		
ukb-b-11402	sample_size_kind	case_control	opengwas_api_gwasinfo	n_cases=1975;n_controls=460958	
ukb-b-11402	stored_effect_scale	sd	opengwas_api_gwasinfo		
ukb-b-11403	sample_size_kind	case_control	opengwas_api_gwasinfo	n_cases=1464;n_controls=461546	
ukb-b-11403	stored_effect_scale	sd	opengwas_api_gwasinfo		
ukb-b-11409	sample_size_kind	case_control	opengwas_api_gwasinfo	n_cases=1054;n_controls=461956	
ukb-b-11409	stored_effect_scale	sd	opengwas_api_gwasinfo		
ukb-b-11411	sample_size_kind	case_control	opengwas_api_gwasinfo	n_cases=9440;n_controls=452573	
ukb-b-11411	stored_effect_scale	sd	opengwas_api_gwasinfo		
ukb-b-11412	sample_size_kind	case_control	opengwas_api_gwasinfo	n_cases=1512;n_controls=461498	
ukb-b-11412	stored_effect_scale	sd	opengwas_api_gwasinfo		
ukb-b-11413	sample_size_kind	case_control	opengwas_api_gwasinfo	n_cases=39646;n_controls=422211	
ukb-b-11413	stored_effect_scale	sd	opengwas_api_gwasinfo		
ukb-b-11417	sample_size_kind	case_control	opengwas_api_gwasinfo	n_cases=3530;n_controls=459480	
ukb-b-11417	stored_effect_scale	sd	opengwas_api_gwasinfo		
ukb-b-11427	sample_size_kind	case_control	opengwas_api_gwasinfo	n_cases=3638;n_controls=459372	
ukb-b-11427	stored_effect_scale	sd	opengwas_api_gwasinfo		
ukb-b-11447	sample_size_kind	case_control	opengwas_api_gwasinfo	n_cases=1688;n_controls=461322	
ukb-b-11447	stored_effect_scale	sd	opengwas_api_gwasinfo		
ukb-b-11452	sample_size_kind	total	opengwas_api_gwasinfo	n_cases=;n_controls=	
ukb-b-11452	stored_effect_scale	sd	opengwas_api_gwasinfo		
ukb-b-11459	sample_size_kind	case_control	opengwas_api_gwasinfo	n_cases=2464;n_controls=460546	
ukb-b-11459	stored_effect_scale	sd	opengwas_api_gwasinfo		
ukb-b-11461	sample_size_kind	case_control	opengwas_api_gwasinfo	n_cases=13478;n_controls=444069	
ukb-b-11461	stored_effect_scale	sd	opengwas_api_gwasinfo		
ukb-b-11463	sample_size_kind	total	opengwas_api_gwasinfo	n_cases=;n_controls=	
ukb-b-11463	stored_effect_scale	sd	opengwas_api_gwasinfo		
ukb-b-11465	sample_size_kind	case_control	opengwas_api_gwasinfo	n_cases=1962;n_controls=458574	
ukb-b-11465	stored_effect_scale	sd	opengwas_api_gwasinfo		
ukb-b-1147	sample_size_kind	case_control	opengwas_api_gwasinfo	n_cases=1016;n_controls=461994	
ukb-b-1147	stored_effect_scale	sd	opengwas_api_gwasinfo		
ukb-b-11480	sample_size_kind	total	opengwas_api_gwasinfo	n_cases=;n_controls=	
ukb-b-11480	stored_effect_scale	sd	opengwas_api_gwasinfo		
ukb-b-11484	sample_size_kind	case_control	opengwas_api_gwasinfo	n_cases=7714;n_controls=455296	
ukb-b-11484	stored_effect_scale	sd	opengwas_api_gwasinfo		
ukb-b-11491	sample_size_kind	total	opengwas_api_gwasinfo	n_cases=;n_controls=	
ukb-b-11491	stored_effect_scale	sd	opengwas_api_gwasinfo		
ukb-b-11492	sample_size_kind	case_control	opengwas_api_gwasinfo	n_cases=1408;n_controls=461525	
ukb-b-11492	stored_effect_scale	sd	opengwas_api_gwasinfo		
ukb-b-11495	sample_size_kind	case_control	opengwas_api_gwasinfo	n_cases=236244;n_controls=224132	
ukb-b-11495	stored_effect_scale	sd	opengwas_api_gwasinfo		
ukb-b-11497	sample_size_kind	case_control	opengwas_api_gwasinfo	n_cases=72111;n_controls=390822	
ukb-b-11497	stored_effect_scale	sd	opengwas_api_gwasinfo		
ukb-b-1153	sample_size_kind	case_control	opengwas_api_gwasinfo	n_cases=1615;n_controls=461395	
ukb-b-1153	stored_effect_scale	sd	opengwas_api_gwasinfo		
ukb-b-11531	sample_size_kind	case_control	opengwas_api_gwasinfo	n_cases=1011;n_controls=461999	
ukb-b-11531	stored_effect_scale	sd	opengwas_api_gwasinfo		
ukb-b-11532	sample_size_kind	total	opengwas_api_gwasinfo	n_cases=;n_controls=	
ukb-b-11532	stored_effect_scale	sd	opengwas_api_gwasinfo		
ukb-b-11535	sample_size_kind	case_control	opengwas_api_gwasinfo	n_cases=89339;n_controls=372045	
ukb-b-11535	stored_effect_scale	sd	opengwas_api_gwasinfo		
ukb-b-11542	sample_size_kind	case_control	opengwas_api_gwasinfo	n_cases=7877;n_controls=23440	
ukb-b-11542	stored_effect_scale	sd	opengwas_api_gwasinfo		
ukb-b-11550	sample_size_kind	case_control	opengwas_api_gwasinfo	n_cases=3518;n_controls=459415	
ukb-b-11550	stored_effect_scale	sd	opengwas_api_gwasinfo		
ukb-b-11553	sample_size_kind	case_control	opengwas_api_gwasinfo	n_cases=1034;n_controls=461976	
ukb-b-11553	stored_effect_scale	sd	opengwas_api_gwasinfo		
ukb-b-11563	sample_size_kind	total	opengwas_api_gwasinfo	n_cases=;n_controls=	
ukb-b-11563	stored_effect_scale	sd	opengwas_api_gwasinfo		
ukb-b-11566	sample_size_kind	case_control	opengwas_api_gwasinfo	n_cases=4540;n_controls=458393	
ukb-b-11566	stored_effect_scale	sd	opengwas_api_gwasinfo		
ukb-b-11567	sample_size_kind	case_control	opengwas_api_gwasinfo	n_cases=1189;n_controls=461821	
ukb-b-11567	stored_effect_scale	sd	opengwas_api_gwasinfo		
ukb-b-11572	sample_size_kind	case_control	opengwas_api_gwasinfo	n_cases=6641;n_controls=456369	
ukb-b-11572	stored_effect_scale	sd	opengwas_api_gwasinfo		
ukb-b-11578	sample_size_kind	case_control	opengwas_api_gwasinfo	n_cases=12799;n_controls=59596	
ukb-b-11578	stored_effect_scale	sd	opengwas_api_gwasinfo		
ukb-b-11582	sample_size_kind	case_control	opengwas_api_gwasinfo	n_cases=9579;n_controls=453431	
ukb-b-11582	stored_effect_scale	sd	opengwas_api_gwasinfo		
ukb-b-11588	sample_size_kind	case_control	opengwas_api_gwasinfo	n_cases=4245;n_controls=27072	
ukb-b-11588	stored_effect_scale	sd	opengwas_api_gwasinfo		
ukb-b-11590	sample_size_kind	case_control	opengwas_api_gwasinfo	n_cases=10693;n_controls=451187	
ukb-b-11590	stored_effect_scale	sd	opengwas_api_gwasinfo		
ukb-b-11598	sample_size_kind	total	opengwas_api_gwasinfo	n_cases=;n_controls=	
ukb-b-11598	stored_effect_scale	sd	opengwas_api_gwasinfo		
ukb-b-1160	sample_size_kind	total	opengwas_api_gwasinfo	n_cases=;n_controls=	
ukb-b-1160	stored_effect_scale	sd	opengwas_api_gwasinfo		
ukb-b-11601	sample_size_kind	case_control	opengwas_api_gwasinfo	n_cases=4670;n_controls=458340	
ukb-b-11601	stored_effect_scale	sd	opengwas_api_gwasinfo		
ukb-b-11605	sample_size_kind	case_control	opengwas_api_gwasinfo	n_cases=27747;n_controls=429800	
ukb-b-11605	stored_effect_scale	sd	opengwas_api_gwasinfo		
ukb-b-11615	sample_size_kind	case_control	opengwas_api_gwasinfo	n_cases=123661;n_controls=334418	
ukb-b-11615	stored_effect_scale	sd	opengwas_api_gwasinfo		
ukb-b-11618	sample_size_kind	case_control	opengwas_api_gwasinfo	n_cases=1617;n_controls=461393	
ukb-b-11618	stored_effect_scale	sd	opengwas_api_gwasinfo		
ukb-b-11632	sample_size_kind	case_control	opengwas_api_gwasinfo	n_cases=17884;n_controls=445049	
ukb-b-11632	stored_effect_scale	sd	opengwas_api_gwasinfo		
ukb-b-11639	sample_size_kind	case_control	opengwas_api_gwasinfo	n_cases=2240;n_controls=460770	
ukb-b-11639	stored_effect_scale	sd	opengwas_api_gwasinfo		
ukb-b-1164	sample_size_kind	total	opengwas_api_gwasinfo	n_cases=;n_controls=	
ukb-b-1164	stored_effect_scale	sd	opengwas_api_gwasinfo		
ukb-b-11650	sample_size_kind	total	opengwas_api_gwasinfo	n_cases=;n_controls=	
ukb-b-11650	stored_effect_scale	sd	opengwas_api_gwasinfo		
ukb-b-1166	sample_size_kind	case_control	opengwas_api_gwasinfo	n_cases=1638;n_controls=461295	
ukb-b-1166	stored_effect_scale	sd	opengwas_api_gwasinfo		
ukb-b-11664	sample_size_kind	case_control	opengwas_api_gwasinfo	n_cases=1254;n_controls=461756	
ukb-b-11664	stored_effect_scale	sd	opengwas_api_gwasinfo		
ukb-b-11666	sample_size_kind	case_control	opengwas_api_gwasinfo	n_cases=8648;n_controls=454362	
ukb-b-11666	stored_effect_scale	sd	opengwas_api_gwasinfo		
ukb-b-11670	sample_size_kind	case_control	opengwas_api_gwasinfo	n_cases=5106;n_controls=457827	
ukb-b-11670	stored_effect_scale	sd	opengwas_api_gwasinfo		
ukb-b-11675	sample_size_kind	case_control	opengwas_api_gwasinfo	n_cases=1457;n_controls=461553	
ukb-b-11675	stored_effect_scale	sd	opengwas_api_gwasinfo		
ukb-b-11679	sample_size_kind	case_control	opengwas_api_gwasinfo	n_cases=2202;n_controls=62747	
ukb-b-11679	stored_effect_scale	sd	opengwas_api_gwasinfo		
ukb-b-11680	sample_size_kind	case_control	opengwas_api_gwasinfo	n_cases=1027;n_controls=461983	
ukb-b-11680	stored_effect_scale	sd	opengwas_api_gwasinfo		
ukb-b-11689	sample_size_kind	case_control	opengwas_api_gwasinfo	n_cases=2899;n_controls=460034	
ukb-b-11689	stored_effect_scale	sd	opengwas_api_gwasinfo		
ukb-b-11697	sample_size_kind	total	opengwas_api_gwasinfo	n_cases=;n_controls=	
ukb-b-11697	stored_effect_scale	sd	opengwas_api_gwasinfo		
ukb-b-117	sample_size_kind	total	opengwas_api_gwasinfo	n_cases=;n_controls=	
ukb-b-117	stored_effect_scale	sd	opengwas_api_gwasinfo		
ukb-b-11705	sample_size_kind	case_control	opengwas_api_gwasinfo	n_cases=1214;n_controls=461796	
ukb-b-11705	stored_effect_scale	sd	opengwas_api_gwasinfo		
ukb-b-11709	sample_size_kind	case_control	opengwas_api_gwasinfo	n_cases=2692;n_controls=460318	
ukb-b-11709	stored_effect_scale	sd	opengwas_api_gwasinfo		
ukb-b-11725	sample_size_kind	case_control	opengwas_api_gwasinfo	n_cases=3113;n_controls=61836	
ukb-b-11725	stored_effect_scale	sd	opengwas_api_gwasinfo		
ukb-b-11736	sample_size_kind	case_control	opengwas_api_gwasinfo	n_cases=1321;n_controls=461612	
ukb-b-11736	stored_effect_scale	sd	opengwas_api_gwasinfo		
ukb-b-11740	sample_size_kind	case_control	opengwas_api_gwasinfo	n_cases=48450;n_controls=161188	
ukb-b-11740	stored_effect_scale	sd	opengwas_api_gwasinfo		
ukb-b-11748	sample_size_kind	case_control	opengwas_api_gwasinfo	n_cases=1306;n_controls=461704	
ukb-b-11748	stored_effect_scale	sd	opengwas_api_gwasinfo		
ukb-b-11749	sample_size_kind	case_control	opengwas_api_gwasinfo	n_cases=299164;n_controls=163673	
ukb-b-11749	stored_effect_scale	sd	opengwas_api_gwasinfo		
ukb-b-11751	sample_size_kind	case_control	opengwas_api_gwasinfo	n_cases=1555;n_controls=461378	
ukb-b-11751	stored_effect_scale	sd	opengwas_api_gwasinfo		
ukb-b-1176	sample_size_kind	case_control	opengwas_api_gwasinfo	n_cases=1204;n_controls=461806	
ukb-b-1176	stored_effect_scale	sd	opengwas_api_gwasinfo		
ukb-b-11765	sample_size_kind	case_control	opengwas_api_gwasinfo	n_cases=4945;n_controls=439292	
ukb-b-11765	stored_effect_scale	sd	opengwas_api_gwasinfo		
ukb-b-11768	sample_size_kind	total	opengwas_api_gwasinfo	n_cases=;n_controls=	
ukb-b-11768	stored_effect_scale	sd	opengwas_api_gwasinfo		
ukb-b-11771	sample_size_kind	case_control	opengwas_api_gwasinfo	n_cases=1039;n_controls=461971	
ukb-b-11771	stored_effect_scale	sd	opengwas_api_gwasinfo		
ukb-b-11780	sample_size_kind	case_control	opengwas_api_gwasinfo	n_cases=5758;n_controls=457252	
ukb-b-11780	stored_effect_scale	sd	opengwas_api_gwasinfo		
ukb-b-11800	sample_size_kind	case_control	opengwas_api_gwasinfo	n_cases=1221;n_controls=461789	
ukb-b-11800	stored_effect_scale	sd	opengwas_api_gwasinfo		
ukb-b-11842	sample_size_kind	total	opengwas_api_gwasinfo	n_cases=;n_controls=	
ukb-b-11842	stored_effect_scale	sd	opengwas_api_gwasinfo		
ukb-b-11856	sample_size_kind	case_control	opengwas_api_gwasinfo	n_cases=23749;n_controls=421629	
ukb-b-11856	stored_effect_scale	sd	opengwas_api_gwasinfo		
ukb-b-11862	sample_size_kind	case_control	opengwas_api_gwasinfo	n_cases=3039;n_controls=459894	
ukb-b-11862	stored_effect_scale	sd	opengwas_api_gwasinfo		
ukb-b-11866	sample_size_kind	total	opengwas_api_gwasinfo	n_cases=;n_controls=	
ukb-b-11866	stored_effect_scale	sd	opengwas_api_gwasinfo		
ukb-b-11867	sample_size_kind	case_control	opengwas_api_gwasinfo	n_cases=3778;n_controls=459155	
ukb-b-11867	stored_effect_scale	sd	opengwas_api_gwasinfo		
ukb-b-11874	sample_size_kind	case_control	opengwas_api_gwasinfo	n_cases=1523;n_controls=461487	
ukb-b-11874	stored_effect_scale	sd	opengwas_api_gwasinfo		
ukb-b-11878	sample_size_kind	case_control	opengwas_api_gwasinfo	n_cases=4160;n_controls=458773	
ukb-b-11878	stored_effect_scale	sd	opengwas_api_gwasinfo		
ukb-b-11880	sample_size_kind	total	opengwas_api_gwasinfo	n_cases=;n_controls=	
ukb-b-11880	stored_effect_scale	sd	opengwas_api_gwasinfo		
ukb-b-11886	sample_size_kind	case_control	opengwas_api_gwasinfo	n_cases=2831;n_controls=460102	
ukb-b-11886	stored_effect_scale	sd	opengwas_api_gwasinfo		
ukb-b-11895	sample_size_kind	case_control	opengwas_api_gwasinfo	n_cases=21448;n_controls=441485	
ukb-b-11895	stored_effect_scale	sd	opengwas_api_gwasinfo		
ukb-b-1190	sample_size_kind	case_control	opengwas_api_gwasinfo	n_cases=2616;n_controls=460394	
ukb-b-1190	stored_effect_scale	sd	opengwas_api_gwasinfo		
ukb-b-11906	sample_size_kind	case_control	opengwas_api_gwasinfo	n_cases=2237;n_controls=460773	
ukb-b-11906	stored_effect_scale	sd	opengwas_api_gwasinfo		
ukb-b-11908	sample_size_kind	case_control	opengwas_api_gwasinfo	n_cases=3360;n_controls=459650	
ukb-b-11908	stored_effect_scale	sd	opengwas_api_gwasinfo		
ukb-b-11926	sample_size_kind	total	opengwas_api_gwasinfo	n_cases=;n_controls=	
ukb-b-11926	stored_effect_scale	sd	opengwas_api_gwasinfo		
ukb-b-11943	sample_size_kind	case_control	opengwas_api_gwasinfo	n_cases=2603;n_controls=62346	
ukb-b-11943	stored_effect_scale	sd	opengwas_api_gwasinfo		
ukb-b-11971	sample_size_kind	total	opengwas_api_gwasinfo	n_cases=;n_controls=	
ukb-b-11971	stored_effect_scale	sd	opengwas_api_gwasinfo		
ukb-b-11972	sample_size_kind	case_control	opengwas_api_gwasinfo	n_cases=1245;n_controls=461765	
ukb-b-11972	stored_effect_scale	sd	opengwas_api_gwasinfo		
ukb-b-12014	sample_size_kind	case_control	opengwas_api_gwasinfo	n_cases=139819;n_controls=69819	
ukb-b-12014	stored_effect_scale	sd	opengwas_api_gwasinfo		
ukb-b-12018	sample_size_kind	case_control	opengwas_api_gwasinfo	n_cases=25314;n_controls=398378	
ukb-b-12018	stored_effect_scale	sd	opengwas_api_gwasinfo		
ukb-b-12019	sample_size_kind	total	opengwas_api_gwasinfo	n_cases=;n_controls=	
ukb-b-12019	stored_effect_scale	sd	opengwas_api_gwasinfo		
ukb-b-12026	sample_size_kind		opengwas_api_gwasinfo		no gwasinfo record returned by the OpenGWAS API
ukb-b-12026	stored_effect_scale		opengwas_api_gwasinfo		no gwasinfo record returned by the OpenGWAS API
ukb-b-12036	sample_size_kind	case_control	opengwas_api_gwasinfo	n_cases=1115;n_controls=461895	
ukb-b-12036	stored_effect_scale	sd	opengwas_api_gwasinfo		
ukb-b-12039	sample_size_kind	total	opengwas_api_gwasinfo	n_cases=;n_controls=	
ukb-b-12039	stored_effect_scale	sd	opengwas_api_gwasinfo		
ukb-b-12040	sample_size_kind	case_control	opengwas_api_gwasinfo	n_cases=9241;n_controls=453692	
ukb-b-12040	stored_effect_scale	sd	opengwas_api_gwasinfo		
ukb-b-12043	sample_size_kind	total	opengwas_api_gwasinfo	n_cases=;n_controls=	
ukb-b-12043	stored_effect_scale	sd	opengwas_api_gwasinfo		
ukb-b-12047	sample_size_kind	case_control	opengwas_api_gwasinfo	n_cases=3700;n_controls=459310	
ukb-b-12047	stored_effect_scale	sd	opengwas_api_gwasinfo		
ukb-b-12051	sample_size_kind	total	opengwas_api_gwasinfo	n_cases=;n_controls=	
ukb-b-12051	stored_effect_scale	sd	opengwas_api_gwasinfo		
ukb-b-12058	sample_size_kind	case_control	opengwas_api_gwasinfo	n_cases=1345;n_controls=461665	
ukb-b-12058	stored_effect_scale	sd	opengwas_api_gwasinfo		
ukb-b-12060	sample_size_kind	case_control	opengwas_api_gwasinfo	n_cases=1008;n_controls=462002	
ukb-b-12060	stored_effect_scale	sd	opengwas_api_gwasinfo		
ukb-b-12064	sample_size_kind	case_control	opengwas_api_gwasinfo	n_cases=26595;n_controls=436338	
ukb-b-12064	stored_effect_scale	sd	opengwas_api_gwasinfo		
ukb-b-12067	sample_size_kind	total	opengwas_api_gwasinfo	n_cases=;n_controls=	
ukb-b-12067	stored_effect_scale	sd	opengwas_api_gwasinfo		
ukb-b-12069	sample_size_kind	case_control	opengwas_api_gwasinfo	n_cases=1836;n_controls=461174	
ukb-b-12069	stored_effect_scale	sd	opengwas_api_gwasinfo		
ukb-b-12087	sample_size_kind	case_control	opengwas_api_gwasinfo	n_cases=1435;n_controls=461575	
ukb-b-12087	stored_effect_scale	sd	opengwas_api_gwasinfo		
ukb-b-12089	sample_size_kind	case_control	opengwas_api_gwasinfo	n_cases=2271;n_controls=460662	
ukb-b-12089	stored_effect_scale	sd	opengwas_api_gwasinfo		
ukb-b-1209	sample_size_kind	total	opengwas_api_gwasinfo	n_cases=;n_controls=	
ukb-b-1209	stored_effect_scale	sd	opengwas_api_gwasinfo		
ukb-b-12095	sample_size_kind	case_control	opengwas_api_gwasinfo	n_cases=12787;n_controls=450146	
ukb-b-12095	stored_effect_scale	sd	opengwas_api_gwasinfo		
ukb-b-12114	sample_size_kind	case_control	opengwas_api_gwasinfo	n_cases=5394;n_controls=457616	
ukb-b-12114	stored_effect_scale	sd	opengwas_api_gwasinfo		
ukb-b-12115	sample_size_kind	case_control	opengwas_api_gwasinfo	n_cases=1445;n_controls=461565	
ukb-b-12115	stored_effect_scale	sd	opengwas_api_gwasinfo		
ukb-b-12122	sample_size_kind	case_control	opengwas_api_gwasinfo	n_cases=2368;n_controls=460642	
ukb-b-12122	stored_effect_scale	sd	opengwas_api_gwasinfo		
ukb-b-12141	sample_size_kind	case_control	opengwas_api_gwasinfo	n_cases=7547;n_controls=455386	
ukb-b-12141	stored_effect_scale	sd	opengwas_api_gwasinfo		
ukb-b-12148	sample_size_kind	case_control	opengwas_api_gwasinfo	n_cases=1134;n_controls=461876	
ukb-b-12148	stored_effect_scale	sd	opengwas_api_gwasinfo		
ukb-b-1215	sample_size_kind	case_control	opengwas_api_gwasinfo	n_cases=1353;n_controls=461657	
ukb-b-1215	stored_effect_scale	sd	opengwas_api_gwasinfo		
ukb-b-12165	sample_size_kind	total	opengwas_api_gwasinfo	n_cases=;n_controls=	
ukb-b-12165	stored_effect_scale	sd	opengwas_api_gwasinfo		
ukb-b-12171	sample_size_kind	case_control	opengwas_api_gwasinfo	n_cases=2294;n_controls=460639	
ukb-b-12171	stored_effect_scale	sd	opengwas_api_gwasinfo		
ukb-b-12176	sample_size_kind	case_control	opengwas_api_gwasinfo	n_cases=1492;n_controls=461518	
ukb-b-12176	stored_effect_scale	sd	opengwas_api_gwasinfo		
ukb-b-12181	sample_size_kind	case_control	opengwas_api_gwasinfo	n_cases=93308;n_controls=368549	
ukb-b-12181	stored_effect_scale	sd	opengwas_api_gwasinfo		
ukb-b-12187	sample_size_kind	case_control	opengwas_api_gwasinfo	n_cases=1014;n_controls=461996	
ukb-b-12187	stored_effect_scale	sd	opengwas_api_gwasinfo		
ukb-b-12191	sample_size_kind	case_control	opengwas_api_gwasinfo	n_cases=1062;n_controls=461948	
ukb-b-12191	stored_effect_scale	sd	opengwas_api_gwasinfo		
ukb-b-1220	sample_size_kind	case_control	opengwas_api_gwasinfo	n_cases=2298;n_controls=460712	
ukb-b-1220	stored_effect_scale	sd	opengwas_api_gwasinfo		
ukb-b-12202	sample_size_kind	case_control	opengwas_api_gwasinfo	n_cases=1355;n_controls=461655	
ukb-b-12202	stored_effect_scale	sd	opengwas_api_gwasinfo		
ukb-b-12204	sample_size_kind	case_control	opengwas_api_gwasinfo	n_cases=2032;n_controls=460978	
ukb-b-12204	stored_effect_scale	sd	opengwas_api_gwasinfo		
ukb-b-12205	sample_size_kind	total	opengwas_api_gwasinfo	n_cases=;n_controls=	
ukb-b-12205	stored_effect_scale	sd	opengwas_api_gwasinfo		
ukb-b-12209	sample_size_kind	case_control	opengwas_api_gwasinfo	n_cases=2454;n_controls=460479	
ukb-b-12209	stored_effect_scale	sd	opengwas_api_gwasinfo		
ukb-b-12217	sample_size_kind	total	opengwas_api_gwasinfo	n_cases=;n_controls=	
ukb-b-12217	stored_effect_scale	sd	opengwas_api_gwasinfo		
ukb-b-12227	sample_size_kind	case_control	opengwas_api_gwasinfo	n_cases=16586;n_controls=345223	
ukb-b-12227	stored_effect_scale	sd	opengwas_api_gwasinfo		
ukb-b-12234	sample_size_kind	case_control	opengwas_api_gwasinfo	n_cases=2447;n_controls=460486	
ukb-b-12234	stored_effect_scale	sd	opengwas_api_gwasinfo		
ukb-b-12236	sample_size_kind	total	opengwas_api_gwasinfo	n_cases=;n_controls=	
ukb-b-12236	stored_effect_scale	sd	opengwas_api_gwasinfo		
ukb-b-12246	sample_size_kind	case_control	opengwas_api_gwasinfo	n_cases=1190;n_controls=461820	
ukb-b-12246	stored_effect_scale	sd	opengwas_api_gwasinfo		
ukb-b-12252	sample_size_kind	case_control	opengwas_api_gwasinfo	n_cases=3795;n_controls=455805	
ukb-b-12252	stored_effect_scale	sd	opengwas_api_gwasinfo		
ukb-b-1226	sample_size_kind		opengwas_api_gwasinfo		no gwasinfo record returned by the OpenGWAS API
ukb-b-1226	stored_effect_scale		opengwas_api_gwasinfo		no gwasinfo record returned by the OpenGWAS API
ukb-b-12265	sample_size_kind	case_control	opengwas_api_gwasinfo	n_cases=2420;n_controls=460590	
ukb-b-12265	stored_effect_scale	sd	opengwas_api_gwasinfo		
ukb-b-12267	sample_size_kind	case_control	opengwas_api_gwasinfo	n_cases=1832;n_controls=461178	
ukb-b-12267	stored_effect_scale	sd	opengwas_api_gwasinfo		
ukb-b-12276	sample_size_kind	case_control	opengwas_api_gwasinfo	n_cases=44775;n_controls=20174	
ukb-b-12276	stored_effect_scale	sd	opengwas_api_gwasinfo		
ukb-b-1228	sample_size_kind	case_control	opengwas_api_gwasinfo	n_cases=1710;n_controls=461300	
ukb-b-1228	stored_effect_scale	sd	opengwas_api_gwasinfo		
ukb-b-12282	sample_size_kind	case_control	opengwas_api_gwasinfo	n_cases=2698;n_controls=460312	
ukb-b-12282	stored_effect_scale	sd	opengwas_api_gwasinfo		
ukb-b-123	sample_size_kind	case_control	opengwas_api_gwasinfo	n_cases=1385;n_controls=461625	
ukb-b-123	stored_effect_scale	sd	opengwas_api_gwasinfo		
ukb-b-12301	sample_size_kind	case_control	opengwas_api_gwasinfo	n_cases=5499;n_controls=457434	
ukb-b-12301	stored_effect_scale	sd	opengwas_api_gwasinfo		
ukb-b-12304	sample_size_kind	case_control	opengwas_api_gwasinfo	n_cases=8184;n_controls=105804	
ukb-b-12304	stored_effect_scale	sd	opengwas_api_gwasinfo		
ukb-b-12313	sample_size_kind	case_control	opengwas_api_gwasinfo	n_cases=1781;n_controls=461152	
ukb-b-12313	stored_effect_scale	sd	opengwas_api_gwasinfo		
ukb-b-12316	sample_size_kind	case_control	opengwas_api_gwasinfo	n_cases=1800;n_controls=461210	
ukb-b-12316	stored_effect_scale	sd	opengwas_api_gwasinfo		
ukb-b-1233	sample_size_kind	case_control	opengwas_api_gwasinfo	n_cases=1009;n_controls=462001	
ukb-b-1233	stored_effect_scale	sd	opengwas_api_gwasinfo		
ukb-b-12332	sample_size_kind	case_control	opengwas_api_gwasinfo	n_cases=38496;n_controls=424021	
ukb-b-12332	stored_effect_scale	sd	opengwas_api_gwasinfo		
ukb-b-12339	sample_size_kind	case_control	opengwas_api_gwasinfo	n_cases=1436;n_controls=461497	
ukb-b-12339	stored_effect_scale	sd	opengwas_api_gwasinfo		
ukb-b-1234	sample_size_kind	case_control	opengwas_api_gwasinfo	n_cases=1273;n_controls=111310	
ukb-b-1234	stored_effect_scale	sd	opengwas_api_gwasinfo		
ukb-b-12357	sample_size_kind	case_control	opengwas_api_gwasinfo	n_cases=3229;n_controls=459781	
ukb-b-12357	stored_effect_scale	sd	opengwas_api_gwasinfo		
ukb-b-12362	sample_size_kind	case_control	opengwas_api_gwasinfo	n_cases=1420;n_controls=461590	
ukb-b-12362	stored_effect_scale	sd	opengwas_api_gwasinfo		
ukb-b-12364	sample_size_kind	case_control	opengwas_api_gwasinfo	n_cases=2172;n_controls=460838	
ukb-b-12364	stored_effect_scale	sd	opengwas_api_gwasinfo		
ukb-b-12366	sample_size_kind	case_control	opengwas_api_gwasinfo	n_cases=2369;n_controls=62580	
ukb-b-12366	stored_effect_scale	sd	opengwas_api_gwasinfo		
ukb-b-12379	sample_size_kind	total	opengwas_api_gwasinfo	n_cases=;n_controls=	
ukb-b-12379	stored_effect_scale	sd	opengwas_api_gwasinfo		
ukb-b-12381	sample_size_kind	case_control	opengwas_api_gwasinfo	n_cases=1286;n_controls=461724	
ukb-b-12381	stored_effect_scale	sd	opengwas_api_gwasinfo		
ukb-b-12383	sample_size_kind	case_control	opengwas_api_gwasinfo	n_cases=1047;n_controls=461963	
ukb-b-12383	stored_effect_scale	sd	opengwas_api_gwasinfo		
ukb-b-12386	sample_size_kind	case_control	opengwas_api_gwasinfo	n_cases=1044;n_controls=459447	
ukb-b-12386	stored_effect_scale	sd	opengwas_api_gwasinfo		
ukb-b-12396	sample_size_kind	case_control	opengwas_api_gwasinfo	n_cases=3484;n_controls=440727	
ukb-b-12396	stored_effect_scale	sd	opengwas_api_gwasinfo		
ukb-b-12397	sample_size_kind	case_control	opengwas_api_gwasinfo	n_cases=8890;n_controls=454120	
ukb-b-12397	stored_effect_scale	sd	opengwas_api_gwasinfo		
ukb-b-12405	sample_size_kind	total	opengwas_api_gwasinfo	n_cases=;n_controls=	
ukb-b-12405	stored_effect_scale	sd	opengwas_api_gwasinfo		
ukb-b-12412	sample_size_kind	total	opengwas_api_gwasinfo	n_cases=;n_controls=	
ukb-b-12412	stored_effect_scale	sd	opengwas_api_gwasinfo		
ukb-b-12417	sample_size_kind	total	opengwas_api_gwasinfo	n_cases=;n_controls=	
ukb-b-12417	stored_effect_scale	sd	opengwas_api_gwasinfo		
ukb-b-12433	sample_size_kind	case_control	opengwas_api_gwasinfo	n_cases=1954;n_controls=461056	
ukb-b-12433	stored_effect_scale	sd	opengwas_api_gwasinfo		
ukb-b-12439	sample_size_kind	case_control	opengwas_api_gwasinfo	n_cases=1494;n_controls=461516	
ukb-b-12439	stored_effect_scale	sd	opengwas_api_gwasinfo		
ukb-b-12440	sample_size_kind	total	opengwas_api_gwasinfo	n_cases=;n_controls=	
ukb-b-12440	stored_effect_scale	sd	opengwas_api_gwasinfo		
ukb-b-12465	sample_size_kind	case_control	opengwas_api_gwasinfo	n_cases=3511;n_controls=459422	
ukb-b-12465	stored_effect_scale	sd	opengwas_api_gwasinfo		
ukb-b-12466	sample_size_kind	case_control	opengwas_api_gwasinfo	n_cases=1222;n_controls=461711	
ukb-b-12466	stored_effect_scale	sd	opengwas_api_gwasinfo		
ukb-b-12472	sample_size_kind	case_control	opengwas_api_gwasinfo	n_cases=1013;n_controls=461997	
ukb-b-12472	stored_effect_scale	sd	opengwas_api_gwasinfo		
ukb-b-12474	sample_size_kind	case_control	opengwas_api_gwasinfo	n_cases=2717;n_controls=460216	
ukb-b-12474	stored_effect_scale	sd	opengwas_api_gwasinfo		
ukb-b-12477	sample_size_kind	case_control	opengwas_api_gwasinfo	n_cases=85620;n_controls=340620	
ukb-b-12477	stored_effect_scale	sd	opengwas_api_gwasinfo		
ukb-b-12483	sample_size_kind	case_control	opengwas_api_gwasinfo	n_cases=1026;n_controls=461984	
ukb-b-12483	stored_effect_scale	sd	opengwas_api_gwasinfo		
ukb-b-12493	sample_size_kind	case_control	opengwas_api_gwasinfo	n_cases=54358;n_controls=408652	
ukb-b-12493	stored_effect_scale	sd	opengwas_api_gwasinfo		
ukb-b-12499	sample_size_kind	case_control	opengwas_api_gwasinfo	n_cases=3710;n_controls=459300	
ukb-b-12499	stored_effect_scale	sd	opengwas_api_gwasinfo		
ukb-b-12506	sample_size_kind	case_control	opengwas_api_gwasinfo	n_cases=13548;n_controls=446803	
ukb-b-12506	stored_effect_scale	sd	opengwas_api_gwasinfo		
ukb-b-12508	sample_size_kind	case_control	opengwas_api_gwasinfo	n_cases=1608;n_controls=461402	
ukb-b-12508	stored_effect_scale	sd	opengwas_api_gwasinfo		
ukb-b-1251	sample_size_kind	case_control	opengwas_api_gwasinfo	n_cases=1470;n_controls=461540	
ukb-b-1251	stored_effect_scale	sd	opengwas_api_gwasinfo		
ukb-b-12510	sample_size_kind	case_control	opengwas_api_gwasinfo	n_cases=9411;n_controls=453599	
ukb-b-12510	stored_effect_scale	sd	opengwas_api_gwasinfo		
ukb-b-12511	sample_size_kind	case_control	opengwas_api_gwasinfo	n_cases=2380;n_controls=62569	
ukb-b-12511	stored_effect_scale	sd	opengwas_api_gwasinfo		
ukb-b-1252	sample_size_kind	total	opengwas_api_gwasinfo	n_cases=;n_controls=	
ukb-b-1252	stored_effect_scale	sd	opengwas_api_gwasinfo		
ukb-b-12549	sample_size_kind	case_control	opengwas_api_gwasinfo	n_cases=1778;n_controls=63171	
ukb-b-12549	stored_effect_scale	sd	opengwas_api_gwasinfo		
ukb-b-1255	sample_size_kind	total	opengwas_api_gwasinfo	n_cases=;n_controls=	
ukb-b-1255	stored_effect_scale	sd	opengwas_api_gwasinfo		
ukb-b-12556	sample_size_kind	case_control	opengwas_api_gwasinfo	n_cases=2024;n_controls=460986	
ukb-b-12556	stored_effect_scale	sd	opengwas_api_gwasinfo		
ukb-b-12558	sample_size_kind	total	opengwas_api_gwasinfo	n_cases=;n_controls=	
ukb-b-12558	stored_effect_scale	sd	opengwas_api_gwasinfo		
ukb-b-12561	sample_size_kind	case_control	opengwas_api_gwasinfo	n_cases=1209;n_controls=461801	
ukb-b-12561	stored_effect_scale	sd	opengwas_api_gwasinfo		
ukb-b-12566	sample_size_kind	total	opengwas_api_gwasinfo	n_cases=;n_controls=	
ukb-b-12566	stored_effect_scale	sd	opengwas_api_gwasinfo		
ukb-b-1259	sample_size_kind	case_control	opengwas_api_gwasinfo	n_cases=1229;n_controls=461781	
ukb-b-1259	stored_effect_scale	sd	opengwas_api_gwasinfo		
ukb-b-1260	sample_size_kind	total	opengwas_api_gwasinfo	n_cases=;n_controls=	
ukb-b-1260	stored_effect_scale	sd	opengwas_api_gwasinfo		
ukb-b-12602	sample_size_kind	total	opengwas_api_gwasinfo	n_cases=;n_controls=	
ukb-b-12602	stored_effect_scale	sd	opengwas_api_gwasinfo		
ukb-b-12604	sample_size_kind	case_control	opengwas_api_gwasinfo	n_cases=1145;n_controls=461865	
ukb-b-12604	stored_effect_scale	sd	opengwas_api_gwasinfo		
ukb-b-1261	sample_size_kind	case_control	opengwas_api_gwasinfo	n_cases=3005;n_controls=460005	
ukb-b-1261	stored_effect_scale	sd	opengwas_api_gwasinfo		
ukb-b-12617	sample_size_kind	case_control	opengwas_api_gwasinfo	n_cases=2506;n_controls=460504	
ukb-b-12617	stored_effect_scale	sd	opengwas_api_gwasinfo		
ukb-b-12620	sample_size_kind	case_control	opengwas_api_gwasinfo	n_cases=1592;n_controls=461418	
ukb-b-12620	stored_effect_scale	sd	opengwas_api_gwasinfo		
ukb-b-12621	sample_size_kind	case_control	opengwas_api_gwasinfo	n_cases=79047;n_controls=168133	
ukb-b-12621	stored_effect_scale	sd	opengwas_api_gwasinfo		
ukb-b-12623	sample_size_kind	case_control	opengwas_api_gwasinfo	n_cases=3917;n_controls=459016	
ukb-b-12623	stored_effect_scale	sd	opengwas_api_gwasinfo		
ukb-b-12626	sample_size_kind	case_control	opengwas_api_gwasinfo	n_cases=3857;n_controls=61092	
ukb-b-12626	stored_effect_scale	sd	opengwas_api_gwasinfo		
ukb-b-12646	sample_size_kind	case_control	opengwas_api_gwasinfo	n_cases=87031;n_controls=361904	
ukb-b-12646	stored_effect_scale	sd	opengwas_api_gwasinfo		
ukb-b-12648	sample_size_kind	case_control	opengwas_api_gwasinfo	n_cases=17879;n_controls=442472	
ukb-b-12648	stored_effect_scale	sd	opengwas_api_gwasinfo		
ukb-b-12651	sample_size_kind	case_control	opengwas_api_gwasinfo	n_cases=22622;n_controls=440388	
ukb-b-12651	stored_effect_scale	sd	opengwas_api_gwasinfo		
ukb-b-12654	sample_size_kind	case_control	opengwas_api_gwasinfo	n_cases=16191;n_controls=15315	
ukb-b-12654	stored_effect_scale	sd	opengwas_api_gwasinfo		
ukb-b-12658	sample_size_kind	total	opengwas_api_gwasinfo	n_cases=;n_controls=	
ukb-b-12658	stored_effect_scale	sd	opengwas_api_gwasinfo		
ukb-b-12670	sample_size_kind	total	opengwas_api_gwasinfo	n_cases=;n_controls=	
ukb-b-12670	stored_effect_scale	sd	opengwas_api_gwasinfo		
ukb-b-12687	sample_size_kind	total	opengwas_api_gwasinfo	n_cases=;n_controls=	
ukb-b-12687	stored_effect_scale	sd	opengwas_api_gwasinfo		
ukb-b-12703	sample_size_kind	case_control	opengwas_api_gwasinfo	n_cases=1054;n_controls=461956	
ukb-b-12703	stored_effect_scale	sd	opengwas_api_gwasinfo		
ukb-b-12722	sample_size_kind	case_control	opengwas_api_gwasinfo	n_cases=7122;n_controls=455811	
ukb-b-12722	stored_effect_scale	sd	opengwas_api_gwasinfo		
ukb-b-12725	sample_size_kind	case_control	opengwas_api_gwasinfo	n_cases=1211;n_controls=461722	
ukb-b-12725	stored_effect_scale	sd	opengwas_api_gwasinfo		
ukb-b-12729	sample_size_kind	case_control	opengwas_api_gwasinfo	n_cases=1638;n_controls=461295	
ukb-b-12729	stored_effect_scale	sd	opengwas_api_gwasinfo		
ukb-b-12741	sample_size_kind	case_control	opengwas_api_gwasinfo	n_cases=22239;n_controls=440771	
ukb-b-12741	stored_effect_scale	sd	opengwas_api_gwasinfo		
ukb-b-12747	sample_size_kind	case_control	opengwas_api_gwasinfo	n_cases=1244;n_controls=461766	
ukb-b-12747	stored_effect_scale	sd	opengwas_api_gwasinfo		
ukb-b-12753	sample_size_kind	case_control	opengwas_api_gwasinfo	n_cases=12212;n_controls=13274	
ukb-b-12753	stored_effect_scale	sd	opengwas_api_gwasinfo		
ukb-b-12762	sample_size_kind	case_control	opengwas_api_gwasinfo	n_cases=1912;n_controls=461098	
ukb-b-12762	stored_effect_scale	sd	opengwas_api_gwasinfo		
ukb-b-12763	sample_size_kind	total	opengwas_api_gwasinfo	n_cases=;n_controls=	
ukb-b-12763	stored_effect_scale	sd	opengwas_api_gwasinfo		
ukb-b-12765	sample_size_kind	case_control	opengwas_api_gwasinfo	n_cases=1042;n_controls=461968	
ukb-b-12765	stored_effect_scale	sd	opengwas_api_gwasinfo		
ukb-b-12777	sample_size_kind	case_control	opengwas_api_gwasinfo	n_cases=62810;n_controls=339806	
ukb-b-12777	stored_effect_scale	sd	opengwas_api_gwasinfo		
ukb-b-12780	sample_size_kind	case_control	opengwas_api_gwasinfo	n_cases=12888;n_controls=52061	
ukb-b-12780	stored_effect_scale	sd	opengwas_api_gwasinfo		
ukb-b-12789	sample_size_kind	case_control	opengwas_api_gwasinfo	n_cases=5540;n_controls=457470	
ukb-b-12789	stored_effect_scale	sd	opengwas_api_gwasinfo		
ukb-b-12801	sample_size_kind	case_control	opengwas_api_gwasinfo	n_cases=2706;n_controls=460227	
ukb-b-12801	stored_effect_scale	sd	opengwas_api_gwasinfo		
ukb-b-12812	sample_size_kind	case_control	opengwas_api_gwasinfo	n_cases=2460;n_controls=460473	
ukb-b-12812	stored_effect_scale	sd	opengwas_api_gwasinfo		
ukb-b-12828	sample_size_kind	total	opengwas_api_gwasinfo	n_cases=;n_controls=	
ukb-b-12828	stored_effect_scale	sd	opengwas_api_gwasinfo		
ukb-b-12831	sample_size_kind	case_control	opengwas_api_gwasinfo	n_cases=1846;n_controls=461087	
ukb-b-12831	stored_effect_scale	sd	opengwas_api_gwasinfo		
ukb-b-12836	sample_size_kind	total	opengwas_api_gwasinfo	n_cases=;n_controls=	
ukb-b-12836	stored_effect_scale	sd	opengwas_api_gwasinfo		
ukb-b-12839	sample_size_kind	case_control	opengwas_api_gwasinfo	n_cases=4071;n_controls=458862	
ukb-b-12839	stored_effect_scale	sd	opengwas_api_gwasinfo		
ukb-b-12841	sample_size_kind	case_control	opengwas_api_gwasinfo	n_cases=9677;n_controls=102906	
ukb-b-12841	stored_effect_scale	sd	opengwas_api_gwasinfo		
ukb-b-12849	sample_size_kind	case_control	opengwas_api_gwasinfo	n_cases=18981;n_controls=442132	
ukb-b-12849	stored_effect_scale	sd	opengwas_api_gwasinfo		
ukb-b-1285	sample_size_kind	total	opengwas_api_gwasinfo	n_cases=;n_controls=	
ukb-b-1285	stored_effect_scale	sd	opengwas_api_gwasinfo		
ukb-b-12854	sample_size_kind	total	opengwas_api_gwasinfo	n_cases=;n_controls=	
ukb-b-12854	stored_effect_scale	sd	opengwas_api_gwasinfo		
ukb-b-12861	sample_size_kind	case_control	opengwas_api_gwasinfo	n_cases=2470;n_controls=460463	
ukb-b-12861	stored_effect_scale	sd	opengwas_api_gwasinfo		
ukb-b-12863	sample_size_kind	case_control	opengwas_api_gwasinfo	n_cases=5080;n_controls=59869	
ukb-b-12863	stored_effect_scale	sd	opengwas_api_gwasinfo		
ukb-b-12864	sample_size_kind	case_control	opengwas_api_gwasinfo	n_cases=18474;n_controls=14087	
ukb-b-12864	stored_effect_scale	sd	opengwas_api_gwasinfo		
ukb-b-12872	sample_size_kind	case_control	opengwas_api_gwasinfo	n_cases=1433;n_controls=461577	
ukb-b-12872	stored_effect_scale	sd	opengwas_api_gwasinfo		
ukb-b-12877	sample_size_kind	case_control	opengwas_api_gwasinfo	n_cases=2065;n_controls=460945	
ukb-b-12877	stored_effect_scale	sd	opengwas_api_gwasinfo		
ukb-b-12879	sample_size_kind	case_control	opengwas_api_gwasinfo	n_cases=1097;n_controls=461913	
ukb-b-12879	stored_effect_scale	sd	opengwas_api_gwasinfo		
ukb-b-12884	sample_size_kind	case_control	opengwas_api_gwasinfo	n_cases=1470;n_controls=461540	
ukb-b-12884	stored_effect_scale	sd	opengwas_api_gwasinfo		
ukb-b-12885	sample_size_kind	case_control	opengwas_api_gwasinfo	n_cases=7709;n_controls=453533	
ukb-b-12885	stored_effect_scale	sd	opengwas_api_gwasinfo		
ukb-b-129	sample_size_kind	case_control	opengwas_api_gwasinfo	n_cases=1478;n_controls=63471	
ukb-b-129	stored_effect_scale	sd	opengwas_api_gwasinfo		
ukb-b-12901	sample_size_kind	total	opengwas_api_gwasinfo	n_cases=;n_controls=	
ukb-b-12901	stored_effect_scale	sd	opengwas_api_gwasinfo		
ukb-b-12906	sample_size_kind	case_control	opengwas_api_gwasinfo	n_cases=1570;n_controls=461363	
ukb-b-12906	stored_effect_scale	sd	opengwas_api_gwasinfo		
ukb-b-12909	sample_size_kind	case_control	opengwas_api_gwasinfo	n_cases=180472;n_controls=274527	
ukb-b-12909	stored_effect_scale	sd	opengwas_api_gwasinfo		
ukb-b-12911	sample_size_kind	case_control	opengwas_api_gwasinfo	n_cases=2152;n_controls=460858	
ukb-b-12911	stored_effect_scale	sd	opengwas_api_gwasinfo		
ukb-b-12912	sample_size_kind	total	opengwas_api_gwasinfo	n_cases=;n_controls=	
ukb-b-12912	stored_effect_scale	sd	opengwas_api_gwasinfo		
ukb-b-12913	sample_size_kind	case_control	opengwas_api_gwasinfo	n_cases=3551;n_controls=459459	
ukb-b-12913	stored_effect_scale	sd	opengwas_api_gwasinfo		
ukb-b-12915	sample_size_kind	case_control	opengwas_api_gwasinfo	n_cases=3598;n_controls=459335	
ukb-b-12915	stored_effect_scale	sd	opengwas_api_gwasinfo		
ukb-b-12930	sample_size_kind	case_control	opengwas_api_gwasinfo	n_cases=77732;n_controls=383381	
ukb-b-12930	stored_effect_scale	sd	opengwas_api_gwasinfo		
ukb-b-12931	sample_size_kind	case_control	opengwas_api_gwasinfo	n_cases=5520;n_controls=457413	
ukb-b-12931	stored_effect_scale	sd	opengwas_api_gwasinfo		
ukb-b-12936	sample_size_kind	case_control	opengwas_api_gwasinfo	n_cases=15300;n_controls=49649	
ukb-b-12936	stored_effect_scale	sd	opengwas_api_gwasinfo		
ukb-b-12938	sample_size_kind	case_control	opengwas_api_gwasinfo	n_cases=8920;n_controls=352588	
ukb-b-12938	stored_effect_scale	sd	opengwas_api_gwasinfo		
ukb-b-12939	sample_size_kind	case_control	opengwas_api_gwasinfo	n_cases=2481;n_controls=460529	
ukb-b-12939	stored_effect_scale	sd	opengwas_api_gwasinfo		
ukb-b-12944	sample_size_kind	case_control	opengwas_api_gwasinfo	n_cases=5419;n_controls=457591	
ukb-b-12944	stored_effect_scale	sd	opengwas_api_gwasinfo		
ukb-b-12945	sample_size_kind	total	opengwas_api_gwasinfo	n_cases=;n_controls=	
ukb-b-12945	stored_effect_scale	sd	opengwas_api_gwasinfo		
ukb-b-12948	sample_size_kind	case_control	opengwas_api_gwasinfo	n_cases=18228;n_controls=444705	
ukb-b-12948	stored_effect_scale	sd	opengwas_api_gwasinfo		
ukb-b-12962	sample_size_kind	case_control	opengwas_api_gwasinfo	n_cases=6910;n_controls=456100	
ukb-b-12962	stored_effect_scale	sd	opengwas_api_gwasinfo		
ukb-b-12963	sample_size_kind	total	opengwas_api_gwasinfo	n_cases=;n_controls=	
ukb-b-12963	stored_effect_scale	sd	opengwas_api_gwasinfo		
ukb-b-12964	sample_size_kind	case_control	opengwas_api_gwasinfo	n_cases=1492;n_controls=461518	
ukb-b-12964	stored_effect_scale	sd	opengwas_api_gwasinfo		
ukb-b-12974	sample_size_kind	case_control	opengwas_api_gwasinfo	n_cases=3808;n_controls=459125	
ukb-b-12974	stored_effect_scale	sd	opengwas_api_gwasinfo		
ukb-b-12984	sample_size_kind	case_control	opengwas_api_gwasinfo	n_cases=1319;n_controls=461614	
ukb-b-12984	stored_effect_scale	sd	opengwas_api_gwasinfo		
ukb-b-13003	sample_size_kind	case_control	opengwas_api_gwasinfo	n_cases=1581;n_controls=461352	
ukb-b-13003	stored_effect_scale	sd	opengwas_api_gwasinfo		
ukb-b-13019	sample_size_kind	case_control	opengwas_api_gwasinfo	n_cases=1451;n_controls=461559	
ukb-b-13019	stored_effect_scale	sd	opengwas_api_gwasinfo		
ukb-b-1302	sample_size_kind	case_control	opengwas_api_gwasinfo	n_cases=1943;n_controls=460990	
ukb-b-1302	stored_effect_scale	sd	opengwas_api_gwasinfo		
ukb-b-13026	sample_size_kind	case_control	opengwas_api_gwasinfo	n_cases=7119;n_controls=7832	
ukb-b-13026	stored_effect_scale	sd	opengwas_api_gwasinfo		
ukb-b-13038	sample_size_kind	case_control	opengwas_api_gwasinfo	n_cases=1652;n_controls=461281	
ukb-b-13038	stored_effect_scale	sd	opengwas_api_gwasinfo		
ukb-b-1306	sample_size_kind	case_control	opengwas_api_gwasinfo	n_cases=1830;n_controls=461180	
ukb-b-1306	stored_effect_scale	sd	opengwas_api_gwasinfo		
ukb-b-13065	sample_size_kind	case_control	opengwas_api_gwasinfo	n_cases=12902;n_controls=447856	
ukb-b-13065	stored_effect_scale	sd	opengwas_api_gwasinfo		
ukb-b-13079	sample_size_kind	case_control	opengwas_api_gwasinfo	n_cases=4929;n_controls=458004	
ukb-b-13079	stored_effect_scale	sd	opengwas_api_gwasinfo		
ukb-b-13080	sample_size_kind	case_control	opengwas_api_gwasinfo	n_cases=1018;n_controls=461992	
ukb-b-13080	stored_effect_scale	sd	opengwas_api_gwasinfo		
ukb-b-13092	sample_size_kind	case_control	opengwas_api_gwasinfo	n_cases=41719;n_controls=49550	
ukb-b-13092	stored_effect_scale	sd	opengwas_api_gwasinfo		
ukb-b-13098	sample_size_kind	case_control	opengwas_api_gwasinfo	n_cases=1045;n_controls=461965	
ukb-b-13098	stored_effect_scale	sd	opengwas_api_gwasinfo		
ukb-b-131	sample_size_kind	case_control	opengwas_api_gwasinfo	n_cases=1006;n_controls=461927	
ukb-b-131	stored_effect_scale	sd	opengwas_api_gwasinfo		
ukb-b-1310	sample_size_kind	total	opengwas_api_gwasinfo	n_cases=;n_controls=	
ukb-b-1310	stored_effect_scale	sd	opengwas_api_gwasinfo		
ukb-b-13106	sample_size_kind	case_control	opengwas_api_gwasinfo	n_cases=11656;n_controls=449515	
ukb-b-13106	stored_effect_scale	sd	opengwas_api_gwasinfo		
ukb-b-13114	sample_size_kind	case_control	opengwas_api_gwasinfo	n_cases=2537;n_controls=460473	
ukb-b-13114	stored_effect_scale	sd	opengwas_api_gwasinfo		
ukb-b-13121	sample_size_kind	case_control	opengwas_api_gwasinfo	n_cases=5450;n_controls=457560	
ukb-b-13121	stored_effect_scale	sd	opengwas_api_gwasinfo		
ukb-b-13148	sample_size_kind	case_control	opengwas_api_gwasinfo	n_cases=13244;n_controls=449689	
ukb-b-13148	stored_effect_scale	sd	opengwas_api_gwasinfo		
ukb-b-1315	sample_size_kind	case_control	opengwas_api_gwasinfo	n_cases=4360;n_controls=458573	
ukb-b-1315	stored_effect_scale	sd	opengwas_api_gwasinfo		
ukb-b-13151	sample_size_kind	case_control	opengwas_api_gwasinfo	n_cases=1307;n_controls=461703	
ukb-b-13151	stored_effect_scale	sd	opengwas_api_gwasinfo		
ukb-b-13155	sample_size_kind	total	opengwas_api_gwasinfo	n_cases=;n_controls=	
ukb-b-13155	stored_effect_scale	sd	opengwas_api_gwasinfo		
ukb-b-1316	sample_size_kind	case_control	opengwas_api_gwasinfo	n_cases=1114;n_controls=461896	
ukb-b-1316	stored_effect_scale	sd	opengwas_api_gwasinfo		
ukb-b-13160	sample_size_kind	case_control	opengwas_api_gwasinfo	n_cases=103919;n_controls=346414	
ukb-b-13160	stored_effect_scale	sd	opengwas_api_gwasinfo		
ukb-b-13176	sample_size_kind	case_control	opengwas_api_gwasinfo	n_cases=1046;n_controls=461964	
ukb-b-13176	stored_effect_scale	sd	opengwas_api_gwasinfo		
ukb-b-1318	sample_size_kind	case_control	opengwas_api_gwasinfo	n_cases=4668;n_controls=458342	
ukb-b-1318	stored_effect_scale	sd	opengwas_api_gwasinfo		
ukb-b-13183	sample_size_kind	case_control	opengwas_api_gwasinfo	n_cases=6661;n_controls=455144	
ukb-b-13183	stored_effect_scale	sd	opengwas_api_gwasinfo		
ukb-b-13184	sample_size_kind	case_control	opengwas_api_gwasinfo	n_cases=197006;n_controls=263370	
ukb-b-13184	stored_effect_scale	sd	opengwas_api_gwasinfo		
ukb-b-13187	sample_size_kind	case_control	opengwas_api_gwasinfo	n_cases=3745;n_controls=27572	
ukb-b-13187	stored_effect_scale	sd	opengwas_api_gwasinfo		
ukb-b-13190	sample_size_kind	case_control	opengwas_api_gwasinfo	n_cases=1001;n_controls=462009	
ukb-b-13190	stored_effect_scale	sd	opengwas_api_gwasinfo		
ukb-b-132	sample_size_kind	case_control	opengwas_api_gwasinfo	n_cases=2697;n_controls=460313	
ukb-b-132	stored_effect_scale	sd	opengwas_api_gwasinfo		
ukb-b-13217	sample_size_kind	case_control	opengwas_api_gwasinfo	n_cases=4596;n_controls=456536	
ukb-b-13217	stored_effect_scale	sd	opengwas_api_gwasinfo		
ukb-b-13231	sample_size_kind	total	opengwas_api_gwasinfo	n_cases=;n_controls=	
ukb-b-13231	stored_effect_scale	sd	opengwas_api_gwasinfo		
ukb-b-13246	sample_size_kind	total	opengwas_api_gwasinfo	n_cases=;n_controls=	
ukb-b-13246	stored_effect_scale	sd	opengwas_api_gwasinfo		
ukb-b-13247	sample_size_kind	case_control	opengwas_api_gwasinfo	n_cases=5989;n_controls=457021	
ukb-b-13247	stored_effect_scale	sd	opengwas_api_gwasinfo		
ukb-b-13248	sample_size_kind	case_control	opengwas_api_gwasinfo	n_cases=4623;n_controls=458310	
ukb-b-13248	stored_effect_scale	sd	opengwas_api_gwasinfo		
ukb-b-13251	sample_size_kind	case_control	opengwas_api_gwasinfo	n_cases=6543;n_controls=456390	
ukb-b-13251	stored_effect_scale	sd	opengwas_api_gwasinfo		
ukb-b-13276	sample_size_kind	case_control	opengwas_api_gwasinfo	n_cases=2283;n_controls=460727	
ukb-b-13276	stored_effect_scale	sd	opengwas_api_gwasinfo		
ukb-b-13281	sample_size_kind	total	opengwas_api_gwasinfo	n_cases=;n_controls=	
ukb-b-13281	stored_effect_scale	sd	opengwas_api_gwasinfo		
ukb-b-13285	sample_size_kind	case_control	opengwas_api_gwasinfo	n_cases=20625;n_controls=424503	
ukb-b-13285	stored_effect_scale	sd	opengwas_api_gwasinfo		
ukb-b-133	sample_size_kind	case_control	opengwas_api_gwasinfo	n_cases=40152;n_controls=11364	
ukb-b-133	stored_effect_scale	sd	opengwas_api_gwasinfo		
ukb-b-1331	sample_size_kind	case_control	opengwas_api_gwasinfo	n_cases=1123;n_controls=461887	
ukb-b-1331	stored_effect_scale	sd	opengwas_api_gwasinfo		
ukb-b-13330	sample_size_kind	total	opengwas_api_gwasinfo	n_cases=;n_controls=	
ukb-b-13330	stored_effect_scale	sd	opengwas_api_gwasinfo		
ukb-b-13344	sample_size_kind	total	opengwas_api_gwasinfo	n_cases=;n_controls=	
ukb-b-13344	stored_effect_scale	sd	opengwas_api_gwasinfo		
ukb-b-13346	sample_size_kind	case_control	opengwas_api_gwasinfo	n_cases=44502;n_controls=415887	
ukb-b-13346	stored_effect_scale	sd	opengwas_api_gwasinfo		
ukb-b-13348	sample_size_kind	case_control	opengwas_api_gwasinfo	n_cases=3269;n_controls=459664	
ukb-b-13348	stored_effect_scale	sd	opengwas_api_gwasinfo		
ukb-b-13350	sample_size_kind	case_control	opengwas_api_gwasinfo	n_cases=2432;n_controls=460578	
ukb-b-13350	stored_effect_scale	sd	opengwas_api_gwasinfo		
ukb-b-13352	sample_size_kind	case_control	opengwas_api_gwasinfo	n_cases=325118;n_controls=136762	
ukb-b-13352	stored_effect_scale	sd	opengwas_api_gwasinfo		
ukb-b-13354	sample_size_kind	total	opengwas_api_gwasinfo	n_cases=;n_controls=	
ukb-b-13354	stored_effect_scale	sd	opengwas_api_gwasinfo		
ukb-b-1337	sample_size_kind	case_control	opengwas_api_gwasinfo	n_cases=2925;n_controls=62024	
ukb-b-1337	stored_effect_scale	sd	opengwas_api_gwasinfo		
ukb-b-13378	sample_size_kind	total	opengwas_api_gwasinfo	n_cases=;n_controls=	
ukb-b-13378	stored_effect_scale	sd	opengwas_api_gwasinfo		
ukb-b-1338	sample_size_kind	total	opengwas_api_gwasinfo	n_cases=;n_controls=	
ukb-b-1338	stored_effect_scale	sd	opengwas_api_gwasinfo		
ukb-b-13380	sample_size_kind	case_control	opengwas_api_gwasinfo	n_cases=1051;n_controls=461959	
ukb-b-13380	stored_effect_scale	sd	opengwas_api_gwasinfo		
ukb-b-13391	sample_size_kind	case_control	opengwas_api_gwasinfo	n_cases=1364;n_controls=461646	
ukb-b-13391	stored_effect_scale	sd	opengwas_api_gwasinfo		
ukb-b-13392	sample_size_kind	case_control	opengwas_api_gwasinfo	n_cases=7137;n_controls=455873	
ukb-b-13392	stored_effect_scale	sd	opengwas_api_gwasinfo		
ukb-b-13401	sample_size_kind	case_control	opengwas_api_gwasinfo	n_cases=1373;n_controls=461637	
ukb-b-13401	stored_effect_scale	sd	opengwas_api_gwasinfo		
ukb-b-13405	sample_size_kind	total	opengwas_api_gwasinfo	n_cases=;n_controls=	
ukb-b-13405	stored_effect_scale	sd	opengwas_api_gwasinfo		
ukb-b-13414	sample_size_kind	case_control	opengwas_api_gwasinfo	n_cases=1317;n_controls=461693	
ukb-b-13414	stored_effect_scale	sd	opengwas_api_gwasinfo		
ukb-b-13416	sample_size_kind	total	opengwas_api_gwasinfo	n_cases=;n_controls=	
ukb-b-13416	stored_effect_scale	sd	opengwas_api_gwasinfo		
ukb-b-13417	sample_size_kind	case_control	opengwas_api_gwasinfo	n_cases=1520;n_controls=461413	
ukb-b-13417	stored_effect_scale	sd	opengwas_api_gwasinfo		
ukb-b-13423	sample_size_kind	case_control	opengwas_api_gwasinfo	n_cases=251150;n_controls=100944	
ukb-b-13423	stored_effect_scale	sd	opengwas_api_gwasinfo		
ukb-b-13425	sample_size_kind	case_control	opengwas_api_gwasinfo	n_cases=1106;n_controls=461904	
ukb-b-13425	stored_effect_scale	sd	opengwas_api_gwasinfo		
ukb-b-13426	sample_size_kind	case_control	opengwas_api_gwasinfo	n_cases=3273;n_controls=459660	
ukb-b-13426	stored_effect_scale	sd	opengwas_api_gwasinfo		
ukb-b-1343	sample_size_kind	case_control	opengwas_api_gwasinfo	n_cases=1629;n_controls=461381	
ukb-b-1343	stored_effect_scale	sd	opengwas_api_gwasinfo		
ukb-b-13435	sample_size_kind	case_control	opengwas_api_gwasinfo	n_cases=3459;n_controls=459474	
ukb-b-13435	stored_effect_scale	sd	opengwas_api_gwasinfo		
ukb-b-13447	sample_size_kind	case_control	opengwas_api_gwasinfo	n_cases=1605;n_controls=461328	
ukb-b-13447	stored_effect_scale	sd	opengwas_api_gwasinfo		
ukb-b-13458	sample_size_kind	case_control	opengwas_api_gwasinfo	n_cases=3165;n_controls=459845	
ukb-b-13458	stored_effect_scale	sd	opengwas_api_gwasinfo		
ukb-b-13464	sample_size_kind	case_control	opengwas_api_gwasinfo	n_cases=1406;n_controls=461604	
ukb-b-13464	stored_effect_scale	sd	opengwas_api_gwasinfo		
ukb-b-13473	sample_size_kind	case_control	opengwas_api_gwasinfo	n_cases=2772;n_controls=460238	
ukb-b-13473	stored_effect_scale	sd	opengwas_api_gwasinfo		
ukb-b-13478	sample_size_kind	case_control	opengwas_api_gwasinfo	n_cases=7923;n_controls=455010	
ukb-b-13478	stored_effect_scale	sd	opengwas_api_gwasinfo		
ukb-b-13480	sample_size_kind	case_control	opengwas_api_gwasinfo	n_cases=1737;n_controls=461196	
ukb-b-13480	stored_effect_scale	sd	opengwas_api_gwasinfo		
ukb-b-13488	sample_size_kind	case_control	opengwas_api_gwasinfo	n_cases=6621;n_controls=456312	
ukb-b-13488	stored_effect_scale	sd	opengwas_api_gwasinfo		
ukb-b-1350	sample_size_kind	case_control	opengwas_api_gwasinfo	n_cases=16509;n_controls=444742	
ukb-b-1350	stored_effect_scale	sd	opengwas_api_gwasinfo		
ukb-b-13500	sample_size_kind	case_control	opengwas_api_gwasinfo	n_cases=21838;n_controls=441172	
ukb-b-13500	stored_effect_scale	sd	opengwas_api_gwasinfo		
ukb-b-13501	sample_size_kind	total	opengwas_api_gwasinfo	n_cases=;n_controls=	
ukb-b-13501	stored_effect_scale	sd	opengwas_api_gwasinfo		
ukb-b-13506	sample_size_kind	total	opengwas_api_gwasinfo	n_cases=;n_controls=	
ukb-b-13506	stored_effect_scale	sd	opengwas_api_gwasinfo		
ukb-b-13513	sample_size_kind	case_control	opengwas_api_gwasinfo	n_cases=3919;n_controls=459014	
ukb-b-13513	stored_effect_scale	sd	opengwas_api_gwasinfo		
ukb-b-13516	sample_size_kind	total	opengwas_api_gwasinfo	n_cases=;n_controls=	
ukb-b-13516	stored_effect_scale	sd	opengwas_api_gwasinfo		
ukb-b-13517	sample_size_kind	case_control	opengwas_api_gwasinfo	n_cases=1366;n_controls=461644	
ukb-b-13517	stored_effect_scale	sd	opengwas_api_gwasinfo		
ukb-b-13520	sample_size_kind	total	opengwas_api_gwasinfo	n_cases=;n_controls=	
ukb-b-13520	stored_effect_scale	sd	opengwas_api_gwasinfo		
ukb-b-13525	sample_size_kind	case_control	opengwas_api_gwasinfo	n_cases=1021;n_controls=461989	
ukb-b-13525	stored_effect_scale	sd	opengwas_api_gwasinfo		
ukb-b-13532	sample_size_kind	case_control	opengwas_api_gwasinfo	n_cases=1210;n_controls=461723	
ukb-b-13532	stored_effect_scale	sd	opengwas_api_gwasinfo		
ukb-b-13535	sample_size_kind	case_control	opengwas_api_gwasinfo	n_cases=1864;n_controls=461069	
ukb-b-13535	stored_effect_scale	sd	opengwas_api_gwasinfo		
ukb-b-13537	sample_size_kind	case_control	opengwas_api_gwasinfo	n_cases=2645;n_controls=460288	
ukb-b-13537	stored_effect_scale	sd	opengwas_api_gwasinfo		
ukb-b-13538	sample_size_kind	total	opengwas_api_gwasinfo	n_cases=;n_controls=	
ukb-b-13538	stored_effect_scale	sd	opengwas_api_gwasinfo		
ukb-b-13545	sample_size_kind	case_control	opengwas_api_gwasinfo	n_cases=1151;n_controls=461782	
ukb-b-13545	stored_effect_scale	sd	opengwas_api_gwasinfo		
ukb-b-1355	sample_size_kind	total	opengwas_api_gwasinfo	n_cases=;n_controls=	
ukb-b-1355	stored_effect_scale	sd	opengwas_api_gwasinfo		
ukb-b-13551	sample_size_kind	case_control	opengwas_api_gwasinfo	n_cases=1875;n_controls=461135	
ukb-b-13551	stored_effect_scale	sd	opengwas_api_gwasinfo		
ukb-b-13556	sample_size_kind	total	opengwas_api_gwasinfo	n_cases=;n_controls=	
ukb-b-13556	stored_effect_scale	sd	opengwas_api_gwasinfo		
ukb-b-13566	sample_size_kind	case_control	opengwas_api_gwasinfo	n_cases=5339;n_controls=457671	
ukb-b-13566	stored_effect_scale	sd	opengwas_api_gwasinfo		
ukb-b-13567	sample_size_kind	total	opengwas_api_gwasinfo	n_cases=;n_controls=	
ukb-b-13567	stored_effect_scale	sd	opengwas_api_gwasinfo		
ukb-b-13583	sample_size_kind	case_control	opengwas_api_gwasinfo	n_cases=8266;n_controls=454667	
ukb-b-13583	stored_effect_scale	sd	opengwas_api_gwasinfo		
ukb-b-13584	sample_size_kind	case_control	opengwas_api_gwasinfo	n_cases=35102;n_controls=388356	
ukb-b-13584	stored_effect_scale	sd	opengwas_api_gwasinfo		
ukb-b-13607	sample_size_kind	case_control	opengwas_api_gwasinfo	n_cases=2640;n_controls=460293	
ukb-b-13607	stored_effect_scale	sd	opengwas_api_gwasinfo		
ukb-b-13609	sample_size_kind	case_control	opengwas_api_gwasinfo	n_cases=11480;n_controls=433195	
ukb-b-13609	stored_effect_scale	sd	opengwas_api_gwasinfo		
ukb-b-13614	sample_size_kind	case_control	opengwas_api_gwasinfo	n_cases=2467;n_controls=460543	
ukb-b-13614	stored_effect_scale	sd	opengwas_api_gwasinfo		
ukb-b-13616	sample_size_kind	total	opengwas_api_gwasinfo	n_cases=;n_controls=	
ukb-b-13616	stored_effect_scale	sd	opengwas_api_gwasinfo		
ukb-b-13624	sample_size_kind	case_control	opengwas_api_gwasinfo	n_cases=1359;n_controls=461651	
ukb-b-13624	stored_effect_scale	sd	opengwas_api_gwasinfo		
ukb-b-13639	sample_size_kind	case_control	opengwas_api_gwasinfo	n_cases=1454;n_controls=461556	
ukb-b-13639	stored_effect_scale	sd	opengwas_api_gwasinfo		
ukb-b-13651	sample_size_kind	case_control	opengwas_api_gwasinfo	n_cases=1849;n_controls=461161	
ukb-b-13651	stored_effect_scale	sd	opengwas_api_gwasinfo		
ukb-b-13653	sample_size_kind	case_control	opengwas_api_gwasinfo	n_cases=212052;n_controls=231866	
ukb-b-13653	stored_effect_scale	sd	opengwas_api_gwasinfo		
ukb-b-1366	sample_size_kind	case_control	opengwas_api_gwasinfo	n_cases=1838;n_controls=461172	
ukb-b-1366	stored_effect_scale	sd	opengwas_api_gwasinfo		
ukb-b-13664	sample_size_kind	case_control	opengwas_api_gwasinfo	n_cases=2870;n_controls=460063	
ukb-b-13664	stored_effect_scale	sd	opengwas_api_gwasinfo		
ukb-b-13673	sample_size_kind	case_control	opengwas_api_gwasinfo	n_cases=2034;n_controls=460976	
ukb-b-13673	stored_effect_scale	sd	opengwas_api_gwasinfo		
ukb-b-13683	sample_size_kind	case_control	opengwas_api_gwasinfo	n_cases=1096;n_controls=461914	
ukb-b-13683	stored_effect_scale	sd	opengwas_api_gwasinfo		
ukb-b-13686	sample_size_kind	total	opengwas_api_gwasinfo	n_cases=;n_controls=	
ukb-b-13686	stored_effect_scale	sd	opengwas_api_gwasinfo		
ukb-b-13696	sample_size_kind	case_control	opengwas_api_gwasinfo	n_cases=1068;n_controls=461942	
ukb-b-13696	stored_effect_scale	sd	opengwas_api_gwasinfo		
ukb-b-13702	sample_size_kind	total	opengwas_api_gwasinfo	n_cases=;n_controls=	
ukb-b-13702	stored_effect_scale	sd	opengwas_api_gwasinfo		
ukb-b-13704	sample_size_kind	case_control	opengwas_api_gwasinfo	n_cases=3819;n_controls=458194	
ukb-b-13704	stored_effect_scale	sd	opengwas_api_gwasinfo		
ukb-b-13731	sample_size_kind	case_control	opengwas_api_gwasinfo	n_cases=3251;n_controls=459759	
ukb-b-13731	stored_effect_scale	sd	opengwas_api_gwasinfo		
ukb-b-13743	sample_size_kind	case_control	opengwas_api_gwasinfo	n_cases=19076;n_controls=443934	
ukb-b-13743	stored_effect_scale	sd	opengwas_api_gwasinfo		
ukb-b-13745	sample_size_kind	case_control	opengwas_api_gwasinfo	n_cases=125001;n_controls=317168	
ukb-b-13745	stored_effect_scale	sd	opengwas_api_gwasinfo		
ukb-b-13764	sample_size_kind	case_control	opengwas_api_gwasinfo	n_cases=147104;n_controls=304789	
ukb-b-13764	stored_effect_scale	sd	opengwas_api_gwasinfo		
ukb-b-13770	sample_size_kind	case_control	opengwas_api_gwasinfo	n_cases=1446;n_controls=461564	
ukb-b-13770	stored_effect_scale	sd	opengwas_api_gwasinfo		
ukb-b-13773	sample_size_kind	case_control	opengwas_api_gwasinfo	n_cases=1909;n_controls=461101	
ukb-b-13773	stored_effect_scale	sd	opengwas_api_gwasinfo		
ukb-b-13775	sample_size_kind	case_control	opengwas_api_gwasinfo	n_cases=2855;n_controls=460155	
ukb-b-13775	stored_effect_scale	sd	opengwas_api_gwasinfo		
ukb-b-13782	sample_size_kind	case_control	opengwas_api_gwasinfo	n_cases=10173;n_controls=452837	
ukb-b-13782	stored_effect_scale	sd	opengwas_api_gwasinfo		
ukb-b-13799	sample_size_kind	case_control	opengwas_api_gwasinfo	n_cases=131106;n_controls=326973	
ukb-b-13799	stored_effect_scale	sd	opengwas_api_gwasinfo		
ukb-b-13803	sample_size_kind	case_control	opengwas_api_gwasinfo	n_cases=10361;n_controls=452649	
ukb-b-13803	stored_effect_scale	sd	opengwas_api_gwasinfo		
ukb-b-13806	sample_size_kind	case_control	opengwas_api_gwasinfo	n_cases=2972;n_controls=459961	
ukb-b-13806	stored_effect_scale	sd	opengwas_api_gwasinfo		
ukb-b-13814	sample_size_kind	case_control	opengwas_api_gwasinfo	n_cases=22802;n_controls=422319	
ukb-b-13814	stored_effect_scale	sd	opengwas_api_gwasinfo		
ukb-b-13815	sample_size_kind	case_control	opengwas_api_gwasinfo	n_cases=1412;n_controls=461521	
ukb-b-13815	stored_effect_scale	sd	opengwas_api_gwasinfo		
ukb-b-13823	sample_size_kind	total	opengwas_api_gwasinfo	n_cases=;n_controls=	
ukb-b-13823	stored_effect_scale	sd	opengwas_api_gwasinfo		
ukb-b-13824	sample_size_kind	case_control	opengwas_api_gwasinfo	n_cases=323455;n_controls=137943	
ukb-b-13824	stored_effect_scale	sd	opengwas_api_gwasinfo		
ukb-b-13832	sample_size_kind	case_control	opengwas_api_gwasinfo	n_cases=2911;n_controls=460022	
ukb-b-13832	stored_effect_scale	sd	opengwas_api_gwasinfo		
ukb-b-13841	sample_size_kind	case_control	opengwas_api_gwasinfo	n_cases=4135;n_controls=458875	
ukb-b-13841	stored_effect_scale	sd	opengwas_api_gwasinfo		
ukb-b-13845	sample_size_kind	case_control	opengwas_api_gwasinfo	n_cases=2751;n_controls=460259	
ukb-b-13845	stored_effect_scale	sd	opengwas_api_gwasinfo		
ukb-b-1386	sample_size_kind	case_control	opengwas_api_gwasinfo	n_cases=4651;n_controls=458359	
ukb-b-1386	stored_effect_scale	sd	opengwas_api_gwasinfo		
ukb-b-13864	sample_size_kind	case_control	opengwas_api_gwasinfo	n_cases=4720;n_controls=458290	
ukb-b-13864	stored_effect_scale	sd	opengwas_api_gwasinfo		
ukb-b-13883	sample_size_kind	case_control	opengwas_api_gwasinfo	n_cases=1228;n_controls=461705	
ukb-b-13883	stored_effect_scale	sd	opengwas_api_gwasinfo		
ukb-b-13891	sample_size_kind	case_control	opengwas_api_gwasinfo	n_cases=18826;n_controls=442558	
ukb-b-13891	stored_effect_scale	sd	opengwas_api_gwasinfo		
ukb-b-13896	sample_size_kind	case_control	opengwas_api_gwasinfo	n_cases=1184;n_controls=63765	
ukb-b-13896	stored_effect_scale	sd	opengwas_api_gwasinfo		
ukb-b-139	sample_size_kind	total	opengwas_api_gwasinfo	n_cases=;n_controls=	
ukb-b-139	stored_effect_scale	sd	opengwas_api_gwasinfo		
ukb-b-1390	sample_size_kind	case_control	opengwas_api_gwasinfo	n_cases=6339;n_controls=456671	
ukb-b-1390	stored_effect_scale	sd	opengwas_api_gwasinfo		
ukb-b-13912	sample_size_kind	case_control	opengwas_api_gwasinfo	n_cases=2154;n_controls=460856	
ukb-b-13912	stored_effect_scale	sd	opengwas_api_gwasinfo		
ukb-b-1392	sample_size_kind	case_control	opengwas_api_gwasinfo	n_cases=7847;n_controls=455163	
ukb-b-1392	stored_effect_scale	sd	opengwas_api_gwasinfo		
ukb-b-13920	sample_size_kind	case_control	opengwas_api_gwasinfo	n_cases=3424;n_controls=459586	
ukb-b-13920	stored_effect_scale	sd	opengwas_api_gwasinfo		
ukb-b-13922	sample_size_kind	case_control	opengwas_api_gwasinfo	n_cases=2158;n_controls=459207	
ukb-b-13922	stored_effect_scale	sd	opengwas_api_gwasinfo		
ukb-b-13932	sample_size_kind	total	opengwas_api_gwasinfo	n_cases=;n_controls=	
ukb-b-13932	stored_effect_scale	sd	opengwas_api_gwasinfo		
ukb-b-13936	sample_size_kind	total	opengwas_api_gwasinfo	n_cases=;n_controls=	
ukb-b-13936	stored_effect_scale	sd	opengwas_api_gwasinfo		
ukb-b-13952	sample_size_kind	case_control	opengwas_api_gwasinfo	n_cases=10325;n_controls=351498	
ukb-b-13952	stored_effect_scale	sd	opengwas_api_gwasinfo		
ukb-b-13978	sample_size_kind	total	opengwas_api_gwasinfo	n_cases=;n_controls=	
ukb-b-13978	stored_effect_scale	sd	opengwas_api_gwasinfo		
ukb-b-13979	sample_size_kind	case_control	opengwas_api_gwasinfo	n_cases=1878;n_controls=461055	
ukb-b-13979	stored_effect_scale	sd	opengwas_api_gwasinfo		
ukb-b-13994	sample_size_kind	case_control	opengwas_api_gwasinfo	n_cases=1638;n_controls=461372	
ukb-b-13994	stored_effect_scale	sd	opengwas_api_gwasinfo		
ukb-b-13998	sample_size_kind	case_control	opengwas_api_gwasinfo	n_cases=2252;n_controls=460758	
ukb-b-13998	stored_effect_scale	sd	opengwas_api_gwasinfo		
ukb-b-14	sample_size_kind	case_control	opengwas_api_gwasinfo	n_cases=4910;n_controls=458100	
ukb-b-14	stored_effect_scale	sd	opengwas_api_gwasinfo		
ukb-b-14017	sample_size_kind	case_control	opengwas_api_gwasinfo	n_cases=5312;n_controls=457698	
ukb-b-14017	stored_effect_scale	sd	opengwas_api_gwasinfo		
ukb-b-14027	sample_size_kind	case_control	opengwas_api_gwasinfo	n_cases=1791;n_controls=461142	
ukb-b-14027	stored_effect_scale	sd	opengwas_api_gwasinfo		
ukb-b-14037	sample_size_kind	case_control	opengwas_api_gwasinfo	n_cases=30643;n_controls=432290	
ukb-b-14037	stored_effect_scale	sd	opengwas_api_gwasinfo		
ukb-b-14043	sample_size_kind	case_control	opengwas_api_gwasinfo	n_cases=2094;n_controls=359170	
ukb-b-14043	stored_effect_scale	sd	opengwas_api_gwasinfo		
ukb-b-14050	sample_size_kind	case_control	opengwas_api_gwasinfo	n_cases=4012;n_controls=10939	
ukb-b-14050	stored_effect_scale	sd	opengwas_api_gwasinfo		
ukb-b-14057	sample_size_kind	case_control	opengwas_api_gwasinfo	n_cases=119731;n_controls=343202	
ukb-b-14057	stored_effect_scale	sd	opengwas_api_gwasinfo		
ukb-b-14067	sample_size_kind	total	opengwas_api_gwasinfo	n_cases=;n_controls=	
ukb-b-14067	stored_effect_scale	sd	opengwas_api_gwasinfo		
ukb-b-14068	sample_size_kind	total	opengwas_api_gwasinfo	n_cases=;n_controls=	
ukb-b-14068	stored_effect_scale	sd	opengwas_api_gwasinfo		
ukb-b-14070	sample_size_kind	case_control	opengwas_api_gwasinfo	n_cases=1918;n_controls=247792	
ukb-b-14070	stored_effect_scale	sd	opengwas_api_gwasinfo		
ukb-b-14080	sample_size_kind	case_control	opengwas_api_gwasinfo	n_cases=17977;n_controls=443265	
ukb-b-14080	stored_effect_scale	sd	opengwas_api_gwasinfo		
ukb-b-14085	sample_size_kind	case_control	opengwas_api_gwasinfo	n_cases=4594;n_controls=458416	
ukb-b-14085	stored_effect_scale	sd	opengwas_api_gwasinfo		
ukb-b-14086	sample_size_kind	case_control	opengwas_api_gwasinfo	n_cases=1392;n_controls=461618	
ukb-b-14086	stored_effect_scale	sd	opengwas_api_gwasinfo		
ukb-b-14108	sample_size_kind	case_control	opengwas_api_gwasinfo	n_cases=2215;n_controls=62734	
ukb-b-14108	stored_effect_scale	sd	opengwas_api_gwasinfo		
ukb-b-14116	sample_size_kind	case_control	opengwas_api_gwasinfo	n_cases=3376;n_controls=459634	
ukb-b-14116	stored_effect_scale	sd	opengwas_api_gwasinfo		
ukb-b-14145	sample_size_kind	total	opengwas_api_gwasinfo	n_cases=;n_controls=	
ukb-b-14145	stored_effect_scale	sd	opengwas_api_gwasinfo		
ukb-b-14146	sample_size_kind	total	opengwas_api_gwasinfo	n_cases=;n_controls=	
ukb-b-14146	stored_effect_scale	sd	opengwas_api_gwasinfo		
ukb-b-14147	sample_size_kind	case_control	opengwas_api_gwasinfo	n_cases=117515;n_controls=328764	
ukb-b-14147	stored_effect_scale	sd	opengwas_api_gwasinfo		
ukb-b-14148	sample_size_kind	case_control	opengwas_api_gwasinfo	n_cases=3035;n_controls=459975	
ukb-b-14148	stored_effect_scale	sd	opengwas_api_gwasinfo		
ukb-b-14149	sample_size_kind	total	opengwas_api_gwasinfo	n_cases=;n_controls=	
ukb-b-14149	stored_effect_scale	sd	opengwas_api_gwasinfo		
ukb-b-14157	sample_size_kind	case_control	opengwas_api_gwasinfo	n_cases=3589;n_controls=459421	
ukb-b-14157	stored_effect_scale	sd	opengwas_api_gwasinfo		
ukb-b-14162	sample_size_kind	case_control	opengwas_api_gwasinfo	n_cases=2290;n_controls=460720	
ukb-b-14162	stored_effect_scale	sd	opengwas_api_gwasinfo		
ukb-b-14166	sample_size_kind	total	opengwas_api_gwasinfo	n_cases=;n_controls=	
ukb-b-14166	stored_effect_scale	sd	opengwas_api_gwasinfo		
ukb-b-14171	sample_size_kind	total	opengwas_api_gwasinfo	n_cases=;n_controls=	
ukb-b-14171	stored_effect_scale	sd	opengwas_api_gwasinfo		
ukb-b-14177	sample_size_kind	case_control	opengwas_api_gwasinfo	n_cases=124227;n_controls=337653	
ukb-b-14177	stored_effect_scale	sd	opengwas_api_gwasinfo		
ukb-b-14179	sample_size_kind	total	opengwas_api_gwasinfo	n_cases=;n_controls=	
ukb-b-14179	stored_effect_scale	sd	opengwas_api_gwasinfo		
ukb-b-1418	sample_size_kind	case_control	opengwas_api_gwasinfo	n_cases=2901;n_controls=460109	
ukb-b-1418	stored_effect_scale	sd	opengwas_api_gwasinfo		
ukb-b-14180	sample_size_kind	case_control	opengwas_api_gwasinfo	n_cases=204412;n_controls=247207	
ukb-b-14180	stored_effect_scale	sd	opengwas_api_gwasinfo		
ukb-b-14181	sample_size_kind	case_control	opengwas_api_gwasinfo	n_cases=5193;n_controls=457817	
ukb-b-14181	stored_effect_scale	sd	opengwas_api_gwasinfo		
ukb-b-14182	sample_size_kind	total	opengwas_api_gwasinfo	n_cases=;n_controls=	
ukb-b-14182	stored_effect_scale	sd	opengwas_api_gwasinfo		
ukb-b-14189	sample_size_kind	case_control	opengwas_api_gwasinfo	n_cases=1105;n_controls=461905	
ukb-b-14189	stored_effect_scale	sd	opengwas_api_gwasinfo		
ukb-b-1419	sample_size_kind	total	opengwas_api_gwasinfo	n_cases=;n_controls=	
ukb-b-1419	stored_effect_scale	sd	opengwas_api_gwasinfo		
ukb-b-14203	sample_size_kind	total	opengwas_api_gwasinfo	n_cases=;n_controls=	
ukb-b-14203	stored_effect_scale	sd	opengwas_api_gwasinfo		
ukb-b-14206	sample_size_kind	case_control	opengwas_api_gwasinfo	n_cases=4256;n_controls=458754	
ukb-b-14206	stored_effect_scale	sd	opengwas_api_gwasinfo		
ukb-b-14210	sample_size_kind	case_control	opengwas_api_gwasinfo	n_cases=1391;n_controls=461542	
ukb-b-14210	stored_effect_scale	sd	opengwas_api_gwasinfo		
ukb-b-14211	sample_size_kind	case_control	opengwas_api_gwasinfo	n_cases=1900;n_controls=461033	
ukb-b-14211	stored_effect_scale	sd	opengwas_api_gwasinfo		
ukb-b-14238	sample_size_kind	case_control	opengwas_api_gwasinfo	n_cases=262527;n_controls=198857	
ukb-b-14238	stored_effect_scale	sd	opengwas_api_gwasinfo		
ukb-b-1425	sample_size_kind	case_control	opengwas_api_gwasinfo	n_cases=2621;n_controls=460312	
ukb-b-1425	stored_effect_scale	sd	opengwas_api_gwasinfo		
ukb-b-14254	sample_size_kind	total	opengwas_api_gwasinfo	n_cases=;n_controls=	
ukb-b-14254	stored_effect_scale	sd	opengwas_api_gwasinfo		
ukb-b-14257	sample_size_kind	case_control	opengwas_api_gwasinfo	n_cases=3232;n_controls=459778	
ukb-b-14257	stored_effect_scale	sd	opengwas_api_gwasinfo		
ukb-b-14262	sample_size_kind	case_control	opengwas_api_gwasinfo	n_cases=2453;n_controls=460557	
ukb-b-14262	stored_effect_scale	sd	opengwas_api_gwasinfo		
ukb-b-14280	sample_size_kind	case_control	opengwas_api_gwasinfo	n_cases=156118;n_controls=303482	
ukb-b-14280	stored_effect_scale	sd	opengwas_api_gwasinfo		
ukb-b-14282	sample_size_kind	case_control	opengwas_api_gwasinfo	n_cases=2198;n_controls=460812	
ukb-b-14282	stored_effect_scale	sd	opengwas_api_gwasinfo		
ukb-b-14285	sample_size_kind	case_control	opengwas_api_gwasinfo	n_cases=1416;n_controls=63533	
ukb-b-14285	stored_effect_scale	sd	opengwas_api_gwasinfo		
ukb-b-14294	sample_size_kind	case_control	opengwas_api_gwasinfo	n_cases=88770;n_controls=189558	
ukb-b-14294	stored_effect_scale	sd	opengwas_api_gwasinfo		
ukb-b-143	sample_size_kind	total	opengwas_api_gwasinfo	n_cases=;n_controls=	
ukb-b-143	stored_effect_scale	sd	opengwas_api_gwasinfo		
ukb-b-14303	sample_size_kind	total	opengwas_api_gwasinfo	n_cases=;n_controls=	
ukb-b-14303	stored_effect_scale	sd	opengwas_api_gwasinfo		
ukb-b-14305	sample_size_kind	case_control	opengwas_api_gwasinfo	n_cases=2891;n_controls=460119	
ukb-b-14305	stored_effect_scale	sd	opengwas_api_gwasinfo		
ukb-b-1431	sample_size_kind	total	opengwas_api_gwasinfo	n_cases=;n_controls=	
ukb-b-1431	stored_effect_scale	sd	opengwas_api_gwasinfo		
ukb-b-14310	sample_size_kind	total	opengwas_api_gwasinfo	n_cases=;n_controls=	
ukb-b-14310	stored_effect_scale	sd	opengwas_api_gwasinfo		
ukb-b-14315	sample_size_kind	case_control	opengwas_api_gwasinfo	n_cases=1464;n_controls=461469	
ukb-b-14315	stored_effect_scale	sd	opengwas_api_gwasinfo		
ukb-b-14322	sample_size_kind	case_control	opengwas_api_gwasinfo	n_cases=2365;n_controls=460645	
ukb-b-14322	stored_effect_scale	sd	opengwas_api_gwasinfo		
ukb-b-14339	sample_size_kind	case_control	opengwas_api_gwasinfo	n_cases=2648;n_controls=460285	
ukb-b-14339	stored_effect_scale	sd	opengwas_api_gwasinfo		
ukb-b-14342	sample_size_kind	case_control	opengwas_api_gwasinfo	n_cases=2444;n_controls=458930	
ukb-b-14342	stored_effect_scale	sd	opengwas_api_gwasinfo		
ukb-b-14351	sample_size_kind	total	opengwas_api_gwasinfo	n_cases=;n_controls=	
ukb-b-14351	stored_effect_scale	sd	opengwas_api_gwasinfo		
ukb-b-14356	sample_size_kind	case_control	opengwas_api_gwasinfo	n_cases=1049;n_controls=461884	
ukb-b-14356	stored_effect_scale	sd	opengwas_api_gwasinfo		
ukb-b-14360	sample_size_kind	total	opengwas_api_gwasinfo	n_cases=;n_controls=	
ukb-b-14360	stored_effect_scale	sd	opengwas_api_gwasinfo		
ukb-b-14371	sample_size_kind	case_control	opengwas_api_gwasinfo	n_cases=37858;n_controls=325684	
ukb-b-14371	stored_effect_scale	sd	opengwas_api_gwasinfo		
ukb-b-14372	sample_size_kind	case_control	opengwas_api_gwasinfo	n_cases=25609;n_controls=437401	
ukb-b-14372	stored_effect_scale	sd	opengwas_api_gwasinfo		
ukb-b-14381	sample_size_kind	case_control	opengwas_api_gwasinfo	n_cases=1427;n_controls=63522	
ukb-b-14381	stored_effect_scale	sd	opengwas_api_gwasinfo		
ukb-b-14395	sample_size_kind	case_control	opengwas_api_gwasinfo	n_cases=51976;n_controls=157662	
ukb-b-14395	stored_effect_scale	sd	opengwas_api_gwasinfo		
ukb-b-14396	sample_size_kind	case_control	opengwas_api_gwasinfo	n_cases=1251;n_controls=461759	
ukb-b-14396	stored_effect_scale	sd	opengwas_api_gwasinfo		
ukb-b-1440	sample_size_kind	case_control	opengwas_api_gwasinfo	n_cases=1382;n_controls=461628	
ukb-b-1440	stored_effect_scale	sd	opengwas_api_gwasinfo		
ukb-b-14416	sample_size_kind	case_control	opengwas_api_gwasinfo	n_cases=1549;n_controls=461461	
ukb-b-14416	stored_effect_scale	sd	opengwas_api_gwasinfo		
ukb-b-14417	sample_size_kind	case_control	opengwas_api_gwasinfo	n_cases=2931;n_controls=149932	
ukb-b-14417	stored_effect_scale	sd	opengwas_api_gwasinfo		
ukb-b-14422	sample_size_kind	case_control	opengwas_api_gwasinfo	n_cases=5294;n_controls=457716	
ukb-b-14422	stored_effect_scale	sd	opengwas_api_gwasinfo		
ukb-b-14425	sample_size_kind	case_control	opengwas_api_gwasinfo	n_cases=2318;n_controls=62631	
ukb-b-14425	stored_effect_scale	sd	opengwas_api_gwasinfo		
ukb-b-14429	sample_size_kind	case_control	opengwas_api_gwasinfo	n_cases=2622;n_controls=460388	
ukb-b-14429	stored_effect_scale	sd	opengwas_api_gwasinfo		
ukb-b-14436	sample_size_kind	case_control	opengwas_api_gwasinfo	n_cases=1001;n_controls=462009	
ukb-b-14436	stored_effect_scale	sd	opengwas_api_gwasinfo		
ukb-b-14444	sample_size_kind	case_control	opengwas_api_gwasinfo	n_cases=13705;n_controls=51244	
ukb-b-14444	stored_effect_scale	sd	opengwas_api_gwasinfo		
ukb-b-14446	sample_size_kind	case_control	opengwas_api_gwasinfo	n_cases=1124;n_controls=461886	
ukb-b-14446	stored_effect_scale	sd	opengwas_api_gwasinfo		
ukb-b-14449	sample_size_kind	total	opengwas_api_gwasinfo	n_cases=;n_controls=	
ukb-b-14449	stored_effect_scale	sd	opengwas_api_gwasinfo		
ukb-b-14452	sample_size_kind	case_control	opengwas_api_gwasinfo	n_cases=1893;n_controls=461040	
ukb-b-14452	stored_effect_scale	sd	opengwas_api_gwasinfo		
ukb-b-14461	sample_size_kind	total	opengwas_api_gwasinfo	n_cases=;n_controls=	
ukb-b-14461	stored_effect_scale	sd	opengwas_api_gwasinfo		
ukb-b-14475	sample_size_kind	case_control	opengwas_api_gwasinfo	n_cases=1036;n_controls=461897	
ukb-b-14475	stored_effect_scale	sd	opengwas_api_gwasinfo		
ukb-b-14479	sample_size_kind	case_control	opengwas_api_gwasinfo	n_cases=2243;n_controls=460767	
ukb-b-14479	stored_effect_scale	sd	opengwas_api_gwasinfo		
ukb-b-14486	sample_size_kind	case_control	opengwas_api_gwasinfo	n_cases=38472;n_controls=424461	
ukb-b-14486	stored_effect_scale	sd	opengwas_api_gwasinfo		
ukb-b-14505	sample_size_kind	total	opengwas_api_gwasinfo	n_cases=;n_controls=	
ukb-b-14505	stored_effect_scale	sd	opengwas_api_gwasinfo		
ukb-b-14516	sample_size_kind	total	opengwas_api_gwasinfo	n_cases=;n_controls=	
ukb-b-14516	stored_effect_scale	sd	opengwas_api_gwasinfo		
ukb-b-14518	sample_size_kind	case_control	opengwas_api_gwasinfo	n_cases=1257;n_controls=63692	
ukb-b-14518	stored_effect_scale	sd	opengwas_api_gwasinfo		
ukb-b-14521	sample_size_kind	case_control	opengwas_api_gwasinfo	n_cases=37443;n_controls=364181	
ukb-b-14521	stored_effect_scale	sd	opengwas_api_gwasinfo		
ukb-b-14525	sample_size_kind	case_control	opengwas_api_gwasinfo	n_cases=10856;n_controls=450635	
ukb-b-14525	stored_effect_scale	sd	opengwas_api_gwasinfo		
ukb-b-14540	sample_size_kind	total	opengwas_api_gwasinfo	n_cases=;n_controls=	
ukb-b-14540	stored_effect_scale	sd	opengwas_api_gwasinfo		
ukb-b-14541	sample_size_kind	case_control	opengwas_api_gwasinfo	n_cases=2315;n_controls=460695	
ukb-b-14541	stored_effect_scale	sd	opengwas_api_gwasinfo		
ukb-b-14547	sample_size_kind	case_control	opengwas_api_gwasinfo	n_cases=2964;n_controls=460046	
ukb-b-14547	stored_effect_scale	sd	opengwas_api_gwasinfo		
ukb-b-14560	sample_size_kind	case_control	opengwas_api_gwasinfo	n_cases=1233;n_controls=460138	
ukb-b-14560	stored_effect_scale	sd	opengwas_api_gwasinfo		
ukb-b-14576	sample_size_kind	case_control	opengwas_api_gwasinfo	n_cases=411268;n_controls=50986	
ukb-b-14576	stored_effect_scale	sd	opengwas_api_gwasinfo		
ukb-b-14598	sample_size_kind	case_control	opengwas_api_gwasinfo	n_cases=217289;n_controls=237737	
ukb-b-14598	stored_effect_scale	sd	opengwas_api_gwasinfo		
ukb-b-14603	sample_size_kind	case_control	opengwas_api_gwasinfo	n_cases=7146;n_controls=455864	
ukb-b-14603	stored_effect_scale	sd	opengwas_api_gwasinfo		
ukb-b-14609	sample_size_kind	case_control	opengwas_api_gwasinfo	n_cases=11552;n_controls=451381	
ukb-b-14609	stored_effect_scale	sd	opengwas_api_gwasinfo		
ukb-b-14615	sample_size_kind	case_control	opengwas_api_gwasinfo	n_cases=1910;n_controls=461100	
ukb-b-14615	stored_effect_scale	sd	opengwas_api_gwasinfo		
ukb-b-14624	sample_size_kind	case_control	opengwas_api_gwasinfo	n_cases=14149;n_controls=445593	
ukb-b-14624	stored_effect_scale	sd	opengwas_api_gwasinfo		
ukb-b-14632	sample_size_kind	case_control	opengwas_api_gwasinfo	n_cases=1180;n_controls=461830	
ukb-b-14632	stored_effect_scale	sd	opengwas_api_gwasinfo		
ukb-b-14639	sample_size_kind	case_control	opengwas_api_gwasinfo	n_cases=1333;n_controls=461677	
ukb-b-14639	stored_effect_scale	sd	opengwas_api_gwasinfo		
ukb-b-1464	sample_size_kind	total	opengwas_api_gwasinfo	n_cases=;n_controls=	
ukb-b-1464	stored_effect_scale	sd	opengwas_api_gwasinfo		
ukb-b-14640	sample_size_kind	case_control	opengwas_api_gwasinfo	n_cases=2617;n_controls=62332	
ukb-b-14640	stored_effect_scale	sd	opengwas_api_gwasinfo		
ukb-b-14649	sample_size_kind	case_control	opengwas_api_gwasinfo	n_cases=98474;n_controls=122541	
ukb-b-14649	stored_effect_scale	sd	opengwas_api_gwasinfo		
ukb-b-14654	sample_size_kind	case_control	opengwas_api_gwasinfo	n_cases=1325;n_controls=461685	
ukb-b-14654	stored_effect_scale	sd	opengwas_api_gwasinfo		
ukb-b-14664	sample_size_kind	total	opengwas_api_gwasinfo	n_cases=;n_controls=	
ukb-b-14664	stored_effect_scale	sd	opengwas_api_gwasinfo		
ukb-b-14670	sample_size_kind	total	opengwas_api_gwasinfo	n_cases=;n_controls=	
ukb-b-14670	stored_effect_scale	sd	opengwas_api_gwasinfo		
ukb-b-14674	sample_size_kind	case_control	opengwas_api_gwasinfo	n_cases=1279;n_controls=461731	
ukb-b-14674	stored_effect_scale	sd	opengwas_api_gwasinfo		
ukb-b-14679	sample_size_kind	case_control	opengwas_api_gwasinfo	n_cases=3052;n_controls=458312	
ukb-b-14679	stored_effect_scale	sd	opengwas_api_gwasinfo		
ukb-b-14690	sample_size_kind	total	opengwas_api_gwasinfo	n_cases=;n_controls=	
ukb-b-14690	stored_effect_scale	sd	opengwas_api_gwasinfo		
ukb-b-14695	sample_size_kind	total	opengwas_api_gwasinfo	n_cases=;n_controls=	
ukb-b-14695	stored_effect_scale	sd	opengwas_api_gwasinfo		
ukb-b-14699	sample_size_kind	case_control	opengwas_api_gwasinfo	n_cases=36548;n_controls=387190	
ukb-b-14699	stored_effect_scale	sd	opengwas_api_gwasinfo		
ukb-b-14713	sample_size_kind	total	opengwas_api_gwasinfo	n_cases=;n_controls=	
ukb-b-14713	stored_effect_scale	sd	opengwas_api_gwasinfo		
ukb-b-14742	sample_size_kind	case_control	opengwas_api_gwasinfo	n_cases=2962;n_controls=459971	
ukb-b-14742	stored_effect_scale	sd	opengwas_api_gwasinfo		
ukb-b-14746	sample_size_kind	total	opengwas_api_gwasinfo	n_cases=;n_controls=	
ukb-b-14746	stored_effect_scale	sd	opengwas_api_gwasinfo		
ukb-b-14753	sample_size_kind	case_control	opengwas_api_gwasinfo	n_cases=1178;n_controls=461832	
ukb-b-14753	stored_effect_scale	sd	opengwas_api_gwasinfo		
ukb-b-14757	sample_size_kind	case_control	opengwas_api_gwasinfo	n_cases=1737;n_controls=461273	
ukb-b-14757	stored_effect_scale	sd	opengwas_api_gwasinfo		
ukb-b-14765	sample_size_kind	case_control	opengwas_api_gwasinfo	n_cases=3709;n_controls=459301	
ukb-b-14765	stored_effect_scale	sd	opengwas_api_gwasinfo		
ukb-b-14782	sample_size_kind	case_control	opengwas_api_gwasinfo	n_cases=18098;n_controls=444835	
ukb-b-14782	stored_effect_scale	sd	opengwas_api_gwasinfo		
ukb-b-14796	sample_size_kind	case_control	opengwas_api_gwasinfo	n_cases=5193;n_controls=457740	
ukb-b-14796	stored_effect_scale	sd	opengwas_api_gwasinfo		
ukb-b-1480	sample_size_kind	case_control	opengwas_api_gwasinfo	n_cases=1380;n_controls=461630	
ukb-b-1480	stored_effect_scale	sd	opengwas_api_gwasinfo		
ukb-b-14801	sample_size_kind	case_control	opengwas_api_gwasinfo	n_cases=3553;n_controls=440646	
ukb-b-14801	stored_effect_scale	sd	opengwas_api_gwasinfo		
ukb-b-14814	sample_size_kind	case_control	opengwas_api_gwasinfo	n_cases=7662;n_controls=455348	
ukb-b-14814	stored_effect_scale	sd	opengwas_api_gwasinfo		
ukb-b-14829	sample_size_kind	case_control	opengwas_api_gwasinfo	n_cases=3438;n_controls=459572	
ukb-b-14829	stored_effect_scale	sd	opengwas_api_gwasinfo		
ukb-b-14847	sample_size_kind	case_control	opengwas_api_gwasinfo	n_cases=1013;n_controls=461997	
ukb-b-14847	stored_effect_scale	sd	opengwas_api_gwasinfo		
ukb-b-14852	sample_size_kind	case_control	opengwas_api_gwasinfo	n_cases=1990;n_controls=442028	
ukb-b-14852	stored_effect_scale	sd	opengwas_api_gwasinfo		
ukb-b-14863	sample_size_kind	case_control	opengwas_api_gwasinfo	n_cases=14150;n_controls=447234	
ukb-b-14863	stored_effect_scale	sd	opengwas_api_gwasinfo		
ukb-b-14873	sample_size_kind	case_control	opengwas_api_gwasinfo	n_cases=3298;n_controls=459712	
ukb-b-14873	stored_effect_scale	sd	opengwas_api_gwasinfo		
ukb-b-14885	sample_size_kind	case_control	opengwas_api_gwasinfo	n_cases=1382;n_controls=461628	
ukb-b-14885	stored_effect_scale	sd	opengwas_api_gwasinfo		
ukb-b-1489	sample_size_kind	total	opengwas_api_gwasinfo	n_cases=;n_controls=	
ukb-b-1489	stored_effect_scale	sd	opengwas_api_gwasinfo		
ukb-b-14898	sample_size_kind	total	opengwas_api_gwasinfo	n_cases=;n_controls=	
ukb-b-14898	stored_effect_scale	sd	opengwas_api_gwasinfo		
ukb-b-14905	sample_size_kind	total	opengwas_api_gwasinfo	n_cases=;n_controls=	
ukb-b-14905	stored_effect_scale	sd	opengwas_api_gwasinfo		
ukb-b-14918	sample_size_kind	case_control	opengwas_api_gwasinfo	n_cases=26368;n_controls=335947	
ukb-b-14918	stored_effect_scale	sd	opengwas_api_gwasinfo		
ukb-b-14926	sample_size_kind	case_control	opengwas_api_gwasinfo	n_cases=225730;n_controls=234761	
ukb-b-14926	stored_effect_scale	sd	opengwas_api_gwasinfo		
ukb-b-14944	sample_size_kind	case_control	opengwas_api_gwasinfo	n_cases=55398;n_controls=407535	
ukb-b-14944	stored_effect_scale	sd	opengwas_api_gwasinfo		
ukb-b-14956	sample_size_kind	case_control	opengwas_api_gwasinfo	n_cases=1494;n_controls=461516	
ukb-b-14956	stored_effect_scale	sd	opengwas_api_gwasinfo		
ukb-b-14960	sample_size_kind	case_control	opengwas_api_gwasinfo	n_cases=27277;n_controls=435656	
ukb-b-14960	stored_effect_scale	sd	opengwas_api_gwasinfo		
ukb-b-14961	sample_size_kind	case_control	opengwas_api_gwasinfo	n_cases=93267;n_controls=360986	
ukb-b-14961	stored_effect_scale	sd	opengwas_api_gwasinfo		
ukb-b-14977	sample_size_kind	case_control	opengwas_api_gwasinfo	n_cases=55531;n_controls=9418	
ukb-b-14977	stored_effect_scale	sd	opengwas_api_gwasinfo		
ukb-b-14999	sample_size_kind	case_control	opengwas_api_gwasinfo	n_cases=1449;n_controls=461561	
ukb-b-14999	stored_effect_scale	sd	opengwas_api_gwasinfo		
ukb-b-15003	sample_size_kind	case_control	opengwas_api_gwasinfo	n_cases=1863;n_controls=461147	
ukb-b-15003	stored_effect_scale	sd	opengwas_api_gwasinfo		
ukb-b-15005	sample_size_kind	case_control	opengwas_api_gwasinfo	n_cases=39105;n_controls=206259	
ukb-b-15005	stored_effect_scale	sd	opengwas_api_gwasinfo		
ukb-b-15021	sample_size_kind	case_control	opengwas_api_gwasinfo	n_cases=1470;n_controls=461540	
ukb-b-15021	stored_effect_scale	sd	opengwas_api_gwasinfo		
ukb-b-15025	sample_size_kind	case_control	opengwas_api_gwasinfo	n_cases=3877;n_controls=459056	
ukb-b-15025	stored_effect_scale	sd	opengwas_api_gwasinfo		
ukb-b-15026	sample_size_kind	case_control	opengwas_api_gwasinfo	n_cases=2785;n_controls=460225	
ukb-b-15026	stored_effect_scale	sd	opengwas_api_gwasinfo		
ukb-b-1503	sample_size_kind	total	opengwas_api_gwasinfo	n_cases=;n_controls=	
ukb-b-1503	stored_effect_scale	sd	opengwas_api_gwasinfo		
ukb-b-15041	sample_size_kind	case_control	opengwas_api_gwasinfo	n_cases=202216;n_controls=48450	
ukb-b-15041	stored_effect_scale	sd	opengwas_api_gwasinfo		
ukb-b-15071	sample_size_kind	case_control	opengwas_api_gwasinfo	n_cases=1111;n_controls=63838	
ukb-b-15071	stored_effect_scale	sd	opengwas_api_gwasinfo		
ukb-b-15074	sample_size_kind	case_control	opengwas_api_gwasinfo	n_cases=1484;n_controls=461526	
ukb-b-15074	stored_effect_scale	sd	opengwas_api_gwasinfo		
ukb-b-1508	sample_size_kind	case_control	opengwas_api_gwasinfo	n_cases=15254;n_controls=447679	
ukb-b-1508	stored_effect_scale	sd	opengwas_api_gwasinfo		
ukb-b-15083	sample_size_kind	case_control	opengwas_api_gwasinfo	n_cases=2566;n_controls=441792	
ukb-b-15083	stored_effect_scale	sd	opengwas_api_gwasinfo		
ukb-b-15084	sample_size_kind	case_control	opengwas_api_gwasinfo	n_cases=7946;n_controls=455064	
ukb-b-15084	stored_effect_scale	sd	opengwas_api_gwasinfo		
ukb-b-15085	sample_size_kind	case_control	opengwas_api_gwasinfo	n_cases=2801;n_controls=458344	
ukb-b-15085	stored_effect_scale	sd	opengwas_api_gwasinfo		
ukb-b-15094	sample_size_kind	total	opengwas_api_gwasinfo	n_cases=;n_controls=	
ukb-b-15094	stored_effect_scale	sd	opengwas_api_gwasinfo		
ukb-b-15096	sample_size_kind	case_control	opengwas_api_gwasinfo	n_cases=20848;n_controls=442085	
ukb-b-15096	stored_effect_scale	sd	opengwas_api_gwasinfo		
ukb-b-151	sample_size_kind	total	opengwas_api_gwasinfo	n_cases=;n_controls=	
ukb-b-151	stored_effect_scale	sd	opengwas_api_gwasinfo		
ukb-b-1511	sample_size_kind	case_control	opengwas_api_gwasinfo	n_cases=5243;n_controls=457767	
ukb-b-1511	stored_effect_scale	sd	opengwas_api_gwasinfo		
ukb-b-15122	sample_size_kind	total	opengwas_api_gwasinfo	n_cases=;n_controls=	
ukb-b-15122	stored_effect_scale	sd	opengwas_api_gwasinfo		
ukb-b-15132	sample_size_kind	case_control	opengwas_api_gwasinfo	n_cases=1065;n_controls=63884	
ukb-b-15132	stored_effect_scale	sd	opengwas_api_gwasinfo		
ukb-b-15136	sample_size_kind	case_control	opengwas_api_gwasinfo	n_cases=1413;n_controls=461520	
ukb-b-15136	stored_effect_scale	sd	opengwas_api_gwasinfo		
ukb-b-1515	sample_size_kind	case_control	opengwas_api_gwasinfo	n_cases=1073;n_controls=461937	
ukb-b-1515	stored_effect_scale	sd	opengwas_api_gwasinfo		
ukb-b-15151	sample_size_kind	case_control	opengwas_api_gwasinfo	n_cases=3684;n_controls=459326	
ukb-b-15151	stored_effect_scale	sd	opengwas_api_gwasinfo		
ukb-b-15169	sample_size_kind	case_control	opengwas_api_gwasinfo	n_cases=149610;n_controls=252976	
ukb-b-15169	stored_effect_scale	sd	opengwas_api_gwasinfo		
ukb-b-15175	sample_size_kind	case_control	opengwas_api_gwasinfo	n_cases=39880;n_controls=420471	
ukb-b-15175	stored_effect_scale	sd	opengwas_api_gwasinfo		
ukb-b-15178	sample_size_kind	total	opengwas_api_gwasinfo	n_cases=;n_controls=	
ukb-b-15178	stored_effect_scale	sd	opengwas_api_gwasinfo		
ukb-b-15197	sample_size_kind	case_control	opengwas_api_gwasinfo	n_cases=1152;n_controls=461858	
ukb-b-15197	stored_effect_scale	sd	opengwas_api_gwasinfo		
ukb-b-15200	sample_size_kind	case_control	opengwas_api_gwasinfo	n_cases=2842;n_controls=460091	
ukb-b-15200	stored_effect_scale	sd	opengwas_api_gwasinfo		
ukb-b-15212	sample_size_kind	total	opengwas_api_gwasinfo	n_cases=;n_controls=	
ukb-b-15212	stored_effect_scale	sd	opengwas_api_gwasinfo		
ukb-b-15228	sample_size_kind	case_control	opengwas_api_gwasinfo	n_cases=1627;n_controls=461383	
ukb-b-15228	stored_effect_scale	sd	opengwas_api_gwasinfo		
ukb-b-1523	sample_size_kind	case_control	opengwas_api_gwasinfo	n_cases=4650;n_controls=148213	
ukb-b-1523	stored_effect_scale	sd	opengwas_api_gwasinfo		
ukb-b-15230	sample_size_kind	case_control	opengwas_api_gwasinfo	n_cases=1034;n_controls=461976	
ukb-b-15230	stored_effect_scale	sd	opengwas_api_gwasinfo		
ukb-b-15245	sample_size_kind	case_control	opengwas_api_gwasinfo	n_cases=1019;n_controls=461914	
ukb-b-15245	stored_effect_scale	sd	opengwas_api_gwasinfo		
ukb-b-15251	sample_size_kind	case_control	opengwas_api_gwasinfo	n_cases=26126;n_controls=17757	
ukb-b-15251	stored_effect_scale	sd	opengwas_api_gwasinfo		
ukb-b-15268	sample_size_kind	total	opengwas_api_gwasinfo	n_cases=;n_controls=	
ukb-b-15268	stored_effect_scale	sd	opengwas_api_gwasinfo		
ukb-b-15272	sample_size_kind	case_control	opengwas_api_gwasinfo	n_cases=8680;n_controls=140464	
ukb-b-15272	stored_effect_scale	sd	opengwas_api_gwasinfo		
ukb-b-15287	sample_size_kind	case_control	opengwas_api_gwasinfo	n_cases=1782;n_controls=63167	
ukb-b-15287	stored_effect_scale	sd	opengwas_api_gwasinfo		
ukb-b-15297	sample_size_kind	case_control	opengwas_api_gwasinfo	n_cases=1615;n_controls=458921	
ukb-b-15297	stored_effect_scale	sd	opengwas_api_gwasinfo		
ukb-b-15321	sample_size_kind	total	opengwas_api_gwasinfo	n_cases=;n_controls=	
ukb-b-15321	stored_effect_scale	sd	opengwas_api_gwasinfo		
ukb-b-15326	sample_size_kind	case_control	opengwas_api_gwasinfo	n_cases=1628;n_controls=63321	
ukb-b-15326	stored_effect_scale	sd	opengwas_api_gwasinfo		
ukb-b-15336	sample_size_kind	case_control	opengwas_api_gwasinfo	n_cases=2749;n_controls=460261	
ukb-b-15336	stored_effect_scale	sd	opengwas_api_gwasinfo		
ukb-b-15338	sample_size_kind	case_control	opengwas_api_gwasinfo	n_cases=1139;n_controls=461871	
ukb-b-15338	stored_effect_scale	sd	opengwas_api_gwasinfo		
ukb-b-15340	sample_size_kind	case_control	opengwas_api_gwasinfo	n_cases=5718;n_controls=457292	
ukb-b-15340	stored_effect_scale	sd	opengwas_api_gwasinfo		
ukb-b-15352	sample_size_kind	case_control	opengwas_api_gwasinfo	n_cases=1399;n_controls=461611	
ukb-b-15352	stored_effect_scale	sd	opengwas_api_gwasinfo		
ukb-b-15357	sample_size_kind	case_control	opengwas_api_gwasinfo	n_cases=1707;n_controls=461303	
ukb-b-15357	stored_effect_scale	sd	opengwas_api_gwasinfo		
ukb-b-15359	sample_size_kind	case_control	opengwas_api_gwasinfo	n_cases=3747;n_controls=459263	
ukb-b-15359	stored_effect_scale	sd	opengwas_api_gwasinfo		
ukb-b-15363	sample_size_kind	case_control	opengwas_api_gwasinfo	n_cases=2934;n_controls=460076	
ukb-b-15363	stored_effect_scale	sd	opengwas_api_gwasinfo		
ukb-b-15378	sample_size_kind	case_control	opengwas_api_gwasinfo	n_cases=167188;n_controls=81657	
ukb-b-15378	stored_effect_scale	sd	opengwas_api_gwasinfo		
ukb-b-1539	sample_size_kind	case_control	opengwas_api_gwasinfo	n_cases=2121;n_controls=460889	
ukb-b-1539	stored_effect_scale	sd	opengwas_api_gwasinfo		
ukb-b-15418	sample_size_kind	total	opengwas_api_gwasinfo	n_cases=;n_controls=	
ukb-b-15418	stored_effect_scale	sd	opengwas_api_gwasinfo		
ukb-b-15430	sample_size_kind	case_control	opengwas_api_gwasinfo	n_cases=1688;n_controls=459401	
ukb-b-15430	stored_effect_scale	sd	opengwas_api_gwasinfo		
ukb-b-15440	sample_size_kind	case_control	opengwas_api_gwasinfo	n_cases=2912;n_controls=460098	
ukb-b-15440	stored_effect_scale	sd	opengwas_api_gwasinfo		
ukb-b-15445	sample_size_kind	case_control	opengwas_api_gwasinfo	n_cases=4537;n_controls=458396	
ukb-b-15445	stored_effect_scale	sd	opengwas_api_gwasinfo		
ukb-b-15453	sample_size_kind	case_control	opengwas_api_gwasinfo	n_cases=2186;n_controls=460824	
ukb-b-15453	stored_effect_scale	sd	opengwas_api_gwasinfo		
ukb-b-15491	sample_size_kind	case_control	opengwas_api_gwasinfo	n_cases=2368;n_controls=460642	
ukb-b-15491	stored_effect_scale	sd	opengwas_api_gwasinfo		
ukb-b-15508	sample_size_kind	case_control	opengwas_api_gwasinfo	n_cases=15643;n_controls=1259	
ukb-b-15508	stored_effect_scale	sd	opengwas_api_gwasinfo		
ukb-b-15527	sample_size_kind	case_control	opengwas_api_gwasinfo	n_cases=6117;n_controls=456816	
ukb-b-15527	stored_effect_scale	sd	opengwas_api_gwasinfo		
ukb-b-15528	sample_size_kind	case_control	opengwas_api_gwasinfo	n_cases=2658;n_controls=460352	
ukb-b-15528	stored_effect_scale	sd	opengwas_api_gwasinfo		
ukb-b-1553	sample_size_kind	case_control	opengwas_api_gwasinfo	n_cases=33398;n_controls=427971	
ukb-b-1553	stored_effect_scale	sd	opengwas_api_gwasinfo		
ukb-b-15531	sample_size_kind	case_control	opengwas_api_gwasinfo	n_cases=8460;n_controls=56489	
ukb-b-15531	stored_effect_scale	sd	opengwas_api_gwasinfo		
ukb-b-15541	sample_size_kind	case_control	opengwas_api_gwasinfo	n_cases=4688;n_controls=458322	
ukb-b-15541	stored_effect_scale	sd	opengwas_api_gwasinfo		
ukb-b-15555	sample_size_kind	total	opengwas_api_gwasinfo	n_cases=;n_controls=	
ukb-b-15555	stored_effect_scale	sd	opengwas_api_gwasinfo		
ukb-b-15564	sample_size_kind	total	opengwas_api_gwasinfo	n_cases=;n_controls=	
ukb-b-15564	stored_effect_scale	sd	opengwas_api_gwasinfo		
ukb-b-1557	sample_size_kind	case_control	opengwas_api_gwasinfo	n_cases=2439;n_controls=460571	
ukb-b-1557	stored_effect_scale	sd	opengwas_api_gwasinfo		
ukb-b-15582	sample_size_kind	case_control	opengwas_api_gwasinfo	n_cases=6479;n_controls=453861	
ukb-b-15582	stored_effect_scale	sd	opengwas_api_gwasinfo		
ukb-b-15590	sample_size_kind	total	opengwas_api_gwasinfo	n_cases=;n_controls=	
ukb-b-15590	stored_effect_scale	sd	opengwas_api_gwasinfo		
ukb-b-15591	sample_size_kind	case_control	opengwas_api_gwasinfo	n_cases=4770;n_controls=458240	
ukb-b-15591	stored_effect_scale	sd	opengwas_api_gwasinfo		
ukb-b-15592	sample_size_kind	case_control	opengwas_api_gwasinfo	n_cases=18818;n_controls=444115	
ukb-b-15592	stored_effect_scale	sd	opengwas_api_gwasinfo		
ukb-b-15601	sample_size_kind	total	opengwas_api_gwasinfo	n_cases=;n_controls=	
ukb-b-15601	stored_effect_scale	sd	opengwas_api_gwasinfo		
ukb-b-15606	sample_size_kind	case_control	opengwas_api_gwasinfo	n_cases=1611;n_controls=461399	
ukb-b-15606	stored_effect_scale	sd	opengwas_api_gwasinfo		
ukb-b-15622	sample_size_kind	case_control	opengwas_api_gwasinfo	n_cases=2277;n_controls=460656	
ukb-b-15622	stored_effect_scale	sd	opengwas_api_gwasinfo		
ukb-b-15625	sample_size_kind	total	opengwas_api_gwasinfo	n_cases=;n_controls=	
ukb-b-15625	stored_effect_scale	sd	opengwas_api_gwasinfo		
ukb-b-15649	sample_size_kind	case_control	opengwas_api_gwasinfo	n_cases=2752;n_controls=460181	
ukb-b-15649	stored_effect_scale	sd	opengwas_api_gwasinfo		
ukb-b-15654	sample_size_kind	case_control	opengwas_api_gwasinfo	n_cases=1734;n_controls=461276	
ukb-b-15654	stored_effect_scale	sd	opengwas_api_gwasinfo		
ukb-b-15661	sample_size_kind	case_control	opengwas_api_gwasinfo	n_cases=1896;n_controls=461114	
ukb-b-15661	stored_effect_scale	sd	opengwas_api_gwasinfo		
ukb-b-15666	sample_size_kind	case_control	opengwas_api_gwasinfo	n_cases=8707;n_controls=454226	
ukb-b-15666	stored_effect_scale	sd	opengwas_api_gwasinfo		
ukb-b-1567	sample_size_kind	case_control	opengwas_api_gwasinfo	n_cases=92569;n_controls=370441	
ukb-b-1567	stored_effect_scale	sd	opengwas_api_gwasinfo		
ukb-b-15671	sample_size_kind	case_control	opengwas_api_gwasinfo	n_cases=6263;n_controls=456747	
ukb-b-15671	stored_effect_scale	sd	opengwas_api_gwasinfo		
ukb-b-15685	sample_size_kind	case_control	opengwas_api_gwasinfo	n_cases=2605;n_controls=460405	
ukb-b-15685	stored_effect_scale	sd	opengwas_api_gwasinfo		
ukb-b-15686	sample_size_kind	case_control	opengwas_api_gwasinfo	n_cases=10083;n_controls=452927	
ukb-b-15686	stored_effect_scale	sd	opengwas_api_gwasinfo		
ukb-b-15695	sample_size_kind	case_control	opengwas_api_gwasinfo	n_cases=62489;n_controls=137921	
ukb-b-15695	stored_effect_scale	sd	opengwas_api_gwasinfo		
ukb-b-15710	sample_size_kind	total	opengwas_api_gwasinfo	n_cases=;n_controls=	
ukb-b-15710	stored_effect_scale	sd	opengwas_api_gwasinfo		
ukb-b-15718	sample_size_kind	case_control	opengwas_api_gwasinfo	n_cases=1067;n_controls=461943	
ukb-b-15718	stored_effect_scale	sd	opengwas_api_gwasinfo		
ukb-b-1572	sample_size_kind	total	opengwas_api_gwasinfo	n_cases=;n_controls=	
ukb-b-1572	stored_effect_scale	sd	opengwas_api_gwasinfo		
ukb-b-15730	sample_size_kind	total	opengwas_api_gwasinfo	n_cases=;n_controls=	
ukb-b-15730	stored_effect_scale	sd	opengwas_api_gwasinfo		
ukb-b-15746	sample_size_kind	case_control	opengwas_api_gwasinfo	n_cases=3525;n_controls=459408	
ukb-b-15746	stored_effect_scale	sd	opengwas_api_gwasinfo		
ukb-b-15748	sample_size_kind	case_control	opengwas_api_gwasinfo	n_cases=3724;n_controls=459286	
ukb-b-15748	stored_effect_scale	sd	opengwas_api_gwasinfo		
ukb-b-15749	sample_size_kind	case_control	opengwas_api_gwasinfo	n_cases=1700;n_controls=461233	
ukb-b-15749	stored_effect_scale	sd	opengwas_api_gwasinfo		
ukb-b-15760	sample_size_kind	case_control	opengwas_api_gwasinfo	n_cases=5272;n_controls=457738	
ukb-b-15760	stored_effect_scale	sd	opengwas_api_gwasinfo		
ukb-b-15761	sample_size_kind	case_control	opengwas_api_gwasinfo	n_cases=1035;n_controls=461898	
ukb-b-15761	stored_effect_scale	sd	opengwas_api_gwasinfo		
ukb-b-15766	sample_size_kind	case_control	opengwas_api_gwasinfo	n_cases=19898;n_controls=443035	
ukb-b-15766	stored_effect_scale	sd	opengwas_api_gwasinfo		
ukb-b-15767	sample_size_kind	case_control	opengwas_api_gwasinfo	n_cases=2736;n_controls=62213	
ukb-b-15767	stored_effect_scale	sd	opengwas_api_gwasinfo		
ukb-b-15768	sample_size_kind	case_control	opengwas_api_gwasinfo	n_cases=7794;n_controls=57155	
ukb-b-15768	stored_effect_scale	sd	opengwas_api_gwasinfo		
ukb-b-15769	sample_size_kind	case_control	opengwas_api_gwasinfo	n_cases=1017;n_controls=461993	
ukb-b-15769	stored_effect_scale	sd	opengwas_api_gwasinfo		
ukb-b-15775	sample_size_kind	case_control	opengwas_api_gwasinfo	n_cases=1241;n_controls=461769	
ukb-b-15775	stored_effect_scale	sd	opengwas_api_gwasinfo		
ukb-b-15780	sample_size_kind	total	opengwas_api_gwasinfo	n_cases=;n_controls=	
ukb-b-15780	stored_effect_scale	sd	opengwas_api_gwasinfo		
ukb-b-15782	sample_size_kind	total	opengwas_api_gwasinfo	n_cases=;n_controls=	
ukb-b-15782	stored_effect_scale	sd	opengwas_api_gwasinfo		
ukb-b-15784	sample_size_kind	case_control	opengwas_api_gwasinfo	n_cases=81135;n_controls=380759	
ukb-b-15784	stored_effect_scale	sd	opengwas_api_gwasinfo		
ukb-b-15787	sample_size_kind	case_control	opengwas_api_gwasinfo	n_cases=19179;n_controls=226185	
ukb-b-15787	stored_effect_scale	sd	opengwas_api_gwasinfo		
ukb-b-1579	sample_size_kind	case_control	opengwas_api_gwasinfo	n_cases=12297;n_controls=52652	
ukb-b-1579	stored_effect_scale	sd	opengwas_api_gwasinfo		
ukb-b-15790	sample_size_kind	case_control	opengwas_api_gwasinfo	n_cases=5264;n_controls=457746	
ukb-b-15790	stored_effect_scale	sd	opengwas_api_gwasinfo		
ukb-b-15797	sample_size_kind	case_control	opengwas_api_gwasinfo	n_cases=4917;n_controls=458093	
ukb-b-15797	stored_effect_scale	sd	opengwas_api_gwasinfo		
ukb-b-15826	sample_size_kind	case_control	opengwas_api_gwasinfo	n_cases=8199;n_controls=353387	
ukb-b-15826	stored_effect_scale	sd	opengwas_api_gwasinfo		
ukb-b-15829	sample_size_kind	case_control	opengwas_api_gwasinfo	n_cases=10616;n_controls=452317	
ukb-b-15829	stored_effect_scale	sd	opengwas_api_gwasinfo		
ukb-b-15832	sample_size_kind	case_control	opengwas_api_gwasinfo	n_cases=1188;n_controls=461822	
ukb-b-15832	stored_effect_scale	sd	opengwas_api_gwasinfo		
ukb-b-15835	sample_size_kind	case_control	opengwas_api_gwasinfo	n_cases=4810;n_controls=60139	
ukb-b-15835	stored_effect_scale	sd	opengwas_api_gwasinfo		
ukb-b-15836	sample_size_kind	case_control	opengwas_api_gwasinfo	n_cases=1283;n_controls=461727	
ukb-b-15836	stored_effect_scale	sd	opengwas_api_gwasinfo		
ukb-b-1585	sample_size_kind		opengwas_api_gwasinfo		no gwasinfo record returned by the OpenGWAS API
ukb-b-1585	stored_effect_scale		opengwas_api_gwasinfo		no gwasinfo record returned by the OpenGWAS API
ukb-b-15851	sample_size_kind	total	opengwas_api_gwasinfo	n_cases=;n_controls=	
ukb-b-15851	stored_effect_scale	sd	opengwas_api_gwasinfo		
ukb-b-15858	sample_size_kind	case_control	opengwas_api_gwasinfo	n_cases=4003;n_controls=459007	
ukb-b-15858	stored_effect_scale	sd	opengwas_api_gwasinfo		
ukb-b-15860	sample_size_kind	case_control	opengwas_api_gwasinfo	n_cases=24252;n_controls=438758	
ukb-b-15860	stored_effect_scale	sd	opengwas_api_gwasinfo		
ukb-b-15869	sample_size_kind	case_control	opengwas_api_gwasinfo	n_cases=28040;n_controls=432336	
ukb-b-15869	stored_effect_scale	sd	opengwas_api_gwasinfo		
ukb-b-15892	sample_size_kind	total	opengwas_api_gwasinfo	n_cases=;n_controls=	
ukb-b-15892	stored_effect_scale	sd	opengwas_api_gwasinfo		
ukb-b-15895	sample_size_kind	case_control	opengwas_api_gwasinfo	n_cases=5243;n_controls=457690	
ukb-b-15895	stored_effect_scale	sd	opengwas_api_gwasinfo		
ukb-b-15903	sample_size_kind	case_control	opengwas_api_gwasinfo	n_cases=11591;n_controls=432912	
ukb-b-15903	stored_effect_scale	sd	opengwas_api_gwasinfo		
ukb-b-15904	sample_size_kind	case_control	opengwas_api_gwasinfo	n_cases=7755;n_controls=455178	
ukb-b-15904	stored_effect_scale	sd	opengwas_api_gwasinfo		
ukb-b-15907	sample_size_kind	case_control	opengwas_api_gwasinfo	n_cases=2455;n_controls=62494	
ukb-b-15907	stored_effect_scale	sd	opengwas_api_gwasinfo		
ukb-b-15914	sample_size_kind	case_control	opengwas_api_gwasinfo	n_cases=1166;n_controls=461767	
ukb-b-15914	stored_effect_scale	sd	opengwas_api_gwasinfo		
ukb-b-15918	sample_size_kind	case_control	opengwas_api_gwasinfo	n_cases=8914;n_controls=435673	
ukb-b-15918	stored_effect_scale	sd	opengwas_api_gwasinfo		
ukb-b-15924	sample_size_kind	total	opengwas_api_gwasinfo	n_cases=;n_controls=	
ukb-b-15924	stored_effect_scale	sd	opengwas_api_gwasinfo		
ukb-b-15926	sample_size_kind	total	opengwas_api_gwasinfo	n_cases=;n_controls=	
ukb-b-15926	stored_effect_scale	sd	opengwas_api_gwasinfo		
ukb-b-15932	sample_size_kind	case_control	opengwas_api_gwasinfo	n_cases=2106;n_controls=460904	
ukb-b-15932	stored_effect_scale	sd	opengwas_api_gwasinfo		
ukb-b-15942	sample_size_kind	case_control	opengwas_api_gwasinfo	n_cases=2868;n_controls=460142	
ukb-b-15942	stored_effect_scale	sd	opengwas_api_gwasinfo		
ukb-b-15945	sample_size_kind	total	opengwas_api_gwasinfo	n_cases=;n_controls=	
ukb-b-15945	stored_effect_scale	sd	opengwas_api_gwasinfo		
ukb-b-15957	sample_size_kind	case_control	opengwas_api_gwasinfo	n_cases=138999;n_controls=321492	
ukb-b-15957	stored_effect_scale	sd	opengwas_api_gwasinfo		
ukb-b-15960	sample_size_kind	total	opengwas_api_gwasinfo	n_cases=;n_controls=	
ukb-b-15960	stored_effect_scale	sd	opengwas_api_gwasinfo		
ukb-b-15983	sample_size_kind	case_control	opengwas_api_gwasinfo	n_cases=1231;n_controls=461779	
ukb-b-15983	stored_effect_scale	sd	opengwas_api_gwasinfo		
ukb-b-15984	sample_size_kind	case_control	opengwas_api_gwasinfo	n_cases=11749;n_controls=53200	
ukb-b-15984	stored_effect_scale	sd	opengwas_api_gwasinfo		
ukb-b-1600	sample_size_kind	case_control	opengwas_api_gwasinfo	n_cases=2326;n_controls=460684	
ukb-b-1600	stored_effect_scale	sd	opengwas_api_gwasinfo		
ukb-b-16010	sample_size_kind	total	opengwas_api_gwasinfo	n_cases=;n_controls=	
ukb-b-16010	stored_effect_scale	sd	opengwas_api_gwasinfo		
ukb-b-16019	sample_size_kind	case_control	opengwas_api_gwasinfo	n_cases=39280;n_controls=422098	
ukb-b-16019	stored_effect_scale	sd	opengwas_api_gwasinfo		
ukb-b-16024	sample_size_kind	case_control	opengwas_api_gwasinfo	n_cases=1942;n_controls=461068	
ukb-b-16024	stored_effect_scale	sd	opengwas_api_gwasinfo		
ukb-b-16026	sample_size_kind	total	opengwas_api_gwasinfo	n_cases=;n_controls=	
ukb-b-16026	stored_effect_scale	sd	opengwas_api_gwasinfo		
ukb-b-16027	sample_size_kind	case_control	opengwas_api_gwasinfo	n_cases=330107;n_controls=97975	
ukb-b-16027	stored_effect_scale	sd	opengwas_api_gwasinfo		
ukb-b-16030	sample_size_kind	case_control	opengwas_api_gwasinfo	n_cases=3649;n_controls=459361	
ukb-b-16030	stored_effect_scale	sd	opengwas_api_gwasinfo		
ukb-b-16039	sample_size_kind	case_control	opengwas_api_gwasinfo	n_cases=5045;n_controls=457965	
ukb-b-16039	stored_effect_scale	sd	opengwas_api_gwasinfo		
ukb-b-1604	sample_size_kind	total	opengwas_api_gwasinfo	n_cases=;n_controls=	
ukb-b-1604	stored_effect_scale	sd	opengwas_api_gwasinfo		
ukb-b-16040	sample_size_kind	case_control	opengwas_api_gwasinfo	n_cases=1195;n_controls=459900	
ukb-b-16040	stored_effect_scale	sd	opengwas_api_gwasinfo		
ukb-b-16048	sample_size_kind	case_control	opengwas_api_gwasinfo	n_cases=3823;n_controls=459110	
ukb-b-16048	stored_effect_scale	sd	opengwas_api_gwasinfo		
ukb-b-16056	sample_size_kind	case_control	opengwas_api_gwasinfo	n_cases=1802;n_controls=461208	
ukb-b-16056	stored_effect_scale	sd	opengwas_api_gwasinfo		
ukb-b-16061	sample_size_kind	case_control	opengwas_api_gwasinfo	n_cases=1256;n_controls=460979	
ukb-b-16061	stored_effect_scale	sd	opengwas_api_gwasinfo		
ukb-b-16062	sample_size_kind	case_control	opengwas_api_gwasinfo	n_cases=8640;n_controls=454370	
ukb-b-16062	stored_effect_scale	sd	opengwas_api_gwasinfo		
ukb-b-16066	sample_size_kind	case_control	opengwas_api_gwasinfo	n_cases=32699;n_controls=32250	
ukb-b-16066	stored_effect_scale	sd	opengwas_api_gwasinfo		
ukb-b-16068	sample_size_kind	case_control	opengwas_api_gwasinfo	n_cases=7569;n_controls=455441	
ukb-b-16068	stored_effect_scale	sd	opengwas_api_gwasinfo		
ukb-b-16071	sample_size_kind	case_control	opengwas_api_gwasinfo	n_cases=1095;n_controls=461915	
ukb-b-16071	stored_effect_scale	sd	opengwas_api_gwasinfo		
ukb-b-16077	sample_size_kind	total	opengwas_api_gwasinfo	n_cases=;n_controls=	
ukb-b-16077	stored_effect_scale	sd	opengwas_api_gwasinfo		
ukb-b-16099	sample_size_kind	total	opengwas_api_gwasinfo	n_cases=;n_controls=	
ukb-b-16099	stored_effect_scale	sd	opengwas_api_gwasinfo		
ukb-b-16100	sample_size_kind	case_control	opengwas_api_gwasinfo	n_cases=53457;n_controls=11492	
ukb-b-16100	stored_effect_scale	sd	opengwas_api_gwasinfo		
ukb-b-16102	sample_size_kind	case_control	opengwas_api_gwasinfo	n_cases=1528;n_controls=461482	
ukb-b-16102	stored_effect_scale	sd	opengwas_api_gwasinfo		
ukb-b-16103	sample_size_kind	case_control	opengwas_api_gwasinfo	n_cases=1022;n_controls=461988	
ukb-b-16103	stored_effect_scale	sd	opengwas_api_gwasinfo		
ukb-b-16112	sample_size_kind	total	opengwas_api_gwasinfo	n_cases=;n_controls=	
ukb-b-16112	stored_effect_scale	sd	opengwas_api_gwasinfo		
ukb-b-16117	sample_size_kind	case_control	opengwas_api_gwasinfo	n_cases=1143;n_controls=461790	
ukb-b-16117	stored_effect_scale	sd	opengwas_api_gwasinfo		
ukb-b-16118	sample_size_kind	case_control	opengwas_api_gwasinfo	n_cases=72887;n_controls=32509	
ukb-b-16118	stored_effect_scale	sd	opengwas_api_gwasinfo		
ukb-b-16124	sample_size_kind	total	opengwas_api_gwasinfo	n_cases=;n_controls=	
ukb-b-16124	stored_effect_scale	sd	opengwas_api_gwasinfo		
ukb-b-16126	sample_size_kind	case_control	opengwas_api_gwasinfo	n_cases=1411;n_controls=461599	
ukb-b-16126	stored_effect_scale	sd	opengwas_api_gwasinfo		
ukb-b-16128	sample_size_kind	case_control	opengwas_api_gwasinfo	n_cases=1301;n_controls=461632	
ukb-b-16128	stored_effect_scale	sd	opengwas_api_gwasinfo		
ukb-b-16139	sample_size_kind	total	opengwas_api_gwasinfo	n_cases=;n_controls=	
ukb-b-16139	stored_effect_scale	sd	opengwas_api_gwasinfo		
ukb-b-16146	sample_size_kind	case_control	opengwas_api_gwasinfo	n_cases=1034;n_controls=461899	
ukb-b-16146	stored_effect_scale	sd	opengwas_api_gwasinfo		
ukb-b-16150	sample_size_kind	total	opengwas_api_gwasinfo	n_cases=;n_controls=	
ukb-b-16150	stored_effect_scale	sd	opengwas_api_gwasinfo		
ukb-b-16156	sample_size_kind	total	opengwas_api_gwasinfo	n_cases=;n_controls=	
ukb-b-16156	stored_effect_scale	sd	opengwas_api_gwasinfo		
ukb-b-16170	sample_size_kind	case_control	opengwas_api_gwasinfo	n_cases=1774;n_controls=63175	
ukb-b-16170	stored_effect_scale	sd	opengwas_api_gwasinfo		
ukb-b-16174	sample_size_kind	case_control	opengwas_api_gwasinfo	n_cases=1222;n_controls=460145	
ukb-b-16174	stored_effect_scale	sd	opengwas_api_gwasinfo		
ukb-b-16187	sample_size_kind	case_control	opengwas_api_gwasinfo	n_cases=4748;n_controls=458262	
ukb-b-16187	stored_effect_scale	sd	opengwas_api_gwasinfo		
ukb-b-16193	sample_size_kind	case_control	opengwas_api_gwasinfo	n_cases=1404;n_controls=461606	
ukb-b-16193	stored_effect_scale	sd	opengwas_api_gwasinfo		
ukb-b-16201	sample_size_kind	case_control	opengwas_api_gwasinfo	n_cases=3702;n_controls=440376	
ukb-b-16201	stored_effect_scale	sd	opengwas_api_gwasinfo		
ukb-b-16202	sample_size_kind	total	opengwas_api_gwasinfo	n_cases=;n_controls=	
ukb-b-16202	stored_effect_scale	sd	opengwas_api_gwasinfo		
ukb-b-16207	sample_size_kind	case_control	opengwas_api_gwasinfo	n_cases=7844;n_controls=454169	
ukb-b-16207	stored_effect_scale	sd	opengwas_api_gwasinfo		
ukb-b-16209	sample_size_kind	case_control	opengwas_api_gwasinfo	n_cases=2689;n_controls=460321	
ukb-b-16209	stored_effect_scale	sd	opengwas_api_gwasinfo		
ukb-b-16217	sample_size_kind	case_control	opengwas_api_gwasinfo	n_cases=16197;n_controls=446736	
ukb-b-16217	stored_effect_scale	sd	opengwas_api_gwasinfo		
ukb-b-16235	sample_size_kind	case_control	opengwas_api_gwasinfo	n_cases=39730;n_controls=420806	
ukb-b-16235	stored_effect_scale	sd	opengwas_api_gwasinfo		
ukb-b-16240	sample_size_kind	case_control	opengwas_api_gwasinfo	n_cases=5194;n_controls=457816	
ukb-b-16240	stored_effect_scale	sd	opengwas_api_gwasinfo		
ukb-b-16254	sample_size_kind	case_control	opengwas_api_gwasinfo	n_cases=98704;n_controls=363153	
ukb-b-16254	stored_effect_scale	sd	opengwas_api_gwasinfo		
ukb-b-16256	sample_size_kind	case_control	opengwas_api_gwasinfo	n_cases=2470;n_controls=460540	
ukb-b-16256	stored_effect_scale	sd	opengwas_api_gwasinfo		
ukb-b-16269	sample_size_kind	case_control	opengwas_api_gwasinfo	n_cases=2340;n_controls=460670	
ukb-b-16269	stored_effect_scale	sd	opengwas_api_gwasinfo		
ukb-b-16287	sample_size_kind	total	opengwas_api_gwasinfo	n_cases=;n_controls=	
ukb-b-16287	stored_effect_scale	sd	opengwas_api_gwasinfo		
ukb-b-16288	sample_size_kind	case_control	opengwas_api_gwasinfo	n_cases=1741;n_controls=461192	
ukb-b-16288	stored_effect_scale	sd	opengwas_api_gwasinfo		
ukb-b-16292	sample_size_kind	case_control	opengwas_api_gwasinfo	n_cases=1326;n_controls=461684	
ukb-b-16292	stored_effect_scale	sd	opengwas_api_gwasinfo		
ukb-b-16295	sample_size_kind	case_control	opengwas_api_gwasinfo	n_cases=3214;n_controls=61735	
ukb-b-16295	stored_effect_scale	sd	opengwas_api_gwasinfo		
ukb-b-16309	sample_size_kind	case_control	opengwas_api_gwasinfo	n_cases=3810;n_controls=459123	
ukb-b-16309	stored_effect_scale	sd	opengwas_api_gwasinfo		
ukb-b-16311	sample_size_kind	total	opengwas_api_gwasinfo	n_cases=;n_controls=	
ukb-b-16311	stored_effect_scale	sd	opengwas_api_gwasinfo		
ukb-b-16313	sample_size_kind	case_control	opengwas_api_gwasinfo	n_cases=1675;n_controls=461335	
ukb-b-16313	stored_effect_scale	sd	opengwas_api_gwasinfo		
ukb-b-16315	sample_size_kind	case_control	opengwas_api_gwasinfo	n_cases=1917;n_controls=461016	
ukb-b-16315	stored_effect_scale	sd	opengwas_api_gwasinfo		
ukb-b-16319	sample_size_kind	case_control	opengwas_api_gwasinfo	n_cases=1149;n_controls=461861	
ukb-b-16319	stored_effect_scale	sd	opengwas_api_gwasinfo		
ukb-b-16334	sample_size_kind	case_control	opengwas_api_gwasinfo	n_cases=12031;n_controls=349894	
ukb-b-16334	stored_effect_scale	sd	opengwas_api_gwasinfo		
ukb-b-16340	sample_size_kind	case_control	opengwas_api_gwasinfo	n_cases=7322;n_controls=455611	
ukb-b-16340	stored_effect_scale	sd	opengwas_api_gwasinfo		
ukb-b-16345	sample_size_kind	total	opengwas_api_gwasinfo	n_cases=;n_controls=	
ukb-b-16345	stored_effect_scale	sd	opengwas_api_gwasinfo		
ukb-b-16348	sample_size_kind	case_control	opengwas_api_gwasinfo	n_cases=2381;n_controls=460629	
ukb-b-16348	stored_effect_scale	sd	opengwas_api_gwasinfo		
ukb-b-16364	sample_size_kind	case_control	opengwas_api_gwasinfo	n_cases=10458;n_controls=452552	
ukb-b-16364	stored_effect_scale	sd	opengwas_api_gwasinfo		
ukb-b-16369	sample_size_kind	case_control	opengwas_api_gwasinfo	n_cases=52200;n_controls=409249	
ukb-b-16369	stored_effect_scale	sd	opengwas_api_gwasinfo		
ukb-b-16376	sample_size_kind	case_control	opengwas_api_gwasinfo	n_cases=24551;n_controls=436865	
ukb-b-16376	stored_effect_scale	sd	opengwas_api_gwasinfo		
ukb-b-16399	sample_size_kind	case_control	opengwas_api_gwasinfo	n_cases=70656;n_controls=391141	
ukb-b-16399	stored_effect_scale	sd	opengwas_api_gwasinfo		
ukb-b-16407	sample_size_kind	total	opengwas_api_gwasinfo	n_cases=;n_controls=	
ukb-b-16407	stored_effect_scale	sd	opengwas_api_gwasinfo		
ukb-b-16426	sample_size_kind	case_control	opengwas_api_gwasinfo	n_cases=1788;n_controls=461145	
ukb-b-16426	stored_effect_scale	sd	opengwas_api_gwasinfo		
ukb-b-16440	sample_size_kind	case_control	opengwas_api_gwasinfo	n_cases=1405;n_controls=461528	
ukb-b-16440	stored_effect_scale	sd	opengwas_api_gwasinfo		
ukb-b-16446	sample_size_kind	total	opengwas_api_gwasinfo	n_cases=;n_controls=	
ukb-b-16446	stored_effect_scale	sd	opengwas_api_gwasinfo		
ukb-b-16449	sample_size_kind	total	opengwas_api_gwasinfo	n_cases=;n_controls=	
ukb-b-16449	stored_effect_scale	sd	opengwas_api_gwasinfo		
ukb-b-1645	sample_size_kind	case_control	opengwas_api_gwasinfo	n_cases=12293;n_controls=450717	
ukb-b-1645	stored_effect_scale	sd	opengwas_api_gwasinfo		
ukb-b-16451	sample_size_kind	case_control	opengwas_api_gwasinfo	n_cases=40091;n_controls=383801	
ukb-b-16451	stored_effect_scale	sd	opengwas_api_gwasinfo		
ukb-b-16452	sample_size_kind	case_control	opengwas_api_gwasinfo	n_cases=9777;n_controls=55172	
ukb-b-16452	stored_effect_scale	sd	opengwas_api_gwasinfo		
ukb-b-16454	sample_size_kind	case_control	opengwas_api_gwasinfo	n_cases=1968;n_controls=461042	
ukb-b-16454	stored_effect_scale	sd	opengwas_api_gwasinfo		
ukb-b-16471	sample_size_kind	case_control	opengwas_api_gwasinfo	n_cases=3570;n_controls=459440	
ukb-b-16471	stored_effect_scale	sd	opengwas_api_gwasinfo		
ukb-b-16482	sample_size_kind	case_control	opengwas_api_gwasinfo	n_cases=26305;n_controls=38644	
ukb-b-16482	stored_effect_scale	sd	opengwas_api_gwasinfo		
ukb-b-16489	sample_size_kind	case_control	opengwas_api_gwasinfo	n_cases=148722;n_controls=309357	
ukb-b-16489	stored_effect_scale	sd	opengwas_api_gwasinfo		
ukb-b-16499	sample_size_kind	case_control	opengwas_api_gwasinfo	n_cases=26107;n_controls=436826	
ukb-b-16499	stored_effect_scale	sd	opengwas_api_gwasinfo		
ukb-b-16507	sample_size_kind	case_control	opengwas_api_gwasinfo	n_cases=26550;n_controls=38399	
ukb-b-16507	stored_effect_scale	sd	opengwas_api_gwasinfo		
ukb-b-16508	sample_size_kind	case_control	opengwas_api_gwasinfo	n_cases=5360;n_controls=457573	
ukb-b-16508	stored_effect_scale	sd	opengwas_api_gwasinfo		
ukb-b-16522	sample_size_kind	case_control	opengwas_api_gwasinfo	n_cases=5952;n_controls=355442	
ukb-b-16522	stored_effect_scale	sd	opengwas_api_gwasinfo		
ukb-b-16523	sample_size_kind	case_control	opengwas_api_gwasinfo	n_cases=5818;n_controls=59131	
ukb-b-16523	stored_effect_scale	sd	opengwas_api_gwasinfo		
ukb-b-16527	sample_size_kind	case_control	opengwas_api_gwasinfo	n_cases=2667;n_controls=460343	
ukb-b-16527	stored_effect_scale	sd	opengwas_api_gwasinfo		
ukb-b-16557	sample_size_kind	case_control	opengwas_api_gwasinfo	n_cases=1592;n_controls=63357	
ukb-b-16557	stored_effect_scale	sd	opengwas_api_gwasinfo		
ukb-b-16559	sample_size_kind	case_control	opengwas_api_gwasinfo	n_cases=1353;n_controls=461657	
ukb-b-16559	stored_effect_scale	sd	opengwas_api_gwasinfo		
ukb-b-16565	sample_size_kind	case_control	opengwas_api_gwasinfo	n_cases=8348;n_controls=451252	
ukb-b-16565	stored_effect_scale	sd	opengwas_api_gwasinfo		
ukb-b-16573	sample_size_kind	case_control	opengwas_api_gwasinfo	n_cases=4510;n_controls=458500	
ukb-b-16573	stored_effect_scale	sd	opengwas_api_gwasinfo		
ukb-b-16576	sample_size_kind	total	opengwas_api_gwasinfo	n_cases=;n_controls=	
ukb-b-16576	stored_effect_scale	sd	opengwas_api_gwasinfo		
ukb-b-1658	sample_size_kind	case_control	opengwas_api_gwasinfo	n_cases=6375;n_controls=58574	
ukb-b-1658	stored_effect_scale	sd	opengwas_api_gwasinfo		
ukb-b-16585	sample_size_kind	case_control	opengwas_api_gwasinfo	n_cases=3012;n_controls=459998	
ukb-b-16585	stored_effect_scale	sd	opengwas_api_gwasinfo		
ukb-b-16587	sample_size_kind	case_control	opengwas_api_gwasinfo	n_cases=1134;n_controls=461876	
ukb-b-16587	stored_effect_scale	sd	opengwas_api_gwasinfo		
ukb-b-16597	sample_size_kind	case_control	opengwas_api_gwasinfo	n_cases=120788;n_controls=330413	
ukb-b-16597	stored_effect_scale	sd	opengwas_api_gwasinfo		
ukb-b-16606	sample_size_kind	case_control	opengwas_api_gwasinfo	n_cases=5738;n_controls=457272	
ukb-b-16606	stored_effect_scale	sd	opengwas_api_gwasinfo		
ukb-b-16609	sample_size_kind	case_control	opengwas_api_gwasinfo	n_cases=6995;n_controls=61431	
ukb-b-16609	stored_effect_scale	sd	opengwas_api_gwasinfo		
ukb-b-16635	sample_size_kind	case_control	opengwas_api_gwasinfo	n_cases=3151;n_controls=61798	
ukb-b-16635	stored_effect_scale	sd	opengwas_api_gwasinfo		
ukb-b-16636	sample_size_kind	case_control	opengwas_api_gwasinfo	n_cases=1367;n_controls=461643	
ukb-b-16636	stored_effect_scale	sd	opengwas_api_gwasinfo		
ukb-b-16639	sample_size_kind	case_control	opengwas_api_gwasinfo	n_cases=1040;n_controls=63909	
ukb-b-16639	stored_effect_scale	sd	opengwas_api_gwasinfo		
ukb-b-16641	sample_size_kind	case_control	opengwas_api_gwasinfo	n_cases=1661;n_controls=461349	
ukb-b-16641	stored_effect_scale	sd	opengwas_api_gwasinfo		
ukb-b-16652	sample_size_kind	case_control	opengwas_api_gwasinfo	n_cases=1562;n_controls=461371	
ukb-b-16652	stored_effect_scale	sd	opengwas_api_gwasinfo		
ukb-b-1666	sample_size_kind	total	opengwas_api_gwasinfo	n_cases=;n_controls=	
ukb-b-1666	stored_effect_scale	sd	opengwas_api_gwasinfo		
ukb-b-16662	sample_size_kind	case_control	opengwas_api_gwasinfo	n_cases=3340;n_controls=459670	
ukb-b-16662	stored_effect_scale	sd	opengwas_api_gwasinfo		
ukb-b-16665	sample_size_kind	case_control	opengwas_api_gwasinfo	n_cases=4460;n_controls=458550	
ukb-b-16665	stored_effect_scale	sd	opengwas_api_gwasinfo		
ukb-b-16671	sample_size_kind	case_control	opengwas_api_gwasinfo	n_cases=3316;n_controls=456038	
ukb-b-16671	stored_effect_scale	sd	opengwas_api_gwasinfo		
ukb-b-16677	sample_size_kind	total	opengwas_api_gwasinfo	n_cases=;n_controls=	
ukb-b-16677	stored_effect_scale	sd	opengwas_api_gwasinfo		
ukb-b-1668	sample_size_kind	case_control	opengwas_api_gwasinfo	n_cases=12171;n_controls=450839	
ukb-b-1668	stored_effect_scale	sd	opengwas_api_gwasinfo		
ukb-b-16698	sample_size_kind	total	opengwas_api_gwasinfo	n_cases=;n_controls=	
ukb-b-16698	stored_effect_scale	sd	opengwas_api_gwasinfo		
ukb-b-16702	sample_size_kind	case_control	opengwas_api_gwasinfo	n_cases=1658;n_controls=461352	
ukb-b-16702	stored_effect_scale	sd	opengwas_api_gwasinfo		
ukb-b-16710	sample_size_kind	total	opengwas_api_gwasinfo	n_cases=;n_controls=	
ukb-b-16710	stored_effect_scale	sd	opengwas_api_gwasinfo		
ukb-b-16713	sample_size_kind	case_control	opengwas_api_gwasinfo	n_cases=1139;n_controls=461871	
ukb-b-16713	stored_effect_scale	sd	opengwas_api_gwasinfo		
ukb-b-16715	sample_size_kind	case_control	opengwas_api_gwasinfo	n_cases=1003;n_controls=462007	
ukb-b-16715	stored_effect_scale	sd	opengwas_api_gwasinfo		
ukb-b-16721	sample_size_kind	case_control	opengwas_api_gwasinfo	n_cases=17605;n_controls=47344	
ukb-b-16721	stored_effect_scale	sd	opengwas_api_gwasinfo		
ukb-b-1675	sample_size_kind	case_control	opengwas_api_gwasinfo	n_cases=1388;n_controls=461545	
ukb-b-1675	stored_effect_scale	sd	opengwas_api_gwasinfo		
ukb-b-16751	sample_size_kind	case_control	opengwas_api_gwasinfo	n_cases=3871;n_controls=459139	
ukb-b-16751	stored_effect_scale	sd	opengwas_api_gwasinfo		
ukb-b-16781	sample_size_kind	case_control	opengwas_api_gwasinfo	n_cases=2320;n_controls=460690	
ukb-b-16781	stored_effect_scale	sd	opengwas_api_gwasinfo		
ukb-b-16812	sample_size_kind	case_control	opengwas_api_gwasinfo	n_cases=99624;n_controls=360727	
ukb-b-16812	stored_effect_scale	sd	opengwas_api_gwasinfo		
ukb-b-16818	sample_size_kind	case_control	opengwas_api_gwasinfo	n_cases=19661;n_controls=443272	
ukb-b-16818	stored_effect_scale	sd	opengwas_api_gwasinfo		
ukb-b-16847	sample_size_kind	case_control	opengwas_api_gwasinfo	n_cases=1553;n_controls=461457	
ukb-b-16847	stored_effect_scale	sd	opengwas_api_gwasinfo		
ukb-b-16855	sample_size_kind	case_control	opengwas_api_gwasinfo	n_cases=36167;n_controls=425144	
ukb-b-16855	stored_effect_scale	sd	opengwas_api_gwasinfo		
ukb-b-16858	sample_size_kind	case_control	opengwas_api_gwasinfo	n_cases=15367;n_controls=97216	
ukb-b-16858	stored_effect_scale	sd	opengwas_api_gwasinfo		
ukb-b-16862	sample_size_kind	case_control	opengwas_api_gwasinfo	n_cases=7643;n_controls=453530	
ukb-b-16862	stored_effect_scale	sd	opengwas_api_gwasinfo		
ukb-b-16866	sample_size_kind	case_control	opengwas_api_gwasinfo	n_cases=57738;n_controls=405195	
ukb-b-16866	stored_effect_scale	sd	opengwas_api_gwasinfo		
ukb-b-16868	sample_size_kind	case_control	opengwas_api_gwasinfo	n_cases=13597;n_controls=449336	
ukb-b-16868	stored_effect_scale	sd	opengwas_api_gwasinfo		
ukb-b-16872	sample_size_kind	total	opengwas_api_gwasinfo	n_cases=;n_controls=	
ukb-b-16872	stored_effect_scale	sd	opengwas_api_gwasinfo		
ukb-b-16878	sample_size_kind	case_control	opengwas_api_gwasinfo	n_cases=159104;n_controls=76541	
ukb-b-16878	stored_effect_scale	sd	opengwas_api_gwasinfo		
ukb-b-16879	sample_size_kind	case_control	opengwas_api_gwasinfo	n_cases=2161;n_controls=460849	
ukb-b-16879	stored_effect_scale	sd	opengwas_api_gwasinfo		
ukb-b-16881	sample_size_kind	total	opengwas_api_gwasinfo	n_cases=;n_controls=	
ukb-b-16881	stored_effect_scale	sd	opengwas_api_gwasinfo		
ukb-b-16882	sample_size_kind	case_control	opengwas_api_gwasinfo	n_cases=1309;n_controls=461701	
ukb-b-16882	stored_effect_scale	sd	opengwas_api_gwasinfo		
ukb-b-16886	sample_size_kind	case_control	opengwas_api_gwasinfo	n_cases=363534;n_controls=96957	
ukb-b-16886	stored_effect_scale	sd	opengwas_api_gwasinfo		
ukb-b-16890	sample_size_kind	case_control	opengwas_api_gwasinfo	n_cases=10303;n_controls=452630	
ukb-b-16890	stored_effect_scale	sd	opengwas_api_gwasinfo		
ukb-b-16892	sample_size_kind	case_control	opengwas_api_gwasinfo	n_cases=7307;n_controls=455626	
ukb-b-16892	stored_effect_scale	sd	opengwas_api_gwasinfo		
ukb-b-16904	sample_size_kind	case_control	opengwas_api_gwasinfo	n_cases=4357;n_controls=458576	
ukb-b-16904	stored_effect_scale	sd	opengwas_api_gwasinfo		
ukb-b-16917	sample_size_kind	case_control	opengwas_api_gwasinfo	n_cases=1394;n_controls=461616	
ukb-b-16917	stored_effect_scale	sd	opengwas_api_gwasinfo		
ukb-b-16920	sample_size_kind	case_control	opengwas_api_gwasinfo	n_cases=2033;n_controls=460977	
ukb-b-16920	stored_effect_scale	sd	opengwas_api_gwasinfo		
ukb-b-16927	sample_size_kind	total	opengwas_api_gwasinfo	n_cases=;n_controls=	
ukb-b-16927	stored_effect_scale	sd	opengwas_api_gwasinfo		
ukb-b-16943	sample_size_kind	case_control	opengwas_api_gwasinfo	n_cases=2005;n_controls=359194	
ukb-b-16943	stored_effect_scale	sd	opengwas_api_gwasinfo		
ukb-b-16944	sample_size_kind	case_control	opengwas_api_gwasinfo	n_cases=2512;n_controls=439982	
ukb-b-16944	stored_effect_scale	sd	opengwas_api_gwasinfo		
ukb-b-16946	sample_size_kind	case_control	opengwas_api_gwasinfo	n_cases=1446;n_controls=461564	
ukb-b-16946	stored_effect_scale	sd	opengwas_api_gwasinfo		
ukb-b-16956	sample_size_kind	case_control	opengwas_api_gwasinfo	n_cases=1261;n_controls=461672	
ukb-b-16956	stored_effect_scale	sd	opengwas_api_gwasinfo		
ukb-b-16958	sample_size_kind	case_control	opengwas_api_gwasinfo	n_cases=5893;n_controls=4594	
ukb-b-16958	stored_effect_scale	sd	opengwas_api_gwasinfo		
ukb-b-16967	sample_size_kind	case_control	opengwas_api_gwasinfo	n_cases=1266;n_controls=461744	
ukb-b-16967	stored_effect_scale	sd	opengwas_api_gwasinfo		
ukb-b-16989	sample_size_kind	case_control	opengwas_api_gwasinfo	n_cases=3988;n_controls=459022	
ukb-b-16989	stored_effect_scale	sd	opengwas_api_gwasinfo		
ukb-b-16993	sample_size_kind	case_control	opengwas_api_gwasinfo	n_cases=9549;n_controls=453384	
ukb-b-16993	stored_effect_scale	sd	opengwas_api_gwasinfo		
ukb-b-16998	sample_size_kind	total	opengwas_api_gwasinfo	n_cases=;n_controls=	
ukb-b-16998	stored_effect_scale	sd	opengwas_api_gwasinfo		
ukb-b-17001	sample_size_kind	case_control	opengwas_api_gwasinfo	n_cases=146163;n_controls=309096	
ukb-b-17001	stored_effect_scale	sd	opengwas_api_gwasinfo		
ukb-b-17006	sample_size_kind	case_control	opengwas_api_gwasinfo	n_cases=1526;n_controls=461407	
ukb-b-17006	stored_effect_scale	sd	opengwas_api_gwasinfo		
ukb-b-17010	sample_size_kind	case_control	opengwas_api_gwasinfo	n_cases=17371;n_controls=445562	
ukb-b-17010	stored_effect_scale	sd	opengwas_api_gwasinfo		
ukb-b-1702	sample_size_kind	case_control	opengwas_api_gwasinfo	n_cases=1580;n_controls=461430	
ukb-b-1702	stored_effect_scale	sd	opengwas_api_gwasinfo		
ukb-b-17032	sample_size_kind	case_control	opengwas_api_gwasinfo	n_cases=1270;n_controls=461663	
ukb-b-17032	stored_effect_scale	sd	opengwas_api_gwasinfo		
ukb-b-17043	sample_size_kind	case_control	opengwas_api_gwasinfo	n_cases=2017;n_controls=460993	
ukb-b-17043	stored_effect_scale	sd	opengwas_api_gwasinfo		
ukb-b-17049	sample_size_kind	case_control	opengwas_api_gwasinfo	n_cases=3205;n_controls=459728	
ukb-b-17049	stored_effect_scale	sd	opengwas_api_gwasinfo		
ukb-b-1707	sample_size_kind	total	opengwas_api_gwasinfo	n_cases=;n_controls=	
ukb-b-1707	stored_effect_scale	sd	opengwas_api_gwasinfo		
ukb-b-17078	sample_size_kind	case_control	opengwas_api_gwasinfo	n_cases=1441;n_controls=461492	
ukb-b-17078	stored_effect_scale	sd	opengwas_api_gwasinfo		
ukb-b-17079	sample_size_kind	total	opengwas_api_gwasinfo	n_cases=;n_controls=	
ukb-b-17079	stored_effect_scale	sd	opengwas_api_gwasinfo		
ukb-b-17085	sample_size_kind	case_control	opengwas_api_gwasinfo	n_cases=2578;n_controls=460432	
ukb-b-17085	stored_effect_scale	sd	opengwas_api_gwasinfo		
ukb-b-17097	sample_size_kind	case_control	opengwas_api_gwasinfo	n_cases=40700;n_controls=420698	
ukb-b-17097	stored_effect_scale	sd	opengwas_api_gwasinfo		
ukb-b-17100	sample_size_kind	case_control	opengwas_api_gwasinfo	n_cases=1125;n_controls=461885	
ukb-b-17100	stored_effect_scale	sd	opengwas_api_gwasinfo		
ukb-b-17102	sample_size_kind	case_control	opengwas_api_gwasinfo	n_cases=2611;n_controls=460399	
ukb-b-17102	stored_effect_scale	sd	opengwas_api_gwasinfo		
ukb-b-17107	sample_size_kind	case_control	opengwas_api_gwasinfo	n_cases=8595;n_controls=453262	
ukb-b-17107	stored_effect_scale	sd	opengwas_api_gwasinfo		
ukb-b-1712	sample_size_kind	total	opengwas_api_gwasinfo	n_cases=;n_controls=	
ukb-b-1712	stored_effect_scale	sd	opengwas_api_gwasinfo		
ukb-b-17130	sample_size_kind	case_control	opengwas_api_gwasinfo	n_cases=2699;n_controls=460311	
ukb-b-17130	stored_effect_scale	sd	opengwas_api_gwasinfo		
ukb-b-17133	sample_size_kind	case_control	opengwas_api_gwasinfo	n_cases=2593;n_controls=460417	
ukb-b-17133	stored_effect_scale	sd	opengwas_api_gwasinfo		
ukb-b-17155	sample_size_kind	case_control	opengwas_api_gwasinfo	n_cases=51847;n_controls=193517	
ukb-b-17155	stored_effect_scale	sd	opengwas_api_gwasinfo		
ukb-b-17174	sample_size_kind	case_control	opengwas_api_gwasinfo	n_cases=1225;n_controls=461785	
ukb-b-17174	stored_effect_scale	sd	opengwas_api_gwasinfo		
ukb-b-17189	sample_size_kind	total	opengwas_api_gwasinfo	n_cases=;n_controls=	
ukb-b-17189	stored_effect_scale	sd	opengwas_api_gwasinfo		
ukb-b-17191	sample_size_kind	case_control	opengwas_api_gwasinfo	n_cases=5361;n_controls=457649	
ukb-b-17191	stored_effect_scale	sd	opengwas_api_gwasinfo		
ukb-b-17194	sample_size_kind	case_control	opengwas_api_gwasinfo	n_cases=3553;n_controls=147089	
ukb-b-17194	stored_effect_scale	sd	opengwas_api_gwasinfo		
ukb-b-17219	sample_size_kind	case_control	opengwas_api_gwasinfo	n_cases=18988;n_controls=444022	
ukb-b-17219	stored_effect_scale	sd	opengwas_api_gwasinfo		
ukb-b-17223	sample_size_kind	total	opengwas_api_gwasinfo	n_cases=;n_controls=	
ukb-b-17223	stored_effect_scale	sd	opengwas_api_gwasinfo		
ukb-b-17241	sample_size_kind	case_control	opengwas_api_gwasinfo	n_cases=106201;n_controls=355812	
ukb-b-17241	stored_effect_scale	sd	opengwas_api_gwasinfo		
ukb-b-17243	sample_size_kind	case_control	opengwas_api_gwasinfo	n_cases=6410;n_controls=456523	
ukb-b-17243	stored_effect_scale	sd	opengwas_api_gwasinfo		
ukb-b-17271	sample_size_kind	total	opengwas_api_gwasinfo	n_cases=;n_controls=	
ukb-b-17271	stored_effect_scale	sd	opengwas_api_gwasinfo		
ukb-b-17277	sample_size_kind	case_control	opengwas_api_gwasinfo	n_cases=2854;n_controls=460079	
ukb-b-17277	stored_effect_scale	sd	opengwas_api_gwasinfo		
ukb-b-17287	sample_size_kind	case_control	opengwas_api_gwasinfo	n_cases=1943;n_controls=461067	
ukb-b-17287	stored_effect_scale	sd	opengwas_api_gwasinfo		
ukb-b-17289	sample_size_kind	case_control	opengwas_api_gwasinfo	n_cases=11879;n_controls=449514	
ukb-b-17289	stored_effect_scale	sd	opengwas_api_gwasinfo		
ukb-b-17291	sample_size_kind	case_control	opengwas_api_gwasinfo	n_cases=6300;n_controls=11561	
ukb-b-17291	stored_effect_scale	sd	opengwas_api_gwasinfo		
ukb-b-17300	sample_size_kind	total	opengwas_api_gwasinfo	n_cases=;n_controls=	
ukb-b-17300	stored_effect_scale	sd	opengwas_api_gwasinfo		
ukb-b-17309	sample_size_kind	case_control	opengwas_api_gwasinfo	n_cases=1005;n_controls=462005	
ukb-b-17309	stored_effect_scale	sd	opengwas_api_gwasinfo		
ukb-b-17314	sample_size_kind	case_control	opengwas_api_gwasinfo	n_cases=1884;n_controls=461049	
ukb-b-17314	stored_effect_scale	sd	opengwas_api_gwasinfo		
ukb-b-1732	sample_size_kind	total	opengwas_api_gwasinfo	n_cases=;n_controls=	
ukb-b-1732	stored_effect_scale	sd	opengwas_api_gwasinfo		
ukb-b-17324	sample_size_kind	case_control	opengwas_api_gwasinfo	n_cases=6464;n_controls=144178	
ukb-b-17324	stored_effect_scale	sd	opengwas_api_gwasinfo		
ukb-b-1733	sample_size_kind	total	opengwas_api_gwasinfo	n_cases=;n_controls=	
ukb-b-1733	stored_effect_scale	sd	opengwas_api_gwasinfo		
ukb-b-17336	sample_size_kind	case_control	opengwas_api_gwasinfo	n_cases=1605;n_controls=461405	
ukb-b-17336	stored_effect_scale	sd	opengwas_api_gwasinfo		
ukb-b-17348	sample_size_kind	case_control	opengwas_api_gwasinfo	n_cases=2621;n_controls=62328	
ukb-b-17348	stored_effect_scale	sd	opengwas_api_gwasinfo		
ukb-b-17360	sample_size_kind	case_control	opengwas_api_gwasinfo	n_cases=245626;n_controls=119345	
ukb-b-17360	stored_effect_scale	sd	opengwas_api_gwasinfo		
ukb-b-17371	sample_size_kind	case_control	opengwas_api_gwasinfo	n_cases=1546;n_controls=461387	
ukb-b-17371	stored_effect_scale	sd	opengwas_api_gwasinfo		
ukb-b-17378	sample_size_kind	case_control	opengwas_api_gwasinfo	n_cases=6782;n_controls=456151	
ukb-b-17378	stored_effect_scale	sd	opengwas_api_gwasinfo		
ukb-b-17381	sample_size_kind	case_control	opengwas_api_gwasinfo	n_cases=315695;n_controls=144656	
ukb-b-17381	stored_effect_scale	sd	opengwas_api_gwasinfo		
ukb-b-17398	sample_size_kind	case_control	opengwas_api_gwasinfo	n_cases=1352;n_controls=461581	
ukb-b-17398	stored_effect_scale	sd	opengwas_api_gwasinfo		
ukb-b-17400	sample_size_kind	case_control	opengwas_api_gwasinfo	n_cases=270007;n_controls=160431	
ukb-b-17400	stored_effect_scale	sd	opengwas_api_gwasinfo		
ukb-b-17402	sample_size_kind	case_control	opengwas_api_gwasinfo	n_cases=7029;n_controls=57920	
ukb-b-17402	stored_effect_scale	sd	opengwas_api_gwasinfo		
ukb-b-17406	sample_size_kind	total	opengwas_api_gwasinfo	n_cases=;n_controls=	
ukb-b-17406	stored_effect_scale	sd	opengwas_api_gwasinfo		
ukb-b-17409	sample_size_kind	total	opengwas_api_gwasinfo	n_cases=;n_controls=	
ukb-b-17409	stored_effect_scale	sd	opengwas_api_gwasinfo		
ukb-b-17422	sample_size_kind	total	opengwas_api_gwasinfo	n_cases=;n_controls=	
ukb-b-17422	stored_effect_scale	sd	opengwas_api_gwasinfo		
ukb-b-1744	sample_size_kind	case_control	opengwas_api_gwasinfo	n_cases=2701;n_controls=460309	
ukb-b-1744	stored_effect_scale	sd	opengwas_api_gwasinfo		
ukb-b-17441	sample_size_kind	total	opengwas_api_gwasinfo	n_cases=;n_controls=	
ukb-b-17441	stored_effect_scale	sd	opengwas_api_gwasinfo		
ukb-b-17446	sample_size_kind	case_control	opengwas_api_gwasinfo	n_cases=1490;n_controls=461520	
ukb-b-17446	stored_effect_scale	sd	opengwas_api_gwasinfo		
ukb-b-17455	sample_size_kind	case_control	opengwas_api_gwasinfo	n_cases=12077;n_controls=448969	
ukb-b-17455	stored_effect_scale	sd	opengwas_api_gwasinfo		
ukb-b-17456	sample_size_kind	case_control	opengwas_api_gwasinfo	n_cases=4823;n_controls=458187	
ukb-b-17456	stored_effect_scale	sd	opengwas_api_gwasinfo		
ukb-b-17462	sample_size_kind	case_control	opengwas_api_gwasinfo	n_cases=3439;n_controls=459571	
ukb-b-17462	stored_effect_scale	sd	opengwas_api_gwasinfo		
ukb-b-17469	sample_size_kind	case_control	opengwas_api_gwasinfo	n_cases=140595;n_controls=12268	
ukb-b-17469	stored_effect_scale	sd	opengwas_api_gwasinfo		
ukb-b-175	sample_size_kind	case_control	opengwas_api_gwasinfo	n_cases=4282;n_controls=458651	
ukb-b-175	stored_effect_scale	sd	opengwas_api_gwasinfo		
ukb-b-17501	sample_size_kind	case_control	opengwas_api_gwasinfo	n_cases=1496;n_controls=461514	
ukb-b-17501	stored_effect_scale	sd	opengwas_api_gwasinfo		
ukb-b-17507	sample_size_kind	case_control	opengwas_api_gwasinfo	n_cases=1604;n_controls=461329	
ukb-b-17507	stored_effect_scale	sd	opengwas_api_gwasinfo		
ukb-b-17514	sample_size_kind	case_control	opengwas_api_gwasinfo	n_cases=5548;n_controls=7945	
ukb-b-17514	stored_effect_scale	sd	opengwas_api_gwasinfo		
ukb-b-17527	sample_size_kind	case_control	opengwas_api_gwasinfo	n_cases=2685;n_controls=460325	
ukb-b-17527	stored_effect_scale	sd	opengwas_api_gwasinfo		
ukb-b-17532	sample_size_kind	case_control	opengwas_api_gwasinfo	n_cases=1305;n_controls=461705	
ukb-b-17532	stored_effect_scale	sd	opengwas_api_gwasinfo		
ukb-b-17533	sample_size_kind	case_control	opengwas_api_gwasinfo	n_cases=1968;n_controls=460965	
ukb-b-17533	stored_effect_scale	sd	opengwas_api_gwasinfo		
ukb-b-17538	sample_size_kind	case_control	opengwas_api_gwasinfo	n_cases=5346;n_controls=59603	
ukb-b-17538	stored_effect_scale	sd	opengwas_api_gwasinfo		
ukb-b-17553	sample_size_kind	total	opengwas_api_gwasinfo	n_cases=;n_controls=	
ukb-b-17553	stored_effect_scale	sd	opengwas_api_gwasinfo		
ukb-b-17554	sample_size_kind	case_control	opengwas_api_gwasinfo	n_cases=52989;n_controls=11960	
ukb-b-17554	stored_effect_scale	sd	opengwas_api_gwasinfo		
ukb-b-17557	sample_size_kind	case_control	opengwas_api_gwasinfo	n_cases=33155;n_controls=427336	
ukb-b-17557	stored_effect_scale	sd	opengwas_api_gwasinfo		
ukb-b-17566	sample_size_kind	total	opengwas_api_gwasinfo	n_cases=;n_controls=	
ukb-b-17566	stored_effect_scale	sd	opengwas_api_gwasinfo		
ukb-b-17579	sample_size_kind	case_control	opengwas_api_gwasinfo	n_cases=2122;n_controls=12829	
ukb-b-17579	stored_effect_scale	sd	opengwas_api_gwasinfo		
ukb-b-17587	sample_size_kind	case_control	opengwas_api_gwasinfo	n_cases=1896;n_controls=461114	
ukb-b-17587	stored_effect_scale	sd	opengwas_api_gwasinfo		
ukb-b-17595	sample_size_kind	case_control	opengwas_api_gwasinfo	n_cases=100943;n_controls=356604	
ukb-b-17595	stored_effect_scale	sd	opengwas_api_gwasinfo		
ukb-b-17599	sample_size_kind	case_control	opengwas_api_gwasinfo	n_cases=1403;n_controls=461607	
ukb-b-17599	stored_effect_scale	sd	opengwas_api_gwasinfo		
ukb-b-17601	sample_size_kind	case_control	opengwas_api_gwasinfo	n_cases=279435;n_controls=181678	
ukb-b-17601	stored_effect_scale	sd	opengwas_api_gwasinfo		
ukb-b-1761	sample_size_kind	case_control	opengwas_api_gwasinfo	n_cases=1045;n_controls=461965	
ukb-b-1761	stored_effect_scale	sd	opengwas_api_gwasinfo		
ukb-b-17612	sample_size_kind	total	opengwas_api_gwasinfo	n_cases=;n_controls=	
ukb-b-17612	stored_effect_scale	sd	opengwas_api_gwasinfo		
ukb-b-17616	sample_size_kind	case_control	opengwas_api_gwasinfo	n_cases=1274;n_controls=461659	
ukb-b-17616	stored_effect_scale	sd	opengwas_api_gwasinfo		
ukb-b-1762	sample_size_kind	case_control	opengwas_api_gwasinfo	n_cases=7891;n_controls=455119	
ukb-b-1762	stored_effect_scale	sd	opengwas_api_gwasinfo		
ukb-b-17627	sample_size_kind	total	opengwas_api_gwasinfo	n_cases=;n_controls=	
ukb-b-17627	stored_effect_scale	sd	opengwas_api_gwasinfo		
ukb-b-1763	sample_size_kind	case_control	opengwas_api_gwasinfo	n_cases=1754;n_controls=461179	
ukb-b-1763	stored_effect_scale	sd	opengwas_api_gwasinfo		
ukb-b-17633	sample_size_kind	case_control	opengwas_api_gwasinfo	n_cases=1617;n_controls=461316	
ukb-b-17633	stored_effect_scale	sd	opengwas_api_gwasinfo		
ukb-b-17635	sample_size_kind	case_control	opengwas_api_gwasinfo	n_cases=1903;n_controls=461107	
ukb-b-17635	stored_effect_scale	sd	opengwas_api_gwasinfo		
ukb-b-1765	sample_size_kind	case_control	opengwas_api_gwasinfo	n_cases=3649;n_controls=459361	
ukb-b-1765	stored_effect_scale	sd	opengwas_api_gwasinfo		
ukb-b-17670	sample_size_kind	case_control	opengwas_api_gwasinfo	n_cases=1679;n_controls=461254	
ukb-b-17670	stored_effect_scale	sd	opengwas_api_gwasinfo		
ukb-b-17671	sample_size_kind	case_control	opengwas_api_gwasinfo	n_cases=1299;n_controls=461711	
ukb-b-17671	stored_effect_scale	sd	opengwas_api_gwasinfo		
ukb-b-17673	sample_size_kind	case_control	opengwas_api_gwasinfo	n_cases=18743;n_controls=46206	
ukb-b-17673	stored_effect_scale	sd	opengwas_api_gwasinfo		
ukb-b-17681	sample_size_kind	case_control	opengwas_api_gwasinfo	n_cases=4209;n_controls=458724	
ukb-b-17681	stored_effect_scale	sd	opengwas_api_gwasinfo		
ukb-b-17685	sample_size_kind	case_control	opengwas_api_gwasinfo	n_cases=121634;n_controls=276098	
ukb-b-17685	stored_effect_scale	sd	opengwas_api_gwasinfo		
ukb-b-17687	sample_size_kind	case_control	opengwas_api_gwasinfo	n_cases=256792;n_controls=202950	
ukb-b-17687	stored_effect_scale	sd	opengwas_api_gwasinfo		
ukb-b-17708	sample_size_kind	case_control	opengwas_api_gwasinfo	n_cases=1909;n_controls=461101	
ukb-b-17708	stored_effect_scale	sd	opengwas_api_gwasinfo		
ukb-b-17729	sample_size_kind	case_control	opengwas_api_gwasinfo	n_cases=79538;n_controls=378541	
ukb-b-17729	stored_effect_scale	sd	opengwas_api_gwasinfo		
ukb-b-17733	sample_size_kind	case_control	opengwas_api_gwasinfo	n_cases=1994;n_controls=460939	
ukb-b-17733	stored_effect_scale	sd	opengwas_api_gwasinfo		
ukb-b-17738	sample_size_kind	case_control	opengwas_api_gwasinfo	n_cases=24060;n_controls=436280	
ukb-b-17738	stored_effect_scale	sd	opengwas_api_gwasinfo		
ukb-b-17742	sample_size_kind	case_control	opengwas_api_gwasinfo	n_cases=8780;n_controls=454230	
ukb-b-17742	stored_effect_scale	sd	opengwas_api_gwasinfo		
ukb-b-17763	sample_size_kind	case_control	opengwas_api_gwasinfo	n_cases=2427;n_controls=460583	
ukb-b-17763	stored_effect_scale	sd	opengwas_api_gwasinfo		
ukb-b-17772	sample_size_kind	total	opengwas_api_gwasinfo	n_cases=;n_controls=	
ukb-b-17772	stored_effect_scale	sd	opengwas_api_gwasinfo		
ukb-b-17775	sample_size_kind	total	opengwas_api_gwasinfo	n_cases=;n_controls=	
ukb-b-17775	stored_effect_scale	sd	opengwas_api_gwasinfo		
ukb-b-17788	sample_size_kind	case_control	opengwas_api_gwasinfo	n_cases=4858;n_controls=458075	
ukb-b-17788	stored_effect_scale	sd	opengwas_api_gwasinfo		
ukb-b-17796	sample_size_kind	case_control	opengwas_api_gwasinfo	n_cases=1976;n_controls=461034	
ukb-b-17796	stored_effect_scale	sd	opengwas_api_gwasinfo		
ukb-b-17798	sample_size_kind	case_control	opengwas_api_gwasinfo	n_cases=1019;n_controls=461991	
ukb-b-17798	stored_effect_scale	sd	opengwas_api_gwasinfo		
ukb-b-1780	sample_size_kind	total	opengwas_api_gwasinfo	n_cases=;n_controls=	
ukb-b-1780	stored_effect_scale	sd	opengwas_api_gwasinfo		
ukb-b-17805	sample_size_kind	case_control	opengwas_api_gwasinfo	n_cases=31553;n_controls=218157	
ukb-b-17805	stored_effect_scale	sd	opengwas_api_gwasinfo		
ukb-b-17814	sample_size_kind	case_control	opengwas_api_gwasinfo	n_cases=8991;n_controls=415882	
ukb-b-17814	stored_effect_scale	sd	opengwas_api_gwasinfo		
ukb-b-17820	sample_size_kind	total	opengwas_api_gwasinfo	n_cases=;n_controls=	
ukb-b-17820	stored_effect_scale	sd	opengwas_api_gwasinfo		
ukb-b-17823	sample_size_kind	case_control	opengwas_api_gwasinfo	n_cases=4789;n_controls=458221	
ukb-b-17823	stored_effect_scale	sd	opengwas_api_gwasinfo		
ukb-b-17836	sample_size_kind	case_control	opengwas_api_gwasinfo	n_cases=5409;n_controls=457524	
ukb-b-17836	stored_effect_scale	sd	opengwas_api_gwasinfo		
ukb-b-17841	sample_size_kind	total	opengwas_api_gwasinfo	n_cases=;n_controls=	
ukb-b-17841	stored_effect_scale	sd	opengwas_api_gwasinfo		
ukb-b-17845	sample_size_kind	case_control	opengwas_api_gwasinfo	n_cases=2437;n_controls=460573	
ukb-b-17845	stored_effect_scale	sd	opengwas_api_gwasinfo		
ukb-b-17848	sample_size_kind	total	opengwas_api_gwasinfo	n_cases=;n_controls=	
ukb-b-17848	stored_effect_scale	sd	opengwas_api_gwasinfo		
ukb-b-17859	sample_size_kind	total	opengwas_api_gwasinfo	n_cases=;n_controls=	
ukb-b-17859	stored_effect_scale	sd	opengwas_api_gwasinfo		
ukb-b-17868	sample_size_kind	case_control	opengwas_api_gwasinfo	n_cases=20120;n_controls=227418	
ukb-b-17868	stored_effect_scale	sd	opengwas_api_gwasinfo		
ukb-b-17881	sample_size_kind	total	opengwas_api_gwasinfo	n_cases=;n_controls=	
ukb-b-17881	stored_effect_scale	sd	opengwas_api_gwasinfo		
ukb-b-17885	sample_size_kind	case_control	opengwas_api_gwasinfo	n_cases=11437;n_controls=451573	
ukb-b-17885	stored_effect_scale	sd	opengwas_api_gwasinfo		
ukb-b-17907	sample_size_kind	case_control	opengwas_api_gwasinfo	n_cases=1627;n_controls=461306	
ukb-b-17907	stored_effect_scale	sd	opengwas_api_gwasinfo		
ukb-b-17918	sample_size_kind	case_control	opengwas_api_gwasinfo	n_cases=18947;n_controls=443986	
ukb-b-17918	stored_effect_scale	sd	opengwas_api_gwasinfo		
ukb-b-1795	sample_size_kind	total	opengwas_api_gwasinfo	n_cases=;n_controls=	
ukb-b-1795	stored_effect_scale	sd	opengwas_api_gwasinfo		
ukb-b-17952	sample_size_kind	total	opengwas_api_gwasinfo	n_cases=;n_controls=	
ukb-b-17952	stored_effect_scale	sd	opengwas_api_gwasinfo		
ukb-b-17961	sample_size_kind	case_control	opengwas_api_gwasinfo	n_cases=1047;n_controls=461963	
ukb-b-17961	stored_effect_scale	sd	opengwas_api_gwasinfo		
ukb-b-17962	sample_size_kind	case_control	opengwas_api_gwasinfo	n_cases=1246;n_controls=461764	
ukb-b-17962	stored_effect_scale	sd	opengwas_api_gwasinfo		
ukb-b-17965	sample_size_kind	case_control	opengwas_api_gwasinfo	n_cases=5800;n_controls=455393	
ukb-b-17965	stored_effect_scale	sd	opengwas_api_gwasinfo		
ukb-b-17967	sample_size_kind	case_control	opengwas_api_gwasinfo	n_cases=2538;n_controls=460472	
ukb-b-17967	stored_effect_scale	sd	opengwas_api_gwasinfo		
ukb-b-17988	sample_size_kind	case_control	opengwas_api_gwasinfo	n_cases=51690;n_controls=13259	
ukb-b-17988	stored_effect_scale	sd	opengwas_api_gwasinfo		
ukb-b-1799	sample_size_kind	case_control	opengwas_api_gwasinfo	n_cases=7703;n_controls=454739	
ukb-b-1799	stored_effect_scale	sd	opengwas_api_gwasinfo		
ukb-b-17992	sample_size_kind	case_control	opengwas_api_gwasinfo	n_cases=1461;n_controls=461549	
ukb-b-17992	stored_effect_scale	sd	opengwas_api_gwasinfo		
ukb-b-17999	sample_size_kind	total	opengwas_api_gwasinfo	n_cases=;n_controls=	
ukb-b-17999	stored_effect_scale	sd	opengwas_api_gwasinfo		
ukb-b-18	sample_size_kind	total	opengwas_api_gwasinfo	n_cases=;n_controls=	
ukb-b-18	stored_effect_scale	sd	opengwas_api_gwasinfo		
ukb-b-18007	sample_size_kind	total	opengwas_api_gwasinfo	n_cases=;n_controls=	
ukb-b-18007	stored_effect_scale	sd	opengwas_api_gwasinfo		
ukb-b-18008	sample_size_kind	case_control	opengwas_api_gwasinfo	n_cases=3862;n_controls=459148	
ukb-b-18008	stored_effect_scale	sd	opengwas_api_gwasinfo		
ukb-b-18009	sample_size_kind	case_control	opengwas_api_gwasinfo	n_cases=43244;n_controls=206466	
ukb-b-18009	stored_effect_scale	sd	opengwas_api_gwasinfo		
ukb-b-18018	sample_size_kind	case_control	opengwas_api_gwasinfo	n_cases=2372;n_controls=460638	
ukb-b-18018	stored_effect_scale	sd	opengwas_api_gwasinfo		
ukb-b-18023	sample_size_kind	case_control	opengwas_api_gwasinfo	n_cases=1285;n_controls=461725	
ukb-b-18023	stored_effect_scale	sd	opengwas_api_gwasinfo		
ukb-b-18042	sample_size_kind	case_control	opengwas_api_gwasinfo	n_cases=31073;n_controls=331753	
ukb-b-18042	stored_effect_scale	sd	opengwas_api_gwasinfo		
ukb-b-1806	sample_size_kind	total	opengwas_api_gwasinfo	n_cases=;n_controls=	
ukb-b-1806	stored_effect_scale	sd	opengwas_api_gwasinfo		
ukb-b-18062	sample_size_kind	case_control	opengwas_api_gwasinfo	n_cases=3349;n_controls=459584	
ukb-b-18062	stored_effect_scale	sd	opengwas_api_gwasinfo		
ukb-b-1807	sample_size_kind	case_control	opengwas_api_gwasinfo	n_cases=2644;n_controls=460366	
ukb-b-1807	stored_effect_scale	sd	opengwas_api_gwasinfo		
ukb-b-18079	sample_size_kind	total	opengwas_api_gwasinfo	n_cases=;n_controls=	
ukb-b-18079	stored_effect_scale	sd	opengwas_api_gwasinfo		
ukb-b-18095	sample_size_kind	case_control	opengwas_api_gwasinfo	n_cases=2297;n_controls=460713	
ukb-b-18095	stored_effect_scale	sd	opengwas_api_gwasinfo		
ukb-b-18096	sample_size_kind	total	opengwas_api_gwasinfo	n_cases=;n_controls=	
ukb-b-18096	stored_effect_scale	sd	opengwas_api_gwasinfo		
ukb-b-18099	sample_size_kind	case_control	opengwas_api_gwasinfo	n_cases=212640;n_controls=245439	
ukb-b-18099	stored_effect_scale	sd	opengwas_api_gwasinfo		
ukb-b-18102	sample_size_kind	case_control	opengwas_api_gwasinfo	n_cases=1756;n_controls=461254	
ukb-b-18102	stored_effect_scale	sd	opengwas_api_gwasinfo		
ukb-b-18103	sample_size_kind	total	opengwas_api_gwasinfo	n_cases=;n_controls=	
ukb-b-18103	stored_effect_scale	sd	opengwas_api_gwasinfo		
ukb-b-18105	sample_size_kind	case_control	opengwas_api_gwasinfo	n_cases=153820;n_controls=57294	
ukb-b-18105	stored_effect_scale	sd	opengwas_api_gwasinfo		
ukb-b-18113	sample_size_kind	case_control	opengwas_api_gwasinfo	n_cases=53598;n_controls=409335	
ukb-b-18113	stored_effect_scale	sd	opengwas_api_gwasinfo		
ukb-b-18127	sample_size_kind	case_control	opengwas_api_gwasinfo	n_cases=1700;n_controls=461310	
ukb-b-18127	stored_effect_scale	sd	opengwas_api_gwasinfo		
ukb-b-18137	sample_size_kind	case_control	opengwas_api_gwasinfo	n_cases=1648;n_controls=461362	
ukb-b-18137	stored_effect_scale	sd	opengwas_api_gwasinfo		
ukb-b-18138	sample_size_kind	case_control	opengwas_api_gwasinfo	n_cases=3071;n_controls=459862	
ukb-b-18138	stored_effect_scale	sd	opengwas_api_gwasinfo		
ukb-b-1814	sample_size_kind	total	opengwas_api_gwasinfo	n_cases=;n_controls=	
ukb-b-1814	stored_effect_scale	sd	opengwas_api_gwasinfo		
ukb-b-18150	sample_size_kind	case_control	opengwas_api_gwasinfo	n_cases=2375;n_controls=460635	
ukb-b-18150	stored_effect_scale	sd	opengwas_api_gwasinfo		
ukb-b-18157	sample_size_kind	case_control	opengwas_api_gwasinfo	n_cases=1087;n_controls=461923	
ukb-b-18157	stored_effect_scale	sd	opengwas_api_gwasinfo		
ukb-b-18162	sample_size_kind	case_control	opengwas_api_gwasinfo	n_cases=42866;n_controls=416876	
ukb-b-18162	stored_effect_scale	sd	opengwas_api_gwasinfo		
ukb-b-18163	sample_size_kind	case_control	opengwas_api_gwasinfo	n_cases=1080;n_controls=461853	
ukb-b-18163	stored_effect_scale	sd	opengwas_api_gwasinfo		
ukb-b-18167	sample_size_kind	case_control	opengwas_api_gwasinfo	n_cases=130948;n_controls=295443	
ukb-b-18167	stored_effect_scale	sd	opengwas_api_gwasinfo		
ukb-b-18176	sample_size_kind	total	opengwas_api_gwasinfo	n_cases=;n_controls=	
ukb-b-18176	stored_effect_scale	sd	opengwas_api_gwasinfo		
ukb-b-18189	sample_size_kind	case_control	opengwas_api_gwasinfo	n_cases=19050;n_controls=441486	
ukb-b-18189	stored_effect_scale	sd	opengwas_api_gwasinfo		
ukb-b-18194	sample_size_kind	case_control	opengwas_api_gwasinfo	n_cases=1296;n_controls=461637	
ukb-b-18194	stored_effect_scale	sd	opengwas_api_gwasinfo		
ukb-b-18198	sample_size_kind	case_control	opengwas_api_gwasinfo	n_cases=1060;n_controls=461950	
ukb-b-18198	stored_effect_scale	sd	opengwas_api_gwasinfo		
ukb-b-18200	sample_size_kind	case_control	opengwas_api_gwasinfo	n_cases=314035;n_controls=147978	
ukb-b-18200	stored_effect_scale	sd	opengwas_api_gwasinfo		
ukb-b-18202	sample_size_kind	case_control	opengwas_api_gwasinfo	n_cases=6214;n_controls=456796	
ukb-b-18202	stored_effect_scale	sd	opengwas_api_gwasinfo		
ukb-b-1822	sample_size_kind	case_control	opengwas_api_gwasinfo	n_cases=2361;n_controls=460572	
ukb-b-1822	stored_effect_scale	sd	opengwas_api_gwasinfo		
ukb-b-18226	sample_size_kind	case_control	opengwas_api_gwasinfo	n_cases=2524;n_controls=460486	
ukb-b-18226	stored_effect_scale	sd	opengwas_api_gwasinfo		
ukb-b-18235	sample_size_kind	case_control	opengwas_api_gwasinfo	n_cases=3633;n_controls=459300	
ukb-b-18235	stored_effect_scale	sd	opengwas_api_gwasinfo		
ukb-b-18240	sample_size_kind	total	opengwas_api_gwasinfo	n_cases=;n_controls=	
ukb-b-18240	stored_effect_scale	sd	opengwas_api_gwasinfo		
ukb-b-18264	sample_size_kind	case_control	opengwas_api_gwasinfo	n_cases=2205;n_controls=460805	
ukb-b-18264	stored_effect_scale	sd	opengwas_api_gwasinfo		
ukb-b-18275	sample_size_kind	case_control	opengwas_api_gwasinfo	n_cases=171586;n_controls=281896	
ukb-b-18275	stored_effect_scale	sd	opengwas_api_gwasinfo		
ukb-b-18279	sample_size_kind	case_control	opengwas_api_gwasinfo	n_cases=2214;n_controls=460796	
ukb-b-18279	stored_effect_scale	sd	opengwas_api_gwasinfo		
ukb-b-18290	sample_size_kind	total	opengwas_api_gwasinfo	n_cases=;n_controls=	
ukb-b-18290	stored_effect_scale	sd	opengwas_api_gwasinfo		
ukb-b-18297	sample_size_kind	case_control	opengwas_api_gwasinfo	n_cases=1291;n_controls=461719	
ukb-b-18297	stored_effect_scale	sd	opengwas_api_gwasinfo		
ukb-b-1830	sample_size_kind	case_control	opengwas_api_gwasinfo	n_cases=1485;n_controls=63464	
ukb-b-1830	stored_effect_scale	sd	opengwas_api_gwasinfo		
ukb-b-18335	sample_size_kind	case_control	opengwas_api_gwasinfo	n_cases=95131;n_controls=358828	
ukb-b-18335	stored_effect_scale	sd	opengwas_api_gwasinfo		
ukb-b-18336	sample_size_kind	case_control	opengwas_api_gwasinfo	n_cases=53414;n_controls=407288	
ukb-b-18336	stored_effect_scale	sd	opengwas_api_gwasinfo		
ukb-b-18349	sample_size_kind	case_control	opengwas_api_gwasinfo	n_cases=1335;n_controls=461598	
ukb-b-18349	stored_effect_scale	sd	opengwas_api_gwasinfo		
ukb-b-18350	sample_size_kind	case_control	opengwas_api_gwasinfo	n_cases=3162;n_controls=459848	
ukb-b-18350	stored_effect_scale	sd	opengwas_api_gwasinfo		
ukb-b-18366	sample_size_kind	case_control	opengwas_api_gwasinfo	n_cases=1846;n_controls=461164	
ukb-b-18366	stored_effect_scale	sd	opengwas_api_gwasinfo		
ukb-b-18372	sample_size_kind	case_control	opengwas_api_gwasinfo	n_cases=2186;n_controls=460824	
ukb-b-18372	stored_effect_scale	sd	opengwas_api_gwasinfo		
ukb-b-18377	sample_size_kind	total	opengwas_api_gwasinfo	n_cases=;n_controls=	
ukb-b-18377	stored_effect_scale	sd	opengwas_api_gwasinfo		
ukb-b-18379	sample_size_kind	case_control	opengwas_api_gwasinfo	n_cases=6497;n_controls=456513	
ukb-b-18379	stored_effect_scale	sd	opengwas_api_gwasinfo		
ukb-b-18381	sample_size_kind	case_control	opengwas_api_gwasinfo	n_cases=6927;n_controls=456083	
ukb-b-18381	stored_effect_scale	sd	opengwas_api_gwasinfo		
ukb-b-18389	sample_size_kind	total	opengwas_api_gwasinfo	n_cases=;n_controls=	
ukb-b-18389	stored_effect_scale	sd	opengwas_api_gwasinfo		
ukb-b-18395	sample_size_kind	case_control	opengwas_api_gwasinfo	n_cases=1332;n_controls=461601	
ukb-b-18395	stored_effect_scale	sd	opengwas_api_gwasinfo		
ukb-b-18408	sample_size_kind	case_control	opengwas_api_gwasinfo	n_cases=133320;n_controls=274237	
ukb-b-18408	stored_effect_scale	sd	opengwas_api_gwasinfo		
ukb-b-18425	sample_size_kind	case_control	opengwas_api_gwasinfo	n_cases=2534;n_controls=460476	
ukb-b-18425	stored_effect_scale	sd	opengwas_api_gwasinfo		
ukb-b-18436	sample_size_kind	total	opengwas_api_gwasinfo	n_cases=;n_controls=	
ukb-b-18436	stored_effect_scale	sd	opengwas_api_gwasinfo		
ukb-b-18445	sample_size_kind	total	opengwas_api_gwasinfo	n_cases=;n_controls=	
ukb-b-18445	stored_effect_scale	sd	opengwas_api_gwasinfo		
ukb-b-18457	sample_size_kind	case_control	opengwas_api_gwasinfo	n_cases=1497;n_controls=442526	
ukb-b-18457	stored_effect_scale	sd	opengwas_api_gwasinfo		
ukb-b-18469	sample_size_kind	total	opengwas_api_gwasinfo	n_cases=;n_controls=	
ukb-b-18469	stored_effect_scale	sd	opengwas_api_gwasinfo		
ukb-b-18477	sample_size_kind	case_control	opengwas_api_gwasinfo	n_cases=2980;n_controls=459953	
ukb-b-18477	stored_effect_scale	sd	opengwas_api_gwasinfo		
ukb-b-185	sample_size_kind	total	opengwas_api_gwasinfo	n_cases=;n_controls=	
ukb-b-185	stored_effect_scale	sd	opengwas_api_gwasinfo		
ukb-b-18509	sample_size_kind	total	opengwas_api_gwasinfo	n_cases=;n_controls=	
ukb-b-18509	stored_effect_scale	sd	opengwas_api_gwasinfo		
ukb-b-1852	sample_size_kind	case_control	opengwas_api_gwasinfo	n_cases=8766;n_controls=452404	
ukb-b-1852	stored_effect_scale	sd	opengwas_api_gwasinfo		
ukb-b-1853	sample_size_kind	case_control	opengwas_api_gwasinfo	n_cases=1065;n_controls=461945	
ukb-b-1853	stored_effect_scale	sd	opengwas_api_gwasinfo		
ukb-b-18532	sample_size_kind	case_control	opengwas_api_gwasinfo	n_cases=1179;n_controls=461831	
ukb-b-18532	stored_effect_scale	sd	opengwas_api_gwasinfo		
ukb-b-18541	sample_size_kind	case_control	opengwas_api_gwasinfo	n_cases=97920;n_controls=152381	
ukb-b-18541	stored_effect_scale	sd	opengwas_api_gwasinfo		
ukb-b-18544	sample_size_kind	case_control	opengwas_api_gwasinfo	n_cases=1481;n_controls=461529	
ukb-b-18544	stored_effect_scale	sd	opengwas_api_gwasinfo		
ukb-b-18572	sample_size_kind	case_control	opengwas_api_gwasinfo	n_cases=1405;n_controls=461605	
ukb-b-18572	stored_effect_scale	sd	opengwas_api_gwasinfo		
ukb-b-18578	sample_size_kind	case_control	opengwas_api_gwasinfo	n_cases=3162;n_controls=459771	
ukb-b-18578	stored_effect_scale	sd	opengwas_api_gwasinfo		
ukb-b-18593	sample_size_kind	total	opengwas_api_gwasinfo	n_cases=;n_controls=	
ukb-b-18593	stored_effect_scale	sd	opengwas_api_gwasinfo		
ukb-b-18596	sample_size_kind	case_control	opengwas_api_gwasinfo	n_cases=106521;n_controls=355336	
ukb-b-18596	stored_effect_scale	sd	opengwas_api_gwasinfo		
ukb-b-18611	sample_size_kind	case_control	opengwas_api_gwasinfo	n_cases=6387;n_controls=58562	
ukb-b-18611	stored_effect_scale	sd	opengwas_api_gwasinfo		
ukb-b-18616	sample_size_kind	case_control	opengwas_api_gwasinfo	n_cases=1921;n_controls=461089	
ukb-b-18616	stored_effect_scale	sd	opengwas_api_gwasinfo		
ukb-b-18629	sample_size_kind	case_control	opengwas_api_gwasinfo	n_cases=1979;n_controls=461031	
ukb-b-18629	stored_effect_scale	sd	opengwas_api_gwasinfo		
ukb-b-1865	sample_size_kind	case_control	opengwas_api_gwasinfo	n_cases=3573;n_controls=459437	
ukb-b-1865	stored_effect_scale	sd	opengwas_api_gwasinfo		
ukb-b-18659	sample_size_kind	total	opengwas_api_gwasinfo	n_cases=;n_controls=	
ukb-b-18659	stored_effect_scale	sd	opengwas_api_gwasinfo		
ukb-b-1867	sample_size_kind	case_control	opengwas_api_gwasinfo	n_cases=16449;n_controls=442905	
ukb-b-1867	stored_effect_scale	sd	opengwas_api_gwasinfo		
ukb-b-18674	sample_size_kind	case_control	opengwas_api_gwasinfo	n_cases=54234;n_controls=92308	
ukb-b-18674	stored_effect_scale	sd	opengwas_api_gwasinfo		
ukb-b-18683	sample_size_kind	total	opengwas_api_gwasinfo	n_cases=;n_controls=	
ukb-b-18683	stored_effect_scale	sd	opengwas_api_gwasinfo		
ukb-b-18697	sample_size_kind	total	opengwas_api_gwasinfo	n_cases=;n_controls=	
ukb-b-18697	stored_effect_scale	sd	opengwas_api_gwasinfo		
ukb-b-18700	sample_size_kind	case_control	opengwas_api_gwasinfo	n_cases=7682;n_controls=455251	
ukb-b-18700	stored_effect_scale	sd	opengwas_api_gwasinfo		
ukb-b-18712	sample_size_kind	case_control	opengwas_api_gwasinfo	n_cases=97179;n_controls=362563	
ukb-b-18712	stored_effect_scale	sd	opengwas_api_gwasinfo		
ukb-b-18718	sample_size_kind	total	opengwas_api_gwasinfo	n_cases=;n_controls=	
ukb-b-18718	stored_effect_scale	sd	opengwas_api_gwasinfo		
ukb-b-18758	sample_size_kind	total	opengwas_api_gwasinfo	n_cases=;n_controls=	
ukb-b-18758	stored_effect_scale	sd	opengwas_api_gwasinfo		
ukb-b-18761	sample_size_kind	case_control	opengwas_api_gwasinfo	n_cases=1246;n_controls=461687	
ukb-b-18761	stored_effect_scale	sd	opengwas_api_gwasinfo		
ukb-b-18765	sample_size_kind	case_control	opengwas_api_gwasinfo	n_cases=22937;n_controls=91051	
ukb-b-18765	stored_effect_scale	sd	opengwas_api_gwasinfo		
ukb-b-18785	sample_size_kind	case_control	opengwas_api_gwasinfo	n_cases=1124;n_controls=461886	
ukb-b-18785	stored_effect_scale	sd	opengwas_api_gwasinfo		
ukb-b-18786	sample_size_kind	case_control	opengwas_api_gwasinfo	n_cases=2863;n_controls=460147	
ukb-b-18786	stored_effect_scale	sd	opengwas_api_gwasinfo		
ukb-b-18787	sample_size_kind	case_control	opengwas_api_gwasinfo	n_cases=2090;n_controls=460843	
ukb-b-18787	stored_effect_scale	sd	opengwas_api_gwasinfo		
ukb-b-18788	sample_size_kind	total	opengwas_api_gwasinfo	n_cases=;n_controls=	
ukb-b-18788	stored_effect_scale	sd	opengwas_api_gwasinfo		
ukb-b-18798	sample_size_kind	case_control	opengwas_api_gwasinfo	n_cases=1002;n_controls=462008	
ukb-b-18798	stored_effect_scale	sd	opengwas_api_gwasinfo		
ukb-b-18799	sample_size_kind	case_control	opengwas_api_gwasinfo	n_cases=25767;n_controls=437166	
ukb-b-18799	stored_effect_scale	sd	opengwas_api_gwasinfo		
ukb-b-188	sample_size_kind	total	opengwas_api_gwasinfo	n_cases=;n_controls=	
ukb-b-188	stored_effect_scale	sd	opengwas_api_gwasinfo		
ukb-b-18802	sample_size_kind	case_control	opengwas_api_gwasinfo	n_cases=1302;n_controls=461708	
ukb-b-18802	stored_effect_scale	sd	opengwas_api_gwasinfo		
ukb-b-18818	sample_size_kind	case_control	opengwas_api_gwasinfo	n_cases=3363;n_controls=458884	
ukb-b-18818	stored_effect_scale	sd	opengwas_api_gwasinfo		
ukb-b-18819	sample_size_kind	case_control	opengwas_api_gwasinfo	n_cases=1417;n_controls=461516	
ukb-b-18819	stored_effect_scale	sd	opengwas_api_gwasinfo		
ukb-b-18820	sample_size_kind	case_control	opengwas_api_gwasinfo	n_cases=21341;n_controls=439929	
ukb-b-18820	stored_effect_scale	sd	opengwas_api_gwasinfo		
ukb-b-18822	sample_size_kind	case_control	opengwas_api_gwasinfo	n_cases=6247;n_controls=456763	
ukb-b-18822	stored_effect_scale	sd	opengwas_api_gwasinfo		
ukb-b-18843	sample_size_kind	case_control	opengwas_api_gwasinfo	n_cases=1309;n_controls=461701	
ukb-b-18843	stored_effect_scale	sd	opengwas_api_gwasinfo		
ukb-b-18853	sample_size_kind	case_control	opengwas_api_gwasinfo	n_cases=65087;n_controls=397485	
ukb-b-18853	stored_effect_scale	sd	opengwas_api_gwasinfo		
ukb-b-18865	sample_size_kind	case_control	opengwas_api_gwasinfo	n_cases=1471;n_controls=461539	
ukb-b-18865	stored_effect_scale	sd	opengwas_api_gwasinfo		
ukb-b-1888	sample_size_kind	case_control	opengwas_api_gwasinfo	n_cases=1457;n_controls=461476	
ukb-b-1888	stored_effect_scale	sd	opengwas_api_gwasinfo		
ukb-b-18888	sample_size_kind	case_control	opengwas_api_gwasinfo	n_cases=49228;n_controls=398299	
ukb-b-18888	stored_effect_scale	sd	opengwas_api_gwasinfo		
ukb-b-18895	sample_size_kind	case_control	opengwas_api_gwasinfo	n_cases=1509;n_controls=461501	
ukb-b-18895	stored_effect_scale	sd	opengwas_api_gwasinfo		
ukb-b-18897	sample_size_kind	case_control	opengwas_api_gwasinfo	n_cases=1522;n_controls=461488	
ukb-b-18897	stored_effect_scale	sd	opengwas_api_gwasinfo		
ukb-b-18909	sample_size_kind	case_control	opengwas_api_gwasinfo	n_cases=10366;n_controls=450680	
ukb-b-18909	stored_effect_scale	sd	opengwas_api_gwasinfo		
ukb-b-18915	sample_size_kind	case_control	opengwas_api_gwasinfo	n_cases=1657;n_controls=461353	
ukb-b-18915	stored_effect_scale	sd	opengwas_api_gwasinfo		
ukb-b-18948	sample_size_kind	case_control	opengwas_api_gwasinfo	n_cases=1213;n_controls=461797	
ukb-b-18948	stored_effect_scale	sd	opengwas_api_gwasinfo		
ukb-b-18953	sample_size_kind	case_control	opengwas_api_gwasinfo	n_cases=2512;n_controls=460498	
ukb-b-18953	stored_effect_scale	sd	opengwas_api_gwasinfo		
ukb-b-18956	sample_size_kind	total	opengwas_api_gwasinfo	n_cases=;n_controls=	
ukb-b-18956	stored_effect_scale	sd	opengwas_api_gwasinfo		
ukb-b-18959	sample_size_kind	total	opengwas_api_gwasinfo	n_cases=;n_controls=	
ukb-b-18959	stored_effect_scale	sd	opengwas_api_gwasinfo		
ukb-b-18994	sample_size_kind	case_control	opengwas_api_gwasinfo	n_cases=195435;n_controls=259547	
ukb-b-18994	stored_effect_scale	sd	opengwas_api_gwasinfo		
ukb-b-19006	sample_size_kind	case_control	opengwas_api_gwasinfo	n_cases=5770;n_controls=59179	
ukb-b-19006	stored_effect_scale	sd	opengwas_api_gwasinfo		
ukb-b-19023	sample_size_kind	case_control	opengwas_api_gwasinfo	n_cases=5479;n_controls=456017	
ukb-b-19023	stored_effect_scale	sd	opengwas_api_gwasinfo		
ukb-b-19041	sample_size_kind	case_control	opengwas_api_gwasinfo	n_cases=6192;n_controls=456818	
ukb-b-19041	stored_effect_scale	sd	opengwas_api_gwasinfo		
ukb-b-19045	sample_size_kind	case_control	opengwas_api_gwasinfo	n_cases=1567;n_controls=461443	
ukb-b-19045	stored_effect_scale	sd	opengwas_api_gwasinfo		
ukb-b-19050	sample_size_kind	case_control	opengwas_api_gwasinfo	n_cases=1093;n_controls=461917	
ukb-b-19050	stored_effect_scale	sd	opengwas_api_gwasinfo		
ukb-b-19054	sample_size_kind	case_control	opengwas_api_gwasinfo	n_cases=1838;n_controls=461172	
ukb-b-19054	stored_effect_scale	sd	opengwas_api_gwasinfo		
ukb-b-19060	sample_size_kind	case_control	opengwas_api_gwasinfo	n_cases=14048;n_controls=266498	
ukb-b-19060	stored_effect_scale	sd	opengwas_api_gwasinfo		
ukb-b-19064	sample_size_kind	case_control	opengwas_api_gwasinfo	n_cases=2015;n_controls=460995	
ukb-b-19064	stored_effect_scale	sd	opengwas_api_gwasinfo		
ukb-b-19066	sample_size_kind	case_control	opengwas_api_gwasinfo	n_cases=269839;n_controls=75826	
ukb-b-19066	stored_effect_scale	sd	opengwas_api_gwasinfo		
ukb-b-19067	sample_size_kind	case_control	opengwas_api_gwasinfo	n_cases=2558;n_controls=62391	
ukb-b-19067	stored_effect_scale	sd	opengwas_api_gwasinfo		
ukb-b-19069	sample_size_kind	total	opengwas_api_gwasinfo	n_cases=;n_controls=	
ukb-b-19069	stored_effect_scale	sd	opengwas_api_gwasinfo		
ukb-b-19071	sample_size_kind	total	opengwas_api_gwasinfo	n_cases=;n_controls=	
ukb-b-19071	stored_effect_scale	sd	opengwas_api_gwasinfo		
ukb-b-19073	sample_size_kind	case_control	opengwas_api_gwasinfo	n_cases=8783;n_controls=56166	
ukb-b-19073	stored_effect_scale	sd	opengwas_api_gwasinfo		
ukb-b-19078	sample_size_kind	case_control	opengwas_api_gwasinfo	n_cases=1375;n_controls=461635	
ukb-b-19078	stored_effect_scale	sd	opengwas_api_gwasinfo		
ukb-b-19085	sample_size_kind	total	opengwas_api_gwasinfo	n_cases=;n_controls=	
ukb-b-19085	stored_effect_scale	sd	opengwas_api_gwasinfo		
ukb-b-19086	sample_size_kind	case_control	opengwas_api_gwasinfo	n_cases=1794;n_controls=461216	
ukb-b-19086	stored_effect_scale	sd	opengwas_api_gwasinfo		
ukb-b-19088	sample_size_kind	case_control	opengwas_api_gwasinfo	n_cases=1120;n_controls=461890	
ukb-b-19088	stored_effect_scale	sd	opengwas_api_gwasinfo		
ukb-b-19097	sample_size_kind	case_control	opengwas_api_gwasinfo	n_cases=21711;n_controls=17200	
ukb-b-19097	stored_effect_scale	sd	opengwas_api_gwasinfo		
ukb-b-19109	sample_size_kind	case_control	opengwas_api_gwasinfo	n_cases=1729;n_controls=461281	
ukb-b-19109	stored_effect_scale	sd	opengwas_api_gwasinfo		
ukb-b-19110	sample_size_kind	case_control	opengwas_api_gwasinfo	n_cases=2307;n_controls=460703	
ukb-b-19110	stored_effect_scale	sd	opengwas_api_gwasinfo		
ukb-b-19115	sample_size_kind	case_control	opengwas_api_gwasinfo	n_cases=14743;n_controls=446428	
ukb-b-19115	stored_effect_scale	sd	opengwas_api_gwasinfo		
ukb-b-19129	sample_size_kind	total	opengwas_api_gwasinfo	n_cases=;n_controls=	
ukb-b-19129	stored_effect_scale	sd	opengwas_api_gwasinfo		
ukb-b-19130	sample_size_kind	case_control	opengwas_api_gwasinfo	n_cases=7935;n_controls=57014	
ukb-b-19130	stored_effect_scale	sd	opengwas_api_gwasinfo		
ukb-b-19132	sample_size_kind	case_control	opengwas_api_gwasinfo	n_cases=3517;n_controls=459493	
ukb-b-19132	stored_effect_scale	sd	opengwas_api_gwasinfo		
ukb-b-19142	sample_size_kind	total	opengwas_api_gwasinfo	n_cases=;n_controls=	
ukb-b-19142	stored_effect_scale	sd	opengwas_api_gwasinfo		
ukb-b-19156	sample_size_kind	case_control	opengwas_api_gwasinfo	n_cases=16448;n_controls=446485	
ukb-b-19156	stored_effect_scale	sd	opengwas_api_gwasinfo		
ukb-b-19158	sample_size_kind	case_control	opengwas_api_gwasinfo	n_cases=11059;n_controls=450325	
ukb-b-19158	stored_effect_scale	sd	opengwas_api_gwasinfo		
ukb-b-19166	sample_size_kind	case_control	opengwas_api_gwasinfo	n_cases=3902;n_controls=459108	
ukb-b-19166	stored_effect_scale	sd	opengwas_api_gwasinfo		
ukb-b-1917	sample_size_kind	case_control	opengwas_api_gwasinfo	n_cases=2033;n_controls=460900	
ukb-b-1917	stored_effect_scale	sd	opengwas_api_gwasinfo		
ukb-b-19191	sample_size_kind	case_control	opengwas_api_gwasinfo	n_cases=18964;n_controls=442149	
ukb-b-19191	stored_effect_scale	sd	opengwas_api_gwasinfo		
ukb-b-19199	sample_size_kind	case_control	opengwas_api_gwasinfo	n_cases=3626;n_controls=459384	
ukb-b-19199	stored_effect_scale	sd	opengwas_api_gwasinfo		
ukb-b-19202	sample_size_kind	case_control	opengwas_api_gwasinfo	n_cases=4742;n_controls=60207	
ukb-b-19202	stored_effect_scale	sd	opengwas_api_gwasinfo		
ukb-b-19204	sample_size_kind	case_control	opengwas_api_gwasinfo	n_cases=1782;n_controls=461228	
ukb-b-19204	stored_effect_scale	sd	opengwas_api_gwasinfo		
ukb-b-19206	sample_size_kind	total	opengwas_api_gwasinfo	n_cases=;n_controls=	
ukb-b-19206	stored_effect_scale	sd	opengwas_api_gwasinfo		
ukb-b-19207	sample_size_kind	case_control	opengwas_api_gwasinfo	n_cases=2599;n_controls=460411	
ukb-b-19207	stored_effect_scale	sd	opengwas_api_gwasinfo		
ukb-b-19234	sample_size_kind	total	opengwas_api_gwasinfo	n_cases=;n_controls=	
ukb-b-19234	stored_effect_scale	sd	opengwas_api_gwasinfo		
ukb-b-19236	sample_size_kind	case_control	opengwas_api_gwasinfo	n_cases=2024;n_controls=460909	
ukb-b-19236	stored_effect_scale	sd	opengwas_api_gwasinfo		
ukb-b-19253	sample_size_kind	total	opengwas_api_gwasinfo	n_cases=;n_controls=	
ukb-b-19253	stored_effect_scale	sd	opengwas_api_gwasinfo		
ukb-b-19255	sample_size_kind	case_control	opengwas_api_gwasinfo	n_cases=4714;n_controls=455626	
ukb-b-19255	stored_effect_scale	sd	opengwas_api_gwasinfo		
ukb-b-19262	sample_size_kind	case_control	opengwas_api_gwasinfo	n_cases=3088;n_controls=459845	
ukb-b-19262	stored_effect_scale	sd	opengwas_api_gwasinfo		
ukb-b-19266	sample_size_kind	case_control	opengwas_api_gwasinfo	n_cases=1870;n_controls=461140	
ukb-b-19266	stored_effect_scale	sd	opengwas_api_gwasinfo		
ukb-b-19277	sample_size_kind	total	opengwas_api_gwasinfo	n_cases=;n_controls=	
ukb-b-19277	stored_effect_scale	sd	opengwas_api_gwasinfo		
ukb-b-19288	sample_size_kind	case_control	opengwas_api_gwasinfo	n_cases=2308;n_controls=460702	
ukb-b-19288	stored_effect_scale	sd	opengwas_api_gwasinfo		
ukb-b-19294	sample_size_kind	case_control	opengwas_api_gwasinfo	n_cases=1044;n_controls=9443	
ukb-b-19294	stored_effect_scale	sd	opengwas_api_gwasinfo		
ukb-b-19304	sample_size_kind	case_control	opengwas_api_gwasinfo	n_cases=2768;n_controls=458333	
ukb-b-19304	stored_effect_scale	sd	opengwas_api_gwasinfo		
ukb-b-19346	sample_size_kind	case_control	opengwas_api_gwasinfo	n_cases=3711;n_controls=459299	
ukb-b-19346	stored_effect_scale	sd	opengwas_api_gwasinfo		
ukb-b-1935	sample_size_kind	case_control	opengwas_api_gwasinfo	n_cases=1073;n_controls=461937	
ukb-b-1935	stored_effect_scale	sd	opengwas_api_gwasinfo		
ukb-b-19350	sample_size_kind	case_control	opengwas_api_gwasinfo	n_cases=1420;n_controls=461590	
ukb-b-19350	stored_effect_scale	sd	opengwas_api_gwasinfo		
ukb-b-19354	sample_size_kind	case_control	opengwas_api_gwasinfo	n_cases=4931;n_controls=458079	
ukb-b-19354	stored_effect_scale	sd	opengwas_api_gwasinfo		
ukb-b-19373	sample_size_kind	total	opengwas_api_gwasinfo	n_cases=;n_controls=	
ukb-b-19373	stored_effect_scale	sd	opengwas_api_gwasinfo		
ukb-b-19379	sample_size_kind	total	opengwas_api_gwasinfo	n_cases=;n_controls=	
ukb-b-19379	stored_effect_scale	sd	opengwas_api_gwasinfo		
ukb-b-19381	sample_size_kind	case_control	opengwas_api_gwasinfo	n_cases=1145;n_controls=461788	
ukb-b-19381	stored_effect_scale	sd	opengwas_api_gwasinfo		
ukb-b-19386	sample_size_kind	case_control	opengwas_api_gwasinfo	n_cases=1987;n_controls=461023	
ukb-b-19386	stored_effect_scale	sd	opengwas_api_gwasinfo		
ukb-b-19388	sample_size_kind	case_control	opengwas_api_gwasinfo	n_cases=1215;n_controls=461795	
ukb-b-19388	stored_effect_scale	sd	opengwas_api_gwasinfo		
ukb-b-1939	sample_size_kind	case_control	opengwas_api_gwasinfo	n_cases=1705;n_controls=461305	
ukb-b-1939	stored_effect_scale	sd	opengwas_api_gwasinfo		
ukb-b-19390	sample_size_kind	total	opengwas_api_gwasinfo	n_cases=;n_controls=	
ukb-b-19390	stored_effect_scale	sd	opengwas_api_gwasinfo		
ukb-b-19391	sample_size_kind	case_control	opengwas_api_gwasinfo	n_cases=2248;n_controls=460762	
ukb-b-19391	stored_effect_scale	sd	opengwas_api_gwasinfo		
ukb-b-19393	sample_size_kind	total	opengwas_api_gwasinfo	n_cases=;n_controls=	
ukb-b-19393	stored_effect_scale	sd	opengwas_api_gwasinfo		
ukb-b-19398	sample_size_kind	case_control	opengwas_api_gwasinfo	n_cases=8407;n_controls=452766	
ukb-b-19398	stored_effect_scale	sd	opengwas_api_gwasinfo		
ukb-b-19406	sample_size_kind	case_control	opengwas_api_gwasinfo	n_cases=2418;n_controls=460592	
ukb-b-19406	stored_effect_scale	sd	opengwas_api_gwasinfo		
ukb-b-19409	sample_size_kind	case_control	opengwas_api_gwasinfo	n_cases=4649;n_controls=458361	
ukb-b-19409	stored_effect_scale	sd	opengwas_api_gwasinfo		
ukb-b-19419	sample_size_kind	case_control	opengwas_api_gwasinfo	n_cases=2143;n_controls=460867	
ukb-b-19419	stored_effect_scale	sd	opengwas_api_gwasinfo		
ukb-b-19425	sample_size_kind	case_control	opengwas_api_gwasinfo	n_cases=1085;n_controls=461925	
ukb-b-19425	stored_effect_scale	sd	opengwas_api_gwasinfo		
ukb-b-19431	sample_size_kind	case_control	opengwas_api_gwasinfo	n_cases=1248;n_controls=461762	
ukb-b-19431	stored_effect_scale	sd	opengwas_api_gwasinfo		
ukb-b-19438	sample_size_kind	case_control	opengwas_api_gwasinfo	n_cases=1928;n_controls=461005	
ukb-b-19438	stored_effect_scale	sd	opengwas_api_gwasinfo		
ukb-b-19447	sample_size_kind	case_control	opengwas_api_gwasinfo	n_cases=6228;n_controls=456185	
ukb-b-19447	stored_effect_scale	sd	opengwas_api_gwasinfo		
ukb-b-19456	sample_size_kind	case_control	opengwas_api_gwasinfo	n_cases=91242;n_controls=311657	
ukb-b-19456	stored_effect_scale	sd	opengwas_api_gwasinfo		
ukb-b-19460	sample_size_kind	case_control	opengwas_api_gwasinfo	n_cases=2547;n_controls=460463	
ukb-b-19460	stored_effect_scale	sd	opengwas_api_gwasinfo		
ukb-b-19462	sample_size_kind	case_control	opengwas_api_gwasinfo	n_cases=1420;n_controls=461590	
ukb-b-19462	stored_effect_scale	sd	opengwas_api_gwasinfo		
ukb-b-19469	sample_size_kind	case_control	opengwas_api_gwasinfo	n_cases=3330;n_controls=459680	
ukb-b-19469	stored_effect_scale	sd	opengwas_api_gwasinfo		
ukb-b-19473	sample_size_kind	case_control	opengwas_api_gwasinfo	n_cases=1360;n_controls=461573	
ukb-b-19473	stored_effect_scale	sd	opengwas_api_gwasinfo		
ukb-b-19482	sample_size_kind	case_control	opengwas_api_gwasinfo	n_cases=2769;n_controls=460164	
ukb-b-19482	stored_effect_scale	sd	opengwas_api_gwasinfo		
ukb-b-19490	sample_size_kind	total	opengwas_api_gwasinfo	n_cases=;n_controls=	
ukb-b-19490	stored_effect_scale	sd	opengwas_api_gwasinfo		
ukb-b-19498	sample_size_kind	total	opengwas_api_gwasinfo	n_cases=;n_controls=	
ukb-b-19498	stored_effect_scale	sd	opengwas_api_gwasinfo		
ukb-b-19520	sample_size_kind	total	opengwas_api_gwasinfo	n_cases=;n_controls=	
ukb-b-19520	stored_effect_scale	sd	opengwas_api_gwasinfo		
ukb-b-19524	sample_size_kind	total	opengwas_api_gwasinfo	n_cases=;n_controls=	
ukb-b-19524	stored_effect_scale	sd	opengwas_api_gwasinfo		
ukb-b-19542	sample_size_kind	case_control	opengwas_api_gwasinfo	n_cases=2730;n_controls=460280	
ukb-b-19542	stored_effect_scale	sd	opengwas_api_gwasinfo		
ukb-b-19546	sample_size_kind	case_control	opengwas_api_gwasinfo	n_cases=1307;n_controls=461703	
ukb-b-19546	stored_effect_scale	sd	opengwas_api_gwasinfo		
ukb-b-19550	sample_size_kind	case_control	opengwas_api_gwasinfo	n_cases=3680;n_controls=61269	
ukb-b-19550	stored_effect_scale	sd	opengwas_api_gwasinfo		
ukb-b-19560	sample_size_kind	total	opengwas_api_gwasinfo	n_cases=;n_controls=	
ukb-b-19560	stored_effect_scale	sd	opengwas_api_gwasinfo		
ukb-b-19579	sample_size_kind	case_control	opengwas_api_gwasinfo	n_cases=4332;n_controls=458678	
ukb-b-19579	stored_effect_scale	sd	opengwas_api_gwasinfo		
ukb-b-19585	sample_size_kind	total	opengwas_api_gwasinfo	n_cases=;n_controls=	
ukb-b-19585	stored_effect_scale	sd	opengwas_api_gwasinfo		
ukb-b-1962	sample_size_kind	case_control	opengwas_api_gwasinfo	n_cases=19512;n_controls=443421	
ukb-b-1962	stored_effect_scale	sd	opengwas_api_gwasinfo		
ukb-b-19634	sample_size_kind	case_control	opengwas_api_gwasinfo	n_cases=1444;n_controls=461566	
ukb-b-19634	stored_effect_scale	sd	opengwas_api_gwasinfo		
ukb-b-19641	sample_size_kind	case_control	opengwas_api_gwasinfo	n_cases=3191;n_controls=459819	
ukb-b-19641	stored_effect_scale	sd	opengwas_api_gwasinfo		
ukb-b-19651	sample_size_kind	case_control	opengwas_api_gwasinfo	n_cases=1290;n_controls=461720	
ukb-b-19651	stored_effect_scale	sd	opengwas_api_gwasinfo		
ukb-b-19657	sample_size_kind	total	opengwas_api_gwasinfo	n_cases=;n_controls=	
ukb-b-19657	stored_effect_scale	sd	opengwas_api_gwasinfo		
ukb-b-1968	sample_size_kind	case_control	opengwas_api_gwasinfo	n_cases=4779;n_controls=458231	
ukb-b-1968	stored_effect_scale	sd	opengwas_api_gwasinfo		
ukb-b-19698	sample_size_kind	case_control	opengwas_api_gwasinfo	n_cases=2959;n_controls=459974	
ukb-b-19698	stored_effect_scale	sd	opengwas_api_gwasinfo		
ukb-b-197	sample_size_kind	case_control	opengwas_api_gwasinfo	n_cases=1115;n_controls=461895	
ukb-b-197	stored_effect_scale	sd	opengwas_api_gwasinfo		
ukb-b-19703	sample_size_kind	total	opengwas_api_gwasinfo	n_cases=;n_controls=	
ukb-b-19703	stored_effect_scale	sd	opengwas_api_gwasinfo		
ukb-b-19711	sample_size_kind	case_control	opengwas_api_gwasinfo	n_cases=3227;n_controls=459783	
ukb-b-19711	stored_effect_scale	sd	opengwas_api_gwasinfo		
ukb-b-19713	sample_size_kind	case_control	opengwas_api_gwasinfo	n_cases=1815;n_controls=461195	
ukb-b-19713	stored_effect_scale	sd	opengwas_api_gwasinfo		
ukb-b-19716	sample_size_kind	case_control	opengwas_api_gwasinfo	n_cases=10073;n_controls=56984	
ukb-b-19716	stored_effect_scale	sd	opengwas_api_gwasinfo		
ukb-b-19719	sample_size_kind	case_control	opengwas_api_gwasinfo	n_cases=1241;n_controls=461692	
ukb-b-19719	stored_effect_scale	sd	opengwas_api_gwasinfo		
ukb-b-19722	sample_size_kind	case_control	opengwas_api_gwasinfo	n_cases=39522;n_controls=105295	
ukb-b-19722	stored_effect_scale	sd	opengwas_api_gwasinfo		
ukb-b-19732	sample_size_kind	case_control	opengwas_api_gwasinfo	n_cases=22687;n_controls=440246	
ukb-b-19732	stored_effect_scale	sd	opengwas_api_gwasinfo		
ukb-b-1974	sample_size_kind	case_control	opengwas_api_gwasinfo	n_cases=3872;n_controls=459061	
ukb-b-1974	stored_effect_scale	sd	opengwas_api_gwasinfo		
ukb-b-19752	sample_size_kind	case_control	opengwas_api_gwasinfo	n_cases=4289;n_controls=10662	
ukb-b-19752	stored_effect_scale	sd	opengwas_api_gwasinfo		
ukb-b-19756	sample_size_kind	total	opengwas_api_gwasinfo	n_cases=;n_controls=	
ukb-b-19756	stored_effect_scale	sd	opengwas_api_gwasinfo		
ukb-b-19759	sample_size_kind	case_control	opengwas_api_gwasinfo	n_cases=3080;n_controls=459853	
ukb-b-19759	stored_effect_scale	sd	opengwas_api_gwasinfo		
ukb-b-19769	sample_size_kind	case_control	opengwas_api_gwasinfo	n_cases=1536;n_controls=461474	
ukb-b-19769	stored_effect_scale	sd	opengwas_api_gwasinfo		
ukb-b-1977	sample_size_kind	case_control	opengwas_api_gwasinfo	n_cases=4293;n_controls=458717	
ukb-b-1977	stored_effect_scale	sd	opengwas_api_gwasinfo		
ukb-b-19779	sample_size_kind	case_control	opengwas_api_gwasinfo	n_cases=2186;n_controls=460824	
ukb-b-19779	stored_effect_scale	sd	opengwas_api_gwasinfo		
ukb-b-19780	sample_size_kind	case_control	opengwas_api_gwasinfo	n_cases=10856;n_controls=451607	
ukb-b-19780	stored_effect_scale	sd	opengwas_api_gwasinfo		
ukb-b-19790	sample_size_kind	case_control	opengwas_api_gwasinfo	n_cases=13017;n_controls=449456	
ukb-b-19790	stored_effect_scale	sd	opengwas_api_gwasinfo		
ukb-b-19791	sample_size_kind	case_control	opengwas_api_gwasinfo	n_cases=3112;n_controls=459898	
ukb-b-19791	stored_effect_scale	sd	opengwas_api_gwasinfo		
ukb-b-19805	sample_size_kind	case_control	opengwas_api_gwasinfo	n_cases=2800;n_controls=460210	
ukb-b-19805	stored_effect_scale	sd	opengwas_api_gwasinfo		
ukb-b-19806	sample_size_kind	total	opengwas_api_gwasinfo	n_cases=;n_controls=	
ukb-b-19806	stored_effect_scale	sd	opengwas_api_gwasinfo		
ukb-b-19807	sample_size_kind	case_control	opengwas_api_gwasinfo	n_cases=1045;n_controls=461965	
ukb-b-19807	stored_effect_scale	sd	opengwas_api_gwasinfo		
ukb-b-19809	sample_size_kind	case_control	opengwas_api_gwasinfo	n_cases=184258;n_controls=268813	
ukb-b-19809	stored_effect_scale	sd	opengwas_api_gwasinfo		
ukb-b-19813	sample_size_kind	case_control	opengwas_api_gwasinfo	n_cases=1423;n_controls=461587	
ukb-b-19813	stored_effect_scale	sd	opengwas_api_gwasinfo		
ukb-b-19829	sample_size_kind	case_control	opengwas_api_gwasinfo	n_cases=4255;n_controls=458755	
ukb-b-19829	stored_effect_scale	sd	opengwas_api_gwasinfo		
ukb-b-19832	sample_size_kind	case_control	opengwas_api_gwasinfo	n_cases=5387;n_controls=457546	
ukb-b-19832	stored_effect_scale	sd	opengwas_api_gwasinfo		
ukb-b-19837	sample_size_kind	case_control	opengwas_api_gwasinfo	n_cases=1078;n_controls=461932	
ukb-b-19837	stored_effect_scale	sd	opengwas_api_gwasinfo		
ukb-b-19842	sample_size_kind	case_control	opengwas_api_gwasinfo	n_cases=71506;n_controls=42482	
ukb-b-19842	stored_effect_scale	sd	opengwas_api_gwasinfo		
ukb-b-19845	sample_size_kind	case_control	opengwas_api_gwasinfo	n_cases=10278;n_controls=452732	
ukb-b-19845	stored_effect_scale	sd	opengwas_api_gwasinfo		
ukb-b-19847	sample_size_kind	total	opengwas_api_gwasinfo	n_cases=;n_controls=	
ukb-b-19847	stored_effect_scale	sd	opengwas_api_gwasinfo		
ukb-b-19852	sample_size_kind	case_control	opengwas_api_gwasinfo	n_cases=168096;n_controls=293146	
ukb-b-19852	stored_effect_scale	sd	opengwas_api_gwasinfo		
ukb-b-19862	sample_size_kind	total	opengwas_api_gwasinfo	n_cases=;n_controls=	
ukb-b-19862	stored_effect_scale	sd	opengwas_api_gwasinfo		
ukb-b-19864	sample_size_kind	case_control	opengwas_api_gwasinfo	n_cases=1375;n_controls=461635	
ukb-b-19864	stored_effect_scale	sd	opengwas_api_gwasinfo		
ukb-b-19885	sample_size_kind	total	opengwas_api_gwasinfo	n_cases=;n_controls=	
ukb-b-19885	stored_effect_scale	sd	opengwas_api_gwasinfo		
ukb-b-19886	sample_size_kind	case_control	opengwas_api_gwasinfo	n_cases=4360;n_controls=458650	
ukb-b-19886	stored_effect_scale	sd	opengwas_api_gwasinfo		
ukb-b-19921	sample_size_kind	total	opengwas_api_gwasinfo	n_cases=;n_controls=	
ukb-b-19921	stored_effect_scale	sd	opengwas_api_gwasinfo		
ukb-b-19925	sample_size_kind	total	opengwas_api_gwasinfo	n_cases=;n_controls=	
ukb-b-19925	stored_effect_scale	sd	opengwas_api_gwasinfo		
ukb-b-19929	sample_size_kind	case_control	opengwas_api_gwasinfo	n_cases=2308;n_controls=460625	
ukb-b-19929	stored_effect_scale	sd	opengwas_api_gwasinfo		
ukb-b-1993	sample_size_kind	case_control	opengwas_api_gwasinfo	n_cases=15836;n_controls=49113	
ukb-b-1993	stored_effect_scale	sd	opengwas_api_gwasinfo		
ukb-b-19931	sample_size_kind	total	opengwas_api_gwasinfo	n_cases=;n_controls=	
ukb-b-19931	stored_effect_scale	sd	opengwas_api_gwasinfo		
ukb-b-19937	sample_size_kind	case_control	opengwas_api_gwasinfo	n_cases=1983;n_controls=461027	
ukb-b-19937	stored_effect_scale	sd	opengwas_api_gwasinfo		
ukb-b-19950	sample_size_kind	case_control	opengwas_api_gwasinfo	n_cases=121646;n_controls=341364	
ukb-b-19950	stored_effect_scale	sd	opengwas_api_gwasinfo		
ukb-b-19953	sample_size_kind	total	opengwas_api_gwasinfo	n_cases=;n_controls=	
ukb-b-19953	stored_effect_scale	sd	opengwas_api_gwasinfo		
ukb-b-19955	sample_size_kind	case_control	opengwas_api_gwasinfo	n_cases=1146;n_controls=461864	
ukb-b-19955	stored_effect_scale	sd	opengwas_api_gwasinfo		
ukb-b-19957	sample_size_kind	case_control	opengwas_api_gwasinfo	n_cases=94665;n_controls=351144	
ukb-b-19957	stored_effect_scale	sd	opengwas_api_gwasinfo		
ukb-b-1996	sample_size_kind	total	opengwas_api_gwasinfo	n_cases=;n_controls=	
ukb-b-1996	stored_effect_scale	sd	opengwas_api_gwasinfo		
ukb-b-1997	sample_size_kind	total	opengwas_api_gwasinfo	n_cases=;n_controls=	
ukb-b-1997	stored_effect_scale	sd	opengwas_api_gwasinfo		
ukb-b-1998	sample_size_kind	total	opengwas_api_gwasinfo	n_cases=;n_controls=	
ukb-b-1998	stored_effect_scale	sd	opengwas_api_gwasinfo		
ukb-b-19994	sample_size_kind	total	opengwas_api_gwasinfo	n_cases=;n_controls=	
ukb-b-19994	stored_effect_scale	sd	opengwas_api_gwasinfo		
ukb-b-20009	sample_size_kind	case_control	opengwas_api_gwasinfo	n_cases=1072;n_controls=461938	
ukb-b-20009	stored_effect_scale	sd	opengwas_api_gwasinfo		
ukb-b-20017	sample_size_kind	case_control	opengwas_api_gwasinfo	n_cases=4640;n_controls=458370	
ukb-b-20017	stored_effect_scale	sd	opengwas_api_gwasinfo		
ukb-b-20019	sample_size_kind	case_control	opengwas_api_gwasinfo	n_cases=5490;n_controls=457520	
ukb-b-20019	stored_effect_scale	sd	opengwas_api_gwasinfo		
ukb-b-2002	sample_size_kind	total	opengwas_api_gwasinfo	n_cases=;n_controls=	
ukb-b-2002	stored_effect_scale	sd	opengwas_api_gwasinfo		
ukb-b-20023	sample_size_kind	total	opengwas_api_gwasinfo	n_cases=;n_controls=	
ukb-b-20023	stored_effect_scale	sd	opengwas_api_gwasinfo		
ukb-b-2003	sample_size_kind	total	opengwas_api_gwasinfo	n_cases=;n_controls=	
ukb-b-2003	stored_effect_scale	sd	opengwas_api_gwasinfo		
ukb-b-20032	sample_size_kind	total	opengwas_api_gwasinfo	n_cases=;n_controls=	
ukb-b-20032	stored_effect_scale	sd	opengwas_api_gwasinfo		
ukb-b-20038	sample_size_kind	case_control	opengwas_api_gwasinfo	n_cases=1246;n_controls=461764	
ukb-b-20038	stored_effect_scale	sd	opengwas_api_gwasinfo		
ukb-b-20044	sample_size_kind	total	opengwas_api_gwasinfo	n_cases=;n_controls=	
ukb-b-20044	stored_effect_scale	sd	opengwas_api_gwasinfo		
ukb-b-20045	sample_size_kind	case_control	opengwas_api_gwasinfo	n_cases=5842;n_controls=457168	
ukb-b-20045	stored_effect_scale	sd	opengwas_api_gwasinfo		
ukb-b-20057	sample_size_kind	case_control	opengwas_api_gwasinfo	n_cases=1367;n_controls=63582	
ukb-b-20057	stored_effect_scale	sd	opengwas_api_gwasinfo		
ukb-b-20078	sample_size_kind	case_control	opengwas_api_gwasinfo	n_cases=3329;n_controls=459604	
ukb-b-20078	stored_effect_scale	sd	opengwas_api_gwasinfo		
ukb-b-20100	sample_size_kind	case_control	opengwas_api_gwasinfo	n_cases=2176;n_controls=459193	
ukb-b-20100	stored_effect_scale	sd	opengwas_api_gwasinfo		
ukb-b-20118	sample_size_kind	case_control	opengwas_api_gwasinfo	n_cases=1034;n_controls=461976	
ukb-b-20118	stored_effect_scale	sd	opengwas_api_gwasinfo		
ukb-b-20122	sample_size_kind	total	opengwas_api_gwasinfo	n_cases=;n_controls=	
ukb-b-20122	stored_effect_scale	sd	opengwas_api_gwasinfo		
ukb-b-20124	sample_size_kind	total	opengwas_api_gwasinfo	n_cases=;n_controls=	
ukb-b-20124	stored_effect_scale	sd	opengwas_api_gwasinfo		
ukb-b-20137	sample_size_kind	case_control	opengwas_api_gwasinfo	n_cases=1552;n_controls=461458	
ukb-b-20137	stored_effect_scale	sd	opengwas_api_gwasinfo		
ukb-b-20140	sample_size_kind	total	opengwas_api_gwasinfo	n_cases=;n_controls=	
ukb-b-20140	stored_effect_scale	sd	opengwas_api_gwasinfo		
ukb-b-20141	sample_size_kind	case_control	opengwas_api_gwasinfo	n_cases=11819;n_controls=451114	
ukb-b-20141	stored_effect_scale	sd	opengwas_api_gwasinfo		
ukb-b-20142	sample_size_kind	case_control	opengwas_api_gwasinfo	n_cases=5208;n_controls=457802	
ukb-b-20142	stored_effect_scale	sd	opengwas_api_gwasinfo		
ukb-b-20145	sample_size_kind	case_control	opengwas_api_gwasinfo	n_cases=1494;n_controls=461439	
ukb-b-20145	stored_effect_scale	sd	opengwas_api_gwasinfo		
ukb-b-20155	sample_size_kind	case_control	opengwas_api_gwasinfo	n_cases=1020;n_controls=461990	
ukb-b-20155	stored_effect_scale	sd	opengwas_api_gwasinfo		
ukb-b-20159	sample_size_kind	case_control	opengwas_api_gwasinfo	n_cases=4024;n_controls=458986	
ukb-b-20159	stored_effect_scale	sd	opengwas_api_gwasinfo		
ukb-b-20162	sample_size_kind	case_control	opengwas_api_gwasinfo	n_cases=2106;n_controls=460904	
ukb-b-20162	stored_effect_scale	sd	opengwas_api_gwasinfo		
ukb-b-20168	sample_size_kind	case_control	opengwas_api_gwasinfo	n_cases=3996;n_controls=459014	
ukb-b-20168	stored_effect_scale	sd	opengwas_api_gwasinfo		
ukb-b-20172	sample_size_kind	case_control	opengwas_api_gwasinfo	n_cases=305639;n_controls=157154	
ukb-b-20172	stored_effect_scale	sd	opengwas_api_gwasinfo		
ukb-b-20175	sample_size_kind	total	opengwas_api_gwasinfo	n_cases=;n_controls=	
ukb-b-20175	stored_effect_scale	sd	opengwas_api_gwasinfo		
ukb-b-20176	sample_size_kind	case_control	opengwas_api_gwasinfo	n_cases=17566;n_controls=405692	
ukb-b-20176	stored_effect_scale	sd	opengwas_api_gwasinfo		
ukb-b-20178	sample_size_kind	case_control	opengwas_api_gwasinfo	n_cases=1855;n_controls=461155	
ukb-b-20178	stored_effect_scale	sd	opengwas_api_gwasinfo		
ukb-b-20185	sample_size_kind	case_control	opengwas_api_gwasinfo	n_cases=2541;n_controls=460469	
ukb-b-20185	stored_effect_scale	sd	opengwas_api_gwasinfo		
ukb-b-20187	sample_size_kind	case_control	opengwas_api_gwasinfo	n_cases=8745;n_controls=454265	
ukb-b-20187	stored_effect_scale	sd	opengwas_api_gwasinfo		
ukb-b-20188	sample_size_kind	total	opengwas_api_gwasinfo	n_cases=;n_controls=	
ukb-b-20188	stored_effect_scale	sd	opengwas_api_gwasinfo		
ukb-b-20189	sample_size_kind	case_control	opengwas_api_gwasinfo	n_cases=9463;n_controls=453547	
ukb-b-20189	stored_effect_scale	sd	opengwas_api_gwasinfo		
ukb-b-20190	sample_size_kind	case_control	opengwas_api_gwasinfo	n_cases=3223;n_controls=459787	
ukb-b-20190	stored_effect_scale	sd	opengwas_api_gwasinfo		
ukb-b-20193	sample_size_kind	case_control	opengwas_api_gwasinfo	n_cases=1314;n_controls=461696	
ukb-b-20193	stored_effect_scale	sd	opengwas_api_gwasinfo		
ukb-b-20196	sample_size_kind	case_control	opengwas_api_gwasinfo	n_cases=1022;n_controls=461988	
ukb-b-20196	stored_effect_scale	sd	opengwas_api_gwasinfo		
ukb-b-2020	sample_size_kind	case_control	opengwas_api_gwasinfo	n_cases=1415;n_controls=63534	
ukb-b-2020	stored_effect_scale	sd	opengwas_api_gwasinfo		
ukb-b-20208	sample_size_kind	case_control	opengwas_api_gwasinfo	n_cases=1877;n_controls=461133	
ukb-b-20208	stored_effect_scale	sd	opengwas_api_gwasinfo		
ukb-b-20211	sample_size_kind	case_control	opengwas_api_gwasinfo	n_cases=38850;n_controls=361837	
ukb-b-20211	stored_effect_scale	sd	opengwas_api_gwasinfo		
ukb-b-20213	sample_size_kind	case_control	opengwas_api_gwasinfo	n_cases=1530;n_controls=461403	
ukb-b-20213	stored_effect_scale	sd	opengwas_api_gwasinfo		
ukb-b-20214	sample_size_kind	case_control	opengwas_api_gwasinfo	n_cases=20426;n_controls=438928	
ukb-b-20214	stored_effect_scale	sd	opengwas_api_gwasinfo		
ukb-b-20216	sample_size_kind	case_control	opengwas_api_gwasinfo	n_cases=1264;n_controls=461746	
ukb-b-20216	stored_effect_scale	sd	opengwas_api_gwasinfo		
ukb-b-20218	sample_size_kind	case_control	opengwas_api_gwasinfo	n_cases=3220;n_controls=459790	
ukb-b-20218	stored_effect_scale	sd	opengwas_api_gwasinfo		
ukb-b-20233	sample_size_kind	case_control	opengwas_api_gwasinfo	n_cases=2905;n_controls=460105	
ukb-b-20233	stored_effect_scale	sd	opengwas_api_gwasinfo		
ukb-b-20239	sample_size_kind	case_control	opengwas_api_gwasinfo	n_cases=2027;n_controls=460983	
ukb-b-20239	stored_effect_scale	sd	opengwas_api_gwasinfo		
ukb-b-2024	sample_size_kind	total	opengwas_api_gwasinfo	n_cases=;n_controls=	
ukb-b-2024	stored_effect_scale	sd	opengwas_api_gwasinfo		
ukb-b-20261	sample_size_kind	case_control	opengwas_api_gwasinfo	n_cases=280508;n_controls=180558	
ukb-b-20261	stored_effect_scale	sd	opengwas_api_gwasinfo		
ukb-b-20278	sample_size_kind	case_control	opengwas_api_gwasinfo	n_cases=2371;n_controls=460639	
ukb-b-20278	stored_effect_scale	sd	opengwas_api_gwasinfo		
ukb-b-20289	sample_size_kind	case_control	opengwas_api_gwasinfo	n_cases=3545;n_controls=459388	
ukb-b-20289	stored_effect_scale	sd	opengwas_api_gwasinfo		
ukb-b-2029	sample_size_kind	case_control	opengwas_api_gwasinfo	n_cases=1586;n_controls=461347	
ukb-b-2029	stored_effect_scale	sd	opengwas_api_gwasinfo		
ukb-b-20292	sample_size_kind	case_control	opengwas_api_gwasinfo	n_cases=216598;n_controls=244734	
ukb-b-20292	stored_effect_scale	sd	opengwas_api_gwasinfo		
ukb-b-20296	sample_size_kind	case_control	opengwas_api_gwasinfo	n_cases=53257;n_controls=408756	
ukb-b-20296	stored_effect_scale	sd	opengwas_api_gwasinfo		
ukb-b-203	sample_size_kind	case_control	opengwas_api_gwasinfo	n_cases=3103;n_controls=459907	
ukb-b-203	stored_effect_scale	sd	opengwas_api_gwasinfo		
ukb-b-20300	sample_size_kind	case_control	opengwas_api_gwasinfo	n_cases=27510;n_controls=418183	
ukb-b-20300	stored_effect_scale	sd	opengwas_api_gwasinfo		
ukb-b-20307	sample_size_kind	case_control	opengwas_api_gwasinfo	n_cases=2833;n_controls=460177	
ukb-b-20307	stored_effect_scale	sd	opengwas_api_gwasinfo		
ukb-b-20321	sample_size_kind	total	opengwas_api_gwasinfo	n_cases=;n_controls=	
ukb-b-20321	stored_effect_scale	sd	opengwas_api_gwasinfo		
ukb-b-20332	sample_size_kind	case_control	opengwas_api_gwasinfo	n_cases=6660;n_controls=456273	
ukb-b-20332	stored_effect_scale	sd	opengwas_api_gwasinfo		
ukb-b-20341	sample_size_kind	total	opengwas_api_gwasinfo	n_cases=;n_controls=	
ukb-b-20341	stored_effect_scale	sd	opengwas_api_gwasinfo		
ukb-b-20349	sample_size_kind	case_control	opengwas_api_gwasinfo	n_cases=2790;n_controls=460143	
ukb-b-20349	stored_effect_scale	sd	opengwas_api_gwasinfo		
ukb-b-2035	sample_size_kind	total	opengwas_api_gwasinfo	n_cases=;n_controls=	
ukb-b-2035	stored_effect_scale	sd	opengwas_api_gwasinfo		
ukb-b-20359	sample_size_kind	case_control	opengwas_api_gwasinfo	n_cases=1115;n_controls=461895	
ukb-b-20359	stored_effect_scale	sd	opengwas_api_gwasinfo		
ukb-b-20379	sample_size_kind	case_control	opengwas_api_gwasinfo	n_cases=172332;n_controls=77378	
ukb-b-20379	stored_effect_scale	sd	opengwas_api_gwasinfo		
ukb-b-20382	sample_size_kind	case_control	opengwas_api_gwasinfo	n_cases=5288;n_controls=457722	
ukb-b-20382	stored_effect_scale	sd	opengwas_api_gwasinfo		
ukb-b-20386	sample_size_kind	case_control	opengwas_api_gwasinfo	n_cases=2140;n_controls=460870	
ukb-b-20386	stored_effect_scale	sd	opengwas_api_gwasinfo		
ukb-b-20405	sample_size_kind	case_control	opengwas_api_gwasinfo	n_cases=1614;n_controls=461396	
ukb-b-20405	stored_effect_scale	sd	opengwas_api_gwasinfo		
ukb-b-20410	sample_size_kind	total	opengwas_api_gwasinfo	n_cases=;n_controls=	
ukb-b-20410	stored_effect_scale	sd	opengwas_api_gwasinfo		
ukb-b-20414	sample_size_kind	case_control	opengwas_api_gwasinfo	n_cases=4233;n_controls=458777	
ukb-b-20414	stored_effect_scale	sd	opengwas_api_gwasinfo		
ukb-b-20415	sample_size_kind	case_control	opengwas_api_gwasinfo	n_cases=1414;n_controls=461519	
ukb-b-20415	stored_effect_scale	sd	opengwas_api_gwasinfo		
ukb-b-20421	sample_size_kind	case_control	opengwas_api_gwasinfo	n_cases=1035;n_controls=461975	
ukb-b-20421	stored_effect_scale	sd	opengwas_api_gwasinfo		
ukb-b-20423	sample_size_kind	case_control	opengwas_api_gwasinfo	n_cases=1402;n_controls=63547	
ukb-b-20423	stored_effect_scale	sd	opengwas_api_gwasinfo		
ukb-b-20424	sample_size_kind	case_control	opengwas_api_gwasinfo	n_cases=3446;n_controls=459564	
ukb-b-20424	stored_effect_scale	sd	opengwas_api_gwasinfo		
ukb-b-20432	sample_size_kind	total	opengwas_api_gwasinfo	n_cases=;n_controls=	
ukb-b-20432	stored_effect_scale	sd	opengwas_api_gwasinfo		
ukb-b-20435	sample_size_kind	case_control	opengwas_api_gwasinfo	n_cases=1454;n_controls=461556	
ukb-b-20435	stored_effect_scale	sd	opengwas_api_gwasinfo		
ukb-b-20437	sample_size_kind	case_control	opengwas_api_gwasinfo	n_cases=3755;n_controls=457487	
ukb-b-20437	stored_effect_scale	sd	opengwas_api_gwasinfo		
ukb-b-20447	sample_size_kind	total	opengwas_api_gwasinfo	n_cases=;n_controls=	
ukb-b-20447	stored_effect_scale	sd	opengwas_api_gwasinfo		
ukb-b-20450	sample_size_kind	case_control	opengwas_api_gwasinfo	n_cases=5335;n_controls=457675	
ukb-b-20450	stored_effect_scale	sd	opengwas_api_gwasinfo		
ukb-b-20455	sample_size_kind	total	opengwas_api_gwasinfo	n_cases=;n_controls=	
ukb-b-20455	stored_effect_scale	sd	opengwas_api_gwasinfo		
ukb-b-20464	sample_size_kind	case_control	opengwas_api_gwasinfo	n_cases=1658;n_controls=110925	
ukb-b-20464	stored_effect_scale	sd	opengwas_api_gwasinfo		
ukb-b-2047	sample_size_kind	total	opengwas_api_gwasinfo	n_cases=;n_controls=	
ukb-b-2047	stored_effect_scale	sd	opengwas_api_gwasinfo		
ukb-b-20477	sample_size_kind	case_control	opengwas_api_gwasinfo	n_cases=5687;n_controls=457323	
ukb-b-20477	stored_effect_scale	sd	opengwas_api_gwasinfo		
ukb-b-20480	sample_size_kind	case_control	opengwas_api_gwasinfo	n_cases=7680;n_controls=455253	
ukb-b-20480	stored_effect_scale	sd	opengwas_api_gwasinfo		
ukb-b-20486	sample_size_kind	total	opengwas_api_gwasinfo	n_cases=;n_controls=	
ukb-b-20486	stored_effect_scale	sd	opengwas_api_gwasinfo		
ukb-b-20498	sample_size_kind	total	opengwas_api_gwasinfo	n_cases=;n_controls=	
ukb-b-20498	stored_effect_scale	sd	opengwas_api_gwasinfo		
ukb-b-20509	sample_size_kind	case_control	opengwas_api_gwasinfo	n_cases=4065;n_controls=458945	
ukb-b-20509	stored_effect_scale	sd	opengwas_api_gwasinfo		
ukb-b-20513	sample_size_kind	case_control	opengwas_api_gwasinfo	n_cases=4564;n_controls=458446	
ukb-b-20513	stored_effect_scale	sd	opengwas_api_gwasinfo		
ukb-b-20515	sample_size_kind	case_control	opengwas_api_gwasinfo	n_cases=8869;n_controls=5414	
ukb-b-20515	stored_effect_scale	sd	opengwas_api_gwasinfo		
ukb-b-2053	sample_size_kind	total	opengwas_api_gwasinfo	n_cases=;n_controls=	
ukb-b-2053	stored_effect_scale	sd	opengwas_api_gwasinfo		
ukb-b-20531	sample_size_kind	total	opengwas_api_gwasinfo	n_cases=;n_controls=	
ukb-b-20531	stored_effect_scale	sd	opengwas_api_gwasinfo		
ukb-b-20542	sample_size_kind	case_control	opengwas_api_gwasinfo	n_cases=1756;n_controls=461254	
ukb-b-20542	stored_effect_scale	sd	opengwas_api_gwasinfo		
ukb-b-20544	sample_size_kind	case_control	opengwas_api_gwasinfo	n_cases=106635;n_controls=344065	
ukb-b-20544	stored_effect_scale	sd	opengwas_api_gwasinfo		
ukb-b-20549	sample_size_kind	case_control	opengwas_api_gwasinfo	n_cases=3060;n_controls=61889	
ukb-b-20549	stored_effect_scale	sd	opengwas_api_gwasinfo		
ukb-b-2055	sample_size_kind	case_control	opengwas_api_gwasinfo	n_cases=1042;n_controls=461968	
ukb-b-2055	stored_effect_scale	sd	opengwas_api_gwasinfo		
ukb-b-20554	sample_size_kind	total	opengwas_api_gwasinfo	n_cases=;n_controls=	
ukb-b-20554	stored_effect_scale	sd	opengwas_api_gwasinfo		
ukb-b-20556	sample_size_kind	case_control	opengwas_api_gwasinfo	n_cases=1910;n_controls=461023	
ukb-b-20556	stored_effect_scale	sd	opengwas_api_gwasinfo		
ukb-b-2083	sample_size_kind	case_control	opengwas_api_gwasinfo	n_cases=1624;n_controls=461386	
ukb-b-2083	stored_effect_scale	sd	opengwas_api_gwasinfo		
ukb-b-2084	sample_size_kind	total	opengwas_api_gwasinfo	n_cases=;n_controls=	
ukb-b-2084	stored_effect_scale	sd	opengwas_api_gwasinfo		
ukb-b-2091	sample_size_kind	total	opengwas_api_gwasinfo	n_cases=;n_controls=	
ukb-b-2091	stored_effect_scale	sd	opengwas_api_gwasinfo		
ukb-b-2094	sample_size_kind	total	opengwas_api_gwasinfo	n_cases=;n_controls=	
ukb-b-2094	stored_effect_scale	sd	opengwas_api_gwasinfo		
ukb-b-2102	sample_size_kind	total	opengwas_api_gwasinfo	n_cases=;n_controls=	
ukb-b-2102	stored_effect_scale	sd	opengwas_api_gwasinfo		
ukb-b-2105	sample_size_kind	total	opengwas_api_gwasinfo	n_cases=;n_controls=	
ukb-b-2105	stored_effect_scale	sd	opengwas_api_gwasinfo		
ukb-b-2108	sample_size_kind	case_control	opengwas_api_gwasinfo	n_cases=3968;n_controls=459042	
ukb-b-2108	stored_effect_scale	sd	opengwas_api_gwasinfo		
ukb-b-2115	sample_size_kind	total	opengwas_api_gwasinfo	n_cases=;n_controls=	
ukb-b-2115	stored_effect_scale	sd	opengwas_api_gwasinfo		
ukb-b-212	sample_size_kind	case_control	opengwas_api_gwasinfo	n_cases=1514;n_controls=461496	
ukb-b-212	stored_effect_scale	sd	opengwas_api_gwasinfo		
ukb-b-2122	sample_size_kind	total	opengwas_api_gwasinfo	n_cases=;n_controls=	
ukb-b-2122	stored_effect_scale	sd	opengwas_api_gwasinfo		
ukb-b-2126	sample_size_kind	case_control	opengwas_api_gwasinfo	n_cases=2761;n_controls=460172	
ukb-b-2126	stored_effect_scale	sd	opengwas_api_gwasinfo		
ukb-b-2134	sample_size_kind	total	opengwas_api_gwasinfo	n_cases=;n_controls=	
ukb-b-2134	stored_effect_scale	sd	opengwas_api_gwasinfo		
ukb-b-2146	sample_size_kind	case_control	opengwas_api_gwasinfo	n_cases=5719;n_controls=457291	
ukb-b-2146	stored_effect_scale	sd	opengwas_api_gwasinfo		
ukb-b-2148	sample_size_kind	total	opengwas_api_gwasinfo	n_cases=;n_controls=	
ukb-b-2148	stored_effect_scale	sd	opengwas_api_gwasinfo		
ukb-b-2160	sample_size_kind	case_control	opengwas_api_gwasinfo	n_cases=3436;n_controls=459574	
ukb-b-2160	stored_effect_scale	sd	opengwas_api_gwasinfo		
ukb-b-217	sample_size_kind	total	opengwas_api_gwasinfo	n_cases=;n_controls=	
ukb-b-217	stored_effect_scale	sd	opengwas_api_gwasinfo		
ukb-b-2183	sample_size_kind	total	opengwas_api_gwasinfo	n_cases=;n_controls=	
ukb-b-2183	stored_effect_scale	sd	opengwas_api_gwasinfo		
ukb-b-2188	sample_size_kind	case_control	opengwas_api_gwasinfo	n_cases=2731;n_controls=460279	
ukb-b-2188	stored_effect_scale	sd	opengwas_api_gwasinfo		
ukb-b-2189	sample_size_kind	case_control	opengwas_api_gwasinfo	n_cases=11031;n_controls=451979	
ukb-b-2189	stored_effect_scale	sd	opengwas_api_gwasinfo		
ukb-b-2194	sample_size_kind	case_control	opengwas_api_gwasinfo	n_cases=1027;n_controls=461983	
ukb-b-2194	stored_effect_scale	sd	opengwas_api_gwasinfo		
ukb-b-2204	sample_size_kind	case_control	opengwas_api_gwasinfo	n_cases=1018;n_controls=461992	
ukb-b-2204	stored_effect_scale	sd	opengwas_api_gwasinfo		
ukb-b-2205	sample_size_kind	case_control	opengwas_api_gwasinfo	n_cases=9330;n_controls=453680	
ukb-b-2205	stored_effect_scale	sd	opengwas_api_gwasinfo		
ukb-b-2209	sample_size_kind	total	opengwas_api_gwasinfo	n_cases=;n_controls=	
ukb-b-2209	stored_effect_scale	sd	opengwas_api_gwasinfo		
ukb-b-2218	sample_size_kind	case_control	opengwas_api_gwasinfo	n_cases=9125;n_controls=453808	
ukb-b-2218	stored_effect_scale	sd	opengwas_api_gwasinfo		
ukb-b-2219	sample_size_kind	case_control	opengwas_api_gwasinfo	n_cases=3878;n_controls=459132	
ukb-b-2219	stored_effect_scale	sd	opengwas_api_gwasinfo		
ukb-b-2221	sample_size_kind	total	opengwas_api_gwasinfo	n_cases=;n_controls=	
ukb-b-2221	stored_effect_scale	sd	opengwas_api_gwasinfo		
ukb-b-2227	sample_size_kind	total	opengwas_api_gwasinfo	n_cases=;n_controls=	
ukb-b-2227	stored_effect_scale	sd	opengwas_api_gwasinfo		
ukb-b-223	sample_size_kind	total	opengwas_api_gwasinfo	n_cases=;n_controls=	
ukb-b-223	stored_effect_scale	sd	opengwas_api_gwasinfo		
ukb-b-2237	sample_size_kind	total	opengwas_api_gwasinfo	n_cases=;n_controls=	
ukb-b-2237	stored_effect_scale	sd	opengwas_api_gwasinfo		
ukb-b-227	sample_size_kind	case_control	opengwas_api_gwasinfo	n_cases=1388;n_controls=461622	
ukb-b-227	stored_effect_scale	sd	opengwas_api_gwasinfo		
ukb-b-228	sample_size_kind	total	opengwas_api_gwasinfo	n_cases=;n_controls=	
ukb-b-228	stored_effect_scale	sd	opengwas_api_gwasinfo		
ukb-b-2285	sample_size_kind	case_control	opengwas_api_gwasinfo	n_cases=1061;n_controls=461949	
ukb-b-2285	stored_effect_scale	sd	opengwas_api_gwasinfo		
ukb-b-2299	sample_size_kind	total	opengwas_api_gwasinfo	n_cases=;n_controls=	
ukb-b-2299	stored_effect_scale	sd	opengwas_api_gwasinfo		
ukb-b-2303	sample_size_kind	total	opengwas_api_gwasinfo	n_cases=;n_controls=	
ukb-b-2303	stored_effect_scale	sd	opengwas_api_gwasinfo		
ukb-b-2307	sample_size_kind	case_control	opengwas_api_gwasinfo	n_cases=6277;n_controls=456733	
ukb-b-2307	stored_effect_scale	sd	opengwas_api_gwasinfo		
ukb-b-2317	sample_size_kind	case_control	opengwas_api_gwasinfo	n_cases=1446;n_controls=461106	
ukb-b-2317	stored_effect_scale	sd	opengwas_api_gwasinfo		
ukb-b-2338	sample_size_kind	case_control	opengwas_api_gwasinfo	n_cases=1823;n_controls=63126	
ukb-b-2338	stored_effect_scale	sd	opengwas_api_gwasinfo		
ukb-b-2341	sample_size_kind	case_control	opengwas_api_gwasinfo	n_cases=8360;n_controls=56589	
ukb-b-2341	stored_effect_scale	sd	opengwas_api_gwasinfo		
ukb-b-2346	sample_size_kind	total	opengwas_api_gwasinfo	n_cases=;n_controls=	
ukb-b-2346	stored_effect_scale	sd	opengwas_api_gwasinfo		
ukb-b-2349	sample_size_kind	case_control	opengwas_api_gwasinfo	n_cases=3292;n_controls=459641	
ukb-b-2349	stored_effect_scale	sd	opengwas_api_gwasinfo		
ukb-b-235	sample_size_kind	case_control	opengwas_api_gwasinfo	n_cases=1343;n_controls=461667	
ukb-b-235	stored_effect_scale	sd	opengwas_api_gwasinfo		
ukb-b-2368	sample_size_kind	case_control	opengwas_api_gwasinfo	n_cases=4996;n_controls=59953	
ukb-b-2368	stored_effect_scale	sd	opengwas_api_gwasinfo		
ukb-b-2375	sample_size_kind	total	opengwas_api_gwasinfo	n_cases=;n_controls=	
ukb-b-2375	stored_effect_scale	sd	opengwas_api_gwasinfo		
ukb-b-2393	sample_size_kind	case_control	opengwas_api_gwasinfo	n_cases=355835;n_controls=105211	
ukb-b-2393	stored_effect_scale	sd	opengwas_api_gwasinfo		
ukb-b-2399	sample_size_kind	case_control	opengwas_api_gwasinfo	n_cases=6653;n_controls=454383	
ukb-b-2399	stored_effect_scale	sd	opengwas_api_gwasinfo		
ukb-b-2400	sample_size_kind	case_control	opengwas_api_gwasinfo	n_cases=2188;n_controls=460822	
ukb-b-2400	stored_effect_scale	sd	opengwas_api_gwasinfo		
ukb-b-2414	sample_size_kind	case_control	opengwas_api_gwasinfo	n_cases=3609;n_controls=459401	
ukb-b-2414	stored_effect_scale	sd	opengwas_api_gwasinfo		
ukb-b-2415	sample_size_kind	case_control	opengwas_api_gwasinfo	n_cases=1358;n_controls=461575	
ukb-b-2415	stored_effect_scale	sd	opengwas_api_gwasinfo		
ukb-b-2416	sample_size_kind	case_control	opengwas_api_gwasinfo	n_cases=1169;n_controls=461841	
ukb-b-2416	stored_effect_scale	sd	opengwas_api_gwasinfo		
ukb-b-2424	sample_size_kind	case_control	opengwas_api_gwasinfo	n_cases=6700;n_controls=456310	
ukb-b-2424	stored_effect_scale	sd	opengwas_api_gwasinfo		
ukb-b-2425	sample_size_kind	case_control	opengwas_api_gwasinfo	n_cases=3356;n_controls=459043	
ukb-b-2425	stored_effect_scale	sd	opengwas_api_gwasinfo		
ukb-b-2426	sample_size_kind	case_control	opengwas_api_gwasinfo	n_cases=2055;n_controls=460955	
ukb-b-2426	stored_effect_scale	sd	opengwas_api_gwasinfo		
ukb-b-243	sample_size_kind	total	opengwas_api_gwasinfo	n_cases=;n_controls=	
ukb-b-243	stored_effect_scale	sd	opengwas_api_gwasinfo		
ukb-b-2456	sample_size_kind	total	opengwas_api_gwasinfo	n_cases=;n_controls=	
ukb-b-2456	stored_effect_scale	sd	opengwas_api_gwasinfo		
ukb-b-2468	sample_size_kind	total	opengwas_api_gwasinfo	n_cases=;n_controls=	
ukb-b-2468	stored_effect_scale	sd	opengwas_api_gwasinfo		
ukb-b-2469	sample_size_kind	case_control	opengwas_api_gwasinfo	n_cases=1391;n_controls=461619	
ukb-b-2469	stored_effect_scale	sd	opengwas_api_gwasinfo		
ukb-b-2482	sample_size_kind	total	opengwas_api_gwasinfo	n_cases=;n_controls=	
ukb-b-2482	stored_effect_scale	sd	opengwas_api_gwasinfo		
ukb-b-2483	sample_size_kind	case_control	opengwas_api_gwasinfo	n_cases=3251;n_controls=459759	
ukb-b-2483	stored_effect_scale	sd	opengwas_api_gwasinfo		
ukb-b-2506	sample_size_kind	case_control	opengwas_api_gwasinfo	n_cases=117423;n_controls=33219	
ukb-b-2506	stored_effect_scale	sd	opengwas_api_gwasinfo		
ukb-b-2512	sample_size_kind	total	opengwas_api_gwasinfo	n_cases=;n_controls=	
ukb-b-2512	stored_effect_scale	sd	opengwas_api_gwasinfo		
ukb-b-2522	sample_size_kind	case_control	opengwas_api_gwasinfo	n_cases=1481;n_controls=461452	
ukb-b-2522	stored_effect_scale	sd	opengwas_api_gwasinfo		
ukb-b-2525	sample_size_kind	case_control	opengwas_api_gwasinfo	n_cases=1485;n_controls=461525	
ukb-b-2525	stored_effect_scale	sd	opengwas_api_gwasinfo		
ukb-b-2528	sample_size_kind	case_control	opengwas_api_gwasinfo	n_cases=3951;n_controls=458982	
ukb-b-2528	stored_effect_scale	sd	opengwas_api_gwasinfo		
ukb-b-2530	sample_size_kind	total	opengwas_api_gwasinfo	n_cases=;n_controls=	
ukb-b-2530	stored_effect_scale	sd	opengwas_api_gwasinfo		
ukb-b-2533	sample_size_kind	case_control	opengwas_api_gwasinfo	n_cases=2189;n_controls=460744	
ukb-b-2533	stored_effect_scale	sd	opengwas_api_gwasinfo		
ukb-b-2535	sample_size_kind	total	opengwas_api_gwasinfo	n_cases=;n_controls=	
ukb-b-2535	stored_effect_scale	sd	opengwas_api_gwasinfo		
ukb-b-2557	sample_size_kind	case_control	opengwas_api_gwasinfo	n_cases=5587;n_controls=37909	
ukb-b-2557	stored_effect_scale	sd	opengwas_api_gwasinfo		
ukb-b-256	sample_size_kind	case_control	opengwas_api_gwasinfo	n_cases=11226;n_controls=20091	
ukb-b-256	stored_effect_scale	sd	opengwas_api_gwasinfo		
ukb-b-2561	sample_size_kind	case_control	opengwas_api_gwasinfo	n_cases=2006;n_controls=461004	
ukb-b-2561	stored_effect_scale	sd	opengwas_api_gwasinfo		
ukb-b-2582	sample_size_kind	case_control	opengwas_api_gwasinfo	n_cases=1138;n_controls=461872	
ukb-b-2582	stored_effect_scale	sd	opengwas_api_gwasinfo		
ukb-b-2592	sample_size_kind	case_control	opengwas_api_gwasinfo	n_cases=10939;n_controls=451994	
ukb-b-2592	stored_effect_scale	sd	opengwas_api_gwasinfo		
ukb-b-260	sample_size_kind	case_control	opengwas_api_gwasinfo	n_cases=2690;n_controls=62259	
ukb-b-260	stored_effect_scale	sd	opengwas_api_gwasinfo		
ukb-b-2603	sample_size_kind	total	opengwas_api_gwasinfo	n_cases=;n_controls=	
ukb-b-2603	stored_effect_scale	sd	opengwas_api_gwasinfo		
ukb-b-2618	sample_size_kind	total	opengwas_api_gwasinfo	n_cases=;n_controls=	
ukb-b-2618	stored_effect_scale	sd	opengwas_api_gwasinfo		
ukb-b-2625	sample_size_kind	case_control	opengwas_api_gwasinfo	n_cases=1018;n_controls=461992	
ukb-b-2625	stored_effect_scale	sd	opengwas_api_gwasinfo		
ukb-b-2630	sample_size_kind	case_control	opengwas_api_gwasinfo	n_cases=1178;n_controls=461832	
ukb-b-2630	stored_effect_scale	sd	opengwas_api_gwasinfo		
ukb-b-2634	sample_size_kind	total	opengwas_api_gwasinfo	n_cases=;n_controls=	
ukb-b-2634	stored_effect_scale	sd	opengwas_api_gwasinfo		
ukb-b-266	sample_size_kind	case_control	opengwas_api_gwasinfo	n_cases=1110;n_controls=101356	
ukb-b-266	stored_effect_scale	sd	opengwas_api_gwasinfo		
ukb-b-2669	sample_size_kind	case_control	opengwas_api_gwasinfo	n_cases=3328;n_controls=459605	
ukb-b-2669	stored_effect_scale	sd	opengwas_api_gwasinfo		
ukb-b-2691	sample_size_kind	total	opengwas_api_gwasinfo	n_cases=;n_controls=	
ukb-b-2691	stored_effect_scale	sd	opengwas_api_gwasinfo		
ukb-b-2703	sample_size_kind	case_control	opengwas_api_gwasinfo	n_cases=2167;n_controls=460843	
ukb-b-2703	stored_effect_scale	sd	opengwas_api_gwasinfo		
ukb-b-2709	sample_size_kind	total	opengwas_api_gwasinfo	n_cases=;n_controls=	
ukb-b-2709	stored_effect_scale	sd	opengwas_api_gwasinfo		
ukb-b-2715	sample_size_kind	case_control	opengwas_api_gwasinfo	n_cases=2179;n_controls=460831	
ukb-b-2715	stored_effect_scale	sd	opengwas_api_gwasinfo		
ukb-b-2719	sample_size_kind	case_control	opengwas_api_gwasinfo	n_cases=2568;n_controls=460365	
ukb-b-2719	stored_effect_scale	sd	opengwas_api_gwasinfo		
ukb-b-2729	sample_size_kind	total	opengwas_api_gwasinfo	n_cases=;n_controls=	
ukb-b-2729	stored_effect_scale	sd	opengwas_api_gwasinfo		
ukb-b-2732	sample_size_kind	total	opengwas_api_gwasinfo	n_cases=;n_controls=	
ukb-b-2732	stored_effect_scale	sd	opengwas_api_gwasinfo		
ukb-b-2750	sample_size_kind	case_control	opengwas_api_gwasinfo	n_cases=1058;n_controls=461952	
ukb-b-2750	stored_effect_scale	sd	opengwas_api_gwasinfo		
ukb-b-2763	sample_size_kind	total	opengwas_api_gwasinfo	n_cases=;n_controls=	
ukb-b-2763	stored_effect_scale	sd	opengwas_api_gwasinfo		
ukb-b-2769	sample_size_kind	case_control	opengwas_api_gwasinfo	n_cases=1408;n_controls=461602	
ukb-b-2769	stored_effect_scale	sd	opengwas_api_gwasinfo		
ukb-b-277	sample_size_kind	case_control	opengwas_api_gwasinfo	n_cases=2960;n_controls=61989	
ukb-b-277	stored_effect_scale	sd	opengwas_api_gwasinfo		
ukb-b-2772	sample_size_kind	total	opengwas_api_gwasinfo	n_cases=;n_controls=	
ukb-b-2772	stored_effect_scale	sd	opengwas_api_gwasinfo		
ukb-b-2804	sample_size_kind	case_control	opengwas_api_gwasinfo	n_cases=2696;n_controls=460314	
ukb-b-2804	stored_effect_scale	sd	opengwas_api_gwasinfo		
ukb-b-282	sample_size_kind	total	opengwas_api_gwasinfo	n_cases=;n_controls=	
ukb-b-282	stored_effect_scale	sd	opengwas_api_gwasinfo		
ukb-b-2823	sample_size_kind	case_control	opengwas_api_gwasinfo	n_cases=1417;n_controls=442591	
ukb-b-2823	stored_effect_scale	sd	opengwas_api_gwasinfo		
ukb-b-2830	sample_size_kind	total	opengwas_api_gwasinfo	n_cases=;n_controls=	
ukb-b-2830	stored_effect_scale	sd	opengwas_api_gwasinfo		
ukb-b-2832	sample_size_kind	total	opengwas_api_gwasinfo	n_cases=;n_controls=	
ukb-b-2832	stored_effect_scale	sd	opengwas_api_gwasinfo		
ukb-b-2838	sample_size_kind	case_control	opengwas_api_gwasinfo	n_cases=1606;n_controls=461404	
ukb-b-2838	stored_effect_scale	sd	opengwas_api_gwasinfo		
ukb-b-2846	sample_size_kind	total	opengwas_api_gwasinfo	n_cases=;n_controls=	
ukb-b-2846	stored_effect_scale	sd	opengwas_api_gwasinfo		
ukb-b-2854	sample_size_kind	case_control	opengwas_api_gwasinfo	n_cases=2506;n_controls=460504	
ukb-b-2854	stored_effect_scale	sd	opengwas_api_gwasinfo		
ukb-b-2862	sample_size_kind	total	opengwas_api_gwasinfo	n_cases=;n_controls=	
ukb-b-2862	stored_effect_scale	sd	opengwas_api_gwasinfo		
ukb-b-2867	sample_size_kind	total	opengwas_api_gwasinfo	n_cases=;n_controls=	
ukb-b-2867	stored_effect_scale	sd	opengwas_api_gwasinfo		
ukb-b-2875	sample_size_kind	case_control	opengwas_api_gwasinfo	n_cases=2876;n_controls=460134	
ukb-b-2875	stored_effect_scale	sd	opengwas_api_gwasinfo		
ukb-b-288	sample_size_kind	case_control	opengwas_api_gwasinfo	n_cases=3883;n_controls=459050	
ukb-b-288	stored_effect_scale	sd	opengwas_api_gwasinfo		
ukb-b-2895	sample_size_kind	case_control	opengwas_api_gwasinfo	n_cases=3497;n_controls=459513	
ukb-b-2895	stored_effect_scale	sd	opengwas_api_gwasinfo		
ukb-b-29	sample_size_kind	total	opengwas_api_gwasinfo	n_cases=;n_controls=	
ukb-b-29	stored_effect_scale	sd	opengwas_api_gwasinfo		
ukb-b-290	sample_size_kind	case_control	opengwas_api_gwasinfo	n_cases=2605;n_controls=460328	
ukb-b-290	stored_effect_scale	sd	opengwas_api_gwasinfo		
ukb-b-2909	sample_size_kind	total	opengwas_api_gwasinfo	n_cases=;n_controls=	
ukb-b-2909	stored_effect_scale	sd	opengwas_api_gwasinfo		
ukb-b-295	sample_size_kind	case_control	opengwas_api_gwasinfo	n_cases=2006;n_controls=461004	
ukb-b-295	stored_effect_scale	sd	opengwas_api_gwasinfo		
ukb-b-2951	sample_size_kind	case_control	opengwas_api_gwasinfo	n_cases=4026;n_controls=458984	
ukb-b-2951	stored_effect_scale	sd	opengwas_api_gwasinfo		
ukb-b-2953	sample_size_kind	case_control	opengwas_api_gwasinfo	n_cases=1473;n_controls=461460	
ukb-b-2953	stored_effect_scale	sd	opengwas_api_gwasinfo		
ukb-b-2954	sample_size_kind	case_control	opengwas_api_gwasinfo	n_cases=5384;n_controls=456852	
ukb-b-2954	stored_effect_scale	sd	opengwas_api_gwasinfo		
ukb-b-2963	sample_size_kind	case_control	opengwas_api_gwasinfo	n_cases=3060;n_controls=459873	
ukb-b-2963	stored_effect_scale	sd	opengwas_api_gwasinfo		
ukb-b-2964	sample_size_kind	case_control	opengwas_api_gwasinfo	n_cases=1483;n_controls=461527	
ukb-b-2964	stored_effect_scale	sd	opengwas_api_gwasinfo		
ukb-b-2966	sample_size_kind	total	opengwas_api_gwasinfo	n_cases=;n_controls=	
ukb-b-2966	stored_effect_scale	sd	opengwas_api_gwasinfo		
ukb-b-2973	sample_size_kind	case_control	opengwas_api_gwasinfo	n_cases=1247;n_controls=461763	
ukb-b-2973	stored_effect_scale	sd	opengwas_api_gwasinfo		
ukb-b-2975	sample_size_kind	total	opengwas_api_gwasinfo	n_cases=;n_controls=	
ukb-b-2975	stored_effect_scale	sd	opengwas_api_gwasinfo		
ukb-b-298	sample_size_kind	total	opengwas_api_gwasinfo	n_cases=;n_controls=	
ukb-b-298	stored_effect_scale	sd	opengwas_api_gwasinfo		
ukb-b-2988	sample_size_kind	total	opengwas_api_gwasinfo	n_cases=;n_controls=	
ukb-b-2988	stored_effect_scale	sd	opengwas_api_gwasinfo		
ukb-b-2993	sample_size_kind	total	opengwas_api_gwasinfo	n_cases=;n_controls=	
ukb-b-2993	stored_effect_scale	sd	opengwas_api_gwasinfo		
ukb-b-3000	sample_size_kind	total	opengwas_api_gwasinfo	n_cases=;n_controls=	
ukb-b-3000	stored_effect_scale	sd	opengwas_api_gwasinfo		
ukb-b-3005	sample_size_kind	case_control	opengwas_api_gwasinfo	n_cases=10097;n_controls=452836	
ukb-b-3005	stored_effect_scale	sd	opengwas_api_gwasinfo		
ukb-b-301	sample_size_kind	case_control	opengwas_api_gwasinfo	n_cases=9044;n_controls=453889	
ukb-b-301	stored_effect_scale	sd	opengwas_api_gwasinfo		
ukb-b-3016	sample_size_kind	total	opengwas_api_gwasinfo	n_cases=;n_controls=	
ukb-b-3016	stored_effect_scale	sd	opengwas_api_gwasinfo		
ukb-b-3018	sample_size_kind	total	opengwas_api_gwasinfo	n_cases=;n_controls=	
ukb-b-3018	stored_effect_scale	sd	opengwas_api_gwasinfo		
ukb-b-3022	sample_size_kind	total	opengwas_api_gwasinfo	n_cases=;n_controls=	
ukb-b-3022	stored_effect_scale	sd	opengwas_api_gwasinfo		
ukb-b-3027	sample_size_kind	case_control	opengwas_api_gwasinfo	n_cases=1233;n_controls=461777	
ukb-b-3027	stored_effect_scale	sd	opengwas_api_gwasinfo		
ukb-b-3035	sample_size_kind	case_control	opengwas_api_gwasinfo	n_cases=1231;n_controls=461779	
ukb-b-3035	stored_effect_scale	sd	opengwas_api_gwasinfo		
ukb-b-3044	sample_size_kind	case_control	opengwas_api_gwasinfo	n_cases=1193;n_controls=461740	
ukb-b-3044	stored_effect_scale	sd	opengwas_api_gwasinfo		
ukb-b-3055	sample_size_kind	total	opengwas_api_gwasinfo	n_cases=;n_controls=	
ukb-b-3055	stored_effect_scale	sd	opengwas_api_gwasinfo		
ukb-b-3073	sample_size_kind	case_control	opengwas_api_gwasinfo	n_cases=2536;n_controls=460474	
ukb-b-3073	stored_effect_scale	sd	opengwas_api_gwasinfo		
ukb-b-3083	sample_size_kind	case_control	opengwas_api_gwasinfo	n_cases=4735;n_controls=458198	
ukb-b-3083	stored_effect_scale	sd	opengwas_api_gwasinfo		
ukb-b-309	sample_size_kind	case_control	opengwas_api_gwasinfo	n_cases=1515;n_controls=63434	
ukb-b-309	stored_effect_scale	sd	opengwas_api_gwasinfo		
ukb-b-3095	sample_size_kind	case_control	opengwas_api_gwasinfo	n_cases=1960;n_controls=461050	
ukb-b-3095	stored_effect_scale	sd	opengwas_api_gwasinfo		
ukb-b-311	sample_size_kind	total	opengwas_api_gwasinfo	n_cases=;n_controls=	
ukb-b-311	stored_effect_scale	sd	opengwas_api_gwasinfo		
ukb-b-3114	sample_size_kind	case_control	opengwas_api_gwasinfo	n_cases=1361;n_controls=461649	
ukb-b-3114	stored_effect_scale	sd	opengwas_api_gwasinfo		
ukb-b-3115	sample_size_kind	case_control	opengwas_api_gwasinfo	n_cases=1411;n_controls=461599	
ukb-b-3115	stored_effect_scale	sd	opengwas_api_gwasinfo		
ukb-b-3132	sample_size_kind	case_control	opengwas_api_gwasinfo	n_cases=4337;n_controls=458596	
ukb-b-3132	stored_effect_scale	sd	opengwas_api_gwasinfo		
ukb-b-3135	sample_size_kind	case_control	opengwas_api_gwasinfo	n_cases=1123;n_controls=461887	
ukb-b-3135	stored_effect_scale	sd	opengwas_api_gwasinfo		
ukb-b-3143	sample_size_kind	total	opengwas_api_gwasinfo	n_cases=;n_controls=	
ukb-b-3143	stored_effect_scale	sd	opengwas_api_gwasinfo		
ukb-b-3145	sample_size_kind	case_control	opengwas_api_gwasinfo	n_cases=1185;n_controls=461825	
ukb-b-3145	stored_effect_scale	sd	opengwas_api_gwasinfo		
ukb-b-3169	sample_size_kind	total	opengwas_api_gwasinfo	n_cases=;n_controls=	
ukb-b-3169	stored_effect_scale	sd	opengwas_api_gwasinfo		
ukb-b-3188	sample_size_kind	total	opengwas_api_gwasinfo	n_cases=;n_controls=	
ukb-b-3188	stored_effect_scale	sd	opengwas_api_gwasinfo		
ukb-b-319	sample_size_kind	case_control	opengwas_api_gwasinfo	n_cases=13693;n_controls=51256	
ukb-b-319	stored_effect_scale	sd	opengwas_api_gwasinfo		
ukb-b-3193	sample_size_kind	total	opengwas_api_gwasinfo	n_cases=;n_controls=	
ukb-b-3193	stored_effect_scale	sd	opengwas_api_gwasinfo		
ukb-b-3196	sample_size_kind	case_control	opengwas_api_gwasinfo	n_cases=22350;n_controls=9842	
ukb-b-3196	stored_effect_scale	sd	opengwas_api_gwasinfo		
ukb-b-3211	sample_size_kind	case_control	opengwas_api_gwasinfo	n_cases=17350;n_controls=445660	
ukb-b-3211	stored_effect_scale	sd	opengwas_api_gwasinfo		
ukb-b-3217	sample_size_kind	case_control	opengwas_api_gwasinfo	n_cases=2264;n_controls=460746	
ukb-b-3217	stored_effect_scale	sd	opengwas_api_gwasinfo		
ukb-b-3229	sample_size_kind	case_control	opengwas_api_gwasinfo	n_cases=1108;n_controls=461902	
ukb-b-3229	stored_effect_scale	sd	opengwas_api_gwasinfo		
ukb-b-323	sample_size_kind	case_control	opengwas_api_gwasinfo	n_cases=19255;n_controls=380538	
ukb-b-323	stored_effect_scale	sd	opengwas_api_gwasinfo		
ukb-b-3241	sample_size_kind	case_control	opengwas_api_gwasinfo	n_cases=1929;n_controls=459177	
ukb-b-3241	stored_effect_scale	sd	opengwas_api_gwasinfo		
ukb-b-3255	sample_size_kind	case_control	opengwas_api_gwasinfo	n_cases=1508;n_controls=442481	
ukb-b-3255	stored_effect_scale	sd	opengwas_api_gwasinfo		
ukb-b-3258	sample_size_kind	total	opengwas_api_gwasinfo	n_cases=;n_controls=	
ukb-b-3258	stored_effect_scale	sd	opengwas_api_gwasinfo		
ukb-b-3273	sample_size_kind	case_control	opengwas_api_gwasinfo	n_cases=4050;n_controls=440677	
ukb-b-3273	stored_effect_scale	sd	opengwas_api_gwasinfo		
ukb-b-3278	sample_size_kind	total	opengwas_api_gwasinfo	n_cases=;n_controls=	
ukb-b-3278	stored_effect_scale	sd	opengwas_api_gwasinfo		
ukb-b-328	sample_size_kind	case_control	opengwas_api_gwasinfo	n_cases=6300;n_controls=456710	
ukb-b-328	stored_effect_scale	sd	opengwas_api_gwasinfo		
ukb-b-3291	sample_size_kind	total	opengwas_api_gwasinfo	n_cases=;n_controls=	
ukb-b-3291	stored_effect_scale	sd	opengwas_api_gwasinfo		
ukb-b-3304	sample_size_kind	total	opengwas_api_gwasinfo	n_cases=;n_controls=	
ukb-b-3304	stored_effect_scale	sd	opengwas_api_gwasinfo		
ukb-b-3337	sample_size_kind	case_control	opengwas_api_gwasinfo	n_cases=2316;n_controls=460617	
ukb-b-3337	stored_effect_scale	sd	opengwas_api_gwasinfo		
ukb-b-3355	sample_size_kind	case_control	opengwas_api_gwasinfo	n_cases=2066;n_controls=460944	
ukb-b-3355	stored_effect_scale	sd	opengwas_api_gwasinfo		
ukb-b-3357	sample_size_kind	total	opengwas_api_gwasinfo	n_cases=;n_controls=	
ukb-b-3357	stored_effect_scale	sd	opengwas_api_gwasinfo		
ukb-b-337	sample_size_kind	total	opengwas_api_gwasinfo	n_cases=;n_controls=	
ukb-b-337	stored_effect_scale	sd	opengwas_api_gwasinfo		
ukb-b-3370	sample_size_kind	case_control	opengwas_api_gwasinfo	n_cases=4436;n_controls=458497	
ukb-b-3370	stored_effect_scale	sd	opengwas_api_gwasinfo		
ukb-b-3376	sample_size_kind	total	opengwas_api_gwasinfo	n_cases=;n_controls=	
ukb-b-3376	stored_effect_scale	sd	opengwas_api_gwasinfo		
ukb-b-338	sample_size_kind	case_control	opengwas_api_gwasinfo	n_cases=10605;n_controls=2922	
ukb-b-338	stored_effect_scale	sd	opengwas_api_gwasinfo		
ukb-b-3380	sample_size_kind	case_control	opengwas_api_gwasinfo	n_cases=2208;n_controls=460725	
ukb-b-3380	stored_effect_scale	sd	opengwas_api_gwasinfo		
ukb-b-3381	sample_size_kind	case_control	opengwas_api_gwasinfo	n_cases=4849;n_controls=60100	
ukb-b-3381	stored_effect_scale	sd	opengwas_api_gwasinfo		
ukb-b-3383	sample_size_kind	total	opengwas_api_gwasinfo	n_cases=;n_controls=	
ukb-b-3383	stored_effect_scale	sd	opengwas_api_gwasinfo		
ukb-b-3386	sample_size_kind	total	opengwas_api_gwasinfo	n_cases=;n_controls=	
ukb-b-3386	stored_effect_scale	sd	opengwas_api_gwasinfo		
ukb-b-3388	sample_size_kind	case_control	opengwas_api_gwasinfo	n_cases=7473;n_controls=455460	
ukb-b-3388	stored_effect_scale	sd	opengwas_api_gwasinfo		
ukb-b-3389	sample_size_kind	case_control	opengwas_api_gwasinfo	n_cases=1343;n_controls=459767	
ukb-b-3389	stored_effect_scale	sd	opengwas_api_gwasinfo		
ukb-b-3402	sample_size_kind	case_control	opengwas_api_gwasinfo	n_cases=1763;n_controls=461247	
ukb-b-3402	stored_effect_scale	sd	opengwas_api_gwasinfo		
ukb-b-3412	sample_size_kind	case_control	opengwas_api_gwasinfo	n_cases=2093;n_controls=460917	
ukb-b-3412	stored_effect_scale	sd	opengwas_api_gwasinfo		
ukb-b-3422	sample_size_kind	case_control	opengwas_api_gwasinfo	n_cases=5683;n_controls=457250	
ukb-b-3422	stored_effect_scale	sd	opengwas_api_gwasinfo		
ukb-b-3433	sample_size_kind	total	opengwas_api_gwasinfo	n_cases=;n_controls=	
ukb-b-3433	stored_effect_scale	sd	opengwas_api_gwasinfo		
ukb-b-3444	sample_size_kind	case_control	opengwas_api_gwasinfo	n_cases=1558;n_controls=442497	
ukb-b-3444	stored_effect_scale	sd	opengwas_api_gwasinfo		
ukb-b-3454	sample_size_kind	case_control	opengwas_api_gwasinfo	n_cases=11848;n_controls=451162	
ukb-b-3454	stored_effect_scale	sd	opengwas_api_gwasinfo		
ukb-b-3460	sample_size_kind	total	opengwas_api_gwasinfo	n_cases=;n_controls=	
ukb-b-3460	stored_effect_scale	sd	opengwas_api_gwasinfo		
ukb-b-3467	sample_size_kind	case_control	opengwas_api_gwasinfo	n_cases=3428;n_controls=459505	
ukb-b-3467	stored_effect_scale	sd	opengwas_api_gwasinfo		
ukb-b-3469	sample_size_kind	case_control	opengwas_api_gwasinfo	n_cases=2321;n_controls=460689	
ukb-b-3469	stored_effect_scale	sd	opengwas_api_gwasinfo		
ukb-b-3475	sample_size_kind	case_control	opengwas_api_gwasinfo	n_cases=4336;n_controls=458674	
ukb-b-3475	stored_effect_scale	sd	opengwas_api_gwasinfo		
ukb-b-3498	sample_size_kind	case_control	opengwas_api_gwasinfo	n_cases=1667;n_controls=461266	
ukb-b-3498	stored_effect_scale	sd	opengwas_api_gwasinfo		
ukb-b-3499	sample_size_kind	total	opengwas_api_gwasinfo	n_cases=;n_controls=	
ukb-b-3499	stored_effect_scale	sd	opengwas_api_gwasinfo		
ukb-b-3502	sample_size_kind	total	opengwas_api_gwasinfo	n_cases=;n_controls=	
ukb-b-3502	stored_effect_scale	sd	opengwas_api_gwasinfo		
ukb-b-3503	sample_size_kind	case_control	opengwas_api_gwasinfo	n_cases=15731;n_controls=447202	
ukb-b-3503	stored_effect_scale	sd	opengwas_api_gwasinfo		
ukb-b-352	sample_size_kind	total	opengwas_api_gwasinfo	n_cases=;n_controls=	
ukb-b-352	stored_effect_scale	sd	opengwas_api_gwasinfo		
ukb-b-3530	sample_size_kind	case_control	opengwas_api_gwasinfo	n_cases=1024;n_controls=63925	
ukb-b-3530	stored_effect_scale	sd	opengwas_api_gwasinfo		
ukb-b-354	sample_size_kind	case_control	opengwas_api_gwasinfo	n_cases=4440;n_controls=458570	
ukb-b-354	stored_effect_scale	sd	opengwas_api_gwasinfo		
ukb-b-3540	sample_size_kind	case_control	opengwas_api_gwasinfo	n_cases=3329;n_controls=459681	
ukb-b-3540	stored_effect_scale	sd	opengwas_api_gwasinfo		
ukb-b-3542	sample_size_kind	total	opengwas_api_gwasinfo	n_cases=;n_controls=	
ukb-b-3542	stored_effect_scale	sd	opengwas_api_gwasinfo		
ukb-b-3549	sample_size_kind	total	opengwas_api_gwasinfo	n_cases=;n_controls=	
ukb-b-3549	stored_effect_scale	sd	opengwas_api_gwasinfo		
ukb-b-3560	sample_size_kind	case_control	opengwas_api_gwasinfo	n_cases=8626;n_controls=454384	
ukb-b-3560	stored_effect_scale	sd	opengwas_api_gwasinfo		
ukb-b-3563	sample_size_kind	case_control	opengwas_api_gwasinfo	n_cases=10049;n_controls=450302	
ukb-b-3563	stored_effect_scale	sd	opengwas_api_gwasinfo		
ukb-b-3586	sample_size_kind	case_control	opengwas_api_gwasinfo	n_cases=1633;n_controls=461300	
ukb-b-3586	stored_effect_scale	sd	opengwas_api_gwasinfo		
ukb-b-3596	sample_size_kind	case_control	opengwas_api_gwasinfo	n_cases=1472;n_controls=461538	
ukb-b-3596	stored_effect_scale	sd	opengwas_api_gwasinfo		
ukb-b-3599	sample_size_kind	case_control	opengwas_api_gwasinfo	n_cases=12408;n_controls=448638	
ukb-b-3599	stored_effect_scale	sd	opengwas_api_gwasinfo		
ukb-b-3646	sample_size_kind	total	opengwas_api_gwasinfo	n_cases=;n_controls=	
ukb-b-3646	stored_effect_scale	sd	opengwas_api_gwasinfo		
ukb-b-3650	sample_size_kind	case_control	opengwas_api_gwasinfo	n_cases=4696;n_controls=60253	
ukb-b-3650	stored_effect_scale	sd	opengwas_api_gwasinfo		
ukb-b-3656	sample_size_kind	total	opengwas_api_gwasinfo	n_cases=;n_controls=	
ukb-b-3656	stored_effect_scale	sd	opengwas_api_gwasinfo		
ukb-b-3663	sample_size_kind	case_control	opengwas_api_gwasinfo	n_cases=2652;n_controls=441602	
ukb-b-3663	stored_effect_scale	sd	opengwas_api_gwasinfo		
ukb-b-3665	sample_size_kind	case_control	opengwas_api_gwasinfo	n_cases=17548;n_controls=11385	
ukb-b-3665	stored_effect_scale	sd	opengwas_api_gwasinfo		
ukb-b-3666	sample_size_kind	total	opengwas_api_gwasinfo	n_cases=;n_controls=	
ukb-b-3666	stored_effect_scale	sd	opengwas_api_gwasinfo		
ukb-b-3672	sample_size_kind	case_control	opengwas_api_gwasinfo	n_cases=14326;n_controls=448684	
ukb-b-3672	stored_effect_scale	sd	opengwas_api_gwasinfo		
ukb-b-3683	sample_size_kind	case_control	opengwas_api_gwasinfo	n_cases=1038;n_controls=461972	
ukb-b-3683	stored_effect_scale	sd	opengwas_api_gwasinfo		
ukb-b-3686	sample_size_kind	case_control	opengwas_api_gwasinfo	n_cases=3720;n_controls=459290	
ukb-b-3686	stored_effect_scale	sd	opengwas_api_gwasinfo		
ukb-b-3693	sample_size_kind	case_control	opengwas_api_gwasinfo	n_cases=1097;n_controls=461836	
ukb-b-3693	stored_effect_scale	sd	opengwas_api_gwasinfo		
ukb-b-3698	sample_size_kind	case_control	opengwas_api_gwasinfo	n_cases=1263;n_controls=461747	
ukb-b-3698	stored_effect_scale	sd	opengwas_api_gwasinfo		
ukb-b-3700	sample_size_kind	case_control	opengwas_api_gwasinfo	n_cases=46411;n_controls=416522	
ukb-b-3700	stored_effect_scale	sd	opengwas_api_gwasinfo		
ukb-b-3703	sample_size_kind	case_control	opengwas_api_gwasinfo	n_cases=2545;n_controls=460388	
ukb-b-3703	stored_effect_scale	sd	opengwas_api_gwasinfo		
ukb-b-3709	sample_size_kind	total	opengwas_api_gwasinfo	n_cases=;n_controls=	
ukb-b-3709	stored_effect_scale	sd	opengwas_api_gwasinfo		
ukb-b-3713	sample_size_kind	total	opengwas_api_gwasinfo	n_cases=;n_controls=	
ukb-b-3713	stored_effect_scale	sd	opengwas_api_gwasinfo		
ukb-b-3725	sample_size_kind	case_control	opengwas_api_gwasinfo	n_cases=2735;n_controls=460275	
ukb-b-3725	stored_effect_scale	sd	opengwas_api_gwasinfo		
ukb-b-373	sample_size_kind	case_control	opengwas_api_gwasinfo	n_cases=2225;n_controls=460785	
ukb-b-373	stored_effect_scale	sd	opengwas_api_gwasinfo		
ukb-b-374	sample_size_kind	case_control	opengwas_api_gwasinfo	n_cases=2511;n_controls=457089	
ukb-b-374	stored_effect_scale	sd	opengwas_api_gwasinfo		
ukb-b-3751	sample_size_kind	total	opengwas_api_gwasinfo	n_cases=;n_controls=	
ukb-b-3751	stored_effect_scale	sd	opengwas_api_gwasinfo		
ukb-b-3752	sample_size_kind	case_control	opengwas_api_gwasinfo	n_cases=3212;n_controls=459798	
ukb-b-3752	stored_effect_scale	sd	opengwas_api_gwasinfo		
ukb-b-3759	sample_size_kind	case_control	opengwas_api_gwasinfo	n_cases=60451;n_controls=386610	
ukb-b-3759	stored_effect_scale	sd	opengwas_api_gwasinfo		
ukb-b-3768	sample_size_kind	total	opengwas_api_gwasinfo	n_cases=;n_controls=	
ukb-b-3768	stored_effect_scale	sd	opengwas_api_gwasinfo		
ukb-b-3770	sample_size_kind	case_control	opengwas_api_gwasinfo	n_cases=3256;n_controls=459754	
ukb-b-3770	stored_effect_scale	sd	opengwas_api_gwasinfo		
ukb-b-3778	sample_size_kind	case_control	opengwas_api_gwasinfo	n_cases=2757;n_controls=460253	
ukb-b-3778	stored_effect_scale	sd	opengwas_api_gwasinfo		
ukb-b-378	sample_size_kind	total	opengwas_api_gwasinfo	n_cases=;n_controls=	
ukb-b-378	stored_effect_scale	sd	opengwas_api_gwasinfo		
ukb-b-3793	sample_size_kind	total	opengwas_api_gwasinfo	n_cases=;n_controls=	
ukb-b-3793	stored_effect_scale	sd	opengwas_api_gwasinfo		
ukb-b-3798	sample_size_kind	case_control	opengwas_api_gwasinfo	n_cases=2988;n_controls=457352	
ukb-b-3798	stored_effect_scale	sd	opengwas_api_gwasinfo		
ukb-b-38	sample_size_kind	case_control	opengwas_api_gwasinfo	n_cases=3618;n_controls=459392	
ukb-b-38	stored_effect_scale	sd	opengwas_api_gwasinfo		
ukb-b-3802	sample_size_kind	case_control	opengwas_api_gwasinfo	n_cases=1408;n_controls=461602	
ukb-b-3802	stored_effect_scale	sd	opengwas_api_gwasinfo		
ukb-b-3822	sample_size_kind	total	opengwas_api_gwasinfo	n_cases=;n_controls=	
ukb-b-3822	stored_effect_scale	sd	opengwas_api_gwasinfo		
ukb-b-3823	sample_size_kind	case_control	opengwas_api_gwasinfo	n_cases=2340;n_controls=460670	
ukb-b-3823	stored_effect_scale	sd	opengwas_api_gwasinfo		
ukb-b-3825	sample_size_kind	total	opengwas_api_gwasinfo	n_cases=;n_controls=	
ukb-b-3825	stored_effect_scale	sd	opengwas_api_gwasinfo		
ukb-b-3828	sample_size_kind	case_control	opengwas_api_gwasinfo	n_cases=2337;n_controls=62612	
ukb-b-3828	stored_effect_scale	sd	opengwas_api_gwasinfo		
ukb-b-3831	sample_size_kind	total	opengwas_api_gwasinfo	n_cases=;n_controls=	
ukb-b-3831	stored_effect_scale	sd	opengwas_api_gwasinfo		
ukb-b-3841	sample_size_kind	total	opengwas_api_gwasinfo	n_cases=;n_controls=	
ukb-b-3841	stored_effect_scale	sd	opengwas_api_gwasinfo		
ukb-b-3852	sample_size_kind	total	opengwas_api_gwasinfo	n_cases=;n_controls=	
ukb-b-3852	stored_effect_scale	sd	opengwas_api_gwasinfo		
ukb-b-3855	sample_size_kind	case_control	opengwas_api_gwasinfo	n_cases=432343;n_controls=27011	
ukb-b-3855	stored_effect_scale	sd	opengwas_api_gwasinfo		
ukb-b-3859	sample_size_kind	case_control	opengwas_api_gwasinfo	n_cases=1438;n_controls=461495	
ukb-b-3859	stored_effect_scale	sd	opengwas_api_gwasinfo		
ukb-b-3875	sample_size_kind	case_control	opengwas_api_gwasinfo	n_cases=23023;n_controls=41926	
ukb-b-3875	stored_effect_scale	sd	opengwas_api_gwasinfo		
ukb-b-3881	sample_size_kind	total	opengwas_api_gwasinfo	n_cases=;n_controls=	
ukb-b-3881	stored_effect_scale	sd	opengwas_api_gwasinfo		
ukb-b-3897	sample_size_kind	case_control	opengwas_api_gwasinfo	n_cases=4011;n_controls=458999	
ukb-b-3897	stored_effect_scale	sd	opengwas_api_gwasinfo		
ukb-b-39	sample_size_kind	total	opengwas_api_gwasinfo	n_cases=;n_controls=	
ukb-b-39	stored_effect_scale	sd	opengwas_api_gwasinfo		
ukb-b-391	sample_size_kind	case_control	opengwas_api_gwasinfo	n_cases=3685;n_controls=459325	
ukb-b-391	stored_effect_scale	sd	opengwas_api_gwasinfo		
ukb-b-3923	sample_size_kind	case_control	opengwas_api_gwasinfo	n_cases=1194;n_controls=461816	
ukb-b-3923	stored_effect_scale	sd	opengwas_api_gwasinfo		
ukb-b-394	sample_size_kind	case_control	opengwas_api_gwasinfo	n_cases=1031;n_controls=244333	
ukb-b-394	stored_effect_scale	sd	opengwas_api_gwasinfo		
ukb-b-3951	sample_size_kind	case_control	opengwas_api_gwasinfo	n_cases=1091;n_controls=461842	
ukb-b-3951	stored_effect_scale	sd	opengwas_api_gwasinfo		
ukb-b-3957	sample_size_kind	total	opengwas_api_gwasinfo	n_cases=;n_controls=	
ukb-b-3957	stored_effect_scale	sd	opengwas_api_gwasinfo		
ukb-b-3965	sample_size_kind	case_control	opengwas_api_gwasinfo	n_cases=8289;n_controls=454721	
ukb-b-3965	stored_effect_scale	sd	opengwas_api_gwasinfo		
ukb-b-3969	sample_size_kind	case_control	opengwas_api_gwasinfo	n_cases=5046;n_controls=439280	
ukb-b-3969	stored_effect_scale	sd	opengwas_api_gwasinfo		
ukb-b-3975	sample_size_kind	total	opengwas_api_gwasinfo	n_cases=;n_controls=	
ukb-b-3975	stored_effect_scale	sd	opengwas_api_gwasinfo		
ukb-b-3982	sample_size_kind	case_control	opengwas_api_gwasinfo	n_cases=2456;n_controls=460554	
ukb-b-3982	stored_effect_scale	sd	opengwas_api_gwasinfo		
ukb-b-3983	sample_size_kind	case_control	opengwas_api_gwasinfo	n_cases=1195;n_controls=461815	
ukb-b-3983	stored_effect_scale	sd	opengwas_api_gwasinfo		
ukb-b-3991	sample_size_kind	case_control	opengwas_api_gwasinfo	n_cases=2727;n_controls=460206	
ukb-b-3991	stored_effect_scale	sd	opengwas_api_gwasinfo		
ukb-b-4000	sample_size_kind	case_control	opengwas_api_gwasinfo	n_cases=138494;n_controls=322875	
ukb-b-4000	stored_effect_scale	sd	opengwas_api_gwasinfo		
ukb-b-4001	sample_size_kind	case_control	opengwas_api_gwasinfo	n_cases=1052;n_controls=461881	
ukb-b-4001	stored_effect_scale	sd	opengwas_api_gwasinfo		
ukb-b-4007	sample_size_kind	total	opengwas_api_gwasinfo	n_cases=;n_controls=	
ukb-b-4007	stored_effect_scale	sd	opengwas_api_gwasinfo		
ukb-b-4013	sample_size_kind	case_control	opengwas_api_gwasinfo	n_cases=1413;n_controls=461597	
ukb-b-4013	stored_effect_scale	sd	opengwas_api_gwasinfo		
ukb-b-4024	sample_size_kind	case_control	opengwas_api_gwasinfo	n_cases=60880;n_controls=364097	
ukb-b-4024	stored_effect_scale	sd	opengwas_api_gwasinfo		
ukb-b-4043	sample_size_kind	total	opengwas_api_gwasinfo	n_cases=;n_controls=	
ukb-b-4043	stored_effect_scale	sd	opengwas_api_gwasinfo		
ukb-b-4051	sample_size_kind	total	opengwas_api_gwasinfo	n_cases=;n_controls=	
ukb-b-4051	stored_effect_scale	sd	opengwas_api_gwasinfo		
ukb-b-4058	sample_size_kind	total	opengwas_api_gwasinfo	n_cases=;n_controls=	
ukb-b-4058	stored_effect_scale	sd	opengwas_api_gwasinfo		
ukb-b-4062	sample_size_kind	total	opengwas_api_gwasinfo	n_cases=;n_controls=	
ukb-b-4062	stored_effect_scale	sd	opengwas_api_gwasinfo		
ukb-b-4063	sample_size_kind	total	opengwas_api_gwasinfo	n_cases=;n_controls=	
ukb-b-4063	stored_effect_scale	sd	opengwas_api_gwasinfo		
ukb-b-4068	sample_size_kind	total	opengwas_api_gwasinfo	n_cases=;n_controls=	
ukb-b-4068	stored_effect_scale	sd	opengwas_api_gwasinfo		
ukb-b-4070	sample_size_kind	total	opengwas_api_gwasinfo	n_cases=;n_controls=	
ukb-b-4070	stored_effect_scale	sd	opengwas_api_gwasinfo		
ukb-b-4075	sample_size_kind	total	opengwas_api_gwasinfo	n_cases=;n_controls=	
ukb-b-4075	stored_effect_scale	sd	opengwas_api_gwasinfo		
ukb-b-4077	sample_size_kind	case_control	opengwas_api_gwasinfo	n_cases=101824;n_controls=359545	
ukb-b-4077	stored_effect_scale	sd	opengwas_api_gwasinfo		
ukb-b-4078	sample_size_kind	total	opengwas_api_gwasinfo	n_cases=;n_controls=	
ukb-b-4078	stored_effect_scale	sd	opengwas_api_gwasinfo		
ukb-b-4080	sample_size_kind	total	opengwas_api_gwasinfo	n_cases=;n_controls=	
ukb-b-4080	stored_effect_scale	sd	opengwas_api_gwasinfo		
ukb-b-4081	sample_size_kind	case_control	opengwas_api_gwasinfo	n_cases=1052;n_controls=461958	
ukb-b-4081	stored_effect_scale	sd	opengwas_api_gwasinfo		
ukb-b-4088	sample_size_kind	total	opengwas_api_gwasinfo	n_cases=;n_controls=	
ukb-b-4088	stored_effect_scale	sd	opengwas_api_gwasinfo		
ukb-b-4094	sample_size_kind	total	opengwas_api_gwasinfo	n_cases=;n_controls=	
ukb-b-4094	stored_effect_scale	sd	opengwas_api_gwasinfo		
ukb-b-4104	sample_size_kind	case_control	opengwas_api_gwasinfo	n_cases=1504;n_controls=461429	
ukb-b-4104	stored_effect_scale	sd	opengwas_api_gwasinfo		
ukb-b-4106	sample_size_kind	case_control	opengwas_api_gwasinfo	n_cases=15422;n_controls=42522	
ukb-b-4106	stored_effect_scale	sd	opengwas_api_gwasinfo		
ukb-b-4122	sample_size_kind	case_control	opengwas_api_gwasinfo	n_cases=1555;n_controls=461378	
ukb-b-4122	stored_effect_scale	sd	opengwas_api_gwasinfo		
ukb-b-4141	sample_size_kind	case_control	opengwas_api_gwasinfo	n_cases=3824;n_controls=459186	
ukb-b-4141	stored_effect_scale	sd	opengwas_api_gwasinfo		
ukb-b-4150	sample_size_kind	total	opengwas_api_gwasinfo	n_cases=;n_controls=	
ukb-b-4150	stored_effect_scale	sd	opengwas_api_gwasinfo		
ukb-b-4157	sample_size_kind	case_control	opengwas_api_gwasinfo	n_cases=1548;n_controls=461462	
ukb-b-4157	stored_effect_scale	sd	opengwas_api_gwasinfo		
ukb-b-4170	sample_size_kind	case_control	opengwas_api_gwasinfo	n_cases=1188;n_controls=461822	
ukb-b-4170	stored_effect_scale	sd	opengwas_api_gwasinfo		
ukb-b-4171	sample_size_kind	case_control	opengwas_api_gwasinfo	n_cases=125532;n_controls=335837	
ukb-b-4171	stored_effect_scale	sd	opengwas_api_gwasinfo		
ukb-b-4178	sample_size_kind	case_control	opengwas_api_gwasinfo	n_cases=2303;n_controls=460707	
ukb-b-4178	stored_effect_scale	sd	opengwas_api_gwasinfo		
ukb-b-4184	sample_size_kind	case_control	opengwas_api_gwasinfo	n_cases=3892;n_controls=148971	
ukb-b-4184	stored_effect_scale	sd	opengwas_api_gwasinfo		
ukb-b-4188	sample_size_kind	total	opengwas_api_gwasinfo	n_cases=;n_controls=	
ukb-b-4188	stored_effect_scale	sd	opengwas_api_gwasinfo		
ukb-b-419	sample_size_kind	total	opengwas_api_gwasinfo	n_cases=;n_controls=	
ukb-b-419	stored_effect_scale	sd	opengwas_api_gwasinfo		
ukb-b-4193	sample_size_kind	case_control	opengwas_api_gwasinfo	n_cases=12567;n_controls=450443	
ukb-b-4193	stored_effect_scale	sd	opengwas_api_gwasinfo		
ukb-b-4206	sample_size_kind	total	opengwas_api_gwasinfo	n_cases=;n_controls=	
ukb-b-4206	stored_effect_scale	sd	opengwas_api_gwasinfo		
ukb-b-4210	sample_size_kind	total	opengwas_api_gwasinfo	n_cases=;n_controls=	
ukb-b-4210	stored_effect_scale	sd	opengwas_api_gwasinfo		
ukb-b-4226	sample_size_kind	case_control	opengwas_api_gwasinfo	n_cases=9674;n_controls=453336	
ukb-b-4226	stored_effect_scale	sd	opengwas_api_gwasinfo		
ukb-b-4233	sample_size_kind	case_control	opengwas_api_gwasinfo	n_cases=1290;n_controls=461720	
ukb-b-4233	stored_effect_scale	sd	opengwas_api_gwasinfo		
ukb-b-4256	sample_size_kind	total	opengwas_api_gwasinfo	n_cases=;n_controls=	
ukb-b-4256	stored_effect_scale	sd	opengwas_api_gwasinfo		
ukb-b-4257	sample_size_kind	case_control	opengwas_api_gwasinfo	n_cases=18841;n_controls=444092	
ukb-b-4257	stored_effect_scale	sd	opengwas_api_gwasinfo		
ukb-b-4263	sample_size_kind	total	opengwas_api_gwasinfo	n_cases=;n_controls=	
ukb-b-4263	stored_effect_scale	sd	opengwas_api_gwasinfo		
ukb-b-4267	sample_size_kind	case_control	opengwas_api_gwasinfo	n_cases=2685;n_controls=460325	
ukb-b-4267	stored_effect_scale	sd	opengwas_api_gwasinfo		
ukb-b-4274	sample_size_kind	case_control	opengwas_api_gwasinfo	n_cases=1221;n_controls=461712	
ukb-b-4274	stored_effect_scale	sd	opengwas_api_gwasinfo		
ukb-b-4277	sample_size_kind	case_control	opengwas_api_gwasinfo	n_cases=23148;n_controls=41801	
ukb-b-4277	stored_effect_scale	sd	opengwas_api_gwasinfo		
ukb-b-4280	sample_size_kind	case_control	opengwas_api_gwasinfo	n_cases=1083;n_controls=461927	
ukb-b-4280	stored_effect_scale	sd	opengwas_api_gwasinfo		
ukb-b-4282	sample_size_kind	total	opengwas_api_gwasinfo	n_cases=;n_controls=	
ukb-b-4282	stored_effect_scale	sd	opengwas_api_gwasinfo		
ukb-b-4286	sample_size_kind	case_control	opengwas_api_gwasinfo	n_cases=2654;n_controls=460356	
ukb-b-4286	stored_effect_scale	sd	opengwas_api_gwasinfo		
ukb-b-4288	sample_size_kind	case_control	opengwas_api_gwasinfo	n_cases=2039;n_controls=62910	
ukb-b-4288	stored_effect_scale	sd	opengwas_api_gwasinfo		
ukb-b-43	sample_size_kind	total	opengwas_api_gwasinfo	n_cases=;n_controls=	
ukb-b-43	stored_effect_scale	sd	opengwas_api_gwasinfo		
ukb-b-4303	sample_size_kind	case_control	opengwas_api_gwasinfo	n_cases=2091;n_controls=460919	
ukb-b-4303	stored_effect_scale	sd	opengwas_api_gwasinfo		
ukb-b-4310	sample_size_kind	case_control	opengwas_api_gwasinfo	n_cases=1997;n_controls=62952	
ukb-b-4310	stored_effect_scale	sd	opengwas_api_gwasinfo		
ukb-b-4316	sample_size_kind	case_control	opengwas_api_gwasinfo	n_cases=1482;n_controls=461528	
ukb-b-4316	stored_effect_scale	sd	opengwas_api_gwasinfo		
ukb-b-4323	sample_size_kind	case_control	opengwas_api_gwasinfo	n_cases=2008;n_controls=149051	
ukb-b-4323	stored_effect_scale	sd	opengwas_api_gwasinfo		
ukb-b-4331	sample_size_kind	total	opengwas_api_gwasinfo	n_cases=;n_controls=	
ukb-b-4331	stored_effect_scale	sd	opengwas_api_gwasinfo		
ukb-b-4361	sample_size_kind	case_control	opengwas_api_gwasinfo	n_cases=20743;n_controls=11635	
ukb-b-4361	stored_effect_scale	sd	opengwas_api_gwasinfo		
ukb-b-4363	sample_size_kind	case_control	opengwas_api_gwasinfo	n_cases=6428;n_controls=456582	
ukb-b-4363	stored_effect_scale	sd	opengwas_api_gwasinfo		
ukb-b-4373	sample_size_kind	case_control	opengwas_api_gwasinfo	n_cases=3234;n_controls=459776	
ukb-b-4373	stored_effect_scale	sd	opengwas_api_gwasinfo		
ukb-b-4379	sample_size_kind	case_control	opengwas_api_gwasinfo	n_cases=1446;n_controls=461487	
ukb-b-4379	stored_effect_scale	sd	opengwas_api_gwasinfo		
ukb-b-4394	sample_size_kind	case_control	opengwas_api_gwasinfo	n_cases=5036;n_controls=456114	
ukb-b-4394	stored_effect_scale	sd	opengwas_api_gwasinfo		
ukb-b-4414	sample_size_kind	total	opengwas_api_gwasinfo	n_cases=;n_controls=	
ukb-b-4414	stored_effect_scale	sd	opengwas_api_gwasinfo		
ukb-b-4417	sample_size_kind	case_control	opengwas_api_gwasinfo	n_cases=1538;n_controls=461472	
ukb-b-4417	stored_effect_scale	sd	opengwas_api_gwasinfo		
ukb-b-4423	sample_size_kind	case_control	opengwas_api_gwasinfo	n_cases=1716;n_controls=461294	
ukb-b-4423	stored_effect_scale	sd	opengwas_api_gwasinfo		
ukb-b-4424	sample_size_kind	total	opengwas_api_gwasinfo	n_cases=;n_controls=	
ukb-b-4424	stored_effect_scale	sd	opengwas_api_gwasinfo		
ukb-b-4439	sample_size_kind	total	opengwas_api_gwasinfo	n_cases=;n_controls=	
ukb-b-4439	stored_effect_scale	sd	opengwas_api_gwasinfo		
ukb-b-4442	sample_size_kind	total	opengwas_api_gwasinfo	n_cases=;n_controls=	
ukb-b-4442	stored_effect_scale	sd	opengwas_api_gwasinfo		
ukb-b-4455	sample_size_kind	case_control	opengwas_api_gwasinfo	n_cases=3712;n_controls=459298	
ukb-b-4455	stored_effect_scale	sd	opengwas_api_gwasinfo		
ukb-b-4461	sample_size_kind	total	opengwas_api_gwasinfo	n_cases=;n_controls=	
ukb-b-4461	stored_effect_scale	sd	opengwas_api_gwasinfo		
ukb-b-4462	sample_size_kind	total	opengwas_api_gwasinfo	n_cases=;n_controls=	
ukb-b-4462	stored_effect_scale	sd	opengwas_api_gwasinfo		
ukb-b-4465	sample_size_kind	case_control	opengwas_api_gwasinfo	n_cases=3196;n_controls=61753	
ukb-b-4465	stored_effect_scale	sd	opengwas_api_gwasinfo		
ukb-b-447	sample_size_kind	total	opengwas_api_gwasinfo	n_cases=;n_controls=	
ukb-b-447	stored_effect_scale	sd	opengwas_api_gwasinfo		
ukb-b-4476	sample_size_kind	case_control	opengwas_api_gwasinfo	n_cases=4508;n_controls=458502	
ukb-b-4476	stored_effect_scale	sd	opengwas_api_gwasinfo		
ukb-b-4482	sample_size_kind	total	opengwas_api_gwasinfo	n_cases=;n_controls=	
ukb-b-4482	stored_effect_scale	sd	opengwas_api_gwasinfo		
ukb-b-4507	sample_size_kind	case_control	opengwas_api_gwasinfo	n_cases=1240;n_controls=461770	
ukb-b-4507	stored_effect_scale	sd	opengwas_api_gwasinfo		
ukb-b-4509	sample_size_kind	total	opengwas_api_gwasinfo	n_cases=;n_controls=	
ukb-b-4509	stored_effect_scale	sd	opengwas_api_gwasinfo		
ukb-b-4512	sample_size_kind	total	opengwas_api_gwasinfo	n_cases=;n_controls=	
ukb-b-4512	stored_effect_scale	sd	opengwas_api_gwasinfo		
ukb-b-4514	sample_size_kind	total	opengwas_api_gwasinfo	n_cases=;n_controls=	
ukb-b-4514	stored_effect_scale	sd	opengwas_api_gwasinfo		
ukb-b-4518	sample_size_kind	case_control	opengwas_api_gwasinfo	n_cases=8226;n_controls=454784	
ukb-b-4518	stored_effect_scale	sd	opengwas_api_gwasinfo		
ukb-b-4522	sample_size_kind	total	opengwas_api_gwasinfo	n_cases=;n_controls=	
ukb-b-4522	stored_effect_scale	sd	opengwas_api_gwasinfo		
ukb-b-4526	sample_size_kind	total	opengwas_api_gwasinfo	n_cases=;n_controls=	
ukb-b-4526	stored_effect_scale	sd	opengwas_api_gwasinfo		
ukb-b-453	sample_size_kind	case_control	opengwas_api_gwasinfo	n_cases=1294;n_controls=461716	
ukb-b-453	stored_effect_scale	sd	opengwas_api_gwasinfo		
ukb-b-4531	sample_size_kind	case_control	opengwas_api_gwasinfo	n_cases=1434;n_controls=459360	
ukb-b-4531	stored_effect_scale	sd	opengwas_api_gwasinfo		
ukb-b-4533	sample_size_kind	case_control	opengwas_api_gwasinfo	n_cases=6572;n_controls=456361	
ukb-b-4533	stored_effect_scale	sd	opengwas_api_gwasinfo		
ukb-b-4535	sample_size_kind	total	opengwas_api_gwasinfo	n_cases=;n_controls=	
ukb-b-4535	stored_effect_scale	sd	opengwas_api_gwasinfo		
ukb-b-4540	sample_size_kind	case_control	opengwas_api_gwasinfo	n_cases=10107;n_controls=452293	
ukb-b-4540	stored_effect_scale	sd	opengwas_api_gwasinfo		
ukb-b-4542	sample_size_kind	case_control	opengwas_api_gwasinfo	n_cases=5003;n_controls=59946	
ukb-b-4542	stored_effect_scale	sd	opengwas_api_gwasinfo		
ukb-b-4544	sample_size_kind	case_control	opengwas_api_gwasinfo	n_cases=3755;n_controls=459255	
ukb-b-4544	stored_effect_scale	sd	opengwas_api_gwasinfo		
ukb-b-4548	sample_size_kind	total	opengwas_api_gwasinfo	n_cases=;n_controls=	
ukb-b-4548	stored_effect_scale	sd	opengwas_api_gwasinfo		
ukb-b-4549	sample_size_kind	total	opengwas_api_gwasinfo	n_cases=;n_controls=	
ukb-b-4549	stored_effect_scale	sd	opengwas_api_gwasinfo		
ukb-b-4554	sample_size_kind	case_control	opengwas_api_gwasinfo	n_cases=6773;n_controls=456237	
ukb-b-4554	stored_effect_scale	sd	opengwas_api_gwasinfo		
ukb-b-4561	sample_size_kind	case_control	opengwas_api_gwasinfo	n_cases=1002;n_controls=461931	
ukb-b-4561	stored_effect_scale	sd	opengwas_api_gwasinfo		
ukb-b-4564	sample_size_kind	total	opengwas_api_gwasinfo	n_cases=;n_controls=	
ukb-b-4564	stored_effect_scale	sd	opengwas_api_gwasinfo		
ukb-b-4566	sample_size_kind	total	opengwas_api_gwasinfo	n_cases=;n_controls=	
ukb-b-4566	stored_effect_scale	sd	opengwas_api_gwasinfo		
ukb-b-4569	sample_size_kind	total	opengwas_api_gwasinfo	n_cases=;n_controls=	
ukb-b-4569	stored_effect_scale	sd	opengwas_api_gwasinfo		
ukb-b-4575	sample_size_kind	total	opengwas_api_gwasinfo	n_cases=;n_controls=	
ukb-b-4575	stored_effect_scale	sd	opengwas_api_gwasinfo		
ukb-b-4579	sample_size_kind	case_control	opengwas_api_gwasinfo	n_cases=1802;n_controls=461208	
ukb-b-4579	stored_effect_scale	sd	opengwas_api_gwasinfo		
ukb-b-4580	sample_size_kind	total	opengwas_api_gwasinfo	n_cases=;n_controls=	
ukb-b-4580	stored_effect_scale	sd	opengwas_api_gwasinfo		
ukb-b-4586	sample_size_kind	case_control	opengwas_api_gwasinfo	n_cases=1506;n_controls=461504	
ukb-b-4586	stored_effect_scale	sd	opengwas_api_gwasinfo		
ukb-b-46	sample_size_kind	case_control	opengwas_api_gwasinfo	n_cases=2035;n_controls=460975	
ukb-b-46	stored_effect_scale	sd	opengwas_api_gwasinfo		
ukb-b-4601	sample_size_kind	case_control	opengwas_api_gwasinfo	n_cases=2694;n_controls=460316	
ukb-b-4601	stored_effect_scale	sd	opengwas_api_gwasinfo		
ukb-b-4616	sample_size_kind	total	opengwas_api_gwasinfo	n_cases=;n_controls=	
ukb-b-4616	stored_effect_scale	sd	opengwas_api_gwasinfo		
ukb-b-4630	sample_size_kind	total	opengwas_api_gwasinfo	n_cases=;n_controls=	
ukb-b-4630	stored_effect_scale	sd	opengwas_api_gwasinfo		
ukb-b-4637	sample_size_kind	case_control	opengwas_api_gwasinfo	n_cases=1551;n_controls=461459	
ukb-b-4637	stored_effect_scale	sd	opengwas_api_gwasinfo		
ukb-b-4643	sample_size_kind	total	opengwas_api_gwasinfo	n_cases=;n_controls=	
ukb-b-4643	stored_effect_scale	sd	opengwas_api_gwasinfo		
ukb-b-4650	sample_size_kind	total	opengwas_api_gwasinfo	n_cases=;n_controls=	
ukb-b-4650	stored_effect_scale	sd	opengwas_api_gwasinfo		
ukb-b-4655	sample_size_kind	total	opengwas_api_gwasinfo	n_cases=;n_controls=	
ukb-b-4655	stored_effect_scale	sd	opengwas_api_gwasinfo		
ukb-b-4657	sample_size_kind	total	opengwas_api_gwasinfo	n_cases=;n_controls=	
ukb-b-4657	stored_effect_scale	sd	opengwas_api_gwasinfo		
ukb-b-4663	sample_size_kind	case_control	opengwas_api_gwasinfo	n_cases=1045;n_controls=461965	
ukb-b-4663	stored_effect_scale	sd	opengwas_api_gwasinfo		
ukb-b-4667	sample_size_kind	case_control	opengwas_api_gwasinfo	n_cases=67877;n_controls=393492	
ukb-b-4667	stored_effect_scale	sd	opengwas_api_gwasinfo		
ukb-b-4674	sample_size_kind	case_control	opengwas_api_gwasinfo	n_cases=1917;n_controls=461093	
ukb-b-4674	stored_effect_scale	sd	opengwas_api_gwasinfo		
ukb-b-4683	sample_size_kind	case_control	opengwas_api_gwasinfo	n_cases=1165;n_controls=63784	
ukb-b-4683	stored_effect_scale	sd	opengwas_api_gwasinfo		
ukb-b-469	sample_size_kind	total	opengwas_api_gwasinfo	n_cases=;n_controls=	
ukb-b-469	stored_effect_scale	sd	opengwas_api_gwasinfo		
ukb-b-4690	sample_size_kind	case_control	opengwas_api_gwasinfo	n_cases=4171;n_controls=60778	
ukb-b-4690	stored_effect_scale	sd	opengwas_api_gwasinfo		
ukb-b-4693	sample_size_kind	case_control	opengwas_api_gwasinfo	n_cases=1584;n_controls=461349	
ukb-b-4693	stored_effect_scale	sd	opengwas_api_gwasinfo		
ukb-b-4699	sample_size_kind	case_control	opengwas_api_gwasinfo	n_cases=1409;n_controls=461524	
ukb-b-4699	stored_effect_scale	sd	opengwas_api_gwasinfo		
ukb-b-471	sample_size_kind	case_control	opengwas_api_gwasinfo	n_cases=1374;n_controls=461636	
ukb-b-471	stored_effect_scale	sd	opengwas_api_gwasinfo		
ukb-b-4710	sample_size_kind	total	opengwas_api_gwasinfo	n_cases=;n_controls=	
ukb-b-4710	stored_effect_scale	sd	opengwas_api_gwasinfo		
ukb-b-4711	sample_size_kind	total	opengwas_api_gwasinfo	n_cases=;n_controls=	
ukb-b-4711	stored_effect_scale	sd	opengwas_api_gwasinfo		
ukb-b-4717	sample_size_kind	total	opengwas_api_gwasinfo	n_cases=;n_controls=	
ukb-b-4717	stored_effect_scale	sd	opengwas_api_gwasinfo		
ukb-b-4724	sample_size_kind	case_control	opengwas_api_gwasinfo	n_cases=5200;n_controls=457810	
ukb-b-4724	stored_effect_scale	sd	opengwas_api_gwasinfo		
ukb-b-4725	sample_size_kind	case_control	opengwas_api_gwasinfo	n_cases=1908;n_controls=461025	
ukb-b-4725	stored_effect_scale	sd	opengwas_api_gwasinfo		
ukb-b-4733	sample_size_kind	total	opengwas_api_gwasinfo	n_cases=;n_controls=	
ukb-b-4733	stored_effect_scale	sd	opengwas_api_gwasinfo		
ukb-b-4738	sample_size_kind	case_control	opengwas_api_gwasinfo	n_cases=1493;n_controls=461517	
ukb-b-4738	stored_effect_scale	sd	opengwas_api_gwasinfo		
ukb-b-4740	sample_size_kind	total	opengwas_api_gwasinfo	n_cases=;n_controls=	
ukb-b-4740	stored_effect_scale	sd	opengwas_api_gwasinfo		
ukb-b-4745	sample_size_kind	case_control	opengwas_api_gwasinfo	n_cases=1101;n_controls=461909	
ukb-b-4745	stored_effect_scale	sd	opengwas_api_gwasinfo		
ukb-b-4770	sample_size_kind	case_control	opengwas_api_gwasinfo	n_cases=1997;n_controls=461013	
ukb-b-4770	stored_effect_scale	sd	opengwas_api_gwasinfo		
ukb-b-4772	sample_size_kind	case_control	opengwas_api_gwasinfo	n_cases=1537;n_controls=461473	
ukb-b-4772	stored_effect_scale	sd	opengwas_api_gwasinfo		
ukb-b-4776	sample_size_kind	total	opengwas_api_gwasinfo	n_cases=;n_controls=	
ukb-b-4776	stored_effect_scale	sd	opengwas_api_gwasinfo		
ukb-b-4779	sample_size_kind	total	opengwas_api_gwasinfo	n_cases=;n_controls=	
ukb-b-4779	stored_effect_scale	sd	opengwas_api_gwasinfo		
ukb-b-4783	sample_size_kind	case_control	opengwas_api_gwasinfo	n_cases=5835;n_controls=457175	
ukb-b-4783	stored_effect_scale	sd	opengwas_api_gwasinfo		
ukb-b-4790	sample_size_kind	case_control	opengwas_api_gwasinfo	n_cases=1656;n_controls=461354	
ukb-b-4790	stored_effect_scale	sd	opengwas_api_gwasinfo		
ukb-b-4801	sample_size_kind	total	opengwas_api_gwasinfo	n_cases=;n_controls=	
ukb-b-4801	stored_effect_scale	sd	opengwas_api_gwasinfo		
ukb-b-4817	sample_size_kind	case_control	opengwas_api_gwasinfo	n_cases=12252;n_controls=450758	
ukb-b-4817	stored_effect_scale	sd	opengwas_api_gwasinfo		
ukb-b-4820	sample_size_kind	case_control	opengwas_api_gwasinfo	n_cases=1032;n_controls=461978	
ukb-b-4820	stored_effect_scale	sd	opengwas_api_gwasinfo		
ukb-b-4824	sample_size_kind	case_control	opengwas_api_gwasinfo	n_cases=5703;n_controls=457307	
ukb-b-4824	stored_effect_scale	sd	opengwas_api_gwasinfo		
ukb-b-4843	sample_size_kind	case_control	opengwas_api_gwasinfo	n_cases=2930;n_controls=62019	
ukb-b-4843	stored_effect_scale	sd	opengwas_api_gwasinfo		
ukb-b-4868	sample_size_kind	case_control	opengwas_api_gwasinfo	n_cases=1374;n_controls=461636	
ukb-b-4868	stored_effect_scale	sd	opengwas_api_gwasinfo		
ukb-b-4874	sample_size_kind	total	opengwas_api_gwasinfo	n_cases=;n_controls=	
ukb-b-4874	stored_effect_scale	sd	opengwas_api_gwasinfo		
ukb-b-4876	sample_size_kind	case_control	opengwas_api_gwasinfo	n_cases=2177;n_controls=460756	
ukb-b-4876	stored_effect_scale	sd	opengwas_api_gwasinfo		
ukb-b-488	sample_size_kind	case_control	opengwas_api_gwasinfo	n_cases=5778;n_controls=457155	
ukb-b-488	stored_effect_scale	sd	opengwas_api_gwasinfo		
ukb-b-4880	sample_size_kind	case_control	opengwas_api_gwasinfo	n_cases=6151;n_controls=456782	
ukb-b-4880	stored_effect_scale	sd	opengwas_api_gwasinfo		
ukb-b-4886	sample_size_kind	total	opengwas_api_gwasinfo	n_cases=;n_controls=	
ukb-b-4886	stored_effect_scale	sd	opengwas_api_gwasinfo		
ukb-b-4909	sample_size_kind	total	opengwas_api_gwasinfo	n_cases=;n_controls=	
ukb-b-4909	stored_effect_scale	sd	opengwas_api_gwasinfo		
ukb-b-4921	sample_size_kind	case_control	opengwas_api_gwasinfo	n_cases=1083;n_controls=461927	
ukb-b-4921	stored_effect_scale	sd	opengwas_api_gwasinfo		
ukb-b-4929	sample_size_kind	case_control	opengwas_api_gwasinfo	n_cases=1456;n_controls=461554	
ukb-b-4929	stored_effect_scale	sd	opengwas_api_gwasinfo		
ukb-b-4930	sample_size_kind	case_control	opengwas_api_gwasinfo	n_cases=1492;n_controls=461518	
ukb-b-4930	stored_effect_scale	sd	opengwas_api_gwasinfo		
ukb-b-4932	sample_size_kind	case_control	opengwas_api_gwasinfo	n_cases=4261;n_controls=458749	
ukb-b-4932	stored_effect_scale	sd	opengwas_api_gwasinfo		
ukb-b-4933	sample_size_kind	case_control	opengwas_api_gwasinfo	n_cases=1292;n_controls=461718	
ukb-b-4933	stored_effect_scale	sd	opengwas_api_gwasinfo		
ukb-b-4942	sample_size_kind	case_control	opengwas_api_gwasinfo	n_cases=6560;n_controls=456450	
ukb-b-4942	stored_effect_scale	sd	opengwas_api_gwasinfo		
ukb-b-4943	sample_size_kind	total	opengwas_api_gwasinfo	n_cases=;n_controls=	
ukb-b-4943	stored_effect_scale	sd	opengwas_api_gwasinfo		
ukb-b-4944	sample_size_kind	case_control	opengwas_api_gwasinfo	n_cases=1976;n_controls=461034	
ukb-b-4944	stored_effect_scale	sd	opengwas_api_gwasinfo		
ukb-b-4946	sample_size_kind	case_control	opengwas_api_gwasinfo	n_cases=2920;n_controls=62029	
ukb-b-4946	stored_effect_scale	sd	opengwas_api_gwasinfo		
ukb-b-4947	sample_size_kind	case_control	opengwas_api_gwasinfo	n_cases=2465;n_controls=441657	
ukb-b-4947	stored_effect_scale	sd	opengwas_api_gwasinfo		
ukb-b-4953	sample_size_kind	total	opengwas_api_gwasinfo	n_cases=;n_controls=	
ukb-b-4953	stored_effect_scale	sd	opengwas_api_gwasinfo		
ukb-b-4955	sample_size_kind	total	opengwas_api_gwasinfo	n_cases=;n_controls=	
ukb-b-4955	stored_effect_scale	sd	opengwas_api_gwasinfo		
ukb-b-4956	sample_size_kind	total	opengwas_api_gwasinfo	n_cases=;n_controls=	
ukb-b-4956	stored_effect_scale	sd	opengwas_api_gwasinfo		
ukb-b-4958	sample_size_kind	total	opengwas_api_gwasinfo	n_cases=;n_controls=	
ukb-b-4958	stored_effect_scale	sd	opengwas_api_gwasinfo		
ukb-b-4961	sample_size_kind	total	opengwas_api_gwasinfo	n_cases=;n_controls=	
ukb-b-4961	stored_effect_scale	sd	opengwas_api_gwasinfo		
ukb-b-4963	sample_size_kind	case_control	opengwas_api_gwasinfo	n_cases=1415;n_controls=461595	
ukb-b-4963	stored_effect_scale	sd	opengwas_api_gwasinfo		
ukb-b-4964	sample_size_kind	total	opengwas_api_gwasinfo	n_cases=;n_controls=	
ukb-b-4964	stored_effect_scale	sd	opengwas_api_gwasinfo		
ukb-b-4982	sample_size_kind	total	opengwas_api_gwasinfo	n_cases=;n_controls=	
ukb-b-4982	stored_effect_scale	sd	opengwas_api_gwasinfo		
ukb-b-499	sample_size_kind	case_control	opengwas_api_gwasinfo	n_cases=2684;n_controls=460326	
ukb-b-499	stored_effect_scale	sd	opengwas_api_gwasinfo		
ukb-b-4991	sample_size_kind	case_control	opengwas_api_gwasinfo	n_cases=1251;n_controls=461682	
ukb-b-4991	stored_effect_scale	sd	opengwas_api_gwasinfo		
ukb-b-50	sample_size_kind	case_control	opengwas_api_gwasinfo	n_cases=1767;n_controls=461243	
ukb-b-50	stored_effect_scale	sd	opengwas_api_gwasinfo		
ukb-b-5008	sample_size_kind	total	opengwas_api_gwasinfo	n_cases=;n_controls=	
ukb-b-5008	stored_effect_scale	sd	opengwas_api_gwasinfo		
ukb-b-501	sample_size_kind	case_control	opengwas_api_gwasinfo	n_cases=1957;n_controls=461053	
ukb-b-501	stored_effect_scale	sd	opengwas_api_gwasinfo		
ukb-b-5011	sample_size_kind	case_control	opengwas_api_gwasinfo	n_cases=2403;n_controls=62546	
ukb-b-5011	stored_effect_scale	sd	opengwas_api_gwasinfo		
ukb-b-5012	sample_size_kind	case_control	opengwas_api_gwasinfo	n_cases=1293;n_controls=32071	
ukb-b-5012	stored_effect_scale	sd	opengwas_api_gwasinfo		
ukb-b-5018	sample_size_kind	case_control	opengwas_api_gwasinfo	n_cases=1034;n_controls=461976	
ukb-b-5018	stored_effect_scale	sd	opengwas_api_gwasinfo		
ukb-b-5031	sample_size_kind	case_control	opengwas_api_gwasinfo	n_cases=1125;n_controls=461885	
ukb-b-5031	stored_effect_scale	sd	opengwas_api_gwasinfo		
ukb-b-5045	sample_size_kind	case_control	opengwas_api_gwasinfo	n_cases=1283;n_controls=461727	
ukb-b-5045	stored_effect_scale	sd	opengwas_api_gwasinfo		
ukb-b-5053	sample_size_kind	total	opengwas_api_gwasinfo	n_cases=;n_controls=	
ukb-b-5053	stored_effect_scale	sd	opengwas_api_gwasinfo		
ukb-b-5064	sample_size_kind	total	opengwas_api_gwasinfo	n_cases=;n_controls=	
ukb-b-5064	stored_effect_scale	sd	opengwas_api_gwasinfo		
ukb-b-5068	sample_size_kind	total	opengwas_api_gwasinfo	n_cases=;n_controls=	
ukb-b-5068	stored_effect_scale	sd	opengwas_api_gwasinfo		
ukb-b-507	sample_size_kind	case_control	opengwas_api_gwasinfo	n_cases=4314;n_controls=458696	
ukb-b-507	stored_effect_scale	sd	opengwas_api_gwasinfo		
ukb-b-5076	sample_size_kind	case_control	opengwas_api_gwasinfo	n_cases=140035;n_controls=321334	
ukb-b-5076	stored_effect_scale	sd	opengwas_api_gwasinfo		
ukb-b-5079	sample_size_kind	case_control	opengwas_api_gwasinfo	n_cases=2082;n_controls=62867	
ukb-b-5079	stored_effect_scale	sd	opengwas_api_gwasinfo		
ukb-b-5090	sample_size_kind	total	opengwas_api_gwasinfo	n_cases=;n_controls=	
ukb-b-5090	stored_effect_scale	sd	opengwas_api_gwasinfo		
ukb-b-5115	sample_size_kind	case_control	opengwas_api_gwasinfo	n_cases=13421;n_controls=449589	
ukb-b-5115	stored_effect_scale	sd	opengwas_api_gwasinfo		
ukb-b-5118	sample_size_kind	case_control	opengwas_api_gwasinfo	n_cases=2317;n_controls=460693	
ukb-b-5118	stored_effect_scale	sd	opengwas_api_gwasinfo		
ukb-b-5126	sample_size_kind	case_control	opengwas_api_gwasinfo	n_cases=1673;n_controls=461337	
ukb-b-5126	stored_effect_scale	sd	opengwas_api_gwasinfo		
ukb-b-5143	sample_size_kind	total	opengwas_api_gwasinfo	n_cases=;n_controls=	
ukb-b-5143	stored_effect_scale	sd	opengwas_api_gwasinfo		
ukb-b-5164	sample_size_kind	case_control	opengwas_api_gwasinfo	n_cases=2424;n_controls=460586	
ukb-b-5164	stored_effect_scale	sd	opengwas_api_gwasinfo		
ukb-b-5172	sample_size_kind	case_control	opengwas_api_gwasinfo	n_cases=1001;n_controls=462009	
ukb-b-5172	stored_effect_scale	sd	opengwas_api_gwasinfo		
ukb-b-5174	sample_size_kind	total	opengwas_api_gwasinfo	n_cases=;n_controls=	
ukb-b-5174	stored_effect_scale	sd	opengwas_api_gwasinfo		
ukb-b-5185	sample_size_kind	total	opengwas_api_gwasinfo	n_cases=;n_controls=	
ukb-b-5185	stored_effect_scale	sd	opengwas_api_gwasinfo		
ukb-b-5186	sample_size_kind	total	opengwas_api_gwasinfo	n_cases=;n_controls=	
ukb-b-5186	stored_effect_scale	sd	opengwas_api_gwasinfo		
ukb-b-5188	sample_size_kind	case_control	opengwas_api_gwasinfo	n_cases=4012;n_controls=458921	
ukb-b-5188	stored_effect_scale	sd	opengwas_api_gwasinfo		
ukb-b-5192	sample_size_kind	total	opengwas_api_gwasinfo	n_cases=;n_controls=	
ukb-b-5192	stored_effect_scale	sd	opengwas_api_gwasinfo		
ukb-b-520	sample_size_kind	case_control	opengwas_api_gwasinfo	n_cases=1702;n_controls=461308	
ukb-b-520	stored_effect_scale	sd	opengwas_api_gwasinfo		
ukb-b-5209	sample_size_kind	total	opengwas_api_gwasinfo	n_cases=;n_controls=	
ukb-b-5209	stored_effect_scale	sd	opengwas_api_gwasinfo		
ukb-b-5213	sample_size_kind	total	opengwas_api_gwasinfo	n_cases=;n_controls=	
ukb-b-5213	stored_effect_scale	sd	opengwas_api_gwasinfo		
ukb-b-5222	sample_size_kind	case_control	opengwas_api_gwasinfo	n_cases=19719;n_controls=443291	
ukb-b-5222	stored_effect_scale	sd	opengwas_api_gwasinfo		
ukb-b-5227	sample_size_kind	case_control	opengwas_api_gwasinfo	n_cases=4217;n_controls=458716	
ukb-b-5227	stored_effect_scale	sd	opengwas_api_gwasinfo		
ukb-b-5232	sample_size_kind	total	opengwas_api_gwasinfo	n_cases=;n_controls=	
ukb-b-5232	stored_effect_scale	sd	opengwas_api_gwasinfo		
ukb-b-5237	sample_size_kind	total	opengwas_api_gwasinfo	n_cases=;n_controls=	
ukb-b-5237	stored_effect_scale	sd	opengwas_api_gwasinfo		
ukb-b-5238	sample_size_kind	total	opengwas_api_gwasinfo	n_cases=;n_controls=	
ukb-b-5238	stored_effect_scale	sd	opengwas_api_gwasinfo		
ukb-b-5239	sample_size_kind	total	opengwas_api_gwasinfo	n_cases=;n_controls=	
ukb-b-5239	stored_effect_scale	sd	opengwas_api_gwasinfo		
ukb-b-5251	sample_size_kind	case_control	opengwas_api_gwasinfo	n_cases=1195;n_controls=461815	
ukb-b-5251	stored_effect_scale	sd	opengwas_api_gwasinfo		
ukb-b-5253	sample_size_kind	case_control	opengwas_api_gwasinfo	n_cases=2018;n_controls=460992	
ukb-b-5253	stored_effect_scale	sd	opengwas_api_gwasinfo		
ukb-b-5257	sample_size_kind	case_control	opengwas_api_gwasinfo	n_cases=1391;n_controls=461542	
ukb-b-5257	stored_effect_scale	sd	opengwas_api_gwasinfo		
ukb-b-5262	sample_size_kind	total	opengwas_api_gwasinfo	n_cases=;n_controls=	
ukb-b-5262	stored_effect_scale	sd	opengwas_api_gwasinfo		
ukb-b-5266	sample_size_kind	case_control	opengwas_api_gwasinfo	n_cases=1404;n_controls=461606	
ukb-b-5266	stored_effect_scale	sd	opengwas_api_gwasinfo		
ukb-b-527	sample_size_kind	case_control	opengwas_api_gwasinfo	n_cases=2675;n_controls=456925	
ukb-b-527	stored_effect_scale	sd	opengwas_api_gwasinfo		
ukb-b-5277	sample_size_kind	total	opengwas_api_gwasinfo	n_cases=;n_controls=	
ukb-b-5277	stored_effect_scale	sd	opengwas_api_gwasinfo		
ukb-b-530	sample_size_kind	total	opengwas_api_gwasinfo	n_cases=;n_controls=	
ukb-b-530	stored_effect_scale	sd	opengwas_api_gwasinfo		
ukb-b-5309	sample_size_kind	total	opengwas_api_gwasinfo	n_cases=;n_controls=	
ukb-b-5309	stored_effect_scale	sd	opengwas_api_gwasinfo		
ukb-b-531	sample_size_kind	case_control	opengwas_api_gwasinfo	n_cases=1329;n_controls=461604	
ukb-b-531	stored_effect_scale	sd	opengwas_api_gwasinfo		
ukb-b-5316	sample_size_kind	case_control	opengwas_api_gwasinfo	n_cases=2881;n_controls=460052	
ukb-b-5316	stored_effect_scale	sd	opengwas_api_gwasinfo		
ukb-b-5326	sample_size_kind	case_control	opengwas_api_gwasinfo	n_cases=1549;n_controls=461461	
ukb-b-5326	stored_effect_scale	sd	opengwas_api_gwasinfo		
ukb-b-533	sample_size_kind	total	opengwas_api_gwasinfo	n_cases=;n_controls=	
ukb-b-533	stored_effect_scale	sd	opengwas_api_gwasinfo		
ukb-b-5332	sample_size_kind	total	opengwas_api_gwasinfo	n_cases=;n_controls=	
ukb-b-5332	stored_effect_scale	sd	opengwas_api_gwasinfo		
ukb-b-5359	sample_size_kind	total	opengwas_api_gwasinfo	n_cases=;n_controls=	
ukb-b-5359	stored_effect_scale	sd	opengwas_api_gwasinfo		
ukb-b-5361	sample_size_kind	case_control	opengwas_api_gwasinfo	n_cases=14322;n_controls=448688	
ukb-b-5361	stored_effect_scale	sd	opengwas_api_gwasinfo		
ukb-b-5362	sample_size_kind	total	opengwas_api_gwasinfo	n_cases=;n_controls=	
ukb-b-5362	stored_effect_scale	sd	opengwas_api_gwasinfo		
ukb-b-5369	sample_size_kind	case_control	opengwas_api_gwasinfo	n_cases=11789;n_controls=451221	
ukb-b-5369	stored_effect_scale	sd	opengwas_api_gwasinfo		
ukb-b-5379	sample_size_kind	total	opengwas_api_gwasinfo	n_cases=;n_controls=	
ukb-b-5379	stored_effect_scale	sd	opengwas_api_gwasinfo		
ukb-b-5382	sample_size_kind	total	opengwas_api_gwasinfo	n_cases=;n_controls=	
ukb-b-5382	stored_effect_scale	sd	opengwas_api_gwasinfo		
ukb-b-5389	sample_size_kind	case_control	opengwas_api_gwasinfo	n_cases=4033;n_controls=458900	
ukb-b-5389	stored_effect_scale	sd	opengwas_api_gwasinfo		
ukb-b-539	sample_size_kind	case_control	opengwas_api_gwasinfo	n_cases=1953;n_controls=461057	
ukb-b-539	stored_effect_scale	sd	opengwas_api_gwasinfo		
ukb-b-5394	sample_size_kind	total	opengwas_api_gwasinfo	n_cases=;n_controls=	
ukb-b-5394	stored_effect_scale	sd	opengwas_api_gwasinfo		
ukb-b-5421	sample_size_kind	case_control	opengwas_api_gwasinfo	n_cases=1380;n_controls=461630	
ukb-b-5421	stored_effect_scale	sd	opengwas_api_gwasinfo		
ukb-b-5425	sample_size_kind	case_control	opengwas_api_gwasinfo	n_cases=5876;n_controls=457057	
ukb-b-5425	stored_effect_scale	sd	opengwas_api_gwasinfo		
ukb-b-5427	sample_size_kind	total	opengwas_api_gwasinfo	n_cases=;n_controls=	
ukb-b-5427	stored_effect_scale	sd	opengwas_api_gwasinfo		
ukb-b-5436	sample_size_kind	total	opengwas_api_gwasinfo	n_cases=;n_controls=	
ukb-b-5436	stored_effect_scale	sd	opengwas_api_gwasinfo		
ukb-b-5443	sample_size_kind	case_control	opengwas_api_gwasinfo	n_cases=1060;n_controls=461950	
ukb-b-5443	stored_effect_scale	sd	opengwas_api_gwasinfo		
ukb-b-5445	sample_size_kind	total	opengwas_api_gwasinfo	n_cases=;n_controls=	
ukb-b-5445	stored_effect_scale	sd	opengwas_api_gwasinfo		
ukb-b-5447	sample_size_kind	total	opengwas_api_gwasinfo	n_cases=;n_controls=	
ukb-b-5447	stored_effect_scale	sd	opengwas_api_gwasinfo		
ukb-b-546	sample_size_kind	case_control	opengwas_api_gwasinfo	n_cases=3119;n_controls=459891	
ukb-b-546	stored_effect_scale	sd	opengwas_api_gwasinfo		
ukb-b-5460	sample_size_kind	case_control	opengwas_api_gwasinfo	n_cases=20907;n_controls=44042	
ukb-b-5460	stored_effect_scale	sd	opengwas_api_gwasinfo		
ukb-b-5463	sample_size_kind	total	opengwas_api_gwasinfo	n_cases=;n_controls=	
ukb-b-5463	stored_effect_scale	sd	opengwas_api_gwasinfo		
ukb-b-5474	sample_size_kind	case_control	opengwas_api_gwasinfo	n_cases=1330;n_controls=63619	
ukb-b-5474	stored_effect_scale	sd	opengwas_api_gwasinfo		
ukb-b-5476	sample_size_kind	case_control	opengwas_api_gwasinfo	n_cases=302120;n_controls=160839	
ukb-b-5476	stored_effect_scale	sd	opengwas_api_gwasinfo		
ukb-b-5477	sample_size_kind	case_control	opengwas_api_gwasinfo	n_cases=18006;n_controls=444394	
ukb-b-5477	stored_effect_scale	sd	opengwas_api_gwasinfo		
ukb-b-5479	sample_size_kind	case_control	opengwas_api_gwasinfo	n_cases=3909;n_controls=459024	
ukb-b-5479	stored_effect_scale	sd	opengwas_api_gwasinfo		
ukb-b-5495	sample_size_kind	case_control	opengwas_api_gwasinfo	n_cases=86648;n_controls=374398	
ukb-b-5495	stored_effect_scale	sd	opengwas_api_gwasinfo		
ukb-b-5504	sample_size_kind	case_control	opengwas_api_gwasinfo	n_cases=1518;n_controls=461492	
ukb-b-5504	stored_effect_scale	sd	opengwas_api_gwasinfo		
ukb-b-5522	sample_size_kind	total	opengwas_api_gwasinfo	n_cases=;n_controls=	
ukb-b-5522	stored_effect_scale	sd	opengwas_api_gwasinfo		
ukb-b-5534	sample_size_kind	case_control	opengwas_api_gwasinfo	n_cases=2104;n_controls=460906	
ukb-b-5534	stored_effect_scale	sd	opengwas_api_gwasinfo		
ukb-b-5536	sample_size_kind	case_control	opengwas_api_gwasinfo	n_cases=1043;n_controls=63906	
ukb-b-5536	stored_effect_scale	sd	opengwas_api_gwasinfo		
ukb-b-5545	sample_size_kind	case_control	opengwas_api_gwasinfo	n_cases=2305;n_controls=460705	
ukb-b-5545	stored_effect_scale	sd	opengwas_api_gwasinfo		
ukb-b-5550	sample_size_kind	case_control	opengwas_api_gwasinfo	n_cases=2028;n_controls=460982	
ukb-b-5550	stored_effect_scale	sd	opengwas_api_gwasinfo		
ukb-b-5553	sample_size_kind	case_control	opengwas_api_gwasinfo	n_cases=1140;n_controls=461870	
ukb-b-5553	stored_effect_scale	sd	opengwas_api_gwasinfo		
ukb-b-5559	sample_size_kind	case_control	opengwas_api_gwasinfo	n_cases=4760;n_controls=457639	
ukb-b-5559	stored_effect_scale	sd	opengwas_api_gwasinfo		
ukb-b-5580	sample_size_kind	case_control	opengwas_api_gwasinfo	n_cases=2587;n_controls=460423	
ukb-b-5580	stored_effect_scale	sd	opengwas_api_gwasinfo		
ukb-b-5590	sample_size_kind	case_control	opengwas_api_gwasinfo	n_cases=1318;n_controls=461692	
ukb-b-5590	stored_effect_scale	sd	opengwas_api_gwasinfo		
ukb-b-5593	sample_size_kind	total	opengwas_api_gwasinfo	n_cases=;n_controls=	
ukb-b-5593	stored_effect_scale	sd	opengwas_api_gwasinfo		
ukb-b-560	sample_size_kind	case_control	opengwas_api_gwasinfo	n_cases=6330;n_controls=456603	
ukb-b-560	stored_effect_scale	sd	opengwas_api_gwasinfo		
ukb-b-5602	sample_size_kind	case_control	opengwas_api_gwasinfo	n_cases=2424;n_controls=460586	
ukb-b-5602	stored_effect_scale	sd	opengwas_api_gwasinfo		
ukb-b-5605	sample_size_kind	total	opengwas_api_gwasinfo	n_cases=;n_controls=	
ukb-b-5605	stored_effect_scale	sd	opengwas_api_gwasinfo		
ukb-b-5608	sample_size_kind	case_control	opengwas_api_gwasinfo	n_cases=1210;n_controls=461800	
ukb-b-5608	stored_effect_scale	sd	opengwas_api_gwasinfo		
ukb-b-5617	sample_size_kind	case_control	opengwas_api_gwasinfo	n_cases=2665;n_controls=460268	
ukb-b-5617	stored_effect_scale	sd	opengwas_api_gwasinfo		
ukb-b-5620	sample_size_kind	total	opengwas_api_gwasinfo	n_cases=;n_controls=	
ukb-b-5620	stored_effect_scale	sd	opengwas_api_gwasinfo		
ukb-b-5627	sample_size_kind	total	opengwas_api_gwasinfo	n_cases=;n_controls=	
ukb-b-5627	stored_effect_scale	sd	opengwas_api_gwasinfo		
ukb-b-5633	sample_size_kind	case_control	opengwas_api_gwasinfo	n_cases=1696;n_controls=461237	
ukb-b-5633	stored_effect_scale	sd	opengwas_api_gwasinfo		
ukb-b-5640	sample_size_kind	total	opengwas_api_gwasinfo	n_cases=;n_controls=	
ukb-b-5640	stored_effect_scale	sd	opengwas_api_gwasinfo		
ukb-b-5644	sample_size_kind	case_control	opengwas_api_gwasinfo	n_cases=1011;n_controls=461999	
ukb-b-5644	stored_effect_scale	sd	opengwas_api_gwasinfo		
ukb-b-5655	sample_size_kind	case_control	opengwas_api_gwasinfo	n_cases=1557;n_controls=461453	
ukb-b-5655	stored_effect_scale	sd	opengwas_api_gwasinfo		
ukb-b-5664	sample_size_kind	total	opengwas_api_gwasinfo	n_cases=;n_controls=	
ukb-b-5664	stored_effect_scale	sd	opengwas_api_gwasinfo		
ukb-b-5666	sample_size_kind	total	opengwas_api_gwasinfo	n_cases=;n_controls=	
ukb-b-5666	stored_effect_scale	sd	opengwas_api_gwasinfo		
ukb-b-5693	sample_size_kind	case_control	opengwas_api_gwasinfo	n_cases=2491;n_controls=460519	
ukb-b-5693	stored_effect_scale	sd	opengwas_api_gwasinfo		
ukb-b-57	sample_size_kind	case_control	opengwas_api_gwasinfo	n_cases=8022;n_controls=56927	
ukb-b-57	stored_effect_scale	sd	opengwas_api_gwasinfo		
ukb-b-5705	sample_size_kind	case_control	opengwas_api_gwasinfo	n_cases=1912;n_controls=461021	
ukb-b-5705	stored_effect_scale	sd	opengwas_api_gwasinfo		
ukb-b-5712	sample_size_kind	case_control	opengwas_api_gwasinfo	n_cases=6874;n_controls=456136	
ukb-b-5712	stored_effect_scale	sd	opengwas_api_gwasinfo		
ukb-b-5716	sample_size_kind	total	opengwas_api_gwasinfo	n_cases=;n_controls=	
ukb-b-5716	stored_effect_scale	sd	opengwas_api_gwasinfo		
ukb-b-5753	sample_size_kind	total	opengwas_api_gwasinfo	n_cases=;n_controls=	
ukb-b-5753	stored_effect_scale	sd	opengwas_api_gwasinfo		
ukb-b-5759	sample_size_kind	case_control	opengwas_api_gwasinfo	n_cases=3052;n_controls=441022	
ukb-b-5759	stored_effect_scale	sd	opengwas_api_gwasinfo		
ukb-b-5764	sample_size_kind	total	opengwas_api_gwasinfo	n_cases=;n_controls=	
ukb-b-5764	stored_effect_scale	sd	opengwas_api_gwasinfo		
ukb-b-5776	sample_size_kind	total	opengwas_api_gwasinfo	n_cases=;n_controls=	
ukb-b-5776	stored_effect_scale	sd	opengwas_api_gwasinfo		
ukb-b-5779	sample_size_kind	total	opengwas_api_gwasinfo	n_cases=;n_controls=	
ukb-b-5779	stored_effect_scale	sd	opengwas_api_gwasinfo		
ukb-b-5801	sample_size_kind	total	opengwas_api_gwasinfo	n_cases=;n_controls=	
ukb-b-5801	stored_effect_scale	sd	opengwas_api_gwasinfo		
ukb-b-5811	sample_size_kind	total	opengwas_api_gwasinfo	n_cases=;n_controls=	
ukb-b-5811	stored_effect_scale	sd	opengwas_api_gwasinfo		
ukb-b-5815	sample_size_kind	case_control	opengwas_api_gwasinfo	n_cases=1208;n_controls=461802	
ukb-b-5815	stored_effect_scale	sd	opengwas_api_gwasinfo		
ukb-b-5821	sample_size_kind	case_control	opengwas_api_gwasinfo	n_cases=1041;n_controls=461892	
ukb-b-5821	stored_effect_scale	sd	opengwas_api_gwasinfo		
ukb-b-5847	sample_size_kind	total	opengwas_api_gwasinfo	n_cases=;n_controls=	
ukb-b-5847	stored_effect_scale	sd	opengwas_api_gwasinfo		
ukb-b-5850	sample_size_kind	case_control	opengwas_api_gwasinfo	n_cases=2142;n_controls=62807	
ukb-b-5850	stored_effect_scale	sd	opengwas_api_gwasinfo		
ukb-b-5855	sample_size_kind	case_control	opengwas_api_gwasinfo	n_cases=52130;n_controls=2147	
ukb-b-5855	stored_effect_scale	sd	opengwas_api_gwasinfo		
ukb-b-5863	sample_size_kind	case_control	opengwas_api_gwasinfo	n_cases=13953;n_controls=252	
ukb-b-5863	stored_effect_scale	sd	opengwas_api_gwasinfo		
ukb-b-5867	sample_size_kind	total	opengwas_api_gwasinfo	n_cases=;n_controls=	
ukb-b-5867	stored_effect_scale	sd	opengwas_api_gwasinfo		
ukb-b-588	sample_size_kind	total	opengwas_api_gwasinfo	n_cases=;n_controls=	
ukb-b-588	stored_effect_scale	sd	opengwas_api_gwasinfo		
ukb-b-589	sample_size_kind	total	opengwas_api_gwasinfo	n_cases=;n_controls=	
ukb-b-589	stored_effect_scale	sd	opengwas_api_gwasinfo		
ukb-b-5911	sample_size_kind	case_control	opengwas_api_gwasinfo	n_cases=11348;n_controls=451662	
ukb-b-5911	stored_effect_scale	sd	opengwas_api_gwasinfo		
ukb-b-5935	sample_size_kind	case_control	opengwas_api_gwasinfo	n_cases=6927;n_controls=456006	
ukb-b-5935	stored_effect_scale	sd	opengwas_api_gwasinfo		
ukb-b-5942	sample_size_kind	case_control	opengwas_api_gwasinfo	n_cases=15430;n_controls=384069	
ukb-b-5942	stored_effect_scale	sd	opengwas_api_gwasinfo		
ukb-b-5945	sample_size_kind	total	opengwas_api_gwasinfo	n_cases=;n_controls=	
ukb-b-5945	stored_effect_scale	sd	opengwas_api_gwasinfo		
ukb-b-5946	sample_size_kind	case_control	opengwas_api_gwasinfo	n_cases=1479;n_controls=461531	
ukb-b-5946	stored_effect_scale	sd	opengwas_api_gwasinfo		
ukb-b-5948	sample_size_kind	case_control	opengwas_api_gwasinfo	n_cases=1984;n_controls=461026	
ukb-b-5948	stored_effect_scale	sd	opengwas_api_gwasinfo		
ukb-b-5954	sample_size_kind	case_control	opengwas_api_gwasinfo	n_cases=10474;n_controls=445029	
ukb-b-5954	stored_effect_scale	sd	opengwas_api_gwasinfo		
ukb-b-5968	sample_size_kind	case_control	opengwas_api_gwasinfo	n_cases=2875;n_controls=460135	
ukb-b-5968	stored_effect_scale	sd	opengwas_api_gwasinfo		
ukb-b-5981	sample_size_kind	case_control	opengwas_api_gwasinfo	n_cases=1100;n_controls=461833	
ukb-b-5981	stored_effect_scale	sd	opengwas_api_gwasinfo		
ukb-b-5991	sample_size_kind	total	opengwas_api_gwasinfo	n_cases=;n_controls=	
ukb-b-5991	stored_effect_scale	sd	opengwas_api_gwasinfo		
ukb-b-6011	sample_size_kind	total	opengwas_api_gwasinfo	n_cases=;n_controls=	
ukb-b-6011	stored_effect_scale	sd	opengwas_api_gwasinfo		
ukb-b-6019	sample_size_kind	total	opengwas_api_gwasinfo	n_cases=;n_controls=	
ukb-b-6019	stored_effect_scale	sd	opengwas_api_gwasinfo		
ukb-b-602	sample_size_kind	total	opengwas_api_gwasinfo	n_cases=;n_controls=	
ukb-b-602	stored_effect_scale	sd	opengwas_api_gwasinfo		
ukb-b-6026	sample_size_kind	case_control	opengwas_api_gwasinfo	n_cases=5304;n_controls=457706	
ukb-b-6026	stored_effect_scale	sd	opengwas_api_gwasinfo		
ukb-b-6027	sample_size_kind	total	opengwas_api_gwasinfo	n_cases=;n_controls=	
ukb-b-6027	stored_effect_scale	sd	opengwas_api_gwasinfo		
ukb-b-6031	sample_size_kind	case_control	opengwas_api_gwasinfo	n_cases=3770;n_controls=459240	
ukb-b-6031	stored_effect_scale	sd	opengwas_api_gwasinfo		
ukb-b-6044	sample_size_kind	case_control	opengwas_api_gwasinfo	n_cases=2819;n_controls=460191	
ukb-b-6044	stored_effect_scale	sd	opengwas_api_gwasinfo		
ukb-b-6063	sample_size_kind	case_control	opengwas_api_gwasinfo	n_cases=6838;n_controls=58111	
ukb-b-6063	stored_effect_scale	sd	opengwas_api_gwasinfo		
ukb-b-6066	sample_size_kind	total	opengwas_api_gwasinfo	n_cases=;n_controls=	
ukb-b-6066	stored_effect_scale	sd	opengwas_api_gwasinfo		
ukb-b-6077	sample_size_kind	case_control	opengwas_api_gwasinfo	n_cases=4180;n_controls=458830	
ukb-b-6077	stored_effect_scale	sd	opengwas_api_gwasinfo		
ukb-b-6082	sample_size_kind	case_control	opengwas_api_gwasinfo	n_cases=1597;n_controls=461413	
ukb-b-6082	stored_effect_scale	sd	opengwas_api_gwasinfo		
ukb-b-6087	sample_size_kind	case_control	opengwas_api_gwasinfo	n_cases=1666;n_controls=461344	
ukb-b-6087	stored_effect_scale	sd	opengwas_api_gwasinfo		
ukb-b-6092	sample_size_kind	total	opengwas_api_gwasinfo	n_cases=;n_controls=	
ukb-b-6092	stored_effect_scale	sd	opengwas_api_gwasinfo		
ukb-b-6105	sample_size_kind	case_control	opengwas_api_gwasinfo	n_cases=1608;n_controls=461325	
ukb-b-6105	stored_effect_scale	sd	opengwas_api_gwasinfo		
ukb-b-6134	sample_size_kind	total	opengwas_api_gwasinfo	n_cases=;n_controls=	
ukb-b-6134	stored_effect_scale	sd	opengwas_api_gwasinfo		
ukb-b-6140	sample_size_kind	case_control	opengwas_api_gwasinfo	n_cases=11377;n_controls=53572	
ukb-b-6140	stored_effect_scale	sd	opengwas_api_gwasinfo		
ukb-b-6144	sample_size_kind	case_control	opengwas_api_gwasinfo	n_cases=5813;n_controls=438458	
ukb-b-6144	stored_effect_scale	sd	opengwas_api_gwasinfo		
ukb-b-6154	sample_size_kind	total	opengwas_api_gwasinfo	n_cases=;n_controls=	
ukb-b-6154	stored_effect_scale	sd	opengwas_api_gwasinfo		
ukb-b-6164	sample_size_kind	case_control	opengwas_api_gwasinfo	n_cases=1923;n_controls=461087	
ukb-b-6164	stored_effect_scale	sd	opengwas_api_gwasinfo		
ukb-b-6181	sample_size_kind	total	opengwas_api_gwasinfo	n_cases=;n_controls=	
ukb-b-6181	stored_effect_scale	sd	opengwas_api_gwasinfo		
ukb-b-6185	sample_size_kind	total	opengwas_api_gwasinfo	n_cases=;n_controls=	
ukb-b-6185	stored_effect_scale	sd	opengwas_api_gwasinfo		
ukb-b-621	sample_size_kind	total	opengwas_api_gwasinfo	n_cases=;n_controls=	
ukb-b-621	stored_effect_scale	sd	opengwas_api_gwasinfo		
ukb-b-6214	sample_size_kind	total	opengwas_api_gwasinfo	n_cases=;n_controls=	
ukb-b-6214	stored_effect_scale	sd	opengwas_api_gwasinfo		
ukb-b-6217	sample_size_kind	case_control	opengwas_api_gwasinfo	n_cases=6900;n_controls=456110	
ukb-b-6217	stored_effect_scale	sd	opengwas_api_gwasinfo		
ukb-b-6218	sample_size_kind	total	opengwas_api_gwasinfo	n_cases=;n_controls=	
ukb-b-6218	stored_effect_scale	sd	opengwas_api_gwasinfo		
ukb-b-622	sample_size_kind	total	opengwas_api_gwasinfo	n_cases=;n_controls=	
ukb-b-622	stored_effect_scale	sd	opengwas_api_gwasinfo		
ukb-b-6220	sample_size_kind	case_control	opengwas_api_gwasinfo	n_cases=3426;n_controls=459584	
ukb-b-6220	stored_effect_scale	sd	opengwas_api_gwasinfo		
ukb-b-6222	sample_size_kind	case_control	opengwas_api_gwasinfo	n_cases=96353;n_controls=366657	
ukb-b-6222	stored_effect_scale	sd	opengwas_api_gwasinfo		
ukb-b-6223	sample_size_kind	case_control	opengwas_api_gwasinfo	n_cases=11925;n_controls=451085	
ukb-b-6223	stored_effect_scale	sd	opengwas_api_gwasinfo		
ukb-b-6230	sample_size_kind	case_control	opengwas_api_gwasinfo	n_cases=1118;n_controls=461892	
ukb-b-6230	stored_effect_scale	sd	opengwas_api_gwasinfo		
ukb-b-6235	sample_size_kind	case_control	opengwas_api_gwasinfo	n_cases=18319;n_controls=444614	
ukb-b-6235	stored_effect_scale	sd	opengwas_api_gwasinfo		
ukb-b-6244	sample_size_kind	total	opengwas_api_gwasinfo	n_cases=;n_controls=	
ukb-b-6244	stored_effect_scale	sd	opengwas_api_gwasinfo		
ukb-b-6246	sample_size_kind	total	opengwas_api_gwasinfo	n_cases=;n_controls=	
ukb-b-6246	stored_effect_scale	sd	opengwas_api_gwasinfo		
ukb-b-6248	sample_size_kind	case_control	opengwas_api_gwasinfo	n_cases=1402;n_controls=461608	
ukb-b-6248	stored_effect_scale	sd	opengwas_api_gwasinfo		
ukb-b-6251	sample_size_kind	total	opengwas_api_gwasinfo	n_cases=;n_controls=	
ukb-b-6251	stored_effect_scale	sd	opengwas_api_gwasinfo		
ukb-b-6266	sample_size_kind	case_control	opengwas_api_gwasinfo	n_cases=4957;n_controls=457976	
ukb-b-6266	stored_effect_scale	sd	opengwas_api_gwasinfo		
ukb-b-6267	sample_size_kind	case_control	opengwas_api_gwasinfo	n_cases=2035;n_controls=458721	
ukb-b-6267	stored_effect_scale	sd	opengwas_api_gwasinfo		
ukb-b-6295	sample_size_kind	case_control	opengwas_api_gwasinfo	n_cases=2559;n_controls=460451	
ukb-b-6295	stored_effect_scale	sd	opengwas_api_gwasinfo		
ukb-b-6298	sample_size_kind	total	opengwas_api_gwasinfo	n_cases=;n_controls=	
ukb-b-6298	stored_effect_scale	sd	opengwas_api_gwasinfo		
ukb-b-6306	sample_size_kind	total	opengwas_api_gwasinfo	n_cases=;n_controls=	
ukb-b-6306	stored_effect_scale	sd	opengwas_api_gwasinfo		
ukb-b-6324	sample_size_kind	total	opengwas_api_gwasinfo	n_cases=;n_controls=	
ukb-b-6324	stored_effect_scale	sd	opengwas_api_gwasinfo		
ukb-b-6330	sample_size_kind	case_control	opengwas_api_gwasinfo	n_cases=1726;n_controls=461284	
ukb-b-6330	stored_effect_scale	sd	opengwas_api_gwasinfo		
ukb-b-6351	sample_size_kind	case_control	opengwas_api_gwasinfo	n_cases=1277;n_controls=442701	
ukb-b-6351	stored_effect_scale	sd	opengwas_api_gwasinfo		
ukb-b-6352	sample_size_kind	case_control	opengwas_api_gwasinfo	n_cases=3340;n_controls=459670	
ukb-b-6352	stored_effect_scale	sd	opengwas_api_gwasinfo		
ukb-b-6353	sample_size_kind	case_control	opengwas_api_gwasinfo	n_cases=37362;n_controls=423174	
ukb-b-6353	stored_effect_scale	sd	opengwas_api_gwasinfo		
ukb-b-6354	sample_size_kind	case_control	opengwas_api_gwasinfo	n_cases=9236;n_controls=453697	
ukb-b-6354	stored_effect_scale	sd	opengwas_api_gwasinfo		
ukb-b-6358	sample_size_kind	case_control	opengwas_api_gwasinfo	n_cases=6116;n_controls=456817	
ukb-b-6358	stored_effect_scale	sd	opengwas_api_gwasinfo		
ukb-b-6373	sample_size_kind	total	opengwas_api_gwasinfo	n_cases=;n_controls=	
ukb-b-6373	stored_effect_scale	sd	opengwas_api_gwasinfo		
ukb-b-6392	sample_size_kind	total	opengwas_api_gwasinfo	n_cases=;n_controls=	
ukb-b-6392	stored_effect_scale	sd	opengwas_api_gwasinfo		
ukb-b-6400	sample_size_kind	case_control	opengwas_api_gwasinfo	n_cases=1817;n_controls=461193	
ukb-b-6400	stored_effect_scale	sd	opengwas_api_gwasinfo		
ukb-b-6412	sample_size_kind	total	opengwas_api_gwasinfo	n_cases=;n_controls=	
ukb-b-6412	stored_effect_scale	sd	opengwas_api_gwasinfo		
ukb-b-6413	sample_size_kind	case_control	opengwas_api_gwasinfo	n_cases=1790;n_controls=461220	
ukb-b-6413	stored_effect_scale	sd	opengwas_api_gwasinfo		
ukb-b-6414	sample_size_kind	case_control	opengwas_api_gwasinfo	n_cases=1119;n_controls=461891	
ukb-b-6414	stored_effect_scale	sd	opengwas_api_gwasinfo		
ukb-b-6415	sample_size_kind	case_control	opengwas_api_gwasinfo	n_cases=1206;n_controls=461727	
ukb-b-6415	stored_effect_scale	sd	opengwas_api_gwasinfo		
ukb-b-6429	sample_size_kind	case_control	opengwas_api_gwasinfo	n_cases=1219;n_controls=461791	
ukb-b-6429	stored_effect_scale	sd	opengwas_api_gwasinfo		
ukb-b-6441	sample_size_kind	case_control	opengwas_api_gwasinfo	n_cases=2224;n_controls=460786	
ukb-b-6441	stored_effect_scale	sd	opengwas_api_gwasinfo		
ukb-b-6445	sample_size_kind	case_control	opengwas_api_gwasinfo	n_cases=18171;n_controls=203526	
ukb-b-6445	stored_effect_scale	sd	opengwas_api_gwasinfo		
ukb-b-6448	sample_size_kind	case_control	opengwas_api_gwasinfo	n_cases=12937;n_controls=52012	
ukb-b-6448	stored_effect_scale	sd	opengwas_api_gwasinfo		
ukb-b-645	sample_size_kind	total	opengwas_api_gwasinfo	n_cases=;n_controls=	
ukb-b-645	stored_effect_scale	sd	opengwas_api_gwasinfo		
ukb-b-6458	sample_size_kind	case_control	opengwas_api_gwasinfo	n_cases=47102;n_controls=414011	
ukb-b-6458	stored_effect_scale	sd	opengwas_api_gwasinfo		
ukb-b-6474	sample_size_kind	case_control	opengwas_api_gwasinfo	n_cases=2701;n_controls=460232	
ukb-b-6474	stored_effect_scale	sd	opengwas_api_gwasinfo		
ukb-b-6500	sample_size_kind	total	opengwas_api_gwasinfo	n_cases=;n_controls=	
ukb-b-6500	stored_effect_scale	sd	opengwas_api_gwasinfo		
ukb-b-6503	sample_size_kind	total	opengwas_api_gwasinfo	n_cases=;n_controls=	
ukb-b-6503	stored_effect_scale	sd	opengwas_api_gwasinfo		
ukb-b-6504	sample_size_kind	case_control	opengwas_api_gwasinfo	n_cases=1187;n_controls=461823	
ukb-b-6504	stored_effect_scale	sd	opengwas_api_gwasinfo		
ukb-b-6514	sample_size_kind	case_control	opengwas_api_gwasinfo	n_cases=10662;n_controls=452271	
ukb-b-6514	stored_effect_scale	sd	opengwas_api_gwasinfo		
ukb-b-6515	sample_size_kind	total	opengwas_api_gwasinfo	n_cases=;n_controls=	
ukb-b-6515	stored_effect_scale	sd	opengwas_api_gwasinfo		
ukb-b-6517	sample_size_kind	case_control	opengwas_api_gwasinfo	n_cases=2594;n_controls=460416	
ukb-b-6517	stored_effect_scale	sd	opengwas_api_gwasinfo		
ukb-b-6519	sample_size_kind	case_control	opengwas_api_gwasinfo	n_cases=255812;n_controls=194953	
ukb-b-6519	stored_effect_scale	sd	opengwas_api_gwasinfo		
ukb-b-6528	sample_size_kind	case_control	opengwas_api_gwasinfo	n_cases=3024;n_controls=459986	
ukb-b-6528	stored_effect_scale	sd	opengwas_api_gwasinfo		
ukb-b-6538	sample_size_kind	case_control	opengwas_api_gwasinfo	n_cases=1254;n_controls=461679	
ukb-b-6538	stored_effect_scale	sd	opengwas_api_gwasinfo		
ukb-b-6539	sample_size_kind	case_control	opengwas_api_gwasinfo	n_cases=1020;n_controls=461913	
ukb-b-6539	stored_effect_scale	sd	opengwas_api_gwasinfo		
ukb-b-6540	sample_size_kind	case_control	opengwas_api_gwasinfo	n_cases=3570;n_controls=459440	
ukb-b-6540	stored_effect_scale	sd	opengwas_api_gwasinfo		
ukb-b-6541	sample_size_kind	case_control	opengwas_api_gwasinfo	n_cases=108626;n_controls=353323	
ukb-b-6541	stored_effect_scale	sd	opengwas_api_gwasinfo		
ukb-b-6543	sample_size_kind	case_control	opengwas_api_gwasinfo	n_cases=1144;n_controls=461866	
ukb-b-6543	stored_effect_scale	sd	opengwas_api_gwasinfo		
ukb-b-6547	sample_size_kind	case_control	opengwas_api_gwasinfo	n_cases=3607;n_controls=459403	
ukb-b-6547	stored_effect_scale	sd	opengwas_api_gwasinfo		
ukb-b-6548	sample_size_kind	case_control	opengwas_api_gwasinfo	n_cases=6998;n_controls=415466	
ukb-b-6548	stored_effect_scale	sd	opengwas_api_gwasinfo		
ukb-b-6549	sample_size_kind	case_control	opengwas_api_gwasinfo	n_cases=2000;n_controls=460933	
ukb-b-6549	stored_effect_scale	sd	opengwas_api_gwasinfo		
ukb-b-6551	sample_size_kind	case_control	opengwas_api_gwasinfo	n_cases=1148;n_controls=461862	
ukb-b-6551	stored_effect_scale	sd	opengwas_api_gwasinfo		
ukb-b-6562	sample_size_kind	case_control	opengwas_api_gwasinfo	n_cases=1931;n_controls=461079	
ukb-b-6562	stored_effect_scale	sd	opengwas_api_gwasinfo		
ukb-b-6569	sample_size_kind	case_control	opengwas_api_gwasinfo	n_cases=1897;n_controls=461113	
ukb-b-6569	stored_effect_scale	sd	opengwas_api_gwasinfo		
ukb-b-657	sample_size_kind	case_control	opengwas_api_gwasinfo	n_cases=26145;n_controls=436788	
ukb-b-657	stored_effect_scale	sd	opengwas_api_gwasinfo		
ukb-b-6576	sample_size_kind	case_control	opengwas_api_gwasinfo	n_cases=2359;n_controls=460651	
ukb-b-6576	stored_effect_scale	sd	opengwas_api_gwasinfo		
ukb-b-6591	sample_size_kind	total	opengwas_api_gwasinfo	n_cases=;n_controls=	
ukb-b-6591	stored_effect_scale	sd	opengwas_api_gwasinfo		
ukb-b-660	sample_size_kind	total	opengwas_api_gwasinfo	n_cases=;n_controls=	
ukb-b-660	stored_effect_scale	sd	opengwas_api_gwasinfo		
ukb-b-6608	sample_size_kind	case_control	opengwas_api_gwasinfo	n_cases=5981;n_controls=457029	
ukb-b-6608	stored_effect_scale	sd	opengwas_api_gwasinfo		
ukb-b-6614	sample_size_kind	case_control	opengwas_api_gwasinfo	n_cases=6601;n_controls=437838	
ukb-b-6614	stored_effect_scale	sd	opengwas_api_gwasinfo		
ukb-b-6615	sample_size_kind	case_control	opengwas_api_gwasinfo	n_cases=2431;n_controls=460579	
ukb-b-6615	stored_effect_scale	sd	opengwas_api_gwasinfo		
ukb-b-6616	sample_size_kind	case_control	opengwas_api_gwasinfo	n_cases=1031;n_controls=461979	
ukb-b-6616	stored_effect_scale	sd	opengwas_api_gwasinfo		
ukb-b-6633	sample_size_kind	case_control	opengwas_api_gwasinfo	n_cases=1944;n_controls=460989	
ukb-b-6633	stored_effect_scale	sd	opengwas_api_gwasinfo		
ukb-b-6634	sample_size_kind	case_control	opengwas_api_gwasinfo	n_cases=1302;n_controls=461708	
ukb-b-6634	stored_effect_scale	sd	opengwas_api_gwasinfo		
ukb-b-6650	sample_size_kind	case_control	opengwas_api_gwasinfo	n_cases=1053;n_controls=461880	
ukb-b-6650	stored_effect_scale	sd	opengwas_api_gwasinfo		
ukb-b-6652	sample_size_kind	case_control	opengwas_api_gwasinfo	n_cases=1471;n_controls=442454	
ukb-b-6652	stored_effect_scale	sd	opengwas_api_gwasinfo		
ukb-b-6666	sample_size_kind	case_control	opengwas_api_gwasinfo	n_cases=2965;n_controls=460045	
ukb-b-6666	stored_effect_scale	sd	opengwas_api_gwasinfo		
ukb-b-67	sample_size_kind	case_control	opengwas_api_gwasinfo	n_cases=8862;n_controls=16329	
ukb-b-67	stored_effect_scale	sd	opengwas_api_gwasinfo		
ukb-b-6704	sample_size_kind	total	opengwas_api_gwasinfo	n_cases=;n_controls=	
ukb-b-6704	stored_effect_scale	sd	opengwas_api_gwasinfo		
ukb-b-671	sample_size_kind	total	opengwas_api_gwasinfo	n_cases=;n_controls=	
ukb-b-671	stored_effect_scale	sd	opengwas_api_gwasinfo		
ukb-b-6716	sample_size_kind	case_control	opengwas_api_gwasinfo	n_cases=1467;n_controls=461543	
ukb-b-6716	stored_effect_scale	sd	opengwas_api_gwasinfo		
ukb-b-6720	sample_size_kind	case_control	opengwas_api_gwasinfo	n_cases=10044;n_controls=452966	
ukb-b-6720	stored_effect_scale	sd	opengwas_api_gwasinfo		
ukb-b-6721	sample_size_kind	case_control	opengwas_api_gwasinfo	n_cases=1003;n_controls=462007	
ukb-b-6721	stored_effect_scale	sd	opengwas_api_gwasinfo		
ukb-b-6725	sample_size_kind	case_control	opengwas_api_gwasinfo	n_cases=1346;n_controls=461664	
ukb-b-6725	stored_effect_scale	sd	opengwas_api_gwasinfo		
ukb-b-6727	sample_size_kind	case_control	opengwas_api_gwasinfo	n_cases=22710;n_controls=439570	
ukb-b-6727	stored_effect_scale	sd	opengwas_api_gwasinfo		
ukb-b-6740	sample_size_kind	case_control	opengwas_api_gwasinfo	n_cases=263827;n_controls=197415	
ukb-b-6740	stored_effect_scale	sd	opengwas_api_gwasinfo		
ukb-b-6748	sample_size_kind	case_control	opengwas_api_gwasinfo	n_cases=2324;n_controls=458918	
ukb-b-6748	stored_effect_scale	sd	opengwas_api_gwasinfo		
ukb-b-676	sample_size_kind	case_control	opengwas_api_gwasinfo	n_cases=1029;n_controls=461981	
ukb-b-676	stored_effect_scale	sd	opengwas_api_gwasinfo		
ukb-b-6762	sample_size_kind	case_control	opengwas_api_gwasinfo	n_cases=3838;n_controls=459172	
ukb-b-6762	stored_effect_scale	sd	opengwas_api_gwasinfo		
ukb-b-677	sample_size_kind	case_control	opengwas_api_gwasinfo	n_cases=2188;n_controls=460822	
ukb-b-677	stored_effect_scale	sd	opengwas_api_gwasinfo		
ukb-b-6772	sample_size_kind	case_control	opengwas_api_gwasinfo	n_cases=6500;n_controls=456433	
ukb-b-6772	stored_effect_scale	sd	opengwas_api_gwasinfo		
ukb-b-6779	sample_size_kind	case_control	opengwas_api_gwasinfo	n_cases=3328;n_controls=459682	
ukb-b-6779	stored_effect_scale	sd	opengwas_api_gwasinfo		
ukb-b-6798	sample_size_kind	case_control	opengwas_api_gwasinfo	n_cases=2169;n_controls=460841	
ukb-b-6798	stored_effect_scale	sd	opengwas_api_gwasinfo		
ukb-b-6806	sample_size_kind	case_control	opengwas_api_gwasinfo	n_cases=1183;n_controls=459573	
ukb-b-6806	stored_effect_scale	sd	opengwas_api_gwasinfo		
ukb-b-6811	sample_size_kind	total	opengwas_api_gwasinfo	n_cases=;n_controls=	
ukb-b-6811	stored_effect_scale	sd	opengwas_api_gwasinfo		
ukb-b-6824	sample_size_kind	case_control	opengwas_api_gwasinfo	n_cases=3642;n_controls=459368	
ukb-b-6824	stored_effect_scale	sd	opengwas_api_gwasinfo		
ukb-b-6826	sample_size_kind	case_control	opengwas_api_gwasinfo	n_cases=1044;n_controls=461966	
ukb-b-6826	stored_effect_scale	sd	opengwas_api_gwasinfo		
ukb-b-6834	sample_size_kind	case_control	opengwas_api_gwasinfo	n_cases=2141;n_controls=460792	
ukb-b-6834	stored_effect_scale	sd	opengwas_api_gwasinfo		
ukb-b-6848	sample_size_kind	case_control	opengwas_api_gwasinfo	n_cases=80611;n_controls=69288	
ukb-b-6848	stored_effect_scale	sd	opengwas_api_gwasinfo		
ukb-b-6849	sample_size_kind	case_control	opengwas_api_gwasinfo	n_cases=1463;n_controls=461547	
ukb-b-6849	stored_effect_scale	sd	opengwas_api_gwasinfo		
ukb-b-6852	sample_size_kind	total	opengwas_api_gwasinfo	n_cases=;n_controls=	
ukb-b-6852	stored_effect_scale	sd	opengwas_api_gwasinfo		
ukb-b-686	sample_size_kind	case_control	opengwas_api_gwasinfo	n_cases=1568;n_controls=461442	
ukb-b-686	stored_effect_scale	sd	opengwas_api_gwasinfo		
ukb-b-6863	sample_size_kind	case_control	opengwas_api_gwasinfo	n_cases=23610;n_controls=439323	
ukb-b-6863	stored_effect_scale	sd	opengwas_api_gwasinfo		
ukb-b-6873	sample_size_kind	case_control	opengwas_api_gwasinfo	n_cases=1128;n_controls=461882	
ukb-b-6873	stored_effect_scale	sd	opengwas_api_gwasinfo		
ukb-b-6885	sample_size_kind	case_control	opengwas_api_gwasinfo	n_cases=6693;n_controls=58256	
ukb-b-6885	stored_effect_scale	sd	opengwas_api_gwasinfo		
ukb-b-6888	sample_size_kind	total	opengwas_api_gwasinfo	n_cases=;n_controls=	
ukb-b-6888	stored_effect_scale	sd	opengwas_api_gwasinfo		
ukb-b-6891	sample_size_kind	total	opengwas_api_gwasinfo	n_cases=;n_controls=	
ukb-b-6891	stored_effect_scale	sd	opengwas_api_gwasinfo		
ukb-b-69	sample_size_kind	case_control	opengwas_api_gwasinfo	n_cases=2888;n_controls=460045	
ukb-b-69	stored_effect_scale	sd	opengwas_api_gwasinfo		
ukb-b-6906	sample_size_kind	case_control	opengwas_api_gwasinfo	n_cases=1307;n_controls=461626	
ukb-b-6906	stored_effect_scale	sd	opengwas_api_gwasinfo		
ukb-b-6911	sample_size_kind	case_control	opengwas_api_gwasinfo	n_cases=9640;n_controls=453293	
ukb-b-6911	stored_effect_scale	sd	opengwas_api_gwasinfo		
ukb-b-6951	sample_size_kind	case_control	opengwas_api_gwasinfo	n_cases=4010;n_controls=440225	
ukb-b-6951	stored_effect_scale	sd	opengwas_api_gwasinfo		
ukb-b-698	sample_size_kind	case_control	opengwas_api_gwasinfo	n_cases=338180;n_controls=121420	
ukb-b-698	stored_effect_scale	sd	opengwas_api_gwasinfo		
ukb-b-6987	sample_size_kind	case_control	opengwas_api_gwasinfo	n_cases=1944;n_controls=461066	
ukb-b-6987	stored_effect_scale	sd	opengwas_api_gwasinfo		
ukb-b-6989	sample_size_kind	case_control	opengwas_api_gwasinfo	n_cases=3765;n_controls=61184	
ukb-b-6989	stored_effect_scale	sd	opengwas_api_gwasinfo		
ukb-b-6991	sample_size_kind	case_control	opengwas_api_gwasinfo	n_cases=158565;n_controls=300995	
ukb-b-6991	stored_effect_scale	sd	opengwas_api_gwasinfo		
ukb-b-6992	sample_size_kind	case_control	opengwas_api_gwasinfo	n_cases=9846;n_controls=55103	
ukb-b-6992	stored_effect_scale	sd	opengwas_api_gwasinfo		
ukb-b-6994	sample_size_kind	case_control	opengwas_api_gwasinfo	n_cases=1067;n_controls=461943	
ukb-b-6994	stored_effect_scale	sd	opengwas_api_gwasinfo		
ukb-b-6998	sample_size_kind	case_control	opengwas_api_gwasinfo	n_cases=1165;n_controls=461845	
ukb-b-6998	stored_effect_scale	sd	opengwas_api_gwasinfo		
ukb-b-7007	sample_size_kind	case_control	opengwas_api_gwasinfo	n_cases=66747;n_controls=394818	
ukb-b-7007	stored_effect_scale	sd	opengwas_api_gwasinfo		
ukb-b-7012	sample_size_kind	case_control	opengwas_api_gwasinfo	n_cases=1190;n_controls=461820	
ukb-b-7012	stored_effect_scale	sd	opengwas_api_gwasinfo		
ukb-b-703	sample_size_kind	total	opengwas_api_gwasinfo	n_cases=;n_controls=	
ukb-b-703	stored_effect_scale	sd	opengwas_api_gwasinfo		
ukb-b-7030	sample_size_kind	total	opengwas_api_gwasinfo	n_cases=;n_controls=	
ukb-b-7030	stored_effect_scale	sd	opengwas_api_gwasinfo		
ukb-b-7043	sample_size_kind	case_control	opengwas_api_gwasinfo	n_cases=31393;n_controls=429991	
ukb-b-7043	stored_effect_scale	sd	opengwas_api_gwasinfo		
ukb-b-7047	sample_size_kind	case_control	opengwas_api_gwasinfo	n_cases=24622;n_controls=438388	
ukb-b-7047	stored_effect_scale	sd	opengwas_api_gwasinfo		
ukb-b-707	sample_size_kind	case_control	opengwas_api_gwasinfo	n_cases=2760;n_controls=460250	
ukb-b-707	stored_effect_scale	sd	opengwas_api_gwasinfo		
ukb-b-7073	sample_size_kind	case_control	opengwas_api_gwasinfo	n_cases=3012;n_controls=459998	
ukb-b-7073	stored_effect_scale	sd	opengwas_api_gwasinfo		
ukb-b-7085	sample_size_kind	case_control	opengwas_api_gwasinfo	n_cases=13710;n_controls=51239	
ukb-b-7085	stored_effect_scale	sd	opengwas_api_gwasinfo		
ukb-b-7110	sample_size_kind	case_control	opengwas_api_gwasinfo	n_cases=3791;n_controls=61158	
ukb-b-7110	stored_effect_scale	sd	opengwas_api_gwasinfo		
ukb-b-7118	sample_size_kind	case_control	opengwas_api_gwasinfo	n_cases=2596;n_controls=460414	
ukb-b-7118	stored_effect_scale	sd	opengwas_api_gwasinfo		
ukb-b-712	sample_size_kind	case_control	opengwas_api_gwasinfo	n_cases=3035;n_controls=459975	
ukb-b-712	stored_effect_scale	sd	opengwas_api_gwasinfo		
ukb-b-7128	sample_size_kind	case_control	opengwas_api_gwasinfo	n_cases=245275;n_controls=5190	
ukb-b-7128	stored_effect_scale	sd	opengwas_api_gwasinfo		
ukb-b-713	sample_size_kind	case_control	opengwas_api_gwasinfo	n_cases=7343;n_controls=455667	
ukb-b-713	stored_effect_scale	sd	opengwas_api_gwasinfo		
ukb-b-7135	sample_size_kind	case_control	opengwas_api_gwasinfo	n_cases=110264;n_controls=339661	
ukb-b-7135	stored_effect_scale	sd	opengwas_api_gwasinfo		
ukb-b-7137	sample_size_kind	case_control	opengwas_api_gwasinfo	n_cases=64534;n_controls=393013	
ukb-b-7137	stored_effect_scale	sd	opengwas_api_gwasinfo		
ukb-b-7138	sample_size_kind	total	opengwas_api_gwasinfo	n_cases=;n_controls=	
ukb-b-7138	stored_effect_scale	sd	opengwas_api_gwasinfo		
ukb-b-7150	sample_size_kind	case_control	opengwas_api_gwasinfo	n_cases=2163;n_controls=460770	
ukb-b-7150	stored_effect_scale	sd	opengwas_api_gwasinfo		
ukb-b-7166	sample_size_kind	case_control	opengwas_api_gwasinfo	n_cases=2345;n_controls=460665	
ukb-b-7166	stored_effect_scale	sd	opengwas_api_gwasinfo		
ukb-b-7178	sample_size_kind	case_control	opengwas_api_gwasinfo	n_cases=25486;n_controls=87097	
ukb-b-7178	stored_effect_scale	sd	opengwas_api_gwasinfo		
ukb-b-7189	sample_size_kind	case_control	opengwas_api_gwasinfo	n_cases=6297;n_controls=438057	
ukb-b-7189	stored_effect_scale	sd	opengwas_api_gwasinfo		
ukb-b-7196	sample_size_kind	case_control	opengwas_api_gwasinfo	n_cases=1478;n_controls=9009	
ukb-b-7196	stored_effect_scale	sd	opengwas_api_gwasinfo		
ukb-b-7205	sample_size_kind	case_control	opengwas_api_gwasinfo	n_cases=1296;n_controls=461714	
ukb-b-7205	stored_effect_scale	sd	opengwas_api_gwasinfo		
ukb-b-7211	sample_size_kind	case_control	opengwas_api_gwasinfo	n_cases=1373;n_controls=461637	
ukb-b-7211	stored_effect_scale	sd	opengwas_api_gwasinfo		
ukb-b-7212	sample_size_kind	total	opengwas_api_gwasinfo	n_cases=;n_controls=	
ukb-b-7212	stored_effect_scale	sd	opengwas_api_gwasinfo		
ukb-b-7217	sample_size_kind	total	opengwas_api_gwasinfo	n_cases=;n_controls=	
ukb-b-7217	stored_effect_scale	sd	opengwas_api_gwasinfo		
ukb-b-7236	sample_size_kind	case_control	opengwas_api_gwasinfo	n_cases=1016;n_controls=461994	
ukb-b-7236	stored_effect_scale	sd	opengwas_api_gwasinfo		
ukb-b-7237	sample_size_kind	case_control	opengwas_api_gwasinfo	n_cases=1019;n_controls=461991	
ukb-b-7237	stored_effect_scale	sd	opengwas_api_gwasinfo		
ukb-b-7244	sample_size_kind	total	opengwas_api_gwasinfo	n_cases=;n_controls=	
ukb-b-7244	stored_effect_scale	sd	opengwas_api_gwasinfo		
ukb-b-7278	sample_size_kind	case_control	opengwas_api_gwasinfo	n_cases=10809;n_controls=452201	
ukb-b-7278	stored_effect_scale	sd	opengwas_api_gwasinfo		
ukb-b-7280	sample_size_kind	case_control	opengwas_api_gwasinfo	n_cases=6417;n_controls=456516	
ukb-b-7280	stored_effect_scale	sd	opengwas_api_gwasinfo		
ukb-b-7284	sample_size_kind	case_control	opengwas_api_gwasinfo	n_cases=2321;n_controls=460689	
ukb-b-7284	stored_effect_scale	sd	opengwas_api_gwasinfo		
ukb-b-7288	sample_size_kind	total	opengwas_api_gwasinfo	n_cases=;n_controls=	
ukb-b-7288	stored_effect_scale	sd	opengwas_api_gwasinfo		
ukb-b-7289	sample_size_kind	case_control	opengwas_api_gwasinfo	n_cases=52087;n_controls=409770	
ukb-b-7289	stored_effect_scale	sd	opengwas_api_gwasinfo		
ukb-b-7294	sample_size_kind	case_control	opengwas_api_gwasinfo	n_cases=1548;n_controls=461462	
ukb-b-7294	stored_effect_scale	sd	opengwas_api_gwasinfo		
ukb-b-7299	sample_size_kind	case_control	opengwas_api_gwasinfo	n_cases=2117;n_controls=460893	
ukb-b-7299	stored_effect_scale	sd	opengwas_api_gwasinfo		
ukb-b-73	sample_size_kind	case_control	opengwas_api_gwasinfo	n_cases=3432;n_controls=457680	
ukb-b-73	stored_effect_scale	sd	opengwas_api_gwasinfo		
ukb-b-730	sample_size_kind	total	opengwas_api_gwasinfo	n_cases=;n_controls=	
ukb-b-730	stored_effect_scale	sd	opengwas_api_gwasinfo		
ukb-b-732	sample_size_kind	case_control	opengwas_api_gwasinfo	n_cases=5407;n_controls=457603	
ukb-b-732	stored_effect_scale	sd	opengwas_api_gwasinfo		
ukb-b-7323	sample_size_kind	total	opengwas_api_gwasinfo	n_cases=;n_controls=	
ukb-b-7323	stored_effect_scale	sd	opengwas_api_gwasinfo		
ukb-b-7330	sample_size_kind	case_control	opengwas_api_gwasinfo	n_cases=1053;n_controls=461957	
ukb-b-7330	stored_effect_scale	sd	opengwas_api_gwasinfo		
ukb-b-7337	sample_size_kind	case_control	opengwas_api_gwasinfo	n_cases=329755;n_controls=130621	
ukb-b-7337	stored_effect_scale	sd	opengwas_api_gwasinfo		
ukb-b-7350	sample_size_kind	case_control	opengwas_api_gwasinfo	n_cases=2891;n_controls=206747	
ukb-b-7350	stored_effect_scale	sd	opengwas_api_gwasinfo		
ukb-b-7352	sample_size_kind	case_control	opengwas_api_gwasinfo	n_cases=5254;n_controls=457756	
ukb-b-7352	stored_effect_scale	sd	opengwas_api_gwasinfo		
ukb-b-7356	sample_size_kind	case_control	opengwas_api_gwasinfo	n_cases=7253;n_controls=452489	
ukb-b-7356	stored_effect_scale	sd	opengwas_api_gwasinfo		
ukb-b-7372	sample_size_kind	total	opengwas_api_gwasinfo	n_cases=;n_controls=	
ukb-b-7372	stored_effect_scale	sd	opengwas_api_gwasinfo		
ukb-b-7375	sample_size_kind	case_control	opengwas_api_gwasinfo	n_cases=2314;n_controls=458793	
ukb-b-7375	stored_effect_scale	sd	opengwas_api_gwasinfo		
ukb-b-7376	sample_size_kind	total	opengwas_api_gwasinfo	n_cases=;n_controls=	
ukb-b-7376	stored_effect_scale	sd	opengwas_api_gwasinfo		
ukb-b-7385	sample_size_kind	case_control	opengwas_api_gwasinfo	n_cases=2423;n_controls=460510	
ukb-b-7385	stored_effect_scale	sd	opengwas_api_gwasinfo		
ukb-b-7408	sample_size_kind	total	opengwas_api_gwasinfo	n_cases=;n_controls=	
ukb-b-7408	stored_effect_scale	sd	opengwas_api_gwasinfo		
ukb-b-7414	sample_size_kind	case_control	opengwas_api_gwasinfo	n_cases=1213;n_controls=461797	
ukb-b-7414	stored_effect_scale	sd	opengwas_api_gwasinfo		
ukb-b-7418	sample_size_kind	case_control	opengwas_api_gwasinfo	n_cases=7023;n_controls=455987	
ukb-b-7418	stored_effect_scale	sd	opengwas_api_gwasinfo		
ukb-b-7420	sample_size_kind	total	opengwas_api_gwasinfo	n_cases=;n_controls=	
ukb-b-7420	stored_effect_scale	sd	opengwas_api_gwasinfo		
ukb-b-7421	sample_size_kind	case_control	opengwas_api_gwasinfo	n_cases=1268;n_controls=461742	
ukb-b-7421	stored_effect_scale	sd	opengwas_api_gwasinfo		
ukb-b-7422	sample_size_kind	total	opengwas_api_gwasinfo	n_cases=;n_controls=	
ukb-b-7422	stored_effect_scale	sd	opengwas_api_gwasinfo		
ukb-b-7425	sample_size_kind	case_control	opengwas_api_gwasinfo	n_cases=3143;n_controls=459867	
ukb-b-7425	stored_effect_scale	sd	opengwas_api_gwasinfo		
ukb-b-7428	sample_size_kind	case_control	opengwas_api_gwasinfo	n_cases=1481;n_controls=461529	
ukb-b-7428	stored_effect_scale	sd	opengwas_api_gwasinfo		
ukb-b-7429	sample_size_kind	total	opengwas_api_gwasinfo	n_cases=;n_controls=	
ukb-b-7429	stored_effect_scale	sd	opengwas_api_gwasinfo		
ukb-b-7432	sample_size_kind	total	opengwas_api_gwasinfo	n_cases=;n_controls=	
ukb-b-7432	stored_effect_scale	sd	opengwas_api_gwasinfo		
ukb-b-7435	sample_size_kind	total	opengwas_api_gwasinfo	n_cases=;n_controls=	
ukb-b-7435	stored_effect_scale	sd	opengwas_api_gwasinfo		
ukb-b-7436	sample_size_kind	case_control	opengwas_api_gwasinfo	n_cases=5771;n_controls=457239	
ukb-b-7436	stored_effect_scale	sd	opengwas_api_gwasinfo		
ukb-b-744	sample_size_kind	case_control	opengwas_api_gwasinfo	n_cases=4928;n_controls=458082	
ukb-b-744	stored_effect_scale	sd	opengwas_api_gwasinfo		
ukb-b-7443	sample_size_kind	case_control	opengwas_api_gwasinfo	n_cases=1245;n_controls=461765	
ukb-b-7443	stored_effect_scale	sd	opengwas_api_gwasinfo		
ukb-b-7444	sample_size_kind	case_control	opengwas_api_gwasinfo	n_cases=2321;n_controls=460689	
ukb-b-7444	stored_effect_scale	sd	opengwas_api_gwasinfo		
ukb-b-7460	sample_size_kind	total	opengwas_api_gwasinfo	n_cases=;n_controls=	
ukb-b-7460	stored_effect_scale	sd	opengwas_api_gwasinfo		
ukb-b-7463	sample_size_kind	case_control	opengwas_api_gwasinfo	n_cases=2729;n_controls=460281	
ukb-b-7463	stored_effect_scale	sd	opengwas_api_gwasinfo		
ukb-b-7467	sample_size_kind	case_control	opengwas_api_gwasinfo	n_cases=2176;n_controls=460834	
ukb-b-7467	stored_effect_scale	sd	opengwas_api_gwasinfo		
ukb-b-7469	sample_size_kind	case_control	opengwas_api_gwasinfo	n_cases=6239;n_controls=456694	
ukb-b-7469	stored_effect_scale	sd	opengwas_api_gwasinfo		
ukb-b-7478	sample_size_kind	total	opengwas_api_gwasinfo	n_cases=;n_controls=	
ukb-b-7478	stored_effect_scale	sd	opengwas_api_gwasinfo		
ukb-b-748	sample_size_kind	total	opengwas_api_gwasinfo	n_cases=;n_controls=	
ukb-b-748	stored_effect_scale	sd	opengwas_api_gwasinfo		
ukb-b-7500	sample_size_kind	total	opengwas_api_gwasinfo	n_cases=;n_controls=	
ukb-b-7500	stored_effect_scale	sd	opengwas_api_gwasinfo		
ukb-b-7503	sample_size_kind	case_control	opengwas_api_gwasinfo	n_cases=3730;n_controls=61219	
ukb-b-7503	stored_effect_scale	sd	opengwas_api_gwasinfo		
ukb-b-752	sample_size_kind	case_control	opengwas_api_gwasinfo	n_cases=1899;n_controls=461111	
ukb-b-752	stored_effect_scale	sd	opengwas_api_gwasinfo		
ukb-b-7534	sample_size_kind	case_control	opengwas_api_gwasinfo	n_cases=1596;n_controls=461414	
ukb-b-7534	stored_effect_scale	sd	opengwas_api_gwasinfo		
ukb-b-7551	sample_size_kind	total	opengwas_api_gwasinfo	n_cases=;n_controls=	
ukb-b-7551	stored_effect_scale	sd	opengwas_api_gwasinfo		
ukb-b-7556	sample_size_kind	total	opengwas_api_gwasinfo	n_cases=;n_controls=	
ukb-b-7556	stored_effect_scale	sd	opengwas_api_gwasinfo		
ukb-b-7564	sample_size_kind	case_control	opengwas_api_gwasinfo	n_cases=1125;n_controls=461808	
ukb-b-7564	stored_effect_scale	sd	opengwas_api_gwasinfo		
ukb-b-758	sample_size_kind	total	opengwas_api_gwasinfo	n_cases=;n_controls=	
ukb-b-758	stored_effect_scale	sd	opengwas_api_gwasinfo		
ukb-b-7582	sample_size_kind	case_control	opengwas_api_gwasinfo	n_cases=2095;n_controls=460838	
ukb-b-7582	stored_effect_scale	sd	opengwas_api_gwasinfo		
ukb-b-7584	sample_size_kind	case_control	opengwas_api_gwasinfo	n_cases=2439;n_controls=460494	
ukb-b-7584	stored_effect_scale	sd	opengwas_api_gwasinfo		
ukb-b-7587	sample_size_kind	case_control	opengwas_api_gwasinfo	n_cases=5318;n_controls=19929	
ukb-b-7587	stored_effect_scale	sd	opengwas_api_gwasinfo		
ukb-b-7589	sample_size_kind	case_control	opengwas_api_gwasinfo	n_cases=1742;n_controls=461268	
ukb-b-7589	stored_effect_scale	sd	opengwas_api_gwasinfo		
ukb-b-7593	sample_size_kind	total	opengwas_api_gwasinfo	n_cases=;n_controls=	
ukb-b-7593	stored_effect_scale	sd	opengwas_api_gwasinfo		
ukb-b-7596	sample_size_kind	total	opengwas_api_gwasinfo	n_cases=;n_controls=	
ukb-b-7596	stored_effect_scale	sd	opengwas_api_gwasinfo		
ukb-b-7603	sample_size_kind	case_control	opengwas_api_gwasinfo	n_cases=3347;n_controls=459586	
ukb-b-7603	stored_effect_scale	sd	opengwas_api_gwasinfo		
ukb-b-7609	sample_size_kind	case_control	opengwas_api_gwasinfo	n_cases=3871;n_controls=459139	
ukb-b-7609	stored_effect_scale	sd	opengwas_api_gwasinfo		
ukb-b-7641	sample_size_kind	total	opengwas_api_gwasinfo	n_cases=;n_controls=	
ukb-b-7641	stored_effect_scale	sd	opengwas_api_gwasinfo		
ukb-b-7643	sample_size_kind	case_control	opengwas_api_gwasinfo	n_cases=1091;n_controls=461919	
ukb-b-7643	stored_effect_scale	sd	opengwas_api_gwasinfo		
ukb-b-7647	sample_size_kind	case_control	opengwas_api_gwasinfo	n_cases=43173;n_controls=402976	
ukb-b-7647	stored_effect_scale	sd	opengwas_api_gwasinfo		
ukb-b-7660	sample_size_kind	case_control	opengwas_api_gwasinfo	n_cases=1160;n_controls=461850	
ukb-b-7660	stored_effect_scale	sd	opengwas_api_gwasinfo		
ukb-b-7663	sample_size_kind	case_control	opengwas_api_gwasinfo	n_cases=47468;n_controls=412908	
ukb-b-7663	stored_effect_scale	sd	opengwas_api_gwasinfo		
ukb-b-7675	sample_size_kind	case_control	opengwas_api_gwasinfo	n_cases=3921;n_controls=459089	
ukb-b-7675	stored_effect_scale	sd	opengwas_api_gwasinfo		
ukb-b-770	sample_size_kind	total	opengwas_api_gwasinfo	n_cases=;n_controls=	
ukb-b-770	stored_effect_scale	sd	opengwas_api_gwasinfo		
ukb-b-7700	sample_size_kind	case_control	opengwas_api_gwasinfo	n_cases=3540;n_controls=459470	
ukb-b-7700	stored_effect_scale	sd	opengwas_api_gwasinfo		
ukb-b-7702	sample_size_kind	case_control	opengwas_api_gwasinfo	n_cases=3054;n_controls=459956	
ukb-b-7702	stored_effect_scale	sd	opengwas_api_gwasinfo		
ukb-b-7710	sample_size_kind	total	opengwas_api_gwasinfo	n_cases=;n_controls=	
ukb-b-7710	stored_effect_scale	sd	opengwas_api_gwasinfo		
ukb-b-7739	sample_size_kind	case_control	opengwas_api_gwasinfo	n_cases=1127;n_controls=461883	
ukb-b-7739	stored_effect_scale	sd	opengwas_api_gwasinfo		
ukb-b-7748	sample_size_kind	case_control	opengwas_api_gwasinfo	n_cases=22028;n_controls=401107	
ukb-b-7748	stored_effect_scale	sd	opengwas_api_gwasinfo		
ukb-b-7753	sample_size_kind	total	opengwas_api_gwasinfo	n_cases=;n_controls=	
ukb-b-7753	stored_effect_scale	sd	opengwas_api_gwasinfo		
ukb-b-7754	sample_size_kind	case_control	opengwas_api_gwasinfo	n_cases=1244;n_controls=461689	
ukb-b-7754	stored_effect_scale	sd	opengwas_api_gwasinfo		
ukb-b-7759	sample_size_kind	case_control	opengwas_api_gwasinfo	n_cases=53091;n_controls=11858	
ukb-b-7759	stored_effect_scale	sd	opengwas_api_gwasinfo		
ukb-b-7760	sample_size_kind	case_control	opengwas_api_gwasinfo	n_cases=4156;n_controls=60793	
ukb-b-7760	stored_effect_scale	sd	opengwas_api_gwasinfo		
ukb-b-7763	sample_size_kind	case_control	opengwas_api_gwasinfo	n_cases=3899;n_controls=457255	
ukb-b-7763	stored_effect_scale	sd	opengwas_api_gwasinfo		
ukb-b-7773	sample_size_kind	case_control	opengwas_api_gwasinfo	n_cases=30945;n_controls=368725	
ukb-b-7773	stored_effect_scale	sd	opengwas_api_gwasinfo		
ukb-b-779	sample_size_kind	case_control	opengwas_api_gwasinfo	n_cases=2625;n_controls=460385	
ukb-b-779	stored_effect_scale	sd	opengwas_api_gwasinfo		
ukb-b-7793	sample_size_kind	case_control	opengwas_api_gwasinfo	n_cases=2211;n_controls=460799	
ukb-b-7793	stored_effect_scale	sd	opengwas_api_gwasinfo		
ukb-b-78	sample_size_kind	case_control	opengwas_api_gwasinfo	n_cases=1908;n_controls=461102	
ukb-b-78	stored_effect_scale	sd	opengwas_api_gwasinfo		
ukb-b-7805	sample_size_kind	case_control	opengwas_api_gwasinfo	n_cases=2913;n_controls=460097	
ukb-b-7805	stored_effect_scale	sd	opengwas_api_gwasinfo		
ukb-b-7815	sample_size_kind	case_control	opengwas_api_gwasinfo	n_cases=1600;n_controls=461410	
ukb-b-7815	stored_effect_scale	sd	opengwas_api_gwasinfo		
ukb-b-782	sample_size_kind	case_control	opengwas_api_gwasinfo	n_cases=1521;n_controls=461489	
ukb-b-782	stored_effect_scale	sd	opengwas_api_gwasinfo		
ukb-b-7831	sample_size_kind	case_control	opengwas_api_gwasinfo	n_cases=1060;n_controls=461873	
ukb-b-7831	stored_effect_scale	sd	opengwas_api_gwasinfo		
ukb-b-7844	sample_size_kind	case_control	opengwas_api_gwasinfo	n_cases=1869;n_controls=461141	
ukb-b-7844	stored_effect_scale	sd	opengwas_api_gwasinfo		
ukb-b-7853	sample_size_kind	case_control	opengwas_api_gwasinfo	n_cases=1385;n_controls=461625	
ukb-b-7853	stored_effect_scale	sd	opengwas_api_gwasinfo		
ukb-b-7859	sample_size_kind	total	opengwas_api_gwasinfo	n_cases=;n_controls=	
ukb-b-7859	stored_effect_scale	sd	opengwas_api_gwasinfo		
ukb-b-7864	sample_size_kind	total	opengwas_api_gwasinfo	n_cases=;n_controls=	
ukb-b-7864	stored_effect_scale	sd	opengwas_api_gwasinfo		
ukb-b-7869	sample_size_kind	case_control	opengwas_api_gwasinfo	n_cases=4836;n_controls=458097	
ukb-b-7869	stored_effect_scale	sd	opengwas_api_gwasinfo		
ukb-b-7872	sample_size_kind	case_control	opengwas_api_gwasinfo	n_cases=60218;n_controls=400895	
ukb-b-7872	stored_effect_scale	sd	opengwas_api_gwasinfo		
ukb-b-7879	sample_size_kind	case_control	opengwas_api_gwasinfo	n_cases=2273;n_controls=460737	
ukb-b-7879	stored_effect_scale	sd	opengwas_api_gwasinfo		
ukb-b-7881	sample_size_kind	case_control	opengwas_api_gwasinfo	n_cases=9746;n_controls=453264	
ukb-b-7881	stored_effect_scale	sd	opengwas_api_gwasinfo		
ukb-b-7896	sample_size_kind	case_control	opengwas_api_gwasinfo	n_cases=1151;n_controls=461782	
ukb-b-7896	stored_effect_scale	sd	opengwas_api_gwasinfo		
ukb-b-7901	sample_size_kind	case_control	opengwas_api_gwasinfo	n_cases=1024;n_controls=461909	
ukb-b-7901	stored_effect_scale	sd	opengwas_api_gwasinfo		
ukb-b-791	sample_size_kind	total	opengwas_api_gwasinfo	n_cases=;n_controls=	
ukb-b-791	stored_effect_scale	sd	opengwas_api_gwasinfo		
ukb-b-7910	sample_size_kind	case_control	opengwas_api_gwasinfo	n_cases=23883;n_controls=376037	
ukb-b-7910	stored_effect_scale	sd	opengwas_api_gwasinfo		
ukb-b-7926	sample_size_kind	case_control	opengwas_api_gwasinfo	n_cases=84853;n_controls=373226	
ukb-b-7926	stored_effect_scale	sd	opengwas_api_gwasinfo		
ukb-b-7932	sample_size_kind	case_control	opengwas_api_gwasinfo	n_cases=3216;n_controls=459794	
ukb-b-7932	stored_effect_scale	sd	opengwas_api_gwasinfo		
ukb-b-7946	sample_size_kind	case_control	opengwas_api_gwasinfo	n_cases=1665;n_controls=461345	
ukb-b-7946	stored_effect_scale	sd	opengwas_api_gwasinfo		
ukb-b-7953	sample_size_kind	total	opengwas_api_gwasinfo	n_cases=;n_controls=	
ukb-b-7953	stored_effect_scale	sd	opengwas_api_gwasinfo		
ukb-b-7966	sample_size_kind	case_control	opengwas_api_gwasinfo	n_cases=3121;n_controls=459812	
ukb-b-7966	stored_effect_scale	sd	opengwas_api_gwasinfo		
ukb-b-7992	sample_size_kind	total	opengwas_api_gwasinfo	n_cases=;n_controls=	
ukb-b-7992	stored_effect_scale	sd	opengwas_api_gwasinfo		
ukb-b-8006	sample_size_kind	total	opengwas_api_gwasinfo	n_cases=;n_controls=	
ukb-b-8006	stored_effect_scale	sd	opengwas_api_gwasinfo		
ukb-b-8007	sample_size_kind	total	opengwas_api_gwasinfo	n_cases=;n_controls=	
ukb-b-8007	stored_effect_scale	sd	opengwas_api_gwasinfo		
ukb-b-8013	sample_size_kind	total	opengwas_api_gwasinfo	n_cases=;n_controls=	
ukb-b-8013	stored_effect_scale	sd	opengwas_api_gwasinfo		
ukb-b-8024	sample_size_kind	case_control	opengwas_api_gwasinfo	n_cases=1663;n_controls=461347	
ukb-b-8024	stored_effect_scale	sd	opengwas_api_gwasinfo		
ukb-b-8053	sample_size_kind	case_control	opengwas_api_gwasinfo	n_cases=8205;n_controls=454728	
ukb-b-8053	stored_effect_scale	sd	opengwas_api_gwasinfo		
ukb-b-8061	sample_size_kind	case_control	opengwas_api_gwasinfo	n_cases=1182;n_controls=63767	
ukb-b-8061	stored_effect_scale	sd	opengwas_api_gwasinfo		
ukb-b-8072	sample_size_kind	case_control	opengwas_api_gwasinfo	n_cases=4133;n_controls=458877	
ukb-b-8072	stored_effect_scale	sd	opengwas_api_gwasinfo		
ukb-b-8080	sample_size_kind	case_control	opengwas_api_gwasinfo	n_cases=18641;n_controls=231069	
ukb-b-8080	stored_effect_scale	sd	opengwas_api_gwasinfo		
ukb-b-8085	sample_size_kind	case_control	opengwas_api_gwasinfo	n_cases=1059;n_controls=461951	
ukb-b-8085	stored_effect_scale	sd	opengwas_api_gwasinfo		
ukb-b-8088	sample_size_kind	case_control	opengwas_api_gwasinfo	n_cases=2677;n_controls=460333	
ukb-b-8088	stored_effect_scale	sd	opengwas_api_gwasinfo		
ukb-b-8089	sample_size_kind	total	opengwas_api_gwasinfo	n_cases=;n_controls=	
ukb-b-8089	stored_effect_scale	sd	opengwas_api_gwasinfo		
ukb-b-8092	sample_size_kind	case_control	opengwas_api_gwasinfo	n_cases=1039;n_controls=461971	
ukb-b-8092	stored_effect_scale	sd	opengwas_api_gwasinfo		
ukb-b-8102	sample_size_kind	case_control	opengwas_api_gwasinfo	n_cases=3624;n_controls=61325	
ukb-b-8102	stored_effect_scale	sd	opengwas_api_gwasinfo		
ukb-b-8105	sample_size_kind	case_control	opengwas_api_gwasinfo	n_cases=1099;n_controls=461911	
ukb-b-8105	stored_effect_scale	sd	opengwas_api_gwasinfo		
ukb-b-8106	sample_size_kind	case_control	opengwas_api_gwasinfo	n_cases=1101;n_controls=461909	
ukb-b-8106	stored_effect_scale	sd	opengwas_api_gwasinfo		
ukb-b-8107	sample_size_kind	case_control	opengwas_api_gwasinfo	n_cases=1344;n_controls=461666	
ukb-b-8107	stored_effect_scale	sd	opengwas_api_gwasinfo		
ukb-b-8114	sample_size_kind	case_control	opengwas_api_gwasinfo	n_cases=1703;n_controls=442389	
ukb-b-8114	stored_effect_scale	sd	opengwas_api_gwasinfo		
ukb-b-8115	sample_size_kind	case_control	opengwas_api_gwasinfo	n_cases=1290;n_controls=461720	
ukb-b-8115	stored_effect_scale	sd	opengwas_api_gwasinfo		
ukb-b-812	sample_size_kind	total	opengwas_api_gwasinfo	n_cases=;n_controls=	
ukb-b-812	stored_effect_scale	sd	opengwas_api_gwasinfo		
ukb-b-8121	sample_size_kind	total	opengwas_api_gwasinfo	n_cases=;n_controls=	
ukb-b-8121	stored_effect_scale	sd	opengwas_api_gwasinfo		
ukb-b-8124	sample_size_kind	total	opengwas_api_gwasinfo	n_cases=;n_controls=	
ukb-b-8124	stored_effect_scale	sd	opengwas_api_gwasinfo		
ukb-b-8131	sample_size_kind	case_control	opengwas_api_gwasinfo	n_cases=7880;n_controls=455130	
ukb-b-8131	stored_effect_scale	sd	opengwas_api_gwasinfo		
ukb-b-8133	sample_size_kind	case_control	opengwas_api_gwasinfo	n_cases=57021;n_controls=66873	
ukb-b-8133	stored_effect_scale	sd	opengwas_api_gwasinfo		
ukb-b-8136	sample_size_kind	case_control	opengwas_api_gwasinfo	n_cases=2630;n_controls=460380	
ukb-b-8136	stored_effect_scale	sd	opengwas_api_gwasinfo		
ukb-b-8146	sample_size_kind	case_control	opengwas_api_gwasinfo	n_cases=8885;n_controls=448662	
ukb-b-8146	stored_effect_scale	sd	opengwas_api_gwasinfo		
ukb-b-8147	sample_size_kind	case_control	opengwas_api_gwasinfo	n_cases=85782;n_controls=377151	
ukb-b-8147	stored_effect_scale	sd	opengwas_api_gwasinfo		
ukb-b-8161	sample_size_kind	case_control	opengwas_api_gwasinfo	n_cases=1659;n_controls=461351	
ukb-b-8161	stored_effect_scale	sd	opengwas_api_gwasinfo		
ukb-b-8172	sample_size_kind	case_control	opengwas_api_gwasinfo	n_cases=1101;n_controls=461832	
ukb-b-8172	stored_effect_scale	sd	opengwas_api_gwasinfo		
ukb-b-8184	sample_size_kind	case_control	opengwas_api_gwasinfo	n_cases=5861;n_controls=457149	
ukb-b-8184	stored_effect_scale	sd	opengwas_api_gwasinfo		
ukb-b-8193	sample_size_kind	case_control	opengwas_api_gwasinfo	n_cases=1101;n_controls=461832	
ukb-b-8193	stored_effect_scale	sd	opengwas_api_gwasinfo		
ukb-b-8194	sample_size_kind	case_control	opengwas_api_gwasinfo	n_cases=4394;n_controls=458539	
ukb-b-8194	stored_effect_scale	sd	opengwas_api_gwasinfo		
ukb-b-8196	sample_size_kind	case_control	opengwas_api_gwasinfo	n_cases=27205;n_controls=122296	
ukb-b-8196	stored_effect_scale	sd	opengwas_api_gwasinfo		
ukb-b-8197	sample_size_kind	case_control	opengwas_api_gwasinfo	n_cases=1530;n_controls=461480	
ukb-b-8197	stored_effect_scale	sd	opengwas_api_gwasinfo		
ukb-b-8201	sample_size_kind	case_control	opengwas_api_gwasinfo	n_cases=2210;n_controls=460723	
ukb-b-8201	stored_effect_scale	sd	opengwas_api_gwasinfo		
ukb-b-8205	sample_size_kind	case_control	opengwas_api_gwasinfo	n_cases=1205;n_controls=461805	
ukb-b-8205	stored_effect_scale	sd	opengwas_api_gwasinfo		
ukb-b-8210	sample_size_kind	case_control	opengwas_api_gwasinfo	n_cases=1401;n_controls=461532	
ukb-b-8210	stored_effect_scale	sd	opengwas_api_gwasinfo		
ukb-b-8213	sample_size_kind	case_control	opengwas_api_gwasinfo	n_cases=1433;n_controls=461577	
ukb-b-8213	stored_effect_scale	sd	opengwas_api_gwasinfo		
ukb-b-8221	sample_size_kind	total	opengwas_api_gwasinfo	n_cases=;n_controls=	
ukb-b-8221	stored_effect_scale	sd	opengwas_api_gwasinfo		
ukb-b-8229	sample_size_kind	case_control	opengwas_api_gwasinfo	n_cases=3542;n_controls=459391	
ukb-b-8229	stored_effect_scale	sd	opengwas_api_gwasinfo		
ukb-b-8236	sample_size_kind	case_control	opengwas_api_gwasinfo	n_cases=1027;n_controls=461906	
ukb-b-8236	stored_effect_scale	sd	opengwas_api_gwasinfo		
ukb-b-8241	sample_size_kind	case_control	opengwas_api_gwasinfo	n_cases=2626;n_controls=460307	
ukb-b-8241	stored_effect_scale	sd	opengwas_api_gwasinfo		
ukb-b-8266	sample_size_kind	total	opengwas_api_gwasinfo	n_cases=;n_controls=	
ukb-b-8266	stored_effect_scale	sd	opengwas_api_gwasinfo		
ukb-b-8268	sample_size_kind	case_control	opengwas_api_gwasinfo	n_cases=1706;n_controls=461304	
ukb-b-8268	stored_effect_scale	sd	opengwas_api_gwasinfo		
ukb-b-8278	sample_size_kind	case_control	opengwas_api_gwasinfo	n_cases=2993;n_controls=459940	
ukb-b-8278	stored_effect_scale	sd	opengwas_api_gwasinfo		
ukb-b-8297	sample_size_kind	case_control	opengwas_api_gwasinfo	n_cases=3625;n_controls=459308	
ukb-b-8297	stored_effect_scale	sd	opengwas_api_gwasinfo		
ukb-b-8301	sample_size_kind	case_control	opengwas_api_gwasinfo	n_cases=10819;n_controls=452114	
ukb-b-8301	stored_effect_scale	sd	opengwas_api_gwasinfo		
ukb-b-8315	sample_size_kind	case_control	opengwas_api_gwasinfo	n_cases=1486;n_controls=461447	
ukb-b-8315	stored_effect_scale	sd	opengwas_api_gwasinfo		
ukb-b-8316	sample_size_kind	total	opengwas_api_gwasinfo	n_cases=;n_controls=	
ukb-b-8316	stored_effect_scale	sd	opengwas_api_gwasinfo		
ukb-b-8329	sample_size_kind	case_control	opengwas_api_gwasinfo	n_cases=14254;n_controls=136388	
ukb-b-8329	stored_effect_scale	sd	opengwas_api_gwasinfo		
ukb-b-8338	sample_size_kind	total	opengwas_api_gwasinfo	n_cases=;n_controls=	
ukb-b-8338	stored_effect_scale	sd	opengwas_api_gwasinfo		
ukb-b-8348	sample_size_kind	case_control	opengwas_api_gwasinfo	n_cases=1837;n_controls=461173	
ukb-b-8348	stored_effect_scale	sd	opengwas_api_gwasinfo		
ukb-b-8369	sample_size_kind	total	opengwas_api_gwasinfo	n_cases=;n_controls=	
ukb-b-8369	stored_effect_scale	sd	opengwas_api_gwasinfo		
ukb-b-837	sample_size_kind	case_control	opengwas_api_gwasinfo	n_cases=1188;n_controls=461032	
ukb-b-837	stored_effect_scale	sd	opengwas_api_gwasinfo		
ukb-b-8374	sample_size_kind	total	opengwas_api_gwasinfo	n_cases=;n_controls=	
ukb-b-8374	stored_effect_scale	sd	opengwas_api_gwasinfo		
ukb-b-8379	sample_size_kind	case_control	opengwas_api_gwasinfo	n_cases=2714;n_controls=460296	
ukb-b-8379	stored_effect_scale	sd	opengwas_api_gwasinfo		
ukb-b-8388	sample_size_kind	case_control	opengwas_api_gwasinfo	n_cases=2592;n_controls=18649	
ukb-b-8388	stored_effect_scale	sd	opengwas_api_gwasinfo		
ukb-b-8390	sample_size_kind	case_control	opengwas_api_gwasinfo	n_cases=1927;n_controls=461083	
ukb-b-8390	stored_effect_scale	sd	opengwas_api_gwasinfo		
ukb-b-8398	sample_size_kind	case_control	opengwas_api_gwasinfo	n_cases=4737;n_controls=458196	
ukb-b-8398	stored_effect_scale	sd	opengwas_api_gwasinfo		
ukb-b-8416	sample_size_kind	case_control	opengwas_api_gwasinfo	n_cases=3372;n_controls=459638	
ukb-b-8416	stored_effect_scale	sd	opengwas_api_gwasinfo		
ukb-b-8425	sample_size_kind	case_control	opengwas_api_gwasinfo	n_cases=2019;n_controls=460914	
ukb-b-8425	stored_effect_scale	sd	opengwas_api_gwasinfo		
ukb-b-8428	sample_size_kind	total	opengwas_api_gwasinfo	n_cases=;n_controls=	
ukb-b-8428	stored_effect_scale	sd	opengwas_api_gwasinfo		
ukb-b-8442	sample_size_kind	total	opengwas_api_gwasinfo	n_cases=;n_controls=	
ukb-b-8442	stored_effect_scale	sd	opengwas_api_gwasinfo		
ukb-b-8446	sample_size_kind	case_control	opengwas_api_gwasinfo	n_cases=38715;n_controls=424010	
ukb-b-8446	stored_effect_scale	sd	opengwas_api_gwasinfo		
ukb-b-845	sample_size_kind	total	opengwas_api_gwasinfo	n_cases=;n_controls=	
ukb-b-845	stored_effect_scale	sd	opengwas_api_gwasinfo		
ukb-b-8463	sample_size_kind	case_control	opengwas_api_gwasinfo	n_cases=80588;n_controls=36816	
ukb-b-8463	stored_effect_scale	sd	opengwas_api_gwasinfo		
ukb-b-8468	sample_size_kind	case_control	opengwas_api_gwasinfo	n_cases=14828;n_controls=447052	
ukb-b-8468	stored_effect_scale	sd	opengwas_api_gwasinfo		
ukb-b-847	sample_size_kind	case_control	opengwas_api_gwasinfo	n_cases=21214;n_controls=441719	
ukb-b-847	stored_effect_scale	sd	opengwas_api_gwasinfo		
ukb-b-8470	sample_size_kind	case_control	opengwas_api_gwasinfo	n_cases=2814;n_controls=460119	
ukb-b-8470	stored_effect_scale	sd	opengwas_api_gwasinfo		
ukb-b-8476	sample_size_kind	case_control	opengwas_api_gwasinfo	n_cases=82436;n_controls=372928	
ukb-b-8476	stored_effect_scale	sd	opengwas_api_gwasinfo		
ukb-b-8491	sample_size_kind	case_control	opengwas_api_gwasinfo	n_cases=1440;n_controls=461493	
ukb-b-8491	stored_effect_scale	sd	opengwas_api_gwasinfo		
ukb-b-8517	sample_size_kind	case_control	opengwas_api_gwasinfo	n_cases=1624;n_controls=461309	
ukb-b-8517	stored_effect_scale	sd	opengwas_api_gwasinfo		
ukb-b-8537	sample_size_kind	total	opengwas_api_gwasinfo	n_cases=;n_controls=	
ukb-b-8537	stored_effect_scale	sd	opengwas_api_gwasinfo		
ukb-b-8539	sample_size_kind	case_control	opengwas_api_gwasinfo	n_cases=1137;n_controls=461873	
ukb-b-8539	stored_effect_scale	sd	opengwas_api_gwasinfo		
ukb-b-8543	sample_size_kind	case_control	opengwas_api_gwasinfo	n_cases=1407;n_controls=461603	
ukb-b-8543	stored_effect_scale	sd	opengwas_api_gwasinfo		
ukb-b-8549	sample_size_kind	case_control	opengwas_api_gwasinfo	n_cases=1244;n_controls=461766	
ukb-b-8549	stored_effect_scale	sd	opengwas_api_gwasinfo		
ukb-b-8553	sample_size_kind	total	opengwas_api_gwasinfo	n_cases=;n_controls=	
ukb-b-8553	stored_effect_scale	sd	opengwas_api_gwasinfo		
ukb-b-8566	sample_size_kind	case_control	opengwas_api_gwasinfo	n_cases=1952;n_controls=461058	
ukb-b-8566	stored_effect_scale	sd	opengwas_api_gwasinfo		
ukb-b-8572	sample_size_kind	case_control	opengwas_api_gwasinfo	n_cases=1559;n_controls=461451	
ukb-b-8572	stored_effect_scale	sd	opengwas_api_gwasinfo		
ukb-b-8587	sample_size_kind	case_control	opengwas_api_gwasinfo	n_cases=1835;n_controls=461098	
ukb-b-8587	stored_effect_scale	sd	opengwas_api_gwasinfo		
ukb-b-8602	sample_size_kind	case_control	opengwas_api_gwasinfo	n_cases=3840;n_controls=459093	
ukb-b-8602	stored_effect_scale	sd	opengwas_api_gwasinfo		
ukb-b-8607	sample_size_kind	total	opengwas_api_gwasinfo	n_cases=;n_controls=	
ukb-b-8607	stored_effect_scale	sd	opengwas_api_gwasinfo		
ukb-b-8621	sample_size_kind	case_control	opengwas_api_gwasinfo	n_cases=1496;n_controls=461514	
ukb-b-8621	stored_effect_scale	sd	opengwas_api_gwasinfo		
ukb-b-8624	sample_size_kind	case_control	opengwas_api_gwasinfo	n_cases=1265;n_controls=461668	
ukb-b-8624	stored_effect_scale	sd	opengwas_api_gwasinfo		
ukb-b-8631	sample_size_kind	case_control	opengwas_api_gwasinfo	n_cases=1989;n_controls=460944	
ukb-b-8631	stored_effect_scale	sd	opengwas_api_gwasinfo		
ukb-b-8633	sample_size_kind	case_control	opengwas_api_gwasinfo	n_cases=38993;n_controls=422511	
ukb-b-8633	stored_effect_scale	sd	opengwas_api_gwasinfo		
ukb-b-8637	sample_size_kind	case_control	opengwas_api_gwasinfo	n_cases=1548;n_controls=461385	
ukb-b-8637	stored_effect_scale	sd	opengwas_api_gwasinfo		
ukb-b-8648	sample_size_kind	case_control	opengwas_api_gwasinfo	n_cases=1432;n_controls=461578	
ukb-b-8648	stored_effect_scale	sd	opengwas_api_gwasinfo		
ukb-b-8650	sample_size_kind	case_control	opengwas_api_gwasinfo	n_cases=14770;n_controls=448163	
ukb-b-8650	stored_effect_scale	sd	opengwas_api_gwasinfo		
ukb-b-8659	sample_size_kind	case_control	opengwas_api_gwasinfo	n_cases=3391;n_controls=61558	
ukb-b-8659	stored_effect_scale	sd	opengwas_api_gwasinfo		
ukb-b-8667	sample_size_kind	case_control	opengwas_api_gwasinfo	n_cases=75256;n_controls=373260	
ukb-b-8667	stored_effect_scale	sd	opengwas_api_gwasinfo		
ukb-b-8668	sample_size_kind	case_control	opengwas_api_gwasinfo	n_cases=5176;n_controls=457757	
ukb-b-8668	stored_effect_scale	sd	opengwas_api_gwasinfo		
ukb-b-8670	sample_size_kind	case_control	opengwas_api_gwasinfo	n_cases=1017;n_controls=461993	
ukb-b-8670	stored_effect_scale	sd	opengwas_api_gwasinfo		
ukb-b-8676	sample_size_kind	total	opengwas_api_gwasinfo	n_cases=;n_controls=	
ukb-b-8676	stored_effect_scale	sd	opengwas_api_gwasinfo		
ukb-b-868	sample_size_kind	case_control	opengwas_api_gwasinfo	n_cases=1322;n_controls=461688	
ukb-b-868	stored_effect_scale	sd	opengwas_api_gwasinfo		
ukb-b-8685	sample_size_kind	case_control	opengwas_api_gwasinfo	n_cases=1450;n_controls=461560	
ukb-b-8685	stored_effect_scale	sd	opengwas_api_gwasinfo		
ukb-b-8687	sample_size_kind	case_control	opengwas_api_gwasinfo	n_cases=1536;n_controls=461474	
ukb-b-8687	stored_effect_scale	sd	opengwas_api_gwasinfo		
ukb-b-8694	sample_size_kind	case_control	opengwas_api_gwasinfo	n_cases=1162;n_controls=461848	
ukb-b-8694	stored_effect_scale	sd	opengwas_api_gwasinfo		
ukb-b-8699	sample_size_kind	case_control	opengwas_api_gwasinfo	n_cases=1225;n_controls=461785	
ukb-b-8699	stored_effect_scale	sd	opengwas_api_gwasinfo		
ukb-b-8703	sample_size_kind	case_control	opengwas_api_gwasinfo	n_cases=1333;n_controls=461677	
ukb-b-8703	stored_effect_scale	sd	opengwas_api_gwasinfo		
ukb-b-8707	sample_size_kind	case_control	opengwas_api_gwasinfo	n_cases=3135;n_controls=459875	
ukb-b-8707	stored_effect_scale	sd	opengwas_api_gwasinfo		
ukb-b-8714	sample_size_kind	case_control	opengwas_api_gwasinfo	n_cases=7055;n_controls=454825	
ukb-b-8714	stored_effect_scale	sd	opengwas_api_gwasinfo		
ukb-b-872	sample_size_kind	case_control	opengwas_api_gwasinfo	n_cases=2359;n_controls=460574	
ukb-b-872	stored_effect_scale	sd	opengwas_api_gwasinfo		
ukb-b-8720	sample_size_kind	case_control	opengwas_api_gwasinfo	n_cases=1401;n_controls=461532	
ukb-b-8720	stored_effect_scale	sd	opengwas_api_gwasinfo		
ukb-b-8724	sample_size_kind	case_control	opengwas_api_gwasinfo	n_cases=1726;n_controls=461284	
ukb-b-8724	stored_effect_scale	sd	opengwas_api_gwasinfo		
ukb-b-8727	sample_size_kind	total	opengwas_api_gwasinfo	n_cases=;n_controls=	
ukb-b-8727	stored_effect_scale	sd	opengwas_api_gwasinfo		
ukb-b-873	sample_size_kind	case_control	opengwas_api_gwasinfo	n_cases=1036;n_controls=459304	
ukb-b-873	stored_effect_scale	sd	opengwas_api_gwasinfo		
ukb-b-8746	sample_size_kind	case_control	opengwas_api_gwasinfo	n_cases=77059;n_controls=287602	
ukb-b-8746	stored_effect_scale	sd	opengwas_api_gwasinfo		
ukb-b-8755	sample_size_kind	case_control	opengwas_api_gwasinfo	n_cases=61702;n_controls=401231	
ukb-b-8755	stored_effect_scale	sd	opengwas_api_gwasinfo		
ukb-b-8759	sample_size_kind	total	opengwas_api_gwasinfo	n_cases=;n_controls=	
ukb-b-8759	stored_effect_scale	sd	opengwas_api_gwasinfo		
ukb-b-8764	sample_size_kind	case_control	opengwas_api_gwasinfo	n_cases=222470;n_controls=237906	
ukb-b-8764	stored_effect_scale	sd	opengwas_api_gwasinfo		
ukb-b-8765	sample_size_kind	total	opengwas_api_gwasinfo	n_cases=;n_controls=	
ukb-b-8765	stored_effect_scale	sd	opengwas_api_gwasinfo		
ukb-b-8777	sample_size_kind	case_control	opengwas_api_gwasinfo	n_cases=1889;n_controls=461044	
ukb-b-8777	stored_effect_scale	sd	opengwas_api_gwasinfo		
ukb-b-8778	sample_size_kind	total	opengwas_api_gwasinfo	n_cases=;n_controls=	
ukb-b-8778	stored_effect_scale	sd	opengwas_api_gwasinfo		
ukb-b-8792	sample_size_kind	case_control	opengwas_api_gwasinfo	n_cases=1186;n_controls=461824	
ukb-b-8792	stored_effect_scale	sd	opengwas_api_gwasinfo		
ukb-b-8793	sample_size_kind	total	opengwas_api_gwasinfo	n_cases=;n_controls=	
ukb-b-8793	stored_effect_scale	sd	opengwas_api_gwasinfo		
ukb-b-8797	sample_size_kind	case_control	opengwas_api_gwasinfo	n_cases=1445;n_controls=461565	
ukb-b-8797	stored_effect_scale	sd	opengwas_api_gwasinfo		
ukb-b-8798	sample_size_kind	case_control	opengwas_api_gwasinfo	n_cases=9014;n_controls=453996	
ukb-b-8798	stored_effect_scale	sd	opengwas_api_gwasinfo		
ukb-b-8800	sample_size_kind	total	opengwas_api_gwasinfo	n_cases=;n_controls=	
ukb-b-8800	stored_effect_scale	sd	opengwas_api_gwasinfo		
ukb-b-8810	sample_size_kind	case_control	opengwas_api_gwasinfo	n_cases=17094;n_controls=444148	
ukb-b-8810	stored_effect_scale	sd	opengwas_api_gwasinfo		
ukb-b-8814	sample_size_kind	case_control	opengwas_api_gwasinfo	n_cases=5447;n_controls=457563	
ukb-b-8814	stored_effect_scale	sd	opengwas_api_gwasinfo		
ukb-b-8837	sample_size_kind	case_control	opengwas_api_gwasinfo	n_cases=4290;n_controls=458643	
ukb-b-8837	stored_effect_scale	sd	opengwas_api_gwasinfo		
ukb-b-8838	sample_size_kind	case_control	opengwas_api_gwasinfo	n_cases=2381;n_controls=460629	
ukb-b-8838	stored_effect_scale	sd	opengwas_api_gwasinfo		
ukb-b-8842	sample_size_kind	case_control	opengwas_api_gwasinfo	n_cases=1537;n_controls=461473	
ukb-b-8842	stored_effect_scale	sd	opengwas_api_gwasinfo		
ukb-b-8846	sample_size_kind	case_control	opengwas_api_gwasinfo	n_cases=143561;n_controls=319156	
ukb-b-8846	stored_effect_scale	sd	opengwas_api_gwasinfo		
ukb-b-8848	sample_size_kind	case_control	opengwas_api_gwasinfo	n_cases=8072;n_controls=454938	
ukb-b-8848	stored_effect_scale	sd	opengwas_api_gwasinfo		
ukb-b-8855	sample_size_kind	case_control	opengwas_api_gwasinfo	n_cases=1666;n_controls=461344	
ukb-b-8855	stored_effect_scale	sd	opengwas_api_gwasinfo		
ukb-b-8865	sample_size_kind	total	opengwas_api_gwasinfo	n_cases=;n_controls=	
ukb-b-8865	stored_effect_scale	sd	opengwas_api_gwasinfo		
ukb-b-8875	sample_size_kind	total	opengwas_api_gwasinfo	n_cases=;n_controls=	
ukb-b-8875	stored_effect_scale	sd	opengwas_api_gwasinfo		
ukb-b-8877	sample_size_kind	case_control	opengwas_api_gwasinfo	n_cases=1551;n_controls=461459	
ukb-b-8877	stored_effect_scale	sd	opengwas_api_gwasinfo		
ukb-b-8882	sample_size_kind	total	opengwas_api_gwasinfo	n_cases=;n_controls=	
ukb-b-8882	stored_effect_scale	sd	opengwas_api_gwasinfo		
ukb-b-8887	sample_size_kind	total	opengwas_api_gwasinfo	n_cases=;n_controls=	
ukb-b-8887	stored_effect_scale	sd	opengwas_api_gwasinfo		
ukb-b-8888	sample_size_kind	case_control	opengwas_api_gwasinfo	n_cases=68195;n_controls=389352	
ukb-b-8888	stored_effect_scale	sd	opengwas_api_gwasinfo		
ukb-b-8893	sample_size_kind	case_control	opengwas_api_gwasinfo	n_cases=6523;n_controls=24794	
ukb-b-8893	stored_effect_scale	sd	opengwas_api_gwasinfo		
ukb-b-8902	sample_size_kind	case_control	opengwas_api_gwasinfo	n_cases=16262;n_controls=48687	
ukb-b-8902	stored_effect_scale	sd	opengwas_api_gwasinfo		
ukb-b-8906	sample_size_kind	case_control	opengwas_api_gwasinfo	n_cases=76910;n_controls=20979	
ukb-b-8906	stored_effect_scale	sd	opengwas_api_gwasinfo		
ukb-b-8909	sample_size_kind	total	opengwas_api_gwasinfo	n_cases=;n_controls=	
ukb-b-8909	stored_effect_scale	sd	opengwas_api_gwasinfo		
ukb-b-8917	sample_size_kind	total	opengwas_api_gwasinfo	n_cases=;n_controls=	
ukb-b-8917	stored_effect_scale	sd	opengwas_api_gwasinfo		
ukb-b-8929	sample_size_kind	total	opengwas_api_gwasinfo	n_cases=;n_controls=	
ukb-b-8929	stored_effect_scale	sd	opengwas_api_gwasinfo		
ukb-b-8938	sample_size_kind	case_control	opengwas_api_gwasinfo	n_cases=19010;n_controls=442208	
ukb-b-8938	stored_effect_scale	sd	opengwas_api_gwasinfo		
ukb-b-8951	sample_size_kind	total	opengwas_api_gwasinfo	n_cases=;n_controls=	
ukb-b-8951	stored_effect_scale	sd	opengwas_api_gwasinfo		
ukb-b-8961	sample_size_kind	case_control	opengwas_api_gwasinfo	n_cases=2076;n_controls=460857	
ukb-b-8961	stored_effect_scale	sd	opengwas_api_gwasinfo		
ukb-b-898	sample_size_kind	case_control	opengwas_api_gwasinfo	n_cases=3555;n_controls=459455	
ukb-b-898	stored_effect_scale	sd	opengwas_api_gwasinfo		
ukb-b-8988	sample_size_kind	case_control	opengwas_api_gwasinfo	n_cases=3932;n_controls=459078	
ukb-b-8988	stored_effect_scale	sd	opengwas_api_gwasinfo		
ukb-b-9	sample_size_kind	case_control	opengwas_api_gwasinfo	n_cases=2297;n_controls=460713	
ukb-b-9	stored_effect_scale	sd	opengwas_api_gwasinfo		
ukb-b-9019	sample_size_kind	case_control	opengwas_api_gwasinfo	n_cases=4779;n_controls=458231	
ukb-b-9019	stored_effect_scale	sd	opengwas_api_gwasinfo		
ukb-b-9025	sample_size_kind	case_control	opengwas_api_gwasinfo	n_cases=5250;n_controls=59699	
ukb-b-9025	stored_effect_scale	sd	opengwas_api_gwasinfo		
ukb-b-9029	sample_size_kind	case_control	opengwas_api_gwasinfo	n_cases=2089;n_controls=62860	
ukb-b-9029	stored_effect_scale	sd	opengwas_api_gwasinfo		
ukb-b-9038	sample_size_kind	case_control	opengwas_api_gwasinfo	n_cases=22306;n_controls=438924	
ukb-b-9038	stored_effect_scale	sd	opengwas_api_gwasinfo		
ukb-b-9039	sample_size_kind	case_control	opengwas_api_gwasinfo	n_cases=3329;n_controls=459604	
ukb-b-9039	stored_effect_scale	sd	opengwas_api_gwasinfo		
ukb-b-9040	sample_size_kind	case_control	opengwas_api_gwasinfo	n_cases=2254;n_controls=460756	
ukb-b-9040	stored_effect_scale	sd	opengwas_api_gwasinfo		
ukb-b-9043	sample_size_kind	case_control	opengwas_api_gwasinfo	n_cases=10952;n_controls=452058	
ukb-b-9043	stored_effect_scale	sd	opengwas_api_gwasinfo		
ukb-b-9049	sample_size_kind	case_control	opengwas_api_gwasinfo	n_cases=53425;n_controls=406317	
ukb-b-9049	stored_effect_scale	sd	opengwas_api_gwasinfo		
ukb-b-905	sample_size_kind	total	opengwas_api_gwasinfo	n_cases=;n_controls=	
ukb-b-905	stored_effect_scale	sd	opengwas_api_gwasinfo		
ukb-b-9050	sample_size_kind	case_control	opengwas_api_gwasinfo	n_cases=2770;n_controls=147872	
ukb-b-9050	stored_effect_scale	sd	opengwas_api_gwasinfo		
ukb-b-9052	sample_size_kind	total	opengwas_api_gwasinfo	n_cases=;n_controls=	
ukb-b-9052	stored_effect_scale	sd	opengwas_api_gwasinfo		
ukb-b-9054	sample_size_kind	case_control	opengwas_api_gwasinfo	n_cases=11019;n_controls=21843	
ukb-b-9054	stored_effect_scale	sd	opengwas_api_gwasinfo		
ukb-b-9056	sample_size_kind	case_control	opengwas_api_gwasinfo	n_cases=23212;n_controls=438030	
ukb-b-9056	stored_effect_scale	sd	opengwas_api_gwasinfo		
ukb-b-9058	sample_size_kind	case_control	opengwas_api_gwasinfo	n_cases=3641;n_controls=459292	
ukb-b-9058	stored_effect_scale	sd	opengwas_api_gwasinfo		
ukb-b-9074	sample_size_kind	case_control	opengwas_api_gwasinfo	n_cases=2013;n_controls=460997	
ukb-b-9074	stored_effect_scale	sd	opengwas_api_gwasinfo		
ukb-b-9093	sample_size_kind	total	opengwas_api_gwasinfo	n_cases=;n_controls=	
ukb-b-9093	stored_effect_scale	sd	opengwas_api_gwasinfo		
ukb-b-9099	sample_size_kind	total	opengwas_api_gwasinfo	n_cases=;n_controls=	
ukb-b-9099	stored_effect_scale	sd	opengwas_api_gwasinfo		
ukb-b-9107	sample_size_kind	case_control	opengwas_api_gwasinfo	n_cases=1372;n_controls=461638	
ukb-b-9107	stored_effect_scale	sd	opengwas_api_gwasinfo		
ukb-b-9125	sample_size_kind	case_control	opengwas_api_gwasinfo	n_cases=5201;n_controls=457732	
ukb-b-9125	stored_effect_scale	sd	opengwas_api_gwasinfo		
ukb-b-9127	sample_size_kind	case_control	opengwas_api_gwasinfo	n_cases=46263;n_controls=356126	
ukb-b-9127	stored_effect_scale	sd	opengwas_api_gwasinfo		
ukb-b-9130	sample_size_kind	case_control	opengwas_api_gwasinfo	n_cases=184616;n_controls=277241	
ukb-b-9130	stored_effect_scale	sd	opengwas_api_gwasinfo		
ukb-b-9139	sample_size_kind	case_control	opengwas_api_gwasinfo	n_cases=3745;n_controls=456791	
ukb-b-9139	stored_effect_scale	sd	opengwas_api_gwasinfo		
ukb-b-9155	sample_size_kind	case_control	opengwas_api_gwasinfo	n_cases=1510;n_controls=461423	
ukb-b-9155	stored_effect_scale	sd	opengwas_api_gwasinfo		
ukb-b-918	sample_size_kind	case_control	opengwas_api_gwasinfo	n_cases=3175;n_controls=459835	
ukb-b-918	stored_effect_scale	sd	opengwas_api_gwasinfo		
ukb-b-9190	sample_size_kind	case_control	opengwas_api_gwasinfo	n_cases=6130;n_controls=456803	
ukb-b-9190	stored_effect_scale	sd	opengwas_api_gwasinfo		
ukb-b-9207	sample_size_kind	case_control	opengwas_api_gwasinfo	n_cases=18713;n_controls=444220	
ukb-b-9207	stored_effect_scale	sd	opengwas_api_gwasinfo		
ukb-b-9216	sample_size_kind	case_control	opengwas_api_gwasinfo	n_cases=1877;n_controls=461133	
ukb-b-9216	stored_effect_scale	sd	opengwas_api_gwasinfo		
ukb-b-9224	sample_size_kind	case_control	opengwas_api_gwasinfo	n_cases=2815;n_controls=460118	
ukb-b-9224	stored_effect_scale	sd	opengwas_api_gwasinfo		
ukb-b-9242	sample_size_kind	case_control	opengwas_api_gwasinfo	n_cases=2381;n_controls=460629	
ukb-b-9242	stored_effect_scale	sd	opengwas_api_gwasinfo		
ukb-b-9253	sample_size_kind	case_control	opengwas_api_gwasinfo	n_cases=2339;n_controls=458419	
ukb-b-9253	stored_effect_scale	sd	opengwas_api_gwasinfo		
ukb-b-9261	sample_size_kind	case_control	opengwas_api_gwasinfo	n_cases=9352;n_controls=453658	
ukb-b-9261	stored_effect_scale	sd	opengwas_api_gwasinfo		
ukb-b-9263	sample_size_kind	case_control	opengwas_api_gwasinfo	n_cases=15516;n_controls=447417	
ukb-b-9263	stored_effect_scale	sd	opengwas_api_gwasinfo		
ukb-b-9266	sample_size_kind	case_control	opengwas_api_gwasinfo	n_cases=2489;n_controls=460521	
ukb-b-9266	stored_effect_scale	sd	opengwas_api_gwasinfo		
ukb-b-9270	sample_size_kind	case_control	opengwas_api_gwasinfo	n_cases=1009;n_controls=462001	
ukb-b-9270	stored_effect_scale	sd	opengwas_api_gwasinfo		
ukb-b-9275	sample_size_kind	case_control	opengwas_api_gwasinfo	n_cases=3348;n_controls=61601	
ukb-b-9275	stored_effect_scale	sd	opengwas_api_gwasinfo		
ukb-b-929	sample_size_kind	total	opengwas_api_gwasinfo	n_cases=;n_controls=	
ukb-b-929	stored_effect_scale	sd	opengwas_api_gwasinfo		
ukb-b-9290	sample_size_kind	case_control	opengwas_api_gwasinfo	n_cases=5206;n_controls=457727	
ukb-b-9290	stored_effect_scale	sd	opengwas_api_gwasinfo		
ukb-b-9294	sample_size_kind	case_control	opengwas_api_gwasinfo	n_cases=2443;n_controls=460567	
ukb-b-9294	stored_effect_scale	sd	opengwas_api_gwasinfo		
ukb-b-93	sample_size_kind	case_control	opengwas_api_gwasinfo	n_cases=1503;n_controls=461507	
ukb-b-93	stored_effect_scale	sd	opengwas_api_gwasinfo		
ukb-b-930	sample_size_kind	total	opengwas_api_gwasinfo	n_cases=;n_controls=	
ukb-b-930	stored_effect_scale	sd	opengwas_api_gwasinfo		
ukb-b-9306	sample_size_kind	case_control	opengwas_api_gwasinfo	n_cases=8246;n_controls=454687	
ukb-b-9306	stored_effect_scale	sd	opengwas_api_gwasinfo		
ukb-b-9312	sample_size_kind	case_control	opengwas_api_gwasinfo	n_cases=1504;n_controls=461506	
ukb-b-9312	stored_effect_scale	sd	opengwas_api_gwasinfo		
ukb-b-9319	sample_size_kind	case_control	opengwas_api_gwasinfo	n_cases=1178;n_controls=461832	
ukb-b-9319	stored_effect_scale	sd	opengwas_api_gwasinfo		
ukb-b-9321	sample_size_kind	case_control	opengwas_api_gwasinfo	n_cases=1509;n_controls=461501	
ukb-b-9321	stored_effect_scale	sd	opengwas_api_gwasinfo		
ukb-b-9324	sample_size_kind	total	opengwas_api_gwasinfo	n_cases=;n_controls=	
ukb-b-9324	stored_effect_scale	sd	opengwas_api_gwasinfo		
ukb-b-9333	sample_size_kind	case_control	opengwas_api_gwasinfo	n_cases=1188;n_controls=461822	
ukb-b-9333	stored_effect_scale	sd	opengwas_api_gwasinfo		
ukb-b-9340	sample_size_kind	case_control	opengwas_api_gwasinfo	n_cases=17244;n_controls=445766	
ukb-b-9340	stored_effect_scale	sd	opengwas_api_gwasinfo		
ukb-b-9346	sample_size_kind	case_control	opengwas_api_gwasinfo	n_cases=1223;n_controls=461710	
ukb-b-9346	stored_effect_scale	sd	opengwas_api_gwasinfo		
ukb-b-9363	sample_size_kind	case_control	opengwas_api_gwasinfo	n_cases=192563;n_controls=270163	
ukb-b-9363	stored_effect_scale	sd	opengwas_api_gwasinfo		
ukb-b-9368	sample_size_kind	case_control	opengwas_api_gwasinfo	n_cases=2245;n_controls=460765	
ukb-b-9368	stored_effect_scale	sd	opengwas_api_gwasinfo		
ukb-b-9369	sample_size_kind	case_control	opengwas_api_gwasinfo	n_cases=2514;n_controls=460496	
ukb-b-9369	stored_effect_scale	sd	opengwas_api_gwasinfo		
ukb-b-9386	sample_size_kind	case_control	opengwas_api_gwasinfo	n_cases=2936;n_controls=459997	
ukb-b-9386	stored_effect_scale	sd	opengwas_api_gwasinfo		
ukb-b-9405	sample_size_kind	total	opengwas_api_gwasinfo	n_cases=;n_controls=	
ukb-b-9405	stored_effect_scale	sd	opengwas_api_gwasinfo		
ukb-b-9419	sample_size_kind	case_control	opengwas_api_gwasinfo	n_cases=1856;n_controls=461154	
ukb-b-9419	stored_effect_scale	sd	opengwas_api_gwasinfo		
ukb-b-9433	sample_size_kind	total	opengwas_api_gwasinfo	n_cases=;n_controls=	
ukb-b-9433	stored_effect_scale	sd	opengwas_api_gwasinfo		
ukb-b-9473	sample_size_kind	case_control	opengwas_api_gwasinfo	n_cases=40003;n_controls=423007	
ukb-b-9473	stored_effect_scale	sd	opengwas_api_gwasinfo		
ukb-b-9484	sample_size_kind	case_control	opengwas_api_gwasinfo	n_cases=1267;n_controls=461743	
ukb-b-9484	stored_effect_scale	sd	opengwas_api_gwasinfo		
ukb-b-9487	sample_size_kind	total	opengwas_api_gwasinfo	n_cases=;n_controls=	
ukb-b-9487	stored_effect_scale	sd	opengwas_api_gwasinfo		
ukb-b-9493	sample_size_kind	case_control	opengwas_api_gwasinfo	n_cases=1797;n_controls=461213	
ukb-b-9493	stored_effect_scale	sd	opengwas_api_gwasinfo		
ukb-b-9496	sample_size_kind	case_control	opengwas_api_gwasinfo	n_cases=1413;n_controls=461520	
ukb-b-9496	stored_effect_scale	sd	opengwas_api_gwasinfo		
ukb-b-9508	sample_size_kind	case_control	opengwas_api_gwasinfo	n_cases=45788;n_controls=19161	
ukb-b-9508	stored_effect_scale	sd	opengwas_api_gwasinfo		
ukb-b-9509	sample_size_kind	case_control	opengwas_api_gwasinfo	n_cases=205516;n_controls=44924	
ukb-b-9509	stored_effect_scale	sd	opengwas_api_gwasinfo		
ukb-b-9513	sample_size_kind	case_control	opengwas_api_gwasinfo	n_cases=1939;n_controls=459179	
ukb-b-9513	stored_effect_scale	sd	opengwas_api_gwasinfo		
ukb-b-9523	sample_size_kind	case_control	opengwas_api_gwasinfo	n_cases=3728;n_controls=459282	
ukb-b-9523	stored_effect_scale	sd	opengwas_api_gwasinfo		
ukb-b-9524	sample_size_kind	total	opengwas_api_gwasinfo	n_cases=;n_controls=	
ukb-b-9524	stored_effect_scale	sd	opengwas_api_gwasinfo		
ukb-b-953	sample_size_kind	total	opengwas_api_gwasinfo	n_cases=;n_controls=	
ukb-b-953	stored_effect_scale	sd	opengwas_api_gwasinfo		
ukb-b-9536	sample_size_kind	case_control	opengwas_api_gwasinfo	n_cases=5393;n_controls=457617	
ukb-b-9536	stored_effect_scale	sd	opengwas_api_gwasinfo		
ukb-b-9537	sample_size_kind	case_control	opengwas_api_gwasinfo	n_cases=15179;n_controls=447831	
ukb-b-9537	stored_effect_scale	sd	opengwas_api_gwasinfo		
ukb-b-9543	sample_size_kind	case_control	opengwas_api_gwasinfo	n_cases=16083;n_controls=134225	
ukb-b-9543	stored_effect_scale	sd	opengwas_api_gwasinfo		
ukb-b-9547	sample_size_kind	case_control	opengwas_api_gwasinfo	n_cases=6501;n_controls=243209	
ukb-b-9547	stored_effect_scale	sd	opengwas_api_gwasinfo		
ukb-b-9554	sample_size_kind	total	opengwas_api_gwasinfo	n_cases=;n_controls=	
ukb-b-9554	stored_effect_scale	sd	opengwas_api_gwasinfo		
ukb-b-956	sample_size_kind	case_control	opengwas_api_gwasinfo	n_cases=10106;n_controls=388983	
ukb-b-956	stored_effect_scale	sd	opengwas_api_gwasinfo		
ukb-b-9565	sample_size_kind	case_control	opengwas_api_gwasinfo	n_cases=1739;n_controls=461271	
ukb-b-9565	stored_effect_scale	sd	opengwas_api_gwasinfo		
ukb-b-9568	sample_size_kind	total	opengwas_api_gwasinfo	n_cases=;n_controls=	
ukb-b-9568	stored_effect_scale	sd	opengwas_api_gwasinfo		
ukb-b-9571	sample_size_kind	case_control	opengwas_api_gwasinfo	n_cases=9113;n_controls=451227	
ukb-b-9571	stored_effect_scale	sd	opengwas_api_gwasinfo		
ukb-b-9581	sample_size_kind	case_control	opengwas_api_gwasinfo	n_cases=3167;n_controls=459843	
ukb-b-9581	stored_effect_scale	sd	opengwas_api_gwasinfo		
ukb-b-9591	sample_size_kind	case_control	opengwas_api_gwasinfo	n_cases=2048;n_controls=460962	
ukb-b-9591	stored_effect_scale	sd	opengwas_api_gwasinfo		
ukb-b-9592	sample_size_kind	case_control	opengwas_api_gwasinfo	n_cases=7378;n_controls=455632	
ukb-b-9592	stored_effect_scale	sd	opengwas_api_gwasinfo		
ukb-b-9596	sample_size_kind	case_control	opengwas_api_gwasinfo	n_cases=8863;n_controls=451488	
ukb-b-9596	stored_effect_scale	sd	opengwas_api_gwasinfo		
ukb-b-9597	sample_size_kind	case_control	opengwas_api_gwasinfo	n_cases=1620;n_controls=461390	
ukb-b-9597	stored_effect_scale	sd	opengwas_api_gwasinfo		
ukb-b-9598	sample_size_kind	case_control	opengwas_api_gwasinfo	n_cases=13762;n_controls=100226	
ukb-b-9598	stored_effect_scale	sd	opengwas_api_gwasinfo		
ukb-b-960	sample_size_kind	total	opengwas_api_gwasinfo	n_cases=;n_controls=	
ukb-b-960	stored_effect_scale	sd	opengwas_api_gwasinfo		
ukb-b-964	sample_size_kind	case_control	opengwas_api_gwasinfo	n_cases=5669;n_controls=457341	
ukb-b-964	stored_effect_scale	sd	opengwas_api_gwasinfo		
ukb-b-9667	sample_size_kind	case_control	opengwas_api_gwasinfo	n_cases=53524;n_controls=406218	
ukb-b-9667	stored_effect_scale	sd	opengwas_api_gwasinfo		
ukb-b-9668	sample_size_kind	case_control	opengwas_api_gwasinfo	n_cases=1121;n_controls=461889	
ukb-b-9668	stored_effect_scale	sd	opengwas_api_gwasinfo		
ukb-b-9685	sample_size_kind	total	opengwas_api_gwasinfo	n_cases=;n_controls=	
ukb-b-9685	stored_effect_scale	sd	opengwas_api_gwasinfo		
ukb-b-9686	sample_size_kind	total	opengwas_api_gwasinfo	n_cases=;n_controls=	
ukb-b-9686	stored_effect_scale	sd	opengwas_api_gwasinfo		
ukb-b-969	sample_size_kind	total	opengwas_api_gwasinfo	n_cases=;n_controls=	
ukb-b-969	stored_effect_scale	sd	opengwas_api_gwasinfo		
ukb-b-9694	sample_size_kind	case_control	opengwas_api_gwasinfo	n_cases=1958;n_controls=461052	
ukb-b-9694	stored_effect_scale	sd	opengwas_api_gwasinfo		
ukb-b-9696	sample_size_kind	case_control	opengwas_api_gwasinfo	n_cases=1155;n_controls=461855	
ukb-b-9696	stored_effect_scale	sd	opengwas_api_gwasinfo		
ukb-b-970	sample_size_kind	case_control	opengwas_api_gwasinfo	n_cases=12045;n_controls=450965	
ukb-b-970	stored_effect_scale	sd	opengwas_api_gwasinfo		
ukb-b-9708	sample_size_kind	case_control	opengwas_api_gwasinfo	n_cases=1689;n_controls=461321	
ukb-b-9708	stored_effect_scale	sd	opengwas_api_gwasinfo		
ukb-b-9712	sample_size_kind	case_control	opengwas_api_gwasinfo	n_cases=1302;n_controls=461708	
ukb-b-9712	stored_effect_scale	sd	opengwas_api_gwasinfo		
ukb-b-9720	sample_size_kind	case_control	opengwas_api_gwasinfo	n_cases=3454;n_controls=459556	
ukb-b-9720	stored_effect_scale	sd	opengwas_api_gwasinfo		
ukb-b-9744	sample_size_kind	case_control	opengwas_api_gwasinfo	n_cases=6469;n_controls=58480	
ukb-b-9744	stored_effect_scale	sd	opengwas_api_gwasinfo		
ukb-b-9764	sample_size_kind	case_control	opengwas_api_gwasinfo	n_cases=3496;n_controls=459514	
ukb-b-9764	stored_effect_scale	sd	opengwas_api_gwasinfo		
ukb-b-9787	sample_size_kind	total	opengwas_api_gwasinfo	n_cases=;n_controls=	
ukb-b-9787	stored_effect_scale	sd	opengwas_api_gwasinfo		
ukb-b-9790	sample_size_kind	case_control	opengwas_api_gwasinfo	n_cases=26512;n_controls=436421	
ukb-b-9790	stored_effect_scale	sd	opengwas_api_gwasinfo		
ukb-b-9791	sample_size_kind	total	opengwas_api_gwasinfo	n_cases=;n_controls=	
ukb-b-9791	stored_effect_scale	sd	opengwas_api_gwasinfo		
ukb-b-9797	sample_size_kind	case_control	opengwas_api_gwasinfo	n_cases=1006;n_controls=462004	
ukb-b-9797	stored_effect_scale	sd	opengwas_api_gwasinfo		
ukb-b-9816	sample_size_kind	case_control	opengwas_api_gwasinfo	n_cases=1833;n_controls=461177	
ukb-b-9816	stored_effect_scale	sd	opengwas_api_gwasinfo		
ukb-b-9835	sample_size_kind	total	opengwas_api_gwasinfo	n_cases=;n_controls=	
ukb-b-9835	stored_effect_scale	sd	opengwas_api_gwasinfo		
ukb-b-9838	sample_size_kind	case_control	opengwas_api_gwasinfo	n_cases=118471;n_controls=343386	
ukb-b-9838	stored_effect_scale	sd	opengwas_api_gwasinfo		
ukb-b-9841	sample_size_kind	case_control	opengwas_api_gwasinfo	n_cases=2150;n_controls=460860	
ukb-b-9841	stored_effect_scale	sd	opengwas_api_gwasinfo		
ukb-b-9856	sample_size_kind	case_control	opengwas_api_gwasinfo	n_cases=1352;n_controls=461581	
ukb-b-9856	stored_effect_scale	sd	opengwas_api_gwasinfo		
ukb-b-9857	sample_size_kind	total	opengwas_api_gwasinfo	n_cases=;n_controls=	
ukb-b-9857	stored_effect_scale	sd	opengwas_api_gwasinfo		
ukb-b-9873	sample_size_kind	case_control	opengwas_api_gwasinfo	n_cases=4340;n_controls=458670	
ukb-b-9873	stored_effect_scale	sd	opengwas_api_gwasinfo		
ukb-b-9874	sample_size_kind	case_control	opengwas_api_gwasinfo	n_cases=3287;n_controls=459723	
ukb-b-9874	stored_effect_scale	sd	opengwas_api_gwasinfo		
ukb-b-9882	sample_size_kind	case_control	opengwas_api_gwasinfo	n_cases=1826;n_controls=461107	
ukb-b-9882	stored_effect_scale	sd	opengwas_api_gwasinfo		
ukb-b-9886	sample_size_kind	total	opengwas_api_gwasinfo	n_cases=;n_controls=	
ukb-b-9886	stored_effect_scale	sd	opengwas_api_gwasinfo		
ukb-b-9897	sample_size_kind	case_control	opengwas_api_gwasinfo	n_cases=1197;n_controls=461736	
ukb-b-9897	stored_effect_scale	sd	opengwas_api_gwasinfo		
ukb-b-9917	sample_size_kind	total	opengwas_api_gwasinfo	n_cases=;n_controls=	
ukb-b-9917	stored_effect_scale	sd	opengwas_api_gwasinfo		
ukb-b-9925	sample_size_kind	case_control	opengwas_api_gwasinfo	n_cases=2411;n_controls=460599	
ukb-b-9925	stored_effect_scale	sd	opengwas_api_gwasinfo		
ukb-b-9927	sample_size_kind	case_control	opengwas_api_gwasinfo	n_cases=51743;n_controls=13206	
ukb-b-9927	stored_effect_scale	sd	opengwas_api_gwasinfo		
ukb-b-9930	sample_size_kind	case_control	opengwas_api_gwasinfo	n_cases=2093;n_controls=12858	
ukb-b-9930	stored_effect_scale	sd	opengwas_api_gwasinfo		
ukb-b-9937	sample_size_kind	case_control	opengwas_api_gwasinfo	n_cases=134945;n_controls=75223	
ukb-b-9937	stored_effect_scale	sd	opengwas_api_gwasinfo		
ukb-b-9940	sample_size_kind	case_control	opengwas_api_gwasinfo	n_cases=3467;n_controls=459466	
ukb-b-9940	stored_effect_scale	sd	opengwas_api_gwasinfo		
ukb-b-9942	sample_size_kind	total	opengwas_api_gwasinfo	n_cases=;n_controls=	
ukb-b-9942	stored_effect_scale	sd	opengwas_api_gwasinfo		
ukb-b-9960	sample_size_kind	total	opengwas_api_gwasinfo	n_cases=;n_controls=	
ukb-b-9960	stored_effect_scale	sd	opengwas_api_gwasinfo		
ukb-b-9961	sample_size_kind	case_control	opengwas_api_gwasinfo	n_cases=7572;n_controls=455438	
ukb-b-9961	stored_effect_scale	sd	opengwas_api_gwasinfo		
ukb-b-997	sample_size_kind	case_control	opengwas_api_gwasinfo	n_cases=16489;n_controls=428411	
ukb-b-997	stored_effect_scale	sd	opengwas_api_gwasinfo		
ukb-b-9971	sample_size_kind	case_control	opengwas_api_gwasinfo	n_cases=5469;n_controls=457464	
ukb-b-9971	stored_effect_scale	sd	opengwas_api_gwasinfo		
ukb-b-9976	sample_size_kind	case_control	opengwas_api_gwasinfo	n_cases=3421;n_controls=459589	
ukb-b-9976	stored_effect_scale	sd	opengwas_api_gwasinfo		
ukb-b-998	sample_size_kind	total	opengwas_api_gwasinfo	n_cases=;n_controls=	
ukb-b-998	stored_effect_scale	sd	opengwas_api_gwasinfo		
ukb-b-9981	sample_size_kind	case_control	opengwas_api_gwasinfo	n_cases=249799;n_controls=199620	
ukb-b-9981	stored_effect_scale	sd	opengwas_api_gwasinfo		
ukb-b-9991	sample_size_kind	total	opengwas_api_gwasinfo	n_cases=;n_controls=	
ukb-b-9991	stored_effect_scale	sd	opengwas_api_gwasinfo		
