analysis_id	source_analysis_id	source_label	trait_ontology_name	trait_ontology_id	source_file	source_bundle_id	checksum	checksum_algorithm	size_bytes	source_genome_build	license	publication_doi	publication_pmid	consortium	source_ancestry_label	assigned_ancestry	ancestry_assignment_method	original_effect_scale	original_sd	original_sd_method	stored_effect_scale	sample_size_kind	sample_size_scope	sample_size	n_cases	n_controls	analysis_group_id	inclusion_reason	exclude_from_build
ukb-b-10001	ukb-b-10001	Operative procedures - secondary OPCS: Z84.6 Knee joint			/local-scratch/data/opengwas/igd/ukb-b-10001/ukb-b-10001.vcf.gz					GRCh37							unassigned			unavailable		total	analysis_level	463010				all ukb-b traits in the OpenGWAS IGD collection (data/ukb-b/manifest.tsv)	
ukb-b-10002	ukb-b-10002	Manic/hyper symptoms: All of the above			/local-scratch/data/opengwas/igd/ukb-b-10002/ukb-b-10002.vcf.gz					GRCh37							unassigned			unavailable		total	analysis_level	31317				all ukb-b traits in the OpenGWAS IGD collection (data/ukb-b/manifest.tsv)	
ukb-b-10003	ukb-b-10003	Treatment/medication code: becotide 50 inhaler			/local-scratch/data/opengwas/igd/ukb-b-10003/ukb-b-10003.vcf.gz					GRCh37							unassigned			unavailable		total	analysis_level	462933				all ukb-b traits in the OpenGWAS IGD collection (data/ukb-b/manifest.tsv)	
ukb-b-10008	ukb-b-10008	Treatment/medication code: atorvastatin			/local-scratch/data/opengwas/igd/ukb-b-10008/ukb-b-10008.vcf.gz					GRCh37							unassigned			unavailable		total	analysis_level	462933				all ukb-b traits in the OpenGWAS IGD collection (data/ukb-b/manifest.tsv)	
ukb-b-10011	ukb-b-10011	Townsend deprivation index at recruitment			/local-scratch/data/opengwas/igd/ukb-b-10011/ukb-b-10011.vcf.gz					GRCh37							unassigned			unavailable		total	analysis_level	462464				all ukb-b traits in the OpenGWAS IGD collection (data/ukb-b/manifest.tsv)	
ukb-b-1004	ukb-b-1004	Added milk to espresso			/local-scratch/data/opengwas/igd/ukb-b-1004/ukb-b-1004.vcf.gz					GRCh37							unassigned			unavailable		total	analysis_level	64949				all ukb-b traits in the OpenGWAS IGD collection (data/ukb-b/manifest.tsv)	
ukb-b-10054	ukb-b-10054	Cheese consumers			/local-scratch/data/opengwas/igd/ukb-b-10054/ukb-b-10054.vcf.gz					GRCh37							unassigned			unavailable		total	analysis_level	64949				all ukb-b traits in the OpenGWAS IGD collection (data/ukb-b/manifest.tsv)	
ukb-b-10056	ukb-b-10056	PCT responsible for patient data: NORTH TYNESIDE PCT			/local-scratch/data/opengwas/igd/ukb-b-10056/ukb-b-10056.vcf.gz					GRCh37							unassigned			unavailable		total	analysis_level	463010				all ukb-b traits in the OpenGWAS IGD collection (data/ukb-b/manifest.tsv)	
ukb-b-10061	ukb-b-10061	Diagnoses - secondary ICD10: Z50.1 Other physical therapy			/local-scratch/data/opengwas/igd/ukb-b-10061/ukb-b-10061.vcf.gz					GRCh37							unassigned			unavailable		total	analysis_level	463010				all ukb-b traits in the OpenGWAS IGD collection (data/ukb-b/manifest.tsv)	
ukb-b-10066	ukb-b-10066	Eye problems/disorders: Other serious eye condition			/local-scratch/data/opengwas/igd/ukb-b-10066/ukb-b-10066.vcf.gz					GRCh37							unassigned			unavailable		total	analysis_level	150642				all ukb-b traits in the OpenGWAS IGD collection (data/ukb-b/manifest.tsv)	
ukb-b-10070	ukb-b-10070	PCT responsible for patient data: BUCKINGHAMSHIRE PCT			/local-scratch/data/opengwas/igd/ukb-b-10070/ukb-b-10070.vcf.gz					GRCh37							unassigned			unavailable		total	analysis_level	463010				all ukb-b traits in the OpenGWAS IGD collection (data/ukb-b/manifest.tsv)	
ukb-b-10073	ukb-b-10073	Type of baguette eaten: wholemeal			/local-scratch/data/opengwas/igd/ukb-b-10073/ukb-b-10073.vcf.gz					GRCh37							unassigned			unavailable		total	analysis_level	64949				all ukb-b traits in the OpenGWAS IGD collection (data/ukb-b/manifest.tsv)	
ukb-b-10093	ukb-b-10093	Tense / 'highly strung'			/local-scratch/data/opengwas/igd/ukb-b-10093/ukb-b-10093.vcf.gz					GRCh37							unassigned			unavailable		total	analysis_level	447961				all ukb-b traits in the OpenGWAS IGD collection (data/ukb-b/manifest.tsv)	
ukb-b-10097	ukb-b-10097	Operation code: skin operation or plastic surgery			/local-scratch/data/opengwas/igd/ukb-b-10097/ukb-b-10097.vcf.gz					GRCh37							unassigned			unavailable		total	analysis_level	462933				all ukb-b traits in the OpenGWAS IGD collection (data/ukb-b/manifest.tsv)	
ukb-b-10098	ukb-b-10098	Non-cancer illness code, self-reported: iron deficiency anaemia			/local-scratch/data/opengwas/igd/ukb-b-10098/ukb-b-10098.vcf.gz					GRCh37							unassigned			unavailable		total	analysis_level	462933				all ukb-b traits in the OpenGWAS IGD collection (data/ukb-b/manifest.tsv)	
ukb-b-10102	ukb-b-10102	Diagnoses - main ICD10: Z09.0 Follow-up examination after surgery for other conditions			/local-scratch/data/opengwas/igd/ukb-b-10102/ukb-b-10102.vcf.gz					GRCh37							unassigned			unavailable		total	analysis_level	463010				all ukb-b traits in the OpenGWAS IGD collection (data/ukb-b/manifest.tsv)	
ukb-b-10143	ukb-b-10143	Destinations on discharge from hospital (recoded): Usual Place of residence: Living alone			/local-scratch/data/opengwas/igd/ukb-b-10143/ukb-b-10143.vcf.gz					GRCh37							unassigned			unavailable		total	analysis_level	460756				all ukb-b traits in the OpenGWAS IGD collection (data/ukb-b/manifest.tsv)	
ukb-b-10144	ukb-b-10144	Diagnoses - secondary ICD10: K21.0 Gastro-oesophageal reflux disease with oesophagitis			/local-scratch/data/opengwas/igd/ukb-b-10144/ukb-b-10144.vcf.gz					GRCh37							unassigned			unavailable		total	analysis_level	463010				all ukb-b traits in the OpenGWAS IGD collection (data/ukb-b/manifest.tsv)	
ukb-b-10145	ukb-b-10145	PCT where patients GP was registered: NORTH BRADFORD PCT			/local-scratch/data/opengwas/igd/ukb-b-10145/ukb-b-10145.vcf.gz					GRCh37							unassigned			unavailable		total	analysis_level	463010				all ukb-b traits in the OpenGWAS IGD collection (data/ukb-b/manifest.tsv)	
ukb-b-1016	ukb-b-1016	Operative procedures - main OPCS: M29.3 Endoscopic removal of tubal prosthesis from ureter			/local-scratch/data/opengwas/igd/ukb-b-1016/ukb-b-1016.vcf.gz					GRCh37							unassigned			unavailable		total	analysis_level	463010				all ukb-b traits in the OpenGWAS IGD collection (data/ukb-b/manifest.tsv)	
ukb-b-10162	ukb-b-10162	Job involve night shift work			/local-scratch/data/opengwas/igd/ukb-b-10162/ukb-b-10162.vcf.gz					GRCh37							unassigned			unavailable		total	analysis_level	43440				all ukb-b traits in the OpenGWAS IGD collection (data/ukb-b/manifest.tsv)	
ukb-b-10164	ukb-b-10164	Operative procedures - main OPCS: X31.2 Intravenous pyelography			/local-scratch/data/opengwas/igd/ukb-b-10164/ukb-b-10164.vcf.gz					GRCh37							unassigned			unavailable		total	analysis_level	463010				all ukb-b traits in the OpenGWAS IGD collection (data/ukb-b/manifest.tsv)	
ukb-b-10167	ukb-b-10167	Operation code: vasectomy			/local-scratch/data/opengwas/igd/ukb-b-10167/ukb-b-10167.vcf.gz					GRCh37							unassigned			unavailable		total	analysis_level	462933				all ukb-b traits in the OpenGWAS IGD collection (data/ukb-b/manifest.tsv)	
ukb-b-10169	ukb-b-10169	Guilty feelings			/local-scratch/data/opengwas/igd/ukb-b-10169/ukb-b-10169.vcf.gz					GRCh37							unassigned			unavailable		total	analysis_level	450704				all ukb-b traits in the OpenGWAS IGD collection (data/ukb-b/manifest.tsv)	
ukb-b-10181	ukb-b-10181	Eye problems/disorders: Diabetes related eye disease			/local-scratch/data/opengwas/igd/ukb-b-10181/ukb-b-10181.vcf.gz					GRCh37							unassigned			unavailable		total	analysis_level	150642				all ukb-b traits in the OpenGWAS IGD collection (data/ukb-b/manifest.tsv)	
ukb-b-10188	ukb-b-10188	Vitamin and mineral supplements: Vitamin B			/local-scratch/data/opengwas/igd/ukb-b-10188/ukb-b-10188.vcf.gz					GRCh37							unassigned			unavailable		total	analysis_level	460351				all ukb-b traits in the OpenGWAS IGD collection (data/ukb-b/manifest.tsv)	
ukb-b-1020	ukb-b-1020	Operative procedures - secondary OPCS: Z70.5 Lower end of radius NEC			/local-scratch/data/opengwas/igd/ukb-b-1020/ukb-b-1020.vcf.gz					GRCh37							unassigned			unavailable		total	analysis_level	463010				all ukb-b traits in the OpenGWAS IGD collection (data/ukb-b/manifest.tsv)	
ukb-b-10202	ukb-b-10202	PCT responsible for patient data: BURY PCT			/local-scratch/data/opengwas/igd/ukb-b-10202/ukb-b-10202.vcf.gz					GRCh37							unassigned			unavailable		total	analysis_level	463010				all ukb-b traits in the OpenGWAS IGD collection (data/ukb-b/manifest.tsv)	
ukb-b-1021	ukb-b-1021	Operation code: muscle/soft tissue surgery			/local-scratch/data/opengwas/igd/ukb-b-1021/ukb-b-1021.vcf.gz					GRCh37							unassigned			unavailable		total	analysis_level	462933				all ukb-b traits in the OpenGWAS IGD collection (data/ukb-b/manifest.tsv)	
ukb-b-10212	ukb-b-10212	Treatment speciality of consultant (recoded): Neurology			/local-scratch/data/opengwas/igd/ukb-b-10212/ukb-b-10212.vcf.gz					GRCh37							unassigned			unavailable		total	analysis_level	444321				all ukb-b traits in the OpenGWAS IGD collection (data/ukb-b/manifest.tsv)	
ukb-b-10215	ukb-b-10215	Hand grip strength (right)			/local-scratch/data/opengwas/igd/ukb-b-10215/ukb-b-10215.vcf.gz					GRCh37							unassigned			unavailable		total	analysis_level	461089				all ukb-b traits in the OpenGWAS IGD collection (data/ukb-b/manifest.tsv)	
ukb-b-10217	ukb-b-10217	Sweets intake			/local-scratch/data/opengwas/igd/ukb-b-10217/ukb-b-10217.vcf.gz					GRCh37							unassigned			unavailable		total	analysis_level	64949				all ukb-b traits in the OpenGWAS IGD collection (data/ukb-b/manifest.tsv)	
ukb-b-10224	ukb-b-10224	Non-cancer illness code, self-reported: meningitis			/local-scratch/data/opengwas/igd/ukb-b-10224/ukb-b-10224.vcf.gz					GRCh37							unassigned			unavailable		total	analysis_level	462933				all ukb-b traits in the OpenGWAS IGD collection (data/ukb-b/manifest.tsv)	
ukb-b-10248	ukb-b-10248	Type of cancer: ICD10: C44.3 Skin of other and unspecified parts of face			/local-scratch/data/opengwas/igd/ukb-b-10248/ukb-b-10248.vcf.gz					GRCh37							unassigned			unavailable		total	analysis_level	463010				all ukb-b traits in the OpenGWAS IGD collection (data/ukb-b/manifest.tsv)	
ukb-b-10250	ukb-b-10250	Cylindrical power (right)			/local-scratch/data/opengwas/igd/ukb-b-10250/ukb-b-10250.vcf.gz					GRCh37							unassigned			unavailable		total	analysis_level	99380				all ukb-b traits in the OpenGWAS IGD collection (data/ukb-b/manifest.tsv)	
ukb-b-10258	ukb-b-10258	Treatment/medication code: paroxetine			/local-scratch/data/opengwas/igd/ukb-b-10258/ukb-b-10258.vcf.gz					GRCh37							unassigned			unavailable		total	analysis_level	462933				all ukb-b traits in the OpenGWAS IGD collection (data/ukb-b/manifest.tsv)	
ukb-b-10260	ukb-b-10260	Types of spreads/sauces consumed: Gravy			/local-scratch/data/opengwas/igd/ukb-b-10260/ukb-b-10260.vcf.gz					GRCh37							unassigned			unavailable		total	analysis_level	64949				all ukb-b traits in the OpenGWAS IGD collection (data/ukb-b/manifest.tsv)	
ukb-b-10263	ukb-b-10263	Operative procedures - secondary OPCS: Y80.9 Unspecified general anaesthetic			/local-scratch/data/opengwas/igd/ukb-b-10263/ukb-b-10263.vcf.gz					GRCh37							unassigned			unavailable		total	analysis_level	463010				all ukb-b traits in the OpenGWAS IGD collection (data/ukb-b/manifest.tsv)	
ukb-b-10272	ukb-b-10272	Treatment/medication code: digoxin			/local-scratch/data/opengwas/igd/ukb-b-10272/ukb-b-10272.vcf.gz					GRCh37							unassigned			unavailable		total	analysis_level	462933				all ukb-b traits in the OpenGWAS IGD collection (data/ukb-b/manifest.tsv)	
ukb-b-10281	ukb-b-10281	Operative procedures - secondary OPCS: Z89.6 Finger NEC			/local-scratch/data/opengwas/igd/ukb-b-10281/ukb-b-10281.vcf.gz					GRCh37							unassigned			unavailable		total	analysis_level	463010				all ukb-b traits in the OpenGWAS IGD collection (data/ukb-b/manifest.tsv)	
ukb-b-10284	ukb-b-10284	Treatment/medication code: multivitamins			/local-scratch/data/opengwas/igd/ukb-b-10284/ukb-b-10284.vcf.gz					GRCh37							unassigned			unavailable		total	analysis_level	462933				all ukb-b traits in the OpenGWAS IGD collection (data/ukb-b/manifest.tsv)	
ukb-b-10286	ukb-b-10286	Breakfast cereal consumed			/local-scratch/data/opengwas/igd/ukb-b-10286/ukb-b-10286.vcf.gz					GRCh37							unassigned			unavailable		total	analysis_level	64949				all ukb-b traits in the OpenGWAS IGD collection (data/ukb-b/manifest.tsv)	
ukb-b-10289	ukb-b-10289	Operation code: large bowel resection +/- colostomy			/local-scratch/data/opengwas/igd/ukb-b-10289/ukb-b-10289.vcf.gz					GRCh37							unassigned			unavailable		total	analysis_level	462933				all ukb-b traits in the OpenGWAS IGD collection (data/ukb-b/manifest.tsv)	
ukb-b-10298	ukb-b-10298	Operative procedures - secondary OPCS: W28.1 Application of internal fixation to bone NEC			/local-scratch/data/opengwas/igd/ukb-b-10298/ukb-b-10298.vcf.gz					GRCh37							unassigned			unavailable		total	analysis_level	463010				all ukb-b traits in the OpenGWAS IGD collection (data/ukb-b/manifest.tsv)	
ukb-b-10309	ukb-b-10309	Operation code: myomectomy/fibroids removed			/local-scratch/data/opengwas/igd/ukb-b-10309/ukb-b-10309.vcf.gz					GRCh37							unassigned			unavailable		total	analysis_level	462933				all ukb-b traits in the OpenGWAS IGD collection (data/ukb-b/manifest.tsv)	
ukb-b-10324	ukb-b-10324	Operation code: elbow surgery			/local-scratch/data/opengwas/igd/ukb-b-10324/ukb-b-10324.vcf.gz					GRCh37							unassigned			unavailable		total	analysis_level	462933				all ukb-b traits in the OpenGWAS IGD collection (data/ukb-b/manifest.tsv)	
ukb-b-10325	ukb-b-10325	Average night-time sound level of noise pollution			/local-scratch/data/opengwas/igd/ukb-b-10325/ukb-b-10325.vcf.gz					GRCh37							unassigned			unavailable		total	analysis_level	456380				all ukb-b traits in the OpenGWAS IGD collection (data/ukb-b/manifest.tsv)	
ukb-b-10351	ukb-b-10351	Non-cancer illness code, self-reported: allergy or anaphylactic reaction to drug			/local-scratch/data/opengwas/igd/ukb-b-10351/ukb-b-10351.vcf.gz					GRCh37							unassigned			unavailable		total	analysis_level	462933				all ukb-b traits in the OpenGWAS IGD collection (data/ukb-b/manifest.tsv)	
ukb-b-10362	ukb-b-10362	Diagnoses - main ICD10: K80.0 Calculus of gallbladder with acute cholecystitis			/local-scratch/data/opengwas/igd/ukb-b-10362/ukb-b-10362.vcf.gz					GRCh37							unassigned			unavailable		total	analysis_level	463010				all ukb-b traits in the OpenGWAS IGD collection (data/ukb-b/manifest.tsv)	
ukb-b-10366	ukb-b-10366	Sweet snack consumers			/local-scratch/data/opengwas/igd/ukb-b-10366/ukb-b-10366.vcf.gz					GRCh37							unassigned			unavailable		total	analysis_level	64949				all ukb-b traits in the OpenGWAS IGD collection (data/ukb-b/manifest.tsv)	
ukb-b-10368	ukb-b-10368	Diagnoses - secondary ICD10: R19.4 Change in bowel habit			/local-scratch/data/opengwas/igd/ukb-b-10368/ukb-b-10368.vcf.gz					GRCh37							unassigned			unavailable		total	analysis_level	463010				all ukb-b traits in the OpenGWAS IGD collection (data/ukb-b/manifest.tsv)	
ukb-b-10382	ukb-b-10382	PCT where patients GP was registered: NORTH STAFFORDSHIRE PCT			/local-scratch/data/opengwas/igd/ukb-b-10382/ukb-b-10382.vcf.gz					GRCh37							unassigned			unavailable		total	analysis_level	463010				all ukb-b traits in the OpenGWAS IGD collection (data/ukb-b/manifest.tsv)	
ukb-b-10387	ukb-b-10387	Leg pain on walking			/local-scratch/data/opengwas/igd/ukb-b-10387/ukb-b-10387.vcf.gz					GRCh37							unassigned			unavailable		total	analysis_level	151553				all ukb-b traits in the OpenGWAS IGD collection (data/ukb-b/manifest.tsv)	
ukb-b-10409	ukb-b-10409	Diagnoses - secondary ICD10: R10.1 Pain localised to upper abdomen			/local-scratch/data/opengwas/igd/ukb-b-10409/ukb-b-10409.vcf.gz					GRCh37							unassigned			unavailable		total	analysis_level	463010				all ukb-b traits in the OpenGWAS IGD collection (data/ukb-b/manifest.tsv)	
ukb-b-1041	ukb-b-1041	Traffic intensity on the nearest major road			/local-scratch/data/opengwas/igd/ukb-b-1041/ukb-b-1041.vcf.gz					GRCh37							unassigned			unavailable		total	analysis_level	456380				all ukb-b traits in the OpenGWAS IGD collection (data/ukb-b/manifest.tsv)	
ukb-b-10412	ukb-b-10412	Time to complete round			/local-scratch/data/opengwas/igd/ukb-b-10412/ukb-b-10412.vcf.gz					GRCh37							unassigned			unavailable		total	analysis_level	110323				all ukb-b traits in the OpenGWAS IGD collection (data/ukb-b/manifest.tsv)	
ukb-b-10414	ukb-b-10414	Sum of road length of major roads within 100m			/local-scratch/data/opengwas/igd/ukb-b-10414/ukb-b-10414.vcf.gz					GRCh37							unassigned			unavailable		total	analysis_level	456380				all ukb-b traits in the OpenGWAS IGD collection (data/ukb-b/manifest.tsv)	
ukb-b-10415	ukb-b-10415	Illnesses of father: None of the above (group 2)			/local-scratch/data/opengwas/igd/ukb-b-10415/ukb-b-10415.vcf.gz					GRCh37							unassigned			unavailable		total	analysis_level	407392				all ukb-b traits in the OpenGWAS IGD collection (data/ukb-b/manifest.tsv)	
ukb-b-10433	ukb-b-10433	Treatment/medication code: fexofenadine			/local-scratch/data/opengwas/igd/ukb-b-10433/ukb-b-10433.vcf.gz					GRCh37							unassigned			unavailable		total	analysis_level	462933				all ukb-b traits in the OpenGWAS IGD collection (data/ukb-b/manifest.tsv)	
ukb-b-1044	ukb-b-1044	Operative procedures - main OPCS: H20.6 Fibreoptic endoscopic resection of lesion of colon NEC			/local-scratch/data/opengwas/igd/ukb-b-1044/ukb-b-1044.vcf.gz					GRCh37							unassigned			unavailable		total	analysis_level	463010				all ukb-b traits in the OpenGWAS IGD collection (data/ukb-b/manifest.tsv)	
ukb-b-10444	ukb-b-10444	Operative procedures - main OPCS: X50.1 Direct current cardioversion			/local-scratch/data/opengwas/igd/ukb-b-10444/ukb-b-10444.vcf.gz					GRCh37							unassigned			unavailable		total	analysis_level	463010				all ukb-b traits in the OpenGWAS IGD collection (data/ukb-b/manifest.tsv)	
ukb-b-10454	ukb-b-10454	Illnesses of mother: None of the above (group 1)			/local-scratch/data/opengwas/igd/ukb-b-10454/ukb-b-10454.vcf.gz					GRCh37							unassigned			unavailable		total	analysis_level	425729				all ukb-b traits in the OpenGWAS IGD collection (data/ukb-b/manifest.tsv)	
ukb-b-1046	ukb-b-1046	Duration of strenuous sports			/local-scratch/data/opengwas/igd/ukb-b-1046/ukb-b-1046.vcf.gz					GRCh37							unassigned			unavailable		total	analysis_level	46993				all ukb-b traits in the OpenGWAS IGD collection (data/ukb-b/manifest.tsv)	
ukb-b-10477	ukb-b-10477	PCT where patients GP was registered: LAMBETH PCT			/local-scratch/data/opengwas/igd/ukb-b-10477/ukb-b-10477.vcf.gz					GRCh37							unassigned			unavailable		total	analysis_level	463010				all ukb-b traits in the OpenGWAS IGD collection (data/ukb-b/manifest.tsv)	
ukb-b-10485	ukb-b-10485	PCT where patients GP was registered: BRACKNELL FOREST PCT			/local-scratch/data/opengwas/igd/ukb-b-10485/ukb-b-10485.vcf.gz					GRCh37							unassigned			unavailable		total	analysis_level	463010				all ukb-b traits in the OpenGWAS IGD collection (data/ukb-b/manifest.tsv)	
ukb-b-10490	ukb-b-10490	Diagnoses - secondary ICD10: Z03.8 Observation for other suspected diseases and conditions			/local-scratch/data/opengwas/igd/ukb-b-10490/ukb-b-10490.vcf.gz					GRCh37							unassigned			unavailable		total	analysis_level	463010				all ukb-b traits in the OpenGWAS IGD collection (data/ukb-b/manifest.tsv)	
ukb-b-10505	ukb-b-10505	Qualifications: CSEs or equivalent			/local-scratch/data/opengwas/igd/ukb-b-10505/ukb-b-10505.vcf.gz					GRCh37							unassigned			unavailable		total	analysis_level	458079				all ukb-b traits in the OpenGWAS IGD collection (data/ukb-b/manifest.tsv)	
ukb-b-10537	ukb-b-10537	Non-cancer illness code, self-reported: psoriasis			/local-scratch/data/opengwas/igd/ukb-b-10537/ukb-b-10537.vcf.gz					GRCh37							unassigned			unavailable		total	analysis_level	462933				all ukb-b traits in the OpenGWAS IGD collection (data/ukb-b/manifest.tsv)	
ukb-b-10546	ukb-b-10546	Oily fish intake			/local-scratch/data/opengwas/igd/ukb-b-10546/ukb-b-10546.vcf.gz					GRCh37							unassigned			unavailable		total	analysis_level	64949				all ukb-b traits in the OpenGWAS IGD collection (data/ukb-b/manifest.tsv)	
ukb-b-10554	ukb-b-10554	Operation code: adenoid surgery / adenoidectomy			/local-scratch/data/opengwas/igd/ukb-b-10554/ukb-b-10554.vcf.gz					GRCh37							unassigned			unavailable		total	analysis_level	462933				all ukb-b traits in the OpenGWAS IGD collection (data/ukb-b/manifest.tsv)	
ukb-b-10555	ukb-b-10555	Diagnoses - secondary ICD10: I50.1 Left ventricular failure			/local-scratch/data/opengwas/igd/ukb-b-10555/ukb-b-10555.vcf.gz					GRCh37							unassigned			unavailable		total	analysis_level	463010				all ukb-b traits in the OpenGWAS IGD collection (data/ukb-b/manifest.tsv)	
ukb-b-10559	ukb-b-10559	Methods of admission to hospital (recoded): Emergency admission: A&E			/local-scratch/data/opengwas/igd/ukb-b-10559/ukb-b-10559.vcf.gz					GRCh37							unassigned			unavailable		total	analysis_level	462624				all ukb-b traits in the OpenGWAS IGD collection (data/ukb-b/manifest.tsv)	
ukb-b-10565	ukb-b-10565	Tinned tomato intake			/local-scratch/data/opengwas/igd/ukb-b-10565/ukb-b-10565.vcf.gz					GRCh37							unassigned			unavailable		total	analysis_level	64949				all ukb-b traits in the OpenGWAS IGD collection (data/ukb-b/manifest.tsv)	
ukb-b-10567	ukb-b-10567	Vitamin and/or mineral supplement use: Zinc			/local-scratch/data/opengwas/igd/ukb-b-10567/ukb-b-10567.vcf.gz					GRCh37							unassigned			unavailable		total	analysis_level	64949				all ukb-b traits in the OpenGWAS IGD collection (data/ukb-b/manifest.tsv)	
ukb-b-10586	ukb-b-10586	Treatment/medication code: calcichew 1.25g chewable tablet			/local-scratch/data/opengwas/igd/ukb-b-10586/ukb-b-10586.vcf.gz					GRCh37							unassigned			unavailable		total	analysis_level	462933				all ukb-b traits in the OpenGWAS IGD collection (data/ukb-b/manifest.tsv)	
ukb-b-10591	ukb-b-10591	Chest pain or discomfort			/local-scratch/data/opengwas/igd/ukb-b-10591/ukb-b-10591.vcf.gz					GRCh37							unassigned			unavailable		total	analysis_level	458012				all ukb-b traits in the OpenGWAS IGD collection (data/ukb-b/manifest.tsv)	
ukb-b-10608	ukb-b-10608	PCT where patients GP was registered: NOTTINGHAMSHIRE COUNTY TEACHING PCT			/local-scratch/data/opengwas/igd/ukb-b-10608/ukb-b-10608.vcf.gz					GRCh37							unassigned			unavailable		total	analysis_level	463010				all ukb-b traits in the OpenGWAS IGD collection (data/ukb-b/manifest.tsv)	
ukb-b-1061	ukb-b-1061	Age high blood pressure diagnosed			/local-scratch/data/opengwas/igd/ukb-b-1061/ukb-b-1061.vcf.gz					GRCh37							unassigned			unavailable		total	analysis_level	111148				all ukb-b traits in the OpenGWAS IGD collection (data/ukb-b/manifest.tsv)	
ukb-b-10617	ukb-b-10617	Operation code: mammoplasty/cosmetic operation on breast			/local-scratch/data/opengwas/igd/ukb-b-10617/ukb-b-10617.vcf.gz					GRCh37							unassigned			unavailable		total	analysis_level	462933				all ukb-b traits in the OpenGWAS IGD collection (data/ukb-b/manifest.tsv)	
ukb-b-10623	ukb-b-10623	Diagnoses - main ICD10: D12.5 Sigmoid colon			/local-scratch/data/opengwas/igd/ukb-b-10623/ukb-b-10623.vcf.gz					GRCh37							unassigned			unavailable		total	analysis_level	463010				all ukb-b traits in the OpenGWAS IGD collection (data/ukb-b/manifest.tsv)	
ukb-b-10629	ukb-b-10629	6mm asymmetry index (left)			/local-scratch/data/opengwas/igd/ukb-b-10629/ukb-b-10629.vcf.gz					GRCh37							unassigned			unavailable		total	analysis_level	51739				all ukb-b traits in the OpenGWAS IGD collection (data/ukb-b/manifest.tsv)	
ukb-b-10640	ukb-b-10640	Sweetened cereal intake			/local-scratch/data/opengwas/igd/ukb-b-10640/ukb-b-10640.vcf.gz					GRCh37							unassigned			unavailable		total	analysis_level	64949				all ukb-b traits in the OpenGWAS IGD collection (data/ukb-b/manifest.tsv)	
ukb-b-10646	ukb-b-10646	Diagnoses - main ICD10: Z09.9 Follow-up examination after unspecified treatment for other conditions			/local-scratch/data/opengwas/igd/ukb-b-10646/ukb-b-10646.vcf.gz					GRCh37							unassigned			unavailable		total	analysis_level	463010				all ukb-b traits in the OpenGWAS IGD collection (data/ukb-b/manifest.tsv)	
ukb-b-10655	ukb-b-10655	Methods of admission to hospital (recoded): Emergency admission			/local-scratch/data/opengwas/igd/ukb-b-10655/ukb-b-10655.vcf.gz					GRCh37							unassigned			unavailable		total	analysis_level	462498				all ukb-b traits in the OpenGWAS IGD collection (data/ukb-b/manifest.tsv)	
ukb-b-10668	ukb-b-10668	Diagnoses - main ICD10: N47 Redundant prepuce, phimosis and paraphimosis			/local-scratch/data/opengwas/igd/ukb-b-10668/ukb-b-10668.vcf.gz					GRCh37							unassigned			unavailable		total	analysis_level	463010				all ukb-b traits in the OpenGWAS IGD collection (data/ukb-b/manifest.tsv)	
ukb-b-10694	ukb-b-10694	Diagnoses - secondary ICD10: E10.9 Without complications			/local-scratch/data/opengwas/igd/ukb-b-10694/ukb-b-10694.vcf.gz					GRCh37							unassigned			unavailable		total	analysis_level	463010				all ukb-b traits in the OpenGWAS IGD collection (data/ukb-b/manifest.tsv)	
ukb-b-1070	ukb-b-1070	Average weekly fortified wine intake			/local-scratch/data/opengwas/igd/ukb-b-1070/ukb-b-1070.vcf.gz					GRCh37							unassigned			unavailable		total	analysis_level	327563				all ukb-b traits in the OpenGWAS IGD collection (data/ukb-b/manifest.tsv)	
ukb-b-10712	ukb-b-10712	Diagnoses - main ICD10: O70.1 Second degree perineal laceration during delivery			/local-scratch/data/opengwas/igd/ukb-b-10712/ukb-b-10712.vcf.gz					GRCh37							unassigned			unavailable		total	analysis_level	463010				all ukb-b traits in the OpenGWAS IGD collection (data/ukb-b/manifest.tsv)	
ukb-b-10713	ukb-b-10713	Treatment/medication code: loratadine			/local-scratch/data/opengwas/igd/ukb-b-10713/ukb-b-10713.vcf.gz					GRCh37							unassigned			unavailable		total	analysis_level	462933				all ukb-b traits in the OpenGWAS IGD collection (data/ukb-b/manifest.tsv)	
ukb-b-10733	ukb-b-10733	Operation code: fertility treatment procedures			/local-scratch/data/opengwas/igd/ukb-b-10733/ukb-b-10733.vcf.gz					GRCh37							unassigned			unavailable		total	analysis_level	462933				all ukb-b traits in the OpenGWAS IGD collection (data/ukb-b/manifest.tsv)	
ukb-b-10753	ukb-b-10753	Diabetes diagnosed by doctor			/local-scratch/data/opengwas/igd/ukb-b-10753/ukb-b-10753.vcf.gz					GRCh37							unassigned			unavailable		total	analysis_level	461578				all ukb-b traits in the OpenGWAS IGD collection (data/ukb-b/manifest.tsv)	
ukb-b-10756	ukb-b-10756	Diagnoses - secondary ICD10: I20.0 Unstable angina			/local-scratch/data/opengwas/igd/ukb-b-10756/ukb-b-10756.vcf.gz					GRCh37							unassigned			unavailable		total	analysis_level	463010				all ukb-b traits in the OpenGWAS IGD collection (data/ukb-b/manifest.tsv)	
ukb-b-10766	ukb-b-10766	Treatment/medication code: tegretol 100mg tablet			/local-scratch/data/opengwas/igd/ukb-b-10766/ukb-b-10766.vcf.gz					GRCh37							unassigned			unavailable		total	analysis_level	462933				all ukb-b traits in the OpenGWAS IGD collection (data/ukb-b/manifest.tsv)	
ukb-b-10768	ukb-b-10768	Cascot confidence score			/local-scratch/data/opengwas/igd/ukb-b-10768/ukb-b-10768.vcf.gz					GRCh37							unassigned			unavailable		total	analysis_level	13634				all ukb-b traits in the OpenGWAS IGD collection (data/ukb-b/manifest.tsv)	
ukb-b-10769	ukb-b-10769	PCT where patients GP was registered: BIRMINGHAM EAST AND NORTH PCT			/local-scratch/data/opengwas/igd/ukb-b-10769/ukb-b-10769.vcf.gz					GRCh37							unassigned			unavailable		total	analysis_level	463010				all ukb-b traits in the OpenGWAS IGD collection (data/ukb-b/manifest.tsv)	
ukb-b-10771	ukb-b-10771	Diagnoses - main ICD10: R07.4 Chest pain, unspecified			/local-scratch/data/opengwas/igd/ukb-b-10771/ukb-b-10771.vcf.gz					GRCh37							unassigned			unavailable		total	analysis_level	463010				all ukb-b traits in the OpenGWAS IGD collection (data/ukb-b/manifest.tsv)	
ukb-b-10778	ukb-b-10778	PCT responsible for patient data: WARRINGTON PCT			/local-scratch/data/opengwas/igd/ukb-b-10778/ukb-b-10778.vcf.gz					GRCh37							unassigned			unavailable		total	analysis_level	463010				all ukb-b traits in the OpenGWAS IGD collection (data/ukb-b/manifest.tsv)	
ukb-b-10783	ukb-b-10783	Illnesses of siblings: None of the above (group 2)			/local-scratch/data/opengwas/igd/ukb-b-10783/ukb-b-10783.vcf.gz					GRCh37							unassigned			unavailable		total	analysis_level	368679				all ukb-b traits in the OpenGWAS IGD collection (data/ukb-b/manifest.tsv)	
ukb-b-10787	ukb-b-10787	Standing height			/local-scratch/data/opengwas/igd/ukb-b-10787/ukb-b-10787.vcf.gz					GRCh37							unassigned			unavailable		total	analysis_level	461950				all ukb-b traits in the OpenGWAS IGD collection (data/ukb-b/manifest.tsv)	
ukb-b-10793	ukb-b-10793	Pear intake			/local-scratch/data/opengwas/igd/ukb-b-10793/ukb-b-10793.vcf.gz					GRCh37							unassigned			unavailable		total	analysis_level	64949				all ukb-b traits in the OpenGWAS IGD collection (data/ukb-b/manifest.tsv)	
ukb-b-10797	ukb-b-10797	Chest pain due to walking ceases when standing still			/local-scratch/data/opengwas/igd/ukb-b-10797/ukb-b-10797.vcf.gz					GRCh37							unassigned			unavailable		total	analysis_level	26467				all ukb-b traits in the OpenGWAS IGD collection (data/ukb-b/manifest.tsv)	
ukb-b-10806	ukb-b-10806	Gas or solid-fuel cooking/heating: A gas fire that you use regularly in winter time			/local-scratch/data/opengwas/igd/ukb-b-10806/ukb-b-10806.vcf.gz					GRCh37							unassigned			unavailable		total	analysis_level	461398				all ukb-b traits in the OpenGWAS IGD collection (data/ukb-b/manifest.tsv)	
ukb-b-10807	ukb-b-10807	Illnesses of mother: Severe depression			/local-scratch/data/opengwas/igd/ukb-b-10807/ukb-b-10807.vcf.gz					GRCh37							unassigned			unavailable		total	analysis_level	423217				all ukb-b traits in the OpenGWAS IGD collection (data/ukb-b/manifest.tsv)	
ukb-b-10810	ukb-b-10810	Operative procedures - main OPCS: S06.5 Excision of lesion of skin of head or neck NEC			/local-scratch/data/opengwas/igd/ukb-b-10810/ukb-b-10810.vcf.gz					GRCh37							unassigned			unavailable		total	analysis_level	463010				all ukb-b traits in the OpenGWAS IGD collection (data/ukb-b/manifest.tsv)	
ukb-b-10813	ukb-b-10813	Operative procedures - main OPCS: X55.8 Other specified other operations on unspecified organ			/local-scratch/data/opengwas/igd/ukb-b-10813/ukb-b-10813.vcf.gz					GRCh37							unassigned			unavailable		total	analysis_level	463010				all ukb-b traits in the OpenGWAS IGD collection (data/ukb-b/manifest.tsv)	
ukb-b-10817	ukb-b-10817	Particulate matter air pollution (pm2.5); 2010			/local-scratch/data/opengwas/igd/ukb-b-10817/ukb-b-10817.vcf.gz					GRCh37							unassigned			unavailable		total	analysis_level	423796				all ukb-b traits in the OpenGWAS IGD collection (data/ukb-b/manifest.tsv)	
ukb-b-10821	ukb-b-10821	External causes: W01.9 Unspecified place			/local-scratch/data/opengwas/igd/ukb-b-10821/ukb-b-10821.vcf.gz					GRCh37							unassigned			unavailable		total	analysis_level	463010				all ukb-b traits in the OpenGWAS IGD collection (data/ukb-b/manifest.tsv)	
ukb-b-10827	ukb-b-10827	Operation code: lumpectomy			/local-scratch/data/opengwas/igd/ukb-b-10827/ukb-b-10827.vcf.gz					GRCh37							unassigned			unavailable		total	analysis_level	462933				all ukb-b traits in the OpenGWAS IGD collection (data/ukb-b/manifest.tsv)	
ukb-b-10829	ukb-b-10829	Beef intake			/local-scratch/data/opengwas/igd/ukb-b-10829/ukb-b-10829.vcf.gz					GRCh37							unassigned			unavailable		total	analysis_level	64943				all ukb-b traits in the OpenGWAS IGD collection (data/ukb-b/manifest.tsv)	
ukb-b-10830	ukb-b-10830	Average monthly spirits intake			/local-scratch/data/opengwas/igd/ukb-b-10830/ukb-b-10830.vcf.gz					GRCh37							unassigned			unavailable		total	analysis_level	34111				all ukb-b traits in the OpenGWAS IGD collection (data/ukb-b/manifest.tsv)	
ukb-b-10831	ukb-b-10831	Pack years of smoking			/local-scratch/data/opengwas/igd/ukb-b-10831/ukb-b-10831.vcf.gz					GRCh37							unassigned			unavailable		total	analysis_level	142387				all ukb-b traits in the OpenGWAS IGD collection (data/ukb-b/manifest.tsv)	
ukb-b-10847	ukb-b-10847	Operative procedures - secondary OPCS: Y53.5 Approach to organ under image intensifier			/local-scratch/data/opengwas/igd/ukb-b-10847/ukb-b-10847.vcf.gz					GRCh37							unassigned			unavailable		total	analysis_level	463010				all ukb-b traits in the OpenGWAS IGD collection (data/ukb-b/manifest.tsv)	
ukb-b-10848	ukb-b-10848	Operative procedures - secondary OPCS: Z80.1 First metatarsal			/local-scratch/data/opengwas/igd/ukb-b-10848/ukb-b-10848.vcf.gz					GRCh37							unassigned			unavailable		total	analysis_level	463010				all ukb-b traits in the OpenGWAS IGD collection (data/ukb-b/manifest.tsv)	
ukb-b-10849	ukb-b-10849	Diagnoses - main ICD10: N93.9 Abnormal uterine and vaginal bleeding, unspecified			/local-scratch/data/opengwas/igd/ukb-b-10849/ukb-b-10849.vcf.gz					GRCh37							unassigned			unavailable		total	analysis_level	463010				all ukb-b traits in the OpenGWAS IGD collection (data/ukb-b/manifest.tsv)	
ukb-b-10852	ukb-b-10852	Was blood sampling attempted			/local-scratch/data/opengwas/igd/ukb-b-10852/ukb-b-10852.vcf.gz					GRCh37							unassigned			unavailable		total	analysis_level	463000				all ukb-b traits in the OpenGWAS IGD collection (data/ukb-b/manifest.tsv)	
ukb-b-10857	ukb-b-10857	Willing to attempt cognitive tests			/local-scratch/data/opengwas/igd/ukb-b-10857/ukb-b-10857.vcf.gz					GRCh37							unassigned			unavailable		total	analysis_level	462293				all ukb-b traits in the OpenGWAS IGD collection (data/ukb-b/manifest.tsv)	
ukb-b-10859	ukb-b-10859	Diagnoses - main ICD10: K57.3 Diverticular disease of large intestine without perforation or abscess			/local-scratch/data/opengwas/igd/ukb-b-10859/ukb-b-10859.vcf.gz					GRCh37							unassigned			unavailable		total	analysis_level	463010				all ukb-b traits in the OpenGWAS IGD collection (data/ukb-b/manifest.tsv)	
ukb-b-10872	ukb-b-10872	PCT responsible for patient data: NORTH YORKSHIRE AND YORK PCT			/local-scratch/data/opengwas/igd/ukb-b-10872/ukb-b-10872.vcf.gz					GRCh37							unassigned			unavailable		total	analysis_level	463010				all ukb-b traits in the OpenGWAS IGD collection (data/ukb-b/manifest.tsv)	
ukb-b-10873	ukb-b-10873	Diagnoses - main ICD10: M54.59 Low back pain (Site unspecified)			/local-scratch/data/opengwas/igd/ukb-b-10873/ukb-b-10873.vcf.gz					GRCh37							unassigned			unavailable		total	analysis_level	463010				all ukb-b traits in the OpenGWAS IGD collection (data/ukb-b/manifest.tsv)	
ukb-b-10880	ukb-b-10880	Diagnoses - secondary ICD10: Z87.4 Personal history of diseases of the genito-urinary system			/local-scratch/data/opengwas/igd/ukb-b-10880/ukb-b-10880.vcf.gz					GRCh37							unassigned			unavailable		total	analysis_level	463010				all ukb-b traits in the OpenGWAS IGD collection (data/ukb-b/manifest.tsv)	
ukb-b-10903	ukb-b-10903	Non-cancer illness code, self-reported: endometriosis			/local-scratch/data/opengwas/igd/ukb-b-10903/ukb-b-10903.vcf.gz					GRCh37							unassigned			unavailable		total	analysis_level	462933				all ukb-b traits in the OpenGWAS IGD collection (data/ukb-b/manifest.tsv)	
ukb-b-10911	ukb-b-10911	Diagnoses - secondary ICD10: Z92.2 Personal history of long-term (current) use of other medicaments			/local-scratch/data/opengwas/igd/ukb-b-10911/ukb-b-10911.vcf.gz					GRCh37							unassigned			unavailable		total	analysis_level	463010				all ukb-b traits in the OpenGWAS IGD collection (data/ukb-b/manifest.tsv)	
ukb-b-10912	ukb-b-10912	Non-cancer illness code, self-reported: high cholesterol			/local-scratch/data/opengwas/igd/ukb-b-10912/ukb-b-10912.vcf.gz					GRCh37							unassigned			unavailable		total	analysis_level	462933				all ukb-b traits in the OpenGWAS IGD collection (data/ukb-b/manifest.tsv)	
ukb-b-10919	ukb-b-10919	Operative procedures - main OPCS: E49.9 Unspecified diagnostic fibreoptic endoscopic examination of lower respiratory tract			/local-scratch/data/opengwas/igd/ukb-b-10919/ukb-b-10919.vcf.gz					GRCh37							unassigned			unavailable		total	analysis_level	463010				all ukb-b traits in the OpenGWAS IGD collection (data/ukb-b/manifest.tsv)	
ukb-b-1092	ukb-b-1092	PCT responsible for patient data: BERKSHIRE EAST PCT			/local-scratch/data/opengwas/igd/ukb-b-1092/ukb-b-1092.vcf.gz					GRCh37							unassigned			unavailable		total	analysis_level	463010				all ukb-b traits in the OpenGWAS IGD collection (data/ukb-b/manifest.tsv)	
ukb-b-10923	ukb-b-10923	Alcohol consumed			/local-scratch/data/opengwas/igd/ukb-b-10923/ukb-b-10923.vcf.gz					GRCh37							unassigned			unavailable		total	analysis_level	64949				all ukb-b traits in the OpenGWAS IGD collection (data/ukb-b/manifest.tsv)	
ukb-b-10932	ukb-b-10932	Sweet pepper intake			/local-scratch/data/opengwas/igd/ukb-b-10932/ukb-b-10932.vcf.gz					GRCh37							unassigned			unavailable		total	analysis_level	64949				all ukb-b traits in the OpenGWAS IGD collection (data/ukb-b/manifest.tsv)	
ukb-b-10937	ukb-b-10937	Reason for glasses/contact lenses: For 'astigmatism'			/local-scratch/data/opengwas/igd/ukb-b-10937/ukb-b-10937.vcf.gz					GRCh37							unassigned			unavailable		total	analysis_level	460536				all ukb-b traits in the OpenGWAS IGD collection (data/ukb-b/manifest.tsv)	
ukb-b-1096	ukb-b-1096	Heel bone mineral density (BMD) (left)			/local-scratch/data/opengwas/igd/ukb-b-1096/ukb-b-1096.vcf.gz					GRCh37							unassigned			unavailable		total	analysis_level	146139				all ukb-b traits in the OpenGWAS IGD collection (data/ukb-b/manifest.tsv)	
ukb-b-10979	ukb-b-10979	Gas or solid-fuel cooking/heating: None of the above			/local-scratch/data/opengwas/igd/ukb-b-10979/ukb-b-10979.vcf.gz					GRCh37							unassigned			unavailable		total	analysis_level	461398				all ukb-b traits in the OpenGWAS IGD collection (data/ukb-b/manifest.tsv)	
ukb-b-1099	ukb-b-1099	Salted peanuts intake			/local-scratch/data/opengwas/igd/ukb-b-1099/ukb-b-1099.vcf.gz					GRCh37							unassigned			unavailable		total	analysis_level	64949				all ukb-b traits in the OpenGWAS IGD collection (data/ukb-b/manifest.tsv)	
ukb-b-1100	ukb-b-1100	Close to major road			/local-scratch/data/opengwas/igd/ukb-b-1100/ukb-b-1100.vcf.gz					GRCh37							unassigned			unavailable		total	analysis_level	456380				all ukb-b traits in the OpenGWAS IGD collection (data/ukb-b/manifest.tsv)	
ukb-b-11002	ukb-b-11002	PCT responsible for patient data: NORTHUMBERLAND CARE TRUST			/local-scratch/data/opengwas/igd/ukb-b-11002/ukb-b-11002.vcf.gz					GRCh37							unassigned			unavailable		total	analysis_level	463010				all ukb-b traits in the OpenGWAS IGD collection (data/ukb-b/manifest.tsv)	
ukb-b-11004	ukb-b-11004	Muesli intake			/local-scratch/data/opengwas/igd/ukb-b-11004/ukb-b-11004.vcf.gz					GRCh37							unassigned			unavailable		total	analysis_level	64949				all ukb-b traits in the OpenGWAS IGD collection (data/ukb-b/manifest.tsv)	
ukb-b-11010	ukb-b-11010	How are people in household related to participant: Other unrelated			/local-scratch/data/opengwas/igd/ukb-b-11010/ukb-b-11010.vcf.gz					GRCh37							unassigned			unavailable		total	analysis_level	459600				all ukb-b traits in the OpenGWAS IGD collection (data/ukb-b/manifest.tsv)	
ukb-b-11015	ukb-b-11015	Operative procedures - main OPCS: Q18.9 Unspecified diagnostic endoscopic examination of uterus			/local-scratch/data/opengwas/igd/ukb-b-11015/ukb-b-11015.vcf.gz					GRCh37							unassigned			unavailable		total	analysis_level	463010				all ukb-b traits in the OpenGWAS IGD collection (data/ukb-b/manifest.tsv)	
ukb-b-11020	ukb-b-11020	Diagnoses - main ICD10: K80.2 Calculus of gallbladder without cholecystitis			/local-scratch/data/opengwas/igd/ukb-b-11020/ukb-b-11020.vcf.gz					GRCh37							unassigned			unavailable		total	analysis_level	463010				all ukb-b traits in the OpenGWAS IGD collection (data/ukb-b/manifest.tsv)	
ukb-b-11025	ukb-b-11025	Transport type for commuting to job workplace: Car/motor vehicle			/local-scratch/data/opengwas/igd/ukb-b-11025/ukb-b-11025.vcf.gz					GRCh37							unassigned			unavailable		total	analysis_level	245364				all ukb-b traits in the OpenGWAS IGD collection (data/ukb-b/manifest.tsv)	
ukb-b-11045	ukb-b-11045	Diagnoses - secondary ICD10: M13.9 Arthritis, unspecified			/local-scratch/data/opengwas/igd/ukb-b-11045/ukb-b-11045.vcf.gz					GRCh37							unassigned			unavailable		total	analysis_level	463010				all ukb-b traits in the OpenGWAS IGD collection (data/ukb-b/manifest.tsv)	
ukb-b-11048	ukb-b-11048	Why stopped smoking: Financial reasons			/local-scratch/data/opengwas/igd/ukb-b-11048/ukb-b-11048.vcf.gz					GRCh37							unassigned			unavailable		total	analysis_level	113988				all ukb-b traits in the OpenGWAS IGD collection (data/ukb-b/manifest.tsv)	
ukb-b-11052	ukb-b-11052	Diagnoses - main ICD10: R79.8 Other specified abnormal findings of blood chemistry			/local-scratch/data/opengwas/igd/ukb-b-11052/ukb-b-11052.vcf.gz					GRCh37							unassigned			unavailable		total	analysis_level	463010				all ukb-b traits in the OpenGWAS IGD collection (data/ukb-b/manifest.tsv)	
ukb-b-11064	ukb-b-11064	Diagnoses - secondary ICD10: Z95.1 Presence of aortocoronary bypass graft			/local-scratch/data/opengwas/igd/ukb-b-11064/ukb-b-11064.vcf.gz					GRCh37							unassigned			unavailable		total	analysis_level	463010				all ukb-b traits in the OpenGWAS IGD collection (data/ukb-b/manifest.tsv)	
ukb-b-11065	ukb-b-11065	Diagnoses - secondary ICD10: W01.0 Home			/local-scratch/data/opengwas/igd/ukb-b-11065/ukb-b-11065.vcf.gz					GRCh37							unassigned			unavailable		total	analysis_level	463010				all ukb-b traits in the OpenGWAS IGD collection (data/ukb-b/manifest.tsv)	
ukb-b-11075	ukb-b-11075	Mineral and other dietary supplements: Fish oil (including cod liver oil)			/local-scratch/data/opengwas/igd/ukb-b-11075/ukb-b-11075.vcf.gz					GRCh37							unassigned			unavailable		total	analysis_level	461384				all ukb-b traits in the OpenGWAS IGD collection (data/ukb-b/manifest.tsv)	
ukb-b-11076	ukb-b-11076	ECG, phase time			/local-scratch/data/opengwas/igd/ukb-b-11076/ukb-b-11076.vcf.gz					GRCh37							unassigned			unavailable		total	analysis_level	68426				all ukb-b traits in the OpenGWAS IGD collection (data/ukb-b/manifest.tsv)	
ukb-b-11085	ukb-b-11085	Medication for pain relief, constipation, heartburn: None of the above			/local-scratch/data/opengwas/igd/ukb-b-11085/ukb-b-11085.vcf.gz					GRCh37							unassigned			unavailable		total	analysis_level	457547				all ukb-b traits in the OpenGWAS IGD collection (data/ukb-b/manifest.tsv)	
ukb-b-11113	ukb-b-11113	3mm weak meridian (left)			/local-scratch/data/opengwas/igd/ukb-b-11113/ukb-b-11113.vcf.gz					GRCh37							unassigned			unavailable		total	analysis_level	95998				all ukb-b traits in the OpenGWAS IGD collection (data/ukb-b/manifest.tsv)	
ukb-b-11120	ukb-b-11120	Operation code: knee replacement/revision			/local-scratch/data/opengwas/igd/ukb-b-11120/ukb-b-11120.vcf.gz					GRCh37							unassigned			unavailable		total	analysis_level	462933				all ukb-b traits in the OpenGWAS IGD collection (data/ukb-b/manifest.tsv)	
ukb-b-11133	ukb-b-11133	PCT responsible for patient data: BARNSLEY PCT			/local-scratch/data/opengwas/igd/ukb-b-11133/ukb-b-11133.vcf.gz					GRCh37							unassigned			unavailable		total	analysis_level	463010				all ukb-b traits in the OpenGWAS IGD collection (data/ukb-b/manifest.tsv)	
ukb-b-11138	ukb-b-11138	Vitamin and/or mineral supplement use: Fish oil			/local-scratch/data/opengwas/igd/ukb-b-11138/ukb-b-11138.vcf.gz					GRCh37							unassigned			unavailable		total	analysis_level	64949				all ukb-b traits in the OpenGWAS IGD collection (data/ukb-b/manifest.tsv)	
ukb-b-11141	ukb-b-11141	Forced expiratory volume in 1-second (FEV1), Best measure			/local-scratch/data/opengwas/igd/ukb-b-11141/ukb-b-11141.vcf.gz					GRCh37							unassigned			unavailable		total	analysis_level	345665				all ukb-b traits in the OpenGWAS IGD collection (data/ukb-b/manifest.tsv)	
ukb-b-11158	ukb-b-11158	Aide-memoire completed			/local-scratch/data/opengwas/igd/ukb-b-11158/ukb-b-11158.vcf.gz					GRCh37							unassigned			unavailable		total	analysis_level	462933				all ukb-b traits in the OpenGWAS IGD collection (data/ukb-b/manifest.tsv)	
ukb-b-11161	ukb-b-11161	Mouth/teeth dental problems: Painful gums			/local-scratch/data/opengwas/igd/ukb-b-11161/ukb-b-11161.vcf.gz					GRCh37							unassigned			unavailable		total	analysis_level	461113				all ukb-b traits in the OpenGWAS IGD collection (data/ukb-b/manifest.tsv)	
ukb-b-11182	ukb-b-11182	3mm cylindrical power (left)			/local-scratch/data/opengwas/igd/ukb-b-11182/ukb-b-11182.vcf.gz					GRCh37							unassigned			unavailable		total	analysis_level	95998				all ukb-b traits in the OpenGWAS IGD collection (data/ukb-b/manifest.tsv)	
ukb-b-11188	ukb-b-11188	Used an inhaler for chest within last hour			/local-scratch/data/opengwas/igd/ukb-b-11188/ukb-b-11188.vcf.gz					GRCh37							unassigned			unavailable		total	analysis_level	424873				all ukb-b traits in the OpenGWAS IGD collection (data/ukb-b/manifest.tsv)	
ukb-b-11189	ukb-b-11189	Type of special diet followed: Gluten-free			/local-scratch/data/opengwas/igd/ukb-b-11189/ukb-b-11189.vcf.gz					GRCh37							unassigned			unavailable		total	analysis_level	64949				all ukb-b traits in the OpenGWAS IGD collection (data/ukb-b/manifest.tsv)	
ukb-b-11207	ukb-b-11207	6mm cylindrical power (left)			/local-scratch/data/opengwas/igd/ukb-b-11207/ukb-b-11207.vcf.gz					GRCh37							unassigned			unavailable		total	analysis_level	83410				all ukb-b traits in the OpenGWAS IGD collection (data/ukb-b/manifest.tsv)	
ukb-b-11209	ukb-b-11209	Diagnoses - secondary ICD10: R79.8 Other specified abnormal findings of blood chemistry			/local-scratch/data/opengwas/igd/ukb-b-11209/ukb-b-11209.vcf.gz					GRCh37							unassigned			unavailable		total	analysis_level	463010				all ukb-b traits in the OpenGWAS IGD collection (data/ukb-b/manifest.tsv)	
ukb-b-11231	ukb-b-11231	Diagnoses - secondary ICD10: Z85.8 Personal history of malignant neoplasms of other organs and systems			/local-scratch/data/opengwas/igd/ukb-b-11231/ukb-b-11231.vcf.gz					GRCh37							unassigned			unavailable		total	analysis_level	463010				all ukb-b traits in the OpenGWAS IGD collection (data/ukb-b/manifest.tsv)	
ukb-b-11241	ukb-b-11241	Non-cancer illness code, self-reported: back pain			/local-scratch/data/opengwas/igd/ukb-b-11241/ukb-b-11241.vcf.gz					GRCh37							unassigned			unavailable		total	analysis_level	462933				all ukb-b traits in the OpenGWAS IGD collection (data/ukb-b/manifest.tsv)	
ukb-b-11247	ukb-b-11247	Main speciality of consultant (recoded): Cardiothoracic surgery			/local-scratch/data/opengwas/igd/ukb-b-11247/ukb-b-11247.vcf.gz					GRCh37							unassigned			unavailable		total	analysis_level	461137				all ukb-b traits in the OpenGWAS IGD collection (data/ukb-b/manifest.tsv)	
ukb-b-11261	ukb-b-11261	Diagnoses - main ICD10: I84.9 Unspecified haemorrhoids without complication			/local-scratch/data/opengwas/igd/ukb-b-11261/ukb-b-11261.vcf.gz					GRCh37							unassigned			unavailable		total	analysis_level	463010				all ukb-b traits in the OpenGWAS IGD collection (data/ukb-b/manifest.tsv)	
ukb-b-11262	ukb-b-11262	Blood sample #, note contents: Poor venous access/flow			/local-scratch/data/opengwas/igd/ukb-b-11262/ukb-b-11262.vcf.gz					GRCh37							unassigned			unavailable		total	analysis_level	463000				all ukb-b traits in the OpenGWAS IGD collection (data/ukb-b/manifest.tsv)	
ukb-b-11268	ukb-b-11268	Treatment/medication code: simvastatin			/local-scratch/data/opengwas/igd/ukb-b-11268/ukb-b-11268.vcf.gz					GRCh37							unassigned			unavailable		total	analysis_level	462933				all ukb-b traits in the OpenGWAS IGD collection (data/ukb-b/manifest.tsv)	
ukb-b-11272	ukb-b-11272	Omelette intake			/local-scratch/data/opengwas/igd/ukb-b-11272/ukb-b-11272.vcf.gz					GRCh37							unassigned			unavailable		total	analysis_level	64949				all ukb-b traits in the OpenGWAS IGD collection (data/ukb-b/manifest.tsv)	
ukb-b-11274	ukb-b-11274	Diagnoses - main ICD10: K60.2 Anal fissure, unspecified			/local-scratch/data/opengwas/igd/ukb-b-11274/ukb-b-11274.vcf.gz					GRCh37							unassigned			unavailable		total	analysis_level	463010				all ukb-b traits in the OpenGWAS IGD collection (data/ukb-b/manifest.tsv)	
ukb-b-11282	ukb-b-11282	Non-cancer illness code, self-reported: vaginal prolapse/uterine prolapse			/local-scratch/data/opengwas/igd/ukb-b-11282/ukb-b-11282.vcf.gz					GRCh37							unassigned			unavailable		total	analysis_level	462933				all ukb-b traits in the OpenGWAS IGD collection (data/ukb-b/manifest.tsv)	
ukb-b-11285	ukb-b-11285	Sources of admission to hospital (recoded): Temporary place of residence			/local-scratch/data/opengwas/igd/ukb-b-11285/ukb-b-11285.vcf.gz					GRCh37							unassigned			unavailable		total	analysis_level	461380				all ukb-b traits in the OpenGWAS IGD collection (data/ukb-b/manifest.tsv)	
ukb-b-11297	ukb-b-11297	Doctor diagnosed asthma			/local-scratch/data/opengwas/igd/ukb-b-11297/ukb-b-11297.vcf.gz					GRCh37							unassigned			unavailable		total	analysis_level	112583				all ukb-b traits in the OpenGWAS IGD collection (data/ukb-b/manifest.tsv)	
ukb-b-11298	ukb-b-11298	Diagnoses - main ICD10: N81.1 Cystocele			/local-scratch/data/opengwas/igd/ukb-b-11298/ukb-b-11298.vcf.gz					GRCh37							unassigned			unavailable		total	analysis_level	463010				all ukb-b traits in the OpenGWAS IGD collection (data/ukb-b/manifest.tsv)	
ukb-b-11303	ukb-b-11303	Father's age at death			/local-scratch/data/opengwas/igd/ukb-b-11303/ukb-b-11303.vcf.gz					GRCh37							unassigned			unavailable		total	analysis_level	341118				all ukb-b traits in the OpenGWAS IGD collection (data/ukb-b/manifest.tsv)	
ukb-b-11311	ukb-b-11311	Diagnoses - secondary ICD10: F41.9 Anxiety disorder, unspecified			/local-scratch/data/opengwas/igd/ukb-b-11311/ukb-b-11311.vcf.gz					GRCh37							unassigned			unavailable		total	analysis_level	463010				all ukb-b traits in the OpenGWAS IGD collection (data/ukb-b/manifest.tsv)	
ukb-b-11312	ukb-b-11312	Particulate matter air pollution (pm2.5) absorbance; 2010			/local-scratch/data/opengwas/igd/ukb-b-11312/ukb-b-11312.vcf.gz					GRCh37							unassigned			unavailable		total	analysis_level	423796				all ukb-b traits in the OpenGWAS IGD collection (data/ukb-b/manifest.tsv)	
ukb-b-11348	ukb-b-11348	Bread intake			/local-scratch/data/opengwas/igd/ukb-b-11348/ukb-b-11348.vcf.gz					GRCh37							unassigned			unavailable		total	analysis_level	452236				all ukb-b traits in the OpenGWAS IGD collection (data/ukb-b/manifest.tsv)	
ukb-b-11349	ukb-b-11349	Folate			/local-scratch/data/opengwas/igd/ukb-b-11349/ukb-b-11349.vcf.gz					GRCh37							unassigned			unavailable		total	analysis_level	64979				all ukb-b traits in the OpenGWAS IGD collection (data/ukb-b/manifest.tsv)	
ukb-b-11355	ukb-b-11355	Ever stopped smoking for 6+ months			/local-scratch/data/opengwas/igd/ukb-b-11355/ukb-b-11355.vcf.gz					GRCh37							unassigned			unavailable		total	analysis_level	113230				all ukb-b traits in the OpenGWAS IGD collection (data/ukb-b/manifest.tsv)	
ukb-b-11358	ukb-b-11358	Length of time at current address			/local-scratch/data/opengwas/igd/ukb-b-11358/ukb-b-11358.vcf.gz					GRCh37							unassigned			unavailable		total	analysis_level	451769				all ukb-b traits in the OpenGWAS IGD collection (data/ukb-b/manifest.tsv)	
ukb-b-11361	ukb-b-11361	ECG, heart rate			/local-scratch/data/opengwas/igd/ukb-b-11361/ukb-b-11361.vcf.gz					GRCh37							unassigned			unavailable		total	analysis_level	68160				all ukb-b traits in the OpenGWAS IGD collection (data/ukb-b/manifest.tsv)	
ukb-b-11364	ukb-b-11364	Heel bone mineral density (BMD), manual entry			/local-scratch/data/opengwas/igd/ukb-b-11364/ukb-b-11364.vcf.gz					GRCh37							unassigned			unavailable		total	analysis_level	40613				all ukb-b traits in the OpenGWAS IGD collection (data/ukb-b/manifest.tsv)	
ukb-b-11369	ukb-b-11369	Diagnoses - main ICD10: K40.2 Bilateral inguinal hernia, without obstruction or gangrene			/local-scratch/data/opengwas/igd/ukb-b-11369/ukb-b-11369.vcf.gz					GRCh37							unassigned			unavailable		total	analysis_level	463010				all ukb-b traits in the OpenGWAS IGD collection (data/ukb-b/manifest.tsv)	
ukb-b-1138	ukb-b-1138	6mm strong meridian angle (right)			/local-scratch/data/opengwas/igd/ukb-b-1138/ukb-b-1138.vcf.gz					GRCh37							unassigned			unavailable		total	analysis_level	84303				all ukb-b traits in the OpenGWAS IGD collection (data/ukb-b/manifest.tsv)	
ukb-b-11381	ukb-b-11381	PCT where patients GP was registered: SALFORD PCT			/local-scratch/data/opengwas/igd/ukb-b-11381/ukb-b-11381.vcf.gz					GRCh37							unassigned			unavailable		total	analysis_level	463010				all ukb-b traits in the OpenGWAS IGD collection (data/ukb-b/manifest.tsv)	
ukb-b-11388	ukb-b-11388	PCT where patients GP was registered: LEEDS PCT			/local-scratch/data/opengwas/igd/ukb-b-11388/ukb-b-11388.vcf.gz					GRCh37							unassigned			unavailable		total	analysis_level	463010				all ukb-b traits in the OpenGWAS IGD collection (data/ukb-b/manifest.tsv)	
ukb-b-11402	ukb-b-11402	Operation code: colectomy/hemicolectomy			/local-scratch/data/opengwas/igd/ukb-b-11402/ukb-b-11402.vcf.gz					GRCh37							unassigned			unavailable		total	analysis_level	462933				all ukb-b traits in the OpenGWAS IGD collection (data/ukb-b/manifest.tsv)	
ukb-b-11403	ukb-b-11403	Diagnoses - main ICD10: L90.5 Scar conditions and fibrosis of skin			/local-scratch/data/opengwas/igd/ukb-b-11403/ukb-b-11403.vcf.gz					GRCh37							unassigned			unavailable		total	analysis_level	463010				all ukb-b traits in the OpenGWAS IGD collection (data/ukb-b/manifest.tsv)	
ukb-b-11409	ukb-b-11409	Operative procedures - secondary OPCS: U08.1 Computed tomography of abdomen NEC			/local-scratch/data/opengwas/igd/ukb-b-11409/ukb-b-11409.vcf.gz					GRCh37							unassigned			unavailable		total	analysis_level	463010				all ukb-b traits in the OpenGWAS IGD collection (data/ukb-b/manifest.tsv)	
ukb-b-11411	ukb-b-11411	Blood clot, DVT, bronchitis, emphysema, asthma, rhinitis, eczema, allergy diagnosed by doctor: Blood clot in the leg (DVT)			/local-scratch/data/opengwas/igd/ukb-b-11411/ukb-b-11411.vcf.gz					GRCh37							unassigned			unavailable		total	analysis_level	462013				all ukb-b traits in the OpenGWAS IGD collection (data/ukb-b/manifest.tsv)	
ukb-b-11412	ukb-b-11412	Diagnoses - main ICD10: R04.0 Epistaxis			/local-scratch/data/opengwas/igd/ukb-b-11412/ukb-b-11412.vcf.gz					GRCh37							unassigned			unavailable		total	analysis_level	463010				all ukb-b traits in the OpenGWAS IGD collection (data/ukb-b/manifest.tsv)	
ukb-b-11413	ukb-b-11413	Pain type(s) experienced in last month: Stomach or abdominal pain			/local-scratch/data/opengwas/igd/ukb-b-11413/ukb-b-11413.vcf.gz					GRCh37							unassigned			unavailable		total	analysis_level	461857				all ukb-b traits in the OpenGWAS IGD collection (data/ukb-b/manifest.tsv)	
ukb-b-11417	ukb-b-11417	Operative procedures - main OPCS: V54.4 Injection around spinal facet of spine			/local-scratch/data/opengwas/igd/ukb-b-11417/ukb-b-11417.vcf.gz					GRCh37							unassigned			unavailable		total	analysis_level	463010				all ukb-b traits in the OpenGWAS IGD collection (data/ukb-b/manifest.tsv)	
ukb-b-11427	ukb-b-11427	Operative procedures - secondary OPCS: Z81.4 Shoulder joint			/local-scratch/data/opengwas/igd/ukb-b-11427/ukb-b-11427.vcf.gz					GRCh37							unassigned			unavailable		total	analysis_level	463010				all ukb-b traits in the OpenGWAS IGD collection (data/ukb-b/manifest.tsv)	
ukb-b-11447	ukb-b-11447	PCT responsible for patient data: ASHTON, LEIGH AND WIGAN PCT			/local-scratch/data/opengwas/igd/ukb-b-11447/ukb-b-11447.vcf.gz					GRCh37							unassigned			unavailable		total	analysis_level	463010				all ukb-b traits in the OpenGWAS IGD collection (data/ukb-b/manifest.tsv)	
ukb-b-11452	ukb-b-11452	6mm strong meridian (right)			/local-scratch/data/opengwas/igd/ukb-b-11452/ukb-b-11452.vcf.gz					GRCh37							unassigned			unavailable		total	analysis_level	84303				all ukb-b traits in the OpenGWAS IGD collection (data/ukb-b/manifest.tsv)	
ukb-b-11459	ukb-b-11459	PCT responsible for patient data: BIRMINGHAM EAST AND NORTH PCT			/local-scratch/data/opengwas/igd/ukb-b-11459/ukb-b-11459.vcf.gz					GRCh37							unassigned			unavailable		total	analysis_level	463010				all ukb-b traits in the OpenGWAS IGD collection (data/ukb-b/manifest.tsv)	
ukb-b-11461	ukb-b-11461	Medication for pain relief, constipation, heartburn: Laxatives (e.g. Dulcolax, Senokot)			/local-scratch/data/opengwas/igd/ukb-b-11461/ukb-b-11461.vcf.gz					GRCh37							unassigned			unavailable		total	analysis_level	457547				all ukb-b traits in the OpenGWAS IGD collection (data/ukb-b/manifest.tsv)	
ukb-b-11463	ukb-b-11463	Time since last menstrual period			/local-scratch/data/opengwas/igd/ukb-b-11463/ukb-b-11463.vcf.gz					GRCh37							unassigned			unavailable		total	analysis_level	50309				all ukb-b traits in the OpenGWAS IGD collection (data/ukb-b/manifest.tsv)	
ukb-b-11465	ukb-b-11465	Reason for glasses/contact lenses: For a 'squint' or 'turn' in an eye since childhood (called 'strabismus')			/local-scratch/data/opengwas/igd/ukb-b-11465/ukb-b-11465.vcf.gz					GRCh37							unassigned			unavailable		total	analysis_level	460536				all ukb-b traits in the OpenGWAS IGD collection (data/ukb-b/manifest.tsv)	
ukb-b-1147	ukb-b-1147	Diagnoses - secondary ICD10: D12.5 Sigmoid colon			/local-scratch/data/opengwas/igd/ukb-b-1147/ukb-b-1147.vcf.gz					GRCh37							unassigned			unavailable		total	analysis_level	463010				all ukb-b traits in the OpenGWAS IGD collection (data/ukb-b/manifest.tsv)	
ukb-b-11480	ukb-b-11480	Corneal hysteresis (right)			/local-scratch/data/opengwas/igd/ukb-b-11480/ukb-b-11480.vcf.gz					GRCh37							unassigned			unavailable		total	analysis_level	97653				all ukb-b traits in the OpenGWAS IGD collection (data/ukb-b/manifest.tsv)	
ukb-b-11484	ukb-b-11484	Diagnoses - secondary ICD10: Z51.1 Chemotherapy session for neoplasm			/local-scratch/data/opengwas/igd/ukb-b-11484/ukb-b-11484.vcf.gz					GRCh37							unassigned			unavailable		total	analysis_level	463010				all ukb-b traits in the OpenGWAS IGD collection (data/ukb-b/manifest.tsv)	
ukb-b-11491	ukb-b-11491	Added milk to rooibos tea			/local-scratch/data/opengwas/igd/ukb-b-11491/ukb-b-11491.vcf.gz					GRCh37							unassigned			unavailable		total	analysis_level	64949				all ukb-b traits in the OpenGWAS IGD collection (data/ukb-b/manifest.tsv)	
ukb-b-11492	ukb-b-11492	Treatment/medication code: salamol 100micrograms inhaler			/local-scratch/data/opengwas/igd/ukb-b-11492/ukb-b-11492.vcf.gz					GRCh37							unassigned			unavailable		total	analysis_level	462933				all ukb-b traits in the OpenGWAS IGD collection (data/ukb-b/manifest.tsv)	
ukb-b-11495	ukb-b-11495	Types of physical activity in last 4 weeks: Light DIY (eg: pruning, watering the lawn)			/local-scratch/data/opengwas/igd/ukb-b-11495/ukb-b-11495.vcf.gz					GRCh37							unassigned			unavailable		total	analysis_level	460376				all ukb-b traits in the OpenGWAS IGD collection (data/ukb-b/manifest.tsv)	
ukb-b-11497	ukb-b-11497	Operation code: tonsillectomy +/- adenoids			/local-scratch/data/opengwas/igd/ukb-b-11497/ukb-b-11497.vcf.gz					GRCh37							unassigned			unavailable		total	analysis_level	462933				all ukb-b traits in the OpenGWAS IGD collection (data/ukb-b/manifest.tsv)	
ukb-b-1153	ukb-b-1153	PCT where patients GP was registered: NORTH BIRMINGHAM PCT			/local-scratch/data/opengwas/igd/ukb-b-1153/ukb-b-1153.vcf.gz					GRCh37							unassigned			unavailable		total	analysis_level	463010				all ukb-b traits in the OpenGWAS IGD collection (data/ukb-b/manifest.tsv)	
ukb-b-11531	ukb-b-11531	Diagnoses - main ICD10: R32 Unspecified urinary incontinence			/local-scratch/data/opengwas/igd/ukb-b-11531/ukb-b-11531.vcf.gz					GRCh37							unassigned			unavailable		total	analysis_level	463010				all ukb-b traits in the OpenGWAS IGD collection (data/ukb-b/manifest.tsv)	
ukb-b-11532	ukb-b-11532	Average 16-hour sound level of noise pollution			/local-scratch/data/opengwas/igd/ukb-b-11532/ukb-b-11532.vcf.gz					GRCh37							unassigned			unavailable		total	analysis_level	456380				all ukb-b traits in the OpenGWAS IGD collection (data/ukb-b/manifest.tsv)	
ukb-b-11535	ukb-b-11535	Mineral and other dietary supplements: Glucosamine			/local-scratch/data/opengwas/igd/ukb-b-11535/ukb-b-11535.vcf.gz					GRCh37							unassigned			unavailable		total	analysis_level	461384				all ukb-b traits in the OpenGWAS IGD collection (data/ukb-b/manifest.tsv)	
ukb-b-11542	ukb-b-11542	Manic/hyper symptoms: I was more active than usual			/local-scratch/data/opengwas/igd/ukb-b-11542/ukb-b-11542.vcf.gz					GRCh37							unassigned			unavailable		total	analysis_level	31317				all ukb-b traits in the OpenGWAS IGD collection (data/ukb-b/manifest.tsv)	
ukb-b-11550	ukb-b-11550	Non-cancer illness code, self-reported: atrial fibrillation			/local-scratch/data/opengwas/igd/ukb-b-11550/ukb-b-11550.vcf.gz					GRCh37							unassigned			unavailable		total	analysis_level	462933				all ukb-b traits in the OpenGWAS IGD collection (data/ukb-b/manifest.tsv)	
ukb-b-11553	ukb-b-11553	Operative procedures - main OPCS: F09.5 Surgical removal of retained root of tooth			/local-scratch/data/opengwas/igd/ukb-b-11553/ukb-b-11553.vcf.gz					GRCh37							unassigned			unavailable		total	analysis_level	463010				all ukb-b traits in the OpenGWAS IGD collection (data/ukb-b/manifest.tsv)	
ukb-b-11563	ukb-b-11563	Satsuma intake			/local-scratch/data/opengwas/igd/ukb-b-11563/ukb-b-11563.vcf.gz					GRCh37							unassigned			unavailable		total	analysis_level	64949				all ukb-b traits in the OpenGWAS IGD collection (data/ukb-b/manifest.tsv)	
ukb-b-11566	ukb-b-11566	Treatment/medication code: calcichew d3 tablet			/local-scratch/data/opengwas/igd/ukb-b-11566/ukb-b-11566.vcf.gz					GRCh37							unassigned			unavailable		total	analysis_level	462933				all ukb-b traits in the OpenGWAS IGD collection (data/ukb-b/manifest.tsv)	
ukb-b-11567	ukb-b-11567	Operative procedures - main OPCS: D02.1 Excision of lesion of external ear			/local-scratch/data/opengwas/igd/ukb-b-11567/ukb-b-11567.vcf.gz					GRCh37							unassigned			unavailable		total	analysis_level	463010				all ukb-b traits in the OpenGWAS IGD collection (data/ukb-b/manifest.tsv)	
ukb-b-11572	ukb-b-11572	Diagnoses - main ICD10: N92.0 Excessive and frequent menstruation with regular cycle			/local-scratch/data/opengwas/igd/ukb-b-11572/ukb-b-11572.vcf.gz					GRCh37							unassigned			unavailable		total	analysis_level	463010				all ukb-b traits in the OpenGWAS IGD collection (data/ukb-b/manifest.tsv)	
ukb-b-11578	ukb-b-11578	Chest pain or discomfort walking normally			/local-scratch/data/opengwas/igd/ukb-b-11578/ukb-b-11578.vcf.gz					GRCh37							unassigned			unavailable		total	analysis_level	72395				all ukb-b traits in the OpenGWAS IGD collection (data/ukb-b/manifest.tsv)	
ukb-b-11582	ukb-b-11582	Diagnoses - main ICD10: K62.5 Haemorrhage of anus and rectum			/local-scratch/data/opengwas/igd/ukb-b-11582/ukb-b-11582.vcf.gz					GRCh37							unassigned			unavailable		total	analysis_level	463010				all ukb-b traits in the OpenGWAS IGD collection (data/ukb-b/manifest.tsv)	
ukb-b-11588	ukb-b-11588	Manic/hyper symptoms: I needed less sleep than usual			/local-scratch/data/opengwas/igd/ukb-b-11588/ukb-b-11588.vcf.gz					GRCh37							unassigned			unavailable		total	analysis_level	31317				all ukb-b traits in the OpenGWAS IGD collection (data/ukb-b/manifest.tsv)	
ukb-b-11590	ukb-b-11590	Vascular/heart problems diagnosed by doctor: Heart attack			/local-scratch/data/opengwas/igd/ukb-b-11590/ukb-b-11590.vcf.gz					GRCh37							unassigned			unavailable		total	analysis_level	461880				all ukb-b traits in the OpenGWAS IGD collection (data/ukb-b/manifest.tsv)	
ukb-b-11598	ukb-b-11598	Pulse wave reflection index			/local-scratch/data/opengwas/igd/ukb-b-11598/ukb-b-11598.vcf.gz					GRCh37							unassigned			unavailable		total	analysis_level	151546				all ukb-b traits in the OpenGWAS IGD collection (data/ukb-b/manifest.tsv)	
ukb-b-1160	ukb-b-1160	Chocolate-covered raisin intake			/local-scratch/data/opengwas/igd/ukb-b-1160/ukb-b-1160.vcf.gz					GRCh37							unassigned			unavailable		total	analysis_level	64949				all ukb-b traits in the OpenGWAS IGD collection (data/ukb-b/manifest.tsv)	
ukb-b-11601	ukb-b-11601	Diagnoses - main ICD10: N40 Hyperplasia of prostate			/local-scratch/data/opengwas/igd/ukb-b-11601/ukb-b-11601.vcf.gz					GRCh37							unassigned			unavailable		total	analysis_level	463010				all ukb-b traits in the OpenGWAS IGD collection (data/ukb-b/manifest.tsv)	
ukb-b-11605	ukb-b-11605	Medication for pain relief, constipation, heartburn: Omeprazole (e.g. Zanprol)			/local-scratch/data/opengwas/igd/ukb-b-11605/ukb-b-11605.vcf.gz					GRCh37							unassigned			unavailable		total	analysis_level	457547				all ukb-b traits in the OpenGWAS IGD collection (data/ukb-b/manifest.tsv)	
ukb-b-11615	ukb-b-11615	Qualifications: A levels/AS levels or equivalent			/local-scratch/data/opengwas/igd/ukb-b-11615/ukb-b-11615.vcf.gz					GRCh37							unassigned			unavailable		total	analysis_level	458079				all ukb-b traits in the OpenGWAS IGD collection (data/ukb-b/manifest.tsv)	
ukb-b-11618	ukb-b-11618	Operative procedures - secondary OPCS: Q55.3 Papanicolau smear NEC			/local-scratch/data/opengwas/igd/ukb-b-11618/ukb-b-11618.vcf.gz					GRCh37							unassigned			unavailable		total	analysis_level	463010				all ukb-b traits in the OpenGWAS IGD collection (data/ukb-b/manifest.tsv)	
ukb-b-11632	ukb-b-11632	Treatment/medication code: atenolol			/local-scratch/data/opengwas/igd/ukb-b-11632/ukb-b-11632.vcf.gz					GRCh37							unassigned			unavailable		total	analysis_level	462933				all ukb-b traits in the OpenGWAS IGD collection (data/ukb-b/manifest.tsv)	
ukb-b-11639	ukb-b-11639	Diagnoses - secondary ICD10: Z96.1 Presence of intraocular lens			/local-scratch/data/opengwas/igd/ukb-b-11639/ukb-b-11639.vcf.gz					GRCh37							unassigned			unavailable		total	analysis_level	463010				all ukb-b traits in the OpenGWAS IGD collection (data/ukb-b/manifest.tsv)	
ukb-b-1164	ukb-b-1164	Pineapple intake			/local-scratch/data/opengwas/igd/ukb-b-1164/ukb-b-1164.vcf.gz					GRCh37							unassigned			unavailable		total	analysis_level	64949				all ukb-b traits in the OpenGWAS IGD collection (data/ukb-b/manifest.tsv)	
ukb-b-11650	ukb-b-11650	Corneal hysteresis (left)			/local-scratch/data/opengwas/igd/ukb-b-11650/ukb-b-11650.vcf.gz					GRCh37							unassigned			unavailable		total	analysis_level	97465				all ukb-b traits in the OpenGWAS IGD collection (data/ukb-b/manifest.tsv)	
ukb-b-1166	ukb-b-1166	Treatment/medication code: dihydrocodeine			/local-scratch/data/opengwas/igd/ukb-b-1166/ukb-b-1166.vcf.gz					GRCh37							unassigned			unavailable		total	analysis_level	462933				all ukb-b traits in the OpenGWAS IGD collection (data/ukb-b/manifest.tsv)	
ukb-b-11664	ukb-b-11664	Diagnoses - secondary ICD10: R00.1 Bradycardia, unspecified			/local-scratch/data/opengwas/igd/ukb-b-11664/ukb-b-11664.vcf.gz					GRCh37							unassigned			unavailable		total	analysis_level	463010				all ukb-b traits in the OpenGWAS IGD collection (data/ukb-b/manifest.tsv)	
ukb-b-11666	ukb-b-11666	Operative procedures - main OPCS: Q07.4 Total abdominal hysterectomy NEC			/local-scratch/data/opengwas/igd/ukb-b-11666/ukb-b-11666.vcf.gz					GRCh37							unassigned			unavailable		total	analysis_level	463010				all ukb-b traits in the OpenGWAS IGD collection (data/ukb-b/manifest.tsv)	
ukb-b-11670	ukb-b-11670	Treatment/medication code: tramadol			/local-scratch/data/opengwas/igd/ukb-b-11670/ukb-b-11670.vcf.gz					GRCh37							unassigned			unavailable		total	analysis_level	462933				all ukb-b traits in the OpenGWAS IGD collection (data/ukb-b/manifest.tsv)	
ukb-b-11675	ukb-b-11675	Diagnoses - secondary ICD10: K66.0 Peritoneal adhesions			/local-scratch/data/opengwas/igd/ukb-b-11675/ukb-b-11675.vcf.gz					GRCh37							unassigned			unavailable		total	analysis_level	463010				all ukb-b traits in the OpenGWAS IGD collection (data/ukb-b/manifest.tsv)	
ukb-b-11679	ukb-b-11679	Type of special diet followed: Vegetarian			/local-scratch/data/opengwas/igd/ukb-b-11679/ukb-b-11679.vcf.gz					GRCh37							unassigned			unavailable		total	analysis_level	64949				all ukb-b traits in the OpenGWAS IGD collection (data/ukb-b/manifest.tsv)	
ukb-b-11680	ukb-b-11680	Diagnoses - main ICD10: T84.8 Other complications of internal orthopaedic prosthetic devices, implants and grafts			/local-scratch/data/opengwas/igd/ukb-b-11680/ukb-b-11680.vcf.gz					GRCh37							unassigned			unavailable		total	analysis_level	463010				all ukb-b traits in the OpenGWAS IGD collection (data/ukb-b/manifest.tsv)	
ukb-b-11689	ukb-b-11689	Treatment/medication code: salbutamol 100micrograms spacehaler			/local-scratch/data/opengwas/igd/ukb-b-11689/ukb-b-11689.vcf.gz					GRCh37							unassigned			unavailable		total	analysis_level	462933				all ukb-b traits in the OpenGWAS IGD collection (data/ukb-b/manifest.tsv)	
ukb-b-11697	ukb-b-11697	Intake of sugar added to cereal			/local-scratch/data/opengwas/igd/ukb-b-11697/ukb-b-11697.vcf.gz					GRCh37							unassigned			unavailable		total	analysis_level	64949				all ukb-b traits in the OpenGWAS IGD collection (data/ukb-b/manifest.tsv)	
ukb-b-117	ukb-b-117	Chocolate bar intake			/local-scratch/data/opengwas/igd/ukb-b-117/ukb-b-117.vcf.gz					GRCh37							unassigned			unavailable		total	analysis_level	64944				all ukb-b traits in the OpenGWAS IGD collection (data/ukb-b/manifest.tsv)	
ukb-b-11705	ukb-b-11705	PCT where patients GP was registered: CRAVEN, HARROGATE AND RURAL DISTRICT PCT			/local-scratch/data/opengwas/igd/ukb-b-11705/ukb-b-11705.vcf.gz					GRCh37							unassigned			unavailable		total	analysis_level	463010				all ukb-b traits in the OpenGWAS IGD collection (data/ukb-b/manifest.tsv)	
ukb-b-11709	ukb-b-11709	Diagnoses - secondary ICD10: Z85.4 Personal history of malignant neoplasm of genital organs			/local-scratch/data/opengwas/igd/ukb-b-11709/ukb-b-11709.vcf.gz					GRCh37							unassigned			unavailable		total	analysis_level	463010				all ukb-b traits in the OpenGWAS IGD collection (data/ukb-b/manifest.tsv)	
ukb-b-11725	ukb-b-11725	Types of spreads/sauces consumed: Tomato-based sauce			/local-scratch/data/opengwas/igd/ukb-b-11725/ukb-b-11725.vcf.gz					GRCh37							unassigned			unavailable		total	analysis_level	64949				all ukb-b traits in the OpenGWAS IGD collection (data/ukb-b/manifest.tsv)	
ukb-b-11736	ukb-b-11736	Non-cancer illness code, self-reported: meniere's disease			/local-scratch/data/opengwas/igd/ukb-b-11736/ukb-b-11736.vcf.gz					GRCh37							unassigned			unavailable		total	analysis_level	462933				all ukb-b traits in the OpenGWAS IGD collection (data/ukb-b/manifest.tsv)	
ukb-b-11740	ukb-b-11740	Medication for cholesterol, blood pressure or diabetes: Cholesterol lowering medication			/local-scratch/data/opengwas/igd/ukb-b-11740/ukb-b-11740.vcf.gz					GRCh37							unassigned			unavailable		total	analysis_level	209638				all ukb-b traits in the OpenGWAS IGD collection (data/ukb-b/manifest.tsv)	
ukb-b-11748	ukb-b-11748	Diagnoses - main ICD10: I47.1 Supraventricular tachycardia			/local-scratch/data/opengwas/igd/ukb-b-11748/ukb-b-11748.vcf.gz					GRCh37							unassigned			unavailable		total	analysis_level	463010				all ukb-b traits in the OpenGWAS IGD collection (data/ukb-b/manifest.tsv)	
ukb-b-11749	ukb-b-11749	Destinations on discharge from hospital (recoded): Usual Place of residence			/local-scratch/data/opengwas/igd/ukb-b-11749/ukb-b-11749.vcf.gz					GRCh37							unassigned			unavailable		total	analysis_level	462837				all ukb-b traits in the OpenGWAS IGD collection (data/ukb-b/manifest.tsv)	
ukb-b-11751	ukb-b-11751	Non-cancer illness code, self-reported: peritonitis			/local-scratch/data/opengwas/igd/ukb-b-11751/ukb-b-11751.vcf.gz					GRCh37							unassigned			unavailable		total	analysis_level	462933				all ukb-b traits in the OpenGWAS IGD collection (data/ukb-b/manifest.tsv)	
ukb-b-1176	ukb-b-1176	Diagnoses - secondary ICD10: F10.0 Acute intoxication			/local-scratch/data/opengwas/igd/ukb-b-1176/ukb-b-1176.vcf.gz					GRCh37							unassigned			unavailable		total	analysis_level	463010				all ukb-b traits in the OpenGWAS IGD collection (data/ukb-b/manifest.tsv)	
ukb-b-11765	ukb-b-11765	Treatment speciality of consultant (recoded): Clinical oncology			/local-scratch/data/opengwas/igd/ukb-b-11765/ukb-b-11765.vcf.gz					GRCh37							unassigned			unavailable		total	analysis_level	444237				all ukb-b traits in the OpenGWAS IGD collection (data/ukb-b/manifest.tsv)	
ukb-b-11768	ukb-b-11768	Difference in mobile phone use compared to two years previously			/local-scratch/data/opengwas/igd/ukb-b-11768/ukb-b-11768.vcf.gz					GRCh37							unassigned			unavailable		total	analysis_level	382608				all ukb-b traits in the OpenGWAS IGD collection (data/ukb-b/manifest.tsv)	
ukb-b-11771	ukb-b-11771	Diagnoses - main ICD10: K08.3 Retained dental root			/local-scratch/data/opengwas/igd/ukb-b-11771/ukb-b-11771.vcf.gz					GRCh37							unassigned			unavailable		total	analysis_level	463010				all ukb-b traits in the OpenGWAS IGD collection (data/ukb-b/manifest.tsv)	
ukb-b-11780	ukb-b-11780	Operative procedures - secondary OPCS: Q18.9 Unspecified diagnostic endoscopic examination of uterus			/local-scratch/data/opengwas/igd/ukb-b-11780/ukb-b-11780.vcf.gz					GRCh37							unassigned			unavailable		total	analysis_level	463010				all ukb-b traits in the OpenGWAS IGD collection (data/ukb-b/manifest.tsv)	
ukb-b-11800	ukb-b-11800	PCT where patients GP was registered: CITY AND HACKNEY TEACHING PCT			/local-scratch/data/opengwas/igd/ukb-b-11800/ukb-b-11800.vcf.gz					GRCh37							unassigned			unavailable		total	analysis_level	463010				all ukb-b traits in the OpenGWAS IGD collection (data/ukb-b/manifest.tsv)	
ukb-b-11842	ukb-b-11842	Weight			/local-scratch/data/opengwas/igd/ukb-b-11842/ukb-b-11842.vcf.gz					GRCh37							unassigned			unavailable		total	analysis_level	461632				all ukb-b traits in the OpenGWAS IGD collection (data/ukb-b/manifest.tsv)	
ukb-b-11856	ukb-b-11856	Treatment speciality of consultant (recoded): Ophthalmology			/local-scratch/data/opengwas/igd/ukb-b-11856/ukb-b-11856.vcf.gz					GRCh37							unassigned			unavailable		total	analysis_level	445378				all ukb-b traits in the OpenGWAS IGD collection (data/ukb-b/manifest.tsv)	
ukb-b-11862	ukb-b-11862	Treatment/medication code: beconase 50micrograms nasal spray			/local-scratch/data/opengwas/igd/ukb-b-11862/ukb-b-11862.vcf.gz					GRCh37							unassigned			unavailable		total	analysis_level	462933				all ukb-b traits in the OpenGWAS IGD collection (data/ukb-b/manifest.tsv)	
ukb-b-11866	ukb-b-11866	6mm index of best keratometry results (right)			/local-scratch/data/opengwas/igd/ukb-b-11866/ukb-b-11866.vcf.gz					GRCh37							unassigned			unavailable		total	analysis_level	84303				all ukb-b traits in the OpenGWAS IGD collection (data/ukb-b/manifest.tsv)	
ukb-b-11867	ukb-b-11867	Treatment/medication code: tamsulosin			/local-scratch/data/opengwas/igd/ukb-b-11867/ukb-b-11867.vcf.gz					GRCh37							unassigned			unavailable		total	analysis_level	462933				all ukb-b traits in the OpenGWAS IGD collection (data/ukb-b/manifest.tsv)	
ukb-b-11874	ukb-b-11874	Diagnoses - secondary ICD10: M06.99 Rheumatoid arthritis, unspecified (Site unspecified)			/local-scratch/data/opengwas/igd/ukb-b-11874/ukb-b-11874.vcf.gz					GRCh37							unassigned			unavailable		total	analysis_level	463010				all ukb-b traits in the OpenGWAS IGD collection (data/ukb-b/manifest.tsv)	
ukb-b-11878	ukb-b-11878	Treatment/medication code: losartan			/local-scratch/data/opengwas/igd/ukb-b-11878/ukb-b-11878.vcf.gz					GRCh37							unassigned			unavailable		total	analysis_level	462933				all ukb-b traits in the OpenGWAS IGD collection (data/ukb-b/manifest.tsv)	
ukb-b-11880	ukb-b-11880	Beetroot intake			/local-scratch/data/opengwas/igd/ukb-b-11880/ukb-b-11880.vcf.gz					GRCh37							unassigned			unavailable		total	analysis_level	64949				all ukb-b traits in the OpenGWAS IGD collection (data/ukb-b/manifest.tsv)	
ukb-b-11886	ukb-b-11886	Treatment/medication code: calcium salts			/local-scratch/data/opengwas/igd/ukb-b-11886/ukb-b-11886.vcf.gz					GRCh37							unassigned			unavailable		total	analysis_level	462933				all ukb-b traits in the OpenGWAS IGD collection (data/ukb-b/manifest.tsv)	
ukb-b-11895	ukb-b-11895	Treatment/medication code: ramipril			/local-scratch/data/opengwas/igd/ukb-b-11895/ukb-b-11895.vcf.gz					GRCh37							unassigned			unavailable		total	analysis_level	462933				all ukb-b traits in the OpenGWAS IGD collection (data/ukb-b/manifest.tsv)	
ukb-b-1190	ukb-b-1190	Operative procedures - main OPCS: Q01.3 Excision of lesion of cervix uteri			/local-scratch/data/opengwas/igd/ukb-b-1190/ukb-b-1190.vcf.gz					GRCh37							unassigned			unavailable		total	analysis_level	463010				all ukb-b traits in the OpenGWAS IGD collection (data/ukb-b/manifest.tsv)	
ukb-b-11906	ukb-b-11906	PCT where patients GP was registered: EALING PCT			/local-scratch/data/opengwas/igd/ukb-b-11906/ukb-b-11906.vcf.gz					GRCh37							unassigned			unavailable		total	analysis_level	463010				all ukb-b traits in the OpenGWAS IGD collection (data/ukb-b/manifest.tsv)	
ukb-b-11908	ukb-b-11908	Diagnoses - main ICD10: L03.1 Cellulitis of other parts of limb			/local-scratch/data/opengwas/igd/ukb-b-11908/ukb-b-11908.vcf.gz					GRCh37							unassigned			unavailable		total	analysis_level	463010				all ukb-b traits in the OpenGWAS IGD collection (data/ukb-b/manifest.tsv)	
ukb-b-11926	ukb-b-11926	Average daytime sound level of noise pollution			/local-scratch/data/opengwas/igd/ukb-b-11926/ukb-b-11926.vcf.gz					GRCh37							unassigned			unavailable		total	analysis_level	456380				all ukb-b traits in the OpenGWAS IGD collection (data/ukb-b/manifest.tsv)	
ukb-b-11943	ukb-b-11943	Types of spread used on bread/crackers: Unknown margarine on bread/crackers			/local-scratch/data/opengwas/igd/ukb-b-11943/ukb-b-11943.vcf.gz					GRCh37							unassigned			unavailable		total	analysis_level	64949				all ukb-b traits in the OpenGWAS IGD collection (data/ukb-b/manifest.tsv)	
ukb-b-11971	ukb-b-11971	Pulse wave Arterial Stiffness index			/local-scratch/data/opengwas/igd/ukb-b-11971/ukb-b-11971.vcf.gz					GRCh37							unassigned			unavailable		total	analysis_level	151053				all ukb-b traits in the OpenGWAS IGD collection (data/ukb-b/manifest.tsv)	
ukb-b-11972	ukb-b-11972	Diagnoses - secondary ICD10: R53 Malaise and fatigue			/local-scratch/data/opengwas/igd/ukb-b-11972/ukb-b-11972.vcf.gz					GRCh37							unassigned			unavailable		total	analysis_level	463010				all ukb-b traits in the OpenGWAS IGD collection (data/ukb-b/manifest.tsv)	
ukb-b-12014	ukb-b-12014	Medication for cholesterol, blood pressure or diabetes: None of the above			/local-scratch/data/opengwas/igd/ukb-b-12014/ukb-b-12014.vcf.gz					GRCh37							unassigned			unavailable		total	analysis_level	209638				all ukb-b traits in the OpenGWAS IGD collection (data/ukb-b/manifest.tsv)	
ukb-b-12018	ukb-b-12018	Illnesses of mother: Chronic bronchitis/emphysema			/local-scratch/data/opengwas/igd/ukb-b-12018/ukb-b-12018.vcf.gz					GRCh37							unassigned			unavailable		total	analysis_level	423692				all ukb-b traits in the OpenGWAS IGD collection (data/ukb-b/manifest.tsv)	
ukb-b-12019	ukb-b-12019	Peak expiratory flow (PEF)			/local-scratch/data/opengwas/igd/ukb-b-12019/ukb-b-12019.vcf.gz					GRCh37							unassigned			unavailable		total	analysis_level	421986				all ukb-b traits in the OpenGWAS IGD collection (data/ukb-b/manifest.tsv)	
ukb-b-12026	ukb-b-12026	Ever had same-sex intercourse			/local-scratch/data/opengwas/igd/ukb-b-12026/ukb-b-12026.vcf.gz					GRCh37							unassigned			unavailable		total	analysis_level	418120				all ukb-b traits in the OpenGWAS IGD collection (data/ukb-b/manifest.tsv)	
ukb-b-12036	ukb-b-12036	Operative procedures - main OPCS: A61.1 Excision of lesion of peripheral nerve			/local-scratch/data/opengwas/igd/ukb-b-12036/ukb-b-12036.vcf.gz					GRCh37							unassigned			unavailable		total	analysis_level	463010				all ukb-b traits in the OpenGWAS IGD collection (data/ukb-b/manifest.tsv)	
ukb-b-12039	ukb-b-12039	Weight			/local-scratch/data/opengwas/igd/ukb-b-12039/ukb-b-12039.vcf.gz					GRCh37							unassigned			unavailable		total	analysis_level	454893				all ukb-b traits in the OpenGWAS IGD collection (data/ukb-b/manifest.tsv)	
ukb-b-12040	ukb-b-12040	Non-cancer illness code, self-reported: deep venous thrombosis (dvt)			/local-scratch/data/opengwas/igd/ukb-b-12040/ukb-b-12040.vcf.gz					GRCh37							unassigned			unavailable		total	analysis_level	462933				all ukb-b traits in the OpenGWAS IGD collection (data/ukb-b/manifest.tsv)	
ukb-b-12043	ukb-b-12043	Protein			/local-scratch/data/opengwas/igd/ukb-b-12043/ukb-b-12043.vcf.gz					GRCh37							unassigned			unavailable		total	analysis_level	64979				all ukb-b traits in the OpenGWAS IGD collection (data/ukb-b/manifest.tsv)	
ukb-b-12047	ukb-b-12047	Diagnoses - main ICD10: I20.0 Unstable angina			/local-scratch/data/opengwas/igd/ukb-b-12047/ukb-b-12047.vcf.gz					GRCh37							unassigned			unavailable		total	analysis_level	463010				all ukb-b traits in the OpenGWAS IGD collection (data/ukb-b/manifest.tsv)	
ukb-b-12051	ukb-b-12051	Grape intake			/local-scratch/data/opengwas/igd/ukb-b-12051/ukb-b-12051.vcf.gz					GRCh37							unassigned			unavailable		total	analysis_level	64949				all ukb-b traits in the OpenGWAS IGD collection (data/ukb-b/manifest.tsv)	
ukb-b-12058	ukb-b-12058	Diagnoses - secondary ICD10: W01.9 Unspecified place			/local-scratch/data/opengwas/igd/ukb-b-12058/ukb-b-12058.vcf.gz					GRCh37							unassigned			unavailable		total	analysis_level	463010				all ukb-b traits in the OpenGWAS IGD collection (data/ukb-b/manifest.tsv)	
ukb-b-12060	ukb-b-12060	PCT where patients GP was registered: NORTH HAMPSHIRE PCT			/local-scratch/data/opengwas/igd/ukb-b-12060/ukb-b-12060.vcf.gz					GRCh37							unassigned			unavailable		total	analysis_level	463010				all ukb-b traits in the OpenGWAS IGD collection (data/ukb-b/manifest.tsv)	
ukb-b-12064	ukb-b-12064	Non-cancer illness code, self-reported: depression			/local-scratch/data/opengwas/igd/ukb-b-12064/ukb-b-12064.vcf.gz					GRCh37							unassigned			unavailable		total	analysis_level	462933				all ukb-b traits in the OpenGWAS IGD collection (data/ukb-b/manifest.tsv)	
ukb-b-12067	ukb-b-12067	Sponge pudding intake			/local-scratch/data/opengwas/igd/ukb-b-12067/ukb-b-12067.vcf.gz					GRCh37							unassigned			unavailable		total	analysis_level	64942				all ukb-b traits in the OpenGWAS IGD collection (data/ukb-b/manifest.tsv)	
ukb-b-12069	ukb-b-12069	PCT where patients GP was registered: TAMESIDE AND GLOSSOP PCT			/local-scratch/data/opengwas/igd/ukb-b-12069/ukb-b-12069.vcf.gz					GRCh37							unassigned			unavailable		total	analysis_level	463010				all ukb-b traits in the OpenGWAS IGD collection (data/ukb-b/manifest.tsv)	
ukb-b-12087	ukb-b-12087	PCT where patients GP was registered: LEEDS WEST PCT			/local-scratch/data/opengwas/igd/ukb-b-12087/ukb-b-12087.vcf.gz					GRCh37							unassigned			unavailable		total	analysis_level	463010				all ukb-b traits in the OpenGWAS IGD collection (data/ukb-b/manifest.tsv)	
ukb-b-12089	ukb-b-12089	Treatment/medication code: mebeverine			/local-scratch/data/opengwas/igd/ukb-b-12089/ukb-b-12089.vcf.gz					GRCh37							unassigned			unavailable		total	analysis_level	462933				all ukb-b traits in the OpenGWAS IGD collection (data/ukb-b/manifest.tsv)	
ukb-b-1209	ukb-b-1209	Number of live births			/local-scratch/data/opengwas/igd/ukb-b-1209/ukb-b-1209.vcf.gz					GRCh37							unassigned			unavailable		total	analysis_level	250782				all ukb-b traits in the OpenGWAS IGD collection (data/ukb-b/manifest.tsv)	
ukb-b-12095	ukb-b-12095	Treatment/medication code: lisinopril			/local-scratch/data/opengwas/igd/ukb-b-12095/ukb-b-12095.vcf.gz					GRCh37							unassigned			unavailable		total	analysis_level	462933				all ukb-b traits in the OpenGWAS IGD collection (data/ukb-b/manifest.tsv)	
ukb-b-12114	ukb-b-12114	Operative procedures - secondary OPCS: Y82.3 Application of local anaesthetic NEC			/local-scratch/data/opengwas/igd/ukb-b-12114/ukb-b-12114.vcf.gz					GRCh37							unassigned			unavailable		total	analysis_level	463010				all ukb-b traits in the OpenGWAS IGD collection (data/ukb-b/manifest.tsv)	
ukb-b-12115	ukb-b-12115	Diagnoses - main ICD10: C50.4 Upper-outer quadrant of breast			/local-scratch/data/opengwas/igd/ukb-b-12115/ukb-b-12115.vcf.gz					GRCh37							unassigned			unavailable		total	analysis_level	463010				all ukb-b traits in the OpenGWAS IGD collection (data/ukb-b/manifest.tsv)	
ukb-b-12122	ukb-b-12122	PCT where patients GP was registered: CENTRAL AND EASTERN CHESHIRE PCT			/local-scratch/data/opengwas/igd/ukb-b-12122/ukb-b-12122.vcf.gz					GRCh37							unassigned			unavailable		total	analysis_level	463010				all ukb-b traits in the OpenGWAS IGD collection (data/ukb-b/manifest.tsv)	
ukb-b-12141	ukb-b-12141	Non-cancer illness code, self-reported: osteoporosis			/local-scratch/data/opengwas/igd/ukb-b-12141/ukb-b-12141.vcf.gz					GRCh37							unassigned			unavailable		total	analysis_level	462933				all ukb-b traits in the OpenGWAS IGD collection (data/ukb-b/manifest.tsv)	
ukb-b-12148	ukb-b-12148	Operative procedures - secondary OPCS: R32.4 Repair of minor obstetric laceration			/local-scratch/data/opengwas/igd/ukb-b-12148/ukb-b-12148.vcf.gz					GRCh37							unassigned			unavailable		total	analysis_level	463010				all ukb-b traits in the OpenGWAS IGD collection (data/ukb-b/manifest.tsv)	
ukb-b-1215	ukb-b-1215	PCT where patients GP was registered: EREWASH PCT			/local-scratch/data/opengwas/igd/ukb-b-1215/ukb-b-1215.vcf.gz					GRCh37							unassigned			unavailable		total	analysis_level	463010				all ukb-b traits in the OpenGWAS IGD collection (data/ukb-b/manifest.tsv)	
ukb-b-12165	ukb-b-12165	ECG, load			/local-scratch/data/opengwas/igd/ukb-b-12165/ukb-b-12165.vcf.gz					GRCh37							unassigned			unavailable		total	analysis_level	68240				all ukb-b traits in the OpenGWAS IGD collection (data/ukb-b/manifest.tsv)	
ukb-b-12171	ukb-b-12171	Treatment/medication code: ferrous sulphate			/local-scratch/data/opengwas/igd/ukb-b-12171/ukb-b-12171.vcf.gz					GRCh37							unassigned			unavailable		total	analysis_level	462933				all ukb-b traits in the OpenGWAS IGD collection (data/ukb-b/manifest.tsv)	
ukb-b-12176	ukb-b-12176	PCT where patients GP was registered: KNOWSLEY PCT			/local-scratch/data/opengwas/igd/ukb-b-12176/ukb-b-12176.vcf.gz					GRCh37							unassigned			unavailable		total	analysis_level	463010				all ukb-b traits in the OpenGWAS IGD collection (data/ukb-b/manifest.tsv)	
ukb-b-12181	ukb-b-12181	Pain type(s) experienced in last month: Headache			/local-scratch/data/opengwas/igd/ukb-b-12181/ukb-b-12181.vcf.gz					GRCh37							unassigned			unavailable		total	analysis_level	461857				all ukb-b traits in the OpenGWAS IGD collection (data/ukb-b/manifest.tsv)	
ukb-b-12187	ukb-b-12187	Diagnoses - main ICD10: T39.1 4-Aminophenol derivatives			/local-scratch/data/opengwas/igd/ukb-b-12187/ukb-b-12187.vcf.gz					GRCh37							unassigned			unavailable		total	analysis_level	463010				all ukb-b traits in the OpenGWAS IGD collection (data/ukb-b/manifest.tsv)	
ukb-b-12191	ukb-b-12191	Diagnoses - secondary ICD10: K29.5 Chronic gastritis, unspecified			/local-scratch/data/opengwas/igd/ukb-b-12191/ukb-b-12191.vcf.gz					GRCh37							unassigned			unavailable		total	analysis_level	463010				all ukb-b traits in the OpenGWAS IGD collection (data/ukb-b/manifest.tsv)	
ukb-b-1220	ukb-b-1220	Diagnoses - secondary ICD10: G55.1 Nerve root and plexus compressions in intervertebral disk disorders			/local-scratch/data/opengwas/igd/ukb-b-1220/ukb-b-1220.vcf.gz					GRCh37							unassigned			unavailable		total	analysis_level	463010				all ukb-b traits in the OpenGWAS IGD collection (data/ukb-b/manifest.tsv)	
ukb-b-12202	ukb-b-12202	Diagnoses - secondary ICD10: K25.9 Unspecified as acute or chronic, without haemorrhage or perforation			/local-scratch/data/opengwas/igd/ukb-b-12202/ukb-b-12202.vcf.gz					GRCh37							unassigned			unavailable		total	analysis_level	463010				all ukb-b traits in the OpenGWAS IGD collection (data/ukb-b/manifest.tsv)	
ukb-b-12204	ukb-b-12204	PCT where patients GP was registered: READING PCT			/local-scratch/data/opengwas/igd/ukb-b-12204/ukb-b-12204.vcf.gz					GRCh37							unassigned			unavailable		total	analysis_level	463010				all ukb-b traits in the OpenGWAS IGD collection (data/ukb-b/manifest.tsv)	
ukb-b-12205	ukb-b-12205	Chest pain felt during physical activity			/local-scratch/data/opengwas/igd/ukb-b-12205/ukb-b-12205.vcf.gz					GRCh37							unassigned			unavailable		total	analysis_level	69537				all ukb-b traits in the OpenGWAS IGD collection (data/ukb-b/manifest.tsv)	
ukb-b-12209	ukb-b-12209	Treatment/medication code: methotrexate			/local-scratch/data/opengwas/igd/ukb-b-12209/ukb-b-12209.vcf.gz					GRCh37							unassigned			unavailable		total	analysis_level	462933				all ukb-b traits in the OpenGWAS IGD collection (data/ukb-b/manifest.tsv)	
ukb-b-12217	ukb-b-12217	Unsalted nuts intake			/local-scratch/data/opengwas/igd/ukb-b-12217/ukb-b-12217.vcf.gz					GRCh37							unassigned			unavailable		total	analysis_level	64949				all ukb-b traits in the OpenGWAS IGD collection (data/ukb-b/manifest.tsv)	
ukb-b-12227	ukb-b-12227	Illnesses of siblings: Breast cancer			/local-scratch/data/opengwas/igd/ukb-b-12227/ukb-b-12227.vcf.gz					GRCh37							unassigned			unavailable		total	analysis_level	361809				all ukb-b traits in the OpenGWAS IGD collection (data/ukb-b/manifest.tsv)	
ukb-b-12234	ukb-b-12234	Operation code: cystectomy			/local-scratch/data/opengwas/igd/ukb-b-12234/ukb-b-12234.vcf.gz					GRCh37							unassigned			unavailable		total	analysis_level	462933				all ukb-b traits in the OpenGWAS IGD collection (data/ukb-b/manifest.tsv)	
ukb-b-12236	ukb-b-12236	Avocado intake			/local-scratch/data/opengwas/igd/ukb-b-12236/ukb-b-12236.vcf.gz					GRCh37							unassigned			unavailable		total	analysis_level	64946				all ukb-b traits in the OpenGWAS IGD collection (data/ukb-b/manifest.tsv)	
ukb-b-12246	ukb-b-12246	Operative procedures - secondary OPCS: G45.9 Unspecified diagnostic fibreoptic endoscopic examination of upper gastrointestinal tract			/local-scratch/data/opengwas/igd/ukb-b-12246/ukb-b-12246.vcf.gz					GRCh37							unassigned			unavailable		total	analysis_level	463010				all ukb-b traits in the OpenGWAS IGD collection (data/ukb-b/manifest.tsv)	
ukb-b-12252	ukb-b-12252	How are people in household related to participant: Grandchild			/local-scratch/data/opengwas/igd/ukb-b-12252/ukb-b-12252.vcf.gz					GRCh37							unassigned			unavailable		total	analysis_level	459600				all ukb-b traits in the OpenGWAS IGD collection (data/ukb-b/manifest.tsv)	
ukb-b-1226	ukb-b-1226	Lifetime number of same-sex sexual partners			/local-scratch/data/opengwas/igd/ukb-b-1226/ukb-b-1226.vcf.gz					GRCh37							unassigned			unavailable		total	analysis_level	12249				all ukb-b traits in the OpenGWAS IGD collection (data/ukb-b/manifest.tsv)	
ukb-b-12265	ukb-b-12265	Operative procedures - secondary OPCS: Q08.9 Unspecified vaginal excision of uterus			/local-scratch/data/opengwas/igd/ukb-b-12265/ukb-b-12265.vcf.gz					GRCh37							unassigned			unavailable		total	analysis_level	463010				all ukb-b traits in the OpenGWAS IGD collection (data/ukb-b/manifest.tsv)	
ukb-b-12267	ukb-b-12267	Diagnoses - main ICD10: I80.2 Phlebitis and thrombophlebitis of other deep vessels of lower extremities			/local-scratch/data/opengwas/igd/ukb-b-12267/ukb-b-12267.vcf.gz					GRCh37							unassigned			unavailable		total	analysis_level	463010				all ukb-b traits in the OpenGWAS IGD collection (data/ukb-b/manifest.tsv)	
ukb-b-12276	ukb-b-12276	Meat consumers			/local-scratch/data/opengwas/igd/ukb-b-12276/ukb-b-12276.vcf.gz					GRCh37							unassigned			unavailable		total	analysis_level	64949				all ukb-b traits in the OpenGWAS IGD collection (data/ukb-b/manifest.tsv)	
ukb-b-1228	ukb-b-1228	Diagnoses - secondary ICD10: I84.6 Residual haemorrhoidal skin tags			/local-scratch/data/opengwas/igd/ukb-b-1228/ukb-b-1228.vcf.gz					GRCh37							unassigned			unavailable		total	analysis_level	463010				all ukb-b traits in the OpenGWAS IGD collection (data/ukb-b/manifest.tsv)	
ukb-b-12282	ukb-b-12282	Diagnoses - secondary ICD10: N92.0 Excessive and frequent menstruation with regular cycle			/local-scratch/data/opengwas/igd/ukb-b-12282/ukb-b-12282.vcf.gz					GRCh37							unassigned			unavailable		total	analysis_level	463010				all ukb-b traits in the OpenGWAS IGD collection (data/ukb-b/manifest.tsv)	
ukb-b-123	ukb-b-123	Diagnoses - main ICD10: N32.0 Bladder-neck obstruction			/local-scratch/data/opengwas/igd/ukb-b-123/ukb-b-123.vcf.gz					GRCh37							unassigned			unavailable		total	analysis_level	463010				all ukb-b traits in the OpenGWAS IGD collection (data/ukb-b/manifest.tsv)	
ukb-b-12301	ukb-b-12301	Treatment/medication code: salbutamol			/local-scratch/data/opengwas/igd/ukb-b-12301/ukb-b-12301.vcf.gz					GRCh37							unassigned			unavailable		total	analysis_level	462933				all ukb-b traits in the OpenGWAS IGD collection (data/ukb-b/manifest.tsv)	
ukb-b-12304	ukb-b-12304	Why stopped smoking: Doctor's advice			/local-scratch/data/opengwas/igd/ukb-b-12304/ukb-b-12304.vcf.gz					GRCh37							unassigned			unavailable		total	analysis_level	113988				all ukb-b traits in the OpenGWAS IGD collection (data/ukb-b/manifest.tsv)	
ukb-b-12313	ukb-b-12313	Operation code: incisional hernia repair			/local-scratch/data/opengwas/igd/ukb-b-12313/ukb-b-12313.vcf.gz					GRCh37							unassigned			unavailable		total	analysis_level	462933				all ukb-b traits in the OpenGWAS IGD collection (data/ukb-b/manifest.tsv)	
ukb-b-12316	ukb-b-12316	Diagnoses - main ICD10: K29.8 Duodenitis			/local-scratch/data/opengwas/igd/ukb-b-12316/ukb-b-12316.vcf.gz					GRCh37							unassigned			unavailable		total	analysis_level	463010				all ukb-b traits in the OpenGWAS IGD collection (data/ukb-b/manifest.tsv)	
ukb-b-1233	ukb-b-1233	Operative procedures - main OPCS: M53.8 Other specified vaginal operations to support outlet of female bladder			/local-scratch/data/opengwas/igd/ukb-b-1233/ukb-b-1233.vcf.gz					GRCh37							unassigned			unavailable		total	analysis_level	463010				all ukb-b traits in the OpenGWAS IGD collection (data/ukb-b/manifest.tsv)	
ukb-b-12332	ukb-b-12332	Methods of admission to hospital (recoded): Emergency admission: GP			/local-scratch/data/opengwas/igd/ukb-b-12332/ukb-b-12332.vcf.gz					GRCh37							unassigned			unavailable		total	analysis_level	462517				all ukb-b traits in the OpenGWAS IGD collection (data/ukb-b/manifest.tsv)	
ukb-b-12339	ukb-b-12339	Cancer code, self-reported: skin cancer			/local-scratch/data/opengwas/igd/ukb-b-12339/ukb-b-12339.vcf.gz					GRCh37							unassigned			unavailable		total	analysis_level	462933				all ukb-b traits in the OpenGWAS IGD collection (data/ukb-b/manifest.tsv)	
ukb-b-1234	ukb-b-1234	Doctor diagnosed chronic bronchitis			/local-scratch/data/opengwas/igd/ukb-b-1234/ukb-b-1234.vcf.gz					GRCh37							unassigned			unavailable		total	analysis_level	112583				all ukb-b traits in the OpenGWAS IGD collection (data/ukb-b/manifest.tsv)	
ukb-b-12357	ukb-b-12357	PCT responsible for patient data: BRADFORD AND AIREDALE TEACHING PCT			/local-scratch/data/opengwas/igd/ukb-b-12357/ukb-b-12357.vcf.gz					GRCh37							unassigned			unavailable		total	analysis_level	463010				all ukb-b traits in the OpenGWAS IGD collection (data/ukb-b/manifest.tsv)	
ukb-b-12362	ukb-b-12362	Operative procedures - secondary OPCS: U20.1 Transthoracic echocardiography			/local-scratch/data/opengwas/igd/ukb-b-12362/ukb-b-12362.vcf.gz					GRCh37							unassigned			unavailable		total	analysis_level	463010				all ukb-b traits in the OpenGWAS IGD collection (data/ukb-b/manifest.tsv)	
ukb-b-12364	ukb-b-12364	Diagnoses - main ICD10: M67.4 Ganglion			/local-scratch/data/opengwas/igd/ukb-b-12364/ukb-b-12364.vcf.gz					GRCh37							unassigned			unavailable		total	analysis_level	463010				all ukb-b traits in the OpenGWAS IGD collection (data/ukb-b/manifest.tsv)	
ukb-b-12366	ukb-b-12366	Types of spread used on bread/crackers: Normal fat olive spread on bread/crackers			/local-scratch/data/opengwas/igd/ukb-b-12366/ukb-b-12366.vcf.gz					GRCh37							unassigned			unavailable		total	analysis_level	64949				all ukb-b traits in the OpenGWAS IGD collection (data/ukb-b/manifest.tsv)	
ukb-b-12379	ukb-b-12379	Fat			/local-scratch/data/opengwas/igd/ukb-b-12379/ukb-b-12379.vcf.gz					GRCh37							unassigned			unavailable		total	analysis_level	64979				all ukb-b traits in the OpenGWAS IGD collection (data/ukb-b/manifest.tsv)	
ukb-b-12381	ukb-b-12381	PCT where patients GP was registered: ST HELENS PCT			/local-scratch/data/opengwas/igd/ukb-b-12381/ukb-b-12381.vcf.gz					GRCh37							unassigned			unavailable		total	analysis_level	463010				all ukb-b traits in the OpenGWAS IGD collection (data/ukb-b/manifest.tsv)	
ukb-b-12383	ukb-b-12383	PCT responsible for patient data: LAMBETH PCT			/local-scratch/data/opengwas/igd/ukb-b-12383/ukb-b-12383.vcf.gz					GRCh37							unassigned			unavailable		total	analysis_level	463010				all ukb-b traits in the OpenGWAS IGD collection (data/ukb-b/manifest.tsv)	
ukb-b-12386	ukb-b-12386	Types of transport used (excluding work): None of the above			/local-scratch/data/opengwas/igd/ukb-b-12386/ukb-b-12386.vcf.gz					GRCh37							unassigned			unavailable		total	analysis_level	460491				all ukb-b traits in the OpenGWAS IGD collection (data/ukb-b/manifest.tsv)	
ukb-b-12396	ukb-b-12396	Treatment speciality of consultant (recoded): Clinical haematology			/local-scratch/data/opengwas/igd/ukb-b-12396/ukb-b-12396.vcf.gz					GRCh37							unassigned			unavailable		total	analysis_level	444211				all ukb-b traits in the OpenGWAS IGD collection (data/ukb-b/manifest.tsv)	
ukb-b-12397	ukb-b-12397	Diagnoses - main ICD10: H26.9 Cataract, unspecified			/local-scratch/data/opengwas/igd/ukb-b-12397/ukb-b-12397.vcf.gz					GRCh37							unassigned			unavailable		total	analysis_level	463010				all ukb-b traits in the OpenGWAS IGD collection (data/ukb-b/manifest.tsv)	
ukb-b-12405	ukb-b-12405	Age at first live birth			/local-scratch/data/opengwas/igd/ukb-b-12405/ukb-b-12405.vcf.gz					GRCh37							unassigned			unavailable		total	analysis_level	170498				all ukb-b traits in the OpenGWAS IGD collection (data/ukb-b/manifest.tsv)	
ukb-b-12412	ukb-b-12412	Likelihood of resuming smoking			/local-scratch/data/opengwas/igd/ukb-b-12412/ukb-b-12412.vcf.gz					GRCh37							unassigned			unavailable		total	analysis_level	112268				all ukb-b traits in the OpenGWAS IGD collection (data/ukb-b/manifest.tsv)	
ukb-b-12417	ukb-b-12417	Nitrogen oxides air pollution; 2010			/local-scratch/data/opengwas/igd/ukb-b-12417/ukb-b-12417.vcf.gz					GRCh37							unassigned			unavailable		total	analysis_level	456380				all ukb-b traits in the OpenGWAS IGD collection (data/ukb-b/manifest.tsv)	
ukb-b-12433	ukb-b-12433	Operative procedures - main OPCS: N30.3 Circumcision			/local-scratch/data/opengwas/igd/ukb-b-12433/ukb-b-12433.vcf.gz					GRCh37							unassigned			unavailable		total	analysis_level	463010				all ukb-b traits in the OpenGWAS IGD collection (data/ukb-b/manifest.tsv)	
ukb-b-12439	ukb-b-12439	Operative procedures - secondary OPCS: Q18.8 Other specified diagnostic endoscopic examination of uterus			/local-scratch/data/opengwas/igd/ukb-b-12439/ukb-b-12439.vcf.gz					GRCh37							unassigned			unavailable		total	analysis_level	463010				all ukb-b traits in the OpenGWAS IGD collection (data/ukb-b/manifest.tsv)	
ukb-b-12440	ukb-b-12440	Intra-ocular pressure, Goldmann-correlated (left)			/local-scratch/data/opengwas/igd/ukb-b-12440/ukb-b-12440.vcf.gz					GRCh37							unassigned			unavailable		total	analysis_level	97465				all ukb-b traits in the OpenGWAS IGD collection (data/ukb-b/manifest.tsv)	
ukb-b-12465	ukb-b-12465	Operation code: coronary artery bypass grafts (cabg)			/local-scratch/data/opengwas/igd/ukb-b-12465/ukb-b-12465.vcf.gz					GRCh37							unassigned			unavailable		total	analysis_level	462933				all ukb-b traits in the OpenGWAS IGD collection (data/ukb-b/manifest.tsv)	
ukb-b-12466	ukb-b-12466	Treatment/medication code: vitamin c product			/local-scratch/data/opengwas/igd/ukb-b-12466/ukb-b-12466.vcf.gz					GRCh37							unassigned			unavailable		total	analysis_level	462933				all ukb-b traits in the OpenGWAS IGD collection (data/ukb-b/manifest.tsv)	
ukb-b-12472	ukb-b-12472	Operative procedures - secondary OPCS: C79.5 Internal tamponade of retina using gas			/local-scratch/data/opengwas/igd/ukb-b-12472/ukb-b-12472.vcf.gz					GRCh37							unassigned			unavailable		total	analysis_level	463010				all ukb-b traits in the OpenGWAS IGD collection (data/ukb-b/manifest.tsv)	
ukb-b-12474	ukb-b-12474	Operation code: stomach surgery			/local-scratch/data/opengwas/igd/ukb-b-12474/ukb-b-12474.vcf.gz					GRCh37							unassigned			unavailable		total	analysis_level	462933				all ukb-b traits in the OpenGWAS IGD collection (data/ukb-b/manifest.tsv)	
ukb-b-12477	ukb-b-12477	Illnesses of mother: Heart disease			/local-scratch/data/opengwas/igd/ukb-b-12477/ukb-b-12477.vcf.gz					GRCh37							unassigned			unavailable		total	analysis_level	426240				all ukb-b traits in the OpenGWAS IGD collection (data/ukb-b/manifest.tsv)	
ukb-b-12483	ukb-b-12483	Operative procedures - secondary OPCS: Y03.7 Removal of prosthesis from organ NOC			/local-scratch/data/opengwas/igd/ukb-b-12483/ukb-b-12483.vcf.gz					GRCh37							unassigned			unavailable		total	analysis_level	463010				all ukb-b traits in the OpenGWAS IGD collection (data/ukb-b/manifest.tsv)	
ukb-b-12493	ukb-b-12493	Diagnoses - secondary ICD10: I10 Essential (primary) hypertension			/local-scratch/data/opengwas/igd/ukb-b-12493/ukb-b-12493.vcf.gz					GRCh37							unassigned			unavailable		total	analysis_level	463010				all ukb-b traits in the OpenGWAS IGD collection (data/ukb-b/manifest.tsv)	
ukb-b-12499	ukb-b-12499	Operative procedures - secondary OPCS: Y53.9 Unspecified approach to organ under image control			/local-scratch/data/opengwas/igd/ukb-b-12499/ukb-b-12499.vcf.gz					GRCh37							unassigned			unavailable		total	analysis_level	463010				all ukb-b traits in the OpenGWAS IGD collection (data/ukb-b/manifest.tsv)	
ukb-b-12506	ukb-b-12506	Vitamin and mineral supplements: Vitamin E			/local-scratch/data/opengwas/igd/ukb-b-12506/ukb-b-12506.vcf.gz					GRCh37							unassigned			unavailable		total	analysis_level	460351				all ukb-b traits in the OpenGWAS IGD collection (data/ukb-b/manifest.tsv)	
ukb-b-12508	ukb-b-12508	PCT responsible for patient data: HOUNSLOW PCT			/local-scratch/data/opengwas/igd/ukb-b-12508/ukb-b-12508.vcf.gz					GRCh37							unassigned			unavailable		total	analysis_level	463010				all ukb-b traits in the OpenGWAS IGD collection (data/ukb-b/manifest.tsv)	
ukb-b-1251	ukb-b-1251	Type of cancer: ICD10: C20 Malignant neoplasm of rectum			/local-scratch/data/opengwas/igd/ukb-b-1251/ukb-b-1251.vcf.gz					GRCh37							unassigned			unavailable		total	analysis_level	463010				all ukb-b traits in the OpenGWAS IGD collection (data/ukb-b/manifest.tsv)	
ukb-b-12510	ukb-b-12510	Diagnoses - main ICD10: R69 Unknown and unspecified causes of morbidity			/local-scratch/data/opengwas/igd/ukb-b-12510/ukb-b-12510.vcf.gz					GRCh37							unassigned			unavailable		total	analysis_level	463010				all ukb-b traits in the OpenGWAS IGD collection (data/ukb-b/manifest.tsv)	
ukb-b-12511	ukb-b-12511	Type of fat/oil used in cooking: Low fat polyunsaturated margarine			/local-scratch/data/opengwas/igd/ukb-b-12511/ukb-b-12511.vcf.gz					GRCh37							unassigned			unavailable		total	analysis_level	64949				all ukb-b traits in the OpenGWAS IGD collection (data/ukb-b/manifest.tsv)	
ukb-b-1252	ukb-b-1252	Other fish intake			/local-scratch/data/opengwas/igd/ukb-b-1252/ukb-b-1252.vcf.gz					GRCh37							unassigned			unavailable		total	analysis_level	64937				all ukb-b traits in the OpenGWAS IGD collection (data/ukb-b/manifest.tsv)	
ukb-b-12549	ukb-b-12549	Types of spreads/sauces consumed: Oil for drizzling			/local-scratch/data/opengwas/igd/ukb-b-12549/ukb-b-12549.vcf.gz					GRCh37							unassigned			unavailable		total	analysis_level	64949				all ukb-b traits in the OpenGWAS IGD collection (data/ukb-b/manifest.tsv)	
ukb-b-1255	ukb-b-1255	Double crust pastry intake			/local-scratch/data/opengwas/igd/ukb-b-1255/ukb-b-1255.vcf.gz					GRCh37							unassigned			unavailable		total	analysis_level	64941				all ukb-b traits in the OpenGWAS IGD collection (data/ukb-b/manifest.tsv)	
ukb-b-12556	ukb-b-12556	Diagnoses - secondary ICD10: K30 Dyspepsia			/local-scratch/data/opengwas/igd/ukb-b-12556/ukb-b-12556.vcf.gz					GRCh37							unassigned			unavailable		total	analysis_level	463010				all ukb-b traits in the OpenGWAS IGD collection (data/ukb-b/manifest.tsv)	
ukb-b-12558	ukb-b-12558	Decaffeinated coffee			/local-scratch/data/opengwas/igd/ukb-b-12558/ukb-b-12558.vcf.gz					GRCh37							unassigned			unavailable		total	analysis_level	64949				all ukb-b traits in the OpenGWAS IGD collection (data/ukb-b/manifest.tsv)	
ukb-b-12561	ukb-b-12561	PCT responsible for patient data: TAMESIDE AND GLOSSOP PCT			/local-scratch/data/opengwas/igd/ukb-b-12561/ukb-b-12561.vcf.gz					GRCh37							unassigned			unavailable		total	analysis_level	463010				all ukb-b traits in the OpenGWAS IGD collection (data/ukb-b/manifest.tsv)	
ukb-b-12566	ukb-b-12566	Vegetable pieces intake			/local-scratch/data/opengwas/igd/ukb-b-12566/ukb-b-12566.vcf.gz					GRCh37							unassigned			unavailable		total	analysis_level	64949				all ukb-b traits in the OpenGWAS IGD collection (data/ukb-b/manifest.tsv)	
ukb-b-1259	ukb-b-1259	Diagnoses - secondary ICD10: I84.2 Internal haemorrhoids without complication			/local-scratch/data/opengwas/igd/ukb-b-1259/ukb-b-1259.vcf.gz					GRCh37							unassigned			unavailable		total	analysis_level	463010				all ukb-b traits in the OpenGWAS IGD collection (data/ukb-b/manifest.tsv)	
ukb-b-1260	ukb-b-1260	Spells in hospital			/local-scratch/data/opengwas/igd/ukb-b-1260/ukb-b-1260.vcf.gz					GRCh37							unassigned			unavailable		total	analysis_level	303963				all ukb-b traits in the OpenGWAS IGD collection (data/ukb-b/manifest.tsv)	
ukb-b-12602	ukb-b-12602	Crisp intake			/local-scratch/data/opengwas/igd/ukb-b-12602/ukb-b-12602.vcf.gz					GRCh37							unassigned			unavailable		total	analysis_level	64949				all ukb-b traits in the OpenGWAS IGD collection (data/ukb-b/manifest.tsv)	
ukb-b-12604	ukb-b-12604	Diagnoses - secondary ICD10: N94.6 Dysmenorrhoea, unspecified			/local-scratch/data/opengwas/igd/ukb-b-12604/ukb-b-12604.vcf.gz					GRCh37							unassigned			unavailable		total	analysis_level	463010				all ukb-b traits in the OpenGWAS IGD collection (data/ukb-b/manifest.tsv)	
ukb-b-1261	ukb-b-1261	Diagnoses - main ICD10: Z08.0 Follow-up examination after surgery for malignant neoplasm			/local-scratch/data/opengwas/igd/ukb-b-1261/ukb-b-1261.vcf.gz					GRCh37							unassigned			unavailable		total	analysis_level	463010				all ukb-b traits in the OpenGWAS IGD collection (data/ukb-b/manifest.tsv)	
ukb-b-12617	ukb-b-12617	PCT responsible for patient data: MANCHESTER PCT			/local-scratch/data/opengwas/igd/ukb-b-12617/ukb-b-12617.vcf.gz					GRCh37							unassigned			unavailable		total	analysis_level	463010				all ukb-b traits in the OpenGWAS IGD collection (data/ukb-b/manifest.tsv)	
ukb-b-12620	ukb-b-12620	Diagnoses - main ICD10: M79.86 Other specified soft tissue disorders (Lower leg)			/local-scratch/data/opengwas/igd/ukb-b-12620/ukb-b-12620.vcf.gz					GRCh37							unassigned			unavailable		total	analysis_level	463010				all ukb-b traits in the OpenGWAS IGD collection (data/ukb-b/manifest.tsv)	
ukb-b-12621	ukb-b-12621	Ever had stillbirth, spontaneous miscarriage or termination			/local-scratch/data/opengwas/igd/ukb-b-12621/ukb-b-12621.vcf.gz					GRCh37							unassigned			unavailable		total	analysis_level	247180				all ukb-b traits in the OpenGWAS IGD collection (data/ukb-b/manifest.tsv)	
ukb-b-12623	ukb-b-12623	Non-cancer illness code, self-reported: headaches (not migraine)			/local-scratch/data/opengwas/igd/ukb-b-12623/ukb-b-12623.vcf.gz					GRCh37							unassigned			unavailable		total	analysis_level	462933				all ukb-b traits in the OpenGWAS IGD collection (data/ukb-b/manifest.tsv)	
ukb-b-12626	ukb-b-12626	Size of red wine glass drunk: small (125ml)			/local-scratch/data/opengwas/igd/ukb-b-12626/ukb-b-12626.vcf.gz					GRCh37							unassigned			unavailable		total	analysis_level	64949				all ukb-b traits in the OpenGWAS IGD collection (data/ukb-b/manifest.tsv)	
ukb-b-12646	ukb-b-12646	Treatment speciality of consultant (recoded): General medicine			/local-scratch/data/opengwas/igd/ukb-b-12646/ukb-b-12646.vcf.gz					GRCh37							unassigned			unavailable		total	analysis_level	448935				all ukb-b traits in the OpenGWAS IGD collection (data/ukb-b/manifest.tsv)	
ukb-b-12648	ukb-b-12648	Vitamin and mineral supplements: Vitamin D			/local-scratch/data/opengwas/igd/ukb-b-12648/ukb-b-12648.vcf.gz					GRCh37							unassigned			unavailable		total	analysis_level	460351				all ukb-b traits in the OpenGWAS IGD collection (data/ukb-b/manifest.tsv)	
ukb-b-12651	ukb-b-12651	Diagnoses - secondary ICD10: E78.0 Pure hypercholesterolaemia			/local-scratch/data/opengwas/igd/ukb-b-12651/ukb-b-12651.vcf.gz					GRCh37							unassigned			unavailable		total	analysis_level	463010				all ukb-b traits in the OpenGWAS IGD collection (data/ukb-b/manifest.tsv)	
ukb-b-12654	ukb-b-12654	Former alcohol drinker			/local-scratch/data/opengwas/igd/ukb-b-12654/ukb-b-12654.vcf.gz					GRCh37							unassigned			unavailable		total	analysis_level	31506				all ukb-b traits in the OpenGWAS IGD collection (data/ukb-b/manifest.tsv)	
ukb-b-12658	ukb-b-12658	Homemade soup intake			/local-scratch/data/opengwas/igd/ukb-b-12658/ukb-b-12658.vcf.gz					GRCh37							unassigned			unavailable		total	analysis_level	64945				all ukb-b traits in the OpenGWAS IGD collection (data/ukb-b/manifest.tsv)	
ukb-b-12670	ukb-b-12670	Other coffee type			/local-scratch/data/opengwas/igd/ukb-b-12670/ukb-b-12670.vcf.gz					GRCh37							unassigned			unavailable		total	analysis_level	64949				all ukb-b traits in the OpenGWAS IGD collection (data/ukb-b/manifest.tsv)	
ukb-b-12687	ukb-b-12687	Mother's age at death			/local-scratch/data/opengwas/igd/ukb-b-12687/ukb-b-12687.vcf.gz					GRCh37							unassigned			unavailable		total	analysis_level	273111				all ukb-b traits in the OpenGWAS IGD collection (data/ukb-b/manifest.tsv)	
ukb-b-12703	ukb-b-12703	Operative procedures - main OPCS: M76.4 Endoscopic dilation of urethra			/local-scratch/data/opengwas/igd/ukb-b-12703/ukb-b-12703.vcf.gz					GRCh37							unassigned			unavailable		total	analysis_level	463010				all ukb-b traits in the OpenGWAS IGD collection (data/ukb-b/manifest.tsv)	
ukb-b-12722	ukb-b-12722	Non-cancer illness code, self-reported: uterine fibroids			/local-scratch/data/opengwas/igd/ukb-b-12722/ukb-b-12722.vcf.gz					GRCh37							unassigned			unavailable		total	analysis_level	462933				all ukb-b traits in the OpenGWAS IGD collection (data/ukb-b/manifest.tsv)	
ukb-b-12725	ukb-b-12725	Treatment/medication code: salmeterol			/local-scratch/data/opengwas/igd/ukb-b-12725/ukb-b-12725.vcf.gz					GRCh37							unassigned			unavailable		total	analysis_level	462933				all ukb-b traits in the OpenGWAS IGD collection (data/ukb-b/manifest.tsv)	
ukb-b-12729	ukb-b-12729	Operation code: nephrectomy/kidney removed			/local-scratch/data/opengwas/igd/ukb-b-12729/ukb-b-12729.vcf.gz					GRCh37							unassigned			unavailable		total	analysis_level	462933				all ukb-b traits in the OpenGWAS IGD collection (data/ukb-b/manifest.tsv)	
ukb-b-12741	ukb-b-12741	Operative procedures - secondary OPCS: Z27.2 Stomach			/local-scratch/data/opengwas/igd/ukb-b-12741/ukb-b-12741.vcf.gz					GRCh37							unassigned			unavailable		total	analysis_level	463010				all ukb-b traits in the OpenGWAS IGD collection (data/ukb-b/manifest.tsv)	
ukb-b-12747	ukb-b-12747	Operative procedures - secondary OPCS: S06.5 Excision of lesion of skin of head or neck NEC			/local-scratch/data/opengwas/igd/ukb-b-12747/ukb-b-12747.vcf.gz					GRCh37							unassigned			unavailable		total	analysis_level	463010				all ukb-b traits in the OpenGWAS IGD collection (data/ukb-b/manifest.tsv)	
ukb-b-12753	ukb-b-12753	Recent medication for hayfever or allergic rhinitis			/local-scratch/data/opengwas/igd/ukb-b-12753/ukb-b-12753.vcf.gz					GRCh37							unassigned			unavailable		total	analysis_level	25486				all ukb-b traits in the OpenGWAS IGD collection (data/ukb-b/manifest.tsv)	
ukb-b-12762	ukb-b-12762	Operative procedures - secondary OPCS: S06.9 Unspecified other excision of lesion of skin			/local-scratch/data/opengwas/igd/ukb-b-12762/ukb-b-12762.vcf.gz					GRCh37							unassigned			unavailable		total	analysis_level	463010				all ukb-b traits in the OpenGWAS IGD collection (data/ukb-b/manifest.tsv)	
ukb-b-12763	ukb-b-12763	Flavoured milk intake			/local-scratch/data/opengwas/igd/ukb-b-12763/ukb-b-12763.vcf.gz					GRCh37							unassigned			unavailable		total	analysis_level	64941				all ukb-b traits in the OpenGWAS IGD collection (data/ukb-b/manifest.tsv)	
ukb-b-12765	ukb-b-12765	Diagnoses - secondary ICD10: M10.99 Gout, unspecified (Site unspecified)			/local-scratch/data/opengwas/igd/ukb-b-12765/ukb-b-12765.vcf.gz					GRCh37							unassigned			unavailable		total	analysis_level	463010				all ukb-b traits in the OpenGWAS IGD collection (data/ukb-b/manifest.tsv)	
ukb-b-12777	ukb-b-12777	Illnesses of father: Stroke			/local-scratch/data/opengwas/igd/ukb-b-12777/ukb-b-12777.vcf.gz					GRCh37							unassigned			unavailable		total	analysis_level	402616				all ukb-b traits in the OpenGWAS IGD collection (data/ukb-b/manifest.tsv)	
ukb-b-12780	ukb-b-12780	Type of sliced bread eaten: white			/local-scratch/data/opengwas/igd/ukb-b-12780/ukb-b-12780.vcf.gz					GRCh37							unassigned			unavailable		total	analysis_level	64949				all ukb-b traits in the OpenGWAS IGD collection (data/ukb-b/manifest.tsv)	
ukb-b-12789	ukb-b-12789	Diagnoses - main ICD10: R19.4 Change in bowel habit			/local-scratch/data/opengwas/igd/ukb-b-12789/ukb-b-12789.vcf.gz					GRCh37							unassigned			unavailable		total	analysis_level	463010				all ukb-b traits in the OpenGWAS IGD collection (data/ukb-b/manifest.tsv)	
ukb-b-12801	ukb-b-12801	Operation code: ectopic pregnancy surgery			/local-scratch/data/opengwas/igd/ukb-b-12801/ukb-b-12801.vcf.gz					GRCh37							unassigned			unavailable		total	analysis_level	462933				all ukb-b traits in the OpenGWAS IGD collection (data/ukb-b/manifest.tsv)	
ukb-b-12812	ukb-b-12812	Treatment/medication code: bendrofluazide			/local-scratch/data/opengwas/igd/ukb-b-12812/ukb-b-12812.vcf.gz					GRCh37							unassigned			unavailable		total	analysis_level	462933				all ukb-b traits in the OpenGWAS IGD collection (data/ukb-b/manifest.tsv)	
ukb-b-12828	ukb-b-12828	Leg fat-free mass (right)			/local-scratch/data/opengwas/igd/ukb-b-12828/ukb-b-12828.vcf.gz					GRCh37							unassigned			unavailable		total	analysis_level	454835				all ukb-b traits in the OpenGWAS IGD collection (data/ukb-b/manifest.tsv)	
ukb-b-12831	ukb-b-12831	Treatment/medication code: flixonase 50micrograms aqueous nasal spray			/local-scratch/data/opengwas/igd/ukb-b-12831/ukb-b-12831.vcf.gz					GRCh37							unassigned			unavailable		total	analysis_level	462933				all ukb-b traits in the OpenGWAS IGD collection (data/ukb-b/manifest.tsv)	
ukb-b-12836	ukb-b-12836	Fried potatoes intake			/local-scratch/data/opengwas/igd/ukb-b-12836/ukb-b-12836.vcf.gz					GRCh37							unassigned			unavailable		total	analysis_level	64949				all ukb-b traits in the OpenGWAS IGD collection (data/ukb-b/manifest.tsv)	
ukb-b-12839	ukb-b-12839	Operation code: umbilical hernia repair			/local-scratch/data/opengwas/igd/ukb-b-12839/ukb-b-12839.vcf.gz					GRCh37							unassigned			unavailable		total	analysis_level	462933				all ukb-b traits in the OpenGWAS IGD collection (data/ukb-b/manifest.tsv)	
ukb-b-12841	ukb-b-12841	Bring up phlegm/sputum/mucus on most days			/local-scratch/data/opengwas/igd/ukb-b-12841/ukb-b-12841.vcf.gz					GRCh37							unassigned			unavailable		total	analysis_level	112583				all ukb-b traits in the OpenGWAS IGD collection (data/ukb-b/manifest.tsv)	
ukb-b-12849	ukb-b-12849	Mouth/teeth dental problems: Loose teeth			/local-scratch/data/opengwas/igd/ukb-b-12849/ukb-b-12849.vcf.gz					GRCh37							unassigned			unavailable		total	analysis_level	461113				all ukb-b traits in the OpenGWAS IGD collection (data/ukb-b/manifest.tsv)	
ukb-b-1285	ukb-b-1285	Nitrogen dioxide air pollution; 2007			/local-scratch/data/opengwas/igd/ukb-b-1285/ukb-b-1285.vcf.gz					GRCh37							unassigned			unavailable		total	analysis_level	456380				all ukb-b traits in the OpenGWAS IGD collection (data/ukb-b/manifest.tsv)	
ukb-b-12854	ukb-b-12854	Arm fat percentage (right)			/local-scratch/data/opengwas/igd/ukb-b-12854/ukb-b-12854.vcf.gz					GRCh37							unassigned			unavailable		total	analysis_level	454789				all ukb-b traits in the OpenGWAS IGD collection (data/ukb-b/manifest.tsv)	
ukb-b-12861	ukb-b-12861	Treatment/medication code: gaviscon liquid			/local-scratch/data/opengwas/igd/ukb-b-12861/ukb-b-12861.vcf.gz					GRCh37							unassigned			unavailable		total	analysis_level	462933				all ukb-b traits in the OpenGWAS IGD collection (data/ukb-b/manifest.tsv)	
ukb-b-12863	ukb-b-12863	Type of meals eaten: Ready meals			/local-scratch/data/opengwas/igd/ukb-b-12863/ukb-b-12863.vcf.gz					GRCh37							unassigned			unavailable		total	analysis_level	64949				all ukb-b traits in the OpenGWAS IGD collection (data/ukb-b/manifest.tsv)	
ukb-b-12864	ukb-b-12864	Leg pain when walking normally			/local-scratch/data/opengwas/igd/ukb-b-12864/ukb-b-12864.vcf.gz					GRCh37							unassigned			unavailable		total	analysis_level	32561				all ukb-b traits in the OpenGWAS IGD collection (data/ukb-b/manifest.tsv)	
ukb-b-12872	ukb-b-12872	Diagnoses - main ICD10: M51.2 Other specified intervertebral disk displacement			/local-scratch/data/opengwas/igd/ukb-b-12872/ukb-b-12872.vcf.gz					GRCh37							unassigned			unavailable		total	analysis_level	463010				all ukb-b traits in the OpenGWAS IGD collection (data/ukb-b/manifest.tsv)	
ukb-b-12877	ukb-b-12877	Operative procedures - secondary OPCS: Z47.1 Skin of forehead			/local-scratch/data/opengwas/igd/ukb-b-12877/ukb-b-12877.vcf.gz					GRCh37							unassigned			unavailable		total	analysis_level	463010				all ukb-b traits in the OpenGWAS IGD collection (data/ukb-b/manifest.tsv)	
ukb-b-12879	ukb-b-12879	Operative procedures - main OPCS: L84.1 Combined operations on primary long saphenous vein			/local-scratch/data/opengwas/igd/ukb-b-12879/ukb-b-12879.vcf.gz					GRCh37							unassigned			unavailable		total	analysis_level	463010				all ukb-b traits in the OpenGWAS IGD collection (data/ukb-b/manifest.tsv)	
ukb-b-12884	ukb-b-12884	Operative procedures - main OPCS: Q12.1 Introduction of intrauterine contraceptive device			/local-scratch/data/opengwas/igd/ukb-b-12884/ukb-b-12884.vcf.gz					GRCh37							unassigned			unavailable		total	analysis_level	463010				all ukb-b traits in the OpenGWAS IGD collection (data/ukb-b/manifest.tsv)	
ukb-b-12885	ukb-b-12885	Current employment status: Unemployed			/local-scratch/data/opengwas/igd/ukb-b-12885/ukb-b-12885.vcf.gz					GRCh37							unassigned			unavailable		total	analysis_level	461242				all ukb-b traits in the OpenGWAS IGD collection (data/ukb-b/manifest.tsv)	
ukb-b-129	ukb-b-129	Vitamin and/or mineral supplement use: Vitamin B6			/local-scratch/data/opengwas/igd/ukb-b-129/ukb-b-129.vcf.gz					GRCh37							unassigned			unavailable		total	analysis_level	64949				all ukb-b traits in the OpenGWAS IGD collection (data/ukb-b/manifest.tsv)	
ukb-b-12901	ukb-b-12901	Other alcohol intake			/local-scratch/data/opengwas/igd/ukb-b-12901/ukb-b-12901.vcf.gz					GRCh37							unassigned			unavailable		total	analysis_level	64944				all ukb-b traits in the OpenGWAS IGD collection (data/ukb-b/manifest.tsv)	
ukb-b-12906	ukb-b-12906	Treatment/medication code: betnovate cream			/local-scratch/data/opengwas/igd/ukb-b-12906/ukb-b-12906.vcf.gz					GRCh37							unassigned			unavailable		total	analysis_level	462933				all ukb-b traits in the OpenGWAS IGD collection (data/ukb-b/manifest.tsv)	
ukb-b-12909	ukb-b-12909	Mother still alive			/local-scratch/data/opengwas/igd/ukb-b-12909/ukb-b-12909.vcf.gz					GRCh37							unassigned			unavailable		total	analysis_level	454999				all ukb-b traits in the OpenGWAS IGD collection (data/ukb-b/manifest.tsv)	
ukb-b-12911	ukb-b-12911	PCT where patients GP was registered: SHEFFIELD WEST PCT			/local-scratch/data/opengwas/igd/ukb-b-12911/ukb-b-12911.vcf.gz					GRCh37							unassigned			unavailable		total	analysis_level	463010				all ukb-b traits in the OpenGWAS IGD collection (data/ukb-b/manifest.tsv)	
ukb-b-12912	ukb-b-12912	Snackpot intake			/local-scratch/data/opengwas/igd/ukb-b-12912/ukb-b-12912.vcf.gz					GRCh37							unassigned			unavailable		total	analysis_level	64946				all ukb-b traits in the OpenGWAS IGD collection (data/ukb-b/manifest.tsv)	
ukb-b-12913	ukb-b-12913	Operative procedures - secondary OPCS: Z49.3 Skin of anterior trunk			/local-scratch/data/opengwas/igd/ukb-b-12913/ukb-b-12913.vcf.gz					GRCh37							unassigned			unavailable		total	analysis_level	463010				all ukb-b traits in the OpenGWAS IGD collection (data/ukb-b/manifest.tsv)	
ukb-b-12915	ukb-b-12915	Cancer code, self-reported: malignant melanoma			/local-scratch/data/opengwas/igd/ukb-b-12915/ukb-b-12915.vcf.gz					GRCh37							unassigned			unavailable		total	analysis_level	462933				all ukb-b traits in the OpenGWAS IGD collection (data/ukb-b/manifest.tsv)	
ukb-b-12930	ukb-b-12930	Mouth/teeth dental problems: Dentures			/local-scratch/data/opengwas/igd/ukb-b-12930/ukb-b-12930.vcf.gz					GRCh37							unassigned			unavailable		total	analysis_level	461113				all ukb-b traits in the OpenGWAS IGD collection (data/ukb-b/manifest.tsv)	
ukb-b-12931	ukb-b-12931	Operation code: ovarian cyst removal/surgery			/local-scratch/data/opengwas/igd/ukb-b-12931/ukb-b-12931.vcf.gz					GRCh37							unassigned			unavailable		total	analysis_level	462933				all ukb-b traits in the OpenGWAS IGD collection (data/ukb-b/manifest.tsv)	
ukb-b-12936	ukb-b-12936	Type of yogurt eaten: Low fat yogurt consumers			/local-scratch/data/opengwas/igd/ukb-b-12936/ukb-b-12936.vcf.gz					GRCh37							unassigned			unavailable		total	analysis_level	64949				all ukb-b traits in the OpenGWAS IGD collection (data/ukb-b/manifest.tsv)	
ukb-b-12938	ukb-b-12938	Illnesses of siblings: Bowel cancer			/local-scratch/data/opengwas/igd/ukb-b-12938/ukb-b-12938.vcf.gz					GRCh37							unassigned			unavailable		total	analysis_level	361508				all ukb-b traits in the OpenGWAS IGD collection (data/ukb-b/manifest.tsv)	
ukb-b-12939	ukb-b-12939	PCT where patients GP was registered: SEFTON PCT			/local-scratch/data/opengwas/igd/ukb-b-12939/ukb-b-12939.vcf.gz					GRCh37							unassigned			unavailable		total	analysis_level	463010				all ukb-b traits in the OpenGWAS IGD collection (data/ukb-b/manifest.tsv)	
ukb-b-12944	ukb-b-12944	Diagnoses - main ICD10: N84.0 Polyp of corpus uteri			/local-scratch/data/opengwas/igd/ukb-b-12944/ukb-b-12944.vcf.gz					GRCh37							unassigned			unavailable		total	analysis_level	463010				all ukb-b traits in the OpenGWAS IGD collection (data/ukb-b/manifest.tsv)	
ukb-b-12945	ukb-b-12945	Average evening sound level of noise pollution			/local-scratch/data/opengwas/igd/ukb-b-12945/ukb-b-12945.vcf.gz					GRCh37							unassigned			unavailable		total	analysis_level	456380				all ukb-b traits in the OpenGWAS IGD collection (data/ukb-b/manifest.tsv)	
ukb-b-12948	ukb-b-12948	Non-cancer illness code, self-reported: diabetes			/local-scratch/data/opengwas/igd/ukb-b-12948/ukb-b-12948.vcf.gz					GRCh37							unassigned			unavailable		total	analysis_level	462933				all ukb-b traits in the OpenGWAS IGD collection (data/ukb-b/manifest.tsv)	
ukb-b-12962	ukb-b-12962	PCT where patients GP was registered: SHEFFIELD PCT			/local-scratch/data/opengwas/igd/ukb-b-12962/ukb-b-12962.vcf.gz					GRCh37							unassigned			unavailable		total	analysis_level	463010				all ukb-b traits in the OpenGWAS IGD collection (data/ukb-b/manifest.tsv)	
ukb-b-12963	ukb-b-12963	Particulate matter air pollution 2.5-10um; 2010			/local-scratch/data/opengwas/igd/ukb-b-12963/ukb-b-12963.vcf.gz					GRCh37							unassigned			unavailable		total	analysis_level	423796				all ukb-b traits in the OpenGWAS IGD collection (data/ukb-b/manifest.tsv)	
ukb-b-12964	ukb-b-12964	Diagnoses - secondary ICD10: M17.1 Other primary gonarthrosis			/local-scratch/data/opengwas/igd/ukb-b-12964/ukb-b-12964.vcf.gz					GRCh37							unassigned			unavailable		total	analysis_level	463010				all ukb-b traits in the OpenGWAS IGD collection (data/ukb-b/manifest.tsv)	
ukb-b-12974	ukb-b-12974	Operation code: bone surgery/joint surgery			/local-scratch/data/opengwas/igd/ukb-b-12974/ukb-b-12974.vcf.gz					GRCh37							unassigned			unavailable		total	analysis_level	462933				all ukb-b traits in the OpenGWAS IGD collection (data/ukb-b/manifest.tsv)	
ukb-b-12984	ukb-b-12984	Treatment/medication code: beclazone 50 inhaler			/local-scratch/data/opengwas/igd/ukb-b-12984/ukb-b-12984.vcf.gz					GRCh37							unassigned			unavailable		total	analysis_level	462933				all ukb-b traits in the OpenGWAS IGD collection (data/ukb-b/manifest.tsv)	
ukb-b-13003	ukb-b-13003	Operation code: sinus surgery			/local-scratch/data/opengwas/igd/ukb-b-13003/ukb-b-13003.vcf.gz					GRCh37							unassigned			unavailable		total	analysis_level	462933				all ukb-b traits in the OpenGWAS IGD collection (data/ukb-b/manifest.tsv)	
ukb-b-13019	ukb-b-13019	Diagnoses - main ICD10: M25.5 Pain in joint			/local-scratch/data/opengwas/igd/ukb-b-13019/ukb-b-13019.vcf.gz					GRCh37							unassigned			unavailable		total	analysis_level	463010				all ukb-b traits in the OpenGWAS IGD collection (data/ukb-b/manifest.tsv)	
ukb-b-1302	ukb-b-1302	Treatment/medication code: sertraline			/local-scratch/data/opengwas/igd/ukb-b-1302/ukb-b-1302.vcf.gz					GRCh37							unassigned			unavailable		total	analysis_level	462933				all ukb-b traits in the OpenGWAS IGD collection (data/ukb-b/manifest.tsv)	
ukb-b-13026	ukb-b-13026	Why reduced smoking: Health precaution			/local-scratch/data/opengwas/igd/ukb-b-13026/ukb-b-13026.vcf.gz					GRCh37							unassigned			unavailable		total	analysis_level	14951				all ukb-b traits in the OpenGWAS IGD collection (data/ukb-b/manifest.tsv)	
ukb-b-13038	ukb-b-13038	Non-cancer illness code, self-reported: varicose veins			/local-scratch/data/opengwas/igd/ukb-b-13038/ukb-b-13038.vcf.gz					GRCh37							unassigned			unavailable		total	analysis_level	462933				all ukb-b traits in the OpenGWAS IGD collection (data/ukb-b/manifest.tsv)	
ukb-b-1306	ukb-b-1306	Diagnoses - main ICD10: K29.6 Other gastritis			/local-scratch/data/opengwas/igd/ukb-b-1306/ukb-b-1306.vcf.gz					GRCh37							unassigned			unavailable		total	analysis_level	463010				all ukb-b traits in the OpenGWAS IGD collection (data/ukb-b/manifest.tsv)	
ukb-b-13065	ukb-b-13065	Destinations on discharge from hospital (recoded): Usual Place of residence: Living with relatives			/local-scratch/data/opengwas/igd/ukb-b-13065/ukb-b-13065.vcf.gz					GRCh37							unassigned			unavailable		total	analysis_level	460758				all ukb-b traits in the OpenGWAS IGD collection (data/ukb-b/manifest.tsv)	
ukb-b-13079	ukb-b-13079	Treatment/medication code: candesartan cilexetil			/local-scratch/data/opengwas/igd/ukb-b-13079/ukb-b-13079.vcf.gz					GRCh37							unassigned			unavailable		total	analysis_level	462933				all ukb-b traits in the OpenGWAS IGD collection (data/ukb-b/manifest.tsv)	
ukb-b-13080	ukb-b-13080	Operative procedures - main OPCS: A73.5 Injection of therapeutic substance around peripheral nerve			/local-scratch/data/opengwas/igd/ukb-b-13080/ukb-b-13080.vcf.gz					GRCh37							unassigned			unavailable		total	analysis_level	463010				all ukb-b traits in the OpenGWAS IGD collection (data/ukb-b/manifest.tsv)	
ukb-b-13092	ukb-b-13092	Headaches for 3+ months			/local-scratch/data/opengwas/igd/ukb-b-13092/ukb-b-13092.vcf.gz					GRCh37							unassigned			unavailable		total	analysis_level	91269				all ukb-b traits in the OpenGWAS IGD collection (data/ukb-b/manifest.tsv)	
ukb-b-13098	ukb-b-13098	PCT where patients GP was registered: BUCKINGHAMSHIRE PCT			/local-scratch/data/opengwas/igd/ukb-b-13098/ukb-b-13098.vcf.gz					GRCh37							unassigned			unavailable		total	analysis_level	463010				all ukb-b traits in the OpenGWAS IGD collection (data/ukb-b/manifest.tsv)	
ukb-b-131	ukb-b-131	Non-cancer illness code, self-reported: pancreatitis			/local-scratch/data/opengwas/igd/ukb-b-131/ukb-b-131.vcf.gz					GRCh37							unassigned			unavailable		total	analysis_level	462933				all ukb-b traits in the OpenGWAS IGD collection (data/ukb-b/manifest.tsv)	
ukb-b-1310	ukb-b-1310	Other drink intake			/local-scratch/data/opengwas/igd/ukb-b-1310/ukb-b-1310.vcf.gz					GRCh37							unassigned			unavailable		total	analysis_level	64949				all ukb-b traits in the OpenGWAS IGD collection (data/ukb-b/manifest.tsv)	
ukb-b-13106	ukb-b-13106	Main speciality of consultant (recoded): Oral surgery			/local-scratch/data/opengwas/igd/ukb-b-13106/ukb-b-13106.vcf.gz					GRCh37							unassigned			unavailable		total	analysis_level	461171				all ukb-b traits in the OpenGWAS IGD collection (data/ukb-b/manifest.tsv)	
ukb-b-13114	ukb-b-13114	External causes: X59.9 Unspecified place			/local-scratch/data/opengwas/igd/ukb-b-13114/ukb-b-13114.vcf.gz					GRCh37							unassigned			unavailable		total	analysis_level	463010				all ukb-b traits in the OpenGWAS IGD collection (data/ukb-b/manifest.tsv)	
ukb-b-13121	ukb-b-13121	Operative procedures - secondary OPCS: Z27.1 Oesophagus			/local-scratch/data/opengwas/igd/ukb-b-13121/ukb-b-13121.vcf.gz					GRCh37							unassigned			unavailable		total	analysis_level	463010				all ukb-b traits in the OpenGWAS IGD collection (data/ukb-b/manifest.tsv)	
ukb-b-13148	ukb-b-13148	Treatment/medication code: ventolin 100micrograms inhaler			/local-scratch/data/opengwas/igd/ukb-b-13148/ukb-b-13148.vcf.gz					GRCh37							unassigned			unavailable		total	analysis_level	462933				all ukb-b traits in the OpenGWAS IGD collection (data/ukb-b/manifest.tsv)	
ukb-b-1315	ukb-b-1315	Operation code: thyroidectomy/partial thyroidectomy			/local-scratch/data/opengwas/igd/ukb-b-1315/ukb-b-1315.vcf.gz					GRCh37							unassigned			unavailable		total	analysis_level	462933				all ukb-b traits in the OpenGWAS IGD collection (data/ukb-b/manifest.tsv)	
ukb-b-13151	ukb-b-13151	Operative procedures - main OPCS: W20.5 Primary open reduction of fracture of ankle and extramedullary fixation NEC			/local-scratch/data/opengwas/igd/ukb-b-13151/ukb-b-13151.vcf.gz					GRCh37							unassigned			unavailable		total	analysis_level	463010				all ukb-b traits in the OpenGWAS IGD collection (data/ukb-b/manifest.tsv)	
ukb-b-13155	ukb-b-13155	Mixed vegetable intake			/local-scratch/data/opengwas/igd/ukb-b-13155/ukb-b-13155.vcf.gz					GRCh37							unassigned			unavailable		total	analysis_level	64949				all ukb-b traits in the OpenGWAS IGD collection (data/ukb-b/manifest.tsv)	
ukb-b-1316	ukb-b-1316	Type of cancer: ICD10: C64 Malignant neoplasm of kidney, except renal pelvis			/local-scratch/data/opengwas/igd/ukb-b-1316/ukb-b-1316.vcf.gz					GRCh37							unassigned			unavailable		total	analysis_level	463010				all ukb-b traits in the OpenGWAS IGD collection (data/ukb-b/manifest.tsv)	
ukb-b-13160	ukb-b-13160	Father still alive			/local-scratch/data/opengwas/igd/ukb-b-13160/ukb-b-13160.vcf.gz					GRCh37							unassigned			unavailable		total	analysis_level	450333				all ukb-b traits in the OpenGWAS IGD collection (data/ukb-b/manifest.tsv)	
ukb-b-13176	ukb-b-13176	Operative procedures - main OPCS: K63.1 Angiocardiography of combination of right and left side of heart			/local-scratch/data/opengwas/igd/ukb-b-13176/ukb-b-13176.vcf.gz					GRCh37							unassigned			unavailable		total	analysis_level	463010				all ukb-b traits in the OpenGWAS IGD collection (data/ukb-b/manifest.tsv)	
ukb-b-1318	ukb-b-1318	PCT responsible for patient data: BERKSHIRE WEST PCT			/local-scratch/data/opengwas/igd/ukb-b-1318/ukb-b-1318.vcf.gz					GRCh37							unassigned			unavailable		total	analysis_level	463010				all ukb-b traits in the OpenGWAS IGD collection (data/ukb-b/manifest.tsv)	
ukb-b-13183	ukb-b-13183	Adopted as a child			/local-scratch/data/opengwas/igd/ukb-b-13183/ukb-b-13183.vcf.gz					GRCh37							unassigned			unavailable		total	analysis_level	461805				all ukb-b traits in the OpenGWAS IGD collection (data/ukb-b/manifest.tsv)	
ukb-b-13184	ukb-b-13184	Types of physical activity in last 4 weeks: Heavy DIY (eg: weeding, lawn mowing, carpentry, digging)			/local-scratch/data/opengwas/igd/ukb-b-13184/ukb-b-13184.vcf.gz					GRCh37							unassigned			unavailable		total	analysis_level	460376				all ukb-b traits in the OpenGWAS IGD collection (data/ukb-b/manifest.tsv)	
ukb-b-13187	ukb-b-13187	Manic/hyper symptoms: I was more creative or had more ideas than usual			/local-scratch/data/opengwas/igd/ukb-b-13187/ukb-b-13187.vcf.gz					GRCh37							unassigned			unavailable		total	analysis_level	31317				all ukb-b traits in the OpenGWAS IGD collection (data/ukb-b/manifest.tsv)	
ukb-b-13190	ukb-b-13190	Diagnoses - main ICD10: G43.9 Migraine, unspecified			/local-scratch/data/opengwas/igd/ukb-b-13190/ukb-b-13190.vcf.gz					GRCh37							unassigned			unavailable		total	analysis_level	463010				all ukb-b traits in the OpenGWAS IGD collection (data/ukb-b/manifest.tsv)	
ukb-b-132	ukb-b-132	PCT responsible for patient data: CROYDON PCT			/local-scratch/data/opengwas/igd/ukb-b-132/ukb-b-132.vcf.gz					GRCh37							unassigned			unavailable		total	analysis_level	463010				all ukb-b traits in the OpenGWAS IGD collection (data/ukb-b/manifest.tsv)	
ukb-b-13217	ukb-b-13217	Main speciality of consultant (recoded): Clinical oncology/ Radiotherapy			/local-scratch/data/opengwas/igd/ukb-b-13217/ukb-b-13217.vcf.gz					GRCh37							unassigned			unavailable		total	analysis_level	461132				all ukb-b traits in the OpenGWAS IGD collection (data/ukb-b/manifest.tsv)	
ukb-b-13231	ukb-b-13231	Place of birth in UK - east co-ordinate			/local-scratch/data/opengwas/igd/ukb-b-13231/ukb-b-13231.vcf.gz					GRCh37							unassigned			unavailable		total	analysis_level	434576				all ukb-b traits in the OpenGWAS IGD collection (data/ukb-b/manifest.tsv)	
ukb-b-13246	ukb-b-13246	Childhood sunburn occasions			/local-scratch/data/opengwas/igd/ukb-b-13246/ukb-b-13246.vcf.gz					GRCh37							unassigned			unavailable		total	analysis_level	346955				all ukb-b traits in the OpenGWAS IGD collection (data/ukb-b/manifest.tsv)	
ukb-b-13247	ukb-b-13247	Diagnoses - secondary ICD10: Z80.0 Family history of malignant neoplasm of digestive organs			/local-scratch/data/opengwas/igd/ukb-b-13247/ukb-b-13247.vcf.gz					GRCh37							unassigned			unavailable		total	analysis_level	463010				all ukb-b traits in the OpenGWAS IGD collection (data/ukb-b/manifest.tsv)	
ukb-b-13248	ukb-b-13248	Treatment/medication code: warfarin			/local-scratch/data/opengwas/igd/ukb-b-13248/ukb-b-13248.vcf.gz					GRCh37							unassigned			unavailable		total	analysis_level	462933				all ukb-b traits in the OpenGWAS IGD collection (data/ukb-b/manifest.tsv)	
ukb-b-13251	ukb-b-13251	Non-cancer illness code, self-reported: gout			/local-scratch/data/opengwas/igd/ukb-b-13251/ukb-b-13251.vcf.gz					GRCh37							unassigned			unavailable		total	analysis_level	462933				all ukb-b traits in the OpenGWAS IGD collection (data/ukb-b/manifest.tsv)	
ukb-b-13276	ukb-b-13276	Operative procedures - main OPCS: S47.2 Drainage of lesion of skin NEC			/local-scratch/data/opengwas/igd/ukb-b-13276/ukb-b-13276.vcf.gz					GRCh37							unassigned			unavailable		total	analysis_level	463010				all ukb-b traits in the OpenGWAS IGD collection (data/ukb-b/manifest.tsv)	
ukb-b-13281	ukb-b-13281	Naan bread intake			/local-scratch/data/opengwas/igd/ukb-b-13281/ukb-b-13281.vcf.gz					GRCh37							unassigned			unavailable		total	analysis_level	64944				all ukb-b traits in the OpenGWAS IGD collection (data/ukb-b/manifest.tsv)	
ukb-b-13285	ukb-b-13285	Treatment speciality of consultant (recoded): Plastic surgery			/local-scratch/data/opengwas/igd/ukb-b-13285/ukb-b-13285.vcf.gz					GRCh37							unassigned			unavailable		total	analysis_level	445128				all ukb-b traits in the OpenGWAS IGD collection (data/ukb-b/manifest.tsv)	
ukb-b-133	ukb-b-133	Hip pain for 3+ months			/local-scratch/data/opengwas/igd/ukb-b-133/ukb-b-133.vcf.gz					GRCh37							unassigned			unavailable		total	analysis_level	51516				all ukb-b traits in the OpenGWAS IGD collection (data/ukb-b/manifest.tsv)	
ukb-b-1331	ukb-b-1331	PCT where patients GP was registered: CHESTERFIELD PCT			/local-scratch/data/opengwas/igd/ukb-b-1331/ukb-b-1331.vcf.gz					GRCh37							unassigned			unavailable		total	analysis_level	463010				all ukb-b traits in the OpenGWAS IGD collection (data/ukb-b/manifest.tsv)	
ukb-b-13330	ukb-b-13330	Food weight			/local-scratch/data/opengwas/igd/ukb-b-13330/ukb-b-13330.vcf.gz					GRCh37							unassigned			unavailable		total	analysis_level	64979				all ukb-b traits in the OpenGWAS IGD collection (data/ukb-b/manifest.tsv)	
ukb-b-13344	ukb-b-13344	Herbal tea intake			/local-scratch/data/opengwas/igd/ukb-b-13344/ukb-b-13344.vcf.gz					GRCh37							unassigned			unavailable		total	analysis_level	64949				all ukb-b traits in the OpenGWAS IGD collection (data/ukb-b/manifest.tsv)	
ukb-b-13346	ukb-b-13346	Fractured/broken bones in last 5 years			/local-scratch/data/opengwas/igd/ukb-b-13346/ukb-b-13346.vcf.gz					GRCh37							unassigned			unavailable		total	analysis_level	460389				all ukb-b traits in the OpenGWAS IGD collection (data/ukb-b/manifest.tsv)	
ukb-b-13348	ukb-b-13348	Cancer code, self-reported: prostate cancer			/local-scratch/data/opengwas/igd/ukb-b-13348/ukb-b-13348.vcf.gz					GRCh37							unassigned			unavailable		total	analysis_level	462933				all ukb-b traits in the OpenGWAS IGD collection (data/ukb-b/manifest.tsv)	
ukb-b-13350	ukb-b-13350	PCT responsible for patient data: NOTTINGHAM CITY PCT			/local-scratch/data/opengwas/igd/ukb-b-13350/ukb-b-13350.vcf.gz					GRCh37							unassigned			unavailable		total	analysis_level	463010				all ukb-b traits in the OpenGWAS IGD collection (data/ukb-b/manifest.tsv)	
ukb-b-13352	ukb-b-13352	Vascular/heart problems diagnosed by doctor: None of the above			/local-scratch/data/opengwas/igd/ukb-b-13352/ukb-b-13352.vcf.gz					GRCh37							unassigned			unavailable		total	analysis_level	461880				all ukb-b traits in the OpenGWAS IGD collection (data/ukb-b/manifest.tsv)	
ukb-b-13354	ukb-b-13354	Whole body fat-free mass			/local-scratch/data/opengwas/igd/ukb-b-13354/ukb-b-13354.vcf.gz					GRCh37							unassigned			unavailable		total	analysis_level	454850				all ukb-b traits in the OpenGWAS IGD collection (data/ukb-b/manifest.tsv)	
ukb-b-1337	ukb-b-1337	Ingredients in homemade soup: Vegetables			/local-scratch/data/opengwas/igd/ukb-b-1337/ukb-b-1337.vcf.gz					GRCh37							unassigned			unavailable		total	analysis_level	64949				all ukb-b traits in the OpenGWAS IGD collection (data/ukb-b/manifest.tsv)	
ukb-b-13378	ukb-b-13378	Birth weight			/local-scratch/data/opengwas/igd/ukb-b-13378/ukb-b-13378.vcf.gz					GRCh37							unassigned			unavailable		total	analysis_level	261932				all ukb-b traits in the OpenGWAS IGD collection (data/ukb-b/manifest.tsv)	
ukb-b-1338	ukb-b-1338	Intake of artificial sweetener added to coffee			/local-scratch/data/opengwas/igd/ukb-b-1338/ukb-b-1338.vcf.gz					GRCh37							unassigned			unavailable		total	analysis_level	64949				all ukb-b traits in the OpenGWAS IGD collection (data/ukb-b/manifest.tsv)	
ukb-b-13380	ukb-b-13380	Operative procedures - secondary OPCS: E36.9 Unspecified diagnostic endoscopic examination of larynx			/local-scratch/data/opengwas/igd/ukb-b-13380/ukb-b-13380.vcf.gz					GRCh37							unassigned			unavailable		total	analysis_level	463010				all ukb-b traits in the OpenGWAS IGD collection (data/ukb-b/manifest.tsv)	
ukb-b-13391	ukb-b-13391	Diagnoses - main ICD10: G45.9 Transient cerebral ischaemic attack, unspecified			/local-scratch/data/opengwas/igd/ukb-b-13391/ukb-b-13391.vcf.gz					GRCh37							unassigned			unavailable		total	analysis_level	463010				all ukb-b traits in the OpenGWAS IGD collection (data/ukb-b/manifest.tsv)	
ukb-b-13392	ukb-b-13392	Diagnoses - secondary ICD10: K57.3 Diverticular disease of large intestine without perforation or abscess			/local-scratch/data/opengwas/igd/ukb-b-13392/ukb-b-13392.vcf.gz					GRCh37							unassigned			unavailable		total	analysis_level	463010				all ukb-b traits in the OpenGWAS IGD collection (data/ukb-b/manifest.tsv)	
ukb-b-13401	ukb-b-13401	PCT where patients GP was registered: SOUTHWARK PCT			/local-scratch/data/opengwas/igd/ukb-b-13401/ukb-b-13401.vcf.gz					GRCh37							unassigned			unavailable		total	analysis_level	463010				all ukb-b traits in the OpenGWAS IGD collection (data/ukb-b/manifest.tsv)	
ukb-b-13405	ukb-b-13405	Forced expiratory volume in 1-second (FEV1), predicted percentage			/local-scratch/data/opengwas/igd/ukb-b-13405/ukb-b-13405.vcf.gz					GRCh37							unassigned			unavailable		total	analysis_level	148653				all ukb-b traits in the OpenGWAS IGD collection (data/ukb-b/manifest.tsv)	
ukb-b-13414	ukb-b-13414	Diagnoses - main ICD10: O02.1 Missed abortion			/local-scratch/data/opengwas/igd/ukb-b-13414/ukb-b-13414.vcf.gz					GRCh37							unassigned			unavailable		total	analysis_level	463010				all ukb-b traits in the OpenGWAS IGD collection (data/ukb-b/manifest.tsv)	
ukb-b-13416	ukb-b-13416	6mm weak meridian (right)			/local-scratch/data/opengwas/igd/ukb-b-13416/ukb-b-13416.vcf.gz					GRCh37							unassigned			unavailable		total	analysis_level	84303				all ukb-b traits in the OpenGWAS IGD collection (data/ukb-b/manifest.tsv)	
ukb-b-13417	ukb-b-13417	Treatment/medication code: isosorbide mononitrate			/local-scratch/data/opengwas/igd/ukb-b-13417/ukb-b-13417.vcf.gz					GRCh37							unassigned			unavailable		total	analysis_level	462933				all ukb-b traits in the OpenGWAS IGD collection (data/ukb-b/manifest.tsv)	
ukb-b-13423	ukb-b-13423	Breastfed as a baby			/local-scratch/data/opengwas/igd/ukb-b-13423/ukb-b-13423.vcf.gz					GRCh37							unassigned			unavailable		total	analysis_level	352094				all ukb-b traits in the OpenGWAS IGD collection (data/ukb-b/manifest.tsv)	
ukb-b-13425	ukb-b-13425	Operative procedures - secondary OPCS: V55.3 Greater than two levels of spine			/local-scratch/data/opengwas/igd/ukb-b-13425/ukb-b-13425.vcf.gz					GRCh37							unassigned			unavailable		total	analysis_level	463010				all ukb-b traits in the OpenGWAS IGD collection (data/ukb-b/manifest.tsv)	
ukb-b-13426	ukb-b-13426	Treatment/medication code: irbesartan			/local-scratch/data/opengwas/igd/ukb-b-13426/ukb-b-13426.vcf.gz					GRCh37							unassigned			unavailable		total	analysis_level	462933				all ukb-b traits in the OpenGWAS IGD collection (data/ukb-b/manifest.tsv)	
ukb-b-1343	ukb-b-1343	PCT where patients GP was registered: GEDLING PCT			/local-scratch/data/opengwas/igd/ukb-b-1343/ukb-b-1343.vcf.gz					GRCh37							unassigned			unavailable		total	analysis_level	463010				all ukb-b traits in the OpenGWAS IGD collection (data/ukb-b/manifest.tsv)	
ukb-b-13435	ukb-b-13435	Operation code: maxillo-facial surgery			/local-scratch/data/opengwas/igd/ukb-b-13435/ukb-b-13435.vcf.gz					GRCh37							unassigned			unavailable		total	analysis_level	462933				all ukb-b traits in the OpenGWAS IGD collection (data/ukb-b/manifest.tsv)	
ukb-b-13447	ukb-b-13447	Non-cancer illness code, self-reported: chronic obstructive airways disease/copd			/local-scratch/data/opengwas/igd/ukb-b-13447/ukb-b-13447.vcf.gz					GRCh37							unassigned			unavailable		total	analysis_level	462933				all ukb-b traits in the OpenGWAS IGD collection (data/ukb-b/manifest.tsv)	
ukb-b-13458	ukb-b-13458	PCT where patients GP was registered: BRADFORD AND AIREDALE TEACHING PCT			/local-scratch/data/opengwas/igd/ukb-b-13458/ukb-b-13458.vcf.gz					GRCh37							unassigned			unavailable		total	analysis_level	463010				all ukb-b traits in the OpenGWAS IGD collection (data/ukb-b/manifest.tsv)	
ukb-b-13464	ukb-b-13464	Diagnoses - main ICD10: K62.8 Other specified diseases of anus and rectum			/local-scratch/data/opengwas/igd/ukb-b-13464/ukb-b-13464.vcf.gz					GRCh37							unassigned			unavailable		total	analysis_level	463010				all ukb-b traits in the OpenGWAS IGD collection (data/ukb-b/manifest.tsv)	
ukb-b-13473	ukb-b-13473	PCT where patients GP was registered: MIDDLESBROUGH PCT			/local-scratch/data/opengwas/igd/ukb-b-13473/ukb-b-13473.vcf.gz					GRCh37							unassigned			unavailable		total	analysis_level	463010				all ukb-b traits in the OpenGWAS IGD collection (data/ukb-b/manifest.tsv)	
ukb-b-13478	ukb-b-13478	Treatment/medication code: citalopram			/local-scratch/data/opengwas/igd/ukb-b-13478/ukb-b-13478.vcf.gz					GRCh37							unassigned			unavailable		total	analysis_level	462933				all ukb-b traits in the OpenGWAS IGD collection (data/ukb-b/manifest.tsv)	
ukb-b-13480	ukb-b-13480	Treatment/medication code: food supplement/plant/herbal extract			/local-scratch/data/opengwas/igd/ukb-b-13480/ukb-b-13480.vcf.gz					GRCh37							unassigned			unavailable		total	analysis_level	462933				all ukb-b traits in the OpenGWAS IGD collection (data/ukb-b/manifest.tsv)	
ukb-b-13488	ukb-b-13488	Treatment/medication code: perindopril			/local-scratch/data/opengwas/igd/ukb-b-13488/ukb-b-13488.vcf.gz					GRCh37							unassigned			unavailable		total	analysis_level	462933				all ukb-b traits in the OpenGWAS IGD collection (data/ukb-b/manifest.tsv)	
ukb-b-1350	ukb-b-1350	Main speciality of consultant (recoded): Accident and emergency (A&E)			/local-scratch/data/opengwas/igd/ukb-b-1350/ukb-b-1350.vcf.gz					GRCh37							unassigned			unavailable		total	analysis_level	461251				all ukb-b traits in the OpenGWAS IGD collection (data/ukb-b/manifest.tsv)	
ukb-b-13500	ukb-b-13500	Operative procedures - secondary OPCS: Z27.4 Duodenum			/local-scratch/data/opengwas/igd/ukb-b-13500/ukb-b-13500.vcf.gz					GRCh37							unassigned			unavailable		total	analysis_level	463010				all ukb-b traits in the OpenGWAS IGD collection (data/ukb-b/manifest.tsv)	
ukb-b-13501	ukb-b-13501	Mean signal-to-noise ratio (SNR), (left)			/local-scratch/data/opengwas/igd/ukb-b-13501/ukb-b-13501.vcf.gz					GRCh37							unassigned			unavailable		total	analysis_level	148579				all ukb-b traits in the OpenGWAS IGD collection (data/ukb-b/manifest.tsv)	
ukb-b-13506	ukb-b-13506	3mm weak meridian (right)			/local-scratch/data/opengwas/igd/ukb-b-13506/ukb-b-13506.vcf.gz					GRCh37							unassigned			unavailable		total	analysis_level	96007				all ukb-b traits in the OpenGWAS IGD collection (data/ukb-b/manifest.tsv)	
ukb-b-13513	ukb-b-13513	Non-cancer illness code, self-reported: appendicitis			/local-scratch/data/opengwas/igd/ukb-b-13513/ukb-b-13513.vcf.gz					GRCh37							unassigned			unavailable		total	analysis_level	462933				all ukb-b traits in the OpenGWAS IGD collection (data/ukb-b/manifest.tsv)	
ukb-b-13516	ukb-b-13516	Scotch egg intake			/local-scratch/data/opengwas/igd/ukb-b-13516/ukb-b-13516.vcf.gz					GRCh37							unassigned			unavailable		total	analysis_level	64949				all ukb-b traits in the OpenGWAS IGD collection (data/ukb-b/manifest.tsv)	
ukb-b-13517	ukb-b-13517	Diagnoses - main ICD10: M72.0 Palmar fascial fibromatosis [Dupuytren]			/local-scratch/data/opengwas/igd/ukb-b-13517/ukb-b-13517.vcf.gz					GRCh37							unassigned			unavailable		total	analysis_level	463010				all ukb-b traits in the OpenGWAS IGD collection (data/ukb-b/manifest.tsv)	
ukb-b-13520	ukb-b-13520	Orange intake			/local-scratch/data/opengwas/igd/ukb-b-13520/ukb-b-13520.vcf.gz					GRCh37							unassigned			unavailable		total	analysis_level	64949				all ukb-b traits in the OpenGWAS IGD collection (data/ukb-b/manifest.tsv)	
ukb-b-13525	ukb-b-13525	Diagnoses - secondary ICD10: I34.0 Mitral (valve) insufficiency			/local-scratch/data/opengwas/igd/ukb-b-13525/ukb-b-13525.vcf.gz					GRCh37							unassigned			unavailable		total	analysis_level	463010				all ukb-b traits in the OpenGWAS IGD collection (data/ukb-b/manifest.tsv)	
ukb-b-13532	ukb-b-13532	Non-cancer illness code, self-reported: thyroid problem (not cancer)			/local-scratch/data/opengwas/igd/ukb-b-13532/ukb-b-13532.vcf.gz					GRCh37							unassigned			unavailable		total	analysis_level	462933				all ukb-b traits in the OpenGWAS IGD collection (data/ukb-b/manifest.tsv)	
ukb-b-13535	ukb-b-13535	Non-cancer illness code, self-reported: gestational hypertension/pre-eclampsia			/local-scratch/data/opengwas/igd/ukb-b-13535/ukb-b-13535.vcf.gz					GRCh37							unassigned			unavailable		total	analysis_level	462933				all ukb-b traits in the OpenGWAS IGD collection (data/ukb-b/manifest.tsv)	
ukb-b-13537	ukb-b-13537	Operation code: percutaneous/open kidney stone surgery/lithotripsy			/local-scratch/data/opengwas/igd/ukb-b-13537/ukb-b-13537.vcf.gz					GRCh37							unassigned			unavailable		total	analysis_level	462933				all ukb-b traits in the OpenGWAS IGD collection (data/ukb-b/manifest.tsv)	
ukb-b-13538	ukb-b-13538	6mm weak meridian (left)			/local-scratch/data/opengwas/igd/ukb-b-13538/ukb-b-13538.vcf.gz					GRCh37							unassigned			unavailable		total	analysis_level	83410				all ukb-b traits in the OpenGWAS IGD collection (data/ukb-b/manifest.tsv)	
ukb-b-13545	ukb-b-13545	Cancer code, self-reported: uterine/endometrial cancer			/local-scratch/data/opengwas/igd/ukb-b-13545/ukb-b-13545.vcf.gz					GRCh37							unassigned			unavailable		total	analysis_level	462933				all ukb-b traits in the OpenGWAS IGD collection (data/ukb-b/manifest.tsv)	
ukb-b-1355	ukb-b-1355	Number of diet questionnaires completed			/local-scratch/data/opengwas/igd/ukb-b-1355/ukb-b-1355.vcf.gz					GRCh37							unassigned			unavailable		total	analysis_level	198623				all ukb-b traits in the OpenGWAS IGD collection (data/ukb-b/manifest.tsv)	
ukb-b-13551	ukb-b-13551	Operative procedures - secondary OPCS: X72.1 Delivery of complex chemotherapy for neoplasm including prolonged infusional treatment at first attendance			/local-scratch/data/opengwas/igd/ukb-b-13551/ukb-b-13551.vcf.gz					GRCh37							unassigned			unavailable		total	analysis_level	463010				all ukb-b traits in the OpenGWAS IGD collection (data/ukb-b/manifest.tsv)	
ukb-b-13556	ukb-b-13556	Red wine intake			/local-scratch/data/opengwas/igd/ukb-b-13556/ukb-b-13556.vcf.gz					GRCh37							unassigned			unavailable		total	analysis_level	64949				all ukb-b traits in the OpenGWAS IGD collection (data/ukb-b/manifest.tsv)	
ukb-b-13566	ukb-b-13566	Operative procedures - main OPCS: K63.6 Coronary arteriography NEC			/local-scratch/data/opengwas/igd/ukb-b-13566/ukb-b-13566.vcf.gz					GRCh37							unassigned			unavailable		total	analysis_level	463010				all ukb-b traits in the OpenGWAS IGD collection (data/ukb-b/manifest.tsv)	
ukb-b-13567	ukb-b-13567	Sweetcorn intake			/local-scratch/data/opengwas/igd/ukb-b-13567/ukb-b-13567.vcf.gz					GRCh37							unassigned			unavailable		total	analysis_level	64949				all ukb-b traits in the OpenGWAS IGD collection (data/ukb-b/manifest.tsv)	
ukb-b-13583	ukb-b-13583	Operation code: haemorroidectomy / piles surgery/ banding of piles			/local-scratch/data/opengwas/igd/ukb-b-13583/ukb-b-13583.vcf.gz					GRCh37							unassigned			unavailable		total	analysis_level	462933				all ukb-b traits in the OpenGWAS IGD collection (data/ukb-b/manifest.tsv)	
ukb-b-13584	ukb-b-13584	Illnesses of mother: Breast cancer			/local-scratch/data/opengwas/igd/ukb-b-13584/ukb-b-13584.vcf.gz					GRCh37							unassigned			unavailable		total	analysis_level	423458				all ukb-b traits in the OpenGWAS IGD collection (data/ukb-b/manifest.tsv)	
ukb-b-13607	ukb-b-13607	Operation code: gynaecological surgery			/local-scratch/data/opengwas/igd/ukb-b-13607/ukb-b-13607.vcf.gz					GRCh37							unassigned			unavailable		total	analysis_level	462933				all ukb-b traits in the OpenGWAS IGD collection (data/ukb-b/manifest.tsv)	
ukb-b-13609	ukb-b-13609	Treatment speciality of consultant (recoded): Obstetrics			/local-scratch/data/opengwas/igd/ukb-b-13609/ukb-b-13609.vcf.gz					GRCh37							unassigned			unavailable		total	analysis_level	444675				all ukb-b traits in the OpenGWAS IGD collection (data/ukb-b/manifest.tsv)	
ukb-b-13614	ukb-b-13614	PCT where patients GP was registered: ASHTON, LEIGH AND WIGAN PCT			/local-scratch/data/opengwas/igd/ukb-b-13614/ukb-b-13614.vcf.gz					GRCh37							unassigned			unavailable		total	analysis_level	463010				all ukb-b traits in the OpenGWAS IGD collection (data/ukb-b/manifest.tsv)	
ukb-b-13616	ukb-b-13616	Number of baps with  butter/margarine			/local-scratch/data/opengwas/igd/ukb-b-13616/ukb-b-13616.vcf.gz					GRCh37							unassigned			unavailable		total	analysis_level	64942				all ukb-b traits in the OpenGWAS IGD collection (data/ukb-b/manifest.tsv)	
ukb-b-13624	ukb-b-13624	PCT where patients GP was registered: SANDWELL PCT			/local-scratch/data/opengwas/igd/ukb-b-13624/ukb-b-13624.vcf.gz					GRCh37							unassigned			unavailable		total	analysis_level	463010				all ukb-b traits in the OpenGWAS IGD collection (data/ukb-b/manifest.tsv)	
ukb-b-13639	ukb-b-13639	Operative procedures - main OPCS: H28.9 Unspecified diagnostic endoscopic examination of sigmoid colon using rigid sigmoidoscope			/local-scratch/data/opengwas/igd/ukb-b-13639/ukb-b-13639.vcf.gz					GRCh37							unassigned			unavailable		total	analysis_level	463010				all ukb-b traits in the OpenGWAS IGD collection (data/ukb-b/manifest.tsv)	
ukb-b-13651	ukb-b-13651	Operative procedures - main OPCS: C79.2 Vitrectomy using pars plana approach			/local-scratch/data/opengwas/igd/ukb-b-13651/ukb-b-13651.vcf.gz					GRCh37							unassigned			unavailable		total	analysis_level	463010				all ukb-b traits in the OpenGWAS IGD collection (data/ukb-b/manifest.tsv)	
ukb-b-13653	ukb-b-13653	Worry too long after embarrassment			/local-scratch/data/opengwas/igd/ukb-b-13653/ukb-b-13653.vcf.gz					GRCh37							unassigned			unavailable		total	analysis_level	443918				all ukb-b traits in the OpenGWAS IGD collection (data/ukb-b/manifest.tsv)	
ukb-b-1366	ukb-b-1366	PCT responsible for patient data: SOUTH TYNESIDE PCT			/local-scratch/data/opengwas/igd/ukb-b-1366/ukb-b-1366.vcf.gz					GRCh37							unassigned			unavailable		total	analysis_level	463010				all ukb-b traits in the OpenGWAS IGD collection (data/ukb-b/manifest.tsv)	
ukb-b-13664	ukb-b-13664	Treatment/medication code: rosuvastatin			/local-scratch/data/opengwas/igd/ukb-b-13664/ukb-b-13664.vcf.gz					GRCh37							unassigned			unavailable		total	analysis_level	462933				all ukb-b traits in the OpenGWAS IGD collection (data/ukb-b/manifest.tsv)	
ukb-b-13673	ukb-b-13673	Operative procedures - secondary OPCS: Y82.1 Local anaesthetic nerve block			/local-scratch/data/opengwas/igd/ukb-b-13673/ukb-b-13673.vcf.gz					GRCh37							unassigned			unavailable		total	analysis_level	463010				all ukb-b traits in the OpenGWAS IGD collection (data/ukb-b/manifest.tsv)	
ukb-b-13683	ukb-b-13683	Operative procedures - secondary OPCS: Y58.8 Other specified harvest of skin for graft			/local-scratch/data/opengwas/igd/ukb-b-13683/ukb-b-13683.vcf.gz					GRCh37							unassigned			unavailable		total	analysis_level	463010				all ukb-b traits in the OpenGWAS IGD collection (data/ukb-b/manifest.tsv)	
ukb-b-13686	ukb-b-13686	Mother's age			/local-scratch/data/opengwas/igd/ukb-b-13686/ukb-b-13686.vcf.gz					GRCh37							unassigned			unavailable		total	analysis_level	180094				all ukb-b traits in the OpenGWAS IGD collection (data/ukb-b/manifest.tsv)	
ukb-b-13696	ukb-b-13696	Diagnoses - main ICD10: O04.9 Complete or unspecified, without complication			/local-scratch/data/opengwas/igd/ukb-b-13696/ukb-b-13696.vcf.gz					GRCh37							unassigned			unavailable		total	analysis_level	463010				all ukb-b traits in the OpenGWAS IGD collection (data/ukb-b/manifest.tsv)	
ukb-b-13702	ukb-b-13702	Time spent doing vigorous physical activity			/local-scratch/data/opengwas/igd/ukb-b-13702/ukb-b-13702.vcf.gz					GRCh37							unassigned			unavailable		total	analysis_level	64949				all ukb-b traits in the OpenGWAS IGD collection (data/ukb-b/manifest.tsv)	
ukb-b-13704	ukb-b-13704	Blood clot, DVT, bronchitis, emphysema, asthma, rhinitis, eczema, allergy diagnosed by doctor: Blood clot in the lung			/local-scratch/data/opengwas/igd/ukb-b-13704/ukb-b-13704.vcf.gz					GRCh37							unassigned			unavailable		total	analysis_level	462013				all ukb-b traits in the OpenGWAS IGD collection (data/ukb-b/manifest.tsv)	
ukb-b-13731	ukb-b-13731	Diagnoses - main ICD10: K22.1 Ulcer of oesophagus			/local-scratch/data/opengwas/igd/ukb-b-13731/ukb-b-13731.vcf.gz					GRCh37							unassigned			unavailable		total	analysis_level	463010				all ukb-b traits in the OpenGWAS IGD collection (data/ukb-b/manifest.tsv)	
ukb-b-13743	ukb-b-13743	PCT where patients GP was registered: NOT KNOWN			/local-scratch/data/opengwas/igd/ukb-b-13743/ukb-b-13743.vcf.gz					GRCh37							unassigned			unavailable		total	analysis_level	463010				all ukb-b traits in the OpenGWAS IGD collection (data/ukb-b/manifest.tsv)	
ukb-b-13745	ukb-b-13745	Irritability			/local-scratch/data/opengwas/igd/ukb-b-13745/ukb-b-13745.vcf.gz					GRCh37							unassigned			unavailable		total	analysis_level	442169				all ukb-b traits in the OpenGWAS IGD collection (data/ukb-b/manifest.tsv)	
ukb-b-13764	ukb-b-13764	Long-standing illness, disability or infirmity			/local-scratch/data/opengwas/igd/ukb-b-13764/ukb-b-13764.vcf.gz					GRCh37							unassigned			unavailable		total	analysis_level	451893				all ukb-b traits in the OpenGWAS IGD collection (data/ukb-b/manifest.tsv)	
ukb-b-13770	ukb-b-13770	Diagnoses - secondary ICD10: O70.1 Second degree perineal laceration during delivery			/local-scratch/data/opengwas/igd/ukb-b-13770/ukb-b-13770.vcf.gz					GRCh37							unassigned			unavailable		total	analysis_level	463010				all ukb-b traits in the OpenGWAS IGD collection (data/ukb-b/manifest.tsv)	
ukb-b-13773	ukb-b-13773	Operative procedures - secondary OPCS: Y84.8 Other specified other anaesthetic			/local-scratch/data/opengwas/igd/ukb-b-13773/ukb-b-13773.vcf.gz					GRCh37							unassigned			unavailable		total	analysis_level	463010				all ukb-b traits in the OpenGWAS IGD collection (data/ukb-b/manifest.tsv)	
ukb-b-13775	ukb-b-13775	PCT responsible for patient data: TRAFFORD PCT			/local-scratch/data/opengwas/igd/ukb-b-13775/ukb-b-13775.vcf.gz					GRCh37							unassigned			unavailable		total	analysis_level	463010				all ukb-b traits in the OpenGWAS IGD collection (data/ukb-b/manifest.tsv)	
ukb-b-13782	ukb-b-13782	Diagnoses - secondary ICD10: Z86.7 Personal history of diseases of the circulatory system			/local-scratch/data/opengwas/igd/ukb-b-13782/ukb-b-13782.vcf.gz					GRCh37							unassigned			unavailable		total	analysis_level	463010				all ukb-b traits in the OpenGWAS IGD collection (data/ukb-b/manifest.tsv)	
ukb-b-13799	ukb-b-13799	Qualifications: Other professional qualifications eg: nursing, teaching			/local-scratch/data/opengwas/igd/ukb-b-13799/ukb-b-13799.vcf.gz					GRCh37							unassigned			unavailable		total	analysis_level	458079				all ukb-b traits in the OpenGWAS IGD collection (data/ukb-b/manifest.tsv)	
ukb-b-13803	ukb-b-13803	Operative procedures - main OPCS: J18.3 Total cholecystectomy NEC			/local-scratch/data/opengwas/igd/ukb-b-13803/ukb-b-13803.vcf.gz					GRCh37							unassigned			unavailable		total	analysis_level	463010				all ukb-b traits in the OpenGWAS IGD collection (data/ukb-b/manifest.tsv)	
ukb-b-13806	ukb-b-13806	Non-cancer illness code, self-reported: type 2 diabetes			/local-scratch/data/opengwas/igd/ukb-b-13806/ukb-b-13806.vcf.gz					GRCh37							unassigned			unavailable		total	analysis_level	462933				all ukb-b traits in the OpenGWAS IGD collection (data/ukb-b/manifest.tsv)	
ukb-b-13814	ukb-b-13814	Treatment speciality of consultant (recoded): Ear, nose and throat (ENT)			/local-scratch/data/opengwas/igd/ukb-b-13814/ukb-b-13814.vcf.gz					GRCh37							unassigned			unavailable		total	analysis_level	445121				all ukb-b traits in the OpenGWAS IGD collection (data/ukb-b/manifest.tsv)	
ukb-b-13815	ukb-b-13815	Operation code: ovarian/tubal surgery			/local-scratch/data/opengwas/igd/ukb-b-13815/ukb-b-13815.vcf.gz					GRCh37							unassigned			unavailable		total	analysis_level	462933				all ukb-b traits in the OpenGWAS IGD collection (data/ukb-b/manifest.tsv)	
ukb-b-13823	ukb-b-13823	Time to complete round			/local-scratch/data/opengwas/igd/ukb-b-13823/ukb-b-13823.vcf.gz					GRCh37							unassigned			unavailable		total	analysis_level	454157				all ukb-b traits in the OpenGWAS IGD collection (data/ukb-b/manifest.tsv)	
ukb-b-13824	ukb-b-13824	Gas or solid-fuel cooking/heating: A gas hob or gas cooker			/local-scratch/data/opengwas/igd/ukb-b-13824/ukb-b-13824.vcf.gz					GRCh37							unassigned			unavailable		total	analysis_level	461398				all ukb-b traits in the OpenGWAS IGD collection (data/ukb-b/manifest.tsv)	
ukb-b-13832	ukb-b-13832	Treatment/medication code: co-dydramol			/local-scratch/data/opengwas/igd/ukb-b-13832/ukb-b-13832.vcf.gz					GRCh37							unassigned			unavailable		total	analysis_level	462933				all ukb-b traits in the OpenGWAS IGD collection (data/ukb-b/manifest.tsv)	
ukb-b-13841	ukb-b-13841	Diagnoses - secondary ICD10: Y83.1 Surgical operation with implant of artificial internal device			/local-scratch/data/opengwas/igd/ukb-b-13841/ukb-b-13841.vcf.gz					GRCh37							unassigned			unavailable		total	analysis_level	463010				all ukb-b traits in the OpenGWAS IGD collection (data/ukb-b/manifest.tsv)	
ukb-b-13845	ukb-b-13845	Diagnoses - secondary ICD10: R63.4 Abnormal weight loss			/local-scratch/data/opengwas/igd/ukb-b-13845/ukb-b-13845.vcf.gz					GRCh37							unassigned			unavailable		total	analysis_level	463010				all ukb-b traits in the OpenGWAS IGD collection (data/ukb-b/manifest.tsv)	
ukb-b-1386	ukb-b-1386	Diagnoses - main ICD10: K21.9 Gastro-oesophageal reflux disease without oesophagitis			/local-scratch/data/opengwas/igd/ukb-b-1386/ukb-b-1386.vcf.gz					GRCh37							unassigned			unavailable		total	analysis_level	463010				all ukb-b traits in the OpenGWAS IGD collection (data/ukb-b/manifest.tsv)	
ukb-b-13864	ukb-b-13864	Operative procedures - secondary OPCS: Z27.6 Ileum			/local-scratch/data/opengwas/igd/ukb-b-13864/ukb-b-13864.vcf.gz					GRCh37							unassigned			unavailable		total	analysis_level	463010				all ukb-b traits in the OpenGWAS IGD collection (data/ukb-b/manifest.tsv)	
ukb-b-13883	ukb-b-13883	Non-cancer illness code, self-reported: haemorrhoids / piles			/local-scratch/data/opengwas/igd/ukb-b-13883/ukb-b-13883.vcf.gz					GRCh37							unassigned			unavailable		total	analysis_level	462933				all ukb-b traits in the OpenGWAS IGD collection (data/ukb-b/manifest.tsv)	
ukb-b-13891	ukb-b-13891	Mineral and other dietary supplements: Zinc			/local-scratch/data/opengwas/igd/ukb-b-13891/ukb-b-13891.vcf.gz					GRCh37							unassigned			unavailable		total	analysis_level	461384				all ukb-b traits in the OpenGWAS IGD collection (data/ukb-b/manifest.tsv)	
ukb-b-13896	ukb-b-13896	Type of large bap eaten: white			/local-scratch/data/opengwas/igd/ukb-b-13896/ukb-b-13896.vcf.gz					GRCh37							unassigned			unavailable		total	analysis_level	64949				all ukb-b traits in the OpenGWAS IGD collection (data/ukb-b/manifest.tsv)	
ukb-b-139	ukb-b-139	Other sweets intake			/local-scratch/data/opengwas/igd/ukb-b-139/ukb-b-139.vcf.gz					GRCh37							unassigned			unavailable		total	analysis_level	64949				all ukb-b traits in the OpenGWAS IGD collection (data/ukb-b/manifest.tsv)	
ukb-b-1390	ukb-b-1390	PCT responsible for patient data: BRISTOL PCT			/local-scratch/data/opengwas/igd/ukb-b-1390/ukb-b-1390.vcf.gz					GRCh37							unassigned			unavailable		total	analysis_level	463010				all ukb-b traits in the OpenGWAS IGD collection (data/ukb-b/manifest.tsv)	
ukb-b-13912	ukb-b-13912	PCT where patients GP was registered: HALTON AND ST HELENS PCT			/local-scratch/data/opengwas/igd/ukb-b-13912/ukb-b-13912.vcf.gz					GRCh37							unassigned			unavailable		total	analysis_level	463010				all ukb-b traits in the OpenGWAS IGD collection (data/ukb-b/manifest.tsv)	
ukb-b-1392	ukb-b-1392	Type of cancer: ICD10: C61 Malignant neoplasm of prostate			/local-scratch/data/opengwas/igd/ukb-b-1392/ukb-b-1392.vcf.gz					GRCh37							unassigned			unavailable		total	analysis_level	463010				all ukb-b traits in the OpenGWAS IGD collection (data/ukb-b/manifest.tsv)	
ukb-b-13920	ukb-b-13920	Operative procedures - secondary OPCS: Y81.1 Epidural anaesthetic using lumbar approach			/local-scratch/data/opengwas/igd/ukb-b-13920/ukb-b-13920.vcf.gz					GRCh37							unassigned			unavailable		total	analysis_level	463010				all ukb-b traits in the OpenGWAS IGD collection (data/ukb-b/manifest.tsv)	
ukb-b-13922	ukb-b-13922	Sources of admission to hospital (recoded): Other admission source			/local-scratch/data/opengwas/igd/ukb-b-13922/ukb-b-13922.vcf.gz					GRCh37							unassigned			unavailable		total	analysis_level	461365				all ukb-b traits in the OpenGWAS IGD collection (data/ukb-b/manifest.tsv)	
ukb-b-13932	ukb-b-13932	Duration of vigorous activity			/local-scratch/data/opengwas/igd/ukb-b-13932/ukb-b-13932.vcf.gz					GRCh37							unassigned			unavailable		total	analysis_level	251501				all ukb-b traits in the OpenGWAS IGD collection (data/ukb-b/manifest.tsv)	
ukb-b-13936	ukb-b-13936	Ever tried to stop smoking			/local-scratch/data/opengwas/igd/ukb-b-13936/ukb-b-13936.vcf.gz					GRCh37							unassigned			unavailable		total	analysis_level	35910				all ukb-b traits in the OpenGWAS IGD collection (data/ukb-b/manifest.tsv)	
ukb-b-13952	ukb-b-13952	Illnesses of siblings: Chronic bronchitis/emphysema			/local-scratch/data/opengwas/igd/ukb-b-13952/ukb-b-13952.vcf.gz					GRCh37							unassigned			unavailable		total	analysis_level	361823				all ukb-b traits in the OpenGWAS IGD collection (data/ukb-b/manifest.tsv)	
ukb-b-13978	ukb-b-13978	Average monthly intake of other alcoholic drinks			/local-scratch/data/opengwas/igd/ukb-b-13978/ukb-b-13978.vcf.gz					GRCh37							unassigned			unavailable		total	analysis_level	34317				all ukb-b traits in the OpenGWAS IGD collection (data/ukb-b/manifest.tsv)	
ukb-b-13979	ukb-b-13979	Non-cancer illness code, self-reported: fracture lower leg / ankle			/local-scratch/data/opengwas/igd/ukb-b-13979/ukb-b-13979.vcf.gz					GRCh37							unassigned			unavailable		total	analysis_level	462933				all ukb-b traits in the OpenGWAS IGD collection (data/ukb-b/manifest.tsv)	
ukb-b-13994	ukb-b-13994	PCT where patients GP was registered: NEWCASTLE-UNDER-LYME PCT			/local-scratch/data/opengwas/igd/ukb-b-13994/ukb-b-13994.vcf.gz					GRCh37							unassigned			unavailable		total	analysis_level	463010				all ukb-b traits in the OpenGWAS IGD collection (data/ukb-b/manifest.tsv)	
ukb-b-13998	ukb-b-13998	Diagnoses - secondary ICD10: N84.0 Polyp of corpus uteri			/local-scratch/data/opengwas/igd/ukb-b-13998/ukb-b-13998.vcf.gz					GRCh37							unassigned			unavailable		total	analysis_level	463010				all ukb-b traits in the OpenGWAS IGD collection (data/ukb-b/manifest.tsv)	
ukb-b-14	ukb-b-14	Operative procedures - main OPCS: Q17.1 Endoscopic resection of lesion of uterus			/local-scratch/data/opengwas/igd/ukb-b-14/ukb-b-14.vcf.gz					GRCh37							unassigned			unavailable		total	analysis_level	463010				all ukb-b traits in the OpenGWAS IGD collection (data/ukb-b/manifest.tsv)	
ukb-b-14017	ukb-b-14017	PCT where patients GP was registered: NORTH TYNESIDE PCT			/local-scratch/data/opengwas/igd/ukb-b-14017/ukb-b-14017.vcf.gz					GRCh37							unassigned			unavailable		total	analysis_level	463010				all ukb-b traits in the OpenGWAS IGD collection (data/ukb-b/manifest.tsv)	
ukb-b-14027	ukb-b-14027	Non-cancer illness code, self-reported: chickenpox			/local-scratch/data/opengwas/igd/ukb-b-14027/ukb-b-14027.vcf.gz					GRCh37							unassigned			unavailable		total	analysis_level	462933				all ukb-b traits in the OpenGWAS IGD collection (data/ukb-b/manifest.tsv)	
ukb-b-14037	ukb-b-14037	Treatment/medication code: glucosamine product			/local-scratch/data/opengwas/igd/ukb-b-14037/ukb-b-14037.vcf.gz					GRCh37							unassigned			unavailable		total	analysis_level	462933				all ukb-b traits in the OpenGWAS IGD collection (data/ukb-b/manifest.tsv)	
ukb-b-14043	ukb-b-14043	Illnesses of siblings: Alzheimer's disease/dementia			/local-scratch/data/opengwas/igd/ukb-b-14043/ukb-b-14043.vcf.gz					GRCh37							unassigned			unavailable		total	analysis_level	361264				all ukb-b traits in the OpenGWAS IGD collection (data/ukb-b/manifest.tsv)	
ukb-b-14050	ukb-b-14050	Why reduced smoking: Financial reasons			/local-scratch/data/opengwas/igd/ukb-b-14050/ukb-b-14050.vcf.gz					GRCh37							unassigned			unavailable		total	analysis_level	14951				all ukb-b traits in the OpenGWAS IGD collection (data/ukb-b/manifest.tsv)	
ukb-b-14057	ukb-b-14057	Non-cancer illness code, self-reported: hypertension			/local-scratch/data/opengwas/igd/ukb-b-14057/ukb-b-14057.vcf.gz					GRCh37							unassigned			unavailable		total	analysis_level	462933				all ukb-b traits in the OpenGWAS IGD collection (data/ukb-b/manifest.tsv)	
ukb-b-14067	ukb-b-14067	6mm asymmetry angle (left)			/local-scratch/data/opengwas/igd/ukb-b-14067/ukb-b-14067.vcf.gz					GRCh37							unassigned			unavailable		total	analysis_level	51739				all ukb-b traits in the OpenGWAS IGD collection (data/ukb-b/manifest.tsv)	
ukb-b-14068	ukb-b-14068	Impedance of leg (left)			/local-scratch/data/opengwas/igd/ukb-b-14068/ukb-b-14068.vcf.gz					GRCh37							unassigned			unavailable		total	analysis_level	454857				all ukb-b traits in the OpenGWAS IGD collection (data/ukb-b/manifest.tsv)	
ukb-b-14070	ukb-b-14070	Medication for cholesterol, blood pressure, diabetes, or take exogenous hormones: Insulin			/local-scratch/data/opengwas/igd/ukb-b-14070/ukb-b-14070.vcf.gz					GRCh37							unassigned			unavailable		total	analysis_level	249710				all ukb-b traits in the OpenGWAS IGD collection (data/ukb-b/manifest.tsv)	
ukb-b-14080	ukb-b-14080	Current employment status: Unable to work because of sickness or disability			/local-scratch/data/opengwas/igd/ukb-b-14080/ukb-b-14080.vcf.gz					GRCh37							unassigned			unavailable		total	analysis_level	461242				all ukb-b traits in the OpenGWAS IGD collection (data/ukb-b/manifest.tsv)	
ukb-b-14085	ukb-b-14085	PCT where patients GP was registered: BERKSHIRE WEST PCT			/local-scratch/data/opengwas/igd/ukb-b-14085/ukb-b-14085.vcf.gz					GRCh37							unassigned			unavailable		total	analysis_level	463010				all ukb-b traits in the OpenGWAS IGD collection (data/ukb-b/manifest.tsv)	
ukb-b-14086	ukb-b-14086	Diagnoses - main ICD10: N93.8 Other specified abnormal uterine and vaginal bleeding			/local-scratch/data/opengwas/igd/ukb-b-14086/ukb-b-14086.vcf.gz					GRCh37							unassigned			unavailable		total	analysis_level	463010				all ukb-b traits in the OpenGWAS IGD collection (data/ukb-b/manifest.tsv)	
ukb-b-14108	ukb-b-14108	Type of special diet followed: Other			/local-scratch/data/opengwas/igd/ukb-b-14108/ukb-b-14108.vcf.gz					GRCh37							unassigned			unavailable		total	analysis_level	64949				all ukb-b traits in the OpenGWAS IGD collection (data/ukb-b/manifest.tsv)	
ukb-b-14116	ukb-b-14116	PCT where patients GP was registered: BATH AND NORTH EAST SOMERSET PCT			/local-scratch/data/opengwas/igd/ukb-b-14116/ukb-b-14116.vcf.gz					GRCh37							unassigned			unavailable		total	analysis_level	463010				all ukb-b traits in the OpenGWAS IGD collection (data/ukb-b/manifest.tsv)	
ukb-b-14145	ukb-b-14145	Celery intake			/local-scratch/data/opengwas/igd/ukb-b-14145/ukb-b-14145.vcf.gz					GRCh37							unassigned			unavailable		total	analysis_level	64949				all ukb-b traits in the OpenGWAS IGD collection (data/ukb-b/manifest.tsv)	
ukb-b-14146	ukb-b-14146	Intra-ocular pressure, Goldmann-correlated (right)			/local-scratch/data/opengwas/igd/ukb-b-14146/ukb-b-14146.vcf.gz					GRCh37							unassigned			unavailable		total	analysis_level	97653				all ukb-b traits in the OpenGWAS IGD collection (data/ukb-b/manifest.tsv)	
ukb-b-14147	ukb-b-14147	Risk taking			/local-scratch/data/opengwas/igd/ukb-b-14147/ukb-b-14147.vcf.gz					GRCh37							unassigned			unavailable		total	analysis_level	446279				all ukb-b traits in the OpenGWAS IGD collection (data/ukb-b/manifest.tsv)	
ukb-b-14148	ukb-b-14148	Operative procedures - secondary OPCS: Y80.1 Inhalation anaesthetic using muscle relaxant			/local-scratch/data/opengwas/igd/ukb-b-14148/ukb-b-14148.vcf.gz					GRCh37							unassigned			unavailable		total	analysis_level	463010				all ukb-b traits in the OpenGWAS IGD collection (data/ukb-b/manifest.tsv)	
ukb-b-14149	ukb-b-14149	Able to walk or cycle unaided for 10 minutes			/local-scratch/data/opengwas/igd/ukb-b-14149/ukb-b-14149.vcf.gz					GRCh37							unassigned			unavailable		total	analysis_level	69537				all ukb-b traits in the OpenGWAS IGD collection (data/ukb-b/manifest.tsv)	
ukb-b-14157	ukb-b-14157	Operative procedures - main OPCS: W28.3 Removal of internal fixation from bone NEC			/local-scratch/data/opengwas/igd/ukb-b-14157/ukb-b-14157.vcf.gz					GRCh37							unassigned			unavailable		total	analysis_level	463010				all ukb-b traits in the OpenGWAS IGD collection (data/ukb-b/manifest.tsv)	
ukb-b-14162	ukb-b-14162	PCT where patients GP was registered: KIRKLEES PCT			/local-scratch/data/opengwas/igd/ukb-b-14162/ukb-b-14162.vcf.gz					GRCh37							unassigned			unavailable		total	analysis_level	463010				all ukb-b traits in the OpenGWAS IGD collection (data/ukb-b/manifest.tsv)	
ukb-b-14166	ukb-b-14166	Battered fish intake			/local-scratch/data/opengwas/igd/ukb-b-14166/ukb-b-14166.vcf.gz					GRCh37							unassigned			unavailable		total	analysis_level	64944				all ukb-b traits in the OpenGWAS IGD collection (data/ukb-b/manifest.tsv)	
ukb-b-14171	ukb-b-14171	Cottage cheese intake			/local-scratch/data/opengwas/igd/ukb-b-14171/ukb-b-14171.vcf.gz					GRCh37							unassigned			unavailable		total	analysis_level	64949				all ukb-b traits in the OpenGWAS IGD collection (data/ukb-b/manifest.tsv)	
ukb-b-14177	ukb-b-14177	Vascular/heart problems diagnosed by doctor: High blood pressure			/local-scratch/data/opengwas/igd/ukb-b-14177/ukb-b-14177.vcf.gz					GRCh37							unassigned			unavailable		total	analysis_level	461880				all ukb-b traits in the OpenGWAS IGD collection (data/ukb-b/manifest.tsv)	
ukb-b-14179	ukb-b-14179	Lamb/mutton intake			/local-scratch/data/opengwas/igd/ukb-b-14179/ukb-b-14179.vcf.gz					GRCh37							unassigned			unavailable		total	analysis_level	460006				all ukb-b traits in the OpenGWAS IGD collection (data/ukb-b/manifest.tsv)	
ukb-b-1418	ukb-b-1418	Diagnoses - main ICD10: M75.4 Impingement syndrome of shoulder			/local-scratch/data/opengwas/igd/ukb-b-1418/ukb-b-1418.vcf.gz					GRCh37							unassigned			unavailable		total	analysis_level	463010				all ukb-b traits in the OpenGWAS IGD collection (data/ukb-b/manifest.tsv)	
ukb-b-14180	ukb-b-14180	Mood swings			/local-scratch/data/opengwas/igd/ukb-b-14180/ukb-b-14180.vcf.gz					GRCh37							unassigned			unavailable		total	analysis_level	451619				all ukb-b traits in the OpenGWAS IGD collection (data/ukb-b/manifest.tsv)	
ukb-b-14181	ukb-b-14181	PCT where patients GP was registered: NORTH SOMERSET PCT			/local-scratch/data/opengwas/igd/ukb-b-14181/ukb-b-14181.vcf.gz					GRCh37							unassigned			unavailable		total	analysis_level	463010				all ukb-b traits in the OpenGWAS IGD collection (data/ukb-b/manifest.tsv)	
ukb-b-14182	ukb-b-14182	Plum intake			/local-scratch/data/opengwas/igd/ukb-b-14182/ukb-b-14182.vcf.gz					GRCh37							unassigned			unavailable		total	analysis_level	64949				all ukb-b traits in the OpenGWAS IGD collection (data/ukb-b/manifest.tsv)	
ukb-b-14189	ukb-b-14189	PCT responsible for patient data: EAST LANCASHIRE TEACHING PCT			/local-scratch/data/opengwas/igd/ukb-b-14189/ukb-b-14189.vcf.gz					GRCh37							unassigned			unavailable		total	analysis_level	463010				all ukb-b traits in the OpenGWAS IGD collection (data/ukb-b/manifest.tsv)	
ukb-b-1419	ukb-b-1419	Frequency of unenthusiasm / disinterest in last 2 weeks			/local-scratch/data/opengwas/igd/ukb-b-1419/ukb-b-1419.vcf.gz					GRCh37							unassigned			unavailable		total	analysis_level	447403				all ukb-b traits in the OpenGWAS IGD collection (data/ukb-b/manifest.tsv)	
ukb-b-14203	ukb-b-14203	Hot drink temperature			/local-scratch/data/opengwas/igd/ukb-b-14203/ukb-b-14203.vcf.gz					GRCh37							unassigned			unavailable		total	analysis_level	457873				all ukb-b traits in the OpenGWAS IGD collection (data/ukb-b/manifest.tsv)	
ukb-b-14206	ukb-b-14206	Diagnoses - main ICD10: I20.9 Angina pectoris, unspecified			/local-scratch/data/opengwas/igd/ukb-b-14206/ukb-b-14206.vcf.gz					GRCh37							unassigned			unavailable		total	analysis_level	463010				all ukb-b traits in the OpenGWAS IGD collection (data/ukb-b/manifest.tsv)	
ukb-b-14210	ukb-b-14210	Non-cancer illness code, self-reported: rectal or colon adenoma/polyps			/local-scratch/data/opengwas/igd/ukb-b-14210/ukb-b-14210.vcf.gz					GRCh37							unassigned			unavailable		total	analysis_level	462933				all ukb-b traits in the OpenGWAS IGD collection (data/ukb-b/manifest.tsv)	
ukb-b-14211	ukb-b-14211	Non-cancer illness code, self-reported: other neurological problem			/local-scratch/data/opengwas/igd/ukb-b-14211/ukb-b-14211.vcf.gz					GRCh37							unassigned			unavailable		total	analysis_level	462933				all ukb-b traits in the OpenGWAS IGD collection (data/ukb-b/manifest.tsv)	
ukb-b-14238	ukb-b-14238	Mineral and other dietary supplements: None of the above			/local-scratch/data/opengwas/igd/ukb-b-14238/ukb-b-14238.vcf.gz					GRCh37							unassigned			unavailable		total	analysis_level	461384				all ukb-b traits in the OpenGWAS IGD collection (data/ukb-b/manifest.tsv)	
ukb-b-1425	ukb-b-1425	Treatment/medication code: ginkgo forte tablet			/local-scratch/data/opengwas/igd/ukb-b-1425/ukb-b-1425.vcf.gz					GRCh37							unassigned			unavailable		total	analysis_level	462933				all ukb-b traits in the OpenGWAS IGD collection (data/ukb-b/manifest.tsv)	
ukb-b-14254	ukb-b-14254	Tinnitus severity/nuisance			/local-scratch/data/opengwas/igd/ukb-b-14254/ukb-b-14254.vcf.gz					GRCh37							unassigned			unavailable		total	analysis_level	43349				all ukb-b traits in the OpenGWAS IGD collection (data/ukb-b/manifest.tsv)	
ukb-b-14257	ukb-b-14257	Diagnoses - secondary ICD10: X59.9 Unspecified place			/local-scratch/data/opengwas/igd/ukb-b-14257/ukb-b-14257.vcf.gz					GRCh37							unassigned			unavailable		total	analysis_level	463010				all ukb-b traits in the OpenGWAS IGD collection (data/ukb-b/manifest.tsv)	
ukb-b-14262	ukb-b-14262	PCT where patients GP was registered: HAMPSHIRE PCT			/local-scratch/data/opengwas/igd/ukb-b-14262/ukb-b-14262.vcf.gz					GRCh37							unassigned			unavailable		total	analysis_level	463010				all ukb-b traits in the OpenGWAS IGD collection (data/ukb-b/manifest.tsv)	
ukb-b-14280	ukb-b-14280	How are people in household related to participant: Son and/or daughter (include step-children)			/local-scratch/data/opengwas/igd/ukb-b-14280/ukb-b-14280.vcf.gz					GRCh37							unassigned			unavailable		total	analysis_level	459600				all ukb-b traits in the OpenGWAS IGD collection (data/ukb-b/manifest.tsv)	
ukb-b-14282	ukb-b-14282	PCT where patients GP was registered: EAST LEEDS PCT			/local-scratch/data/opengwas/igd/ukb-b-14282/ukb-b-14282.vcf.gz					GRCh37							unassigned			unavailable		total	analysis_level	463010				all ukb-b traits in the OpenGWAS IGD collection (data/ukb-b/manifest.tsv)	
ukb-b-14285	ukb-b-14285	Types of spreads/sauces consumed: White/cream sauce			/local-scratch/data/opengwas/igd/ukb-b-14285/ukb-b-14285.vcf.gz					GRCh37							unassigned			unavailable		total	analysis_level	64949				all ukb-b traits in the OpenGWAS IGD collection (data/ukb-b/manifest.tsv)	
ukb-b-14294	ukb-b-14294	Invitation to complete online 24-hour recall dietary questionnaire, acceptance			/local-scratch/data/opengwas/igd/ukb-b-14294/ukb-b-14294.vcf.gz					GRCh37							unassigned			unavailable		total	analysis_level	278328				all ukb-b traits in the OpenGWAS IGD collection (data/ukb-b/manifest.tsv)	
ukb-b-143	ukb-b-143	Shellfish intake			/local-scratch/data/opengwas/igd/ukb-b-143/ukb-b-143.vcf.gz					GRCh37							unassigned			unavailable		total	analysis_level	64939				all ukb-b traits in the OpenGWAS IGD collection (data/ukb-b/manifest.tsv)	
ukb-b-14303	ukb-b-14303	Values entered			/local-scratch/data/opengwas/igd/ukb-b-14303/ukb-b-14303.vcf.gz					GRCh37							unassigned			unavailable		total	analysis_level	113410				all ukb-b traits in the OpenGWAS IGD collection (data/ukb-b/manifest.tsv)	
ukb-b-14305	ukb-b-14305	PCT where patients GP was registered: SURREY PCT			/local-scratch/data/opengwas/igd/ukb-b-14305/ukb-b-14305.vcf.gz					GRCh37							unassigned			unavailable		total	analysis_level	463010				all ukb-b traits in the OpenGWAS IGD collection (data/ukb-b/manifest.tsv)	
ukb-b-1431	ukb-b-1431	Place of birth in UK - north co-ordinate			/local-scratch/data/opengwas/igd/ukb-b-1431/ukb-b-1431.vcf.gz					GRCh37							unassigned			unavailable		total	analysis_level	434576				all ukb-b traits in the OpenGWAS IGD collection (data/ukb-b/manifest.tsv)	
ukb-b-14310	ukb-b-14310	Leg predicted mass (right)			/local-scratch/data/opengwas/igd/ukb-b-14310/ukb-b-14310.vcf.gz					GRCh37							unassigned			unavailable		total	analysis_level	454834				all ukb-b traits in the OpenGWAS IGD collection (data/ukb-b/manifest.tsv)	
ukb-b-14315	ukb-b-14315	Treatment/medication code: nicorandil			/local-scratch/data/opengwas/igd/ukb-b-14315/ukb-b-14315.vcf.gz					GRCh37							unassigned			unavailable		total	analysis_level	462933				all ukb-b traits in the OpenGWAS IGD collection (data/ukb-b/manifest.tsv)	
ukb-b-14322	ukb-b-14322	PCT where patients GP was registered: BARNSLEY PCT			/local-scratch/data/opengwas/igd/ukb-b-14322/ukb-b-14322.vcf.gz					GRCh37							unassigned			unavailable		total	analysis_level	463010				all ukb-b traits in the OpenGWAS IGD collection (data/ukb-b/manifest.tsv)	
ukb-b-14339	ukb-b-14339	Operation code: rhinoplasty / nose surgery			/local-scratch/data/opengwas/igd/ukb-b-14339/ukb-b-14339.vcf.gz					GRCh37							unassigned			unavailable		total	analysis_level	462933				all ukb-b traits in the OpenGWAS IGD collection (data/ukb-b/manifest.tsv)	
ukb-b-14342	ukb-b-14342	Sources of admission to hospital (recoded): Usual Place of residence: Living alone			/local-scratch/data/opengwas/igd/ukb-b-14342/ukb-b-14342.vcf.gz					GRCh37							unassigned			unavailable		total	analysis_level	461374				all ukb-b traits in the OpenGWAS IGD collection (data/ukb-b/manifest.tsv)	
ukb-b-14351	ukb-b-14351	Grapefruit juice intake			/local-scratch/data/opengwas/igd/ukb-b-14351/ukb-b-14351.vcf.gz					GRCh37							unassigned			unavailable		total	analysis_level	64943				all ukb-b traits in the OpenGWAS IGD collection (data/ukb-b/manifest.tsv)	
ukb-b-14356	ukb-b-14356	Non-cancer illness code, self-reported: bone disorder			/local-scratch/data/opengwas/igd/ukb-b-14356/ukb-b-14356.vcf.gz					GRCh37							unassigned			unavailable		total	analysis_level	462933				all ukb-b traits in the OpenGWAS IGD collection (data/ukb-b/manifest.tsv)	
ukb-b-14360	ukb-b-14360	Time to answer			/local-scratch/data/opengwas/igd/ukb-b-14360/ukb-b-14360.vcf.gz					GRCh37							unassigned			unavailable		total	analysis_level	152605				all ukb-b traits in the OpenGWAS IGD collection (data/ukb-b/manifest.tsv)	
ukb-b-14371	ukb-b-14371	Illnesses of siblings: Heart disease			/local-scratch/data/opengwas/igd/ukb-b-14371/ukb-b-14371.vcf.gz					GRCh37							unassigned			unavailable		total	analysis_level	363542				all ukb-b traits in the OpenGWAS IGD collection (data/ukb-b/manifest.tsv)	
ukb-b-14372	ukb-b-14372	Operative procedures - main OPCS: G45.9 Unspecified diagnostic fibreoptic endoscopic examination of upper gastrointestinal tract			/local-scratch/data/opengwas/igd/ukb-b-14372/ukb-b-14372.vcf.gz					GRCh37							unassigned			unavailable		total	analysis_level	463010				all ukb-b traits in the OpenGWAS IGD collection (data/ukb-b/manifest.tsv)	
ukb-b-14381	ukb-b-14381	Type of baguette eaten: mixed			/local-scratch/data/opengwas/igd/ukb-b-14381/ukb-b-14381.vcf.gz					GRCh37							unassigned			unavailable		total	analysis_level	64949				all ukb-b traits in the OpenGWAS IGD collection (data/ukb-b/manifest.tsv)	
ukb-b-14395	ukb-b-14395	Medication for cholesterol, blood pressure or diabetes: Blood pressure medication			/local-scratch/data/opengwas/igd/ukb-b-14395/ukb-b-14395.vcf.gz					GRCh37							unassigned			unavailable		total	analysis_level	209638				all ukb-b traits in the OpenGWAS IGD collection (data/ukb-b/manifest.tsv)	
ukb-b-14396	ukb-b-14396	Operative procedures - main OPCS: X99.9 Not known (procedure performed)			/local-scratch/data/opengwas/igd/ukb-b-14396/ukb-b-14396.vcf.gz					GRCh37							unassigned			unavailable		total	analysis_level	463010				all ukb-b traits in the OpenGWAS IGD collection (data/ukb-b/manifest.tsv)	
ukb-b-1440	ukb-b-1440	Operative procedures - secondary OPCS: H28.9 Unspecified diagnostic endoscopic examination of sigmoid colon using rigid sigmoidoscope			/local-scratch/data/opengwas/igd/ukb-b-1440/ukb-b-1440.vcf.gz					GRCh37							unassigned			unavailable		total	analysis_level	463010				all ukb-b traits in the OpenGWAS IGD collection (data/ukb-b/manifest.tsv)	
ukb-b-14416	ukb-b-14416	Diagnoses - main ICD10: I84.1 Internal haemorrhoids with other complications			/local-scratch/data/opengwas/igd/ukb-b-14416/ukb-b-14416.vcf.gz					GRCh37							unassigned			unavailable		total	analysis_level	463010				all ukb-b traits in the OpenGWAS IGD collection (data/ukb-b/manifest.tsv)	
ukb-b-14417	ukb-b-14417	Heating type(s) in home: None of the above			/local-scratch/data/opengwas/igd/ukb-b-14417/ukb-b-14417.vcf.gz					GRCh37							unassigned			unavailable		total	analysis_level	152863				all ukb-b traits in the OpenGWAS IGD collection (data/ukb-b/manifest.tsv)	
ukb-b-14422	ukb-b-14422	Operative procedures - main OPCS: L85.1 Ligation of long saphenous vein			/local-scratch/data/opengwas/igd/ukb-b-14422/ukb-b-14422.vcf.gz					GRCh37							unassigned			unavailable		total	analysis_level	463010				all ukb-b traits in the OpenGWAS IGD collection (data/ukb-b/manifest.tsv)	
ukb-b-14425	ukb-b-14425	Vegetarian alternatives intake			/local-scratch/data/opengwas/igd/ukb-b-14425/ukb-b-14425.vcf.gz					GRCh37							unassigned			unavailable		total	analysis_level	64949				all ukb-b traits in the OpenGWAS IGD collection (data/ukb-b/manifest.tsv)	
ukb-b-14429	ukb-b-14429	Diagnoses - secondary ICD10: K57.9 Diverticular disease of intestine, part unspecified, without perforation or abscess			/local-scratch/data/opengwas/igd/ukb-b-14429/ukb-b-14429.vcf.gz					GRCh37							unassigned			unavailable		total	analysis_level	463010				all ukb-b traits in the OpenGWAS IGD collection (data/ukb-b/manifest.tsv)	
ukb-b-14436	ukb-b-14436	Diagnoses - main ICD10: L72.9 Follicular cyst of skin and subcutaneous tissue, unspecified			/local-scratch/data/opengwas/igd/ukb-b-14436/ukb-b-14436.vcf.gz					GRCh37							unassigned			unavailable		total	analysis_level	463010				all ukb-b traits in the OpenGWAS IGD collection (data/ukb-b/manifest.tsv)	
ukb-b-14444	ukb-b-14444	Egg consumers			/local-scratch/data/opengwas/igd/ukb-b-14444/ukb-b-14444.vcf.gz					GRCh37							unassigned			unavailable		total	analysis_level	64949				all ukb-b traits in the OpenGWAS IGD collection (data/ukb-b/manifest.tsv)	
ukb-b-14446	ukb-b-14446	Diagnoses - secondary ICD10: Z92.3 Personal history of irradiation			/local-scratch/data/opengwas/igd/ukb-b-14446/ukb-b-14446.vcf.gz					GRCh37							unassigned			unavailable		total	analysis_level	463010				all ukb-b traits in the OpenGWAS IGD collection (data/ukb-b/manifest.tsv)	
ukb-b-14449	ukb-b-14449	Index of best refractometry result (left)			/local-scratch/data/opengwas/igd/ukb-b-14449/ukb-b-14449.vcf.gz					GRCh37							unassigned			unavailable		total	analysis_level	99063				all ukb-b traits in the OpenGWAS IGD collection (data/ukb-b/manifest.tsv)	
ukb-b-14452	ukb-b-14452	Non-cancer illness code, self-reported: inguinal hernia			/local-scratch/data/opengwas/igd/ukb-b-14452/ukb-b-14452.vcf.gz					GRCh37							unassigned			unavailable		total	analysis_level	462933				all ukb-b traits in the OpenGWAS IGD collection (data/ukb-b/manifest.tsv)	
ukb-b-14461	ukb-b-14461	Maximum heart rate during fitness test			/local-scratch/data/opengwas/igd/ukb-b-14461/ukb-b-14461.vcf.gz					GRCh37							unassigned			unavailable		total	analysis_level	68409				all ukb-b traits in the OpenGWAS IGD collection (data/ukb-b/manifest.tsv)	
ukb-b-14475	ukb-b-14475	Treatment/medication code: viscotears liquid eye gel			/local-scratch/data/opengwas/igd/ukb-b-14475/ukb-b-14475.vcf.gz					GRCh37							unassigned			unavailable		total	analysis_level	462933				all ukb-b traits in the OpenGWAS IGD collection (data/ukb-b/manifest.tsv)	
ukb-b-14479	ukb-b-14479	Diagnoses - main ICD10: Z09.8 Follow-up examination after other treatment for other conditions			/local-scratch/data/opengwas/igd/ukb-b-14479/ukb-b-14479.vcf.gz					GRCh37							unassigned			unavailable		total	analysis_level	463010				all ukb-b traits in the OpenGWAS IGD collection (data/ukb-b/manifest.tsv)	
ukb-b-14486	ukb-b-14486	Non-cancer illness code, self-reported: osteoarthritis			/local-scratch/data/opengwas/igd/ukb-b-14486/ukb-b-14486.vcf.gz					GRCh37							unassigned			unavailable		total	analysis_level	462933				all ukb-b traits in the OpenGWAS IGD collection (data/ukb-b/manifest.tsv)	
ukb-b-14505	ukb-b-14505	Mozzarella intake			/local-scratch/data/opengwas/igd/ukb-b-14505/ukb-b-14505.vcf.gz					GRCh37							unassigned			unavailable		total	analysis_level	64949				all ukb-b traits in the OpenGWAS IGD collection (data/ukb-b/manifest.tsv)	
ukb-b-14516	ukb-b-14516	FI1 : numeric addition test			/local-scratch/data/opengwas/igd/ukb-b-14516/ukb-b-14516.vcf.gz					GRCh37							unassigned			unavailable		total	analysis_level	146831				all ukb-b traits in the OpenGWAS IGD collection (data/ukb-b/manifest.tsv)	
ukb-b-14518	ukb-b-14518	Vitamin and/or mineral supplement use: Vitamin E			/local-scratch/data/opengwas/igd/ukb-b-14518/ukb-b-14518.vcf.gz					GRCh37							unassigned			unavailable		total	analysis_level	64949				all ukb-b traits in the OpenGWAS IGD collection (data/ukb-b/manifest.tsv)	
ukb-b-14521	ukb-b-14521	Illnesses of father: Lung cancer			/local-scratch/data/opengwas/igd/ukb-b-14521/ukb-b-14521.vcf.gz					GRCh37							unassigned			unavailable		total	analysis_level	401624				all ukb-b traits in the OpenGWAS IGD collection (data/ukb-b/manifest.tsv)	
ukb-b-14525	ukb-b-14525	Sources of admission to hospital (recoded): Transfer to other NHS provider: General ward, young physically disabled, A&E			/local-scratch/data/opengwas/igd/ukb-b-14525/ukb-b-14525.vcf.gz					GRCh37							unassigned			unavailable		total	analysis_level	461491				all ukb-b traits in the OpenGWAS IGD collection (data/ukb-b/manifest.tsv)	
ukb-b-14540	ukb-b-14540	Whole body water mass			/local-scratch/data/opengwas/igd/ukb-b-14540/ukb-b-14540.vcf.gz					GRCh37							unassigned			unavailable		total	analysis_level	454888				all ukb-b traits in the OpenGWAS IGD collection (data/ukb-b/manifest.tsv)	
ukb-b-14541	ukb-b-14541	Diagnoses - main ICD10: K42.9 Umbilical hernia without obstruction or gangrene			/local-scratch/data/opengwas/igd/ukb-b-14541/ukb-b-14541.vcf.gz					GRCh37							unassigned			unavailable		total	analysis_level	463010				all ukb-b traits in the OpenGWAS IGD collection (data/ukb-b/manifest.tsv)	
ukb-b-14547	ukb-b-14547	Operative procedures - secondary OPCS: H25.9 Unspecified diagnostic endoscopic examination of lower bowel using fibreoptic sigmoidoscope			/local-scratch/data/opengwas/igd/ukb-b-14547/ukb-b-14547.vcf.gz					GRCh37							unassigned			unavailable		total	analysis_level	463010				all ukb-b traits in the OpenGWAS IGD collection (data/ukb-b/manifest.tsv)	
ukb-b-14560	ukb-b-14560	Sources of admission to hospital (recoded): Transfer to other NHS provider			/local-scratch/data/opengwas/igd/ukb-b-14560/ukb-b-14560.vcf.gz					GRCh37							unassigned			unavailable		total	analysis_level	461371				all ukb-b traits in the OpenGWAS IGD collection (data/ukb-b/manifest.tsv)	
ukb-b-14576	ukb-b-14576	Wears glasses or contact lenses			/local-scratch/data/opengwas/igd/ukb-b-14576/ukb-b-14576.vcf.gz					GRCh37							unassigned			unavailable		total	analysis_level	462254				all ukb-b traits in the OpenGWAS IGD collection (data/ukb-b/manifest.tsv)	
ukb-b-14598	ukb-b-14598	Intended management of patient (recoded): No overnight hospital stay			/local-scratch/data/opengwas/igd/ukb-b-14598/ukb-b-14598.vcf.gz					GRCh37							unassigned			unavailable		total	analysis_level	455026				all ukb-b traits in the OpenGWAS IGD collection (data/ukb-b/manifest.tsv)	
ukb-b-14603	ukb-b-14603	Diagnoses - main ICD10: R07.3 Other chest pain			/local-scratch/data/opengwas/igd/ukb-b-14603/ukb-b-14603.vcf.gz					GRCh37							unassigned			unavailable		total	analysis_level	463010				all ukb-b traits in the OpenGWAS IGD collection (data/ukb-b/manifest.tsv)	
ukb-b-14609	ukb-b-14609	Treatment/medication code: metformin			/local-scratch/data/opengwas/igd/ukb-b-14609/ukb-b-14609.vcf.gz					GRCh37							unassigned			unavailable		total	analysis_level	462933				all ukb-b traits in the OpenGWAS IGD collection (data/ukb-b/manifest.tsv)	
ukb-b-14615	ukb-b-14615	Operative procedures - secondary OPCS: Z27.3 Pylorus			/local-scratch/data/opengwas/igd/ukb-b-14615/ukb-b-14615.vcf.gz					GRCh37							unassigned			unavailable		total	analysis_level	463010				all ukb-b traits in the OpenGWAS IGD collection (data/ukb-b/manifest.tsv)	
ukb-b-14624	ukb-b-14624	Illness, injury, bereavement, stress in last 2 years: Marital separation/divorce			/local-scratch/data/opengwas/igd/ukb-b-14624/ukb-b-14624.vcf.gz					GRCh37							unassigned			unavailable		total	analysis_level	459742				all ukb-b traits in the OpenGWAS IGD collection (data/ukb-b/manifest.tsv)	
ukb-b-14632	ukb-b-14632	Operative procedures - main OPCS: T20.9 Unspecified primary repair of inguinal hernia			/local-scratch/data/opengwas/igd/ukb-b-14632/ukb-b-14632.vcf.gz					GRCh37							unassigned			unavailable		total	analysis_level	463010				all ukb-b traits in the OpenGWAS IGD collection (data/ukb-b/manifest.tsv)	
ukb-b-14639	ukb-b-14639	Operative procedures - secondary OPCS: Y44.2 Monitoring of pressure in organ NOC			/local-scratch/data/opengwas/igd/ukb-b-14639/ukb-b-14639.vcf.gz					GRCh37							unassigned			unavailable		total	analysis_level	463010				all ukb-b traits in the OpenGWAS IGD collection (data/ukb-b/manifest.tsv)	
ukb-b-1464	ukb-b-1464	Number of depression episodes			/local-scratch/data/opengwas/igd/ukb-b-1464/ukb-b-1464.vcf.gz					GRCh37							unassigned			unavailable		total	analysis_level	58290				all ukb-b traits in the OpenGWAS IGD collection (data/ukb-b/manifest.tsv)	
ukb-b-14640	ukb-b-14640	Type of meals eaten: Takeaway meals			/local-scratch/data/opengwas/igd/ukb-b-14640/ukb-b-14640.vcf.gz					GRCh37							unassigned			unavailable		total	analysis_level	64949				all ukb-b traits in the OpenGWAS IGD collection (data/ukb-b/manifest.tsv)	
ukb-b-14649	ukb-b-14649	Invitation to physical activity study, acceptance			/local-scratch/data/opengwas/igd/ukb-b-14649/ukb-b-14649.vcf.gz					GRCh37							unassigned			unavailable		total	analysis_level	221015				all ukb-b traits in the OpenGWAS IGD collection (data/ukb-b/manifest.tsv)	
ukb-b-14654	ukb-b-14654	PCT where patients GP was registered: ROCHDALE PCT			/local-scratch/data/opengwas/igd/ukb-b-14654/ukb-b-14654.vcf.gz					GRCh37							unassigned			unavailable		total	analysis_level	463010				all ukb-b traits in the OpenGWAS IGD collection (data/ukb-b/manifest.tsv)	
ukb-b-14664	ukb-b-14664	3mm strong meridian (left)			/local-scratch/data/opengwas/igd/ukb-b-14664/ukb-b-14664.vcf.gz					GRCh37							unassigned			unavailable		total	analysis_level	95998				all ukb-b traits in the OpenGWAS IGD collection (data/ukb-b/manifest.tsv)	
ukb-b-14670	ukb-b-14670	Cylindrical power (left)			/local-scratch/data/opengwas/igd/ukb-b-14670/ukb-b-14670.vcf.gz					GRCh37							unassigned			unavailable		total	analysis_level	99071				all ukb-b traits in the OpenGWAS IGD collection (data/ukb-b/manifest.tsv)	
ukb-b-14674	ukb-b-14674	Diagnoses - main ICD10: N92.6 Irregular menstruation, unspecified			/local-scratch/data/opengwas/igd/ukb-b-14674/ukb-b-14674.vcf.gz					GRCh37							unassigned			unavailable		total	analysis_level	463010				all ukb-b traits in the OpenGWAS IGD collection (data/ukb-b/manifest.tsv)	
ukb-b-14679	ukb-b-14679	Sources of admission to hospital (recoded): Transfer within NHS provider			/local-scratch/data/opengwas/igd/ukb-b-14679/ukb-b-14679.vcf.gz					GRCh37							unassigned			unavailable		total	analysis_level	461364				all ukb-b traits in the OpenGWAS IGD collection (data/ukb-b/manifest.tsv)	
ukb-b-14690	ukb-b-14690	White rice intake			/local-scratch/data/opengwas/igd/ukb-b-14690/ukb-b-14690.vcf.gz					GRCh37							unassigned			unavailable		total	analysis_level	64949				all ukb-b traits in the OpenGWAS IGD collection (data/ukb-b/manifest.tsv)	
ukb-b-14695	ukb-b-14695	3mm cylindrical power angle (right)			/local-scratch/data/opengwas/igd/ukb-b-14695/ukb-b-14695.vcf.gz					GRCh37							unassigned			unavailable		total	analysis_level	95996				all ukb-b traits in the OpenGWAS IGD collection (data/ukb-b/manifest.tsv)	
ukb-b-14699	ukb-b-14699	Illnesses of mother: Alzheimer's disease/dementia			/local-scratch/data/opengwas/igd/ukb-b-14699/ukb-b-14699.vcf.gz					GRCh37							unassigned			unavailable		total	analysis_level	423738				all ukb-b traits in the OpenGWAS IGD collection (data/ukb-b/manifest.tsv)	
ukb-b-14713	ukb-b-14713	Forced vital capacity (FVC), Best measure			/local-scratch/data/opengwas/igd/ukb-b-14713/ukb-b-14713.vcf.gz					GRCh37							unassigned			unavailable		total	analysis_level	345665				all ukb-b traits in the OpenGWAS IGD collection (data/ukb-b/manifest.tsv)	
ukb-b-14742	ukb-b-14742	Operation code: testicular/scrotal operation			/local-scratch/data/opengwas/igd/ukb-b-14742/ukb-b-14742.vcf.gz					GRCh37							unassigned			unavailable		total	analysis_level	462933				all ukb-b traits in the OpenGWAS IGD collection (data/ukb-b/manifest.tsv)	
ukb-b-14746	ukb-b-14746	Lobster/crab intake			/local-scratch/data/opengwas/igd/ukb-b-14746/ukb-b-14746.vcf.gz					GRCh37							unassigned			unavailable		total	analysis_level	64938				all ukb-b traits in the OpenGWAS IGD collection (data/ukb-b/manifest.tsv)	
ukb-b-14753	ukb-b-14753	Diagnoses - main ICD10: T84.0 Mechanical complication of internal joint prosthesis			/local-scratch/data/opengwas/igd/ukb-b-14753/ukb-b-14753.vcf.gz					GRCh37							unassigned			unavailable		total	analysis_level	463010				all ukb-b traits in the OpenGWAS IGD collection (data/ukb-b/manifest.tsv)	
ukb-b-14757	ukb-b-14757	PCT where patients GP was registered: NORTH STOKE PCT			/local-scratch/data/opengwas/igd/ukb-b-14757/ukb-b-14757.vcf.gz					GRCh37							unassigned			unavailable		total	analysis_level	463010				all ukb-b traits in the OpenGWAS IGD collection (data/ukb-b/manifest.tsv)	
ukb-b-14765	ukb-b-14765	Diagnoses - main ICD10: D64.9 Anaemia, unspecified			/local-scratch/data/opengwas/igd/ukb-b-14765/ukb-b-14765.vcf.gz					GRCh37							unassigned			unavailable		total	analysis_level	463010				all ukb-b traits in the OpenGWAS IGD collection (data/ukb-b/manifest.tsv)	
ukb-b-14782	ukb-b-14782	Operation code: wisdom teeth surgery			/local-scratch/data/opengwas/igd/ukb-b-14782/ukb-b-14782.vcf.gz					GRCh37							unassigned			unavailable		total	analysis_level	462933				all ukb-b traits in the OpenGWAS IGD collection (data/ukb-b/manifest.tsv)	
ukb-b-14796	ukb-b-14796	Non-cancer illness code, self-reported: diverticular disease/diverticulitis			/local-scratch/data/opengwas/igd/ukb-b-14796/ukb-b-14796.vcf.gz					GRCh37							unassigned			unavailable		total	analysis_level	462933				all ukb-b traits in the OpenGWAS IGD collection (data/ukb-b/manifest.tsv)	
ukb-b-1480	ukb-b-1480	Diagnoses - secondary ICD10: R00.2 Palpitations			/local-scratch/data/opengwas/igd/ukb-b-1480/ukb-b-1480.vcf.gz					GRCh37							unassigned			unavailable		total	analysis_level	463010				all ukb-b traits in the OpenGWAS IGD collection (data/ukb-b/manifest.tsv)	
ukb-b-14801	ukb-b-14801	Treatment speciality of consultant (recoded): Rheumatology			/local-scratch/data/opengwas/igd/ukb-b-14801/ukb-b-14801.vcf.gz					GRCh37							unassigned			unavailable		total	analysis_level	444199				all ukb-b traits in the OpenGWAS IGD collection (data/ukb-b/manifest.tsv)	
ukb-b-14814	ukb-b-14814	Diagnoses - main ICD10: K30 Dyspepsia			/local-scratch/data/opengwas/igd/ukb-b-14814/ukb-b-14814.vcf.gz					GRCh37							unassigned			unavailable		total	analysis_level	463010				all ukb-b traits in the OpenGWAS IGD collection (data/ukb-b/manifest.tsv)	
ukb-b-14829	ukb-b-14829	Diagnoses - secondary ICD10: Z90.4 Acquired absence of other parts of digestive tract			/local-scratch/data/opengwas/igd/ukb-b-14829/ukb-b-14829.vcf.gz					GRCh37							unassigned			unavailable		total	analysis_level	463010				all ukb-b traits in the OpenGWAS IGD collection (data/ukb-b/manifest.tsv)	
ukb-b-14847	ukb-b-14847	Operative procedures - secondary OPCS: P27.3 Colposcopy of vagina			/local-scratch/data/opengwas/igd/ukb-b-14847/ukb-b-14847.vcf.gz					GRCh37							unassigned			unavailable		total	analysis_level	463010				all ukb-b traits in the OpenGWAS IGD collection (data/ukb-b/manifest.tsv)	
ukb-b-14852	ukb-b-14852	Treatment speciality of consultant (recoded): Infectious diseases			/local-scratch/data/opengwas/igd/ukb-b-14852/ukb-b-14852.vcf.gz					GRCh37							unassigned			unavailable		total	analysis_level	444018				all ukb-b traits in the OpenGWAS IGD collection (data/ukb-b/manifest.tsv)	
ukb-b-14863	ukb-b-14863	Mineral and other dietary supplements: Iron			/local-scratch/data/opengwas/igd/ukb-b-14863/ukb-b-14863.vcf.gz					GRCh37							unassigned			unavailable		total	analysis_level	461384				all ukb-b traits in the OpenGWAS IGD collection (data/ukb-b/manifest.tsv)	
ukb-b-14873	ukb-b-14873	Operative procedures - secondary OPCS: Z48.2 Skin of neck			/local-scratch/data/opengwas/igd/ukb-b-14873/ukb-b-14873.vcf.gz					GRCh37							unassigned			unavailable		total	analysis_level	463010				all ukb-b traits in the OpenGWAS IGD collection (data/ukb-b/manifest.tsv)	
ukb-b-14885	ukb-b-14885	Operative procedures - main OPCS: X70.2 Procurement of drugs for chemotherapy for neoplasm for regimens in Band 2			/local-scratch/data/opengwas/igd/ukb-b-14885/ukb-b-14885.vcf.gz					GRCh37							unassigned			unavailable		total	analysis_level	463010				all ukb-b traits in the OpenGWAS IGD collection (data/ukb-b/manifest.tsv)	
ukb-b-1489	ukb-b-1489	Cheese intake			/local-scratch/data/opengwas/igd/ukb-b-1489/ukb-b-1489.vcf.gz					GRCh37							unassigned			unavailable		total	analysis_level	451486				all ukb-b traits in the OpenGWAS IGD collection (data/ukb-b/manifest.tsv)	
ukb-b-14898	ukb-b-14898	Water intake			/local-scratch/data/opengwas/igd/ukb-b-14898/ukb-b-14898.vcf.gz					GRCh37							unassigned			unavailable		total	analysis_level	427588				all ukb-b traits in the OpenGWAS IGD collection (data/ukb-b/manifest.tsv)	
ukb-b-14905	ukb-b-14905	Age at bilateral oophorectomy (both ovaries removed)			/local-scratch/data/opengwas/igd/ukb-b-14905/ukb-b-14905.vcf.gz					GRCh37							unassigned			unavailable		total	analysis_level	19621				all ukb-b traits in the OpenGWAS IGD collection (data/ukb-b/manifest.tsv)	
ukb-b-14918	ukb-b-14918	Illnesses of siblings: Severe depression			/local-scratch/data/opengwas/igd/ukb-b-14918/ukb-b-14918.vcf.gz					GRCh37							unassigned			unavailable		total	analysis_level	362315				all ukb-b traits in the OpenGWAS IGD collection (data/ukb-b/manifest.tsv)	
ukb-b-14926	ukb-b-14926	Types of transport used (excluding work): Walk			/local-scratch/data/opengwas/igd/ukb-b-14926/ukb-b-14926.vcf.gz					GRCh37							unassigned			unavailable		total	analysis_level	460491				all ukb-b traits in the OpenGWAS IGD collection (data/ukb-b/manifest.tsv)	
ukb-b-14944	ukb-b-14944	Operation code: appendicectomy			/local-scratch/data/opengwas/igd/ukb-b-14944/ukb-b-14944.vcf.gz					GRCh37							unassigned			unavailable		total	analysis_level	462933				all ukb-b traits in the OpenGWAS IGD collection (data/ukb-b/manifest.tsv)	
ukb-b-14956	ukb-b-14956	Type of cancer: ICD10: C54.1 Endometrium			/local-scratch/data/opengwas/igd/ukb-b-14956/ukb-b-14956.vcf.gz					GRCh37							unassigned			unavailable		total	analysis_level	463010				all ukb-b traits in the OpenGWAS IGD collection (data/ukb-b/manifest.tsv)	
ukb-b-14960	ukb-b-14960	Treatment/medication code: omeprazole			/local-scratch/data/opengwas/igd/ukb-b-14960/ukb-b-14960.vcf.gz					GRCh37							unassigned			unavailable		total	analysis_level	462933				all ukb-b traits in the OpenGWAS IGD collection (data/ukb-b/manifest.tsv)	
ukb-b-14961	ukb-b-14961	Other serious medical condition/disability diagnosed by doctor			/local-scratch/data/opengwas/igd/ukb-b-14961/ukb-b-14961.vcf.gz					GRCh37							unassigned			unavailable		total	analysis_level	454253				all ukb-b traits in the OpenGWAS IGD collection (data/ukb-b/manifest.tsv)	
ukb-b-14977	ukb-b-14977	Bread consumed			/local-scratch/data/opengwas/igd/ukb-b-14977/ukb-b-14977.vcf.gz					GRCh37							unassigned			unavailable		total	analysis_level	64949				all ukb-b traits in the OpenGWAS IGD collection (data/ukb-b/manifest.tsv)	
ukb-b-14999	ukb-b-14999	Diagnoses - main ICD10: K92.2 Gastro-intestinal haemorrhage, unspecified			/local-scratch/data/opengwas/igd/ukb-b-14999/ukb-b-14999.vcf.gz					GRCh37							unassigned			unavailable		total	analysis_level	463010				all ukb-b traits in the OpenGWAS IGD collection (data/ukb-b/manifest.tsv)	
ukb-b-15003	ukb-b-15003	Diagnoses - main ICD10: L72.0 Epidermal cyst			/local-scratch/data/opengwas/igd/ukb-b-15003/ukb-b-15003.vcf.gz					GRCh37							unassigned			unavailable		total	analysis_level	463010				all ukb-b traits in the OpenGWAS IGD collection (data/ukb-b/manifest.tsv)	
ukb-b-15005	ukb-b-15005	Transport type for commuting to job workplace: Walk			/local-scratch/data/opengwas/igd/ukb-b-15005/ukb-b-15005.vcf.gz					GRCh37							unassigned			unavailable		total	analysis_level	245364				all ukb-b traits in the OpenGWAS IGD collection (data/ukb-b/manifest.tsv)	
ukb-b-15021	ukb-b-15021	Operative procedures - main OPCS: X72.4 Delivery of subsequent element of cycle of chemotherapy for neoplasm			/local-scratch/data/opengwas/igd/ukb-b-15021/ukb-b-15021.vcf.gz					GRCh37							unassigned			unavailable		total	analysis_level	463010				all ukb-b traits in the OpenGWAS IGD collection (data/ukb-b/manifest.tsv)	
ukb-b-15025	ukb-b-15025	Non-cancer illness code, self-reported: ovarian cyst or cysts			/local-scratch/data/opengwas/igd/ukb-b-15025/ukb-b-15025.vcf.gz					GRCh37							unassigned			unavailable		total	analysis_level	462933				all ukb-b traits in the OpenGWAS IGD collection (data/ukb-b/manifest.tsv)	
ukb-b-15026	ukb-b-15026	Diagnoses - secondary ICD10: M13.99 Arthritis, unspecified (Site unspecified)			/local-scratch/data/opengwas/igd/ukb-b-15026/ukb-b-15026.vcf.gz					GRCh37							unassigned			unavailable		total	analysis_level	463010				all ukb-b traits in the OpenGWAS IGD collection (data/ukb-b/manifest.tsv)	
ukb-b-1503	ukb-b-1503	Savoury biscuits intake			/local-scratch/data/opengwas/igd/ukb-b-1503/ukb-b-1503.vcf.gz					GRCh37							unassigned			unavailable		total	analysis_level	64949				all ukb-b traits in the OpenGWAS IGD collection (data/ukb-b/manifest.tsv)	
ukb-b-15041	ukb-b-15041	Ever had breast cancer screening / mammogram			/local-scratch/data/opengwas/igd/ukb-b-15041/ukb-b-15041.vcf.gz					GRCh37							unassigned			unavailable		total	analysis_level	250666				all ukb-b traits in the OpenGWAS IGD collection (data/ukb-b/manifest.tsv)	
ukb-b-15071	ukb-b-15071	Types of spreads/sauces consumed: Cheese sauce			/local-scratch/data/opengwas/igd/ukb-b-15071/ukb-b-15071.vcf.gz					GRCh37							unassigned			unavailable		total	analysis_level	64949				all ukb-b traits in the OpenGWAS IGD collection (data/ukb-b/manifest.tsv)	
ukb-b-15074	ukb-b-15074	Operative procedures - main OPCS: C12.4 Curettage of lesion of eyelid			/local-scratch/data/opengwas/igd/ukb-b-15074/ukb-b-15074.vcf.gz					GRCh37							unassigned			unavailable		total	analysis_level	463010				all ukb-b traits in the OpenGWAS IGD collection (data/ukb-b/manifest.tsv)	
ukb-b-1508	ukb-b-1508	Operation code: knee surgery (not replacement)			/local-scratch/data/opengwas/igd/ukb-b-1508/ukb-b-1508.vcf.gz					GRCh37							unassigned			unavailable		total	analysis_level	462933				all ukb-b traits in the OpenGWAS IGD collection (data/ukb-b/manifest.tsv)	
ukb-b-15083	ukb-b-15083	Treatment speciality of consultant (recoded): Anaesthetics			/local-scratch/data/opengwas/igd/ukb-b-15083/ukb-b-15083.vcf.gz					GRCh37							unassigned			unavailable		total	analysis_level	444358				all ukb-b traits in the OpenGWAS IGD collection (data/ukb-b/manifest.tsv)	
ukb-b-15084	ukb-b-15084	Operative procedures - main OPCS: R24.9 All normal delivery			/local-scratch/data/opengwas/igd/ukb-b-15084/ukb-b-15084.vcf.gz					GRCh37							unassigned			unavailable		total	analysis_level	463010				all ukb-b traits in the OpenGWAS IGD collection (data/ukb-b/manifest.tsv)	
ukb-b-15085	ukb-b-15085	Main speciality of consultant (recoded): Adult mental illness			/local-scratch/data/opengwas/igd/ukb-b-15085/ukb-b-15085.vcf.gz					GRCh37							unassigned			unavailable		total	analysis_level	461145				all ukb-b traits in the OpenGWAS IGD collection (data/ukb-b/manifest.tsv)	
ukb-b-15094	ukb-b-15094	Canned soup intake			/local-scratch/data/opengwas/igd/ukb-b-15094/ukb-b-15094.vcf.gz					GRCh37							unassigned			unavailable		total	analysis_level	64943				all ukb-b traits in the OpenGWAS IGD collection (data/ukb-b/manifest.tsv)	
ukb-b-15096	ukb-b-15096	Operation code: tonsillectomy / tonsil surgery			/local-scratch/data/opengwas/igd/ukb-b-15096/ukb-b-15096.vcf.gz					GRCh37							unassigned			unavailable		total	analysis_level	462933				all ukb-b traits in the OpenGWAS IGD collection (data/ukb-b/manifest.tsv)	
ukb-b-151	ukb-b-151	Number of days/week of vigorous physical activity 10+ minutes			/local-scratch/data/opengwas/igd/ukb-b-151/ukb-b-151.vcf.gz					GRCh37							unassigned			unavailable		total	analysis_level	440512				all ukb-b traits in the OpenGWAS IGD collection (data/ukb-b/manifest.tsv)	
ukb-b-1511	ukb-b-1511	Operative procedures - main OPCS: H20.1 Fibreoptic endoscopic snare resection of lesion of colon			/local-scratch/data/opengwas/igd/ukb-b-1511/ukb-b-1511.vcf.gz					GRCh37							unassigned			unavailable		total	analysis_level	463010				all ukb-b traits in the OpenGWAS IGD collection (data/ukb-b/manifest.tsv)	
ukb-b-15122	ukb-b-15122	Maximum digits remembered correctly			/local-scratch/data/opengwas/igd/ukb-b-15122/ukb-b-15122.vcf.gz					GRCh37							unassigned			unavailable		total	analysis_level	48189				all ukb-b traits in the OpenGWAS IGD collection (data/ukb-b/manifest.tsv)	
ukb-b-15132	ukb-b-15132	Types of spread used on bread/crackers: Soya margarine on bread/crackers			/local-scratch/data/opengwas/igd/ukb-b-15132/ukb-b-15132.vcf.gz					GRCh37							unassigned			unavailable		total	analysis_level	64949				all ukb-b traits in the OpenGWAS IGD collection (data/ukb-b/manifest.tsv)	
ukb-b-15136	ukb-b-15136	Non-cancer illness code, self-reported: uterine polyps			/local-scratch/data/opengwas/igd/ukb-b-15136/ukb-b-15136.vcf.gz					GRCh37							unassigned			unavailable		total	analysis_level	462933				all ukb-b traits in the OpenGWAS IGD collection (data/ukb-b/manifest.tsv)	
ukb-b-1515	ukb-b-1515	Operative procedures - main OPCS: U08.1 Computed tomography of abdomen NEC			/local-scratch/data/opengwas/igd/ukb-b-1515/ukb-b-1515.vcf.gz					GRCh37							unassigned			unavailable		total	analysis_level	463010				all ukb-b traits in the OpenGWAS IGD collection (data/ukb-b/manifest.tsv)	
ukb-b-15151	ukb-b-15151	PCT where patients GP was registered: BRISTOL NORTH PCT			/local-scratch/data/opengwas/igd/ukb-b-15151/ukb-b-15151.vcf.gz					GRCh37							unassigned			unavailable		total	analysis_level	463010				all ukb-b traits in the OpenGWAS IGD collection (data/ukb-b/manifest.tsv)	
ukb-b-15169	ukb-b-15169	Illnesses of father: None of the above (group 1)			/local-scratch/data/opengwas/igd/ukb-b-15169/ukb-b-15169.vcf.gz					GRCh37							unassigned			unavailable		total	analysis_level	402586				all ukb-b traits in the OpenGWAS IGD collection (data/ukb-b/manifest.tsv)	
ukb-b-15175	ukb-b-15175	Vitamin and mineral supplements: Vitamin C			/local-scratch/data/opengwas/igd/ukb-b-15175/ukb-b-15175.vcf.gz					GRCh37							unassigned			unavailable		total	analysis_level	460351				all ukb-b traits in the OpenGWAS IGD collection (data/ukb-b/manifest.tsv)	
ukb-b-15178	ukb-b-15178	Corneal resistance factor (right)			/local-scratch/data/opengwas/igd/ukb-b-15178/ukb-b-15178.vcf.gz					GRCh37							unassigned			unavailable		total	analysis_level	97653				all ukb-b traits in the OpenGWAS IGD collection (data/ukb-b/manifest.tsv)	
ukb-b-15197	ukb-b-15197	PCT where patients GP was registered: NORTH SURREY PCT			/local-scratch/data/opengwas/igd/ukb-b-15197/ukb-b-15197.vcf.gz					GRCh37							unassigned			unavailable		total	analysis_level	463010				all ukb-b traits in the OpenGWAS IGD collection (data/ukb-b/manifest.tsv)	
ukb-b-15200	ukb-b-15200	Operation code: mouth/salivary gland surgery			/local-scratch/data/opengwas/igd/ukb-b-15200/ukb-b-15200.vcf.gz					GRCh37							unassigned			unavailable		total	analysis_level	462933				all ukb-b traits in the OpenGWAS IGD collection (data/ukb-b/manifest.tsv)	
ukb-b-15212	ukb-b-15212	Broad bean intake			/local-scratch/data/opengwas/igd/ukb-b-15212/ukb-b-15212.vcf.gz					GRCh37							unassigned			unavailable		total	analysis_level	64949				all ukb-b traits in the OpenGWAS IGD collection (data/ukb-b/manifest.tsv)	
ukb-b-15228	ukb-b-15228	PCT responsible for patient data: MIDDLESBROUGH PCT			/local-scratch/data/opengwas/igd/ukb-b-15228/ukb-b-15228.vcf.gz					GRCh37							unassigned			unavailable		total	analysis_level	463010				all ukb-b traits in the OpenGWAS IGD collection (data/ukb-b/manifest.tsv)	
ukb-b-1523	ukb-b-1523	Heating type(s) in home: Electric storage heaters			/local-scratch/data/opengwas/igd/ukb-b-1523/ukb-b-1523.vcf.gz					GRCh37							unassigned			unavailable		total	analysis_level	152863				all ukb-b traits in the OpenGWAS IGD collection (data/ukb-b/manifest.tsv)	
ukb-b-15230	ukb-b-15230	Diagnoses - secondary ICD10: Z95.8 Presence of other cardiac and vascular implants and grafts			/local-scratch/data/opengwas/igd/ukb-b-15230/ukb-b-15230.vcf.gz					GRCh37							unassigned			unavailable		total	analysis_level	463010				all ukb-b traits in the OpenGWAS IGD collection (data/ukb-b/manifest.tsv)	
ukb-b-15245	ukb-b-15245	Treatment/medication code: alfuzosin			/local-scratch/data/opengwas/igd/ukb-b-15245/ukb-b-15245.vcf.gz					GRCh37							unassigned			unavailable		total	analysis_level	462933				all ukb-b traits in the OpenGWAS IGD collection (data/ukb-b/manifest.tsv)	
ukb-b-15251	ukb-b-15251	Fracture resulting from simple fall			/local-scratch/data/opengwas/igd/ukb-b-15251/ukb-b-15251.vcf.gz					GRCh37							unassigned			unavailable		total	analysis_level	43883				all ukb-b traits in the OpenGWAS IGD collection (data/ukb-b/manifest.tsv)	
ukb-b-15268	ukb-b-15268	ECG, number of stages in a phase			/local-scratch/data/opengwas/igd/ukb-b-15268/ukb-b-15268.vcf.gz					GRCh37							unassigned			unavailable		total	analysis_level	68426				all ukb-b traits in the OpenGWAS IGD collection (data/ukb-b/manifest.tsv)	
ukb-b-15272	ukb-b-15272	Ever manic/hyper for 2 days			/local-scratch/data/opengwas/igd/ukb-b-15272/ukb-b-15272.vcf.gz					GRCh37							unassigned			unavailable		total	analysis_level	149144				all ukb-b traits in the OpenGWAS IGD collection (data/ukb-b/manifest.tsv)	
ukb-b-15287	ukb-b-15287	Types of spreads/sauces consumed: Brown sauce			/local-scratch/data/opengwas/igd/ukb-b-15287/ukb-b-15287.vcf.gz					GRCh37							unassigned			unavailable		total	analysis_level	64949				all ukb-b traits in the OpenGWAS IGD collection (data/ukb-b/manifest.tsv)	
ukb-b-15297	ukb-b-15297	Reason for glasses/contact lenses: Other eye condition			/local-scratch/data/opengwas/igd/ukb-b-15297/ukb-b-15297.vcf.gz					GRCh37							unassigned			unavailable		total	analysis_level	460536				all ukb-b traits in the OpenGWAS IGD collection (data/ukb-b/manifest.tsv)	
ukb-b-15321	ukb-b-15321	Dried fruit intake			/local-scratch/data/opengwas/igd/ukb-b-15321/ukb-b-15321.vcf.gz					GRCh37							unassigned			unavailable		total	analysis_level	64949				all ukb-b traits in the OpenGWAS IGD collection (data/ukb-b/manifest.tsv)	
ukb-b-15326	ukb-b-15326	Vitamin and/or mineral supplement use: Multivitamin with iron			/local-scratch/data/opengwas/igd/ukb-b-15326/ukb-b-15326.vcf.gz					GRCh37							unassigned			unavailable		total	analysis_level	64949				all ukb-b traits in the OpenGWAS IGD collection (data/ukb-b/manifest.tsv)	
ukb-b-15336	ukb-b-15336	PCT where patients GP was registered: RICHMOND AND TWICKENHAM PCT			/local-scratch/data/opengwas/igd/ukb-b-15336/ukb-b-15336.vcf.gz					GRCh37							unassigned			unavailable		total	analysis_level	463010				all ukb-b traits in the OpenGWAS IGD collection (data/ukb-b/manifest.tsv)	
ukb-b-15338	ukb-b-15338	PCT where patients GP was registered: HARTLEPOOL PCT			/local-scratch/data/opengwas/igd/ukb-b-15338/ukb-b-15338.vcf.gz					GRCh37							unassigned			unavailable		total	analysis_level	463010				all ukb-b traits in the OpenGWAS IGD collection (data/ukb-b/manifest.tsv)	
ukb-b-15340	ukb-b-15340	Diagnoses - secondary ICD10: K29.7 Gastritis, unspecified			/local-scratch/data/opengwas/igd/ukb-b-15340/ukb-b-15340.vcf.gz					GRCh37							unassigned			unavailable		total	analysis_level	463010				all ukb-b traits in the OpenGWAS IGD collection (data/ukb-b/manifest.tsv)	
ukb-b-15352	ukb-b-15352	Operative procedures - main OPCS: H23.1 Endoscopic snare resection of lesion of lower bowel using fibreoptic sigmoidoscope			/local-scratch/data/opengwas/igd/ukb-b-15352/ukb-b-15352.vcf.gz					GRCh37							unassigned			unavailable		total	analysis_level	463010				all ukb-b traits in the OpenGWAS IGD collection (data/ukb-b/manifest.tsv)	
ukb-b-15357	ukb-b-15357	Operative procedures - main OPCS: A52.2 Therapeutic sacral epidural injection			/local-scratch/data/opengwas/igd/ukb-b-15357/ukb-b-15357.vcf.gz					GRCh37							unassigned			unavailable		total	analysis_level	463010				all ukb-b traits in the OpenGWAS IGD collection (data/ukb-b/manifest.tsv)	
ukb-b-15359	ukb-b-15359	PCT where patients GP was registered: WIRRAL PCT			/local-scratch/data/opengwas/igd/ukb-b-15359/ukb-b-15359.vcf.gz					GRCh37							unassigned			unavailable		total	analysis_level	463010				all ukb-b traits in the OpenGWAS IGD collection (data/ukb-b/manifest.tsv)	
ukb-b-15363	ukb-b-15363	Operative procedures - secondary OPCS: R32.3 Repair of obstetric laceration of vagina and floor of pelvis			/local-scratch/data/opengwas/igd/ukb-b-15363/ukb-b-15363.vcf.gz					GRCh37							unassigned			unavailable		total	analysis_level	463010				all ukb-b traits in the OpenGWAS IGD collection (data/ukb-b/manifest.tsv)	
ukb-b-15378	ukb-b-15378	Had other major operations			/local-scratch/data/opengwas/igd/ukb-b-15378/ukb-b-15378.vcf.gz					GRCh37							unassigned			unavailable		total	analysis_level	248845				all ukb-b traits in the OpenGWAS IGD collection (data/ukb-b/manifest.tsv)	
ukb-b-1539	ukb-b-1539	PCT where patients GP was registered: BROXTOWE AND HUCKNALL PCT			/local-scratch/data/opengwas/igd/ukb-b-1539/ukb-b-1539.vcf.gz					GRCh37							unassigned			unavailable		total	analysis_level	463010				all ukb-b traits in the OpenGWAS IGD collection (data/ukb-b/manifest.tsv)	
ukb-b-15418	ukb-b-15418	Duration screen displayed			/local-scratch/data/opengwas/igd/ukb-b-15418/ukb-b-15418.vcf.gz					GRCh37							unassigned			unavailable		total	analysis_level	152605				all ukb-b traits in the OpenGWAS IGD collection (data/ukb-b/manifest.tsv)	
ukb-b-15430	ukb-b-15430	Main speciality of consultant (recoded): Midwifery			/local-scratch/data/opengwas/igd/ukb-b-15430/ukb-b-15430.vcf.gz					GRCh37							unassigned			unavailable		total	analysis_level	461089				all ukb-b traits in the OpenGWAS IGD collection (data/ukb-b/manifest.tsv)	
ukb-b-15440	ukb-b-15440	Operative procedures - secondary OPCS: R15.1 Medical induction of labour			/local-scratch/data/opengwas/igd/ukb-b-15440/ukb-b-15440.vcf.gz					GRCh37							unassigned			unavailable		total	analysis_level	463010				all ukb-b traits in the OpenGWAS IGD collection (data/ukb-b/manifest.tsv)	
ukb-b-15445	ukb-b-15445	Treatment/medication code: insulin product			/local-scratch/data/opengwas/igd/ukb-b-15445/ukb-b-15445.vcf.gz					GRCh37							unassigned			unavailable		total	analysis_level	462933				all ukb-b traits in the OpenGWAS IGD collection (data/ukb-b/manifest.tsv)	
ukb-b-15453	ukb-b-15453	Operative procedures - secondary OPCS: Z85.6 Ankle joint			/local-scratch/data/opengwas/igd/ukb-b-15453/ukb-b-15453.vcf.gz					GRCh37							unassigned			unavailable		total	analysis_level	463010				all ukb-b traits in the OpenGWAS IGD collection (data/ukb-b/manifest.tsv)	
ukb-b-15491	ukb-b-15491	Operative procedures - main OPCS: K45.3 Anastomosis of mammary artery to left anterior descending coronary artery			/local-scratch/data/opengwas/igd/ukb-b-15491/ukb-b-15491.vcf.gz					GRCh37							unassigned			unavailable		total	analysis_level	463010				all ukb-b traits in the OpenGWAS IGD collection (data/ukb-b/manifest.tsv)	
ukb-b-15508	ukb-b-15508	Fat removed from meat			/local-scratch/data/opengwas/igd/ukb-b-15508/ukb-b-15508.vcf.gz					GRCh37							unassigned			unavailable		total	analysis_level	16902				all ukb-b traits in the OpenGWAS IGD collection (data/ukb-b/manifest.tsv)	
ukb-b-15527	ukb-b-15527	Operation code: squint correction			/local-scratch/data/opengwas/igd/ukb-b-15527/ukb-b-15527.vcf.gz					GRCh37							unassigned			unavailable		total	analysis_level	462933				all ukb-b traits in the OpenGWAS IGD collection (data/ukb-b/manifest.tsv)	
ukb-b-15528	ukb-b-15528	PCT where patients GP was registered: OLDHAM PCT			/local-scratch/data/opengwas/igd/ukb-b-15528/ukb-b-15528.vcf.gz					GRCh37							unassigned			unavailable		total	analysis_level	463010				all ukb-b traits in the OpenGWAS IGD collection (data/ukb-b/manifest.tsv)	
ukb-b-1553	ukb-b-1553	Leisure/social activities: Adult education class			/local-scratch/data/opengwas/igd/ukb-b-1553/ukb-b-1553.vcf.gz					GRCh37							unassigned			unavailable		total	analysis_level	461369				all ukb-b traits in the OpenGWAS IGD collection (data/ukb-b/manifest.tsv)	
ukb-b-15531	ukb-b-15531	Other non-alcoholic drinks			/local-scratch/data/opengwas/igd/ukb-b-15531/ukb-b-15531.vcf.gz					GRCh37							unassigned			unavailable		total	analysis_level	64949				all ukb-b traits in the OpenGWAS IGD collection (data/ukb-b/manifest.tsv)	
ukb-b-15541	ukb-b-15541	Diagnoses - secondary ICD10: E66.9 Obesity, unspecified			/local-scratch/data/opengwas/igd/ukb-b-15541/ukb-b-15541.vcf.gz					GRCh37							unassigned			unavailable		total	analysis_level	463010				all ukb-b traits in the OpenGWAS IGD collection (data/ukb-b/manifest.tsv)	
ukb-b-15555	ukb-b-15555	Unsalted peanuts intake			/local-scratch/data/opengwas/igd/ukb-b-15555/ukb-b-15555.vcf.gz					GRCh37							unassigned			unavailable		total	analysis_level	64949				all ukb-b traits in the OpenGWAS IGD collection (data/ukb-b/manifest.tsv)	
ukb-b-15564	ukb-b-15564	Number of other bread types with  butter/margarine			/local-scratch/data/opengwas/igd/ukb-b-15564/ukb-b-15564.vcf.gz					GRCh37							unassigned			unavailable		total	analysis_level	64932				all ukb-b traits in the OpenGWAS IGD collection (data/ukb-b/manifest.tsv)	
ukb-b-1557	ukb-b-1557	Diagnoses - main ICD10: M54.5 Low back pain			/local-scratch/data/opengwas/igd/ukb-b-1557/ukb-b-1557.vcf.gz					GRCh37							unassigned			unavailable		total	analysis_level	463010				all ukb-b traits in the OpenGWAS IGD collection (data/ukb-b/manifest.tsv)	
ukb-b-15582	ukb-b-15582	Fractured bone site(s): Ankle			/local-scratch/data/opengwas/igd/ukb-b-15582/ukb-b-15582.vcf.gz					GRCh37							unassigned			unavailable		total	analysis_level	460340				all ukb-b traits in the OpenGWAS IGD collection (data/ukb-b/manifest.tsv)	
ukb-b-15590	ukb-b-15590	Hip circumference			/local-scratch/data/opengwas/igd/ukb-b-15590/ukb-b-15590.vcf.gz					GRCh37							unassigned			unavailable		total	analysis_level	462117				all ukb-b traits in the OpenGWAS IGD collection (data/ukb-b/manifest.tsv)	
ukb-b-15591	ukb-b-15591	Operative procedures - main OPCS: N17.1 Bilateral vasectomy			/local-scratch/data/opengwas/igd/ukb-b-15591/ukb-b-15591.vcf.gz					GRCh37							unassigned			unavailable		total	analysis_level	463010				all ukb-b traits in the OpenGWAS IGD collection (data/ukb-b/manifest.tsv)	
ukb-b-15592	ukb-b-15592	Operation code: varicose vein surgery			/local-scratch/data/opengwas/igd/ukb-b-15592/ukb-b-15592.vcf.gz					GRCh37							unassigned			unavailable		total	analysis_level	462933				all ukb-b traits in the OpenGWAS IGD collection (data/ukb-b/manifest.tsv)	
ukb-b-15601	ukb-b-15601	Broccoli intake			/local-scratch/data/opengwas/igd/ukb-b-15601/ukb-b-15601.vcf.gz					GRCh37							unassigned			unavailable		total	analysis_level	64949				all ukb-b traits in the OpenGWAS IGD collection (data/ukb-b/manifest.tsv)	
ukb-b-15606	ukb-b-15606	Diagnoses - main ICD10: J18.9 Pneumonia, unspecified			/local-scratch/data/opengwas/igd/ukb-b-15606/ukb-b-15606.vcf.gz					GRCh37							unassigned			unavailable		total	analysis_level	463010				all ukb-b traits in the OpenGWAS IGD collection (data/ukb-b/manifest.tsv)	
ukb-b-15622	ukb-b-15622	Non-cancer illness code, self-reported: tuberculosis (tb)			/local-scratch/data/opengwas/igd/ukb-b-15622/ukb-b-15622.vcf.gz					GRCh37							unassigned			unavailable		total	analysis_level	462933				all ukb-b traits in the OpenGWAS IGD collection (data/ukb-b/manifest.tsv)	
ukb-b-15625	ukb-b-15625	Number of symbol digit matches made correctly			/local-scratch/data/opengwas/igd/ukb-b-15625/ukb-b-15625.vcf.gz					GRCh37							unassigned			unavailable		total	analysis_level	113106				all ukb-b traits in the OpenGWAS IGD collection (data/ukb-b/manifest.tsv)	
ukb-b-15649	ukb-b-15649	Treatment/medication code: aspirin 75mg tablet			/local-scratch/data/opengwas/igd/ukb-b-15649/ukb-b-15649.vcf.gz					GRCh37							unassigned			unavailable		total	analysis_level	462933				all ukb-b traits in the OpenGWAS IGD collection (data/ukb-b/manifest.tsv)	
ukb-b-15654	ukb-b-15654	Operative procedures - main OPCS: M65.3 Endoscopic resection of prostate NEC			/local-scratch/data/opengwas/igd/ukb-b-15654/ukb-b-15654.vcf.gz					GRCh37							unassigned			unavailable		total	analysis_level	463010				all ukb-b traits in the OpenGWAS IGD collection (data/ukb-b/manifest.tsv)	
ukb-b-15661	ukb-b-15661	Operative procedures - secondary OPCS: Y71.3 Revisional operations NOC			/local-scratch/data/opengwas/igd/ukb-b-15661/ukb-b-15661.vcf.gz					GRCh37							unassigned			unavailable		total	analysis_level	463010				all ukb-b traits in the OpenGWAS IGD collection (data/ukb-b/manifest.tsv)	
ukb-b-15666	ukb-b-15666	Treatment/medication code: amitriptyline			/local-scratch/data/opengwas/igd/ukb-b-15666/ukb-b-15666.vcf.gz					GRCh37							unassigned			unavailable		total	analysis_level	462933				all ukb-b traits in the OpenGWAS IGD collection (data/ukb-b/manifest.tsv)	
ukb-b-1567	ukb-b-1567	Operative procedures - secondary OPCS: Z94.3 Left sided operation			/local-scratch/data/opengwas/igd/ukb-b-1567/ukb-b-1567.vcf.gz					GRCh37							unassigned			unavailable		total	analysis_level	463010				all ukb-b traits in the OpenGWAS IGD collection (data/ukb-b/manifest.tsv)	
ukb-b-15671	ukb-b-15671	PCT where patients GP was registered: BRISTOL PCT			/local-scratch/data/opengwas/igd/ukb-b-15671/ukb-b-15671.vcf.gz					GRCh37							unassigned			unavailable		total	analysis_level	463010				all ukb-b traits in the OpenGWAS IGD collection (data/ukb-b/manifest.tsv)	
ukb-b-15685	ukb-b-15685	Type of cancer: ICD10: C44.5 Skin of trunk			/local-scratch/data/opengwas/igd/ukb-b-15685/ukb-b-15685.vcf.gz					GRCh37							unassigned			unavailable		total	analysis_level	463010				all ukb-b traits in the OpenGWAS IGD collection (data/ukb-b/manifest.tsv)	
ukb-b-15686	ukb-b-15686	Diagnoses - secondary ICD10: I20.9 Angina pectoris, unspecified			/local-scratch/data/opengwas/igd/ukb-b-15686/ukb-b-15686.vcf.gz					GRCh37							unassigned			unavailable		total	analysis_level	463010				all ukb-b traits in the OpenGWAS IGD collection (data/ukb-b/manifest.tsv)	
ukb-b-15695	ukb-b-15695	Ever had prostate specific antigen (PSA) test			/local-scratch/data/opengwas/igd/ukb-b-15695/ukb-b-15695.vcf.gz					GRCh37							unassigned			unavailable		total	analysis_level	200410				all ukb-b traits in the OpenGWAS IGD collection (data/ukb-b/manifest.tsv)	
ukb-b-15710	ukb-b-15710	Mashed potato intake			/local-scratch/data/opengwas/igd/ukb-b-15710/ukb-b-15710.vcf.gz					GRCh37							unassigned			unavailable		total	analysis_level	64949				all ukb-b traits in the OpenGWAS IGD collection (data/ukb-b/manifest.tsv)	
ukb-b-15718	ukb-b-15718	Operative procedures - main OPCS: S57.1 Debridement of skin NEC			/local-scratch/data/opengwas/igd/ukb-b-15718/ukb-b-15718.vcf.gz					GRCh37							unassigned			unavailable		total	analysis_level	463010				all ukb-b traits in the OpenGWAS IGD collection (data/ukb-b/manifest.tsv)	
ukb-b-1572	ukb-b-1572	Difficulty not smoking for 1 day			/local-scratch/data/opengwas/igd/ukb-b-1572/ukb-b-1572.vcf.gz					GRCh37							unassigned			unavailable		total	analysis_level	33404				all ukb-b traits in the OpenGWAS IGD collection (data/ukb-b/manifest.tsv)	
ukb-b-15730	ukb-b-15730	Heel bone mineral density (BMD) T-score, automated (left)			/local-scratch/data/opengwas/igd/ukb-b-15730/ukb-b-15730.vcf.gz					GRCh37							unassigned			unavailable		total	analysis_level	146226				all ukb-b traits in the OpenGWAS IGD collection (data/ukb-b/manifest.tsv)	
ukb-b-15746	ukb-b-15746	Treatment/medication code: enalapril			/local-scratch/data/opengwas/igd/ukb-b-15746/ukb-b-15746.vcf.gz					GRCh37							unassigned			unavailable		total	analysis_level	462933				all ukb-b traits in the OpenGWAS IGD collection (data/ukb-b/manifest.tsv)	
ukb-b-15748	ukb-b-15748	Diagnoses - secondary ICD10: Z95.5 Presence of coronary angioplasty implant and graft			/local-scratch/data/opengwas/igd/ukb-b-15748/ukb-b-15748.vcf.gz					GRCh37							unassigned			unavailable		total	analysis_level	463010				all ukb-b traits in the OpenGWAS IGD collection (data/ukb-b/manifest.tsv)	
ukb-b-15749	ukb-b-15749	Non-cancer illness code, self-reported: transient ischaemic attack (tia)			/local-scratch/data/opengwas/igd/ukb-b-15749/ukb-b-15749.vcf.gz					GRCh37							unassigned			unavailable		total	analysis_level	462933				all ukb-b traits in the OpenGWAS IGD collection (data/ukb-b/manifest.tsv)	
ukb-b-15760	ukb-b-15760	PCT where patients GP was registered: DERBYSHIRE COUNTY PCT			/local-scratch/data/opengwas/igd/ukb-b-15760/ukb-b-15760.vcf.gz					GRCh37							unassigned			unavailable		total	analysis_level	463010				all ukb-b traits in the OpenGWAS IGD collection (data/ukb-b/manifest.tsv)	
ukb-b-15761	ukb-b-15761	Treatment/medication code: bricanyl 250mcg inhaler			/local-scratch/data/opengwas/igd/ukb-b-15761/ukb-b-15761.vcf.gz					GRCh37							unassigned			unavailable		total	analysis_level	462933				all ukb-b traits in the OpenGWAS IGD collection (data/ukb-b/manifest.tsv)	
ukb-b-15766	ukb-b-15766	Operation code: sterilisation			/local-scratch/data/opengwas/igd/ukb-b-15766/ukb-b-15766.vcf.gz					GRCh37							unassigned			unavailable		total	analysis_level	462933				all ukb-b traits in the OpenGWAS IGD collection (data/ukb-b/manifest.tsv)	
ukb-b-15767	ukb-b-15767	Types of spreads/sauces consumed: Chutney/pickle			/local-scratch/data/opengwas/igd/ukb-b-15767/ukb-b-15767.vcf.gz					GRCh37							unassigned			unavailable		total	analysis_level	64949				all ukb-b traits in the OpenGWAS IGD collection (data/ukb-b/manifest.tsv)	
ukb-b-15768	ukb-b-15768	Type of special diet followed: Low calorie			/local-scratch/data/opengwas/igd/ukb-b-15768/ukb-b-15768.vcf.gz					GRCh37							unassigned			unavailable		total	analysis_level	64949				all ukb-b traits in the OpenGWAS IGD collection (data/ukb-b/manifest.tsv)	
ukb-b-15769	ukb-b-15769	Operative procedures - secondary OPCS: X29.8 Other specified continuous Infusion of therapeutic substance			/local-scratch/data/opengwas/igd/ukb-b-15769/ukb-b-15769.vcf.gz					GRCh37							unassigned			unavailable		total	analysis_level	463010				all ukb-b traits in the OpenGWAS IGD collection (data/ukb-b/manifest.tsv)	
ukb-b-15775	ukb-b-15775	Type of cancer: ICD10: C18.7 Sigmoid colon			/local-scratch/data/opengwas/igd/ukb-b-15775/ukb-b-15775.vcf.gz					GRCh37							unassigned			unavailable		total	analysis_level	463010				all ukb-b traits in the OpenGWAS IGD collection (data/ukb-b/manifest.tsv)	
ukb-b-15780	ukb-b-15780	Number of correct matches in round			/local-scratch/data/opengwas/igd/ukb-b-15780/ukb-b-15780.vcf.gz					GRCh37							unassigned			unavailable		total	analysis_level	113150				all ukb-b traits in the OpenGWAS IGD collection (data/ukb-b/manifest.tsv)	
ukb-b-15782	ukb-b-15782	logMAR, final (right)			/local-scratch/data/opengwas/igd/ukb-b-15782/ukb-b-15782.vcf.gz					GRCh37							unassigned			unavailable		total	analysis_level	101023				all ukb-b traits in the OpenGWAS IGD collection (data/ukb-b/manifest.tsv)	
ukb-b-15784	ukb-b-15784	Main speciality of consultant (recoded): General medicine			/local-scratch/data/opengwas/igd/ukb-b-15784/ukb-b-15784.vcf.gz					GRCh37							unassigned			unavailable		total	analysis_level	461894				all ukb-b traits in the OpenGWAS IGD collection (data/ukb-b/manifest.tsv)	
ukb-b-15787	ukb-b-15787	Transport type for commuting to job workplace: Cycle			/local-scratch/data/opengwas/igd/ukb-b-15787/ukb-b-15787.vcf.gz					GRCh37							unassigned			unavailable		total	analysis_level	245364				all ukb-b traits in the OpenGWAS IGD collection (data/ukb-b/manifest.tsv)	
ukb-b-1579	ukb-b-1579	Types of spreads/sauces consumed: Jam/honey			/local-scratch/data/opengwas/igd/ukb-b-1579/ukb-b-1579.vcf.gz					GRCh37							unassigned			unavailable		total	analysis_level	64949				all ukb-b traits in the OpenGWAS IGD collection (data/ukb-b/manifest.tsv)	
ukb-b-15790	ukb-b-15790	Diagnoses - secondary ICD10: D64.9 Anaemia, unspecified			/local-scratch/data/opengwas/igd/ukb-b-15790/ukb-b-15790.vcf.gz					GRCh37							unassigned			unavailable		total	analysis_level	463010				all ukb-b traits in the OpenGWAS IGD collection (data/ukb-b/manifest.tsv)	
ukb-b-15797	ukb-b-15797	Operative procedures - main OPCS: K63.4 Coronary arteriography using two catheters			/local-scratch/data/opengwas/igd/ukb-b-15797/ukb-b-15797.vcf.gz					GRCh37							unassigned			unavailable		total	analysis_level	463010				all ukb-b traits in the OpenGWAS IGD collection (data/ukb-b/manifest.tsv)	
ukb-b-15826	ukb-b-15826	Illnesses of siblings: Lung cancer			/local-scratch/data/opengwas/igd/ukb-b-15826/ukb-b-15826.vcf.gz					GRCh37							unassigned			unavailable		total	analysis_level	361586				all ukb-b traits in the OpenGWAS IGD collection (data/ukb-b/manifest.tsv)	
ukb-b-15829	ukb-b-15829	Non-cancer illness code, self-reported: heart attack/myocardial infarction			/local-scratch/data/opengwas/igd/ukb-b-15829/ukb-b-15829.vcf.gz					GRCh37							unassigned			unavailable		total	analysis_level	462933				all ukb-b traits in the OpenGWAS IGD collection (data/ukb-b/manifest.tsv)	
ukb-b-15832	ukb-b-15832	PCT where patients GP was registered: EASTERN BIRMINGHAM PCT			/local-scratch/data/opengwas/igd/ukb-b-15832/ukb-b-15832.vcf.gz					GRCh37							unassigned			unavailable		total	analysis_level	463010				all ukb-b traits in the OpenGWAS IGD collection (data/ukb-b/manifest.tsv)	
ukb-b-15835	ukb-b-15835	Vitamin and/or mineral supplement use: Multivitamin			/local-scratch/data/opengwas/igd/ukb-b-15835/ukb-b-15835.vcf.gz					GRCh37							unassigned			unavailable		total	analysis_level	64949				all ukb-b traits in the OpenGWAS IGD collection (data/ukb-b/manifest.tsv)	
ukb-b-15836	ukb-b-15836	Diagnoses - main ICD10: R87.6 Abnormal cytological findings			/local-scratch/data/opengwas/igd/ukb-b-15836/ukb-b-15836.vcf.gz					GRCh37							unassigned			unavailable		total	analysis_level	463010				all ukb-b traits in the OpenGWAS IGD collection (data/ukb-b/manifest.tsv)	
ukb-b-1585	ukb-b-1585	Diagnoses - secondary ICD10: Z86.4 Personal history of psychoactive substance abuse			/local-scratch/data/opengwas/igd/ukb-b-1585/ukb-b-1585.vcf.gz					GRCh37							unassigned			unavailable		total	analysis_level	463010				all ukb-b traits in the OpenGWAS IGD collection (data/ukb-b/manifest.tsv)	
ukb-b-15851	ukb-b-15851	Heel Broadband ultrasound attenuation, direct entry			/local-scratch/data/opengwas/igd/ukb-b-15851/ukb-b-15851.vcf.gz					GRCh37							unassigned			unavailable		total	analysis_level	265737				all ukb-b traits in the OpenGWAS IGD collection (data/ukb-b/manifest.tsv)	
ukb-b-15858	ukb-b-15858	PCT where patients GP was registered: SOUTH BIRMINGHAM PCT			/local-scratch/data/opengwas/igd/ukb-b-15858/ukb-b-15858.vcf.gz					GRCh37							unassigned			unavailable		total	analysis_level	463010				all ukb-b traits in the OpenGWAS IGD collection (data/ukb-b/manifest.tsv)	
ukb-b-15860	ukb-b-15860	Operative procedures - main OPCS: H22.9 Unspecified diagnostic endoscopic examination of colon			/local-scratch/data/opengwas/igd/ukb-b-15860/ukb-b-15860.vcf.gz					GRCh37							unassigned			unavailable		total	analysis_level	463010				all ukb-b traits in the OpenGWAS IGD collection (data/ukb-b/manifest.tsv)	
ukb-b-15869	ukb-b-15869	Types of physical activity in last 4 weeks: None of the above			/local-scratch/data/opengwas/igd/ukb-b-15869/ukb-b-15869.vcf.gz					GRCh37							unassigned			unavailable		total	analysis_level	460376				all ukb-b traits in the OpenGWAS IGD collection (data/ukb-b/manifest.tsv)	
ukb-b-15892	ukb-b-15892	Pulse rate			/local-scratch/data/opengwas/igd/ukb-b-15892/ukb-b-15892.vcf.gz					GRCh37							unassigned			unavailable		total	analysis_level	151546				all ukb-b traits in the OpenGWAS IGD collection (data/ukb-b/manifest.tsv)	
ukb-b-15895	ukb-b-15895	Treatment/medication code: allopurinol			/local-scratch/data/opengwas/igd/ukb-b-15895/ukb-b-15895.vcf.gz					GRCh37							unassigned			unavailable		total	analysis_level	462933				all ukb-b traits in the OpenGWAS IGD collection (data/ukb-b/manifest.tsv)	
ukb-b-15903	ukb-b-15903	Treatment speciality of consultant (recoded): Oral surgery			/local-scratch/data/opengwas/igd/ukb-b-15903/ukb-b-15903.vcf.gz					GRCh37							unassigned			unavailable		total	analysis_level	444503				all ukb-b traits in the OpenGWAS IGD collection (data/ukb-b/manifest.tsv)	
ukb-b-15904	ukb-b-15904	Non-cancer illness code, self-reported: prolapsed disc/slipped disc			/local-scratch/data/opengwas/igd/ukb-b-15904/ukb-b-15904.vcf.gz					GRCh37							unassigned			unavailable		total	analysis_level	462933				all ukb-b traits in the OpenGWAS IGD collection (data/ukb-b/manifest.tsv)	
ukb-b-15907	ukb-b-15907	Vitamin and/or mineral supplement use: Other vitamin			/local-scratch/data/opengwas/igd/ukb-b-15907/ukb-b-15907.vcf.gz					GRCh37							unassigned			unavailable		total	analysis_level	64949				all ukb-b traits in the OpenGWAS IGD collection (data/ukb-b/manifest.tsv)	
ukb-b-15914	ukb-b-15914	Operation code: termination of pregnancy/top			/local-scratch/data/opengwas/igd/ukb-b-15914/ukb-b-15914.vcf.gz					GRCh37							unassigned			unavailable		total	analysis_level	462933				all ukb-b traits in the OpenGWAS IGD collection (data/ukb-b/manifest.tsv)	
ukb-b-15918	ukb-b-15918	Treatment speciality of consultant (recoded): Dermatology			/local-scratch/data/opengwas/igd/ukb-b-15918/ukb-b-15918.vcf.gz					GRCh37							unassigned			unavailable		total	analysis_level	444587				all ukb-b traits in the OpenGWAS IGD collection (data/ukb-b/manifest.tsv)	
ukb-b-15924	ukb-b-15924	3mm index of best keratometry results (left)			/local-scratch/data/opengwas/igd/ukb-b-15924/ukb-b-15924.vcf.gz					GRCh37							unassigned			unavailable		total	analysis_level	95998				all ukb-b traits in the OpenGWAS IGD collection (data/ukb-b/manifest.tsv)	
ukb-b-15926	ukb-b-15926	Cereal intake			/local-scratch/data/opengwas/igd/ukb-b-15926/ukb-b-15926.vcf.gz					GRCh37							unassigned			unavailable		total	analysis_level	441640				all ukb-b traits in the OpenGWAS IGD collection (data/ukb-b/manifest.tsv)	
ukb-b-15932	ukb-b-15932	Operative procedures - main OPCS: T52.1 Palmar fasciectomy			/local-scratch/data/opengwas/igd/ukb-b-15932/ukb-b-15932.vcf.gz					GRCh37							unassigned			unavailable		total	analysis_level	463010				all ukb-b traits in the OpenGWAS IGD collection (data/ukb-b/manifest.tsv)	
ukb-b-15942	ukb-b-15942	Operative procedures - main OPCS: W87.9 Unspecified diagnostic endoscopic examination of knee joint			/local-scratch/data/opengwas/igd/ukb-b-15942/ukb-b-15942.vcf.gz					GRCh37							unassigned			unavailable		total	analysis_level	463010				all ukb-b traits in the OpenGWAS IGD collection (data/ukb-b/manifest.tsv)	
ukb-b-15945	ukb-b-15945	Pea intake			/local-scratch/data/opengwas/igd/ukb-b-15945/ukb-b-15945.vcf.gz					GRCh37							unassigned			unavailable		total	analysis_level	64949				all ukb-b traits in the OpenGWAS IGD collection (data/ukb-b/manifest.tsv)	
ukb-b-15957	ukb-b-15957	Types of transport used (excluding work): Public transport			/local-scratch/data/opengwas/igd/ukb-b-15957/ukb-b-15957.vcf.gz					GRCh37							unassigned			unavailable		total	analysis_level	460491				all ukb-b traits in the OpenGWAS IGD collection (data/ukb-b/manifest.tsv)	
ukb-b-15960	ukb-b-15960	Salted nuts intake			/local-scratch/data/opengwas/igd/ukb-b-15960/ukb-b-15960.vcf.gz					GRCh37							unassigned			unavailable		total	analysis_level	64949				all ukb-b traits in the OpenGWAS IGD collection (data/ukb-b/manifest.tsv)	
ukb-b-15983	ukb-b-15983	Diagnoses - secondary ICD10: Z51.5 Palliative care			/local-scratch/data/opengwas/igd/ukb-b-15983/ukb-b-15983.vcf.gz					GRCh37							unassigned			unavailable		total	analysis_level	463010				all ukb-b traits in the OpenGWAS IGD collection (data/ukb-b/manifest.tsv)	
ukb-b-15984	ukb-b-15984	Thickness of butter/margarine spread on sliced bread: thin			/local-scratch/data/opengwas/igd/ukb-b-15984/ukb-b-15984.vcf.gz					GRCh37							unassigned			unavailable		total	analysis_level	64949				all ukb-b traits in the OpenGWAS IGD collection (data/ukb-b/manifest.tsv)	
ukb-b-1600	ukb-b-1600	Diagnoses - secondary ICD10: G40.9 Epilepsy, unspecified			/local-scratch/data/opengwas/igd/ukb-b-1600/ukb-b-1600.vcf.gz					GRCh37							unassigned			unavailable		total	analysis_level	463010				all ukb-b traits in the OpenGWAS IGD collection (data/ukb-b/manifest.tsv)	
ukb-b-16010	ukb-b-16010	Poultry intake			/local-scratch/data/opengwas/igd/ukb-b-16010/ukb-b-16010.vcf.gz					GRCh37							unassigned			unavailable		total	analysis_level	64949				all ukb-b traits in the OpenGWAS IGD collection (data/ukb-b/manifest.tsv)	
ukb-b-16019	ukb-b-16019	Main speciality of consultant (recoded): Urology			/local-scratch/data/opengwas/igd/ukb-b-16019/ukb-b-16019.vcf.gz					GRCh37							unassigned			unavailable		total	analysis_level	461378				all ukb-b traits in the OpenGWAS IGD collection (data/ukb-b/manifest.tsv)	
ukb-b-16024	ukb-b-16024	Diagnoses - secondary ICD10: Z51.0 Radiotherapy session			/local-scratch/data/opengwas/igd/ukb-b-16024/ukb-b-16024.vcf.gz					GRCh37							unassigned			unavailable		total	analysis_level	463010				all ukb-b traits in the OpenGWAS IGD collection (data/ukb-b/manifest.tsv)	
ukb-b-16026	ukb-b-16026	Duration to complete numeric path (trail #1)			/local-scratch/data/opengwas/igd/ukb-b-16026/ukb-b-16026.vcf.gz					GRCh37							unassigned			unavailable		total	analysis_level	99479				all ukb-b traits in the OpenGWAS IGD collection (data/ukb-b/manifest.tsv)	
ukb-b-16027	ukb-b-16027	Illnesses of mother: None of the above (group 2)			/local-scratch/data/opengwas/igd/ukb-b-16027/ukb-b-16027.vcf.gz					GRCh37							unassigned			unavailable		total	analysis_level	428082				all ukb-b traits in the OpenGWAS IGD collection (data/ukb-b/manifest.tsv)	
ukb-b-16030	ukb-b-16030	Operative procedures - main OPCS: B28.3 Excision of lesion of breast NEC			/local-scratch/data/opengwas/igd/ukb-b-16030/ukb-b-16030.vcf.gz					GRCh37							unassigned			unavailable		total	analysis_level	463010				all ukb-b traits in the OpenGWAS IGD collection (data/ukb-b/manifest.tsv)	
ukb-b-16039	ukb-b-16039	Operative procedures - main OPCS: W90.3 Injection of therapeutic substance into joint			/local-scratch/data/opengwas/igd/ukb-b-16039/ukb-b-16039.vcf.gz					GRCh37							unassigned			unavailable		total	analysis_level	463010				all ukb-b traits in the OpenGWAS IGD collection (data/ukb-b/manifest.tsv)	
ukb-b-1604	ukb-b-1604	Side salad intake			/local-scratch/data/opengwas/igd/ukb-b-1604/ukb-b-1604.vcf.gz					GRCh37							unassigned			unavailable		total	analysis_level	64949				all ukb-b traits in the OpenGWAS IGD collection (data/ukb-b/manifest.tsv)	
ukb-b-16040	ukb-b-16040	Main speciality of consultant (recoded): Oral and maxillo facial surgery			/local-scratch/data/opengwas/igd/ukb-b-16040/ukb-b-16040.vcf.gz					GRCh37							unassigned			unavailable		total	analysis_level	461095				all ukb-b traits in the OpenGWAS IGD collection (data/ukb-b/manifest.tsv)	
ukb-b-16048	ukb-b-16048	Non-cancer illness code, self-reported: pulmonary embolism +/- dvt			/local-scratch/data/opengwas/igd/ukb-b-16048/ukb-b-16048.vcf.gz					GRCh37							unassigned			unavailable		total	analysis_level	462933				all ukb-b traits in the OpenGWAS IGD collection (data/ukb-b/manifest.tsv)	
ukb-b-16056	ukb-b-16056	Diagnoses - secondary ICD10: F10.1 Harmful use			/local-scratch/data/opengwas/igd/ukb-b-16056/ukb-b-16056.vcf.gz					GRCh37							unassigned			unavailable		total	analysis_level	463010				all ukb-b traits in the OpenGWAS IGD collection (data/ukb-b/manifest.tsv)	
ukb-b-16061	ukb-b-16061	Methods of discharge from hospital (recoded): Patient death			/local-scratch/data/opengwas/igd/ukb-b-16061/ukb-b-16061.vcf.gz					GRCh37							unassigned			unavailable		total	analysis_level	462235				all ukb-b traits in the OpenGWAS IGD collection (data/ukb-b/manifest.tsv)	
ukb-b-16062	ukb-b-16062	Operative procedures - secondary OPCS: Y82.2 Injection of local anaesthetic NEC			/local-scratch/data/opengwas/igd/ukb-b-16062/ukb-b-16062.vcf.gz					GRCh37							unassigned			unavailable		total	analysis_level	463010				all ukb-b traits in the OpenGWAS IGD collection (data/ukb-b/manifest.tsv)	
ukb-b-16066	ukb-b-16066	Spreads/sauces consumers			/local-scratch/data/opengwas/igd/ukb-b-16066/ukb-b-16066.vcf.gz					GRCh37							unassigned			unavailable		total	analysis_level	64949				all ukb-b traits in the OpenGWAS IGD collection (data/ukb-b/manifest.tsv)	
ukb-b-16068	ukb-b-16068	PCT responsible for patient data: NOTTINGHAMSHIRE COUNTY TEACHING PCT			/local-scratch/data/opengwas/igd/ukb-b-16068/ukb-b-16068.vcf.gz					GRCh37							unassigned			unavailable		total	analysis_level	463010				all ukb-b traits in the OpenGWAS IGD collection (data/ukb-b/manifest.tsv)	
ukb-b-16071	ukb-b-16071	PCT where patients GP was registered: SOUTH EAST OXFORDSHIRE PCT			/local-scratch/data/opengwas/igd/ukb-b-16071/ukb-b-16071.vcf.gz					GRCh37							unassigned			unavailable		total	analysis_level	463010				all ukb-b traits in the OpenGWAS IGD collection (data/ukb-b/manifest.tsv)	
ukb-b-16077	ukb-b-16077	Sprouts intake			/local-scratch/data/opengwas/igd/ukb-b-16077/ukb-b-16077.vcf.gz					GRCh37							unassigned			unavailable		total	analysis_level	64949				all ukb-b traits in the OpenGWAS IGD collection (data/ukb-b/manifest.tsv)	
ukb-b-16099	ukb-b-16099	Leg fat-free mass (left)			/local-scratch/data/opengwas/igd/ukb-b-16099/ukb-b-16099.vcf.gz					GRCh37							unassigned			unavailable		total	analysis_level	454805				all ukb-b traits in the OpenGWAS IGD collection (data/ukb-b/manifest.tsv)	
ukb-b-16100	ukb-b-16100	Vegetable consumers			/local-scratch/data/opengwas/igd/ukb-b-16100/ukb-b-16100.vcf.gz					GRCh37							unassigned			unavailable		total	analysis_level	64949				all ukb-b traits in the OpenGWAS IGD collection (data/ukb-b/manifest.tsv)	
ukb-b-16102	ukb-b-16102	PCT responsible for patient data: EALING PCT			/local-scratch/data/opengwas/igd/ukb-b-16102/ukb-b-16102.vcf.gz					GRCh37							unassigned			unavailable		total	analysis_level	463010				all ukb-b traits in the OpenGWAS IGD collection (data/ukb-b/manifest.tsv)	
ukb-b-16103	ukb-b-16103	Operative procedures - main OPCS: J43.9 Unspecified diagnostic endoscopic retrograde examination of bile duct and pancreatic duct			/local-scratch/data/opengwas/igd/ukb-b-16103/ukb-b-16103.vcf.gz					GRCh37							unassigned			unavailable		total	analysis_level	463010				all ukb-b traits in the OpenGWAS IGD collection (data/ukb-b/manifest.tsv)	
ukb-b-16112	ukb-b-16112	6mm index of best keratometry results (left)			/local-scratch/data/opengwas/igd/ukb-b-16112/ukb-b-16112.vcf.gz					GRCh37							unassigned			unavailable		total	analysis_level	83410				all ukb-b traits in the OpenGWAS IGD collection (data/ukb-b/manifest.tsv)	
ukb-b-16117	ukb-b-16117	Treatment/medication code: cerazette 75micrograms tablet			/local-scratch/data/opengwas/igd/ukb-b-16117/ukb-b-16117.vcf.gz					GRCh37							unassigned			unavailable		total	analysis_level	462933				all ukb-b traits in the OpenGWAS IGD collection (data/ukb-b/manifest.tsv)	
ukb-b-16118	ukb-b-16118	Neck/shoulder pain for 3+ months			/local-scratch/data/opengwas/igd/ukb-b-16118/ukb-b-16118.vcf.gz					GRCh37							unassigned			unavailable		total	analysis_level	105396				all ukb-b traits in the OpenGWAS IGD collection (data/ukb-b/manifest.tsv)	
ukb-b-16124	ukb-b-16124	Rose wine intake			/local-scratch/data/opengwas/igd/ukb-b-16124/ukb-b-16124.vcf.gz					GRCh37							unassigned			unavailable		total	analysis_level	64949				all ukb-b traits in the OpenGWAS IGD collection (data/ukb-b/manifest.tsv)	
ukb-b-16126	ukb-b-16126	PCT where patients GP was registered: SOUTH SEFTON PCT			/local-scratch/data/opengwas/igd/ukb-b-16126/ukb-b-16126.vcf.gz					GRCh37							unassigned			unavailable		total	analysis_level	463010				all ukb-b traits in the OpenGWAS IGD collection (data/ukb-b/manifest.tsv)	
ukb-b-16128	ukb-b-16128	Treatment/medication code: meloxicam			/local-scratch/data/opengwas/igd/ukb-b-16128/ukb-b-16128.vcf.gz					GRCh37							unassigned			unavailable		total	analysis_level	462933				all ukb-b traits in the OpenGWAS IGD collection (data/ukb-b/manifest.tsv)	
ukb-b-16139	ukb-b-16139	Dark chocolate intake			/local-scratch/data/opengwas/igd/ukb-b-16139/ukb-b-16139.vcf.gz					GRCh37							unassigned			unavailable		total	analysis_level	64945				all ukb-b traits in the OpenGWAS IGD collection (data/ukb-b/manifest.tsv)	
ukb-b-16146	ukb-b-16146	Treatment/medication code: nifedipine			/local-scratch/data/opengwas/igd/ukb-b-16146/ukb-b-16146.vcf.gz					GRCh37							unassigned			unavailable		total	analysis_level	462933				all ukb-b traits in the OpenGWAS IGD collection (data/ukb-b/manifest.tsv)	
ukb-b-16150	ukb-b-16150	Other vegetarian alternative intake			/local-scratch/data/opengwas/igd/ukb-b-16150/ukb-b-16150.vcf.gz					GRCh37							unassigned			unavailable		total	analysis_level	64943				all ukb-b traits in the OpenGWAS IGD collection (data/ukb-b/manifest.tsv)	
ukb-b-16156	ukb-b-16156	Fasting time			/local-scratch/data/opengwas/igd/ukb-b-16156/ukb-b-16156.vcf.gz					GRCh37							unassigned			unavailable		total	analysis_level	462992				all ukb-b traits in the OpenGWAS IGD collection (data/ukb-b/manifest.tsv)	
ukb-b-16170	ukb-b-16170	Ingredients in canned soup: Vegetables			/local-scratch/data/opengwas/igd/ukb-b-16170/ukb-b-16170.vcf.gz					GRCh37							unassigned			unavailable		total	analysis_level	64949				all ukb-b traits in the OpenGWAS IGD collection (data/ukb-b/manifest.tsv)	
ukb-b-16174	ukb-b-16174	Sources of admission to hospital (recoded): Transfer within NHS provider: Surgical specialty			/local-scratch/data/opengwas/igd/ukb-b-16174/ukb-b-16174.vcf.gz					GRCh37							unassigned			unavailable		total	analysis_level	461367				all ukb-b traits in the OpenGWAS IGD collection (data/ukb-b/manifest.tsv)	
ukb-b-16187	ukb-b-16187	Diagnoses - main ICD10: R55 Syncope and collapse			/local-scratch/data/opengwas/igd/ukb-b-16187/ukb-b-16187.vcf.gz					GRCh37							unassigned			unavailable		total	analysis_level	463010				all ukb-b traits in the OpenGWAS IGD collection (data/ukb-b/manifest.tsv)	
ukb-b-16193	ukb-b-16193	Operative procedures - main OPCS: T67.6 Primary simple repair of tendon			/local-scratch/data/opengwas/igd/ukb-b-16193/ukb-b-16193.vcf.gz					GRCh37							unassigned			unavailable		total	analysis_level	463010				all ukb-b traits in the OpenGWAS IGD collection (data/ukb-b/manifest.tsv)	
ukb-b-16201	ukb-b-16201	Treatment speciality of consultant (recoded): Medical oncology			/local-scratch/data/opengwas/igd/ukb-b-16201/ukb-b-16201.vcf.gz					GRCh37							unassigned			unavailable		total	analysis_level	444078				all ukb-b traits in the OpenGWAS IGD collection (data/ukb-b/manifest.tsv)	
ukb-b-16202	ukb-b-16202	Carotene			/local-scratch/data/opengwas/igd/ukb-b-16202/ukb-b-16202.vcf.gz					GRCh37							unassigned			unavailable		total	analysis_level	64979				all ukb-b traits in the OpenGWAS IGD collection (data/ukb-b/manifest.tsv)	
ukb-b-16207	ukb-b-16207	Blood clot, DVT, bronchitis, emphysema, asthma, rhinitis, eczema, allergy diagnosed by doctor: Emphysema/chronic bronchitis			/local-scratch/data/opengwas/igd/ukb-b-16207/ukb-b-16207.vcf.gz					GRCh37							unassigned			unavailable		total	analysis_level	462013				all ukb-b traits in the OpenGWAS IGD collection (data/ukb-b/manifest.tsv)	
ukb-b-16209	ukb-b-16209	Diagnoses - secondary ICD10: K20 Oesophagitis			/local-scratch/data/opengwas/igd/ukb-b-16209/ukb-b-16209.vcf.gz					GRCh37							unassigned			unavailable		total	analysis_level	463010				all ukb-b traits in the OpenGWAS IGD collection (data/ukb-b/manifest.tsv)	
ukb-b-16217	ukb-b-16217	Operation code: nasal/sinus/nose surgery			/local-scratch/data/opengwas/igd/ukb-b-16217/ukb-b-16217.vcf.gz					GRCh37							unassigned			unavailable		total	analysis_level	462933				all ukb-b traits in the OpenGWAS IGD collection (data/ukb-b/manifest.tsv)	
ukb-b-16235	ukb-b-16235	Reason for glasses/contact lenses: For just reading/near work as you are getting older (called 'presbyopia')			/local-scratch/data/opengwas/igd/ukb-b-16235/ukb-b-16235.vcf.gz					GRCh37							unassigned			unavailable		total	analysis_level	460536				all ukb-b traits in the OpenGWAS IGD collection (data/ukb-b/manifest.tsv)	
ukb-b-16240	ukb-b-16240	Operative procedures - main OPCS: W40.1 Primary total prosthetic replacement of knee joint using cement			/local-scratch/data/opengwas/igd/ukb-b-16240/ukb-b-16240.vcf.gz					GRCh37							unassigned			unavailable		total	analysis_level	463010				all ukb-b traits in the OpenGWAS IGD collection (data/ukb-b/manifest.tsv)	
ukb-b-16254	ukb-b-16254	Pain type(s) experienced in last month: Knee pain			/local-scratch/data/opengwas/igd/ukb-b-16254/ukb-b-16254.vcf.gz					GRCh37							unassigned			unavailable		total	analysis_level	461857				all ukb-b traits in the OpenGWAS IGD collection (data/ukb-b/manifest.tsv)	
ukb-b-16256	ukb-b-16256	PCT where patients GP was registered: MANCHESTER PCT			/local-scratch/data/opengwas/igd/ukb-b-16256/ukb-b-16256.vcf.gz					GRCh37							unassigned			unavailable		total	analysis_level	463010				all ukb-b traits in the OpenGWAS IGD collection (data/ukb-b/manifest.tsv)	
ukb-b-16269	ukb-b-16269	Operative procedures - main OPCS: Q35.2 Endoscopic bilateral clipping of fallopian tubes			/local-scratch/data/opengwas/igd/ukb-b-16269/ukb-b-16269.vcf.gz					GRCh37							unassigned			unavailable		total	analysis_level	463010				all ukb-b traits in the OpenGWAS IGD collection (data/ukb-b/manifest.tsv)	
ukb-b-16287	ukb-b-16287	Mean time to correctly identify matches			/local-scratch/data/opengwas/igd/ukb-b-16287/ukb-b-16287.vcf.gz					GRCh37							unassigned			unavailable		total	analysis_level	459523				all ukb-b traits in the OpenGWAS IGD collection (data/ukb-b/manifest.tsv)	
ukb-b-16288	ukb-b-16288	Treatment/medication code: vitamin e product			/local-scratch/data/opengwas/igd/ukb-b-16288/ukb-b-16288.vcf.gz					GRCh37							unassigned			unavailable		total	analysis_level	462933				all ukb-b traits in the OpenGWAS IGD collection (data/ukb-b/manifest.tsv)	
ukb-b-16292	ukb-b-16292	Diagnoses - secondary ICD10: I51.7 Cardiomegaly			/local-scratch/data/opengwas/igd/ukb-b-16292/ukb-b-16292.vcf.gz					GRCh37							unassigned			unavailable		total	analysis_level	463010				all ukb-b traits in the OpenGWAS IGD collection (data/ukb-b/manifest.tsv)	
ukb-b-16295	ukb-b-16295	Types of spreads/sauces consumed: Salad dressing			/local-scratch/data/opengwas/igd/ukb-b-16295/ukb-b-16295.vcf.gz					GRCh37							unassigned			unavailable		total	analysis_level	64949				all ukb-b traits in the OpenGWAS IGD collection (data/ukb-b/manifest.tsv)	
ukb-b-16309	ukb-b-16309	Non-cancer illness code, self-reported: epilepsy			/local-scratch/data/opengwas/igd/ukb-b-16309/ukb-b-16309.vcf.gz					GRCh37							unassigned			unavailable		total	analysis_level	462933				all ukb-b traits in the OpenGWAS IGD collection (data/ukb-b/manifest.tsv)	
ukb-b-16311	ukb-b-16311	Interval between previous point and current one in alphanumeric path (trail #2)			/local-scratch/data/opengwas/igd/ukb-b-16311/ukb-b-16311.vcf.gz					GRCh37							unassigned			unavailable		total	analysis_level	105451				all ukb-b traits in the OpenGWAS IGD collection (data/ukb-b/manifest.tsv)	
ukb-b-16313	ukb-b-16313	Diagnoses - main ICD10: N23 Unspecified renal colic			/local-scratch/data/opengwas/igd/ukb-b-16313/ukb-b-16313.vcf.gz					GRCh37							unassigned			unavailable		total	analysis_level	463010				all ukb-b traits in the OpenGWAS IGD collection (data/ukb-b/manifest.tsv)	
ukb-b-16315	ukb-b-16315	Treatment/medication code: premarin 625micrograms tablet			/local-scratch/data/opengwas/igd/ukb-b-16315/ukb-b-16315.vcf.gz					GRCh37							unassigned			unavailable		total	analysis_level	462933				all ukb-b traits in the OpenGWAS IGD collection (data/ukb-b/manifest.tsv)	
ukb-b-16319	ukb-b-16319	Diagnoses - secondary ICD10: E86 Volume depletion			/local-scratch/data/opengwas/igd/ukb-b-16319/ukb-b-16319.vcf.gz					GRCh37							unassigned			unavailable		total	analysis_level	463010				all ukb-b traits in the OpenGWAS IGD collection (data/ukb-b/manifest.tsv)	
ukb-b-16334	ukb-b-16334	Illnesses of siblings: Stroke			/local-scratch/data/opengwas/igd/ukb-b-16334/ukb-b-16334.vcf.gz					GRCh37							unassigned			unavailable		total	analysis_level	361925				all ukb-b traits in the OpenGWAS IGD collection (data/ukb-b/manifest.tsv)	
ukb-b-16340	ukb-b-16340	Operation code: hip replacement/revision			/local-scratch/data/opengwas/igd/ukb-b-16340/ukb-b-16340.vcf.gz					GRCh37							unassigned			unavailable		total	analysis_level	462933				all ukb-b traits in the OpenGWAS IGD collection (data/ukb-b/manifest.tsv)	
ukb-b-16345	ukb-b-16345	Cancer year/age first occurred			/local-scratch/data/opengwas/igd/ukb-b-16345/ukb-b-16345.vcf.gz					GRCh37							unassigned			unavailable		total	analysis_level	39107				all ukb-b traits in the OpenGWAS IGD collection (data/ukb-b/manifest.tsv)	
ukb-b-16348	ukb-b-16348	PCT where patients GP was registered: CENTRAL LIVERPOOL PCT			/local-scratch/data/opengwas/igd/ukb-b-16348/ukb-b-16348.vcf.gz					GRCh37							unassigned			unavailable		total	analysis_level	463010				all ukb-b traits in the OpenGWAS IGD collection (data/ukb-b/manifest.tsv)	
ukb-b-16364	ukb-b-16364	Diagnoses - secondary ICD10: Z87.1 Personal history of diseases of the digestive system			/local-scratch/data/opengwas/igd/ukb-b-16364/ukb-b-16364.vcf.gz					GRCh37							unassigned			unavailable		total	analysis_level	463010				all ukb-b traits in the OpenGWAS IGD collection (data/ukb-b/manifest.tsv)	
ukb-b-16369	ukb-b-16369	Main speciality of consultant (recoded): Gynaecology			/local-scratch/data/opengwas/igd/ukb-b-16369/ukb-b-16369.vcf.gz					GRCh37							unassigned			unavailable		total	analysis_level	461449				all ukb-b traits in the OpenGWAS IGD collection (data/ukb-b/manifest.tsv)	
ukb-b-16376	ukb-b-16376	Main speciality of consultant (recoded): Cardiology			/local-scratch/data/opengwas/igd/ukb-b-16376/ukb-b-16376.vcf.gz					GRCh37							unassigned			unavailable		total	analysis_level	461416				all ukb-b traits in the OpenGWAS IGD collection (data/ukb-b/manifest.tsv)	
ukb-b-16399	ukb-b-16399	Main speciality of consultant (recoded): Trauma and orthopaedics			/local-scratch/data/opengwas/igd/ukb-b-16399/ukb-b-16399.vcf.gz					GRCh37							unassigned			unavailable		total	analysis_level	461797				all ukb-b traits in the OpenGWAS IGD collection (data/ukb-b/manifest.tsv)	
ukb-b-16407	ukb-b-16407	Trunk fat percentage			/local-scratch/data/opengwas/igd/ukb-b-16407/ukb-b-16407.vcf.gz					GRCh37							unassigned			unavailable		total	analysis_level	454613				all ukb-b traits in the OpenGWAS IGD collection (data/ukb-b/manifest.tsv)	
ukb-b-16426	ukb-b-16426	Non-cancer illness code, self-reported: breast cysts			/local-scratch/data/opengwas/igd/ukb-b-16426/ukb-b-16426.vcf.gz					GRCh37							unassigned			unavailable		total	analysis_level	462933				all ukb-b traits in the OpenGWAS IGD collection (data/ukb-b/manifest.tsv)	
ukb-b-16440	ukb-b-16440	Operation code: testicular hydrocoele surgery / drainage			/local-scratch/data/opengwas/igd/ukb-b-16440/ukb-b-16440.vcf.gz					GRCh37							unassigned			unavailable		total	analysis_level	462933				all ukb-b traits in the OpenGWAS IGD collection (data/ukb-b/manifest.tsv)	
ukb-b-16446	ukb-b-16446	Basal metabolic rate			/local-scratch/data/opengwas/igd/ukb-b-16446/ukb-b-16446.vcf.gz					GRCh37							unassigned			unavailable		total	analysis_level	454874				all ukb-b traits in the OpenGWAS IGD collection (data/ukb-b/manifest.tsv)	
ukb-b-16449	ukb-b-16449	Hot chocolate intake			/local-scratch/data/opengwas/igd/ukb-b-16449/ukb-b-16449.vcf.gz					GRCh37							unassigned			unavailable		total	analysis_level	64936				all ukb-b traits in the OpenGWAS IGD collection (data/ukb-b/manifest.tsv)	
ukb-b-1645	ukb-b-1645	Operative procedures - main OPCS: C75.1 Insertion of prosthetic replacement for lens NEC			/local-scratch/data/opengwas/igd/ukb-b-1645/ukb-b-1645.vcf.gz					GRCh37							unassigned			unavailable		total	analysis_level	463010				all ukb-b traits in the OpenGWAS IGD collection (data/ukb-b/manifest.tsv)	
ukb-b-16451	ukb-b-16451	Illnesses of mother: Diabetes			/local-scratch/data/opengwas/igd/ukb-b-16451/ukb-b-16451.vcf.gz					GRCh37							unassigned			unavailable		total	analysis_level	423892				all ukb-b traits in the OpenGWAS IGD collection (data/ukb-b/manifest.tsv)	
ukb-b-16452	ukb-b-16452	Vitamin and/or mineral supplement use: Glucosamine/chondroitin			/local-scratch/data/opengwas/igd/ukb-b-16452/ukb-b-16452.vcf.gz					GRCh37							unassigned			unavailable		total	analysis_level	64949				all ukb-b traits in the OpenGWAS IGD collection (data/ukb-b/manifest.tsv)	
ukb-b-16454	ukb-b-16454	Operative procedures - secondary OPCS: G45.1 Fibreoptic endoscopic examination of upper gastrointestinal tract and biopsy of lesion of upper gastrointestinal tract			/local-scratch/data/opengwas/igd/ukb-b-16454/ukb-b-16454.vcf.gz					GRCh37							unassigned			unavailable		total	analysis_level	463010				all ukb-b traits in the OpenGWAS IGD collection (data/ukb-b/manifest.tsv)	
ukb-b-16471	ukb-b-16471	Diagnoses - secondary ICD10: Z85.0 Personal history of malignant neoplasm of digestive organs			/local-scratch/data/opengwas/igd/ukb-b-16471/ukb-b-16471.vcf.gz					GRCh37							unassigned			unavailable		total	analysis_level	463010				all ukb-b traits in the OpenGWAS IGD collection (data/ukb-b/manifest.tsv)	
ukb-b-16482	ukb-b-16482	Yogurt/ice-cream consumers			/local-scratch/data/opengwas/igd/ukb-b-16482/ukb-b-16482.vcf.gz					GRCh37							unassigned			unavailable		total	analysis_level	64949				all ukb-b traits in the OpenGWAS IGD collection (data/ukb-b/manifest.tsv)	
ukb-b-16489	ukb-b-16489	Qualifications: College or University degree			/local-scratch/data/opengwas/igd/ukb-b-16489/ukb-b-16489.vcf.gz					GRCh37							unassigned			unavailable		total	analysis_level	458079				all ukb-b traits in the OpenGWAS IGD collection (data/ukb-b/manifest.tsv)	
ukb-b-16499	ukb-b-16499	Non-cancer illness code, self-reported: hayfever/allergic rhinitis			/local-scratch/data/opengwas/igd/ukb-b-16499/ukb-b-16499.vcf.gz					GRCh37							unassigned			unavailable		total	analysis_level	462933				all ukb-b traits in the OpenGWAS IGD collection (data/ukb-b/manifest.tsv)	
ukb-b-16507	ukb-b-16507	Vitamin supplement user			/local-scratch/data/opengwas/igd/ukb-b-16507/ukb-b-16507.vcf.gz					GRCh37							unassigned			unavailable		total	analysis_level	64949				all ukb-b traits in the OpenGWAS IGD collection (data/ukb-b/manifest.tsv)	
ukb-b-16508	ukb-b-16508	Treatment/medication code: alendronate sodium			/local-scratch/data/opengwas/igd/ukb-b-16508/ukb-b-16508.vcf.gz					GRCh37							unassigned			unavailable		total	analysis_level	462933				all ukb-b traits in the OpenGWAS IGD collection (data/ukb-b/manifest.tsv)	
ukb-b-16522	ukb-b-16522	Illnesses of siblings: Prostate cancer			/local-scratch/data/opengwas/igd/ukb-b-16522/ukb-b-16522.vcf.gz					GRCh37							unassigned			unavailable		total	analysis_level	361394				all ukb-b traits in the OpenGWAS IGD collection (data/ukb-b/manifest.tsv)	
ukb-b-16523	ukb-b-16523	Type of meals eaten: Bought sandwiches			/local-scratch/data/opengwas/igd/ukb-b-16523/ukb-b-16523.vcf.gz					GRCh37							unassigned			unavailable		total	analysis_level	64949				all ukb-b traits in the OpenGWAS IGD collection (data/ukb-b/manifest.tsv)	
ukb-b-16527	ukb-b-16527	PCT where patients GP was registered: WAKEFIELD DISTRICT PCT			/local-scratch/data/opengwas/igd/ukb-b-16527/ukb-b-16527.vcf.gz					GRCh37							unassigned			unavailable		total	analysis_level	463010				all ukb-b traits in the OpenGWAS IGD collection (data/ukb-b/manifest.tsv)	
ukb-b-16557	ukb-b-16557	Type of fat/oil used in cooking: Dairy spread			/local-scratch/data/opengwas/igd/ukb-b-16557/ukb-b-16557.vcf.gz					GRCh37							unassigned			unavailable		total	analysis_level	64949				all ukb-b traits in the OpenGWAS IGD collection (data/ukb-b/manifest.tsv)	
ukb-b-16559	ukb-b-16559	Operative procedures - secondary OPCS: Y84.1 Gas and air analgesia in labour			/local-scratch/data/opengwas/igd/ukb-b-16559/ukb-b-16559.vcf.gz					GRCh37							unassigned			unavailable		total	analysis_level	463010				all ukb-b traits in the OpenGWAS IGD collection (data/ukb-b/manifest.tsv)	
ukb-b-16565	ukb-b-16565	How are people in household related to participant: Mother and/or father			/local-scratch/data/opengwas/igd/ukb-b-16565/ukb-b-16565.vcf.gz					GRCh37							unassigned			unavailable		total	analysis_level	459600				all ukb-b traits in the OpenGWAS IGD collection (data/ukb-b/manifest.tsv)	
ukb-b-16573	ukb-b-16573	Operative procedures - main OPCS: U21.2 Computed tomography NEC			/local-scratch/data/opengwas/igd/ukb-b-16573/ukb-b-16573.vcf.gz					GRCh37							unassigned			unavailable		total	analysis_level	463010				all ukb-b traits in the OpenGWAS IGD collection (data/ukb-b/manifest.tsv)	
ukb-b-16576	ukb-b-16576	Dried fruit intake			/local-scratch/data/opengwas/igd/ukb-b-16576/ukb-b-16576.vcf.gz					GRCh37							unassigned			unavailable		total	analysis_level	421764				all ukb-b traits in the OpenGWAS IGD collection (data/ukb-b/manifest.tsv)	
ukb-b-1658	ukb-b-1658	Size of red wine glass drunk: medium (175ml)			/local-scratch/data/opengwas/igd/ukb-b-1658/ukb-b-1658.vcf.gz					GRCh37							unassigned			unavailable		total	analysis_level	64949				all ukb-b traits in the OpenGWAS IGD collection (data/ukb-b/manifest.tsv)	
ukb-b-16585	ukb-b-16585	PCT responsible for patient data: NORTH STAFFORDSHIRE PCT			/local-scratch/data/opengwas/igd/ukb-b-16585/ukb-b-16585.vcf.gz					GRCh37							unassigned			unavailable		total	analysis_level	463010				all ukb-b traits in the OpenGWAS IGD collection (data/ukb-b/manifest.tsv)	
ukb-b-16587	ukb-b-16587	Diagnoses - secondary ICD10: R03.0 Elevated blood-pressure reading, without diagnosis of hypertension			/local-scratch/data/opengwas/igd/ukb-b-16587/ukb-b-16587.vcf.gz					GRCh37							unassigned			unavailable		total	analysis_level	463010				all ukb-b traits in the OpenGWAS IGD collection (data/ukb-b/manifest.tsv)	
ukb-b-16597	ukb-b-16597	Intended management of patient (recoded): One or more nights hospital stay			/local-scratch/data/opengwas/igd/ukb-b-16597/ukb-b-16597.vcf.gz					GRCh37							unassigned			unavailable		total	analysis_level	451201				all ukb-b traits in the OpenGWAS IGD collection (data/ukb-b/manifest.tsv)	
ukb-b-16606	ukb-b-16606	Diagnoses - secondary ICD10: I25.8 Other forms of chronic ischaemic heart disease			/local-scratch/data/opengwas/igd/ukb-b-16606/ukb-b-16606.vcf.gz					GRCh37							unassigned			unavailable		total	analysis_level	463010				all ukb-b traits in the OpenGWAS IGD collection (data/ukb-b/manifest.tsv)	
ukb-b-16609	ukb-b-16609	Target heart rate achieved			/local-scratch/data/opengwas/igd/ukb-b-16609/ukb-b-16609.vcf.gz					GRCh37							unassigned			unavailable		total	analysis_level	68426				all ukb-b traits in the OpenGWAS IGD collection (data/ukb-b/manifest.tsv)	
ukb-b-16635	ukb-b-16635	Types of spreads/sauces consumed: Yeast extract			/local-scratch/data/opengwas/igd/ukb-b-16635/ukb-b-16635.vcf.gz					GRCh37							unassigned			unavailable		total	analysis_level	64949				all ukb-b traits in the OpenGWAS IGD collection (data/ukb-b/manifest.tsv)	
ukb-b-16636	ukb-b-16636	PCT responsible for patient data: SANDWELL PCT			/local-scratch/data/opengwas/igd/ukb-b-16636/ukb-b-16636.vcf.gz					GRCh37							unassigned			unavailable		total	analysis_level	463010				all ukb-b traits in the OpenGWAS IGD collection (data/ukb-b/manifest.tsv)	
ukb-b-16639	ukb-b-16639	Vitamin and/or mineral supplement use: Selenium			/local-scratch/data/opengwas/igd/ukb-b-16639/ukb-b-16639.vcf.gz					GRCh37							unassigned			unavailable		total	analysis_level	64949				all ukb-b traits in the OpenGWAS IGD collection (data/ukb-b/manifest.tsv)	
ukb-b-16641	ukb-b-16641	Diagnoses - secondary ICD10: Z90.1 Acquired absence of breast(s)			/local-scratch/data/opengwas/igd/ukb-b-16641/ukb-b-16641.vcf.gz					GRCh37							unassigned			unavailable		total	analysis_level	463010				all ukb-b traits in the OpenGWAS IGD collection (data/ukb-b/manifest.tsv)	
ukb-b-16652	ukb-b-16652	Non-cancer illness code, self-reported: pleurisy			/local-scratch/data/opengwas/igd/ukb-b-16652/ukb-b-16652.vcf.gz					GRCh37							unassigned			unavailable		total	analysis_level	462933				all ukb-b traits in the OpenGWAS IGD collection (data/ukb-b/manifest.tsv)	
ukb-b-1666	ukb-b-1666	Home location at assessment - east co-ordinate (rounded)			/local-scratch/data/opengwas/igd/ukb-b-1666/ukb-b-1666.vcf.gz					GRCh37							unassigned			unavailable		total	analysis_level	458557				all ukb-b traits in the OpenGWAS IGD collection (data/ukb-b/manifest.tsv)	
ukb-b-16662	ukb-b-16662	Diagnoses - secondary ICD10: I25.2 Old myocardial infarction			/local-scratch/data/opengwas/igd/ukb-b-16662/ukb-b-16662.vcf.gz					GRCh37							unassigned			unavailable		total	analysis_level	463010				all ukb-b traits in the OpenGWAS IGD collection (data/ukb-b/manifest.tsv)	
ukb-b-16665	ukb-b-16665	Operative procedures - main OPCS: Q10.3 Dilation of cervix uteri and curettage of uterus NEC			/local-scratch/data/opengwas/igd/ukb-b-16665/ukb-b-16665.vcf.gz					GRCh37							unassigned			unavailable		total	analysis_level	463010				all ukb-b traits in the OpenGWAS IGD collection (data/ukb-b/manifest.tsv)	
ukb-b-16671	ukb-b-16671	Attendance/disability/mobility allowance: Attendance allowance			/local-scratch/data/opengwas/igd/ukb-b-16671/ukb-b-16671.vcf.gz					GRCh37							unassigned			unavailable		total	analysis_level	459354				all ukb-b traits in the OpenGWAS IGD collection (data/ukb-b/manifest.tsv)	
ukb-b-16677	ukb-b-16677	6mm cylindrical power (right)			/local-scratch/data/opengwas/igd/ukb-b-16677/ukb-b-16677.vcf.gz					GRCh37							unassigned			unavailable		total	analysis_level	84303				all ukb-b traits in the OpenGWAS IGD collection (data/ukb-b/manifest.tsv)	
ukb-b-1668	ukb-b-1668	Diagnoses - main ICD10: I25.1 Atherosclerotic heart disease			/local-scratch/data/opengwas/igd/ukb-b-1668/ukb-b-1668.vcf.gz					GRCh37							unassigned			unavailable		total	analysis_level	463010				all ukb-b traits in the OpenGWAS IGD collection (data/ukb-b/manifest.tsv)	
ukb-b-16698	ukb-b-16698	Arm predicted mass (right)			/local-scratch/data/opengwas/igd/ukb-b-16698/ukb-b-16698.vcf.gz					GRCh37							unassigned			unavailable		total	analysis_level	454746				all ukb-b traits in the OpenGWAS IGD collection (data/ukb-b/manifest.tsv)	
ukb-b-16702	ukb-b-16702	Diagnoses - secondary ICD10: Z91.0 Personal history of allergy, other than to drugs and biological substances			/local-scratch/data/opengwas/igd/ukb-b-16702/ukb-b-16702.vcf.gz					GRCh37							unassigned			unavailable		total	analysis_level	463010				all ukb-b traits in the OpenGWAS IGD collection (data/ukb-b/manifest.tsv)	
ukb-b-16710	ukb-b-16710	Carrot intake			/local-scratch/data/opengwas/igd/ukb-b-16710/ukb-b-16710.vcf.gz					GRCh37							unassigned			unavailable		total	analysis_level	64949				all ukb-b traits in the OpenGWAS IGD collection (data/ukb-b/manifest.tsv)	
ukb-b-16713	ukb-b-16713	Diagnoses - secondary ICD10: C78.7 Secondary malignant neoplasm of liver			/local-scratch/data/opengwas/igd/ukb-b-16713/ukb-b-16713.vcf.gz					GRCh37							unassigned			unavailable		total	analysis_level	463010				all ukb-b traits in the OpenGWAS IGD collection (data/ukb-b/manifest.tsv)	
ukb-b-16715	ukb-b-16715	Operative procedures - secondary OPCS: Z84.1 Sacroiliac joint			/local-scratch/data/opengwas/igd/ukb-b-16715/ukb-b-16715.vcf.gz					GRCh37							unassigned			unavailable		total	analysis_level	463010				all ukb-b traits in the OpenGWAS IGD collection (data/ukb-b/manifest.tsv)	
ukb-b-16721	ukb-b-16721	Starchy food consumers			/local-scratch/data/opengwas/igd/ukb-b-16721/ukb-b-16721.vcf.gz					GRCh37							unassigned			unavailable		total	analysis_level	64949				all ukb-b traits in the OpenGWAS IGD collection (data/ukb-b/manifest.tsv)	
ukb-b-1675	ukb-b-1675	Treatment/medication code: betahistine			/local-scratch/data/opengwas/igd/ukb-b-1675/ukb-b-1675.vcf.gz					GRCh37							unassigned			unavailable		total	analysis_level	462933				all ukb-b traits in the OpenGWAS IGD collection (data/ukb-b/manifest.tsv)	
ukb-b-16751	ukb-b-16751	Diagnoses - secondary ICD10: J44.9 Chronic obstructive pulmonary disease, unspecified			/local-scratch/data/opengwas/igd/ukb-b-16751/ukb-b-16751.vcf.gz					GRCh37							unassigned			unavailable		total	analysis_level	463010				all ukb-b traits in the OpenGWAS IGD collection (data/ukb-b/manifest.tsv)	
ukb-b-16781	ukb-b-16781	Diagnoses - main ICD10: G47.3 Sleep apnoea			/local-scratch/data/opengwas/igd/ukb-b-16781/ukb-b-16781.vcf.gz					GRCh37							unassigned			unavailable		total	analysis_level	463010				all ukb-b traits in the OpenGWAS IGD collection (data/ukb-b/manifest.tsv)	
ukb-b-16812	ukb-b-16812	Vitamin and mineral supplements: Multivitamins +/- minerals			/local-scratch/data/opengwas/igd/ukb-b-16812/ukb-b-16812.vcf.gz					GRCh37							unassigned			unavailable		total	analysis_level	460351				all ukb-b traits in the OpenGWAS IGD collection (data/ukb-b/manifest.tsv)	
ukb-b-16818	ukb-b-16818	Non-cancer illness code, self-reported: gastro-oesophageal reflux (gord) / gastric reflux			/local-scratch/data/opengwas/igd/ukb-b-16818/ukb-b-16818.vcf.gz					GRCh37							unassigned			unavailable		total	analysis_level	462933				all ukb-b traits in the OpenGWAS IGD collection (data/ukb-b/manifest.tsv)	
ukb-b-16847	ukb-b-16847	PCT where patients GP was registered: STAFFORDSHIRE MOORLANDS PCT			/local-scratch/data/opengwas/igd/ukb-b-16847/ukb-b-16847.vcf.gz					GRCh37							unassigned			unavailable		total	analysis_level	463010				all ukb-b traits in the OpenGWAS IGD collection (data/ukb-b/manifest.tsv)	
ukb-b-16855	ukb-b-16855	Cancer diagnosed by doctor			/local-scratch/data/opengwas/igd/ukb-b-16855/ukb-b-16855.vcf.gz					GRCh37							unassigned			unavailable		total	analysis_level	461311				all ukb-b traits in the OpenGWAS IGD collection (data/ukb-b/manifest.tsv)	
ukb-b-16858	ukb-b-16858	Cough on most days			/local-scratch/data/opengwas/igd/ukb-b-16858/ukb-b-16858.vcf.gz					GRCh37							unassigned			unavailable		total	analysis_level	112583				all ukb-b traits in the OpenGWAS IGD collection (data/ukb-b/manifest.tsv)	
ukb-b-16862	ukb-b-16862	Main speciality of consultant (recoded): Respiratory medicine			/local-scratch/data/opengwas/igd/ukb-b-16862/ukb-b-16862.vcf.gz					GRCh37							unassigned			unavailable		total	analysis_level	461173				all ukb-b traits in the OpenGWAS IGD collection (data/ukb-b/manifest.tsv)	
ukb-b-16866	ukb-b-16866	Treatment/medication code: ibuprofen			/local-scratch/data/opengwas/igd/ukb-b-16866/ukb-b-16866.vcf.gz					GRCh37							unassigned			unavailable		total	analysis_level	462933				all ukb-b traits in the OpenGWAS IGD collection (data/ukb-b/manifest.tsv)	
ukb-b-16868	ukb-b-16868	Non-cancer illness code, self-reported: migraine			/local-scratch/data/opengwas/igd/ukb-b-16868/ukb-b-16868.vcf.gz					GRCh37							unassigned			unavailable		total	analysis_level	462933				all ukb-b traits in the OpenGWAS IGD collection (data/ukb-b/manifest.tsv)	
ukb-b-16872	ukb-b-16872	Round of numeric memory test			/local-scratch/data/opengwas/igd/ukb-b-16872/ukb-b-16872.vcf.gz					GRCh37							unassigned			unavailable		total	analysis_level	48080				all ukb-b traits in the OpenGWAS IGD collection (data/ukb-b/manifest.tsv)	
ukb-b-16878	ukb-b-16878	Alcohol usually taken with meals			/local-scratch/data/opengwas/igd/ukb-b-16878/ukb-b-16878.vcf.gz					GRCh37							unassigned			unavailable		total	analysis_level	235645				all ukb-b traits in the OpenGWAS IGD collection (data/ukb-b/manifest.tsv)	
ukb-b-16879	ukb-b-16879	Diagnoses - secondary ICD10: N95.0 Postmenopausal bleeding			/local-scratch/data/opengwas/igd/ukb-b-16879/ukb-b-16879.vcf.gz					GRCh37							unassigned			unavailable		total	analysis_level	463010				all ukb-b traits in the OpenGWAS IGD collection (data/ukb-b/manifest.tsv)	
ukb-b-16881	ukb-b-16881	Sitting height			/local-scratch/data/opengwas/igd/ukb-b-16881/ukb-b-16881.vcf.gz					GRCh37							unassigned			unavailable		total	analysis_level	461536				all ukb-b traits in the OpenGWAS IGD collection (data/ukb-b/manifest.tsv)	
ukb-b-16882	ukb-b-16882	Diagnoses - main ICD10: I84.6 Residual haemorrhoidal skin tags			/local-scratch/data/opengwas/igd/ukb-b-16882/ukb-b-16882.vcf.gz					GRCh37							unassigned			unavailable		total	analysis_level	463010				all ukb-b traits in the OpenGWAS IGD collection (data/ukb-b/manifest.tsv)	
ukb-b-16886	ukb-b-16886	Types of transport used (excluding work): Car/motor vehicle			/local-scratch/data/opengwas/igd/ukb-b-16886/ukb-b-16886.vcf.gz					GRCh37							unassigned			unavailable		total	analysis_level	460491				all ukb-b traits in the OpenGWAS IGD collection (data/ukb-b/manifest.tsv)	
ukb-b-16890	ukb-b-16890	Cancer code, self-reported: breast cancer			/local-scratch/data/opengwas/igd/ukb-b-16890/ukb-b-16890.vcf.gz					GRCh37							unassigned			unavailable		total	analysis_level	462933				all ukb-b traits in the OpenGWAS IGD collection (data/ukb-b/manifest.tsv)	
ukb-b-16892	ukb-b-16892	Treatment/medication code: evening primrose oil			/local-scratch/data/opengwas/igd/ukb-b-16892/ukb-b-16892.vcf.gz					GRCh37							unassigned			unavailable		total	analysis_level	462933				all ukb-b traits in the OpenGWAS IGD collection (data/ukb-b/manifest.tsv)	
ukb-b-16904	ukb-b-16904	Operation code: anterior/posterior repair bladder/uterus			/local-scratch/data/opengwas/igd/ukb-b-16904/ukb-b-16904.vcf.gz					GRCh37							unassigned			unavailable		total	analysis_level	462933				all ukb-b traits in the OpenGWAS IGD collection (data/ukb-b/manifest.tsv)	
ukb-b-16917	ukb-b-16917	Diagnoses - main ICD10: S09.9 Unspecified injury of head			/local-scratch/data/opengwas/igd/ukb-b-16917/ukb-b-16917.vcf.gz					GRCh37							unassigned			unavailable		total	analysis_level	463010				all ukb-b traits in the OpenGWAS IGD collection (data/ukb-b/manifest.tsv)	
ukb-b-16920	ukb-b-16920	PCT where patients GP was registered: WOKINGHAM PCT			/local-scratch/data/opengwas/igd/ukb-b-16920/ukb-b-16920.vcf.gz					GRCh37							unassigned			unavailable		total	analysis_level	463010				all ukb-b traits in the OpenGWAS IGD collection (data/ukb-b/manifest.tsv)	
ukb-b-16927	ukb-b-16927	Age of primiparous women at birth of child			/local-scratch/data/opengwas/igd/ukb-b-16927/ukb-b-16927.vcf.gz					GRCh37							unassigned			unavailable		total	analysis_level	33147				all ukb-b traits in the OpenGWAS IGD collection (data/ukb-b/manifest.tsv)	
ukb-b-16943	ukb-b-16943	Illnesses of siblings: Parkinson's disease			/local-scratch/data/opengwas/igd/ukb-b-16943/ukb-b-16943.vcf.gz					GRCh37							unassigned			unavailable		total	analysis_level	361199				all ukb-b traits in the OpenGWAS IGD collection (data/ukb-b/manifest.tsv)	
ukb-b-16944	ukb-b-16944	Intended management of patient (recoded): Planned series of admissions with no overnight stay			/local-scratch/data/opengwas/igd/ukb-b-16944/ukb-b-16944.vcf.gz					GRCh37							unassigned			unavailable		total	analysis_level	442494				all ukb-b traits in the OpenGWAS IGD collection (data/ukb-b/manifest.tsv)	
ukb-b-16946	ukb-b-16946	Diagnoses - secondary ICD10: R35 Polyuria			/local-scratch/data/opengwas/igd/ukb-b-16946/ukb-b-16946.vcf.gz					GRCh37							unassigned			unavailable		total	analysis_level	463010				all ukb-b traits in the OpenGWAS IGD collection (data/ukb-b/manifest.tsv)	
ukb-b-16956	ukb-b-16956	Treatment/medication code: thyroxine sodium			/local-scratch/data/opengwas/igd/ukb-b-16956/ukb-b-16956.vcf.gz					GRCh37							unassigned			unavailable		total	analysis_level	462933				all ukb-b traits in the OpenGWAS IGD collection (data/ukb-b/manifest.tsv)	
ukb-b-16958	ukb-b-16958	Delivery methods: Spontaneous vertex			/local-scratch/data/opengwas/igd/ukb-b-16958/ukb-b-16958.vcf.gz					GRCh37							unassigned			unavailable		total	analysis_level	10487				all ukb-b traits in the OpenGWAS IGD collection (data/ukb-b/manifest.tsv)	
ukb-b-16967	ukb-b-16967	Diagnoses - secondary ICD10: Z95.0 Presence of cardiac pacemaker			/local-scratch/data/opengwas/igd/ukb-b-16967/ukb-b-16967.vcf.gz					GRCh37							unassigned			unavailable		total	analysis_level	463010				all ukb-b traits in the OpenGWAS IGD collection (data/ukb-b/manifest.tsv)	
ukb-b-16989	ukb-b-16989	External causes: Y83.8 Other surgical procedures			/local-scratch/data/opengwas/igd/ukb-b-16989/ukb-b-16989.vcf.gz					GRCh37							unassigned			unavailable		total	analysis_level	463010				all ukb-b traits in the OpenGWAS IGD collection (data/ukb-b/manifest.tsv)	
ukb-b-16993	ukb-b-16993	Operation code: unclassifiable			/local-scratch/data/opengwas/igd/ukb-b-16993/ukb-b-16993.vcf.gz					GRCh37							unassigned			unavailable		total	analysis_level	462933				all ukb-b traits in the OpenGWAS IGD collection (data/ukb-b/manifest.tsv)	
ukb-b-16998	ukb-b-16998	Duration of walks			/local-scratch/data/opengwas/igd/ukb-b-16998/ukb-b-16998.vcf.gz					GRCh37							unassigned			unavailable		total	analysis_level	395831				all ukb-b traits in the OpenGWAS IGD collection (data/ukb-b/manifest.tsv)	
ukb-b-17001	ukb-b-17001	Ever had bowel cancer screening			/local-scratch/data/opengwas/igd/ukb-b-17001/ukb-b-17001.vcf.gz					GRCh37							unassigned			unavailable		total	analysis_level	455259				all ukb-b traits in the OpenGWAS IGD collection (data/ukb-b/manifest.tsv)	
ukb-b-17006	ukb-b-17006	Non-cancer illness code, self-reported: head injury			/local-scratch/data/opengwas/igd/ukb-b-17006/ukb-b-17006.vcf.gz					GRCh37							unassigned			unavailable		total	analysis_level	462933				all ukb-b traits in the OpenGWAS IGD collection (data/ukb-b/manifest.tsv)	
ukb-b-17010	ukb-b-17010	Treatment/medication code: omega-3/fish oil supplement			/local-scratch/data/opengwas/igd/ukb-b-17010/ukb-b-17010.vcf.gz					GRCh37							unassigned			unavailable		total	analysis_level	462933				all ukb-b traits in the OpenGWAS IGD collection (data/ukb-b/manifest.tsv)	
ukb-b-1702	ukb-b-1702	Diagnoses - secondary ICD10: C77.3 Axillary and upper limb lymph nodes			/local-scratch/data/opengwas/igd/ukb-b-1702/ukb-b-1702.vcf.gz					GRCh37							unassigned			unavailable		total	analysis_level	463010				all ukb-b traits in the OpenGWAS IGD collection (data/ukb-b/manifest.tsv)	
ukb-b-17032	ukb-b-17032	Treatment/medication code: diazepam			/local-scratch/data/opengwas/igd/ukb-b-17032/ukb-b-17032.vcf.gz					GRCh37							unassigned			unavailable		total	analysis_level	462933				all ukb-b traits in the OpenGWAS IGD collection (data/ukb-b/manifest.tsv)	
ukb-b-17043	ukb-b-17043	PCT where patients GP was registered: OXFORD CITY PCT			/local-scratch/data/opengwas/igd/ukb-b-17043/ukb-b-17043.vcf.gz					GRCh37							unassigned			unavailable		total	analysis_level	463010				all ukb-b traits in the OpenGWAS IGD collection (data/ukb-b/manifest.tsv)	
ukb-b-17049	ukb-b-17049	Non-cancer illness code, self-reported: tonsiltis			/local-scratch/data/opengwas/igd/ukb-b-17049/ukb-b-17049.vcf.gz					GRCh37							unassigned			unavailable		total	analysis_level	462933				all ukb-b traits in the OpenGWAS IGD collection (data/ukb-b/manifest.tsv)	
ukb-b-1707	ukb-b-1707	Average weekly spirits intake			/local-scratch/data/opengwas/igd/ukb-b-1707/ukb-b-1707.vcf.gz					GRCh37							unassigned			unavailable		total	analysis_level	326565				all ukb-b traits in the OpenGWAS IGD collection (data/ukb-b/manifest.tsv)	
ukb-b-17078	ukb-b-17078	Treatment/medication code: movicol oral powder			/local-scratch/data/opengwas/igd/ukb-b-17078/ukb-b-17078.vcf.gz					GRCh37							unassigned			unavailable		total	analysis_level	462933				all ukb-b traits in the OpenGWAS IGD collection (data/ukb-b/manifest.tsv)	
ukb-b-17079	ukb-b-17079	Total sugars			/local-scratch/data/opengwas/igd/ukb-b-17079/ukb-b-17079.vcf.gz					GRCh37							unassigned			unavailable		total	analysis_level	64979				all ukb-b traits in the OpenGWAS IGD collection (data/ukb-b/manifest.tsv)	
ukb-b-17085	ukb-b-17085	Operative procedures - secondary OPCS: Z48.1 Skin of scalp			/local-scratch/data/opengwas/igd/ukb-b-17085/ukb-b-17085.vcf.gz					GRCh37							unassigned			unavailable		total	analysis_level	463010				all ukb-b traits in the OpenGWAS IGD collection (data/ukb-b/manifest.tsv)	
ukb-b-17097	ukb-b-17097	Gas or solid-fuel cooking/heating: An open solid fuel fire that you use regularly in winter time			/local-scratch/data/opengwas/igd/ukb-b-17097/ukb-b-17097.vcf.gz					GRCh37							unassigned			unavailable		total	analysis_level	461398				all ukb-b traits in the OpenGWAS IGD collection (data/ukb-b/manifest.tsv)	
ukb-b-17100	ukb-b-17100	PCT where patients GP was registered: BEBINGTON AND WEST WIRRAL PCT			/local-scratch/data/opengwas/igd/ukb-b-17100/ukb-b-17100.vcf.gz					GRCh37							unassigned			unavailable		total	analysis_level	463010				all ukb-b traits in the OpenGWAS IGD collection (data/ukb-b/manifest.tsv)	
ukb-b-17102	ukb-b-17102	External causes: Y83.6 Removal of other organ (partial) (total)			/local-scratch/data/opengwas/igd/ukb-b-17102/ukb-b-17102.vcf.gz					GRCh37							unassigned			unavailable		total	analysis_level	463010				all ukb-b traits in the OpenGWAS IGD collection (data/ukb-b/manifest.tsv)	
ukb-b-17107	ukb-b-17107	Pain type(s) experienced in last month: Facial pain			/local-scratch/data/opengwas/igd/ukb-b-17107/ukb-b-17107.vcf.gz					GRCh37							unassigned			unavailable		total	analysis_level	461857				all ukb-b traits in the OpenGWAS IGD collection (data/ukb-b/manifest.tsv)	
ukb-b-1712	ukb-b-1712	Job involves shift work			/local-scratch/data/opengwas/igd/ukb-b-1712/ukb-b-1712.vcf.gz					GRCh37							unassigned			unavailable		total	analysis_level	263315				all ukb-b traits in the OpenGWAS IGD collection (data/ukb-b/manifest.tsv)	
ukb-b-17130	ukb-b-17130	Operative procedures - main OPCS: X29.2 Continuous intravenous infusion of therapeutic substance NEC			/local-scratch/data/opengwas/igd/ukb-b-17130/ukb-b-17130.vcf.gz					GRCh37							unassigned			unavailable		total	analysis_level	463010				all ukb-b traits in the OpenGWAS IGD collection (data/ukb-b/manifest.tsv)	
ukb-b-17133	ukb-b-17133	Operative procedures - secondary OPCS: Z84.3 Hip joint			/local-scratch/data/opengwas/igd/ukb-b-17133/ukb-b-17133.vcf.gz					GRCh37							unassigned			unavailable		total	analysis_level	463010				all ukb-b traits in the OpenGWAS IGD collection (data/ukb-b/manifest.tsv)	
ukb-b-17155	ukb-b-17155	Transport type for commuting to job workplace: Public transport			/local-scratch/data/opengwas/igd/ukb-b-17155/ukb-b-17155.vcf.gz					GRCh37							unassigned			unavailable		total	analysis_level	245364				all ukb-b traits in the OpenGWAS IGD collection (data/ukb-b/manifest.tsv)	
ukb-b-17174	ukb-b-17174	Type of cancer: ICD10: C44.4 Skin of scalp and neck			/local-scratch/data/opengwas/igd/ukb-b-17174/ukb-b-17174.vcf.gz					GRCh37							unassigned			unavailable		total	analysis_level	463010				all ukb-b traits in the OpenGWAS IGD collection (data/ukb-b/manifest.tsv)	
ukb-b-17189	ukb-b-17189	Ice-cream intake			/local-scratch/data/opengwas/igd/ukb-b-17189/ukb-b-17189.vcf.gz					GRCh37							unassigned			unavailable		total	analysis_level	64949				all ukb-b traits in the OpenGWAS IGD collection (data/ukb-b/manifest.tsv)	
ukb-b-17191	ukb-b-17191	Operative procedures - secondary OPCS: Y53.1 Approach to organ under radiological control			/local-scratch/data/opengwas/igd/ukb-b-17191/ukb-b-17191.vcf.gz					GRCh37							unassigned			unavailable		total	analysis_level	463010				all ukb-b traits in the OpenGWAS IGD collection (data/ukb-b/manifest.tsv)	
ukb-b-17194	ukb-b-17194	Eye problems/disorders: Macular degeneration			/local-scratch/data/opengwas/igd/ukb-b-17194/ukb-b-17194.vcf.gz					GRCh37							unassigned			unavailable		total	analysis_level	150642				all ukb-b traits in the OpenGWAS IGD collection (data/ukb-b/manifest.tsv)	
ukb-b-17219	ukb-b-17219	Diagnoses - secondary ICD10: J45.9 Asthma, unspecified			/local-scratch/data/opengwas/igd/ukb-b-17219/ukb-b-17219.vcf.gz					GRCh37							unassigned			unavailable		total	analysis_level	463010				all ukb-b traits in the OpenGWAS IGD collection (data/ukb-b/manifest.tsv)	
ukb-b-17223	ukb-b-17223	Garlic intake			/local-scratch/data/opengwas/igd/ukb-b-17223/ukb-b-17223.vcf.gz					GRCh37							unassigned			unavailable		total	analysis_level	64949				all ukb-b traits in the OpenGWAS IGD collection (data/ukb-b/manifest.tsv)	
ukb-b-17241	ukb-b-17241	Blood clot, DVT, bronchitis, emphysema, asthma, rhinitis, eczema, allergy diagnosed by doctor: Hayfever, allergic rhinitis or eczema			/local-scratch/data/opengwas/igd/ukb-b-17241/ukb-b-17241.vcf.gz					GRCh37							unassigned			unavailable		total	analysis_level	462013				all ukb-b traits in the OpenGWAS IGD collection (data/ukb-b/manifest.tsv)	
ukb-b-17243	ukb-b-17243	Non-cancer illness code, self-reported: anxiety/panic attacks			/local-scratch/data/opengwas/igd/ukb-b-17243/ukb-b-17243.vcf.gz					GRCh37							unassigned			unavailable		total	analysis_level	462933				all ukb-b traits in the OpenGWAS IGD collection (data/ukb-b/manifest.tsv)	
ukb-b-17271	ukb-b-17271	Leg predicted mass (left)			/local-scratch/data/opengwas/igd/ukb-b-17271/ukb-b-17271.vcf.gz					GRCh37							unassigned			unavailable		total	analysis_level	454799				all ukb-b traits in the OpenGWAS IGD collection (data/ukb-b/manifest.tsv)	
ukb-b-17277	ukb-b-17277	Operation code: anal surgery			/local-scratch/data/opengwas/igd/ukb-b-17277/ukb-b-17277.vcf.gz					GRCh37							unassigned			unavailable		total	analysis_level	462933				all ukb-b traits in the OpenGWAS IGD collection (data/ukb-b/manifest.tsv)	
ukb-b-17287	ukb-b-17287	Diagnoses - main ICD10: R39.8 Other and unspecified symptoms and signs involving the urinary system			/local-scratch/data/opengwas/igd/ukb-b-17287/ukb-b-17287.vcf.gz					GRCh37							unassigned			unavailable		total	analysis_level	463010				all ukb-b traits in the OpenGWAS IGD collection (data/ukb-b/manifest.tsv)	
ukb-b-17289	ukb-b-17289	Sources of admission to hospital (recoded): Usual Place of residence: Living with relatives			/local-scratch/data/opengwas/igd/ukb-b-17289/ukb-b-17289.vcf.gz					GRCh37							unassigned			unavailable		total	analysis_level	461393				all ukb-b traits in the OpenGWAS IGD collection (data/ukb-b/manifest.tsv)	
ukb-b-17291	ukb-b-17291	Leg pain when walking ever disappears while walking			/local-scratch/data/opengwas/igd/ukb-b-17291/ukb-b-17291.vcf.gz					GRCh37							unassigned			unavailable		total	analysis_level	17861				all ukb-b traits in the OpenGWAS IGD collection (data/ukb-b/manifest.tsv)	
ukb-b-17300	ukb-b-17300	Average monthly red wine intake			/local-scratch/data/opengwas/igd/ukb-b-17300/ukb-b-17300.vcf.gz					GRCh37							unassigned			unavailable		total	analysis_level	34179				all ukb-b traits in the OpenGWAS IGD collection (data/ukb-b/manifest.tsv)	
ukb-b-17309	ukb-b-17309	Diagnoses - secondary ICD10: R00.0 Tachycardia, unspecified			/local-scratch/data/opengwas/igd/ukb-b-17309/ukb-b-17309.vcf.gz					GRCh37							unassigned			unavailable		total	analysis_level	463010				all ukb-b traits in the OpenGWAS IGD collection (data/ukb-b/manifest.tsv)	
ukb-b-17314	ukb-b-17314	Treatment/medication code: venlafaxine			/local-scratch/data/opengwas/igd/ukb-b-17314/ukb-b-17314.vcf.gz					GRCh37							unassigned			unavailable		total	analysis_level	462933				all ukb-b traits in the OpenGWAS IGD collection (data/ukb-b/manifest.tsv)	
ukb-b-1732	ukb-b-1732	3mm asymmetry angle (right)			/local-scratch/data/opengwas/igd/ukb-b-1732/ukb-b-1732.vcf.gz					GRCh37							unassigned			unavailable		total	analysis_level	94258				all ukb-b traits in the OpenGWAS IGD collection (data/ukb-b/manifest.tsv)	
ukb-b-17324	ukb-b-17324	Eye problems/disorders: Glaucoma			/local-scratch/data/opengwas/igd/ukb-b-17324/ukb-b-17324.vcf.gz					GRCh37							unassigned			unavailable		total	analysis_level	150642				all ukb-b traits in the OpenGWAS IGD collection (data/ukb-b/manifest.tsv)	
ukb-b-1733	ukb-b-1733	6mm regularity index (right)			/local-scratch/data/opengwas/igd/ukb-b-1733/ukb-b-1733.vcf.gz					GRCh37							unassigned			unavailable		total	analysis_level	52728				all ukb-b traits in the OpenGWAS IGD collection (data/ukb-b/manifest.tsv)	
ukb-b-17336	ukb-b-17336	Diagnoses - secondary ICD10: N81.1 Cystocele			/local-scratch/data/opengwas/igd/ukb-b-17336/ukb-b-17336.vcf.gz					GRCh37							unassigned			unavailable		total	analysis_level	463010				all ukb-b traits in the OpenGWAS IGD collection (data/ukb-b/manifest.tsv)	
ukb-b-17348	ukb-b-17348	Types of spreads/sauces consumed: Hummus			/local-scratch/data/opengwas/igd/ukb-b-17348/ukb-b-17348.vcf.gz					GRCh37							unassigned			unavailable		total	analysis_level	64949				all ukb-b traits in the OpenGWAS IGD collection (data/ukb-b/manifest.tsv)	
ukb-b-17360	ukb-b-17360	Illnesses of siblings: None of the above (group 1)			/local-scratch/data/opengwas/igd/ukb-b-17360/ukb-b-17360.vcf.gz					GRCh37							unassigned			unavailable		total	analysis_level	364971				all ukb-b traits in the OpenGWAS IGD collection (data/ukb-b/manifest.tsv)	
ukb-b-17371	ukb-b-17371	Treatment/medication code: esomeprazole			/local-scratch/data/opengwas/igd/ukb-b-17371/ukb-b-17371.vcf.gz					GRCh37							unassigned			unavailable		total	analysis_level	462933				all ukb-b traits in the OpenGWAS IGD collection (data/ukb-b/manifest.tsv)	
ukb-b-17378	ukb-b-17378	Treatment/medication code: bisoprolol			/local-scratch/data/opengwas/igd/ukb-b-17378/ukb-b-17378.vcf.gz					GRCh37							unassigned			unavailable		total	analysis_level	462933				all ukb-b traits in the OpenGWAS IGD collection (data/ukb-b/manifest.tsv)	
ukb-b-17381	ukb-b-17381	Vitamin and mineral supplements: None of the above			/local-scratch/data/opengwas/igd/ukb-b-17381/ukb-b-17381.vcf.gz					GRCh37							unassigned			unavailable		total	analysis_level	460351				all ukb-b traits in the OpenGWAS IGD collection (data/ukb-b/manifest.tsv)	
ukb-b-17398	ukb-b-17398	Treatment/medication code: oxytetracycline			/local-scratch/data/opengwas/igd/ukb-b-17398/ukb-b-17398.vcf.gz					GRCh37							unassigned			unavailable		total	analysis_level	462933				all ukb-b traits in the OpenGWAS IGD collection (data/ukb-b/manifest.tsv)	
ukb-b-17400	ukb-b-17400	Snoring			/local-scratch/data/opengwas/igd/ukb-b-17400/ukb-b-17400.vcf.gz					GRCh37							unassigned			unavailable		total	analysis_level	430438				all ukb-b traits in the OpenGWAS IGD collection (data/ukb-b/manifest.tsv)	
ukb-b-17402	ukb-b-17402	Types of spread used on bread/crackers: Normal fat butter on bread/crackers			/local-scratch/data/opengwas/igd/ukb-b-17402/ukb-b-17402.vcf.gz					GRCh37							unassigned			unavailable		total	analysis_level	64949				all ukb-b traits in the OpenGWAS IGD collection (data/ukb-b/manifest.tsv)	
ukb-b-17406	ukb-b-17406	Retinol			/local-scratch/data/opengwas/igd/ukb-b-17406/ukb-b-17406.vcf.gz					GRCh37							unassigned			unavailable		total	analysis_level	62991				all ukb-b traits in the OpenGWAS IGD collection (data/ukb-b/manifest.tsv)	
ukb-b-17409	ukb-b-17409	Trunk fat-free mass			/local-scratch/data/opengwas/igd/ukb-b-17409/ukb-b-17409.vcf.gz					GRCh37							unassigned			unavailable		total	analysis_level	454508				all ukb-b traits in the OpenGWAS IGD collection (data/ukb-b/manifest.tsv)	
ukb-b-17422	ukb-b-17422	Age at menopause (last menstrual period)			/local-scratch/data/opengwas/igd/ukb-b-17422/ukb-b-17422.vcf.gz					GRCh37							unassigned			unavailable		total	analysis_level	143819				all ukb-b traits in the OpenGWAS IGD collection (data/ukb-b/manifest.tsv)	
ukb-b-1744	ukb-b-1744	Operative procedures - secondary OPCS: Y02.2 Insertion of prosthesis into organ NOC			/local-scratch/data/opengwas/igd/ukb-b-1744/ukb-b-1744.vcf.gz					GRCh37							unassigned			unavailable		total	analysis_level	463010				all ukb-b traits in the OpenGWAS IGD collection (data/ukb-b/manifest.tsv)	
ukb-b-17441	ukb-b-17441	Other dessert intake			/local-scratch/data/opengwas/igd/ukb-b-17441/ukb-b-17441.vcf.gz					GRCh37							unassigned			unavailable		total	analysis_level	64949				all ukb-b traits in the OpenGWAS IGD collection (data/ukb-b/manifest.tsv)	
ukb-b-17446	ukb-b-17446	Operative procedures - secondary OPCS: Q18.1 Diagnostic endoscopic examination of uterus and biopsy of lesion of uterus			/local-scratch/data/opengwas/igd/ukb-b-17446/ukb-b-17446.vcf.gz					GRCh37							unassigned			unavailable		total	analysis_level	463010				all ukb-b traits in the OpenGWAS IGD collection (data/ukb-b/manifest.tsv)	
ukb-b-17455	ukb-b-17455	Never eat eggs, dairy, wheat, sugar: Eggs or foods containing eggs			/local-scratch/data/opengwas/igd/ukb-b-17455/ukb-b-17455.vcf.gz					GRCh37							unassigned			unavailable		total	analysis_level	461046				all ukb-b traits in the OpenGWAS IGD collection (data/ukb-b/manifest.tsv)	
ukb-b-17456	ukb-b-17456	Diagnoses - main ICD10: R10.3 Pain localised to other parts of lower abdomen			/local-scratch/data/opengwas/igd/ukb-b-17456/ukb-b-17456.vcf.gz					GRCh37							unassigned			unavailable		total	analysis_level	463010				all ukb-b traits in the OpenGWAS IGD collection (data/ukb-b/manifest.tsv)	
ukb-b-17462	ukb-b-17462	Diagnoses - secondary ICD10: E78.5 Hyperlipidaemia, unspecified			/local-scratch/data/opengwas/igd/ukb-b-17462/ukb-b-17462.vcf.gz					GRCh37							unassigned			unavailable		total	analysis_level	463010				all ukb-b traits in the OpenGWAS IGD collection (data/ukb-b/manifest.tsv)	
ukb-b-17469	ukb-b-17469	Heating type(s) in home: Gas central heating			/local-scratch/data/opengwas/igd/ukb-b-17469/ukb-b-17469.vcf.gz					GRCh37							unassigned			unavailable		total	analysis_level	152863				all ukb-b traits in the OpenGWAS IGD collection (data/ukb-b/manifest.tsv)	
ukb-b-175	ukb-b-175	Operation code: vaginal prolapse/colposuspension			/local-scratch/data/opengwas/igd/ukb-b-175/ukb-b-175.vcf.gz					GRCh37							unassigned			unavailable		total	analysis_level	462933				all ukb-b traits in the OpenGWAS IGD collection (data/ukb-b/manifest.tsv)	
ukb-b-17501	ukb-b-17501	Operative procedures - secondary OPCS: Z86.4 Metatarsophalangeal joint of great toe			/local-scratch/data/opengwas/igd/ukb-b-17501/ukb-b-17501.vcf.gz					GRCh37							unassigned			unavailable		total	analysis_level	463010				all ukb-b traits in the OpenGWAS IGD collection (data/ukb-b/manifest.tsv)	
ukb-b-17507	ukb-b-17507	Cancer code, self-reported: cin/pre-cancer cells cervix			/local-scratch/data/opengwas/igd/ukb-b-17507/ukb-b-17507.vcf.gz					GRCh37							unassigned			unavailable		total	analysis_level	462933				all ukb-b traits in the OpenGWAS IGD collection (data/ukb-b/manifest.tsv)	
ukb-b-17514	ukb-b-17514	Sex of baby: Male			/local-scratch/data/opengwas/igd/ukb-b-17514/ukb-b-17514.vcf.gz					GRCh37							unassigned			unavailable		total	analysis_level	13493				all ukb-b traits in the OpenGWAS IGD collection (data/ukb-b/manifest.tsv)	
ukb-b-17527	ukb-b-17527	Operative procedures - secondary OPCS: V55.1 One level of spine			/local-scratch/data/opengwas/igd/ukb-b-17527/ukb-b-17527.vcf.gz					GRCh37							unassigned			unavailable		total	analysis_level	463010				all ukb-b traits in the OpenGWAS IGD collection (data/ukb-b/manifest.tsv)	
ukb-b-17532	ukb-b-17532	Diagnoses - secondary ICD10: E14.9 Without complications			/local-scratch/data/opengwas/igd/ukb-b-17532/ukb-b-17532.vcf.gz					GRCh37							unassigned			unavailable		total	analysis_level	463010				all ukb-b traits in the OpenGWAS IGD collection (data/ukb-b/manifest.tsv)	
ukb-b-17533	ukb-b-17533	Operation code: uterine surgery			/local-scratch/data/opengwas/igd/ukb-b-17533/ukb-b-17533.vcf.gz					GRCh37							unassigned			unavailable		total	analysis_level	462933				all ukb-b traits in the OpenGWAS IGD collection (data/ukb-b/manifest.tsv)	
ukb-b-17538	ukb-b-17538	Types of spreads/sauces consumed: Mayonnaise			/local-scratch/data/opengwas/igd/ukb-b-17538/ukb-b-17538.vcf.gz					GRCh37							unassigned			unavailable		total	analysis_level	64949				all ukb-b traits in the OpenGWAS IGD collection (data/ukb-b/manifest.tsv)	
ukb-b-17553	ukb-b-17553	Pregnant			/local-scratch/data/opengwas/igd/ukb-b-17553/ukb-b-17553.vcf.gz					GRCh37							unassigned			unavailable		total	analysis_level	250880				all ukb-b traits in the OpenGWAS IGD collection (data/ukb-b/manifest.tsv)	
ukb-b-17554	ukb-b-17554	Fruit consumers			/local-scratch/data/opengwas/igd/ukb-b-17554/ukb-b-17554.vcf.gz					GRCh37							unassigned			unavailable		total	analysis_level	64949				all ukb-b traits in the OpenGWAS IGD collection (data/ukb-b/manifest.tsv)	
ukb-b-17557	ukb-b-17557	Types of transport used (excluding work): Cycle			/local-scratch/data/opengwas/igd/ukb-b-17557/ukb-b-17557.vcf.gz					GRCh37							unassigned			unavailable		total	analysis_level	460491				all ukb-b traits in the OpenGWAS IGD collection (data/ukb-b/manifest.tsv)	
ukb-b-17566	ukb-b-17566	Year immigrated to UK (United Kingdom)			/local-scratch/data/opengwas/igd/ukb-b-17566/ukb-b-17566.vcf.gz					GRCh37							unassigned			unavailable		total	analysis_level	24050				all ukb-b traits in the OpenGWAS IGD collection (data/ukb-b/manifest.tsv)	
ukb-b-17579	ukb-b-17579	Why reduced smoking: Doctor's advice			/local-scratch/data/opengwas/igd/ukb-b-17579/ukb-b-17579.vcf.gz					GRCh37							unassigned			unavailable		total	analysis_level	14951				all ukb-b traits in the OpenGWAS IGD collection (data/ukb-b/manifest.tsv)	
ukb-b-17587	ukb-b-17587	Diagnoses - main ICD10: T81.0 Haemorrhage and haematoma complicating a procedure, not elsewhere classified			/local-scratch/data/opengwas/igd/ukb-b-17587/ukb-b-17587.vcf.gz					GRCh37							unassigned			unavailable		total	analysis_level	463010				all ukb-b traits in the OpenGWAS IGD collection (data/ukb-b/manifest.tsv)	
ukb-b-17595	ukb-b-17595	Medication for pain relief, constipation, heartburn: Paracetamol			/local-scratch/data/opengwas/igd/ukb-b-17595/ukb-b-17595.vcf.gz					GRCh37							unassigned			unavailable		total	analysis_level	457547				all ukb-b traits in the OpenGWAS IGD collection (data/ukb-b/manifest.tsv)	
ukb-b-17599	ukb-b-17599	Operative procedures - main OPCS: M42.1 Endoscopic resection of lesion of bladder			/local-scratch/data/opengwas/igd/ukb-b-17599/ukb-b-17599.vcf.gz					GRCh37							unassigned			unavailable		total	analysis_level	463010				all ukb-b traits in the OpenGWAS IGD collection (data/ukb-b/manifest.tsv)	
ukb-b-17601	ukb-b-17601	Mouth/teeth dental problems: None of the above			/local-scratch/data/opengwas/igd/ukb-b-17601/ukb-b-17601.vcf.gz					GRCh37							unassigned			unavailable		total	analysis_level	461113				all ukb-b traits in the OpenGWAS IGD collection (data/ukb-b/manifest.tsv)	
ukb-b-1761	ukb-b-1761	Diagnoses - secondary ICD10: J18.1 Lobar pneumonia, unspecified			/local-scratch/data/opengwas/igd/ukb-b-1761/ukb-b-1761.vcf.gz					GRCh37							unassigned			unavailable		total	analysis_level	463010				all ukb-b traits in the OpenGWAS IGD collection (data/ukb-b/manifest.tsv)	
ukb-b-17612	ukb-b-17612	Heel bone ultrasound T-score, manual entry			/local-scratch/data/opengwas/igd/ukb-b-17612/ukb-b-17612.vcf.gz					GRCh37							unassigned			unavailable		total	analysis_level	40613				all ukb-b traits in the OpenGWAS IGD collection (data/ukb-b/manifest.tsv)	
ukb-b-17616	ukb-b-17616	Treatment/medication code: xalatan 0.005% eye drops			/local-scratch/data/opengwas/igd/ukb-b-17616/ukb-b-17616.vcf.gz					GRCh37							unassigned			unavailable		total	analysis_level	462933				all ukb-b traits in the OpenGWAS IGD collection (data/ukb-b/manifest.tsv)	
ukb-b-1762	ukb-b-1762	Diagnoses - secondary ICD10: R69 Unknown and unspecified causes of morbidity			/local-scratch/data/opengwas/igd/ukb-b-1762/ukb-b-1762.vcf.gz					GRCh37							unassigned			unavailable		total	analysis_level	463010				all ukb-b traits in the OpenGWAS IGD collection (data/ukb-b/manifest.tsv)	
ukb-b-17627	ukb-b-17627	Non-oily fish intake			/local-scratch/data/opengwas/igd/ukb-b-17627/ukb-b-17627.vcf.gz					GRCh37							unassigned			unavailable		total	analysis_level	460880				all ukb-b traits in the OpenGWAS IGD collection (data/ukb-b/manifest.tsv)	
ukb-b-1763	ukb-b-1763	Non-cancer illness code, self-reported: nasal/sinus disorder			/local-scratch/data/opengwas/igd/ukb-b-1763/ukb-b-1763.vcf.gz					GRCh37							unassigned			unavailable		total	analysis_level	462933				all ukb-b traits in the OpenGWAS IGD collection (data/ukb-b/manifest.tsv)	
ukb-b-17633	ukb-b-17633	Treatment/medication code: dosulepin			/local-scratch/data/opengwas/igd/ukb-b-17633/ukb-b-17633.vcf.gz					GRCh37							unassigned			unavailable		total	analysis_level	462933				all ukb-b traits in the OpenGWAS IGD collection (data/ukb-b/manifest.tsv)	
ukb-b-17635	ukb-b-17635	Operative procedures - main OPCS: M47.3 Removal of urethral catheter from bladder			/local-scratch/data/opengwas/igd/ukb-b-17635/ukb-b-17635.vcf.gz					GRCh37							unassigned			unavailable		total	analysis_level	463010				all ukb-b traits in the OpenGWAS IGD collection (data/ukb-b/manifest.tsv)	
ukb-b-1765	ukb-b-1765	Operative procedures - secondary OPCS: L87.1 Stripping of long saphenous vein			/local-scratch/data/opengwas/igd/ukb-b-1765/ukb-b-1765.vcf.gz					GRCh37							unassigned			unavailable		total	analysis_level	463010				all ukb-b traits in the OpenGWAS IGD collection (data/ukb-b/manifest.tsv)	
ukb-b-17670	ukb-b-17670	Non-cancer illness code, self-reported: multiple sclerosis			/local-scratch/data/opengwas/igd/ukb-b-17670/ukb-b-17670.vcf.gz					GRCh37							unassigned			unavailable		total	analysis_level	462933				all ukb-b traits in the OpenGWAS IGD collection (data/ukb-b/manifest.tsv)	
ukb-b-17671	ukb-b-17671	Operative procedures - secondary OPCS: Z66.5 Lumbar vertebra			/local-scratch/data/opengwas/igd/ukb-b-17671/ukb-b-17671.vcf.gz					GRCh37							unassigned			unavailable		total	analysis_level	463010				all ukb-b traits in the OpenGWAS IGD collection (data/ukb-b/manifest.tsv)	
ukb-b-17673	ukb-b-17673	Fish consumer			/local-scratch/data/opengwas/igd/ukb-b-17673/ukb-b-17673.vcf.gz					GRCh37							unassigned			unavailable		total	analysis_level	64949				all ukb-b traits in the OpenGWAS IGD collection (data/ukb-b/manifest.tsv)	
ukb-b-17681	ukb-b-17681	Treatment/medication code: beclometasone			/local-scratch/data/opengwas/igd/ukb-b-17681/ukb-b-17681.vcf.gz					GRCh37							unassigned			unavailable		total	analysis_level	462933				all ukb-b traits in the OpenGWAS IGD collection (data/ukb-b/manifest.tsv)	
ukb-b-17685	ukb-b-17685	Maternal smoking around birth			/local-scratch/data/opengwas/igd/ukb-b-17685/ukb-b-17685.vcf.gz					GRCh37							unassigned			unavailable		total	analysis_level	397732				all ukb-b traits in the OpenGWAS IGD collection (data/ukb-b/manifest.tsv)	
ukb-b-17687	ukb-b-17687	Illness, injury, bereavement, stress in last 2 years: None of the above			/local-scratch/data/opengwas/igd/ukb-b-17687/ukb-b-17687.vcf.gz					GRCh37							unassigned			unavailable		total	analysis_level	459742				all ukb-b traits in the OpenGWAS IGD collection (data/ukb-b/manifest.tsv)	
ukb-b-17708	ukb-b-17708	Operative procedures - secondary OPCS: Z81.2 Acromioclavicular joint			/local-scratch/data/opengwas/igd/ukb-b-17708/ukb-b-17708.vcf.gz					GRCh37							unassigned			unavailable		total	analysis_level	463010				all ukb-b traits in the OpenGWAS IGD collection (data/ukb-b/manifest.tsv)	
ukb-b-17729	ukb-b-17729	Qualifications: None of the above			/local-scratch/data/opengwas/igd/ukb-b-17729/ukb-b-17729.vcf.gz					GRCh37							unassigned			unavailable		total	analysis_level	458079				all ukb-b traits in the OpenGWAS IGD collection (data/ukb-b/manifest.tsv)	
ukb-b-17733	ukb-b-17733	Operation code: colposcopy +/- biopsy			/local-scratch/data/opengwas/igd/ukb-b-17733/ukb-b-17733.vcf.gz					GRCh37							unassigned			unavailable		total	analysis_level	462933				all ukb-b traits in the OpenGWAS IGD collection (data/ukb-b/manifest.tsv)	
ukb-b-17738	ukb-b-17738	Fractured bone site(s): Other bones			/local-scratch/data/opengwas/igd/ukb-b-17738/ukb-b-17738.vcf.gz					GRCh37							unassigned			unavailable		total	analysis_level	460340				all ukb-b traits in the OpenGWAS IGD collection (data/ukb-b/manifest.tsv)	
ukb-b-17742	ukb-b-17742	Operative procedures - secondary OPCS: Y75.2 Laparoscopic approach to abdominal cavity NEC			/local-scratch/data/opengwas/igd/ukb-b-17742/ukb-b-17742.vcf.gz					GRCh37							unassigned			unavailable		total	analysis_level	463010				all ukb-b traits in the OpenGWAS IGD collection (data/ukb-b/manifest.tsv)	
ukb-b-17763	ukb-b-17763	Operative procedures - secondary OPCS: Y80.3 Inhalation anaesthetic NEC			/local-scratch/data/opengwas/igd/ukb-b-17763/ukb-b-17763.vcf.gz					GRCh37							unassigned			unavailable		total	analysis_level	463010				all ukb-b traits in the OpenGWAS IGD collection (data/ukb-b/manifest.tsv)	
ukb-b-17772	ukb-b-17772	6mm cylindrical power angle (right)			/local-scratch/data/opengwas/igd/ukb-b-17772/ukb-b-17772.vcf.gz					GRCh37							unassigned			unavailable		total	analysis_level	84278				all ukb-b traits in the OpenGWAS IGD collection (data/ukb-b/manifest.tsv)	
ukb-b-17775	ukb-b-17775	Fruitcake intake			/local-scratch/data/opengwas/igd/ukb-b-17775/ukb-b-17775.vcf.gz					GRCh37							unassigned			unavailable		total	analysis_level	64949				all ukb-b traits in the OpenGWAS IGD collection (data/ukb-b/manifest.tsv)	
ukb-b-17788	ukb-b-17788	Operation code: carpal tunnel surgery			/local-scratch/data/opengwas/igd/ukb-b-17788/ukb-b-17788.vcf.gz					GRCh37							unassigned			unavailable		total	analysis_level	462933				all ukb-b traits in the OpenGWAS IGD collection (data/ukb-b/manifest.tsv)	
ukb-b-17796	ukb-b-17796	Diagnoses - secondary ICD10: M81.99 Osteoporosis, unspecified (Site unspecified)			/local-scratch/data/opengwas/igd/ukb-b-17796/ukb-b-17796.vcf.gz					GRCh37							unassigned			unavailable		total	analysis_level	463010				all ukb-b traits in the OpenGWAS IGD collection (data/ukb-b/manifest.tsv)	
ukb-b-17798	ukb-b-17798	PCT where patients GP was registered: BURNLEY, PENDLE AND ROSSENDALE PCT			/local-scratch/data/opengwas/igd/ukb-b-17798/ukb-b-17798.vcf.gz					GRCh37							unassigned			unavailable		total	analysis_level	463010				all ukb-b traits in the OpenGWAS IGD collection (data/ukb-b/manifest.tsv)	
ukb-b-1780	ukb-b-1780	Fruit smoothie intake			/local-scratch/data/opengwas/igd/ukb-b-1780/ukb-b-1780.vcf.gz					GRCh37							unassigned			unavailable		total	analysis_level	64942				all ukb-b traits in the OpenGWAS IGD collection (data/ukb-b/manifest.tsv)	
ukb-b-17805	ukb-b-17805	Medication for cholesterol, blood pressure, diabetes, or take exogenous hormones: Cholesterol lowering medication			/local-scratch/data/opengwas/igd/ukb-b-17805/ukb-b-17805.vcf.gz					GRCh37							unassigned			unavailable		total	analysis_level	249710				all ukb-b traits in the OpenGWAS IGD collection (data/ukb-b/manifest.tsv)	
ukb-b-17814	ukb-b-17814	Caffeine drink within last hour			/local-scratch/data/opengwas/igd/ukb-b-17814/ukb-b-17814.vcf.gz					GRCh37							unassigned			unavailable		total	analysis_level	424873				all ukb-b traits in the OpenGWAS IGD collection (data/ukb-b/manifest.tsv)	
ukb-b-17820	ukb-b-17820	Smoking compared to 10 years previous			/local-scratch/data/opengwas/igd/ukb-b-17820/ukb-b-17820.vcf.gz					GRCh37							unassigned			unavailable		total	analysis_level	36019				all ukb-b traits in the OpenGWAS IGD collection (data/ukb-b/manifest.tsv)	
ukb-b-17823	ukb-b-17823	Diagnoses - secondary ICD10: Y83.8 Other surgical procedures			/local-scratch/data/opengwas/igd/ukb-b-17823/ukb-b-17823.vcf.gz					GRCh37							unassigned			unavailable		total	analysis_level	463010				all ukb-b traits in the OpenGWAS IGD collection (data/ukb-b/manifest.tsv)	
ukb-b-17836	ukb-b-17836	Treatment/medication code: seretide 50 evohaler			/local-scratch/data/opengwas/igd/ukb-b-17836/ukb-b-17836.vcf.gz					GRCh37							unassigned			unavailable		total	analysis_level	462933				all ukb-b traits in the OpenGWAS IGD collection (data/ukb-b/manifest.tsv)	
ukb-b-17841	ukb-b-17841	Interpolated Year when non-cancer illness first diagnosed			/local-scratch/data/opengwas/igd/ukb-b-17841/ukb-b-17841.vcf.gz					GRCh37							unassigned			unavailable		total	analysis_level	342336				all ukb-b traits in the OpenGWAS IGD collection (data/ukb-b/manifest.tsv)	
ukb-b-17845	ukb-b-17845	Diagnoses - secondary ICD10: K63.5 Polyp of colon			/local-scratch/data/opengwas/igd/ukb-b-17845/ukb-b-17845.vcf.gz					GRCh37							unassigned			unavailable		total	analysis_level	463010				all ukb-b traits in the OpenGWAS IGD collection (data/ukb-b/manifest.tsv)	
ukb-b-17848	ukb-b-17848	Heel quantitative ultrasound index (QUI), manual entry			/local-scratch/data/opengwas/igd/ukb-b-17848/ukb-b-17848.vcf.gz					GRCh37							unassigned			unavailable		total	analysis_level	40613				all ukb-b traits in the OpenGWAS IGD collection (data/ukb-b/manifest.tsv)	
ukb-b-17859	ukb-b-17859	3mm asymmetry index (left)			/local-scratch/data/opengwas/igd/ukb-b-17859/ukb-b-17859.vcf.gz					GRCh37							unassigned			unavailable		total	analysis_level	94008				all ukb-b traits in the OpenGWAS IGD collection (data/ukb-b/manifest.tsv)	
ukb-b-17868	ukb-b-17868	Bilateral oophorectomy (both ovaries removed)			/local-scratch/data/opengwas/igd/ukb-b-17868/ukb-b-17868.vcf.gz					GRCh37							unassigned			unavailable		total	analysis_level	247538				all ukb-b traits in the OpenGWAS IGD collection (data/ukb-b/manifest.tsv)	
ukb-b-17881	ukb-b-17881	Potassium			/local-scratch/data/opengwas/igd/ukb-b-17881/ukb-b-17881.vcf.gz					GRCh37							unassigned			unavailable		total	analysis_level	64979				all ukb-b traits in the OpenGWAS IGD collection (data/ukb-b/manifest.tsv)	
ukb-b-17885	ukb-b-17885	Diagnoses - main ICD10: R31 Unspecified haematuria			/local-scratch/data/opengwas/igd/ukb-b-17885/ukb-b-17885.vcf.gz					GRCh37							unassigned			unavailable		total	analysis_level	463010				all ukb-b traits in the OpenGWAS IGD collection (data/ukb-b/manifest.tsv)	
ukb-b-17907	ukb-b-17907	Operation code: hysteroscopy +/- biopsy			/local-scratch/data/opengwas/igd/ukb-b-17907/ukb-b-17907.vcf.gz					GRCh37							unassigned			unavailable		total	analysis_level	462933				all ukb-b traits in the OpenGWAS IGD collection (data/ukb-b/manifest.tsv)	
ukb-b-17918	ukb-b-17918	Treatment/medication code: levothyroxine sodium			/local-scratch/data/opengwas/igd/ukb-b-17918/ukb-b-17918.vcf.gz					GRCh37							unassigned			unavailable		total	analysis_level	462933				all ukb-b traits in the OpenGWAS IGD collection (data/ukb-b/manifest.tsv)	
ukb-b-1795	ukb-b-1795	Low calorie hot chocolate intake			/local-scratch/data/opengwas/igd/ukb-b-1795/ukb-b-1795.vcf.gz					GRCh37							unassigned			unavailable		total	analysis_level	64942				all ukb-b traits in the OpenGWAS IGD collection (data/ukb-b/manifest.tsv)	
ukb-b-17952	ukb-b-17952	Heel Broadband ultrasound attenuation (BUA), manual entry			/local-scratch/data/opengwas/igd/ukb-b-17952/ukb-b-17952.vcf.gz					GRCh37							unassigned			unavailable		total	analysis_level	40613				all ukb-b traits in the OpenGWAS IGD collection (data/ukb-b/manifest.tsv)	
ukb-b-17961	ukb-b-17961	Diagnoses - main ICD10: K58.9 Irritable bowel syndrome without diarrhoea			/local-scratch/data/opengwas/igd/ukb-b-17961/ukb-b-17961.vcf.gz					GRCh37							unassigned			unavailable		total	analysis_level	463010				all ukb-b traits in the OpenGWAS IGD collection (data/ukb-b/manifest.tsv)	
ukb-b-17962	ukb-b-17962	Operative procedures - secondary OPCS: E13.3 Intranasal antrostomy			/local-scratch/data/opengwas/igd/ukb-b-17962/ukb-b-17962.vcf.gz					GRCh37							unassigned			unavailable		total	analysis_level	463010				all ukb-b traits in the OpenGWAS IGD collection (data/ukb-b/manifest.tsv)	
ukb-b-17965	ukb-b-17965	Main speciality of consultant (recoded): Neurosurgery			/local-scratch/data/opengwas/igd/ukb-b-17965/ukb-b-17965.vcf.gz					GRCh37							unassigned			unavailable		total	analysis_level	461193				all ukb-b traits in the OpenGWAS IGD collection (data/ukb-b/manifest.tsv)	
ukb-b-17967	ukb-b-17967	PCT where patients GP was registered: LEEDS NORTH WEST PCT			/local-scratch/data/opengwas/igd/ukb-b-17967/ukb-b-17967.vcf.gz					GRCh37							unassigned			unavailable		total	analysis_level	463010				all ukb-b traits in the OpenGWAS IGD collection (data/ukb-b/manifest.tsv)	
ukb-b-17988	ukb-b-17988	Tea consumed			/local-scratch/data/opengwas/igd/ukb-b-17988/ukb-b-17988.vcf.gz					GRCh37							unassigned			unavailable		total	analysis_level	64949				all ukb-b traits in the OpenGWAS IGD collection (data/ukb-b/manifest.tsv)	
ukb-b-1799	ukb-b-1799	Methods of admission to hospital (recoded): Transfer			/local-scratch/data/opengwas/igd/ukb-b-1799/ukb-b-1799.vcf.gz					GRCh37							unassigned			unavailable		total	analysis_level	462442				all ukb-b traits in the OpenGWAS IGD collection (data/ukb-b/manifest.tsv)	
ukb-b-17992	ukb-b-17992	Diagnoses - main ICD10: I84.2 Internal haemorrhoids without complication			/local-scratch/data/opengwas/igd/ukb-b-17992/ukb-b-17992.vcf.gz					GRCh37							unassigned			unavailable		total	analysis_level	463010				all ukb-b traits in the OpenGWAS IGD collection (data/ukb-b/manifest.tsv)	
ukb-b-17999	ukb-b-17999	Weekly usage of mobile phone in last 3 months			/local-scratch/data/opengwas/igd/ukb-b-17999/ukb-b-17999.vcf.gz					GRCh37							unassigned			unavailable		total	analysis_level	386626				all ukb-b traits in the OpenGWAS IGD collection (data/ukb-b/manifest.tsv)	
ukb-b-18	ukb-b-18	Pairs matching completion status			/local-scratch/data/opengwas/igd/ukb-b-18/ukb-b-18.vcf.gz					GRCh37							unassigned			unavailable		total	analysis_level	113162				all ukb-b traits in the OpenGWAS IGD collection (data/ukb-b/manifest.tsv)	
ukb-b-18007	ukb-b-18007	Boiled/baked potatoes intake			/local-scratch/data/opengwas/igd/ukb-b-18007/ukb-b-18007.vcf.gz					GRCh37							unassigned			unavailable		total	analysis_level	64949				all ukb-b traits in the OpenGWAS IGD collection (data/ukb-b/manifest.tsv)	
ukb-b-18008	ukb-b-18008	Diagnoses - secondary ICD10: K59.0 Constipation			/local-scratch/data/opengwas/igd/ukb-b-18008/ukb-b-18008.vcf.gz					GRCh37							unassigned			unavailable		total	analysis_level	463010				all ukb-b traits in the OpenGWAS IGD collection (data/ukb-b/manifest.tsv)	
ukb-b-18009	ukb-b-18009	Medication for cholesterol, blood pressure, diabetes, or take exogenous hormones: Blood pressure medication			/local-scratch/data/opengwas/igd/ukb-b-18009/ukb-b-18009.vcf.gz					GRCh37							unassigned			unavailable		total	analysis_level	249710				all ukb-b traits in the OpenGWAS IGD collection (data/ukb-b/manifest.tsv)	
ukb-b-18018	ukb-b-18018	Operative procedures - main OPCS: K49.1 Percutaneous transluminal balloon angioplasty of one coronary artery			/local-scratch/data/opengwas/igd/ukb-b-18018/ukb-b-18018.vcf.gz					GRCh37							unassigned			unavailable		total	analysis_level	463010				all ukb-b traits in the OpenGWAS IGD collection (data/ukb-b/manifest.tsv)	
ukb-b-18023	ukb-b-18023	Diagnoses - secondary ICD10: Z87.3 Personal history of diseases of the musculoskeletal system and connective tissue			/local-scratch/data/opengwas/igd/ukb-b-18023/ukb-b-18023.vcf.gz					GRCh37							unassigned			unavailable		total	analysis_level	463010				all ukb-b traits in the OpenGWAS IGD collection (data/ukb-b/manifest.tsv)	
ukb-b-18042	ukb-b-18042	Illnesses of siblings: Diabetes			/local-scratch/data/opengwas/igd/ukb-b-18042/ukb-b-18042.vcf.gz					GRCh37							unassigned			unavailable		total	analysis_level	362826				all ukb-b traits in the OpenGWAS IGD collection (data/ukb-b/manifest.tsv)	
ukb-b-1806	ukb-b-1806	Number of symbol digit matches attempted			/local-scratch/data/opengwas/igd/ukb-b-1806/ukb-b-1806.vcf.gz					GRCh37							unassigned			unavailable		total	analysis_level	113106				all ukb-b traits in the OpenGWAS IGD collection (data/ukb-b/manifest.tsv)	
ukb-b-18062	ukb-b-18062	Treatment/medication code: lipitor 10mg tablet			/local-scratch/data/opengwas/igd/ukb-b-18062/ukb-b-18062.vcf.gz					GRCh37							unassigned			unavailable		total	analysis_level	462933				all ukb-b traits in the OpenGWAS IGD collection (data/ukb-b/manifest.tsv)	
ukb-b-1807	ukb-b-1807	Operative procedures - secondary OPCS: Z92.7 Trunk NEC			/local-scratch/data/opengwas/igd/ukb-b-1807/ukb-b-1807.vcf.gz					GRCh37							unassigned			unavailable		total	analysis_level	463010				all ukb-b traits in the OpenGWAS IGD collection (data/ukb-b/manifest.tsv)	
ukb-b-18079	ukb-b-18079	Low fat hard cheese intake			/local-scratch/data/opengwas/igd/ukb-b-18079/ukb-b-18079.vcf.gz					GRCh37							unassigned			unavailable		total	analysis_level	64949				all ukb-b traits in the OpenGWAS IGD collection (data/ukb-b/manifest.tsv)	
ukb-b-18095	ukb-b-18095	PCT where patients GP was registered: NORTH YORKSHIRE AND YORK PCT			/local-scratch/data/opengwas/igd/ukb-b-18095/ukb-b-18095.vcf.gz					GRCh37							unassigned			unavailable		total	analysis_level	463010				all ukb-b traits in the OpenGWAS IGD collection (data/ukb-b/manifest.tsv)	
ukb-b-18096	ukb-b-18096	Leg fat mass (right)			/local-scratch/data/opengwas/igd/ukb-b-18096/ukb-b-18096.vcf.gz					GRCh37							unassigned			unavailable		total	analysis_level	454846				all ukb-b traits in the OpenGWAS IGD collection (data/ukb-b/manifest.tsv)	
ukb-b-18099	ukb-b-18099	Qualifications: O levels/GCSEs or equivalent			/local-scratch/data/opengwas/igd/ukb-b-18099/ukb-b-18099.vcf.gz					GRCh37							unassigned			unavailable		total	analysis_level	458079				all ukb-b traits in the OpenGWAS IGD collection (data/ukb-b/manifest.tsv)	
ukb-b-18102	ukb-b-18102	Diagnoses - secondary ICD10: K29.6 Other gastritis			/local-scratch/data/opengwas/igd/ukb-b-18102/ukb-b-18102.vcf.gz					GRCh37							unassigned			unavailable		total	analysis_level	463010				all ukb-b traits in the OpenGWAS IGD collection (data/ukb-b/manifest.tsv)	
ukb-b-18103	ukb-b-18103	Pulse rate, automated reading			/local-scratch/data/opengwas/igd/ukb-b-18103/ukb-b-18103.vcf.gz					GRCh37							unassigned			unavailable		total	analysis_level	436424				all ukb-b traits in the OpenGWAS IGD collection (data/ukb-b/manifest.tsv)	
ukb-b-18105	ukb-b-18105	Had menopause			/local-scratch/data/opengwas/igd/ukb-b-18105/ukb-b-18105.vcf.gz					GRCh37							unassigned			unavailable		total	analysis_level	211114				all ukb-b traits in the OpenGWAS IGD collection (data/ukb-b/manifest.tsv)	
ukb-b-18113	ukb-b-18113	Non-cancer illness code, self-reported: asthma			/local-scratch/data/opengwas/igd/ukb-b-18113/ukb-b-18113.vcf.gz					GRCh37							unassigned			unavailable		total	analysis_level	462933				all ukb-b traits in the OpenGWAS IGD collection (data/ukb-b/manifest.tsv)	
ukb-b-18127	ukb-b-18127	PCT where patients GP was registered: NORTH KIRKLEES PCT			/local-scratch/data/opengwas/igd/ukb-b-18127/ukb-b-18127.vcf.gz					GRCh37							unassigned			unavailable		total	analysis_level	463010				all ukb-b traits in the OpenGWAS IGD collection (data/ukb-b/manifest.tsv)	
ukb-b-18137	ukb-b-18137	PCT where patients GP was registered: REDCAR AND CLEVELAND PCT			/local-scratch/data/opengwas/igd/ukb-b-18137/ukb-b-18137.vcf.gz					GRCh37							unassigned			unavailable		total	analysis_level	463010				all ukb-b traits in the OpenGWAS IGD collection (data/ukb-b/manifest.tsv)	
ukb-b-18138	ukb-b-18138	Operation code: coronary angiogram			/local-scratch/data/opengwas/igd/ukb-b-18138/ukb-b-18138.vcf.gz					GRCh37							unassigned			unavailable		total	analysis_level	462933				all ukb-b traits in the OpenGWAS IGD collection (data/ukb-b/manifest.tsv)	
ukb-b-1814	ukb-b-1814	Cheesecake intake			/local-scratch/data/opengwas/igd/ukb-b-1814/ukb-b-1814.vcf.gz					GRCh37							unassigned			unavailable		total	analysis_level	64947				all ukb-b traits in the OpenGWAS IGD collection (data/ukb-b/manifest.tsv)	
ukb-b-18150	ukb-b-18150	PCT responsible for patient data: BATH AND NORTH EAST SOMERSET PCT			/local-scratch/data/opengwas/igd/ukb-b-18150/ukb-b-18150.vcf.gz					GRCh37							unassigned			unavailable		total	analysis_level	463010				all ukb-b traits in the OpenGWAS IGD collection (data/ukb-b/manifest.tsv)	
ukb-b-18157	ukb-b-18157	Type of cancer: ICD10: C56 Malignant neoplasm of ovary			/local-scratch/data/opengwas/igd/ukb-b-18157/ukb-b-18157.vcf.gz					GRCh37							unassigned			unavailable		total	analysis_level	463010				all ukb-b traits in the OpenGWAS IGD collection (data/ukb-b/manifest.tsv)	
ukb-b-18162	ukb-b-18162	Illness, injury, bereavement, stress in last 2 years: Serious illness, injury or assault to yourself			/local-scratch/data/opengwas/igd/ukb-b-18162/ukb-b-18162.vcf.gz					GRCh37							unassigned			unavailable		total	analysis_level	459742				all ukb-b traits in the OpenGWAS IGD collection (data/ukb-b/manifest.tsv)	
ukb-b-18163	ukb-b-18163	Non-cancer illness code, self-reported: bronchiectasis			/local-scratch/data/opengwas/igd/ukb-b-18163/ukb-b-18163.vcf.gz					GRCh37							unassigned			unavailable		total	analysis_level	462933				all ukb-b traits in the OpenGWAS IGD collection (data/ukb-b/manifest.tsv)	
ukb-b-18167	ukb-b-18167	Illnesses of mother: High blood pressure			/local-scratch/data/opengwas/igd/ukb-b-18167/ukb-b-18167.vcf.gz					GRCh37							unassigned			unavailable		total	analysis_level	426391				all ukb-b traits in the OpenGWAS IGD collection (data/ukb-b/manifest.tsv)	
ukb-b-18176	ukb-b-18176	Doctor restricts physical activity due to heart condition			/local-scratch/data/opengwas/igd/ukb-b-18176/ukb-b-18176.vcf.gz					GRCh37							unassigned			unavailable		total	analysis_level	69537				all ukb-b traits in the OpenGWAS IGD collection (data/ukb-b/manifest.tsv)	
ukb-b-18189	ukb-b-18189	Reason for glasses/contact lenses: For long-sightedness, i.e. for distance and near, but particularly for near tasks like reading (called 'hypermetropia')			/local-scratch/data/opengwas/igd/ukb-b-18189/ukb-b-18189.vcf.gz					GRCh37							unassigned			unavailable		total	analysis_level	460536				all ukb-b traits in the OpenGWAS IGD collection (data/ukb-b/manifest.tsv)	
ukb-b-18194	ukb-b-18194	Non-cancer illness code, self-reported: ankylosing spondylitis			/local-scratch/data/opengwas/igd/ukb-b-18194/ukb-b-18194.vcf.gz					GRCh37							unassigned			unavailable		total	analysis_level	462933				all ukb-b traits in the OpenGWAS IGD collection (data/ukb-b/manifest.tsv)	
ukb-b-18198	ukb-b-18198	Operative procedures - secondary OPCS: Z50.5 Skin of foot NEC			/local-scratch/data/opengwas/igd/ukb-b-18198/ukb-b-18198.vcf.gz					GRCh37							unassigned			unavailable		total	analysis_level	463010				all ukb-b traits in the OpenGWAS IGD collection (data/ukb-b/manifest.tsv)	
ukb-b-18200	ukb-b-18200	Blood clot, DVT, bronchitis, emphysema, asthma, rhinitis, eczema, allergy diagnosed by doctor: None of the above			/local-scratch/data/opengwas/igd/ukb-b-18200/ukb-b-18200.vcf.gz					GRCh37							unassigned			unavailable		total	analysis_level	462013				all ukb-b traits in the OpenGWAS IGD collection (data/ukb-b/manifest.tsv)	
ukb-b-18202	ukb-b-18202	PCT where patients GP was registered: OXFORDSHIRE PCT			/local-scratch/data/opengwas/igd/ukb-b-18202/ukb-b-18202.vcf.gz					GRCh37							unassigned			unavailable		total	analysis_level	463010				all ukb-b traits in the OpenGWAS IGD collection (data/ukb-b/manifest.tsv)	
ukb-b-1822	ukb-b-1822	Operation code: endometrial ablation			/local-scratch/data/opengwas/igd/ukb-b-1822/ukb-b-1822.vcf.gz					GRCh37							unassigned			unavailable		total	analysis_level	462933				all ukb-b traits in the OpenGWAS IGD collection (data/ukb-b/manifest.tsv)	
ukb-b-18226	ukb-b-18226	PCT where patients GP was registered: HOUNSLOW PCT			/local-scratch/data/opengwas/igd/ukb-b-18226/ukb-b-18226.vcf.gz					GRCh37							unassigned			unavailable		total	analysis_level	463010				all ukb-b traits in the OpenGWAS IGD collection (data/ukb-b/manifest.tsv)	
ukb-b-18235	ukb-b-18235	Non-cancer illness code, self-reported: muscle/soft tissue problem			/local-scratch/data/opengwas/igd/ukb-b-18235/ukb-b-18235.vcf.gz					GRCh37							unassigned			unavailable		total	analysis_level	462933				all ukb-b traits in the OpenGWAS IGD collection (data/ukb-b/manifest.tsv)	
ukb-b-18240	ukb-b-18240	Diastolic blood pressure, manual reading			/local-scratch/data/opengwas/igd/ukb-b-18240/ukb-b-18240.vcf.gz					GRCh37							unassigned			unavailable		total	analysis_level	39749				all ukb-b traits in the OpenGWAS IGD collection (data/ukb-b/manifest.tsv)	
ukb-b-18264	ukb-b-18264	PCT responsible for patient data: ROTHERHAM PCT			/local-scratch/data/opengwas/igd/ukb-b-18264/ukb-b-18264.vcf.gz					GRCh37							unassigned			unavailable		total	analysis_level	463010				all ukb-b traits in the OpenGWAS IGD collection (data/ukb-b/manifest.tsv)	
ukb-b-18275	ukb-b-18275	Hearing difficulty/problems with background noise			/local-scratch/data/opengwas/igd/ukb-b-18275/ukb-b-18275.vcf.gz					GRCh37							unassigned			unavailable		total	analysis_level	453482				all ukb-b traits in the OpenGWAS IGD collection (data/ukb-b/manifest.tsv)	
ukb-b-18279	ukb-b-18279	Diagnoses - main ICD10: M51.1 Lumbar and other intervertebral disk disorders with radiculopathy			/local-scratch/data/opengwas/igd/ukb-b-18279/ukb-b-18279.vcf.gz					GRCh37							unassigned			unavailable		total	analysis_level	463010				all ukb-b traits in the OpenGWAS IGD collection (data/ukb-b/manifest.tsv)	
ukb-b-18290	ukb-b-18290	Age hayfever or allergic rhinitis diagnosed by doctor			/local-scratch/data/opengwas/igd/ukb-b-18290/ukb-b-18290.vcf.gz					GRCh37							unassigned			unavailable		total	analysis_level	25486				all ukb-b traits in the OpenGWAS IGD collection (data/ukb-b/manifest.tsv)	
ukb-b-18297	ukb-b-18297	Operative procedures - main OPCS: J13.2 Percutaneous biopsy of lesion of liver NEC			/local-scratch/data/opengwas/igd/ukb-b-18297/ukb-b-18297.vcf.gz					GRCh37							unassigned			unavailable		total	analysis_level	463010				all ukb-b traits in the OpenGWAS IGD collection (data/ukb-b/manifest.tsv)	
ukb-b-1830	ukb-b-1830	Type of fat/oil used in cooking: Rapeseed oil			/local-scratch/data/opengwas/igd/ukb-b-1830/ukb-b-1830.vcf.gz					GRCh37							unassigned			unavailable		total	analysis_level	64949				all ukb-b traits in the OpenGWAS IGD collection (data/ukb-b/manifest.tsv)	
ukb-b-18335	ukb-b-18335	Wheeze or whistling in the chest in last year			/local-scratch/data/opengwas/igd/ukb-b-18335/ukb-b-18335.vcf.gz					GRCh37							unassigned			unavailable		total	analysis_level	453959				all ukb-b traits in the OpenGWAS IGD collection (data/ukb-b/manifest.tsv)	
ukb-b-18336	ukb-b-18336	Seen a psychiatrist for nerves, anxiety, tension or depression			/local-scratch/data/opengwas/igd/ukb-b-18336/ukb-b-18336.vcf.gz					GRCh37							unassigned			unavailable		total	analysis_level	460702				all ukb-b traits in the OpenGWAS IGD collection (data/ukb-b/manifest.tsv)	
ukb-b-18349	ukb-b-18349	Non-cancer illness code, self-reported: benign breast lump			/local-scratch/data/opengwas/igd/ukb-b-18349/ukb-b-18349.vcf.gz					GRCh37							unassigned			unavailable		total	analysis_level	462933				all ukb-b traits in the OpenGWAS IGD collection (data/ukb-b/manifest.tsv)	
ukb-b-18350	ukb-b-18350	Operative procedures - main OPCS: T43.9 Unspecified diagnostic endoscopic examination of peritoneum			/local-scratch/data/opengwas/igd/ukb-b-18350/ukb-b-18350.vcf.gz					GRCh37							unassigned			unavailable		total	analysis_level	463010				all ukb-b traits in the OpenGWAS IGD collection (data/ukb-b/manifest.tsv)	
ukb-b-18366	ukb-b-18366	Diagnoses - main ICD10: I26.9 Pulmonary embolism without mention of acute cor pulmonale			/local-scratch/data/opengwas/igd/ukb-b-18366/ukb-b-18366.vcf.gz					GRCh37							unassigned			unavailable		total	analysis_level	463010				all ukb-b traits in the OpenGWAS IGD collection (data/ukb-b/manifest.tsv)	
ukb-b-18372	ukb-b-18372	Diagnoses - main ICD10: N20.0 Calculus of kidney			/local-scratch/data/opengwas/igd/ukb-b-18372/ukb-b-18372.vcf.gz					GRCh37							unassigned			unavailable		total	analysis_level	463010				all ukb-b traits in the OpenGWAS IGD collection (data/ukb-b/manifest.tsv)	
ukb-b-18377	ukb-b-18377	Leg fat percentage (left)			/local-scratch/data/opengwas/igd/ukb-b-18377/ukb-b-18377.vcf.gz					GRCh37							unassigned			unavailable		total	analysis_level	454826				all ukb-b traits in the OpenGWAS IGD collection (data/ukb-b/manifest.tsv)	
ukb-b-18379	ukb-b-18379	Diagnoses - main ICD10: M17.9 Gonarthrosis, unspecified			/local-scratch/data/opengwas/igd/ukb-b-18379/ukb-b-18379.vcf.gz					GRCh37							unassigned			unavailable		total	analysis_level	463010				all ukb-b traits in the OpenGWAS IGD collection (data/ukb-b/manifest.tsv)	
ukb-b-18381	ukb-b-18381	PCT responsible for patient data: SHEFFIELD PCT			/local-scratch/data/opengwas/igd/ukb-b-18381/ukb-b-18381.vcf.gz					GRCh37							unassigned			unavailable		total	analysis_level	463010				all ukb-b traits in the OpenGWAS IGD collection (data/ukb-b/manifest.tsv)	
ukb-b-18389	ukb-b-18389	Fractured heel			/local-scratch/data/opengwas/igd/ukb-b-18389/ukb-b-18389.vcf.gz					GRCh37							unassigned			unavailable		total	analysis_level	306379				all ukb-b traits in the OpenGWAS IGD collection (data/ukb-b/manifest.tsv)	
ukb-b-18395	ukb-b-18395	Treatment/medication code: iron product			/local-scratch/data/opengwas/igd/ukb-b-18395/ukb-b-18395.vcf.gz					GRCh37							unassigned			unavailable		total	analysis_level	462933				all ukb-b traits in the OpenGWAS IGD collection (data/ukb-b/manifest.tsv)	
ukb-b-18408	ukb-b-18408	Illnesses of father: Heart disease			/local-scratch/data/opengwas/igd/ukb-b-18408/ukb-b-18408.vcf.gz					GRCh37							unassigned			unavailable		total	analysis_level	407557				all ukb-b traits in the OpenGWAS IGD collection (data/ukb-b/manifest.tsv)	
ukb-b-18425	ukb-b-18425	Diagnoses - secondary ICD10: R07.4 Chest pain, unspecified			/local-scratch/data/opengwas/igd/ukb-b-18425/ukb-b-18425.vcf.gz					GRCh37							unassigned			unavailable		total	analysis_level	463010				all ukb-b traits in the OpenGWAS IGD collection (data/ukb-b/manifest.tsv)	
ukb-b-18436	ukb-b-18436	Age asthma diagnosed by doctor			/local-scratch/data/opengwas/igd/ukb-b-18436/ukb-b-18436.vcf.gz					GRCh37							unassigned			unavailable		total	analysis_level	14283				all ukb-b traits in the OpenGWAS IGD collection (data/ukb-b/manifest.tsv)	
ukb-b-18445	ukb-b-18445	Polyunsaturated fat			/local-scratch/data/opengwas/igd/ukb-b-18445/ukb-b-18445.vcf.gz					GRCh37							unassigned			unavailable		total	analysis_level	64979				all ukb-b traits in the OpenGWAS IGD collection (data/ukb-b/manifest.tsv)	
ukb-b-18457	ukb-b-18457	Treatment speciality of consultant (recoded): Midwife episode			/local-scratch/data/opengwas/igd/ukb-b-18457/ukb-b-18457.vcf.gz					GRCh37							unassigned			unavailable		total	analysis_level	444023				all ukb-b traits in the OpenGWAS IGD collection (data/ukb-b/manifest.tsv)	
ukb-b-18469	ukb-b-18469	Particulate matter air pollution (pm10); 2010			/local-scratch/data/opengwas/igd/ukb-b-18469/ukb-b-18469.vcf.gz					GRCh37							unassigned			unavailable		total	analysis_level	423796				all ukb-b traits in the OpenGWAS IGD collection (data/ukb-b/manifest.tsv)	
ukb-b-18477	ukb-b-18477	Operation code: bladder surgery			/local-scratch/data/opengwas/igd/ukb-b-18477/ukb-b-18477.vcf.gz					GRCh37							unassigned			unavailable		total	analysis_level	462933				all ukb-b traits in the OpenGWAS IGD collection (data/ukb-b/manifest.tsv)	
ukb-b-185	ukb-b-185	Frequency of travelling from home to job workplace			/local-scratch/data/opengwas/igd/ukb-b-185/ukb-b-185.vcf.gz					GRCh37							unassigned			unavailable		total	analysis_level	263534				all ukb-b traits in the OpenGWAS IGD collection (data/ukb-b/manifest.tsv)	
ukb-b-18509	ukb-b-18509	3mm cylindrical power angle (left)			/local-scratch/data/opengwas/igd/ukb-b-18509/ukb-b-18509.vcf.gz					GRCh37							unassigned			unavailable		total	analysis_level	95986				all ukb-b traits in the OpenGWAS IGD collection (data/ukb-b/manifest.tsv)	
ukb-b-1852	ukb-b-1852	Main speciality of consultant (recoded): Dermatology			/local-scratch/data/opengwas/igd/ukb-b-1852/ukb-b-1852.vcf.gz					GRCh37							unassigned			unavailable		total	analysis_level	461170				all ukb-b traits in the OpenGWAS IGD collection (data/ukb-b/manifest.tsv)	
ukb-b-1853	ukb-b-1853	Diagnoses - main ICD10: K92.0 Haematemesis			/local-scratch/data/opengwas/igd/ukb-b-1853/ukb-b-1853.vcf.gz					GRCh37							unassigned			unavailable		total	analysis_level	463010				all ukb-b traits in the OpenGWAS IGD collection (data/ukb-b/manifest.tsv)	
ukb-b-18532	ukb-b-18532	Operative procedures - main OPCS: M45.8 Other specified diagnostic endoscopic examination of bladder			/local-scratch/data/opengwas/igd/ukb-b-18532/ukb-b-18532.vcf.gz					GRCh37							unassigned			unavailable		total	analysis_level	463010				all ukb-b traits in the OpenGWAS IGD collection (data/ukb-b/manifest.tsv)	
ukb-b-18541	ukb-b-18541	Ever used hormone-replacement therapy (HRT)			/local-scratch/data/opengwas/igd/ukb-b-18541/ukb-b-18541.vcf.gz					GRCh37							unassigned			unavailable		total	analysis_level	250301				all ukb-b traits in the OpenGWAS IGD collection (data/ukb-b/manifest.tsv)	
ukb-b-18544	ukb-b-18544	Operative procedures - secondary OPCS: Y53.3 Approach to organ under computed tomography scan control			/local-scratch/data/opengwas/igd/ukb-b-18544/ukb-b-18544.vcf.gz					GRCh37							unassigned			unavailable		total	analysis_level	463010				all ukb-b traits in the OpenGWAS IGD collection (data/ukb-b/manifest.tsv)	
ukb-b-18572	ukb-b-18572	Operative procedures - secondary OPCS: Y80.8 Other specified general anaesthetic			/local-scratch/data/opengwas/igd/ukb-b-18572/ukb-b-18572.vcf.gz					GRCh37							unassigned			unavailable		total	analysis_level	463010				all ukb-b traits in the OpenGWAS IGD collection (data/ukb-b/manifest.tsv)	
ukb-b-18578	ukb-b-18578	Non-cancer illness code, self-reported: heart valve problem/heart murmur			/local-scratch/data/opengwas/igd/ukb-b-18578/ukb-b-18578.vcf.gz					GRCh37							unassigned			unavailable		total	analysis_level	462933				all ukb-b traits in the OpenGWAS IGD collection (data/ukb-b/manifest.tsv)	
ukb-b-18593	ukb-b-18593	Vitamin D			/local-scratch/data/opengwas/igd/ukb-b-18593/ukb-b-18593.vcf.gz					GRCh37							unassigned			unavailable		total	analysis_level	64979				all ukb-b traits in the OpenGWAS IGD collection (data/ukb-b/manifest.tsv)	
ukb-b-18596	ukb-b-18596	Pain type(s) experienced in last month: Neck or shoulder pain			/local-scratch/data/opengwas/igd/ukb-b-18596/ukb-b-18596.vcf.gz					GRCh37							unassigned			unavailable		total	analysis_level	461857				all ukb-b traits in the OpenGWAS IGD collection (data/ukb-b/manifest.tsv)	
ukb-b-18611	ukb-b-18611	Type of sliced bread eaten: seeded			/local-scratch/data/opengwas/igd/ukb-b-18611/ukb-b-18611.vcf.gz					GRCh37							unassigned			unavailable		total	analysis_level	64949				all ukb-b traits in the OpenGWAS IGD collection (data/ukb-b/manifest.tsv)	
ukb-b-18616	ukb-b-18616	Operative procedures - secondary OPCS: Z40.1 Pulmonary artery			/local-scratch/data/opengwas/igd/ukb-b-18616/ukb-b-18616.vcf.gz					GRCh37							unassigned			unavailable		total	analysis_level	463010				all ukb-b traits in the OpenGWAS IGD collection (data/ukb-b/manifest.tsv)	
ukb-b-18629	ukb-b-18629	Diagnoses - main ICD10: N20.1 Calculus of ureter			/local-scratch/data/opengwas/igd/ukb-b-18629/ukb-b-18629.vcf.gz					GRCh37							unassigned			unavailable		total	analysis_level	463010				all ukb-b traits in the OpenGWAS IGD collection (data/ukb-b/manifest.tsv)	
ukb-b-1865	ukb-b-1865	Operative procedures - secondary OPCS: Z92.6 Abdomen NEC			/local-scratch/data/opengwas/igd/ukb-b-1865/ukb-b-1865.vcf.gz					GRCh37							unassigned			unavailable		total	analysis_level	463010				all ukb-b traits in the OpenGWAS IGD collection (data/ukb-b/manifest.tsv)	
ukb-b-18659	ukb-b-18659	Other fruit intake			/local-scratch/data/opengwas/igd/ukb-b-18659/ukb-b-18659.vcf.gz					GRCh37							unassigned			unavailable		total	analysis_level	64949				all ukb-b traits in the OpenGWAS IGD collection (data/ukb-b/manifest.tsv)	
ukb-b-1867	ukb-b-1867	Attendance/disability/mobility allowance: Blue badge			/local-scratch/data/opengwas/igd/ukb-b-1867/ukb-b-1867.vcf.gz					GRCh37							unassigned			unavailable		total	analysis_level	459354				all ukb-b traits in the OpenGWAS IGD collection (data/ukb-b/manifest.tsv)	
ukb-b-18674	ukb-b-18674	Ever unenthusiastic/disinterested for a whole week			/local-scratch/data/opengwas/igd/ukb-b-18674/ukb-b-18674.vcf.gz					GRCh37							unassigned			unavailable		total	analysis_level	146542				all ukb-b traits in the OpenGWAS IGD collection (data/ukb-b/manifest.tsv)	
ukb-b-18683	ukb-b-18683	Maximum digits remembered correctly			/local-scratch/data/opengwas/igd/ukb-b-18683/ukb-b-18683.vcf.gz					GRCh37							unassigned			unavailable		total	analysis_level	106162				all ukb-b traits in the OpenGWAS IGD collection (data/ukb-b/manifest.tsv)	
ukb-b-18697	ukb-b-18697	Signal-to-noise-ratio (SNR) of triplet (right)			/local-scratch/data/opengwas/igd/ukb-b-18697/ukb-b-18697.vcf.gz					GRCh37							unassigned			unavailable		total	analysis_level	148695				all ukb-b traits in the OpenGWAS IGD collection (data/ukb-b/manifest.tsv)	
ukb-b-18700	ukb-b-18700	Non-cancer illness code, self-reported: cholelithiasis/gall stones			/local-scratch/data/opengwas/igd/ukb-b-18700/ukb-b-18700.vcf.gz					GRCh37							unassigned			unavailable		total	analysis_level	462933				all ukb-b traits in the OpenGWAS IGD collection (data/ukb-b/manifest.tsv)	
ukb-b-18712	ukb-b-18712	Illness, injury, bereavement, stress in last 2 years: Death of a close relative			/local-scratch/data/opengwas/igd/ukb-b-18712/ukb-b-18712.vcf.gz					GRCh37							unassigned			unavailable		total	analysis_level	459742				all ukb-b traits in the OpenGWAS IGD collection (data/ukb-b/manifest.tsv)	
ukb-b-18718	ukb-b-18718	Other savoury snack intake			/local-scratch/data/opengwas/igd/ukb-b-18718/ukb-b-18718.vcf.gz					GRCh37							unassigned			unavailable		total	analysis_level	64949				all ukb-b traits in the OpenGWAS IGD collection (data/ukb-b/manifest.tsv)	
ukb-b-18758	ukb-b-18758	Grapefruit intake			/local-scratch/data/opengwas/igd/ukb-b-18758/ukb-b-18758.vcf.gz					GRCh37							unassigned			unavailable		total	analysis_level	64944				all ukb-b traits in the OpenGWAS IGD collection (data/ukb-b/manifest.tsv)	
ukb-b-18761	ukb-b-18761	Treatment/medication code: sumatriptan			/local-scratch/data/opengwas/igd/ukb-b-18761/ukb-b-18761.vcf.gz					GRCh37							unassigned			unavailable		total	analysis_level	462933				all ukb-b traits in the OpenGWAS IGD collection (data/ukb-b/manifest.tsv)	
ukb-b-18765	ukb-b-18765	Why stopped smoking: None of the above			/local-scratch/data/opengwas/igd/ukb-b-18765/ukb-b-18765.vcf.gz					GRCh37							unassigned			unavailable		total	analysis_level	113988				all ukb-b traits in the OpenGWAS IGD collection (data/ukb-b/manifest.tsv)	
ukb-b-18785	ukb-b-18785	Diagnoses - main ICD10: K13.7 Other and unspecified lesions of oral mucosa			/local-scratch/data/opengwas/igd/ukb-b-18785/ukb-b-18785.vcf.gz					GRCh37							unassigned			unavailable		total	analysis_level	463010				all ukb-b traits in the OpenGWAS IGD collection (data/ukb-b/manifest.tsv)	
ukb-b-18786	ukb-b-18786	Operative procedures - main OPCS: P23.2 Anterior colporrhaphy NEC			/local-scratch/data/opengwas/igd/ukb-b-18786/ukb-b-18786.vcf.gz					GRCh37							unassigned			unavailable		total	analysis_level	463010				all ukb-b traits in the OpenGWAS IGD collection (data/ukb-b/manifest.tsv)	
ukb-b-18787	ukb-b-18787	Non-cancer illness code, self-reported: allergy or anaphylactic reaction to food			/local-scratch/data/opengwas/igd/ukb-b-18787/ukb-b-18787.vcf.gz					GRCh37							unassigned			unavailable		total	analysis_level	462933				all ukb-b traits in the OpenGWAS IGD collection (data/ukb-b/manifest.tsv)	
ukb-b-18788	ukb-b-18788	Cereal bar intake			/local-scratch/data/opengwas/igd/ukb-b-18788/ukb-b-18788.vcf.gz					GRCh37							unassigned			unavailable		total	analysis_level	64944				all ukb-b traits in the OpenGWAS IGD collection (data/ukb-b/manifest.tsv)	
ukb-b-18798	ukb-b-18798	Type of cancer: ICD10: C34.1 Upper lobe, bronchus or lung			/local-scratch/data/opengwas/igd/ukb-b-18798/ukb-b-18798.vcf.gz					GRCh37							unassigned			unavailable		total	analysis_level	463010				all ukb-b traits in the OpenGWAS IGD collection (data/ukb-b/manifest.tsv)	
ukb-b-18799	ukb-b-18799	Treatment/medication code: bendroflumethiazide			/local-scratch/data/opengwas/igd/ukb-b-18799/ukb-b-18799.vcf.gz					GRCh37							unassigned			unavailable		total	analysis_level	462933				all ukb-b traits in the OpenGWAS IGD collection (data/ukb-b/manifest.tsv)	
ukb-b-188	ukb-b-188	Private healthcare			/local-scratch/data/opengwas/igd/ukb-b-188/ukb-b-188.vcf.gz					GRCh37							unassigned			unavailable		total	analysis_level	152108				all ukb-b traits in the OpenGWAS IGD collection (data/ukb-b/manifest.tsv)	
ukb-b-18802	ukb-b-18802	Operative procedures - secondary OPCS: K63.3 Angiocardiography of left side of heart NEC			/local-scratch/data/opengwas/igd/ukb-b-18802/ukb-b-18802.vcf.gz					GRCh37							unassigned			unavailable		total	analysis_level	463010				all ukb-b traits in the OpenGWAS IGD collection (data/ukb-b/manifest.tsv)	
ukb-b-18818	ukb-b-18818	Methods of discharge from hospital (recoded): Discharged without clinical advice/consent: Self, relative or advocate			/local-scratch/data/opengwas/igd/ukb-b-18818/ukb-b-18818.vcf.gz					GRCh37							unassigned			unavailable		total	analysis_level	462247				all ukb-b traits in the OpenGWAS IGD collection (data/ukb-b/manifest.tsv)	
ukb-b-18819	ukb-b-18819	Treatment/medication code: vitamin b12 preparation			/local-scratch/data/opengwas/igd/ukb-b-18819/ukb-b-18819.vcf.gz					GRCh37							unassigned			unavailable		total	analysis_level	462933				all ukb-b traits in the OpenGWAS IGD collection (data/ukb-b/manifest.tsv)	
ukb-b-18820	ukb-b-18820	Main speciality of consultant (recoded): Ear, nose and throat (ENT)			/local-scratch/data/opengwas/igd/ukb-b-18820/ukb-b-18820.vcf.gz					GRCh37							unassigned			unavailable		total	analysis_level	461270				all ukb-b traits in the OpenGWAS IGD collection (data/ukb-b/manifest.tsv)	
ukb-b-18822	ukb-b-18822	Diagnoses - main ICD10: K29.7 Gastritis, unspecified			/local-scratch/data/opengwas/igd/ukb-b-18822/ukb-b-18822.vcf.gz					GRCh37							unassigned			unavailable		total	analysis_level	463010				all ukb-b traits in the OpenGWAS IGD collection (data/ukb-b/manifest.tsv)	
ukb-b-18843	ukb-b-18843	Diagnoses - secondary ICD10: C61 Malignant neoplasm of prostate			/local-scratch/data/opengwas/igd/ukb-b-18843/ukb-b-18843.vcf.gz					GRCh37							unassigned			unavailable		total	analysis_level	463010				all ukb-b traits in the OpenGWAS IGD collection (data/ukb-b/manifest.tsv)	
ukb-b-18853	ukb-b-18853	Methods of admission to hospital (recoded): Elective admission: Planned			/local-scratch/data/opengwas/igd/ukb-b-18853/ukb-b-18853.vcf.gz					GRCh37							unassigned			unavailable		total	analysis_level	462572				all ukb-b traits in the OpenGWAS IGD collection (data/ukb-b/manifest.tsv)	
ukb-b-18865	ukb-b-18865	Operative procedures - secondary OPCS: M47.9 Unspecified urethral catheterisation of bladder			/local-scratch/data/opengwas/igd/ukb-b-18865/ukb-b-18865.vcf.gz					GRCh37							unassigned			unavailable		total	analysis_level	463010				all ukb-b traits in the OpenGWAS IGD collection (data/ukb-b/manifest.tsv)	
ukb-b-1888	ukb-b-1888	Operation code: abdominal/pelvic adhesion surgery			/local-scratch/data/opengwas/igd/ukb-b-1888/ukb-b-1888.vcf.gz					GRCh37							unassigned			unavailable		total	analysis_level	462933				all ukb-b traits in the OpenGWAS IGD collection (data/ukb-b/manifest.tsv)	
ukb-b-18888	ukb-b-18888	Treatment speciality of consultant (recoded): Gastroenterology			/local-scratch/data/opengwas/igd/ukb-b-18888/ukb-b-18888.vcf.gz					GRCh37							unassigned			unavailable		total	analysis_level	447527				all ukb-b traits in the OpenGWAS IGD collection (data/ukb-b/manifest.tsv)	
ukb-b-18895	ukb-b-18895	PCT where patients GP was registered: BLACKWATER VALLEY AND HART PCT			/local-scratch/data/opengwas/igd/ukb-b-18895/ukb-b-18895.vcf.gz					GRCh37							unassigned			unavailable		total	analysis_level	463010				all ukb-b traits in the OpenGWAS IGD collection (data/ukb-b/manifest.tsv)	
ukb-b-18897	ukb-b-18897	Diagnoses - main ICD10: Z42.1 Follow-up care involving plastic surgery of breast			/local-scratch/data/opengwas/igd/ukb-b-18897/ukb-b-18897.vcf.gz					GRCh37							unassigned			unavailable		total	analysis_level	463010				all ukb-b traits in the OpenGWAS IGD collection (data/ukb-b/manifest.tsv)	
ukb-b-18909	ukb-b-18909	Never eat eggs, dairy, wheat, sugar: Dairy products			/local-scratch/data/opengwas/igd/ukb-b-18909/ukb-b-18909.vcf.gz					GRCh37							unassigned			unavailable		total	analysis_level	461046				all ukb-b traits in the OpenGWAS IGD collection (data/ukb-b/manifest.tsv)	
ukb-b-18915	ukb-b-18915	PCT responsible for patient data: BROMLEY PCT			/local-scratch/data/opengwas/igd/ukb-b-18915/ukb-b-18915.vcf.gz					GRCh37							unassigned			unavailable		total	analysis_level	463010				all ukb-b traits in the OpenGWAS IGD collection (data/ukb-b/manifest.tsv)	
ukb-b-18948	ukb-b-18948	Operative procedures - main OPCS: K75.3 Percutaneous transluminal balloon angioplasty and insertion of 1-2 stents into coronary artery			/local-scratch/data/opengwas/igd/ukb-b-18948/ukb-b-18948.vcf.gz					GRCh37							unassigned			unavailable		total	analysis_level	463010				all ukb-b traits in the OpenGWAS IGD collection (data/ukb-b/manifest.tsv)	
ukb-b-18953	ukb-b-18953	Operative procedures - secondary OPCS: T86.2 Sampling of axillary lymph nodes			/local-scratch/data/opengwas/igd/ukb-b-18953/ukb-b-18953.vcf.gz					GRCh37							unassigned			unavailable		total	analysis_level	463010				all ukb-b traits in the OpenGWAS IGD collection (data/ukb-b/manifest.tsv)	
ukb-b-18956	ukb-b-18956	Mixed fruit intake			/local-scratch/data/opengwas/igd/ukb-b-18956/ukb-b-18956.vcf.gz					GRCh37							unassigned			unavailable		total	analysis_level	64949				all ukb-b traits in the OpenGWAS IGD collection (data/ukb-b/manifest.tsv)	
ukb-b-18959	ukb-b-18959	Traffic intensity on the nearest road			/local-scratch/data/opengwas/igd/ukb-b-18959/ukb-b-18959.vcf.gz					GRCh37							unassigned			unavailable		total	analysis_level	456380				all ukb-b traits in the OpenGWAS IGD collection (data/ukb-b/manifest.tsv)	
ukb-b-18994	ukb-b-18994	Miserableness			/local-scratch/data/opengwas/igd/ukb-b-18994/ukb-b-18994.vcf.gz					GRCh37							unassigned			unavailable		total	analysis_level	454982				all ukb-b traits in the OpenGWAS IGD collection (data/ukb-b/manifest.tsv)	
ukb-b-19006	ukb-b-19006	Types of spread used on bread/crackers: Low fat polyunsaturated margarine on bread/crackers			/local-scratch/data/opengwas/igd/ukb-b-19006/ukb-b-19006.vcf.gz					GRCh37							unassigned			unavailable		total	analysis_level	64949				all ukb-b traits in the OpenGWAS IGD collection (data/ukb-b/manifest.tsv)	
ukb-b-19023	ukb-b-19023	Main speciality of consultant (recoded): Anaesthetics			/local-scratch/data/opengwas/igd/ukb-b-19023/ukb-b-19023.vcf.gz					GRCh37							unassigned			unavailable		total	analysis_level	461496				all ukb-b traits in the OpenGWAS IGD collection (data/ukb-b/manifest.tsv)	
ukb-b-19041	ukb-b-19041	Type of cancer: ICD10: C50.9 Breast, unspecified			/local-scratch/data/opengwas/igd/ukb-b-19041/ukb-b-19041.vcf.gz					GRCh37							unassigned			unavailable		total	analysis_level	463010				all ukb-b traits in the OpenGWAS IGD collection (data/ukb-b/manifest.tsv)	
ukb-b-19045	ukb-b-19045	Diagnoses - main ICD10: J34.8 Other specified disorders of nose and nasal sinuses			/local-scratch/data/opengwas/igd/ukb-b-19045/ukb-b-19045.vcf.gz					GRCh37							unassigned			unavailable		total	analysis_level	463010				all ukb-b traits in the OpenGWAS IGD collection (data/ukb-b/manifest.tsv)	
ukb-b-19050	ukb-b-19050	PCT where patients GP was registered: EAST LANCASHIRE TEACHING PCT			/local-scratch/data/opengwas/igd/ukb-b-19050/ukb-b-19050.vcf.gz					GRCh37							unassigned			unavailable		total	analysis_level	463010				all ukb-b traits in the OpenGWAS IGD collection (data/ukb-b/manifest.tsv)	
ukb-b-19054	ukb-b-19054	Operative procedures - secondary OPCS: Z67.5 Lumbar intervertebral joint			/local-scratch/data/opengwas/igd/ukb-b-19054/ukb-b-19054.vcf.gz					GRCh37							unassigned			unavailable		total	analysis_level	463010				all ukb-b traits in the OpenGWAS IGD collection (data/ukb-b/manifest.tsv)	
ukb-b-19060	ukb-b-19060	Hearing aid user			/local-scratch/data/opengwas/igd/ukb-b-19060/ukb-b-19060.vcf.gz					GRCh37							unassigned			unavailable		total	analysis_level	280546				all ukb-b traits in the OpenGWAS IGD collection (data/ukb-b/manifest.tsv)	
ukb-b-19064	ukb-b-19064	Operative procedures - secondary OPCS: Y20.3 Biopsy of lesion of organ NOC			/local-scratch/data/opengwas/igd/ukb-b-19064/ukb-b-19064.vcf.gz					GRCh37							unassigned			unavailable		total	analysis_level	463010				all ukb-b traits in the OpenGWAS IGD collection (data/ukb-b/manifest.tsv)	
ukb-b-19066	ukb-b-19066	Reproduciblity of spirometry measurement using ERS/ATS criteria			/local-scratch/data/opengwas/igd/ukb-b-19066/ukb-b-19066.vcf.gz					GRCh37							unassigned			unavailable		total	analysis_level	345665				all ukb-b traits in the OpenGWAS IGD collection (data/ukb-b/manifest.tsv)	
ukb-b-19067	ukb-b-19067	Type of fat/oil used in cooking: Spreadable butter			/local-scratch/data/opengwas/igd/ukb-b-19067/ukb-b-19067.vcf.gz					GRCh37							unassigned			unavailable		total	analysis_level	64949				all ukb-b traits in the OpenGWAS IGD collection (data/ukb-b/manifest.tsv)	
ukb-b-19069	ukb-b-19069	Quorn intake			/local-scratch/data/opengwas/igd/ukb-b-19069/ukb-b-19069.vcf.gz					GRCh37							unassigned			unavailable		total	analysis_level	64944				all ukb-b traits in the OpenGWAS IGD collection (data/ukb-b/manifest.tsv)	
ukb-b-19071	ukb-b-19071	Intra-ocular pressure, corneal-compensated (left)			/local-scratch/data/opengwas/igd/ukb-b-19071/ukb-b-19071.vcf.gz					GRCh37							unassigned			unavailable		total	analysis_level	97465				all ukb-b traits in the OpenGWAS IGD collection (data/ukb-b/manifest.tsv)	
ukb-b-19073	ukb-b-19073	Soup consumers			/local-scratch/data/opengwas/igd/ukb-b-19073/ukb-b-19073.vcf.gz					GRCh37							unassigned			unavailable		total	analysis_level	64949				all ukb-b traits in the OpenGWAS IGD collection (data/ukb-b/manifest.tsv)	
ukb-b-19078	ukb-b-19078	Type of cancer: ICD10: C44.6 Skin of upper limb, including shoulder			/local-scratch/data/opengwas/igd/ukb-b-19078/ukb-b-19078.vcf.gz					GRCh37							unassigned			unavailable		total	analysis_level	463010				all ukb-b traits in the OpenGWAS IGD collection (data/ukb-b/manifest.tsv)	
ukb-b-19085	ukb-b-19085	Englyst dietary fibre			/local-scratch/data/opengwas/igd/ukb-b-19085/ukb-b-19085.vcf.gz					GRCh37							unassigned			unavailable		total	analysis_level	64979				all ukb-b traits in the OpenGWAS IGD collection (data/ukb-b/manifest.tsv)	
ukb-b-19086	ukb-b-19086	Diagnoses - secondary ICD10: R50.9 Fever, unspecified			/local-scratch/data/opengwas/igd/ukb-b-19086/ukb-b-19086.vcf.gz					GRCh37							unassigned			unavailable		total	analysis_level	463010				all ukb-b traits in the OpenGWAS IGD collection (data/ukb-b/manifest.tsv)	
ukb-b-19088	ukb-b-19088	Diagnoses - secondary ICD10: W10.0 Home			/local-scratch/data/opengwas/igd/ukb-b-19088/ukb-b-19088.vcf.gz					GRCh37							unassigned			unavailable		total	analysis_level	463010				all ukb-b traits in the OpenGWAS IGD collection (data/ukb-b/manifest.tsv)	
ukb-b-19097	ukb-b-19097	Stomach/abdominal pain for 3+ months			/local-scratch/data/opengwas/igd/ukb-b-19097/ukb-b-19097.vcf.gz					GRCh37							unassigned			unavailable		total	analysis_level	38911				all ukb-b traits in the OpenGWAS IGD collection (data/ukb-b/manifest.tsv)	
ukb-b-19109	ukb-b-19109	Diagnoses - main ICD10: R00.2 Palpitations			/local-scratch/data/opengwas/igd/ukb-b-19109/ukb-b-19109.vcf.gz					GRCh37							unassigned			unavailable		total	analysis_level	463010				all ukb-b traits in the OpenGWAS IGD collection (data/ukb-b/manifest.tsv)	
ukb-b-19110	ukb-b-19110	Diagnoses - main ICD10: N84.1 Polyp of cervix uteri			/local-scratch/data/opengwas/igd/ukb-b-19110/ukb-b-19110.vcf.gz					GRCh37							unassigned			unavailable		total	analysis_level	463010				all ukb-b traits in the OpenGWAS IGD collection (data/ukb-b/manifest.tsv)	
ukb-b-19115	ukb-b-19115	Main speciality of consultant (recoded): Obstetrics			/local-scratch/data/opengwas/igd/ukb-b-19115/ukb-b-19115.vcf.gz					GRCh37							unassigned			unavailable		total	analysis_level	461171				all ukb-b traits in the OpenGWAS IGD collection (data/ukb-b/manifest.tsv)	
ukb-b-19129	ukb-b-19129	Number of incorrect matches in round			/local-scratch/data/opengwas/igd/ukb-b-19129/ukb-b-19129.vcf.gz					GRCh37							unassigned			unavailable		total	analysis_level	113162				all ukb-b traits in the OpenGWAS IGD collection (data/ukb-b/manifest.tsv)	
ukb-b-19130	ukb-b-19130	Types of spread used on bread/crackers: Olive spread on bread/crackers			/local-scratch/data/opengwas/igd/ukb-b-19130/ukb-b-19130.vcf.gz					GRCh37							unassigned			unavailable		total	analysis_level	64949				all ukb-b traits in the OpenGWAS IGD collection (data/ukb-b/manifest.tsv)	
ukb-b-19132	ukb-b-19132	PCT where patients GP was registered: STOCKTON-ON-TEES TEACHING PCT			/local-scratch/data/opengwas/igd/ukb-b-19132/ukb-b-19132.vcf.gz					GRCh37							unassigned			unavailable		total	analysis_level	463010				all ukb-b traits in the OpenGWAS IGD collection (data/ukb-b/manifest.tsv)	
ukb-b-19142	ukb-b-19142	Espresso intake			/local-scratch/data/opengwas/igd/ukb-b-19142/ukb-b-19142.vcf.gz					GRCh37							unassigned			unavailable		total	analysis_level	64949				all ukb-b traits in the OpenGWAS IGD collection (data/ukb-b/manifest.tsv)	
ukb-b-19156	ukb-b-19156	Treatment/medication code: lansoprazole			/local-scratch/data/opengwas/igd/ukb-b-19156/ukb-b-19156.vcf.gz					GRCh37							unassigned			unavailable		total	analysis_level	462933				all ukb-b traits in the OpenGWAS IGD collection (data/ukb-b/manifest.tsv)	
ukb-b-19158	ukb-b-19158	Mineral and other dietary supplements: Selenium			/local-scratch/data/opengwas/igd/ukb-b-19158/ukb-b-19158.vcf.gz					GRCh37							unassigned			unavailable		total	analysis_level	461384				all ukb-b traits in the OpenGWAS IGD collection (data/ukb-b/manifest.tsv)	
ukb-b-19166	ukb-b-19166	Operative procedures - main OPCS: X29.8 Other specified continuous Infusion of therapeutic substance			/local-scratch/data/opengwas/igd/ukb-b-19166/ukb-b-19166.vcf.gz					GRCh37							unassigned			unavailable		total	analysis_level	463010				all ukb-b traits in the OpenGWAS IGD collection (data/ukb-b/manifest.tsv)	
ukb-b-1917	ukb-b-1917	Operation code: hand/finger surgery			/local-scratch/data/opengwas/igd/ukb-b-1917/ukb-b-1917.vcf.gz					GRCh37							unassigned			unavailable		total	analysis_level	462933				all ukb-b traits in the OpenGWAS IGD collection (data/ukb-b/manifest.tsv)	
ukb-b-19191	ukb-b-19191	Mouth/teeth dental problems: Toothache			/local-scratch/data/opengwas/igd/ukb-b-19191/ukb-b-19191.vcf.gz					GRCh37							unassigned			unavailable		total	analysis_level	461113				all ukb-b traits in the OpenGWAS IGD collection (data/ukb-b/manifest.tsv)	
ukb-b-19199	ukb-b-19199	Operative procedures - secondary OPCS: Y80.2 Inhalation anaesthetic using endotracheal intubation NEC			/local-scratch/data/opengwas/igd/ukb-b-19199/ukb-b-19199.vcf.gz					GRCh37							unassigned			unavailable		total	analysis_level	463010				all ukb-b traits in the OpenGWAS IGD collection (data/ukb-b/manifest.tsv)	
ukb-b-19202	ukb-b-19202	Type of fat/oil used in cooking: Normal fat butter			/local-scratch/data/opengwas/igd/ukb-b-19202/ukb-b-19202.vcf.gz					GRCh37							unassigned			unavailable		total	analysis_level	64949				all ukb-b traits in the OpenGWAS IGD collection (data/ukb-b/manifest.tsv)	
ukb-b-19204	ukb-b-19204	Operative procedures - main OPCS: P23.3 Posterior colporrhaphy NEC			/local-scratch/data/opengwas/igd/ukb-b-19204/ukb-b-19204.vcf.gz					GRCh37							unassigned			unavailable		total	analysis_level	463010				all ukb-b traits in the OpenGWAS IGD collection (data/ukb-b/manifest.tsv)	
ukb-b-19206	ukb-b-19206	Contra-indications for spirometry			/local-scratch/data/opengwas/igd/ukb-b-19206/ukb-b-19206.vcf.gz					GRCh37							unassigned			unavailable		total	analysis_level	462551				all ukb-b traits in the OpenGWAS IGD collection (data/ukb-b/manifest.tsv)	
ukb-b-19207	ukb-b-19207	Diagnoses - secondary ICD10: R33 Retention of urine			/local-scratch/data/opengwas/igd/ukb-b-19207/ukb-b-19207.vcf.gz					GRCh37							unassigned			unavailable		total	analysis_level	463010				all ukb-b traits in the OpenGWAS IGD collection (data/ukb-b/manifest.tsv)	
ukb-b-19234	ukb-b-19234	Heel quantitative ultrasound index (QUI), direct entry			/local-scratch/data/opengwas/igd/ukb-b-19234/ukb-b-19234.vcf.gz					GRCh37							unassigned			unavailable		total	analysis_level	265753				all ukb-b traits in the OpenGWAS IGD collection (data/ukb-b/manifest.tsv)	
ukb-b-19236	ukb-b-19236	Treatment/medication code: fluticasone			/local-scratch/data/opengwas/igd/ukb-b-19236/ukb-b-19236.vcf.gz					GRCh37							unassigned			unavailable		total	analysis_level	462933				all ukb-b traits in the OpenGWAS IGD collection (data/ukb-b/manifest.tsv)	
ukb-b-19253	ukb-b-19253	Age started smoking in current smokers			/local-scratch/data/opengwas/igd/ukb-b-19253/ukb-b-19253.vcf.gz					GRCh37							unassigned			unavailable		total	analysis_level	35702				all ukb-b traits in the OpenGWAS IGD collection (data/ukb-b/manifest.tsv)	
ukb-b-19255	ukb-b-19255	Fractured bone site(s): Arm			/local-scratch/data/opengwas/igd/ukb-b-19255/ukb-b-19255.vcf.gz					GRCh37							unassigned			unavailable		total	analysis_level	460340				all ukb-b traits in the OpenGWAS IGD collection (data/ukb-b/manifest.tsv)	
ukb-b-19262	ukb-b-19262	Treatment/medication code: zinc product			/local-scratch/data/opengwas/igd/ukb-b-19262/ukb-b-19262.vcf.gz					GRCh37							unassigned			unavailable		total	analysis_level	462933				all ukb-b traits in the OpenGWAS IGD collection (data/ukb-b/manifest.tsv)	
ukb-b-19266	ukb-b-19266	Diagnoses - main ICD10: D12.6 Colon, unspecified			/local-scratch/data/opengwas/igd/ukb-b-19266/ukb-b-19266.vcf.gz					GRCh37							unassigned			unavailable		total	analysis_level	463010				all ukb-b traits in the OpenGWAS IGD collection (data/ukb-b/manifest.tsv)	
ukb-b-19277	ukb-b-19277	Intra-ocular pressure, corneal-compensated (right)			/local-scratch/data/opengwas/igd/ukb-b-19277/ukb-b-19277.vcf.gz					GRCh37							unassigned			unavailable		total	analysis_level	97653				all ukb-b traits in the OpenGWAS IGD collection (data/ukb-b/manifest.tsv)	
ukb-b-19288	ukb-b-19288	Operative procedures - secondary OPCS: Q12.1 Introduction of intrauterine contraceptive device			/local-scratch/data/opengwas/igd/ukb-b-19288/ukb-b-19288.vcf.gz					GRCh37							unassigned			unavailable		total	analysis_level	463010				all ukb-b traits in the OpenGWAS IGD collection (data/ukb-b/manifest.tsv)	
ukb-b-19294	ukb-b-19294	Delivery methods: Ventouse, vacuum extraction			/local-scratch/data/opengwas/igd/ukb-b-19294/ukb-b-19294.vcf.gz					GRCh37							unassigned			unavailable		total	analysis_level	10487				all ukb-b traits in the OpenGWAS IGD collection (data/ukb-b/manifest.tsv)	
ukb-b-19304	ukb-b-19304	Main speciality of consultant (recoded): Medical oncology			/local-scratch/data/opengwas/igd/ukb-b-19304/ukb-b-19304.vcf.gz					GRCh37							unassigned			unavailable		total	analysis_level	461101				all ukb-b traits in the OpenGWAS IGD collection (data/ukb-b/manifest.tsv)	
ukb-b-19346	ukb-b-19346	PCT where patients GP was registered: COUNTY DURHAM PCT			/local-scratch/data/opengwas/igd/ukb-b-19346/ukb-b-19346.vcf.gz					GRCh37							unassigned			unavailable		total	analysis_level	463010				all ukb-b traits in the OpenGWAS IGD collection (data/ukb-b/manifest.tsv)	
ukb-b-1935	ukb-b-1935	Operative procedures - main OPCS: W26.2 Manipulation of fracture of bone NEC			/local-scratch/data/opengwas/igd/ukb-b-1935/ukb-b-1935.vcf.gz					GRCh37							unassigned			unavailable		total	analysis_level	463010				all ukb-b traits in the OpenGWAS IGD collection (data/ukb-b/manifest.tsv)	
ukb-b-19350	ukb-b-19350	Diagnoses - main ICD10: I63.9 Cerebral infarction, unspecified			/local-scratch/data/opengwas/igd/ukb-b-19350/ukb-b-19350.vcf.gz					GRCh37							unassigned			unavailable		total	analysis_level	463010				all ukb-b traits in the OpenGWAS IGD collection (data/ukb-b/manifest.tsv)	
ukb-b-19354	ukb-b-19354	Diagnoses - main ICD10: K20 Oesophagitis			/local-scratch/data/opengwas/igd/ukb-b-19354/ukb-b-19354.vcf.gz					GRCh37							unassigned			unavailable		total	analysis_level	463010				all ukb-b traits in the OpenGWAS IGD collection (data/ukb-b/manifest.tsv)	
ukb-b-19373	ukb-b-19373	Duration to first press of snap-button in each round			/local-scratch/data/opengwas/igd/ukb-b-19373/ukb-b-19373.vcf.gz					GRCh37							unassigned			unavailable		total	analysis_level	459281				all ukb-b traits in the OpenGWAS IGD collection (data/ukb-b/manifest.tsv)	
ukb-b-19379	ukb-b-19379	Impedance of arm (left)			/local-scratch/data/opengwas/igd/ukb-b-19379/ukb-b-19379.vcf.gz					GRCh37							unassigned			unavailable		total	analysis_level	454850				all ukb-b traits in the OpenGWAS IGD collection (data/ukb-b/manifest.tsv)	
ukb-b-19381	ukb-b-19381	Non-cancer illness code, self-reported: osteopenia			/local-scratch/data/opengwas/igd/ukb-b-19381/ukb-b-19381.vcf.gz					GRCh37							unassigned			unavailable		total	analysis_level	462933				all ukb-b traits in the OpenGWAS IGD collection (data/ukb-b/manifest.tsv)	
ukb-b-19386	ukb-b-19386	Diagnoses - main ICD10: K51.9 Ulcerative colitis, unspecified			/local-scratch/data/opengwas/igd/ukb-b-19386/ukb-b-19386.vcf.gz					GRCh37							unassigned			unavailable		total	analysis_level	463010				all ukb-b traits in the OpenGWAS IGD collection (data/ukb-b/manifest.tsv)	
ukb-b-19388	ukb-b-19388	Diagnoses - main ICD10: K85 Acute pancreatitis			/local-scratch/data/opengwas/igd/ukb-b-19388/ukb-b-19388.vcf.gz					GRCh37							unassigned			unavailable		total	analysis_level	463010				all ukb-b traits in the OpenGWAS IGD collection (data/ukb-b/manifest.tsv)	
ukb-b-1939	ukb-b-1939	Operative procedures - main OPCS: F09.1 Surgical removal of impacted wisdom tooth			/local-scratch/data/opengwas/igd/ukb-b-1939/ukb-b-1939.vcf.gz					GRCh37							unassigned			unavailable		total	analysis_level	463010				all ukb-b traits in the OpenGWAS IGD collection (data/ukb-b/manifest.tsv)	
ukb-b-19390	ukb-b-19390	Vitamin C			/local-scratch/data/opengwas/igd/ukb-b-19390/ukb-b-19390.vcf.gz					GRCh37							unassigned			unavailable		total	analysis_level	64979				all ukb-b traits in the OpenGWAS IGD collection (data/ukb-b/manifest.tsv)	
ukb-b-19391	ukb-b-19391	Diagnoses - secondary ICD10: R06.0 Dyspnoea			/local-scratch/data/opengwas/igd/ukb-b-19391/ukb-b-19391.vcf.gz					GRCh37							unassigned			unavailable		total	analysis_level	463010				all ukb-b traits in the OpenGWAS IGD collection (data/ukb-b/manifest.tsv)	
ukb-b-19393	ukb-b-19393	Whole body fat mass			/local-scratch/data/opengwas/igd/ukb-b-19393/ukb-b-19393.vcf.gz					GRCh37							unassigned			unavailable		total	analysis_level	454137				all ukb-b traits in the OpenGWAS IGD collection (data/ukb-b/manifest.tsv)	
ukb-b-19398	ukb-b-19398	Main speciality of consultant (recoded): Geriatric medicine			/local-scratch/data/opengwas/igd/ukb-b-19398/ukb-b-19398.vcf.gz					GRCh37							unassigned			unavailable		total	analysis_level	461173				all ukb-b traits in the OpenGWAS IGD collection (data/ukb-b/manifest.tsv)	
ukb-b-19406	ukb-b-19406	PCT responsible for patient data: STOCKTON-ON-TEES TEACHING PCT			/local-scratch/data/opengwas/igd/ukb-b-19406/ukb-b-19406.vcf.gz					GRCh37							unassigned			unavailable		total	analysis_level	463010				all ukb-b traits in the OpenGWAS IGD collection (data/ukb-b/manifest.tsv)	
ukb-b-19409	ukb-b-19409	Diagnoses - secondary ICD10: R10.4 Other and unspecified abdominal pain			/local-scratch/data/opengwas/igd/ukb-b-19409/ukb-b-19409.vcf.gz					GRCh37							unassigned			unavailable		total	analysis_level	463010				all ukb-b traits in the OpenGWAS IGD collection (data/ukb-b/manifest.tsv)	
ukb-b-19419	ukb-b-19419	Diagnoses - main ICD10: R11 Nausea and vomiting			/local-scratch/data/opengwas/igd/ukb-b-19419/ukb-b-19419.vcf.gz					GRCh37							unassigned			unavailable		total	analysis_level	463010				all ukb-b traits in the OpenGWAS IGD collection (data/ukb-b/manifest.tsv)	
ukb-b-19425	ukb-b-19425	Diagnoses - main ICD10: C20 Malignant neoplasm of rectum			/local-scratch/data/opengwas/igd/ukb-b-19425/ukb-b-19425.vcf.gz					GRCh37							unassigned			unavailable		total	analysis_level	463010				all ukb-b traits in the OpenGWAS IGD collection (data/ukb-b/manifest.tsv)	
ukb-b-19431	ukb-b-19431	PCT where patients GP was registered: GREATER DERBY PCT			/local-scratch/data/opengwas/igd/ukb-b-19431/ukb-b-19431.vcf.gz					GRCh37							unassigned			unavailable		total	analysis_level	463010				all ukb-b traits in the OpenGWAS IGD collection (data/ukb-b/manifest.tsv)	
ukb-b-19438	ukb-b-19438	Operation code: rectal or colon polypectomy			/local-scratch/data/opengwas/igd/ukb-b-19438/ukb-b-19438.vcf.gz					GRCh37							unassigned			unavailable		total	analysis_level	462933				all ukb-b traits in the OpenGWAS IGD collection (data/ukb-b/manifest.tsv)	
ukb-b-19447	ukb-b-19447	Methods of admission to hospital (recoded): Emergency admission: Bed bureau			/local-scratch/data/opengwas/igd/ukb-b-19447/ukb-b-19447.vcf.gz					GRCh37							unassigned			unavailable		total	analysis_level	462413				all ukb-b traits in the OpenGWAS IGD collection (data/ukb-b/manifest.tsv)	
ukb-b-19456	ukb-b-19456	Illnesses of father: High blood pressure			/local-scratch/data/opengwas/igd/ukb-b-19456/ukb-b-19456.vcf.gz					GRCh37							unassigned			unavailable		total	analysis_level	402899				all ukb-b traits in the OpenGWAS IGD collection (data/ukb-b/manifest.tsv)	
ukb-b-19460	ukb-b-19460	PCT where patients GP was registered: RUSHCLIFFE PCT			/local-scratch/data/opengwas/igd/ukb-b-19460/ukb-b-19460.vcf.gz					GRCh37							unassigned			unavailable		total	analysis_level	463010				all ukb-b traits in the OpenGWAS IGD collection (data/ukb-b/manifest.tsv)	
ukb-b-19462	ukb-b-19462	Operative procedures - secondary OPCS: Y73.1 Cardiopulmonary bypass			/local-scratch/data/opengwas/igd/ukb-b-19462/ukb-b-19462.vcf.gz					GRCh37							unassigned			unavailable		total	analysis_level	463010				all ukb-b traits in the OpenGWAS IGD collection (data/ukb-b/manifest.tsv)	
ukb-b-19469	ukb-b-19469	PCT where patients GP was registered: BOLTON PCT			/local-scratch/data/opengwas/igd/ukb-b-19469/ukb-b-19469.vcf.gz					GRCh37							unassigned			unavailable		total	analysis_level	463010				all ukb-b traits in the OpenGWAS IGD collection (data/ukb-b/manifest.tsv)	
ukb-b-19473	ukb-b-19473	Operation code: nasal polyp surgery / nasal polypectomy			/local-scratch/data/opengwas/igd/ukb-b-19473/ukb-b-19473.vcf.gz					GRCh37							unassigned			unavailable		total	analysis_level	462933				all ukb-b traits in the OpenGWAS IGD collection (data/ukb-b/manifest.tsv)	
ukb-b-19482	ukb-b-19482	Operation code: unilateral oophorectomy			/local-scratch/data/opengwas/igd/ukb-b-19482/ukb-b-19482.vcf.gz					GRCh37							unassigned			unavailable		total	analysis_level	462933				all ukb-b traits in the OpenGWAS IGD collection (data/ukb-b/manifest.tsv)	
ukb-b-19490	ukb-b-19490	Average 24-hour sound level of noise pollution			/local-scratch/data/opengwas/igd/ukb-b-19490/ukb-b-19490.vcf.gz					GRCh37							unassigned			unavailable		total	analysis_level	456380				all ukb-b traits in the OpenGWAS IGD collection (data/ukb-b/manifest.tsv)	
ukb-b-19498	ukb-b-19498	Bran cereal intake			/local-scratch/data/opengwas/igd/ukb-b-19498/ukb-b-19498.vcf.gz					GRCh37							unassigned			unavailable		total	analysis_level	64949				all ukb-b traits in the OpenGWAS IGD collection (data/ukb-b/manifest.tsv)	
ukb-b-19520	ukb-b-19520	Arm fat-free mass (right)			/local-scratch/data/opengwas/igd/ukb-b-19520/ukb-b-19520.vcf.gz					GRCh37							unassigned			unavailable		total	analysis_level	454753				all ukb-b traits in the OpenGWAS IGD collection (data/ukb-b/manifest.tsv)	
ukb-b-19524	ukb-b-19524	Vitamin B12			/local-scratch/data/opengwas/igd/ukb-b-19524/ukb-b-19524.vcf.gz					GRCh37							unassigned			unavailable		total	analysis_level	64979				all ukb-b traits in the OpenGWAS IGD collection (data/ukb-b/manifest.tsv)	
ukb-b-19542	ukb-b-19542	Diagnoses - main ICD10: Z47.0 Follow-up care involving removal of fracture plate and other internal fixation device			/local-scratch/data/opengwas/igd/ukb-b-19542/ukb-b-19542.vcf.gz					GRCh37							unassigned			unavailable		total	analysis_level	463010				all ukb-b traits in the OpenGWAS IGD collection (data/ukb-b/manifest.tsv)	
ukb-b-19546	ukb-b-19546	Operative procedures - secondary OPCS: W85.2 Endoscopic irrigation of knee joint			/local-scratch/data/opengwas/igd/ukb-b-19546/ukb-b-19546.vcf.gz					GRCh37							unassigned			unavailable		total	analysis_level	463010				all ukb-b traits in the OpenGWAS IGD collection (data/ukb-b/manifest.tsv)	
ukb-b-19550	ukb-b-19550	Vitamin and/or mineral supplement use: Calcium			/local-scratch/data/opengwas/igd/ukb-b-19550/ukb-b-19550.vcf.gz					GRCh37							unassigned			unavailable		total	analysis_level	64949				all ukb-b traits in the OpenGWAS IGD collection (data/ukb-b/manifest.tsv)	
ukb-b-19560	ukb-b-19560	Skin colour			/local-scratch/data/opengwas/igd/ukb-b-19560/ukb-b-19560.vcf.gz					GRCh37							unassigned			unavailable		total	analysis_level	456692				all ukb-b traits in the OpenGWAS IGD collection (data/ukb-b/manifest.tsv)	
ukb-b-19579	ukb-b-19579	Operative procedures - main OPCS: M70.3 Rectal needle biopsy of prostate			/local-scratch/data/opengwas/igd/ukb-b-19579/ukb-b-19579.vcf.gz					GRCh37							unassigned			unavailable		total	analysis_level	463010				all ukb-b traits in the OpenGWAS IGD collection (data/ukb-b/manifest.tsv)	
ukb-b-19585	ukb-b-19585	Duration to entering value			/local-scratch/data/opengwas/igd/ukb-b-19585/ukb-b-19585.vcf.gz					GRCh37							unassigned			unavailable		total	analysis_level	113410				all ukb-b traits in the OpenGWAS IGD collection (data/ukb-b/manifest.tsv)	
ukb-b-1962	ukb-b-1962	Operation code: bilateral oophorectomy			/local-scratch/data/opengwas/igd/ukb-b-1962/ukb-b-1962.vcf.gz					GRCh37							unassigned			unavailable		total	analysis_level	462933				all ukb-b traits in the OpenGWAS IGD collection (data/ukb-b/manifest.tsv)	
ukb-b-19634	ukb-b-19634	PCT where patients GP was registered: SOLIHULL CARE TRUST			/local-scratch/data/opengwas/igd/ukb-b-19634/ukb-b-19634.vcf.gz					GRCh37							unassigned			unavailable		total	analysis_level	463010				all ukb-b traits in the OpenGWAS IGD collection (data/ukb-b/manifest.tsv)	
ukb-b-19641	ukb-b-19641	PCT where patients GP was registered: STOKE ON TRENT PCT			/local-scratch/data/opengwas/igd/ukb-b-19641/ukb-b-19641.vcf.gz					GRCh37							unassigned			unavailable		total	analysis_level	463010				all ukb-b traits in the OpenGWAS IGD collection (data/ukb-b/manifest.tsv)	
ukb-b-19651	ukb-b-19651	Diagnoses - secondary ICD10: F10.2 Dependence syndrome			/local-scratch/data/opengwas/igd/ukb-b-19651/ukb-b-19651.vcf.gz					GRCh37							unassigned			unavailable		total	analysis_level	463010				all ukb-b traits in the OpenGWAS IGD collection (data/ukb-b/manifest.tsv)	
ukb-b-19657	ukb-b-19657	Forced expiratory volume in 1-second (FEV1)			/local-scratch/data/opengwas/igd/ukb-b-19657/ukb-b-19657.vcf.gz					GRCh37							unassigned			unavailable		total	analysis_level	421986				all ukb-b traits in the OpenGWAS IGD collection (data/ukb-b/manifest.tsv)	
ukb-b-1968	ukb-b-1968	Diagnoses - main ICD10: K63.5 Polyp of colon			/local-scratch/data/opengwas/igd/ukb-b-1968/ukb-b-1968.vcf.gz					GRCh37							unassigned			unavailable		total	analysis_level	463010				all ukb-b traits in the OpenGWAS IGD collection (data/ukb-b/manifest.tsv)	
ukb-b-19698	ukb-b-19698	Treatment/medication code: clopidogrel			/local-scratch/data/opengwas/igd/ukb-b-19698/ukb-b-19698.vcf.gz					GRCh37							unassigned			unavailable		total	analysis_level	462933				all ukb-b traits in the OpenGWAS IGD collection (data/ukb-b/manifest.tsv)	
ukb-b-197	ukb-b-197	Operative procedures - secondary OPCS: C90.9 Unspecified local anaesthetics for ophthalmology procedures			/local-scratch/data/opengwas/igd/ukb-b-197/ukb-b-197.vcf.gz					GRCh37							unassigned			unavailable		total	analysis_level	463010				all ukb-b traits in the OpenGWAS IGD collection (data/ukb-b/manifest.tsv)	
ukb-b-19703	ukb-b-19703	Low calorie drink intake			/local-scratch/data/opengwas/igd/ukb-b-19703/ukb-b-19703.vcf.gz					GRCh37							unassigned			unavailable		total	analysis_level	64949				all ukb-b traits in the OpenGWAS IGD collection (data/ukb-b/manifest.tsv)	
ukb-b-19711	ukb-b-19711	Operative procedures - main OPCS: E03.6 Septoplasty of nose NEC			/local-scratch/data/opengwas/igd/ukb-b-19711/ukb-b-19711.vcf.gz					GRCh37							unassigned			unavailable		total	analysis_level	463010				all ukb-b traits in the OpenGWAS IGD collection (data/ukb-b/manifest.tsv)	
ukb-b-19713	ukb-b-19713	External causes: W19.9 Unspecified place			/local-scratch/data/opengwas/igd/ukb-b-19713/ukb-b-19713.vcf.gz					GRCh37							unassigned			unavailable		total	analysis_level	463010				all ukb-b traits in the OpenGWAS IGD collection (data/ukb-b/manifest.tsv)	
ukb-b-19716	ukb-b-19716	Menstruating today			/local-scratch/data/opengwas/igd/ukb-b-19716/ukb-b-19716.vcf.gz					GRCh37							unassigned			unavailable		total	analysis_level	67057				all ukb-b traits in the OpenGWAS IGD collection (data/ukb-b/manifest.tsv)	
ukb-b-19719	ukb-b-19719	Non-cancer illness code, self-reported: menorrhagia (unknown cause)			/local-scratch/data/opengwas/igd/ukb-b-19719/ukb-b-19719.vcf.gz					GRCh37							unassigned			unavailable		total	analysis_level	462933				all ukb-b traits in the OpenGWAS IGD collection (data/ukb-b/manifest.tsv)	
ukb-b-19722	ukb-b-19722	Non-accidental death in close genetic family			/local-scratch/data/opengwas/igd/ukb-b-19722/ukb-b-19722.vcf.gz					GRCh37							unassigned			unavailable		total	analysis_level	144817				all ukb-b traits in the OpenGWAS IGD collection (data/ukb-b/manifest.tsv)	
ukb-b-19732	ukb-b-19732	Non-cancer illness code, self-reported: hypothyroidism/myxoedema			/local-scratch/data/opengwas/igd/ukb-b-19732/ukb-b-19732.vcf.gz					GRCh37							unassigned			unavailable		total	analysis_level	462933				all ukb-b traits in the OpenGWAS IGD collection (data/ukb-b/manifest.tsv)	
ukb-b-1974	ukb-b-1974	Treatment/medication code: felodipine			/local-scratch/data/opengwas/igd/ukb-b-1974/ukb-b-1974.vcf.gz					GRCh37							unassigned			unavailable		total	analysis_level	462933				all ukb-b traits in the OpenGWAS IGD collection (data/ukb-b/manifest.tsv)	
ukb-b-19752	ukb-b-19752	Why reduced smoking: None of the above			/local-scratch/data/opengwas/igd/ukb-b-19752/ukb-b-19752.vcf.gz					GRCh37							unassigned			unavailable		total	analysis_level	14951				all ukb-b traits in the OpenGWAS IGD collection (data/ukb-b/manifest.tsv)	
ukb-b-19756	ukb-b-19756	Time employed in main current job			/local-scratch/data/opengwas/igd/ukb-b-19756/ukb-b-19756.vcf.gz					GRCh37							unassigned			unavailable		total	analysis_level	249516				all ukb-b traits in the OpenGWAS IGD collection (data/ukb-b/manifest.tsv)	
ukb-b-19759	ukb-b-19759	Treatment/medication code: quinine			/local-scratch/data/opengwas/igd/ukb-b-19759/ukb-b-19759.vcf.gz					GRCh37							unassigned			unavailable		total	analysis_level	462933				all ukb-b traits in the OpenGWAS IGD collection (data/ukb-b/manifest.tsv)	
ukb-b-19769	ukb-b-19769	Diagnoses - main ICD10: R06.5 Mouth breathing			/local-scratch/data/opengwas/igd/ukb-b-19769/ukb-b-19769.vcf.gz					GRCh37							unassigned			unavailable		total	analysis_level	463010				all ukb-b traits in the OpenGWAS IGD collection (data/ukb-b/manifest.tsv)	
ukb-b-1977	ukb-b-1977	Diagnoses - main ICD10: R51 Headache			/local-scratch/data/opengwas/igd/ukb-b-1977/ukb-b-1977.vcf.gz					GRCh37							unassigned			unavailable		total	analysis_level	463010				all ukb-b traits in the OpenGWAS IGD collection (data/ukb-b/manifest.tsv)	
ukb-b-19779	ukb-b-19779	PCT responsible for patient data: BOLTON PCT			/local-scratch/data/opengwas/igd/ukb-b-19779/ukb-b-19779.vcf.gz					GRCh37							unassigned			unavailable		total	analysis_level	463010				all ukb-b traits in the OpenGWAS IGD collection (data/ukb-b/manifest.tsv)	
ukb-b-19780	ukb-b-19780	Methods of admission to hospital (recoded): Emergency admission: Outpatients (obsolete)			/local-scratch/data/opengwas/igd/ukb-b-19780/ukb-b-19780.vcf.gz					GRCh37							unassigned			unavailable		total	analysis_level	462463				all ukb-b traits in the OpenGWAS IGD collection (data/ukb-b/manifest.tsv)	
ukb-b-19790	ukb-b-19790	Methods of admission to hospital (recoded): Maternity admission: Post-partum			/local-scratch/data/opengwas/igd/ukb-b-19790/ukb-b-19790.vcf.gz					GRCh37							unassigned			unavailable		total	analysis_level	462473				all ukb-b traits in the OpenGWAS IGD collection (data/ukb-b/manifest.tsv)	
ukb-b-19791	ukb-b-19791	PCT where patients GP was registered: ROTHERHAM PCT			/local-scratch/data/opengwas/igd/ukb-b-19791/ukb-b-19791.vcf.gz					GRCh37							unassigned			unavailable		total	analysis_level	463010				all ukb-b traits in the OpenGWAS IGD collection (data/ukb-b/manifest.tsv)	
ukb-b-19805	ukb-b-19805	Diagnoses - main ICD10: K62.1 Rectal polyp			/local-scratch/data/opengwas/igd/ukb-b-19805/ukb-b-19805.vcf.gz					GRCh37							unassigned			unavailable		total	analysis_level	463010				all ukb-b traits in the OpenGWAS IGD collection (data/ukb-b/manifest.tsv)	
ukb-b-19806	ukb-b-19806	Number of baguettes with butter/margarine			/local-scratch/data/opengwas/igd/ukb-b-19806/ukb-b-19806.vcf.gz					GRCh37							unassigned			unavailable		total	analysis_level	64941				all ukb-b traits in the OpenGWAS IGD collection (data/ukb-b/manifest.tsv)	
ukb-b-19807	ukb-b-19807	Diagnoses - main ICD10: M51.3 Other specified intervertebral disk degeneration			/local-scratch/data/opengwas/igd/ukb-b-19807/ukb-b-19807.vcf.gz					GRCh37							unassigned			unavailable		total	analysis_level	463010				all ukb-b traits in the OpenGWAS IGD collection (data/ukb-b/manifest.tsv)	
ukb-b-19809	ukb-b-19809	Fed-up feelings			/local-scratch/data/opengwas/igd/ukb-b-19809/ukb-b-19809.vcf.gz					GRCh37							unassigned			unavailable		total	analysis_level	453071				all ukb-b traits in the OpenGWAS IGD collection (data/ukb-b/manifest.tsv)	
ukb-b-19813	ukb-b-19813	Diagnoses - main ICD10: M54.56 Low back pain (Lumbar region)			/local-scratch/data/opengwas/igd/ukb-b-19813/ukb-b-19813.vcf.gz					GRCh37							unassigned			unavailable		total	analysis_level	463010				all ukb-b traits in the OpenGWAS IGD collection (data/ukb-b/manifest.tsv)	
ukb-b-19829	ukb-b-19829	Diagnoses - main ICD10: M16.9 Coxarthrosis, unspecified			/local-scratch/data/opengwas/igd/ukb-b-19829/ukb-b-19829.vcf.gz					GRCh37							unassigned			unavailable		total	analysis_level	463010				all ukb-b traits in the OpenGWAS IGD collection (data/ukb-b/manifest.tsv)	
ukb-b-19832	ukb-b-19832	Treatment/medication code: fluoxetine			/local-scratch/data/opengwas/igd/ukb-b-19832/ukb-b-19832.vcf.gz					GRCh37							unassigned			unavailable		total	analysis_level	462933				all ukb-b traits in the OpenGWAS IGD collection (data/ukb-b/manifest.tsv)	
ukb-b-19837	ukb-b-19837	Operative procedures - main OPCS: T24.3 Repair of umbilical hernia using sutures			/local-scratch/data/opengwas/igd/ukb-b-19837/ukb-b-19837.vcf.gz					GRCh37							unassigned			unavailable		total	analysis_level	463010				all ukb-b traits in the OpenGWAS IGD collection (data/ukb-b/manifest.tsv)	
ukb-b-19842	ukb-b-19842	Why stopped smoking: Health precaution			/local-scratch/data/opengwas/igd/ukb-b-19842/ukb-b-19842.vcf.gz					GRCh37							unassigned			unavailable		total	analysis_level	113988				all ukb-b traits in the OpenGWAS IGD collection (data/ukb-b/manifest.tsv)	
ukb-b-19845	ukb-b-19845	Operative procedures - secondary OPCS: Y82.9 Unspecified local anaesthetic			/local-scratch/data/opengwas/igd/ukb-b-19845/ukb-b-19845.vcf.gz					GRCh37							unassigned			unavailable		total	analysis_level	463010				all ukb-b traits in the OpenGWAS IGD collection (data/ukb-b/manifest.tsv)	
ukb-b-19847	ukb-b-19847	Cheesy biscuits intake			/local-scratch/data/opengwas/igd/ukb-b-19847/ukb-b-19847.vcf.gz					GRCh37							unassigned			unavailable		total	analysis_level	64949				all ukb-b traits in the OpenGWAS IGD collection (data/ukb-b/manifest.tsv)	
ukb-b-19852	ukb-b-19852	Current employment status: Retired			/local-scratch/data/opengwas/igd/ukb-b-19852/ukb-b-19852.vcf.gz					GRCh37							unassigned			unavailable		total	analysis_level	461242				all ukb-b traits in the OpenGWAS IGD collection (data/ukb-b/manifest.tsv)	
ukb-b-19862	ukb-b-19862	Melon intake			/local-scratch/data/opengwas/igd/ukb-b-19862/ukb-b-19862.vcf.gz					GRCh37							unassigned			unavailable		total	analysis_level	64949				all ukb-b traits in the OpenGWAS IGD collection (data/ukb-b/manifest.tsv)	
ukb-b-19864	ukb-b-19864	Diagnoses - secondary ICD10: Z86.1 Personal history of infectious and parasitic diseases			/local-scratch/data/opengwas/igd/ukb-b-19864/ukb-b-19864.vcf.gz					GRCh37							unassigned			unavailable		total	analysis_level	463010				all ukb-b traits in the OpenGWAS IGD collection (data/ukb-b/manifest.tsv)	
ukb-b-19885	ukb-b-19885	Duration of questionnaire			/local-scratch/data/opengwas/igd/ukb-b-19885/ukb-b-19885.vcf.gz					GRCh37							unassigned			unavailable		total	analysis_level	64949				all ukb-b traits in the OpenGWAS IGD collection (data/ukb-b/manifest.tsv)	
ukb-b-19886	ukb-b-19886	Diagnoses - secondary ICD10: K21.9 Gastro-oesophageal reflux disease without oesophagitis			/local-scratch/data/opengwas/igd/ukb-b-19886/ukb-b-19886.vcf.gz					GRCh37							unassigned			unavailable		total	analysis_level	463010				all ukb-b traits in the OpenGWAS IGD collection (data/ukb-b/manifest.tsv)	
ukb-b-19921	ukb-b-19921	Impedance of whole body			/local-scratch/data/opengwas/igd/ukb-b-19921/ukb-b-19921.vcf.gz					GRCh37							unassigned			unavailable		total	analysis_level	454840				all ukb-b traits in the OpenGWAS IGD collection (data/ukb-b/manifest.tsv)	
ukb-b-19925	ukb-b-19925	Arm fat-free mass (left)			/local-scratch/data/opengwas/igd/ukb-b-19925/ukb-b-19925.vcf.gz					GRCh37							unassigned			unavailable		total	analysis_level	454672				all ukb-b traits in the OpenGWAS IGD collection (data/ukb-b/manifest.tsv)	
ukb-b-19929	ukb-b-19929	Operation code: cruciate ligament surgery			/local-scratch/data/opengwas/igd/ukb-b-19929/ukb-b-19929.vcf.gz					GRCh37							unassigned			unavailable		total	analysis_level	462933				all ukb-b traits in the OpenGWAS IGD collection (data/ukb-b/manifest.tsv)	
ukb-b-1993	ukb-b-1993	Types of spread used on bread/crackers: Butter on bread/crackers			/local-scratch/data/opengwas/igd/ukb-b-1993/ukb-b-1993.vcf.gz					GRCh37							unassigned			unavailable		total	analysis_level	64949				all ukb-b traits in the OpenGWAS IGD collection (data/ukb-b/manifest.tsv)	
ukb-b-19931	ukb-b-19931	Powdered/instant soup intake			/local-scratch/data/opengwas/igd/ukb-b-19931/ukb-b-19931.vcf.gz					GRCh37							unassigned			unavailable		total	analysis_level	64942				all ukb-b traits in the OpenGWAS IGD collection (data/ukb-b/manifest.tsv)	
ukb-b-19937	ukb-b-19937	Operative procedures - main OPCS: R17.2 Elective lower uterine segment caesarean delivery			/local-scratch/data/opengwas/igd/ukb-b-19937/ukb-b-19937.vcf.gz					GRCh37							unassigned			unavailable		total	analysis_level	463010				all ukb-b traits in the OpenGWAS IGD collection (data/ukb-b/manifest.tsv)	
ukb-b-19950	ukb-b-19950	Operative procedures - main OPCS: X99.8 No procedure performed			/local-scratch/data/opengwas/igd/ukb-b-19950/ukb-b-19950.vcf.gz					GRCh37							unassigned			unavailable		total	analysis_level	463010				all ukb-b traits in the OpenGWAS IGD collection (data/ukb-b/manifest.tsv)	
ukb-b-19953	ukb-b-19953	Body mass index (BMI)			/local-scratch/data/opengwas/igd/ukb-b-19953/ukb-b-19953.vcf.gz					GRCh37							unassigned			unavailable		total	analysis_level	461460				all ukb-b traits in the OpenGWAS IGD collection (data/ukb-b/manifest.tsv)	
ukb-b-19955	ukb-b-19955	Diagnoses - secondary ICD10: I12.0 Hypertensive renal disease with renal failure			/local-scratch/data/opengwas/igd/ukb-b-19955/ukb-b-19955.vcf.gz					GRCh37							unassigned			unavailable		total	analysis_level	463010				all ukb-b traits in the OpenGWAS IGD collection (data/ukb-b/manifest.tsv)	
ukb-b-19957	ukb-b-19957	Suffer from 'nerves'			/local-scratch/data/opengwas/igd/ukb-b-19957/ukb-b-19957.vcf.gz					GRCh37							unassigned			unavailable		total	analysis_level	445809				all ukb-b traits in the OpenGWAS IGD collection (data/ukb-b/manifest.tsv)	
ukb-b-1996	ukb-b-1996	Salad / raw vegetable intake			/local-scratch/data/opengwas/igd/ukb-b-1996/ukb-b-1996.vcf.gz					GRCh37							unassigned			unavailable		total	analysis_level	435435				all ukb-b traits in the OpenGWAS IGD collection (data/ukb-b/manifest.tsv)	
ukb-b-1997	ukb-b-1997	Number of older siblings			/local-scratch/data/opengwas/igd/ukb-b-1997/ukb-b-1997.vcf.gz					GRCh37							unassigned			unavailable		total	analysis_level	133020				all ukb-b traits in the OpenGWAS IGD collection (data/ukb-b/manifest.tsv)	
ukb-b-1998	ukb-b-1998	Number of unenthusiastic/disinterested episodes			/local-scratch/data/opengwas/igd/ukb-b-1998/ukb-b-1998.vcf.gz					GRCh37							unassigned			unavailable		total	analysis_level	38371				all ukb-b traits in the OpenGWAS IGD collection (data/ukb-b/manifest.tsv)	
ukb-b-19994	ukb-b-19994	Spherical power (right)			/local-scratch/data/opengwas/igd/ukb-b-19994/ukb-b-19994.vcf.gz					GRCh37							unassigned			unavailable		total	analysis_level	99380				all ukb-b traits in the OpenGWAS IGD collection (data/ukb-b/manifest.tsv)	
ukb-b-20009	ukb-b-20009	Diagnoses - secondary ICD10: R05 Cough			/local-scratch/data/opengwas/igd/ukb-b-20009/ukb-b-20009.vcf.gz					GRCh37							unassigned			unavailable		total	analysis_level	463010				all ukb-b traits in the OpenGWAS IGD collection (data/ukb-b/manifest.tsv)	
ukb-b-20017	ukb-b-20017	Diagnoses - secondary ICD10: K29.8 Duodenitis			/local-scratch/data/opengwas/igd/ukb-b-20017/ukb-b-20017.vcf.gz					GRCh37							unassigned			unavailable		total	analysis_level	463010				all ukb-b traits in the OpenGWAS IGD collection (data/ukb-b/manifest.tsv)	
ukb-b-20019	ukb-b-20019	PCT where patients GP was registered: NEWCASTLE PCT			/local-scratch/data/opengwas/igd/ukb-b-20019/ukb-b-20019.vcf.gz					GRCh37							unassigned			unavailable		total	analysis_level	463010				all ukb-b traits in the OpenGWAS IGD collection (data/ukb-b/manifest.tsv)	
ukb-b-2002	ukb-b-2002	Job involves heavy manual or physical work			/local-scratch/data/opengwas/igd/ukb-b-2002/ukb-b-2002.vcf.gz					GRCh37							unassigned			unavailable		total	analysis_level	263615				all ukb-b traits in the OpenGWAS IGD collection (data/ukb-b/manifest.tsv)	
ukb-b-20023	ukb-b-20023	Plain cereal intake			/local-scratch/data/opengwas/igd/ukb-b-20023/ukb-b-20023.vcf.gz					GRCh37							unassigned			unavailable		total	analysis_level	64949				all ukb-b traits in the OpenGWAS IGD collection (data/ukb-b/manifest.tsv)	
ukb-b-2003	ukb-b-2003	Errors before selecting correct item in alphanumeric path (trail #2)			/local-scratch/data/opengwas/igd/ukb-b-2003/ukb-b-2003.vcf.gz					GRCh37							unassigned			unavailable		total	analysis_level	40607				all ukb-b traits in the OpenGWAS IGD collection (data/ukb-b/manifest.tsv)	
ukb-b-20032	ukb-b-20032	Heel bone mineral density (BMD) T-score, automated (right)			/local-scratch/data/opengwas/igd/ukb-b-20032/ukb-b-20032.vcf.gz					GRCh37							unassigned			unavailable		total	analysis_level	146181				all ukb-b traits in the OpenGWAS IGD collection (data/ukb-b/manifest.tsv)	
ukb-b-20038	ukb-b-20038	Diagnoses - main ICD10: Z13.8 Special screening examination for other specified diseases and disorders			/local-scratch/data/opengwas/igd/ukb-b-20038/ukb-b-20038.vcf.gz					GRCh37							unassigned			unavailable		total	analysis_level	463010				all ukb-b traits in the OpenGWAS IGD collection (data/ukb-b/manifest.tsv)	
ukb-b-20044	ukb-b-20044	Trunk fat mass			/local-scratch/data/opengwas/igd/ukb-b-20044/ukb-b-20044.vcf.gz					GRCh37							unassigned			unavailable		total	analysis_level	454588				all ukb-b traits in the OpenGWAS IGD collection (data/ukb-b/manifest.tsv)	
ukb-b-20045	ukb-b-20045	Diagnoses - secondary ICD10: F32.9 Depressive episode, unspecified			/local-scratch/data/opengwas/igd/ukb-b-20045/ukb-b-20045.vcf.gz					GRCh37							unassigned			unavailable		total	analysis_level	463010				all ukb-b traits in the OpenGWAS IGD collection (data/ukb-b/manifest.tsv)	
ukb-b-20057	ukb-b-20057	Types of spread used on bread/crackers: Low fat butter on bread/crackers			/local-scratch/data/opengwas/igd/ukb-b-20057/ukb-b-20057.vcf.gz					GRCh37							unassigned			unavailable		total	analysis_level	64949				all ukb-b traits in the OpenGWAS IGD collection (data/ukb-b/manifest.tsv)	
ukb-b-20078	ukb-b-20078	Non-cancer illness code, self-reported: gastric/stomach ulcers			/local-scratch/data/opengwas/igd/ukb-b-20078/ukb-b-20078.vcf.gz					GRCh37							unassigned			unavailable		total	analysis_level	462933				all ukb-b traits in the OpenGWAS IGD collection (data/ukb-b/manifest.tsv)	
ukb-b-20100	ukb-b-20100	Sources of admission to hospital (recoded): Transfer within NHS provider: Medical specialty			/local-scratch/data/opengwas/igd/ukb-b-20100/ukb-b-20100.vcf.gz					GRCh37							unassigned			unavailable		total	analysis_level	461369				all ukb-b traits in the OpenGWAS IGD collection (data/ukb-b/manifest.tsv)	
ukb-b-20118	ukb-b-20118	Operative procedures - main OPCS: M65.1 Endoscopic resection of prostate using electrotome			/local-scratch/data/opengwas/igd/ukb-b-20118/ukb-b-20118.vcf.gz					GRCh37							unassigned			unavailable		total	analysis_level	463010				all ukb-b traits in the OpenGWAS IGD collection (data/ukb-b/manifest.tsv)	
ukb-b-20122	ukb-b-20122	Goat's cheese intake			/local-scratch/data/opengwas/igd/ukb-b-20122/ukb-b-20122.vcf.gz					GRCh37							unassigned			unavailable		total	analysis_level	64944				all ukb-b traits in the OpenGWAS IGD collection (data/ukb-b/manifest.tsv)	
ukb-b-20124	ukb-b-20124	Heel bone mineral density (BMD) T-score, automated			/local-scratch/data/opengwas/igd/ukb-b-20124/ukb-b-20124.vcf.gz					GRCh37							unassigned			unavailable		total	analysis_level	265753				all ukb-b traits in the OpenGWAS IGD collection (data/ukb-b/manifest.tsv)	
ukb-b-20137	ukb-b-20137	Operative procedures - secondary OPCS: X72.3 Delivery of simple parenteral chemotherapy for neoplasm at first attendance			/local-scratch/data/opengwas/igd/ukb-b-20137/ukb-b-20137.vcf.gz					GRCh37							unassigned			unavailable		total	analysis_level	463010				all ukb-b traits in the OpenGWAS IGD collection (data/ukb-b/manifest.tsv)	
ukb-b-20140	ukb-b-20140	Duration to complete alphanumeric path (trail #2)			/local-scratch/data/opengwas/igd/ukb-b-20140/ukb-b-20140.vcf.gz					GRCh37							unassigned			unavailable		total	analysis_level	99477				all ukb-b traits in the OpenGWAS IGD collection (data/ukb-b/manifest.tsv)	
ukb-b-20141	ukb-b-20141	Non-cancer illness code, self-reported: eczema/dermatitis			/local-scratch/data/opengwas/igd/ukb-b-20141/ukb-b-20141.vcf.gz					GRCh37							unassigned			unavailable		total	analysis_level	462933				all ukb-b traits in the OpenGWAS IGD collection (data/ukb-b/manifest.tsv)	
ukb-b-20142	ukb-b-20142	Diagnoses - secondary ICD10: Z85.3 Personal history of malignant neoplasm of breast			/local-scratch/data/opengwas/igd/ukb-b-20142/ukb-b-20142.vcf.gz					GRCh37							unassigned			unavailable		total	analysis_level	463010				all ukb-b traits in the OpenGWAS IGD collection (data/ukb-b/manifest.tsv)	
ukb-b-20145	ukb-b-20145	Cancer code, self-reported: colon cancer/sigmoid cancer			/local-scratch/data/opengwas/igd/ukb-b-20145/ukb-b-20145.vcf.gz					GRCh37							unassigned			unavailable		total	analysis_level	462933				all ukb-b traits in the OpenGWAS IGD collection (data/ukb-b/manifest.tsv)	
ukb-b-20155	ukb-b-20155	Operative procedures - secondary OPCS: Z89.5 Thumb NEC			/local-scratch/data/opengwas/igd/ukb-b-20155/ukb-b-20155.vcf.gz					GRCh37							unassigned			unavailable		total	analysis_level	463010				all ukb-b traits in the OpenGWAS IGD collection (data/ukb-b/manifest.tsv)	
ukb-b-20159	ukb-b-20159	PCT where patients GP was registered: LIVERPOOL PCT			/local-scratch/data/opengwas/igd/ukb-b-20159/ukb-b-20159.vcf.gz					GRCh37							unassigned			unavailable		total	analysis_level	463010				all ukb-b traits in the OpenGWAS IGD collection (data/ukb-b/manifest.tsv)	
ukb-b-20162	ukb-b-20162	Diagnoses - main ICD10: R33 Retention of urine			/local-scratch/data/opengwas/igd/ukb-b-20162/ukb-b-20162.vcf.gz					GRCh37							unassigned			unavailable		total	analysis_level	463010				all ukb-b traits in the OpenGWAS IGD collection (data/ukb-b/manifest.tsv)	
ukb-b-20168	ukb-b-20168	PCT where patients GP was registered: SUNDERLAND TEACHING PCT			/local-scratch/data/opengwas/igd/ukb-b-20168/ukb-b-20168.vcf.gz					GRCh37							unassigned			unavailable		total	analysis_level	463010				all ukb-b traits in the OpenGWAS IGD collection (data/ukb-b/manifest.tsv)	
ukb-b-20172	ukb-b-20172	Sources of admission to hospital (recoded): Usual Place of residence			/local-scratch/data/opengwas/igd/ukb-b-20172/ukb-b-20172.vcf.gz					GRCh37							unassigned			unavailable		total	analysis_level	462793				all ukb-b traits in the OpenGWAS IGD collection (data/ukb-b/manifest.tsv)	
ukb-b-20175	ukb-b-20175	Systolic blood pressure, automated reading			/local-scratch/data/opengwas/igd/ukb-b-20175/ukb-b-20175.vcf.gz					GRCh37							unassigned			unavailable		total	analysis_level	436419				all ukb-b traits in the OpenGWAS IGD collection (data/ukb-b/manifest.tsv)	
ukb-b-20176	ukb-b-20176	Illnesses of mother: Lung cancer			/local-scratch/data/opengwas/igd/ukb-b-20176/ukb-b-20176.vcf.gz					GRCh37							unassigned			unavailable		total	analysis_level	423258				all ukb-b traits in the OpenGWAS IGD collection (data/ukb-b/manifest.tsv)	
ukb-b-20178	ukb-b-20178	PCT where patients GP was registered: SOUTH LEEDS PCT			/local-scratch/data/opengwas/igd/ukb-b-20178/ukb-b-20178.vcf.gz					GRCh37							unassigned			unavailable		total	analysis_level	463010				all ukb-b traits in the OpenGWAS IGD collection (data/ukb-b/manifest.tsv)	
ukb-b-20185	ukb-b-20185	Operative procedures - secondary OPCS: R27.1 Episiotomy to facilitate delivery			/local-scratch/data/opengwas/igd/ukb-b-20185/ukb-b-20185.vcf.gz					GRCh37							unassigned			unavailable		total	analysis_level	463010				all ukb-b traits in the OpenGWAS IGD collection (data/ukb-b/manifest.tsv)	
ukb-b-20187	ukb-b-20187	Operative procedures - secondary OPCS: Y53.2 Approach to organ under ultrasonic control			/local-scratch/data/opengwas/igd/ukb-b-20187/ukb-b-20187.vcf.gz					GRCh37							unassigned			unavailable		total	analysis_level	463010				all ukb-b traits in the OpenGWAS IGD collection (data/ukb-b/manifest.tsv)	
ukb-b-20188	ukb-b-20188	Arm fat percentage (left)			/local-scratch/data/opengwas/igd/ukb-b-20188/ukb-b-20188.vcf.gz					GRCh37							unassigned			unavailable		total	analysis_level	454724				all ukb-b traits in the OpenGWAS IGD collection (data/ukb-b/manifest.tsv)	
ukb-b-20189	ukb-b-20189	Diagnoses - main ICD10: K52.9 Non-infective gastro-enteritis and colitis, unspecified			/local-scratch/data/opengwas/igd/ukb-b-20189/ukb-b-20189.vcf.gz					GRCh37							unassigned			unavailable		total	analysis_level	463010				all ukb-b traits in the OpenGWAS IGD collection (data/ukb-b/manifest.tsv)	
ukb-b-20190	ukb-b-20190	Diagnoses - main ICD10: L98.9 Disorder of skin and subcutaneous tissue, unspecified			/local-scratch/data/opengwas/igd/ukb-b-20190/ukb-b-20190.vcf.gz					GRCh37							unassigned			unavailable		total	analysis_level	463010				all ukb-b traits in the OpenGWAS IGD collection (data/ukb-b/manifest.tsv)	
ukb-b-20193	ukb-b-20193	PCT where patients GP was registered: CENTRAL CHESHIRE PCT			/local-scratch/data/opengwas/igd/ukb-b-20193/ukb-b-20193.vcf.gz					GRCh37							unassigned			unavailable		total	analysis_level	463010				all ukb-b traits in the OpenGWAS IGD collection (data/ukb-b/manifest.tsv)	
ukb-b-20196	ukb-b-20196	PCT where patients GP was registered: WESTMINSTER PCT			/local-scratch/data/opengwas/igd/ukb-b-20196/ukb-b-20196.vcf.gz					GRCh37							unassigned			unavailable		total	analysis_level	463010				all ukb-b traits in the OpenGWAS IGD collection (data/ukb-b/manifest.tsv)	
ukb-b-2020	ukb-b-2020	Thickness of butter/margarine spread on baguettes: thin			/local-scratch/data/opengwas/igd/ukb-b-2020/ukb-b-2020.vcf.gz					GRCh37							unassigned			unavailable		total	analysis_level	64949				all ukb-b traits in the OpenGWAS IGD collection (data/ukb-b/manifest.tsv)	
ukb-b-20208	ukb-b-20208	Diagnoses - main ICD10: J45.9 Asthma, unspecified			/local-scratch/data/opengwas/igd/ukb-b-20208/ukb-b-20208.vcf.gz					GRCh37							unassigned			unavailable		total	analysis_level	463010				all ukb-b traits in the OpenGWAS IGD collection (data/ukb-b/manifest.tsv)	
ukb-b-20211	ukb-b-20211	Illnesses of father: Diabetes			/local-scratch/data/opengwas/igd/ukb-b-20211/ukb-b-20211.vcf.gz					GRCh37							unassigned			unavailable		total	analysis_level	400687				all ukb-b traits in the OpenGWAS IGD collection (data/ukb-b/manifest.tsv)	
ukb-b-20213	ukb-b-20213	Non-cancer illness code, self-reported: measles / morbillivirus			/local-scratch/data/opengwas/igd/ukb-b-20213/ukb-b-20213.vcf.gz					GRCh37							unassigned			unavailable		total	analysis_level	462933				all ukb-b traits in the OpenGWAS IGD collection (data/ukb-b/manifest.tsv)	
ukb-b-20214	ukb-b-20214	Attendance/disability/mobility allowance: Disability living allowance			/local-scratch/data/opengwas/igd/ukb-b-20214/ukb-b-20214.vcf.gz					GRCh37							unassigned			unavailable		total	analysis_level	459354				all ukb-b traits in the OpenGWAS IGD collection (data/ukb-b/manifest.tsv)	
ukb-b-20216	ukb-b-20216	PCT where patients GP was registered: SOUTH LIVERPOOL PCT			/local-scratch/data/opengwas/igd/ukb-b-20216/ukb-b-20216.vcf.gz					GRCh37							unassigned			unavailable		total	analysis_level	463010				all ukb-b traits in the OpenGWAS IGD collection (data/ukb-b/manifest.tsv)	
ukb-b-20218	ukb-b-20218	Operative procedures - secondary OPCS: Z50.3 Skin of finger			/local-scratch/data/opengwas/igd/ukb-b-20218/ukb-b-20218.vcf.gz					GRCh37							unassigned			unavailable		total	analysis_level	463010				all ukb-b traits in the OpenGWAS IGD collection (data/ukb-b/manifest.tsv)	
ukb-b-20233	ukb-b-20233	Diagnoses - secondary ICD10: M19.99 Arthrosis, unspecified (Site unspecified)			/local-scratch/data/opengwas/igd/ukb-b-20233/ukb-b-20233.vcf.gz					GRCh37							unassigned			unavailable		total	analysis_level	463010				all ukb-b traits in the OpenGWAS IGD collection (data/ukb-b/manifest.tsv)	
ukb-b-20239	ukb-b-20239	Operative procedures - secondary OPCS: W90.3 Injection of therapeutic substance into joint			/local-scratch/data/opengwas/igd/ukb-b-20239/ukb-b-20239.vcf.gz					GRCh37							unassigned			unavailable		total	analysis_level	463010				all ukb-b traits in the OpenGWAS IGD collection (data/ukb-b/manifest.tsv)	
ukb-b-2024	ukb-b-2024	Single crust pastry intake			/local-scratch/data/opengwas/igd/ukb-b-2024/ukb-b-2024.vcf.gz					GRCh37							unassigned			unavailable		total	analysis_level	64949				all ukb-b traits in the OpenGWAS IGD collection (data/ukb-b/manifest.tsv)	
ukb-b-20261	ukb-b-20261	Ever smoked			/local-scratch/data/opengwas/igd/ukb-b-20261/ukb-b-20261.vcf.gz					GRCh37							unassigned			unavailable		total	analysis_level	461066				all ukb-b traits in the OpenGWAS IGD collection (data/ukb-b/manifest.tsv)	
ukb-b-20278	ukb-b-20278	Operative procedures - main OPCS: B27.4 Total mastectomy NEC			/local-scratch/data/opengwas/igd/ukb-b-20278/ukb-b-20278.vcf.gz					GRCh37							unassigned			unavailable		total	analysis_level	463010				all ukb-b traits in the OpenGWAS IGD collection (data/ukb-b/manifest.tsv)	
ukb-b-20289	ukb-b-20289	Non-cancer illness code, self-reported: hyperthyroidism/thyrotoxicosis			/local-scratch/data/opengwas/igd/ukb-b-20289/ukb-b-20289.vcf.gz					GRCh37							unassigned			unavailable		total	analysis_level	462933				all ukb-b traits in the OpenGWAS IGD collection (data/ukb-b/manifest.tsv)	
ukb-b-2029	ukb-b-2029	Treatment/medication code: finasteride			/local-scratch/data/opengwas/igd/ukb-b-2029/ukb-b-2029.vcf.gz					GRCh37							unassigned			unavailable		total	analysis_level	462933				all ukb-b traits in the OpenGWAS IGD collection (data/ukb-b/manifest.tsv)	
ukb-b-20292	ukb-b-20292	Taking other prescription medications			/local-scratch/data/opengwas/igd/ukb-b-20292/ukb-b-20292.vcf.gz					GRCh37							unassigned			unavailable		total	analysis_level	461332				all ukb-b traits in the OpenGWAS IGD collection (data/ukb-b/manifest.tsv)	
ukb-b-20296	ukb-b-20296	Blood clot, DVT, bronchitis, emphysema, asthma, rhinitis, eczema, allergy diagnosed by doctor: Asthma			/local-scratch/data/opengwas/igd/ukb-b-20296/ukb-b-20296.vcf.gz					GRCh37							unassigned			unavailable		total	analysis_level	462013				all ukb-b traits in the OpenGWAS IGD collection (data/ukb-b/manifest.tsv)	
ukb-b-203	ukb-b-203	Diagnoses - main ICD10: Z12.1 Special screening examination for neoplasm of intestinal tract			/local-scratch/data/opengwas/igd/ukb-b-203/ukb-b-203.vcf.gz					GRCh37							unassigned			unavailable		total	analysis_level	463010				all ukb-b traits in the OpenGWAS IGD collection (data/ukb-b/manifest.tsv)	
ukb-b-20300	ukb-b-20300	Treatment speciality of consultant (recoded): Cardiology			/local-scratch/data/opengwas/igd/ukb-b-20300/ukb-b-20300.vcf.gz					GRCh37							unassigned			unavailable		total	analysis_level	445693				all ukb-b traits in the OpenGWAS IGD collection (data/ukb-b/manifest.tsv)	
ukb-b-20307	ukb-b-20307	PCT where patients GP was registered: TRAFFORD PCT			/local-scratch/data/opengwas/igd/ukb-b-20307/ukb-b-20307.vcf.gz					GRCh37							unassigned			unavailable		total	analysis_level	463010				all ukb-b traits in the OpenGWAS IGD collection (data/ukb-b/manifest.tsv)	
ukb-b-20321	ukb-b-20321	Average monthly beer plus cider intake			/local-scratch/data/opengwas/igd/ukb-b-20321/ukb-b-20321.vcf.gz					GRCh37							unassigned			unavailable		total	analysis_level	34243				all ukb-b traits in the OpenGWAS IGD collection (data/ukb-b/manifest.tsv)	
ukb-b-20332	ukb-b-20332	Operation code: inguinal hernia repair			/local-scratch/data/opengwas/igd/ukb-b-20332/ukb-b-20332.vcf.gz					GRCh37							unassigned			unavailable		total	analysis_level	462933				all ukb-b traits in the OpenGWAS IGD collection (data/ukb-b/manifest.tsv)	
ukb-b-20341	ukb-b-20341	Butternut squash intake			/local-scratch/data/opengwas/igd/ukb-b-20341/ukb-b-20341.vcf.gz					GRCh37							unassigned			unavailable		total	analysis_level	64943				all ukb-b traits in the OpenGWAS IGD collection (data/ukb-b/manifest.tsv)	
ukb-b-20349	ukb-b-20349	Non-cancer illness code, self-reported: bladder problem (not cancer)			/local-scratch/data/opengwas/igd/ukb-b-20349/ukb-b-20349.vcf.gz					GRCh37							unassigned			unavailable		total	analysis_level	462933				all ukb-b traits in the OpenGWAS IGD collection (data/ukb-b/manifest.tsv)	
ukb-b-2035	ukb-b-2035	Scotch pancake intake			/local-scratch/data/opengwas/igd/ukb-b-2035/ukb-b-2035.vcf.gz					GRCh37							unassigned			unavailable		total	analysis_level	64949				all ukb-b traits in the OpenGWAS IGD collection (data/ukb-b/manifest.tsv)	
ukb-b-20359	ukb-b-20359	Operative procedures - main OPCS: B28.5 Wire guided partial excision of breast			/local-scratch/data/opengwas/igd/ukb-b-20359/ukb-b-20359.vcf.gz					GRCh37							unassigned			unavailable		total	analysis_level	463010				all ukb-b traits in the OpenGWAS IGD collection (data/ukb-b/manifest.tsv)	
ukb-b-20379	ukb-b-20379	Medication for cholesterol, blood pressure, diabetes, or take exogenous hormones: None of the above			/local-scratch/data/opengwas/igd/ukb-b-20379/ukb-b-20379.vcf.gz					GRCh37							unassigned			unavailable		total	analysis_level	249710				all ukb-b traits in the OpenGWAS IGD collection (data/ukb-b/manifest.tsv)	
ukb-b-20382	ukb-b-20382	PCT responsible for patient data: DERBYSHIRE COUNTY PCT			/local-scratch/data/opengwas/igd/ukb-b-20382/ukb-b-20382.vcf.gz					GRCh37							unassigned			unavailable		total	analysis_level	463010				all ukb-b traits in the OpenGWAS IGD collection (data/ukb-b/manifest.tsv)	
ukb-b-20386	ukb-b-20386	Diagnoses - main ICD10: R07.2 Precordial pain			/local-scratch/data/opengwas/igd/ukb-b-20386/ukb-b-20386.vcf.gz					GRCh37							unassigned			unavailable		total	analysis_level	463010				all ukb-b traits in the OpenGWAS IGD collection (data/ukb-b/manifest.tsv)	
ukb-b-20405	ukb-b-20405	PCT where patients GP was registered: WARRINGTON PCT			/local-scratch/data/opengwas/igd/ukb-b-20405/ukb-b-20405.vcf.gz					GRCh37							unassigned			unavailable		total	analysis_level	463010				all ukb-b traits in the OpenGWAS IGD collection (data/ukb-b/manifest.tsv)	
ukb-b-20410	ukb-b-20410	Interpolated Age of participant when cancer first diagnosed			/local-scratch/data/opengwas/igd/ukb-b-20410/ukb-b-20410.vcf.gz					GRCh37							unassigned			unavailable		total	analysis_level	39107				all ukb-b traits in the OpenGWAS IGD collection (data/ukb-b/manifest.tsv)	
ukb-b-20414	ukb-b-20414	Diagnoses - secondary ICD10: M17.9 Gonarthrosis, unspecified			/local-scratch/data/opengwas/igd/ukb-b-20414/ukb-b-20414.vcf.gz					GRCh37							unassigned			unavailable		total	analysis_level	463010				all ukb-b traits in the OpenGWAS IGD collection (data/ukb-b/manifest.tsv)	
ukb-b-20415	ukb-b-20415	Treatment/medication code: selenium product			/local-scratch/data/opengwas/igd/ukb-b-20415/ukb-b-20415.vcf.gz					GRCh37							unassigned			unavailable		total	analysis_level	462933				all ukb-b traits in the OpenGWAS IGD collection (data/ukb-b/manifest.tsv)	
ukb-b-20421	ukb-b-20421	Operative procedures - secondary OPCS: H44.4 Examination of rectum under anaesthetic			/local-scratch/data/opengwas/igd/ukb-b-20421/ukb-b-20421.vcf.gz					GRCh37							unassigned			unavailable		total	analysis_level	463010				all ukb-b traits in the OpenGWAS IGD collection (data/ukb-b/manifest.tsv)	
ukb-b-20423	ukb-b-20423	Types of spreads/sauces consumed: Peanut butter			/local-scratch/data/opengwas/igd/ukb-b-20423/ukb-b-20423.vcf.gz					GRCh37							unassigned			unavailable		total	analysis_level	64949				all ukb-b traits in the OpenGWAS IGD collection (data/ukb-b/manifest.tsv)	
ukb-b-20424	ukb-b-20424	Diagnoses - secondary ICD10: Z90.7 Acquired absence of genital organ(s)			/local-scratch/data/opengwas/igd/ukb-b-20424/ukb-b-20424.vcf.gz					GRCh37							unassigned			unavailable		total	analysis_level	463010				all ukb-b traits in the OpenGWAS IGD collection (data/ukb-b/manifest.tsv)	
ukb-b-20432	ukb-b-20432	Hands-free device/speakerphone use with mobile phone in last 3 month			/local-scratch/data/opengwas/igd/ukb-b-20432/ukb-b-20432.vcf.gz					GRCh37							unassigned			unavailable		total	analysis_level	388531				all ukb-b traits in the OpenGWAS IGD collection (data/ukb-b/manifest.tsv)	
ukb-b-20435	ukb-b-20435	Operative procedures - secondary OPCS: S57.1 Debridement of skin NEC			/local-scratch/data/opengwas/igd/ukb-b-20435/ukb-b-20435.vcf.gz					GRCh37							unassigned			unavailable		total	analysis_level	463010				all ukb-b traits in the OpenGWAS IGD collection (data/ukb-b/manifest.tsv)	
ukb-b-20437	ukb-b-20437	Current employment status: Full or part-time student			/local-scratch/data/opengwas/igd/ukb-b-20437/ukb-b-20437.vcf.gz					GRCh37							unassigned			unavailable		total	analysis_level	461242				all ukb-b traits in the OpenGWAS IGD collection (data/ukb-b/manifest.tsv)	
ukb-b-20447	ukb-b-20447	Iron			/local-scratch/data/opengwas/igd/ukb-b-20447/ukb-b-20447.vcf.gz					GRCh37							unassigned			unavailable		total	analysis_level	64979				all ukb-b traits in the OpenGWAS IGD collection (data/ukb-b/manifest.tsv)	
ukb-b-20450	ukb-b-20450	Operative procedures - secondary OPCS: Z50.4 Skin of leg NEC			/local-scratch/data/opengwas/igd/ukb-b-20450/ukb-b-20450.vcf.gz					GRCh37							unassigned			unavailable		total	analysis_level	463010				all ukb-b traits in the OpenGWAS IGD collection (data/ukb-b/manifest.tsv)	
ukb-b-20455	ukb-b-20455	Distance between home and job workplace			/local-scratch/data/opengwas/igd/ukb-b-20455/ukb-b-20455.vcf.gz					GRCh37							unassigned			unavailable		total	analysis_level	221909				all ukb-b traits in the OpenGWAS IGD collection (data/ukb-b/manifest.tsv)	
ukb-b-20464	ukb-b-20464	Doctor diagnosed COPD (chronic obstructive pulmonary disease)			/local-scratch/data/opengwas/igd/ukb-b-20464/ukb-b-20464.vcf.gz					GRCh37							unassigned			unavailable		total	analysis_level	112583				all ukb-b traits in the OpenGWAS IGD collection (data/ukb-b/manifest.tsv)	
ukb-b-2047	ukb-b-2047	Age started smoking in former smokers			/local-scratch/data/opengwas/igd/ukb-b-2047/ukb-b-2047.vcf.gz					GRCh37							unassigned			unavailable		total	analysis_level	114449				all ukb-b traits in the OpenGWAS IGD collection (data/ukb-b/manifest.tsv)	
ukb-b-20477	ukb-b-20477	Diagnoses - secondary ICD10: Z96.6 Presence of orthopaedic joint implants			/local-scratch/data/opengwas/igd/ukb-b-20477/ukb-b-20477.vcf.gz					GRCh37							unassigned			unavailable		total	analysis_level	463010				all ukb-b traits in the OpenGWAS IGD collection (data/ukb-b/manifest.tsv)	
ukb-b-20480	ukb-b-20480	Treatment/medication code: ranitidine			/local-scratch/data/opengwas/igd/ukb-b-20480/ukb-b-20480.vcf.gz					GRCh37							unassigned			unavailable		total	analysis_level	462933				all ukb-b traits in the OpenGWAS IGD collection (data/ukb-b/manifest.tsv)	
ukb-b-20486	ukb-b-20486	6mm asymmetry index (right)			/local-scratch/data/opengwas/igd/ukb-b-20486/ukb-b-20486.vcf.gz					GRCh37							unassigned			unavailable		total	analysis_level	52647				all ukb-b traits in the OpenGWAS IGD collection (data/ukb-b/manifest.tsv)	
ukb-b-20498	ukb-b-20498	Number of incorrect matches in round			/local-scratch/data/opengwas/igd/ukb-b-20498/ukb-b-20498.vcf.gz					GRCh37							unassigned			unavailable		total	analysis_level	462302				all ukb-b traits in the OpenGWAS IGD collection (data/ukb-b/manifest.tsv)	
ukb-b-20509	ukb-b-20509	PCT responsible for patient data: LIVERPOOL PCT			/local-scratch/data/opengwas/igd/ukb-b-20509/ukb-b-20509.vcf.gz					GRCh37							unassigned			unavailable		total	analysis_level	463010				all ukb-b traits in the OpenGWAS IGD collection (data/ukb-b/manifest.tsv)	
ukb-b-20513	ukb-b-20513	Diagnoses - secondary ICD10: B96.8 Other specified bacterial agents as the cause of diseases classified to other chapters			/local-scratch/data/opengwas/igd/ukb-b-20513/ukb-b-20513.vcf.gz					GRCh37							unassigned			unavailable		total	analysis_level	463010				all ukb-b traits in the OpenGWAS IGD collection (data/ukb-b/manifest.tsv)	
ukb-b-20515	ukb-b-20515	Recent medication for asthma			/local-scratch/data/opengwas/igd/ukb-b-20515/ukb-b-20515.vcf.gz					GRCh37							unassigned			unavailable		total	analysis_level	14283				all ukb-b traits in the OpenGWAS IGD collection (data/ukb-b/manifest.tsv)	
ukb-b-2053	ukb-b-2053	Health satisfaction			/local-scratch/data/opengwas/igd/ukb-b-2053/ukb-b-2053.vcf.gz					GRCh37							unassigned			unavailable		total	analysis_level	152420				all ukb-b traits in the OpenGWAS IGD collection (data/ukb-b/manifest.tsv)	
ukb-b-20531	ukb-b-20531	Leg fat percentage (right)			/local-scratch/data/opengwas/igd/ukb-b-20531/ukb-b-20531.vcf.gz					GRCh37							unassigned			unavailable		total	analysis_level	454854				all ukb-b traits in the OpenGWAS IGD collection (data/ukb-b/manifest.tsv)	
ukb-b-20542	ukb-b-20542	Diagnoses - secondary ICD10: R42 Dizziness and giddiness			/local-scratch/data/opengwas/igd/ukb-b-20542/ukb-b-20542.vcf.gz					GRCh37							unassigned			unavailable		total	analysis_level	463010				all ukb-b traits in the OpenGWAS IGD collection (data/ukb-b/manifest.tsv)	
ukb-b-20544	ukb-b-20544	Nervous feelings			/local-scratch/data/opengwas/igd/ukb-b-20544/ukb-b-20544.vcf.gz					GRCh37							unassigned			unavailable		total	analysis_level	450700				all ukb-b traits in the OpenGWAS IGD collection (data/ukb-b/manifest.tsv)	
ukb-b-20549	ukb-b-20549	Types of spread used on bread/crackers: Low fat olive spread on bread/crackers			/local-scratch/data/opengwas/igd/ukb-b-20549/ukb-b-20549.vcf.gz					GRCh37							unassigned			unavailable		total	analysis_level	64949				all ukb-b traits in the OpenGWAS IGD collection (data/ukb-b/manifest.tsv)	
ukb-b-2055	ukb-b-2055	Diagnoses - secondary ICD10: N81.2 Incomplete uterovaginal prolapse			/local-scratch/data/opengwas/igd/ukb-b-2055/ukb-b-2055.vcf.gz					GRCh37							unassigned			unavailable		total	analysis_level	463010				all ukb-b traits in the OpenGWAS IGD collection (data/ukb-b/manifest.tsv)	
ukb-b-20554	ukb-b-20554	Milk-based pudding intake			/local-scratch/data/opengwas/igd/ukb-b-20554/ukb-b-20554.vcf.gz					GRCh37							unassigned			unavailable		total	analysis_level	64947				all ukb-b traits in the OpenGWAS IGD collection (data/ukb-b/manifest.tsv)	
ukb-b-20556	ukb-b-20556	Operation code: brain surgery			/local-scratch/data/opengwas/igd/ukb-b-20556/ukb-b-20556.vcf.gz					GRCh37							unassigned			unavailable		total	analysis_level	462933				all ukb-b traits in the OpenGWAS IGD collection (data/ukb-b/manifest.tsv)	
ukb-b-2083	ukb-b-2083	Diagnoses - main ICD10: M25.56 Pain in joint (Lower leg)			/local-scratch/data/opengwas/igd/ukb-b-2083/ukb-b-2083.vcf.gz					GRCh37							unassigned			unavailable		total	analysis_level	463010				all ukb-b traits in the OpenGWAS IGD collection (data/ukb-b/manifest.tsv)	
ukb-b-2084	ukb-b-2084	Number of correct matches in round			/local-scratch/data/opengwas/igd/ukb-b-2084/ukb-b-2084.vcf.gz					GRCh37							unassigned			unavailable		total	analysis_level	462302				all ukb-b traits in the OpenGWAS IGD collection (data/ukb-b/manifest.tsv)	
ukb-b-2091	ukb-b-2091	Noisy workplace			/local-scratch/data/opengwas/igd/ukb-b-2091/ukb-b-2091.vcf.gz					GRCh37							unassigned			unavailable		total	analysis_level	151624				all ukb-b traits in the OpenGWAS IGD collection (data/ukb-b/manifest.tsv)	
ukb-b-2094	ukb-b-2094	Weight change compared with 1 year ago			/local-scratch/data/opengwas/igd/ukb-b-2094/ukb-b-2094.vcf.gz					GRCh37							unassigned			unavailable		total	analysis_level	455085				all ukb-b traits in the OpenGWAS IGD collection (data/ukb-b/manifest.tsv)	
ukb-b-2102	ukb-b-2102	Longest period of depression			/local-scratch/data/opengwas/igd/ukb-b-2102/ukb-b-2102.vcf.gz					GRCh37							unassigned			unavailable		total	analysis_level	64701				all ukb-b traits in the OpenGWAS IGD collection (data/ukb-b/manifest.tsv)	
ukb-b-2105	ukb-b-2105	Work/job satisfaction			/local-scratch/data/opengwas/igd/ukb-b-2105/ukb-b-2105.vcf.gz					GRCh37							unassigned			unavailable		total	analysis_level	105358				all ukb-b traits in the OpenGWAS IGD collection (data/ukb-b/manifest.tsv)	
ukb-b-2108	ukb-b-2108	Operative procedures - main OPCS: X35.2 Intravenous chemotherapy			/local-scratch/data/opengwas/igd/ukb-b-2108/ukb-b-2108.vcf.gz					GRCh37							unassigned			unavailable		total	analysis_level	463010				all ukb-b traits in the OpenGWAS IGD collection (data/ukb-b/manifest.tsv)	
ukb-b-2115	ukb-b-2115	Time spent doing moderate physical activity			/local-scratch/data/opengwas/igd/ukb-b-2115/ukb-b-2115.vcf.gz					GRCh37							unassigned			unavailable		total	analysis_level	64949				all ukb-b traits in the OpenGWAS IGD collection (data/ukb-b/manifest.tsv)	
ukb-b-212	ukb-b-212	Diagnoses - main ICD10: D17.2 Benign lipomatous neoplasm of skin and subcutaneous tissue of limbs			/local-scratch/data/opengwas/igd/ukb-b-212/ukb-b-212.vcf.gz					GRCh37							unassigned			unavailable		total	analysis_level	463010				all ukb-b traits in the OpenGWAS IGD collection (data/ukb-b/manifest.tsv)	
ukb-b-2122	ukb-b-2122	Ankle spacing width (left)			/local-scratch/data/opengwas/igd/ukb-b-2122/ukb-b-2122.vcf.gz					GRCh37							unassigned			unavailable		total	analysis_level	146226				all ukb-b traits in the OpenGWAS IGD collection (data/ukb-b/manifest.tsv)	
ukb-b-2126	ukb-b-2126	Operation code: throat/larynx surgery (incl tracheostomy)			/local-scratch/data/opengwas/igd/ukb-b-2126/ukb-b-2126.vcf.gz					GRCh37							unassigned			unavailable		total	analysis_level	462933				all ukb-b traits in the OpenGWAS IGD collection (data/ukb-b/manifest.tsv)	
ukb-b-2134	ukb-b-2134	Past tobacco smoking			/local-scratch/data/opengwas/igd/ukb-b-2134/ukb-b-2134.vcf.gz					GRCh37							unassigned			unavailable		total	analysis_level	424960				all ukb-b traits in the OpenGWAS IGD collection (data/ukb-b/manifest.tsv)	
ukb-b-2146	ukb-b-2146	Operative procedures - main OPCS: Q18.1 Diagnostic endoscopic examination of uterus and biopsy of lesion of uterus			/local-scratch/data/opengwas/igd/ukb-b-2146/ukb-b-2146.vcf.gz					GRCh37							unassigned			unavailable		total	analysis_level	463010				all ukb-b traits in the OpenGWAS IGD collection (data/ukb-b/manifest.tsv)	
ukb-b-2148	ukb-b-2148	Facial ageing			/local-scratch/data/opengwas/igd/ukb-b-2148/ukb-b-2148.vcf.gz					GRCh37							unassigned			unavailable		total	analysis_level	423999				all ukb-b traits in the OpenGWAS IGD collection (data/ukb-b/manifest.tsv)	
ukb-b-2160	ukb-b-2160	Diagnoses - main ICD10: C61 Malignant neoplasm of prostate			/local-scratch/data/opengwas/igd/ukb-b-2160/ukb-b-2160.vcf.gz					GRCh37							unassigned			unavailable		total	analysis_level	463010				all ukb-b traits in the OpenGWAS IGD collection (data/ukb-b/manifest.tsv)	
ukb-b-217	ukb-b-217	Average monthly champagne plus white wine intake			/local-scratch/data/opengwas/igd/ukb-b-217/ukb-b-217.vcf.gz					GRCh37							unassigned			unavailable		total	analysis_level	34119				all ukb-b traits in the OpenGWAS IGD collection (data/ukb-b/manifest.tsv)	
ukb-b-2183	ukb-b-2183	Number of oatcakes with  butter/margarine			/local-scratch/data/opengwas/igd/ukb-b-2183/ukb-b-2183.vcf.gz					GRCh37							unassigned			unavailable		total	analysis_level	64949				all ukb-b traits in the OpenGWAS IGD collection (data/ukb-b/manifest.tsv)	
ukb-b-2188	ukb-b-2188	Operative procedures - secondary OPCS: H22.9 Unspecified diagnostic endoscopic examination of colon			/local-scratch/data/opengwas/igd/ukb-b-2188/ukb-b-2188.vcf.gz					GRCh37							unassigned			unavailable		total	analysis_level	463010				all ukb-b traits in the OpenGWAS IGD collection (data/ukb-b/manifest.tsv)	
ukb-b-2189	ukb-b-2189	Operative procedures - secondary OPCS: Z28.6 Sigmoid colon			/local-scratch/data/opengwas/igd/ukb-b-2189/ukb-b-2189.vcf.gz					GRCh37							unassigned			unavailable		total	analysis_level	463010				all ukb-b traits in the OpenGWAS IGD collection (data/ukb-b/manifest.tsv)	
ukb-b-2194	ukb-b-2194	Diagnoses - main ICD10: O63.1 Prolonged second stage (of labour)			/local-scratch/data/opengwas/igd/ukb-b-2194/ukb-b-2194.vcf.gz					GRCh37							unassigned			unavailable		total	analysis_level	463010				all ukb-b traits in the OpenGWAS IGD collection (data/ukb-b/manifest.tsv)	
ukb-b-2204	ukb-b-2204	Operative procedures - secondary OPCS: L91.2 Insertion of central venous catheter NEC			/local-scratch/data/opengwas/igd/ukb-b-2204/ukb-b-2204.vcf.gz					GRCh37							unassigned			unavailable		total	analysis_level	463010				all ukb-b traits in the OpenGWAS IGD collection (data/ukb-b/manifest.tsv)	
ukb-b-2205	ukb-b-2205	Diagnoses - secondary ICD10: Z82.4 Family history of ischaemic heart disease and other diseases of the circulatory system			/local-scratch/data/opengwas/igd/ukb-b-2205/ukb-b-2205.vcf.gz					GRCh37							unassigned			unavailable		total	analysis_level	463010				all ukb-b traits in the OpenGWAS IGD collection (data/ukb-b/manifest.tsv)	
ukb-b-2209	ukb-b-2209	Oily fish intake			/local-scratch/data/opengwas/igd/ukb-b-2209/ukb-b-2209.vcf.gz					GRCh37							unassigned			unavailable		total	analysis_level	460443				all ukb-b traits in the OpenGWAS IGD collection (data/ukb-b/manifest.tsv)	
ukb-b-2218	ukb-b-2218	Operation code: colonoscopy/sigmoidoscopy			/local-scratch/data/opengwas/igd/ukb-b-2218/ukb-b-2218.vcf.gz					GRCh37							unassigned			unavailable		total	analysis_level	462933				all ukb-b traits in the OpenGWAS IGD collection (data/ukb-b/manifest.tsv)	
ukb-b-2219	ukb-b-2219	PCT where patients GP was registered: CROYDON PCT			/local-scratch/data/opengwas/igd/ukb-b-2219/ukb-b-2219.vcf.gz					GRCh37							unassigned			unavailable		total	analysis_level	463010				all ukb-b traits in the OpenGWAS IGD collection (data/ukb-b/manifest.tsv)	
ukb-b-2221	ukb-b-2221	Cherry intake			/local-scratch/data/opengwas/igd/ukb-b-2221/ukb-b-2221.vcf.gz					GRCh37							unassigned			unavailable		total	analysis_level	64949				all ukb-b traits in the OpenGWAS IGD collection (data/ukb-b/manifest.tsv)	
ukb-b-2227	ukb-b-2227	Number of children fathered			/local-scratch/data/opengwas/igd/ukb-b-2227/ukb-b-2227.vcf.gz					GRCh37							unassigned			unavailable		total	analysis_level	209872				all ukb-b traits in the OpenGWAS IGD collection (data/ukb-b/manifest.tsv)	
ukb-b-223	ukb-b-223	Current tobacco smoking			/local-scratch/data/opengwas/igd/ukb-b-223/ukb-b-223.vcf.gz					GRCh37							unassigned			unavailable		total	analysis_level	462434				all ukb-b traits in the OpenGWAS IGD collection (data/ukb-b/manifest.tsv)	
ukb-b-2237	ukb-b-2237	Tinned tuna intake			/local-scratch/data/opengwas/igd/ukb-b-2237/ukb-b-2237.vcf.gz					GRCh37							unassigned			unavailable		total	analysis_level	64940				all ukb-b traits in the OpenGWAS IGD collection (data/ukb-b/manifest.tsv)	
ukb-b-227	ukb-b-227	Operative procedures - main OPCS: U20.1 Transthoracic echocardiography			/local-scratch/data/opengwas/igd/ukb-b-227/ukb-b-227.vcf.gz					GRCh37							unassigned			unavailable		total	analysis_level	463010				all ukb-b traits in the OpenGWAS IGD collection (data/ukb-b/manifest.tsv)	
ukb-b-228	ukb-b-228	Milk added to cereal			/local-scratch/data/opengwas/igd/ukb-b-228/ukb-b-228.vcf.gz					GRCh37							unassigned			unavailable		total	analysis_level	64949				all ukb-b traits in the OpenGWAS IGD collection (data/ukb-b/manifest.tsv)	
ukb-b-2285	ukb-b-2285	Diagnoses - main ICD10: H25.0 Senile incipient cataract			/local-scratch/data/opengwas/igd/ukb-b-2285/ukb-b-2285.vcf.gz					GRCh37							unassigned			unavailable		total	analysis_level	463010				all ukb-b traits in the OpenGWAS IGD collection (data/ukb-b/manifest.tsv)	
ukb-b-2299	ukb-b-2299	Green bean intake			/local-scratch/data/opengwas/igd/ukb-b-2299/ukb-b-2299.vcf.gz					GRCh37							unassigned			unavailable		total	analysis_level	64949				all ukb-b traits in the OpenGWAS IGD collection (data/ukb-b/manifest.tsv)	
ukb-b-2303	ukb-b-2303	Body mass index (BMI)			/local-scratch/data/opengwas/igd/ukb-b-2303/ukb-b-2303.vcf.gz					GRCh37							unassigned			unavailable		total	analysis_level	454884				all ukb-b traits in the OpenGWAS IGD collection (data/ukb-b/manifest.tsv)	
ukb-b-2307	ukb-b-2307	Diagnoses - main ICD10: C50.9 Breast, unspecified			/local-scratch/data/opengwas/igd/ukb-b-2307/ukb-b-2307.vcf.gz					GRCh37							unassigned			unavailable		total	analysis_level	463010				all ukb-b traits in the OpenGWAS IGD collection (data/ukb-b/manifest.tsv)	
ukb-b-2317	ukb-b-2317	Pace-maker			/local-scratch/data/opengwas/igd/ukb-b-2317/ukb-b-2317.vcf.gz					GRCh37							unassigned			unavailable		total	analysis_level	462552				all ukb-b traits in the OpenGWAS IGD collection (data/ukb-b/manifest.tsv)	
ukb-b-2338	ukb-b-2338	Types of spread used on bread/crackers: Normal fat dairy spread on bread/crackers			/local-scratch/data/opengwas/igd/ukb-b-2338/ukb-b-2338.vcf.gz					GRCh37							unassigned			unavailable		total	analysis_level	64949				all ukb-b traits in the OpenGWAS IGD collection (data/ukb-b/manifest.tsv)	
ukb-b-2341	ukb-b-2341	Type of fat/oil used in cooking: Butter			/local-scratch/data/opengwas/igd/ukb-b-2341/ukb-b-2341.vcf.gz					GRCh37							unassigned			unavailable		total	analysis_level	64949				all ukb-b traits in the OpenGWAS IGD collection (data/ukb-b/manifest.tsv)	
ukb-b-2346	ukb-b-2346	Duration of moderate activity			/local-scratch/data/opengwas/igd/ukb-b-2346/ukb-b-2346.vcf.gz					GRCh37							unassigned			unavailable		total	analysis_level	343827				all ukb-b traits in the OpenGWAS IGD collection (data/ukb-b/manifest.tsv)	
ukb-b-2349	ukb-b-2349	Non-cancer illness code, self-reported: cervical spondylosis			/local-scratch/data/opengwas/igd/ukb-b-2349/ukb-b-2349.vcf.gz					GRCh37							unassigned			unavailable		total	analysis_level	462933				all ukb-b traits in the OpenGWAS IGD collection (data/ukb-b/manifest.tsv)	
ukb-b-235	ukb-b-235	PCT where patients GP was registered: LANGBAURGH PCT			/local-scratch/data/opengwas/igd/ukb-b-235/ukb-b-235.vcf.gz					GRCh37							unassigned			unavailable		total	analysis_level	463010				all ukb-b traits in the OpenGWAS IGD collection (data/ukb-b/manifest.tsv)	
ukb-b-2368	ukb-b-2368	Type of fat/oil used in cooking: Vegetable oil			/local-scratch/data/opengwas/igd/ukb-b-2368/ukb-b-2368.vcf.gz					GRCh37							unassigned			unavailable		total	analysis_level	64949				all ukb-b traits in the OpenGWAS IGD collection (data/ukb-b/manifest.tsv)	
ukb-b-2375	ukb-b-2375	Whole-wheat cereal intake			/local-scratch/data/opengwas/igd/ukb-b-2375/ukb-b-2375.vcf.gz					GRCh37							unassigned			unavailable		total	analysis_level	64949				all ukb-b traits in the OpenGWAS IGD collection (data/ukb-b/manifest.tsv)	
ukb-b-2393	ukb-b-2393	Never eat eggs, dairy, wheat, sugar: I eat all of the above			/local-scratch/data/opengwas/igd/ukb-b-2393/ukb-b-2393.vcf.gz					GRCh37							unassigned			unavailable		total	analysis_level	461046				all ukb-b traits in the OpenGWAS IGD collection (data/ukb-b/manifest.tsv)	
ukb-b-2399	ukb-b-2399	Destinations on discharge from hospital (recoded): Transfer to other NHS provider: General ward, young physically disabled, A&E			/local-scratch/data/opengwas/igd/ukb-b-2399/ukb-b-2399.vcf.gz					GRCh37							unassigned			unavailable		total	analysis_level	461036				all ukb-b traits in the OpenGWAS IGD collection (data/ukb-b/manifest.tsv)	
ukb-b-2400	ukb-b-2400	PCT where patients GP was registered: LEEDS NORTH EAST PCT			/local-scratch/data/opengwas/igd/ukb-b-2400/ukb-b-2400.vcf.gz					GRCh37							unassigned			unavailable		total	analysis_level	463010				all ukb-b traits in the OpenGWAS IGD collection (data/ukb-b/manifest.tsv)	
ukb-b-2414	ukb-b-2414	Operative procedures - secondary OPCS: Z28.3 Ascending colon			/local-scratch/data/opengwas/igd/ukb-b-2414/ukb-b-2414.vcf.gz					GRCh37							unassigned			unavailable		total	analysis_level	463010				all ukb-b traits in the OpenGWAS IGD collection (data/ukb-b/manifest.tsv)	
ukb-b-2415	ukb-b-2415	Treatment/medication code: adcal 600mg chewable tablet			/local-scratch/data/opengwas/igd/ukb-b-2415/ukb-b-2415.vcf.gz					GRCh37							unassigned			unavailable		total	analysis_level	462933				all ukb-b traits in the OpenGWAS IGD collection (data/ukb-b/manifest.tsv)	
ukb-b-2416	ukb-b-2416	Operative procedures - secondary OPCS: C90.3 Subtenons anaesthetic			/local-scratch/data/opengwas/igd/ukb-b-2416/ukb-b-2416.vcf.gz					GRCh37							unassigned			unavailable		total	analysis_level	463010				all ukb-b traits in the OpenGWAS IGD collection (data/ukb-b/manifest.tsv)	
ukb-b-2424	ukb-b-2424	Operative procedures - secondary OPCS: Z28.5 Descending colon			/local-scratch/data/opengwas/igd/ukb-b-2424/ukb-b-2424.vcf.gz					GRCh37							unassigned			unavailable		total	analysis_level	463010				all ukb-b traits in the OpenGWAS IGD collection (data/ukb-b/manifest.tsv)	
ukb-b-2425	ukb-b-2425	Methods of admission to hospital (recoded): Emergency admission: Other injury			/local-scratch/data/opengwas/igd/ukb-b-2425/ukb-b-2425.vcf.gz					GRCh37							unassigned			unavailable		total	analysis_level	462399				all ukb-b traits in the OpenGWAS IGD collection (data/ukb-b/manifest.tsv)	
ukb-b-2426	ukb-b-2426	Operative procedures - secondary OPCS: T43.9 Unspecified diagnostic endoscopic examination of peritoneum			/local-scratch/data/opengwas/igd/ukb-b-2426/ukb-b-2426.vcf.gz					GRCh37							unassigned			unavailable		total	analysis_level	463010				all ukb-b traits in the OpenGWAS IGD collection (data/ukb-b/manifest.tsv)	
ukb-b-243	ukb-b-243	Intake of sugar added to coffee			/local-scratch/data/opengwas/igd/ukb-b-243/ukb-b-243.vcf.gz					GRCh37							unassigned			unavailable		total	analysis_level	64949				all ukb-b traits in the OpenGWAS IGD collection (data/ukb-b/manifest.tsv)	
ukb-b-2456	ukb-b-2456	Volume level set by participant (left)			/local-scratch/data/opengwas/igd/ukb-b-2456/ukb-b-2456.vcf.gz					GRCh37							unassigned			unavailable		total	analysis_level	148728				all ukb-b traits in the OpenGWAS IGD collection (data/ukb-b/manifest.tsv)	
ukb-b-2468	ukb-b-2468	Parsnip intake			/local-scratch/data/opengwas/igd/ukb-b-2468/ukb-b-2468.vcf.gz					GRCh37							unassigned			unavailable		total	analysis_level	64949				all ukb-b traits in the OpenGWAS IGD collection (data/ukb-b/manifest.tsv)	
ukb-b-2469	ukb-b-2469	Operative procedures - main OPCS: P27.3 Colposcopy of vagina			/local-scratch/data/opengwas/igd/ukb-b-2469/ukb-b-2469.vcf.gz					GRCh37							unassigned			unavailable		total	analysis_level	463010				all ukb-b traits in the OpenGWAS IGD collection (data/ukb-b/manifest.tsv)	
ukb-b-2482	ukb-b-2482	Years since last cervical smear test			/local-scratch/data/opengwas/igd/ukb-b-2482/ukb-b-2482.vcf.gz					GRCh37							unassigned			unavailable		total	analysis_level	192526				all ukb-b traits in the OpenGWAS IGD collection (data/ukb-b/manifest.tsv)	
ukb-b-2483	ukb-b-2483	Operative procedures - secondary OPCS: Y90.3 Scanning NEC			/local-scratch/data/opengwas/igd/ukb-b-2483/ukb-b-2483.vcf.gz					GRCh37							unassigned			unavailable		total	analysis_level	463010				all ukb-b traits in the OpenGWAS IGD collection (data/ukb-b/manifest.tsv)	
ukb-b-2506	ukb-b-2506	Eye problems/disorders: None of the above			/local-scratch/data/opengwas/igd/ukb-b-2506/ukb-b-2506.vcf.gz					GRCh37							unassigned			unavailable		total	analysis_level	150642				all ukb-b traits in the OpenGWAS IGD collection (data/ukb-b/manifest.tsv)	
ukb-b-2512	ukb-b-2512	White pasta intake			/local-scratch/data/opengwas/igd/ukb-b-2512/ukb-b-2512.vcf.gz					GRCh37							unassigned			unavailable		total	analysis_level	64949				all ukb-b traits in the OpenGWAS IGD collection (data/ukb-b/manifest.tsv)	
ukb-b-2522	ukb-b-2522	Operation code: removal of testicle/orchidectomy			/local-scratch/data/opengwas/igd/ukb-b-2522/ukb-b-2522.vcf.gz					GRCh37							unassigned			unavailable		total	analysis_level	462933				all ukb-b traits in the OpenGWAS IGD collection (data/ukb-b/manifest.tsv)	
ukb-b-2525	ukb-b-2525	Operative procedures - secondary OPCS: Z47.2 Skin of temple			/local-scratch/data/opengwas/igd/ukb-b-2525/ukb-b-2525.vcf.gz					GRCh37							unassigned			unavailable		total	analysis_level	463010				all ukb-b traits in the OpenGWAS IGD collection (data/ukb-b/manifest.tsv)	
ukb-b-2528	ukb-b-2528	Operation code: spinal laminectomy			/local-scratch/data/opengwas/igd/ukb-b-2528/ukb-b-2528.vcf.gz					GRCh37							unassigned			unavailable		total	analysis_level	462933				all ukb-b traits in the OpenGWAS IGD collection (data/ukb-b/manifest.tsv)	
ukb-b-2530	ukb-b-2530	Leek intake			/local-scratch/data/opengwas/igd/ukb-b-2530/ukb-b-2530.vcf.gz					GRCh37							unassigned			unavailable		total	analysis_level	64949				all ukb-b traits in the OpenGWAS IGD collection (data/ukb-b/manifest.tsv)	
ukb-b-2533	ukb-b-2533	Operation code: lower limb surgery			/local-scratch/data/opengwas/igd/ukb-b-2533/ukb-b-2533.vcf.gz					GRCh37							unassigned			unavailable		total	analysis_level	462933				all ukb-b traits in the OpenGWAS IGD collection (data/ukb-b/manifest.tsv)	
ukb-b-2535	ukb-b-2535	Falls in the last year			/local-scratch/data/opengwas/igd/ukb-b-2535/ukb-b-2535.vcf.gz					GRCh37							unassigned			unavailable		total	analysis_level	461725				all ukb-b traits in the OpenGWAS IGD collection (data/ukb-b/manifest.tsv)	
ukb-b-2557	ukb-b-2557	Smoked cigarette or pipe within last hour			/local-scratch/data/opengwas/igd/ukb-b-2557/ukb-b-2557.vcf.gz					GRCh37							unassigned			unavailable		total	analysis_level	43496				all ukb-b traits in the OpenGWAS IGD collection (data/ukb-b/manifest.tsv)	
ukb-b-256	ukb-b-256	Manic/hyper symptoms: None of the above			/local-scratch/data/opengwas/igd/ukb-b-256/ukb-b-256.vcf.gz					GRCh37							unassigned			unavailable		total	analysis_level	31317				all ukb-b traits in the OpenGWAS IGD collection (data/ukb-b/manifest.tsv)	
ukb-b-2561	ukb-b-2561	Diagnoses - main ICD10: D17.1 Benign lipomatous neoplasm of skin and subcutaneous tissue of trunk			/local-scratch/data/opengwas/igd/ukb-b-2561/ukb-b-2561.vcf.gz					GRCh37							unassigned			unavailable		total	analysis_level	463010				all ukb-b traits in the OpenGWAS IGD collection (data/ukb-b/manifest.tsv)	
ukb-b-2582	ukb-b-2582	Operative procedures - secondary OPCS: O14.2 Sentinel lymph node			/local-scratch/data/opengwas/igd/ukb-b-2582/ukb-b-2582.vcf.gz					GRCh37							unassigned			unavailable		total	analysis_level	463010				all ukb-b traits in the OpenGWAS IGD collection (data/ukb-b/manifest.tsv)	
ukb-b-2592	ukb-b-2592	Non-cancer illness code, self-reported: irritable bowel syndrome			/local-scratch/data/opengwas/igd/ukb-b-2592/ukb-b-2592.vcf.gz					GRCh37							unassigned			unavailable		total	analysis_level	462933				all ukb-b traits in the OpenGWAS IGD collection (data/ukb-b/manifest.tsv)	
ukb-b-260	ukb-b-260	Types of spreads/sauces consumed: Tomato ketchup			/local-scratch/data/opengwas/igd/ukb-b-260/ukb-b-260.vcf.gz					GRCh37							unassigned			unavailable		total	analysis_level	64949				all ukb-b traits in the OpenGWAS IGD collection (data/ukb-b/manifest.tsv)	
ukb-b-2603	ukb-b-2603	Average monthly fortified wine intake			/local-scratch/data/opengwas/igd/ukb-b-2603/ukb-b-2603.vcf.gz					GRCh37							unassigned			unavailable		total	analysis_level	34270				all ukb-b traits in the OpenGWAS IGD collection (data/ukb-b/manifest.tsv)	
ukb-b-2618	ukb-b-2618	Nitrogen dioxide air pollution; 2005			/local-scratch/data/opengwas/igd/ukb-b-2618/ukb-b-2618.vcf.gz					GRCh37							unassigned			unavailable		total	analysis_level	456380				all ukb-b traits in the OpenGWAS IGD collection (data/ukb-b/manifest.tsv)	
ukb-b-2625	ukb-b-2625	Diagnoses - secondary ICD10: M47.82 Other spondylosis (Cervical region)			/local-scratch/data/opengwas/igd/ukb-b-2625/ukb-b-2625.vcf.gz					GRCh37							unassigned			unavailable		total	analysis_level	463010				all ukb-b traits in the OpenGWAS IGD collection (data/ukb-b/manifest.tsv)	
ukb-b-2630	ukb-b-2630	Diagnoses - secondary ICD10: Z98.0 Intestinal bypass and anastomosis status			/local-scratch/data/opengwas/igd/ukb-b-2630/ukb-b-2630.vcf.gz					GRCh37							unassigned			unavailable		total	analysis_level	463010				all ukb-b traits in the OpenGWAS IGD collection (data/ukb-b/manifest.tsv)	
ukb-b-2634	ukb-b-2634	Duration of heavy DIY			/local-scratch/data/opengwas/igd/ukb-b-2634/ukb-b-2634.vcf.gz					GRCh37							unassigned			unavailable		total	analysis_level	182778				all ukb-b traits in the OpenGWAS IGD collection (data/ukb-b/manifest.tsv)	
ukb-b-266	ukb-b-266	Current eye infection			/local-scratch/data/opengwas/igd/ukb-b-266/ukb-b-266.vcf.gz					GRCh37							unassigned			unavailable		total	analysis_level	102466				all ukb-b traits in the OpenGWAS IGD collection (data/ukb-b/manifest.tsv)	
ukb-b-2669	ukb-b-2669	Treatment/medication code: vitamin b compound tablet			/local-scratch/data/opengwas/igd/ukb-b-2669/ukb-b-2669.vcf.gz					GRCh37							unassigned			unavailable		total	analysis_level	462933				all ukb-b traits in the OpenGWAS IGD collection (data/ukb-b/manifest.tsv)	
ukb-b-2691	ukb-b-2691	Coleslaw intake			/local-scratch/data/opengwas/igd/ukb-b-2691/ukb-b-2691.vcf.gz					GRCh37							unassigned			unavailable		total	analysis_level	64949				all ukb-b traits in the OpenGWAS IGD collection (data/ukb-b/manifest.tsv)	
ukb-b-2703	ukb-b-2703	PCT responsible for patient data: HALTON AND ST HELENS PCT			/local-scratch/data/opengwas/igd/ukb-b-2703/ukb-b-2703.vcf.gz					GRCh37							unassigned			unavailable		total	analysis_level	463010				all ukb-b traits in the OpenGWAS IGD collection (data/ukb-b/manifest.tsv)	
ukb-b-2709	ukb-b-2709	Year ended full time education			/local-scratch/data/opengwas/igd/ukb-b-2709/ukb-b-2709.vcf.gz					GRCh37							unassigned			unavailable		total	analysis_level	112569				all ukb-b traits in the OpenGWAS IGD collection (data/ukb-b/manifest.tsv)	
ukb-b-2715	ukb-b-2715	PCT where patients GP was registered: TRAFFORD SOUTH PCT			/local-scratch/data/opengwas/igd/ukb-b-2715/ukb-b-2715.vcf.gz					GRCh37							unassigned			unavailable		total	analysis_level	463010				all ukb-b traits in the OpenGWAS IGD collection (data/ukb-b/manifest.tsv)	
ukb-b-2719	ukb-b-2719	Operation code: laparotomy nos			/local-scratch/data/opengwas/igd/ukb-b-2719/ukb-b-2719.vcf.gz					GRCh37							unassigned			unavailable		total	analysis_level	462933				all ukb-b traits in the OpenGWAS IGD collection (data/ukb-b/manifest.tsv)	
ukb-b-2729	ukb-b-2729	Age heart attack diagnosed			/local-scratch/data/opengwas/igd/ukb-b-2729/ukb-b-2729.vcf.gz					GRCh37							unassigned			unavailable		total	analysis_level	10339				all ukb-b traits in the OpenGWAS IGD collection (data/ukb-b/manifest.tsv)	
ukb-b-2732	ukb-b-2732	Time from waking to first cigarette			/local-scratch/data/opengwas/igd/ukb-b-2732/ukb-b-2732.vcf.gz					GRCh37							unassigned			unavailable		total	analysis_level	33304				all ukb-b traits in the OpenGWAS IGD collection (data/ukb-b/manifest.tsv)	
ukb-b-2750	ukb-b-2750	Type of cancer: ICD10: C43.7 Malignant melanoma of lower limb, including hip			/local-scratch/data/opengwas/igd/ukb-b-2750/ukb-b-2750.vcf.gz					GRCh37							unassigned			unavailable		total	analysis_level	463010				all ukb-b traits in the OpenGWAS IGD collection (data/ukb-b/manifest.tsv)	
ukb-b-2763	ukb-b-2763	Orange juice intake			/local-scratch/data/opengwas/igd/ukb-b-2763/ukb-b-2763.vcf.gz					GRCh37							unassigned			unavailable		total	analysis_level	64949				all ukb-b traits in the OpenGWAS IGD collection (data/ukb-b/manifest.tsv)	
ukb-b-2769	ukb-b-2769	Operative procedures - main OPCS: Q11.3 Evacuation of products of conception from uterus NEC			/local-scratch/data/opengwas/igd/ukb-b-2769/ukb-b-2769.vcf.gz					GRCh37							unassigned			unavailable		total	analysis_level	463010				all ukb-b traits in the OpenGWAS IGD collection (data/ukb-b/manifest.tsv)	
ukb-b-277	ukb-b-277	Vitamin and/or mineral supplement use: Evening primrose			/local-scratch/data/opengwas/igd/ukb-b-277/ukb-b-277.vcf.gz					GRCh37							unassigned			unavailable		total	analysis_level	64949				all ukb-b traits in the OpenGWAS IGD collection (data/ukb-b/manifest.tsv)	
ukb-b-2772	ukb-b-2772	Getting up in morning			/local-scratch/data/opengwas/igd/ukb-b-2772/ukb-b-2772.vcf.gz					GRCh37							unassigned			unavailable		total	analysis_level	461658				all ukb-b traits in the OpenGWAS IGD collection (data/ukb-b/manifest.tsv)	
ukb-b-2804	ukb-b-2804	Diagnoses - main ICD10: S52.50 Fracture of lower end of radius (closed)			/local-scratch/data/opengwas/igd/ukb-b-2804/ukb-b-2804.vcf.gz					GRCh37							unassigned			unavailable		total	analysis_level	463010				all ukb-b traits in the OpenGWAS IGD collection (data/ukb-b/manifest.tsv)	
ukb-b-282	ukb-b-282	Indian snacks intake			/local-scratch/data/opengwas/igd/ukb-b-282/ukb-b-282.vcf.gz					GRCh37							unassigned			unavailable		total	analysis_level	64949				all ukb-b traits in the OpenGWAS IGD collection (data/ukb-b/manifest.tsv)	
ukb-b-2823	ukb-b-2823	Treatment speciality of consultant (recoded): Maxillo-facial surgery			/local-scratch/data/opengwas/igd/ukb-b-2823/ukb-b-2823.vcf.gz					GRCh37							unassigned			unavailable		total	analysis_level	444008				all ukb-b traits in the OpenGWAS IGD collection (data/ukb-b/manifest.tsv)	
ukb-b-2830	ukb-b-2830	Financial situation satisfaction			/local-scratch/data/opengwas/igd/ukb-b-2830/ukb-b-2830.vcf.gz					GRCh37							unassigned			unavailable		total	analysis_level	152153				all ukb-b traits in the OpenGWAS IGD collection (data/ukb-b/manifest.tsv)	
ukb-b-2832	ukb-b-2832	Fizzy drink intake			/local-scratch/data/opengwas/igd/ukb-b-2832/ukb-b-2832.vcf.gz					GRCh37							unassigned			unavailable		total	analysis_level	64949				all ukb-b traits in the OpenGWAS IGD collection (data/ukb-b/manifest.tsv)	
ukb-b-2838	ukb-b-2838	PCT where patients GP was registered: DURHAM AND CHESTER-LE-STREET PCT			/local-scratch/data/opengwas/igd/ukb-b-2838/ukb-b-2838.vcf.gz					GRCh37							unassigned			unavailable		total	analysis_level	463010				all ukb-b traits in the OpenGWAS IGD collection (data/ukb-b/manifest.tsv)	
ukb-b-2846	ukb-b-2846	6mm strong meridian angle (left)			/local-scratch/data/opengwas/igd/ukb-b-2846/ukb-b-2846.vcf.gz					GRCh37							unassigned			unavailable		total	analysis_level	83410				all ukb-b traits in the OpenGWAS IGD collection (data/ukb-b/manifest.tsv)	
ukb-b-2854	ukb-b-2854	Diagnoses - secondary ICD10: W19.9 Unspecified place			/local-scratch/data/opengwas/igd/ukb-b-2854/ukb-b-2854.vcf.gz					GRCh37							unassigned			unavailable		total	analysis_level	463010				all ukb-b traits in the OpenGWAS IGD collection (data/ukb-b/manifest.tsv)	
ukb-b-2862	ukb-b-2862	Beef intake			/local-scratch/data/opengwas/igd/ukb-b-2862/ukb-b-2862.vcf.gz					GRCh37							unassigned			unavailable		total	analysis_level	461053				all ukb-b traits in the OpenGWAS IGD collection (data/ukb-b/manifest.tsv)	
ukb-b-2867	ukb-b-2867	Lettuce intake			/local-scratch/data/opengwas/igd/ukb-b-2867/ukb-b-2867.vcf.gz					GRCh37							unassigned			unavailable		total	analysis_level	64949				all ukb-b traits in the OpenGWAS IGD collection (data/ukb-b/manifest.tsv)	
ukb-b-2875	ukb-b-2875	Diagnoses - main ICD10: M16.1 Other primary coxarthrosis			/local-scratch/data/opengwas/igd/ukb-b-2875/ukb-b-2875.vcf.gz					GRCh37							unassigned			unavailable		total	analysis_level	463010				all ukb-b traits in the OpenGWAS IGD collection (data/ukb-b/manifest.tsv)	
ukb-b-288	ukb-b-288	Treatment/medication code: folic acid product			/local-scratch/data/opengwas/igd/ukb-b-288/ukb-b-288.vcf.gz					GRCh37							unassigned			unavailable		total	analysis_level	462933				all ukb-b traits in the OpenGWAS IGD collection (data/ukb-b/manifest.tsv)	
ukb-b-2895	ukb-b-2895	Diagnoses - secondary ICD10: Z60.2 Living alone			/local-scratch/data/opengwas/igd/ukb-b-2895/ukb-b-2895.vcf.gz					GRCh37							unassigned			unavailable		total	analysis_level	463010				all ukb-b traits in the OpenGWAS IGD collection (data/ukb-b/manifest.tsv)	
ukb-b-29	ukb-b-29	Porridge intake			/local-scratch/data/opengwas/igd/ukb-b-29/ukb-b-29.vcf.gz					GRCh37							unassigned			unavailable		total	analysis_level	64949				all ukb-b traits in the OpenGWAS IGD collection (data/ukb-b/manifest.tsv)	
ukb-b-290	ukb-b-290	Operation code: upper limb surgery			/local-scratch/data/opengwas/igd/ukb-b-290/ukb-b-290.vcf.gz					GRCh37							unassigned			unavailable		total	analysis_level	462933				all ukb-b traits in the OpenGWAS IGD collection (data/ukb-b/manifest.tsv)	
ukb-b-2909	ukb-b-2909	Variation in diet			/local-scratch/data/opengwas/igd/ukb-b-2909/ukb-b-2909.vcf.gz					GRCh37							unassigned			unavailable		total	analysis_level	460884				all ukb-b traits in the OpenGWAS IGD collection (data/ukb-b/manifest.tsv)	
ukb-b-295	ukb-b-295	Operative procedures - main OPCS: Q08.9 Unspecified vaginal excision of uterus			/local-scratch/data/opengwas/igd/ukb-b-295/ukb-b-295.vcf.gz					GRCh37							unassigned			unavailable		total	analysis_level	463010				all ukb-b traits in the OpenGWAS IGD collection (data/ukb-b/manifest.tsv)	
ukb-b-2951	ukb-b-2951	Operative procedures - secondary OPCS: Z50.1 Skin of arm			/local-scratch/data/opengwas/igd/ukb-b-2951/ukb-b-2951.vcf.gz					GRCh37							unassigned			unavailable		total	analysis_level	463010				all ukb-b traits in the OpenGWAS IGD collection (data/ukb-b/manifest.tsv)	
ukb-b-2953	ukb-b-2953	Operation code: radical prostatectomy			/local-scratch/data/opengwas/igd/ukb-b-2953/ukb-b-2953.vcf.gz					GRCh37							unassigned			unavailable		total	analysis_level	462933				all ukb-b traits in the OpenGWAS IGD collection (data/ukb-b/manifest.tsv)	
ukb-b-2954	ukb-b-2954	Methods of discharge from hospital (recoded): Discharged on clinical advice/consent: Transfer within provider			/local-scratch/data/opengwas/igd/ukb-b-2954/ukb-b-2954.vcf.gz					GRCh37							unassigned			unavailable		total	analysis_level	462236				all ukb-b traits in the OpenGWAS IGD collection (data/ukb-b/manifest.tsv)	
ukb-b-2963	ukb-b-2963	Treatment/medication code: propranolol			/local-scratch/data/opengwas/igd/ukb-b-2963/ukb-b-2963.vcf.gz					GRCh37							unassigned			unavailable		total	analysis_level	462933				all ukb-b traits in the OpenGWAS IGD collection (data/ukb-b/manifest.tsv)	
ukb-b-2964	ukb-b-2964	Diagnoses - secondary ICD10: F17.1 Harmful use			/local-scratch/data/opengwas/igd/ukb-b-2964/ukb-b-2964.vcf.gz					GRCh37							unassigned			unavailable		total	analysis_level	463010				all ukb-b traits in the OpenGWAS IGD collection (data/ukb-b/manifest.tsv)	
ukb-b-2966	ukb-b-2966	Milk intake			/local-scratch/data/opengwas/igd/ukb-b-2966/ukb-b-2966.vcf.gz					GRCh37							unassigned			unavailable		total	analysis_level	64943				all ukb-b traits in the OpenGWAS IGD collection (data/ukb-b/manifest.tsv)	
ukb-b-2973	ukb-b-2973	Diagnoses - secondary ICD10: K31.8 Other specified diseases of stomach and duodenum			/local-scratch/data/opengwas/igd/ukb-b-2973/ukb-b-2973.vcf.gz					GRCh37							unassigned			unavailable		total	analysis_level	463010				all ukb-b traits in the OpenGWAS IGD collection (data/ukb-b/manifest.tsv)	
ukb-b-2975	ukb-b-2975	Cabbage/kale intake			/local-scratch/data/opengwas/igd/ukb-b-2975/ukb-b-2975.vcf.gz					GRCh37							unassigned			unavailable		total	analysis_level	64949				all ukb-b traits in the OpenGWAS IGD collection (data/ukb-b/manifest.tsv)	
ukb-b-298	ukb-b-298	Frequency of stair climbing in last 4 weeks			/local-scratch/data/opengwas/igd/ukb-b-298/ukb-b-298.vcf.gz					GRCh37							unassigned			unavailable		total	analysis_level	458309				all ukb-b traits in the OpenGWAS IGD collection (data/ukb-b/manifest.tsv)	
ukb-b-2988	ukb-b-2988	Number of fluid intelligence questions attempted within time limit			/local-scratch/data/opengwas/igd/ukb-b-2988/ukb-b-2988.vcf.gz					GRCh37							unassigned			unavailable		total	analysis_level	149051				all ukb-b traits in the OpenGWAS IGD collection (data/ukb-b/manifest.tsv)	
ukb-b-2993	ukb-b-2993	Duration of light DIY			/local-scratch/data/opengwas/igd/ukb-b-2993/ukb-b-2993.vcf.gz					GRCh37							unassigned			unavailable		total	analysis_level	227090				all ukb-b traits in the OpenGWAS IGD collection (data/ukb-b/manifest.tsv)	
ukb-b-3000	ukb-b-3000	Latte intake			/local-scratch/data/opengwas/igd/ukb-b-3000/ukb-b-3000.vcf.gz					GRCh37							unassigned			unavailable		total	analysis_level	64944				all ukb-b traits in the OpenGWAS IGD collection (data/ukb-b/manifest.tsv)	
ukb-b-3005	ukb-b-3005	Operation code: arthroscopy nos			/local-scratch/data/opengwas/igd/ukb-b-3005/ukb-b-3005.vcf.gz					GRCh37							unassigned			unavailable		total	analysis_level	462933				all ukb-b traits in the OpenGWAS IGD collection (data/ukb-b/manifest.tsv)	
ukb-b-301	ukb-b-301	Operation code: foot surgery			/local-scratch/data/opengwas/igd/ukb-b-301/ukb-b-301.vcf.gz					GRCh37							unassigned			unavailable		total	analysis_level	462933				all ukb-b traits in the OpenGWAS IGD collection (data/ukb-b/manifest.tsv)	
ukb-b-3016	ukb-b-3016	Years since last breast cancer screening / mammogram			/local-scratch/data/opengwas/igd/ukb-b-3016/ukb-b-3016.vcf.gz					GRCh37							unassigned			unavailable		total	analysis_level	149403				all ukb-b traits in the OpenGWAS IGD collection (data/ukb-b/manifest.tsv)	
ukb-b-3018	ukb-b-3018	Age at death			/local-scratch/data/opengwas/igd/ukb-b-3018/ukb-b-3018.vcf.gz					GRCh37							unassigned			unavailable		total	analysis_level	11856				all ukb-b traits in the OpenGWAS IGD collection (data/ukb-b/manifest.tsv)	
ukb-b-3022	ukb-b-3022	Prune intake			/local-scratch/data/opengwas/igd/ukb-b-3022/ukb-b-3022.vcf.gz					GRCh37							unassigned			unavailable		total	analysis_level	64949				all ukb-b traits in the OpenGWAS IGD collection (data/ukb-b/manifest.tsv)	
ukb-b-3027	ukb-b-3027	Diagnoses - secondary ICD10: K31.7 Polyp of stomach and duodenum			/local-scratch/data/opengwas/igd/ukb-b-3027/ukb-b-3027.vcf.gz					GRCh37							unassigned			unavailable		total	analysis_level	463010				all ukb-b traits in the OpenGWAS IGD collection (data/ukb-b/manifest.tsv)	
ukb-b-3035	ukb-b-3035	Operative procedures - main OPCS: E36.9 Unspecified diagnostic endoscopic examination of larynx			/local-scratch/data/opengwas/igd/ukb-b-3035/ukb-b-3035.vcf.gz					GRCh37							unassigned			unavailable		total	analysis_level	463010				all ukb-b traits in the OpenGWAS IGD collection (data/ukb-b/manifest.tsv)	
ukb-b-3044	ukb-b-3044	Non-cancer illness code, self-reported: colitis/not crohns or ulcerative colitis			/local-scratch/data/opengwas/igd/ukb-b-3044/ukb-b-3044.vcf.gz					GRCh37							unassigned			unavailable		total	analysis_level	462933				all ukb-b traits in the OpenGWAS IGD collection (data/ukb-b/manifest.tsv)	
ukb-b-3055	ukb-b-3055	Other vegetables intake			/local-scratch/data/opengwas/igd/ukb-b-3055/ukb-b-3055.vcf.gz					GRCh37							unassigned			unavailable		total	analysis_level	64949				all ukb-b traits in the OpenGWAS IGD collection (data/ukb-b/manifest.tsv)	
ukb-b-3073	ukb-b-3073	Operative procedures - secondary OPCS: U21.2 Computed tomography NEC			/local-scratch/data/opengwas/igd/ukb-b-3073/ukb-b-3073.vcf.gz					GRCh37							unassigned			unavailable		total	analysis_level	463010				all ukb-b traits in the OpenGWAS IGD collection (data/ukb-b/manifest.tsv)	
ukb-b-3083	ukb-b-3083	Operation code: mastectomy			/local-scratch/data/opengwas/igd/ukb-b-3083/ukb-b-3083.vcf.gz					GRCh37							unassigned			unavailable		total	analysis_level	462933				all ukb-b traits in the OpenGWAS IGD collection (data/ukb-b/manifest.tsv)	
ukb-b-309	ukb-b-309	Types of spread used on bread/crackers: Low fat dairy spread on bread/crackers			/local-scratch/data/opengwas/igd/ukb-b-309/ukb-b-309.vcf.gz					GRCh37							unassigned			unavailable		total	analysis_level	64949				all ukb-b traits in the OpenGWAS IGD collection (data/ukb-b/manifest.tsv)	
ukb-b-3095	ukb-b-3095	Diagnoses - main ICD10: H25.1 Senile nuclear cataract			/local-scratch/data/opengwas/igd/ukb-b-3095/ukb-b-3095.vcf.gz					GRCh37							unassigned			unavailable		total	analysis_level	463010				all ukb-b traits in the OpenGWAS IGD collection (data/ukb-b/manifest.tsv)	
ukb-b-311	ukb-b-311	White wine intake			/local-scratch/data/opengwas/igd/ukb-b-311/ukb-b-311.vcf.gz					GRCh37							unassigned			unavailable		total	analysis_level	64949				all ukb-b traits in the OpenGWAS IGD collection (data/ukb-b/manifest.tsv)	
ukb-b-3114	ukb-b-3114	Operative procedures - secondary OPCS: Y21.8 Other specified cytology of organ NOC			/local-scratch/data/opengwas/igd/ukb-b-3114/ukb-b-3114.vcf.gz					GRCh37							unassigned			unavailable		total	analysis_level	463010				all ukb-b traits in the OpenGWAS IGD collection (data/ukb-b/manifest.tsv)	
ukb-b-3115	ukb-b-3115	Diagnoses - secondary ICD10: Y83.2 Surgical operation with anastomosis, bypass or graft			/local-scratch/data/opengwas/igd/ukb-b-3115/ukb-b-3115.vcf.gz					GRCh37							unassigned			unavailable		total	analysis_level	463010				all ukb-b traits in the OpenGWAS IGD collection (data/ukb-b/manifest.tsv)	
ukb-b-3132	ukb-b-3132	Operation code: eye surgery			/local-scratch/data/opengwas/igd/ukb-b-3132/ukb-b-3132.vcf.gz					GRCh37							unassigned			unavailable		total	analysis_level	462933				all ukb-b traits in the OpenGWAS IGD collection (data/ukb-b/manifest.tsv)	
ukb-b-3135	ukb-b-3135	PCT where patients GP was registered: WESTERN CHESHIRE PCT			/local-scratch/data/opengwas/igd/ukb-b-3135/ukb-b-3135.vcf.gz					GRCh37							unassigned			unavailable		total	analysis_level	463010				all ukb-b traits in the OpenGWAS IGD collection (data/ukb-b/manifest.tsv)	
ukb-b-3143	ukb-b-3143	Intake of artificial sweetener added to cereal			/local-scratch/data/opengwas/igd/ukb-b-3143/ukb-b-3143.vcf.gz					GRCh37							unassigned			unavailable		total	analysis_level	64949				all ukb-b traits in the OpenGWAS IGD collection (data/ukb-b/manifest.tsv)	
ukb-b-3145	ukb-b-3145	Diagnoses - main ICD10: C44.5 Skin of trunk			/local-scratch/data/opengwas/igd/ukb-b-3145/ukb-b-3145.vcf.gz					GRCh37							unassigned			unavailable		total	analysis_level	463010				all ukb-b traits in the OpenGWAS IGD collection (data/ukb-b/manifest.tsv)	
ukb-b-3169	ukb-b-3169	Number of vehicles in household			/local-scratch/data/opengwas/igd/ukb-b-3169/ukb-b-3169.vcf.gz					GRCh37							unassigned			unavailable		total	analysis_level	459696				all ukb-b traits in the OpenGWAS IGD collection (data/ukb-b/manifest.tsv)	
ukb-b-3188	ukb-b-3188	3mm weak meridian angle (left)			/local-scratch/data/opengwas/igd/ukb-b-3188/ukb-b-3188.vcf.gz					GRCh37							unassigned			unavailable		total	analysis_level	95998				all ukb-b traits in the OpenGWAS IGD collection (data/ukb-b/manifest.tsv)	
ukb-b-319	ukb-b-319	Types of spread used on bread/crackers: Polyunsaturated margarine on bread/crackers			/local-scratch/data/opengwas/igd/ukb-b-319/ukb-b-319.vcf.gz					GRCh37							unassigned			unavailable		total	analysis_level	64949				all ukb-b traits in the OpenGWAS IGD collection (data/ukb-b/manifest.tsv)	
ukb-b-3193	ukb-b-3193	Bap intake			/local-scratch/data/opengwas/igd/ukb-b-3193/ukb-b-3193.vcf.gz					GRCh37							unassigned			unavailable		total	analysis_level	64949				all ukb-b traits in the OpenGWAS IGD collection (data/ukb-b/manifest.tsv)	
ukb-b-3196	ukb-b-3196	Leg pain when walking uphill or hurrying			/local-scratch/data/opengwas/igd/ukb-b-3196/ukb-b-3196.vcf.gz					GRCh37							unassigned			unavailable		total	analysis_level	32192				all ukb-b traits in the OpenGWAS IGD collection (data/ukb-b/manifest.tsv)	
ukb-b-3211	ukb-b-3211	Operative procedures - main OPCS: H25.9 Unspecified diagnostic endoscopic examination of lower bowel using fibreoptic sigmoidoscope			/local-scratch/data/opengwas/igd/ukb-b-3211/ukb-b-3211.vcf.gz					GRCh37							unassigned			unavailable		total	analysis_level	463010				all ukb-b traits in the OpenGWAS IGD collection (data/ukb-b/manifest.tsv)	
ukb-b-3217	ukb-b-3217	PCT responsible for patient data: SUTTON AND MERTON PCT			/local-scratch/data/opengwas/igd/ukb-b-3217/ukb-b-3217.vcf.gz					GRCh37							unassigned			unavailable		total	analysis_level	463010				all ukb-b traits in the OpenGWAS IGD collection (data/ukb-b/manifest.tsv)	
ukb-b-3229	ukb-b-3229	Diagnoses - secondary ICD10: D70 Agranulocytosis			/local-scratch/data/opengwas/igd/ukb-b-3229/ukb-b-3229.vcf.gz					GRCh37							unassigned			unavailable		total	analysis_level	463010				all ukb-b traits in the OpenGWAS IGD collection (data/ukb-b/manifest.tsv)	
ukb-b-323	ukb-b-323	Illnesses of father: Alzheimer's disease/dementia			/local-scratch/data/opengwas/igd/ukb-b-323/ukb-b-323.vcf.gz					GRCh37							unassigned			unavailable		total	analysis_level	399793				all ukb-b traits in the OpenGWAS IGD collection (data/ukb-b/manifest.tsv)	
ukb-b-3241	ukb-b-3241	Main speciality of consultant (recoded): Endocrinology			/local-scratch/data/opengwas/igd/ukb-b-3241/ukb-b-3241.vcf.gz					GRCh37							unassigned			unavailable		total	analysis_level	461106				all ukb-b traits in the OpenGWAS IGD collection (data/ukb-b/manifest.tsv)	
ukb-b-3255	ukb-b-3255	Treatment speciality of consultant (recoded): Upper gastrointestinal surgery			/local-scratch/data/opengwas/igd/ukb-b-3255/ukb-b-3255.vcf.gz					GRCh37							unassigned			unavailable		total	analysis_level	443989				all ukb-b traits in the OpenGWAS IGD collection (data/ukb-b/manifest.tsv)	
ukb-b-3258	ukb-b-3258	Number of attempts			/local-scratch/data/opengwas/igd/ukb-b-3258/ukb-b-3258.vcf.gz					GRCh37							unassigned			unavailable		total	analysis_level	152605				all ukb-b traits in the OpenGWAS IGD collection (data/ukb-b/manifest.tsv)	
ukb-b-3273	ukb-b-3273	Treatment speciality of consultant (recoded): Pain management			/local-scratch/data/opengwas/igd/ukb-b-3273/ukb-b-3273.vcf.gz					GRCh37							unassigned			unavailable		total	analysis_level	444727				all ukb-b traits in the OpenGWAS IGD collection (data/ukb-b/manifest.tsv)	
ukb-b-3278	ukb-b-3278	Length of menstrual cycle			/local-scratch/data/opengwas/igd/ukb-b-3278/ukb-b-3278.vcf.gz					GRCh37							unassigned			unavailable		total	analysis_level	43125				all ukb-b traits in the OpenGWAS IGD collection (data/ukb-b/manifest.tsv)	
ukb-b-328	ukb-b-328	PCT responsible for patient data: OXFORDSHIRE PCT			/local-scratch/data/opengwas/igd/ukb-b-328/ukb-b-328.vcf.gz					GRCh37							unassigned			unavailable		total	analysis_level	463010				all ukb-b traits in the OpenGWAS IGD collection (data/ukb-b/manifest.tsv)	
ukb-b-3291	ukb-b-3291	Standard tea intake			/local-scratch/data/opengwas/igd/ukb-b-3291/ukb-b-3291.vcf.gz					GRCh37							unassigned			unavailable		total	analysis_level	64949				all ukb-b traits in the OpenGWAS IGD collection (data/ukb-b/manifest.tsv)	
ukb-b-3304	ukb-b-3304	Friendships satisfaction			/local-scratch/data/opengwas/igd/ukb-b-3304/ukb-b-3304.vcf.gz					GRCh37							unassigned			unavailable		total	analysis_level	151232				all ukb-b traits in the OpenGWAS IGD collection (data/ukb-b/manifest.tsv)	
ukb-b-3337	ukb-b-3337	Treatment/medication code: nasonex 0.05% aqueous nasal spray			/local-scratch/data/opengwas/igd/ukb-b-3337/ukb-b-3337.vcf.gz					GRCh37							unassigned			unavailable		total	analysis_level	462933				all ukb-b traits in the OpenGWAS IGD collection (data/ukb-b/manifest.tsv)	
ukb-b-3355	ukb-b-3355	Diagnoses - main ICD10: D50.9 Iron deficiency anaemia, unspecified			/local-scratch/data/opengwas/igd/ukb-b-3355/ukb-b-3355.vcf.gz					GRCh37							unassigned			unavailable		total	analysis_level	463010				all ukb-b traits in the OpenGWAS IGD collection (data/ukb-b/manifest.tsv)	
ukb-b-3357	ukb-b-3357	Birth weight of first child			/local-scratch/data/opengwas/igd/ukb-b-3357/ukb-b-3357.vcf.gz					GRCh37							unassigned			unavailable		total	analysis_level	200272				all ukb-b traits in the OpenGWAS IGD collection (data/ukb-b/manifest.tsv)	
ukb-b-337	ukb-b-337	Pure fruit/vegetable juice intake			/local-scratch/data/opengwas/igd/ukb-b-337/ukb-b-337.vcf.gz					GRCh37							unassigned			unavailable		total	analysis_level	64949				all ukb-b traits in the OpenGWAS IGD collection (data/ukb-b/manifest.tsv)	
ukb-b-3370	ukb-b-3370	Operation code: breast cyst/abscess removal			/local-scratch/data/opengwas/igd/ukb-b-3370/ukb-b-3370.vcf.gz					GRCh37							unassigned			unavailable		total	analysis_level	462933				all ukb-b traits in the OpenGWAS IGD collection (data/ukb-b/manifest.tsv)	
ukb-b-3376	ukb-b-3376	Number of measurements made			/local-scratch/data/opengwas/igd/ukb-b-3376/ukb-b-3376.vcf.gz					GRCh37							unassigned			unavailable		total	analysis_level	421986				all ukb-b traits in the OpenGWAS IGD collection (data/ukb-b/manifest.tsv)	
ukb-b-338	ukb-b-338	Sex of baby: Female			/local-scratch/data/opengwas/igd/ukb-b-338/ukb-b-338.vcf.gz					GRCh37							unassigned			unavailable		total	analysis_level	13527				all ukb-b traits in the OpenGWAS IGD collection (data/ukb-b/manifest.tsv)	
ukb-b-3380	ukb-b-3380	Treatment/medication code: pravastatin			/local-scratch/data/opengwas/igd/ukb-b-3380/ukb-b-3380.vcf.gz					GRCh37							unassigned			unavailable		total	analysis_level	462933				all ukb-b traits in the OpenGWAS IGD collection (data/ukb-b/manifest.tsv)	
ukb-b-3381	ukb-b-3381	Type of bread roll eaten: white			/local-scratch/data/opengwas/igd/ukb-b-3381/ukb-b-3381.vcf.gz					GRCh37							unassigned			unavailable		total	analysis_level	64949				all ukb-b traits in the OpenGWAS IGD collection (data/ukb-b/manifest.tsv)	
ukb-b-3383	ukb-b-3383	Vegetarian sausages/burgers intake			/local-scratch/data/opengwas/igd/ukb-b-3383/ukb-b-3383.vcf.gz					GRCh37							unassigned			unavailable		total	analysis_level	64949				all ukb-b traits in the OpenGWAS IGD collection (data/ukb-b/manifest.tsv)	
ukb-b-3386	ukb-b-3386	3mm weak meridian angle (right)			/local-scratch/data/opengwas/igd/ukb-b-3386/ukb-b-3386.vcf.gz					GRCh37							unassigned			unavailable		total	analysis_level	96007				all ukb-b traits in the OpenGWAS IGD collection (data/ukb-b/manifest.tsv)	
ukb-b-3388	ukb-b-3388	Operation code: ear surgery			/local-scratch/data/opengwas/igd/ukb-b-3388/ukb-b-3388.vcf.gz					GRCh37							unassigned			unavailable		total	analysis_level	462933				all ukb-b traits in the OpenGWAS IGD collection (data/ukb-b/manifest.tsv)	
ukb-b-3389	ukb-b-3389	Main speciality of consultant (recoded): Radiology			/local-scratch/data/opengwas/igd/ukb-b-3389/ukb-b-3389.vcf.gz					GRCh37							unassigned			unavailable		total	analysis_level	461110				all ukb-b traits in the OpenGWAS IGD collection (data/ukb-b/manifest.tsv)	
ukb-b-3402	ukb-b-3402	PCT responsible for patient data: RICHMOND AND TWICKENHAM PCT			/local-scratch/data/opengwas/igd/ukb-b-3402/ukb-b-3402.vcf.gz					GRCh37							unassigned			unavailable		total	analysis_level	463010				all ukb-b traits in the OpenGWAS IGD collection (data/ukb-b/manifest.tsv)	
ukb-b-3412	ukb-b-3412	Diagnoses - secondary ICD10: N81.6 Rectocele			/local-scratch/data/opengwas/igd/ukb-b-3412/ukb-b-3412.vcf.gz					GRCh37							unassigned			unavailable		total	analysis_level	463010				all ukb-b traits in the OpenGWAS IGD collection (data/ukb-b/manifest.tsv)	
ukb-b-3422	ukb-b-3422	Operation code: spine or back surgery			/local-scratch/data/opengwas/igd/ukb-b-3422/ukb-b-3422.vcf.gz					GRCh37							unassigned			unavailable		total	analysis_level	462933				all ukb-b traits in the OpenGWAS IGD collection (data/ukb-b/manifest.tsv)	
ukb-b-3433	ukb-b-3433	Cake intake			/local-scratch/data/opengwas/igd/ukb-b-3433/ukb-b-3433.vcf.gz					GRCh37							unassigned			unavailable		total	analysis_level	64949				all ukb-b traits in the OpenGWAS IGD collection (data/ukb-b/manifest.tsv)	
ukb-b-3444	ukb-b-3444	Treatment speciality of consultant (recoded): Endocrinology			/local-scratch/data/opengwas/igd/ukb-b-3444/ukb-b-3444.vcf.gz					GRCh37							unassigned			unavailable		total	analysis_level	444055				all ukb-b traits in the OpenGWAS IGD collection (data/ukb-b/manifest.tsv)	
ukb-b-3454	ukb-b-3454	Operative procedures - secondary OPCS: C71.2 Phacoemulsification of lens			/local-scratch/data/opengwas/igd/ukb-b-3454/ukb-b-3454.vcf.gz					GRCh37							unassigned			unavailable		total	analysis_level	463010				all ukb-b traits in the OpenGWAS IGD collection (data/ukb-b/manifest.tsv)	
ukb-b-3460	ukb-b-3460	Alcohol intake versus 10 years previously			/local-scratch/data/opengwas/igd/ukb-b-3460/ukb-b-3460.vcf.gz					GRCh37							unassigned			unavailable		total	analysis_level	428117				all ukb-b traits in the OpenGWAS IGD collection (data/ukb-b/manifest.tsv)	
ukb-b-3467	ukb-b-3467	Non-cancer illness code, self-reported: bronchitis			/local-scratch/data/opengwas/igd/ukb-b-3467/ukb-b-3467.vcf.gz					GRCh37							unassigned			unavailable		total	analysis_level	462933				all ukb-b traits in the OpenGWAS IGD collection (data/ukb-b/manifest.tsv)	
ukb-b-3469	ukb-b-3469	Diagnoses - main ICD10: I21.9 Acute myocardial infarction, unspecified			/local-scratch/data/opengwas/igd/ukb-b-3469/ukb-b-3469.vcf.gz					GRCh37							unassigned			unavailable		total	analysis_level	463010				all ukb-b traits in the OpenGWAS IGD collection (data/ukb-b/manifest.tsv)	
ukb-b-3475	ukb-b-3475	Operative procedures - secondary OPCS: M45.9 Unspecified diagnostic endoscopic examination of bladder			/local-scratch/data/opengwas/igd/ukb-b-3475/ukb-b-3475.vcf.gz					GRCh37							unassigned			unavailable		total	analysis_level	463010				all ukb-b traits in the OpenGWAS IGD collection (data/ukb-b/manifest.tsv)	
ukb-b-3498	ukb-b-3498	Operation code: discectomy			/local-scratch/data/opengwas/igd/ukb-b-3498/ukb-b-3498.vcf.gz					GRCh37							unassigned			unavailable		total	analysis_level	462933				all ukb-b traits in the OpenGWAS IGD collection (data/ukb-b/manifest.tsv)	
ukb-b-3499	ukb-b-3499	Fractured heel (right)			/local-scratch/data/opengwas/igd/ukb-b-3499/ukb-b-3499.vcf.gz					GRCh37							unassigned			unavailable		total	analysis_level	147326				all ukb-b traits in the OpenGWAS IGD collection (data/ukb-b/manifest.tsv)	
ukb-b-3502	ukb-b-3502	Frequency of other exercises in last 4 weeks			/local-scratch/data/opengwas/igd/ukb-b-3502/ukb-b-3502.vcf.gz					GRCh37							unassigned			unavailable		total	analysis_level	220207				all ukb-b traits in the OpenGWAS IGD collection (data/ukb-b/manifest.tsv)	
ukb-b-3503	ukb-b-3503	Treatment/medication code: Free-text entry, unable to be coded			/local-scratch/data/opengwas/igd/ukb-b-3503/ukb-b-3503.vcf.gz					GRCh37							unassigned			unavailable		total	analysis_level	462933				all ukb-b traits in the OpenGWAS IGD collection (data/ukb-b/manifest.tsv)	
ukb-b-352	ukb-b-352	Total errors traversing alphanumeric path (trail #2)			/local-scratch/data/opengwas/igd/ukb-b-352/ukb-b-352.vcf.gz					GRCh37							unassigned			unavailable		total	analysis_level	40607				all ukb-b traits in the OpenGWAS IGD collection (data/ukb-b/manifest.tsv)	
ukb-b-3530	ukb-b-3530	Type of fat/oil used in cooking: Cholesterol lowering polyunsaturated margarine			/local-scratch/data/opengwas/igd/ukb-b-3530/ukb-b-3530.vcf.gz					GRCh37							unassigned			unavailable		total	analysis_level	64949				all ukb-b traits in the OpenGWAS IGD collection (data/ukb-b/manifest.tsv)	
ukb-b-354	ukb-b-354	PCT where patients GP was registered: GATESHEAD PCT			/local-scratch/data/opengwas/igd/ukb-b-354/ukb-b-354.vcf.gz					GRCh37							unassigned			unavailable		total	analysis_level	463010				all ukb-b traits in the OpenGWAS IGD collection (data/ukb-b/manifest.tsv)	
ukb-b-3540	ukb-b-3540	Operative procedures - secondary OPCS: Z47.3 Skin of cheek			/local-scratch/data/opengwas/igd/ukb-b-3540/ukb-b-3540.vcf.gz					GRCh37							unassigned			unavailable		total	analysis_level	463010				all ukb-b traits in the OpenGWAS IGD collection (data/ukb-b/manifest.tsv)	
ukb-b-3542	ukb-b-3542	Hard cheese intake			/local-scratch/data/opengwas/igd/ukb-b-3542/ukb-b-3542.vcf.gz					GRCh37							unassigned			unavailable		total	analysis_level	64949				all ukb-b traits in the OpenGWAS IGD collection (data/ukb-b/manifest.tsv)	
ukb-b-3549	ukb-b-3549	3mm strong meridian angle (left)			/local-scratch/data/opengwas/igd/ukb-b-3549/ukb-b-3549.vcf.gz					GRCh37							unassigned			unavailable		total	analysis_level	95998				all ukb-b traits in the OpenGWAS IGD collection (data/ukb-b/manifest.tsv)	
ukb-b-3560	ukb-b-3560	Operative procedures - secondary OPCS: Z29.1 Rectum			/local-scratch/data/opengwas/igd/ukb-b-3560/ukb-b-3560.vcf.gz					GRCh37							unassigned			unavailable		total	analysis_level	463010				all ukb-b traits in the OpenGWAS IGD collection (data/ukb-b/manifest.tsv)	
ukb-b-3563	ukb-b-3563	Vitamin and mineral supplements: Folic acid or Folate (Vit B9)			/local-scratch/data/opengwas/igd/ukb-b-3563/ukb-b-3563.vcf.gz					GRCh37							unassigned			unavailable		total	analysis_level	460351				all ukb-b traits in the OpenGWAS IGD collection (data/ukb-b/manifest.tsv)	
ukb-b-3586	ukb-b-3586	Operation code: breast surgery			/local-scratch/data/opengwas/igd/ukb-b-3586/ukb-b-3586.vcf.gz					GRCh37							unassigned			unavailable		total	analysis_level	462933				all ukb-b traits in the OpenGWAS IGD collection (data/ukb-b/manifest.tsv)	
ukb-b-3596	ukb-b-3596	Diagnoses - main ICD10: D22.3 Melanocytic naevi of other and unspecified parts of face			/local-scratch/data/opengwas/igd/ukb-b-3596/ukb-b-3596.vcf.gz					GRCh37							unassigned			unavailable		total	analysis_level	463010				all ukb-b traits in the OpenGWAS IGD collection (data/ukb-b/manifest.tsv)	
ukb-b-3599	ukb-b-3599	Never eat eggs, dairy, wheat, sugar: Wheat products			/local-scratch/data/opengwas/igd/ukb-b-3599/ukb-b-3599.vcf.gz					GRCh37							unassigned			unavailable		total	analysis_level	461046				all ukb-b traits in the OpenGWAS IGD collection (data/ukb-b/manifest.tsv)	
ukb-b-3646	ukb-b-3646	Sweet biscuits intake			/local-scratch/data/opengwas/igd/ukb-b-3646/ukb-b-3646.vcf.gz					GRCh37							unassigned			unavailable		total	analysis_level	64949				all ukb-b traits in the OpenGWAS IGD collection (data/ukb-b/manifest.tsv)	
ukb-b-3650	ukb-b-3650	Size of white wine glass drunk: medium (175ml)			/local-scratch/data/opengwas/igd/ukb-b-3650/ukb-b-3650.vcf.gz					GRCh37							unassigned			unavailable		total	analysis_level	64949				all ukb-b traits in the OpenGWAS IGD collection (data/ukb-b/manifest.tsv)	
ukb-b-3656	ukb-b-3656	Number of treatments/medications taken			/local-scratch/data/opengwas/igd/ukb-b-3656/ukb-b-3656.vcf.gz					GRCh37							unassigned			unavailable		total	analysis_level	462933				all ukb-b traits in the OpenGWAS IGD collection (data/ukb-b/manifest.tsv)	
ukb-b-3663	ukb-b-3663	Treatment speciality of consultant (recoded): Adult mental illness			/local-scratch/data/opengwas/igd/ukb-b-3663/ukb-b-3663.vcf.gz					GRCh37							unassigned			unavailable		total	analysis_level	444254				all ukb-b traits in the OpenGWAS IGD collection (data/ukb-b/manifest.tsv)	
ukb-b-3665	ukb-b-3665	Leg pain on walking : effect of standing still			/local-scratch/data/opengwas/igd/ukb-b-3665/ukb-b-3665.vcf.gz					GRCh37							unassigned			unavailable		total	analysis_level	28933				all ukb-b traits in the OpenGWAS IGD collection (data/ukb-b/manifest.tsv)	
ukb-b-3666	ukb-b-3666	Family relationship satisfaction			/local-scratch/data/opengwas/igd/ukb-b-3666/ukb-b-3666.vcf.gz					GRCh37							unassigned			unavailable		total	analysis_level	151531				all ukb-b traits in the OpenGWAS IGD collection (data/ukb-b/manifest.tsv)	
ukb-b-3672	ukb-b-3672	Diagnoses - secondary ICD10: K44.9 Diaphragmatic hernia without obstruction or gangrene			/local-scratch/data/opengwas/igd/ukb-b-3672/ukb-b-3672.vcf.gz					GRCh37							unassigned			unavailable		total	analysis_level	463010				all ukb-b traits in the OpenGWAS IGD collection (data/ukb-b/manifest.tsv)	
ukb-b-3683	ukb-b-3683	Diagnoses - main ICD10: B34.9 Viral infection, unspecified			/local-scratch/data/opengwas/igd/ukb-b-3683/ukb-b-3683.vcf.gz					GRCh37							unassigned			unavailable		total	analysis_level	463010				all ukb-b traits in the OpenGWAS IGD collection (data/ukb-b/manifest.tsv)	
ukb-b-3686	ukb-b-3686	Operative procedures - secondary OPCS: Y98.2 Radiology of two body areas			/local-scratch/data/opengwas/igd/ukb-b-3686/ukb-b-3686.vcf.gz					GRCh37							unassigned			unavailable		total	analysis_level	463010				all ukb-b traits in the OpenGWAS IGD collection (data/ukb-b/manifest.tsv)	
ukb-b-3693	ukb-b-3693	Non-cancer illness code, self-reported: spontaneous pneumothorax/recurrent pneumothorax			/local-scratch/data/opengwas/igd/ukb-b-3693/ukb-b-3693.vcf.gz					GRCh37							unassigned			unavailable		total	analysis_level	462933				all ukb-b traits in the OpenGWAS IGD collection (data/ukb-b/manifest.tsv)	
ukb-b-3698	ukb-b-3698	PCT where patients GP was registered: KINGSTON PCT			/local-scratch/data/opengwas/igd/ukb-b-3698/ukb-b-3698.vcf.gz					GRCh37							unassigned			unavailable		total	analysis_level	463010				all ukb-b traits in the OpenGWAS IGD collection (data/ukb-b/manifest.tsv)	
ukb-b-3700	ukb-b-3700	Operation code: hysterectomy			/local-scratch/data/opengwas/igd/ukb-b-3700/ukb-b-3700.vcf.gz					GRCh37							unassigned			unavailable		total	analysis_level	462933				all ukb-b traits in the OpenGWAS IGD collection (data/ukb-b/manifest.tsv)	
ukb-b-3703	ukb-b-3703	Non-cancer illness code, self-reported: heart arrhythmia			/local-scratch/data/opengwas/igd/ukb-b-3703/ukb-b-3703.vcf.gz					GRCh37							unassigned			unavailable		total	analysis_level	462933				all ukb-b traits in the OpenGWAS IGD collection (data/ukb-b/manifest.tsv)	
ukb-b-3709	ukb-b-3709	Wants to stop smoking			/local-scratch/data/opengwas/igd/ukb-b-3709/ukb-b-3709.vcf.gz					GRCh37							unassigned			unavailable		total	analysis_level	35536				all ukb-b traits in the OpenGWAS IGD collection (data/ukb-b/manifest.tsv)	
ukb-b-3713	ukb-b-3713	Number of bread slices with butter/margarine			/local-scratch/data/opengwas/igd/ukb-b-3713/ukb-b-3713.vcf.gz					GRCh37							unassigned			unavailable		total	analysis_level	64949				all ukb-b traits in the OpenGWAS IGD collection (data/ukb-b/manifest.tsv)	
ukb-b-3725	ukb-b-3725	Operative procedures - secondary OPCS: K63.4 Coronary arteriography using two catheters			/local-scratch/data/opengwas/igd/ukb-b-3725/ukb-b-3725.vcf.gz					GRCh37							unassigned			unavailable		total	analysis_level	463010				all ukb-b traits in the OpenGWAS IGD collection (data/ukb-b/manifest.tsv)	
ukb-b-373	ukb-b-373	Diagnoses - main ICD10: N32.8 Other specified disorders of bladder			/local-scratch/data/opengwas/igd/ukb-b-373/ukb-b-373.vcf.gz					GRCh37							unassigned			unavailable		total	analysis_level	463010				all ukb-b traits in the OpenGWAS IGD collection (data/ukb-b/manifest.tsv)	
ukb-b-374	ukb-b-374	How are people in household related to participant: Brother and/or sister			/local-scratch/data/opengwas/igd/ukb-b-374/ukb-b-374.vcf.gz					GRCh37							unassigned			unavailable		total	analysis_level	459600				all ukb-b traits in the OpenGWAS IGD collection (data/ukb-b/manifest.tsv)	
ukb-b-3751	ukb-b-3751	Spirits intake			/local-scratch/data/opengwas/igd/ukb-b-3751/ukb-b-3751.vcf.gz					GRCh37							unassigned			unavailable		total	analysis_level	64949				all ukb-b traits in the OpenGWAS IGD collection (data/ukb-b/manifest.tsv)	
ukb-b-3752	ukb-b-3752	Operative procedures - main OPCS: H52.4 Rubber band ligation of haemorrhoid			/local-scratch/data/opengwas/igd/ukb-b-3752/ukb-b-3752.vcf.gz					GRCh37							unassigned			unavailable		total	analysis_level	463010				all ukb-b traits in the OpenGWAS IGD collection (data/ukb-b/manifest.tsv)	
ukb-b-3759	ukb-b-3759	Treatment speciality of consultant (recoded): Gynaecology			/local-scratch/data/opengwas/igd/ukb-b-3759/ukb-b-3759.vcf.gz					GRCh37							unassigned			unavailable		total	analysis_level	447061				all ukb-b traits in the OpenGWAS IGD collection (data/ukb-b/manifest.tsv)	
ukb-b-3768	ukb-b-3768	Age when periods started (menarche)			/local-scratch/data/opengwas/igd/ukb-b-3768/ukb-b-3768.vcf.gz					GRCh37							unassigned			unavailable		total	analysis_level	243944				all ukb-b traits in the OpenGWAS IGD collection (data/ukb-b/manifest.tsv)	
ukb-b-3770	ukb-b-3770	Diagnoses - main ICD10: J34.2 Deviated nasal septum			/local-scratch/data/opengwas/igd/ukb-b-3770/ukb-b-3770.vcf.gz					GRCh37							unassigned			unavailable		total	analysis_level	463010				all ukb-b traits in the OpenGWAS IGD collection (data/ukb-b/manifest.tsv)	
ukb-b-3778	ukb-b-3778	PCT responsible for patient data: SUNDERLAND TEACHING PCT			/local-scratch/data/opengwas/igd/ukb-b-3778/ukb-b-3778.vcf.gz					GRCh37							unassigned			unavailable		total	analysis_level	463010				all ukb-b traits in the OpenGWAS IGD collection (data/ukb-b/manifest.tsv)	
ukb-b-378	ukb-b-378	Errors before selecting correct item in numeric path (trail #1)			/local-scratch/data/opengwas/igd/ukb-b-378/ukb-b-378.vcf.gz					GRCh37							unassigned			unavailable		total	analysis_level	25044				all ukb-b traits in the OpenGWAS IGD collection (data/ukb-b/manifest.tsv)	
ukb-b-3793	ukb-b-3793	Time spent driving			/local-scratch/data/opengwas/igd/ukb-b-3793/ukb-b-3793.vcf.gz					GRCh37							unassigned			unavailable		total	analysis_level	310555				all ukb-b traits in the OpenGWAS IGD collection (data/ukb-b/manifest.tsv)	
ukb-b-3798	ukb-b-3798	Fractured bone site(s): Leg			/local-scratch/data/opengwas/igd/ukb-b-3798/ukb-b-3798.vcf.gz					GRCh37							unassigned			unavailable		total	analysis_level	460340				all ukb-b traits in the OpenGWAS IGD collection (data/ukb-b/manifest.tsv)	
ukb-b-38	ukb-b-38	PCT responsible for patient data: NORTH SOMERSET PCT			/local-scratch/data/opengwas/igd/ukb-b-38/ukb-b-38.vcf.gz					GRCh37							unassigned			unavailable		total	analysis_level	463010				all ukb-b traits in the OpenGWAS IGD collection (data/ukb-b/manifest.tsv)	
ukb-b-3802	ukb-b-3802	Diagnoses - main ICD10: N50.8 Other specified disorders of male genital organs			/local-scratch/data/opengwas/igd/ukb-b-3802/ukb-b-3802.vcf.gz					GRCh37							unassigned			unavailable		total	analysis_level	463010				all ukb-b traits in the OpenGWAS IGD collection (data/ukb-b/manifest.tsv)	
ukb-b-3822	ukb-b-3822	Frequency of depressed mood in last 2 weeks			/local-scratch/data/opengwas/igd/ukb-b-3822/ukb-b-3822.vcf.gz					GRCh37							unassigned			unavailable		total	analysis_level	442840				all ukb-b traits in the OpenGWAS IGD collection (data/ukb-b/manifest.tsv)	
ukb-b-3823	ukb-b-3823	Operative procedures - secondary OPCS: Y84.2 Sedation NEC			/local-scratch/data/opengwas/igd/ukb-b-3823/ukb-b-3823.vcf.gz					GRCh37							unassigned			unavailable		total	analysis_level	463010				all ukb-b traits in the OpenGWAS IGD collection (data/ukb-b/manifest.tsv)	
ukb-b-3825	ukb-b-3825	Age angina diagnosed			/local-scratch/data/opengwas/igd/ukb-b-3825/ukb-b-3825.vcf.gz					GRCh37							unassigned			unavailable		total	analysis_level	13806				all ukb-b traits in the OpenGWAS IGD collection (data/ukb-b/manifest.tsv)	
ukb-b-3828	ukb-b-3828	Types of spread used on bread/crackers: Normal fat polyunsaturated margarine on bread/crackers			/local-scratch/data/opengwas/igd/ukb-b-3828/ukb-b-3828.vcf.gz					GRCh37							unassigned			unavailable		total	analysis_level	64949				all ukb-b traits in the OpenGWAS IGD collection (data/ukb-b/manifest.tsv)	
ukb-b-3831	ukb-b-3831	Average weekly intake of other alcoholic drinks			/local-scratch/data/opengwas/igd/ukb-b-3831/ukb-b-3831.vcf.gz					GRCh37							unassigned			unavailable		total	analysis_level	107741				all ukb-b traits in the OpenGWAS IGD collection (data/ukb-b/manifest.tsv)	
ukb-b-3841	ukb-b-3841	Symbol digit completion status			/local-scratch/data/opengwas/igd/ukb-b-3841/ukb-b-3841.vcf.gz					GRCh37							unassigned			unavailable		total	analysis_level	114724				all ukb-b traits in the OpenGWAS IGD collection (data/ukb-b/manifest.tsv)	
ukb-b-3852	ukb-b-3852	Pizza intake			/local-scratch/data/opengwas/igd/ukb-b-3852/ukb-b-3852.vcf.gz					GRCh37							unassigned			unavailable		total	analysis_level	64949				all ukb-b traits in the OpenGWAS IGD collection (data/ukb-b/manifest.tsv)	
ukb-b-3855	ukb-b-3855	Attendance/disability/mobility allowance: None of the above			/local-scratch/data/opengwas/igd/ukb-b-3855/ukb-b-3855.vcf.gz					GRCh37							unassigned			unavailable		total	analysis_level	459354				all ukb-b traits in the OpenGWAS IGD collection (data/ukb-b/manifest.tsv)	
ukb-b-3859	ukb-b-3859	Treatment/medication code: indapamide			/local-scratch/data/opengwas/igd/ukb-b-3859/ukb-b-3859.vcf.gz					GRCh37							unassigned			unavailable		total	analysis_level	462933				all ukb-b traits in the OpenGWAS IGD collection (data/ukb-b/manifest.tsv)	
ukb-b-3875	ukb-b-3875	Type of fat/oil used in cooking: Olive oil			/local-scratch/data/opengwas/igd/ukb-b-3875/ukb-b-3875.vcf.gz					GRCh37							unassigned			unavailable		total	analysis_level	64949				all ukb-b traits in the OpenGWAS IGD collection (data/ukb-b/manifest.tsv)	
ukb-b-3881	ukb-b-3881	Fresh fruit intake			/local-scratch/data/opengwas/igd/ukb-b-3881/ukb-b-3881.vcf.gz					GRCh37							unassigned			unavailable		total	analysis_level	446462				all ukb-b traits in the OpenGWAS IGD collection (data/ukb-b/manifest.tsv)	
ukb-b-3897	ukb-b-3897	Diagnoses - secondary ICD10: Z86.0 Personal history of other neoplasms			/local-scratch/data/opengwas/igd/ukb-b-3897/ukb-b-3897.vcf.gz					GRCh37							unassigned			unavailable		total	analysis_level	463010				all ukb-b traits in the OpenGWAS IGD collection (data/ukb-b/manifest.tsv)	
ukb-b-39	ukb-b-39	Crumbed or deep-fried poultry intake			/local-scratch/data/opengwas/igd/ukb-b-39/ukb-b-39.vcf.gz					GRCh37							unassigned			unavailable		total	analysis_level	64946				all ukb-b traits in the OpenGWAS IGD collection (data/ukb-b/manifest.tsv)	
ukb-b-391	ukb-b-391	Diagnoses - secondary ICD10: Z72.1 Alcohol use			/local-scratch/data/opengwas/igd/ukb-b-391/ukb-b-391.vcf.gz					GRCh37							unassigned			unavailable		total	analysis_level	463010				all ukb-b traits in the OpenGWAS IGD collection (data/ukb-b/manifest.tsv)	
ukb-b-3923	ukb-b-3923	Operative procedures - main OPCS: F02.1 Excision of lesion of lip			/local-scratch/data/opengwas/igd/ukb-b-3923/ukb-b-3923.vcf.gz					GRCh37							unassigned			unavailable		total	analysis_level	463010				all ukb-b traits in the OpenGWAS IGD collection (data/ukb-b/manifest.tsv)	
ukb-b-394	ukb-b-394	Transport type for commuting to job workplace: None of the above			/local-scratch/data/opengwas/igd/ukb-b-394/ukb-b-394.vcf.gz					GRCh37							unassigned			unavailable		total	analysis_level	245364				all ukb-b traits in the OpenGWAS IGD collection (data/ukb-b/manifest.tsv)	
ukb-b-3951	ukb-b-3951	Treatment/medication code: gtn 400micrograms spray			/local-scratch/data/opengwas/igd/ukb-b-3951/ukb-b-3951.vcf.gz					GRCh37							unassigned			unavailable		total	analysis_level	462933				all ukb-b traits in the OpenGWAS IGD collection (data/ukb-b/manifest.tsv)	
ukb-b-3957	ukb-b-3957	Sleeplessness / insomnia			/local-scratch/data/opengwas/igd/ukb-b-3957/ukb-b-3957.vcf.gz					GRCh37							unassigned			unavailable		total	analysis_level	462341				all ukb-b traits in the OpenGWAS IGD collection (data/ukb-b/manifest.tsv)	
ukb-b-3965	ukb-b-3965	Diagnoses - main ICD10: G56.0 Carpal tunnel syndrome			/local-scratch/data/opengwas/igd/ukb-b-3965/ukb-b-3965.vcf.gz					GRCh37							unassigned			unavailable		total	analysis_level	463010				all ukb-b traits in the OpenGWAS IGD collection (data/ukb-b/manifest.tsv)	
ukb-b-3969	ukb-b-3969	Treatment speciality of consultant (recoded): Colorectal surgery			/local-scratch/data/opengwas/igd/ukb-b-3969/ukb-b-3969.vcf.gz					GRCh37							unassigned			unavailable		total	analysis_level	444326				all ukb-b traits in the OpenGWAS IGD collection (data/ukb-b/manifest.tsv)	
ukb-b-3975	ukb-b-3975	Drinking water intake			/local-scratch/data/opengwas/igd/ukb-b-3975/ukb-b-3975.vcf.gz					GRCh37							unassigned			unavailable		total	analysis_level	64949				all ukb-b traits in the OpenGWAS IGD collection (data/ukb-b/manifest.tsv)	
ukb-b-3982	ukb-b-3982	Operative procedures - main OPCS: M47.8 Other specified urethral catheterisation of bladder			/local-scratch/data/opengwas/igd/ukb-b-3982/ukb-b-3982.vcf.gz					GRCh37							unassigned			unavailable		total	analysis_level	463010				all ukb-b traits in the OpenGWAS IGD collection (data/ukb-b/manifest.tsv)	
ukb-b-3983	ukb-b-3983	Diagnoses - main ICD10: I25.9 Chronic ischaemic heart disease, unspecified			/local-scratch/data/opengwas/igd/ukb-b-3983/ukb-b-3983.vcf.gz					GRCh37							unassigned			unavailable		total	analysis_level	463010				all ukb-b traits in the OpenGWAS IGD collection (data/ukb-b/manifest.tsv)	
ukb-b-3991	ukb-b-3991	Operation code: retinal operation/vitrectomy			/local-scratch/data/opengwas/igd/ukb-b-3991/ukb-b-3991.vcf.gz					GRCh37							unassigned			unavailable		total	analysis_level	462933				all ukb-b traits in the OpenGWAS IGD collection (data/ukb-b/manifest.tsv)	
ukb-b-4000	ukb-b-4000	Leisure/social activities: Sports club or gym			/local-scratch/data/opengwas/igd/ukb-b-4000/ukb-b-4000.vcf.gz					GRCh37							unassigned			unavailable		total	analysis_level	461369				all ukb-b traits in the OpenGWAS IGD collection (data/ukb-b/manifest.tsv)	
ukb-b-4001	ukb-b-4001	Operation code: prostate operation			/local-scratch/data/opengwas/igd/ukb-b-4001/ukb-b-4001.vcf.gz					GRCh37							unassigned			unavailable		total	analysis_level	462933				all ukb-b traits in the OpenGWAS IGD collection (data/ukb-b/manifest.tsv)	
ukb-b-4007	ukb-b-4007	Croissant intake			/local-scratch/data/opengwas/igd/ukb-b-4007/ukb-b-4007.vcf.gz					GRCh37							unassigned			unavailable		total	analysis_level	64943				all ukb-b traits in the OpenGWAS IGD collection (data/ukb-b/manifest.tsv)	
ukb-b-4013	ukb-b-4013	Operative procedures - main OPCS: W79.1 Soft tissue correction of hallux valgus			/local-scratch/data/opengwas/igd/ukb-b-4013/ukb-b-4013.vcf.gz					GRCh37							unassigned			unavailable		total	analysis_level	463010				all ukb-b traits in the OpenGWAS IGD collection (data/ukb-b/manifest.tsv)	
ukb-b-4024	ukb-b-4024	Illnesses of mother: Stroke			/local-scratch/data/opengwas/igd/ukb-b-4024/ukb-b-4024.vcf.gz					GRCh37							unassigned			unavailable		total	analysis_level	424977				all ukb-b traits in the OpenGWAS IGD collection (data/ukb-b/manifest.tsv)	
ukb-b-4043	ukb-b-4043	Mushroom intake			/local-scratch/data/opengwas/igd/ukb-b-4043/ukb-b-4043.vcf.gz					GRCh37							unassigned			unavailable		total	analysis_level	64949				all ukb-b traits in the OpenGWAS IGD collection (data/ukb-b/manifest.tsv)	
ukb-b-4051	ukb-b-4051	Added milk to instant coffee			/local-scratch/data/opengwas/igd/ukb-b-4051/ukb-b-4051.vcf.gz					GRCh37							unassigned			unavailable		total	analysis_level	64949				all ukb-b traits in the OpenGWAS IGD collection (data/ukb-b/manifest.tsv)	
ukb-b-4058	ukb-b-4058	Baked bean intake			/local-scratch/data/opengwas/igd/ukb-b-4058/ukb-b-4058.vcf.gz					GRCh37							unassigned			unavailable		total	analysis_level	64949				all ukb-b traits in the OpenGWAS IGD collection (data/ukb-b/manifest.tsv)	
ukb-b-4062	ukb-b-4062	Happiness			/local-scratch/data/opengwas/igd/ukb-b-4062/ukb-b-4062.vcf.gz					GRCh37							unassigned			unavailable		total	analysis_level	152348				all ukb-b traits in the OpenGWAS IGD collection (data/ukb-b/manifest.tsv)	
ukb-b-4063	ukb-b-4063	Number of self-reported non-cancer illnesses			/local-scratch/data/opengwas/igd/ukb-b-4063/ukb-b-4063.vcf.gz					GRCh37							unassigned			unavailable		total	analysis_level	462933				all ukb-b traits in the OpenGWAS IGD collection (data/ukb-b/manifest.tsv)	
ukb-b-4068	ukb-b-4068	Home location at assessment - north co-ordinate (rounded)			/local-scratch/data/opengwas/igd/ukb-b-4068/ukb-b-4068.vcf.gz					GRCh37							unassigned			unavailable		total	analysis_level	458557				all ukb-b traits in the OpenGWAS IGD collection (data/ukb-b/manifest.tsv)	
ukb-b-4070	ukb-b-4070	Apple intake			/local-scratch/data/opengwas/igd/ukb-b-4070/ukb-b-4070.vcf.gz					GRCh37							unassigned			unavailable		total	analysis_level	64949				all ukb-b traits in the OpenGWAS IGD collection (data/ukb-b/manifest.tsv)	
ukb-b-4075	ukb-b-4075	Whole egg intake			/local-scratch/data/opengwas/igd/ukb-b-4075/ukb-b-4075.vcf.gz					GRCh37							unassigned			unavailable		total	analysis_level	64949				all ukb-b traits in the OpenGWAS IGD collection (data/ukb-b/manifest.tsv)	
ukb-b-4077	ukb-b-4077	Leisure/social activities: Other group activity			/local-scratch/data/opengwas/igd/ukb-b-4077/ukb-b-4077.vcf.gz					GRCh37							unassigned			unavailable		total	analysis_level	461369				all ukb-b traits in the OpenGWAS IGD collection (data/ukb-b/manifest.tsv)	
ukb-b-4078	ukb-b-4078	Green tea intake			/local-scratch/data/opengwas/igd/ukb-b-4078/ukb-b-4078.vcf.gz					GRCh37							unassigned			unavailable		total	analysis_level	64949				all ukb-b traits in the OpenGWAS IGD collection (data/ukb-b/manifest.tsv)	
ukb-b-4080	ukb-b-4080	Ankle spacing width			/local-scratch/data/opengwas/igd/ukb-b-4080/ukb-b-4080.vcf.gz					GRCh37							unassigned			unavailable		total	analysis_level	265753				all ukb-b traits in the OpenGWAS IGD collection (data/ukb-b/manifest.tsv)	
ukb-b-4081	ukb-b-4081	Operative procedures - main OPCS: F09.3 Surgical removal of wisdom tooth NEC			/local-scratch/data/opengwas/igd/ukb-b-4081/ukb-b-4081.vcf.gz					GRCh37							unassigned			unavailable		total	analysis_level	463010				all ukb-b traits in the OpenGWAS IGD collection (data/ukb-b/manifest.tsv)	
ukb-b-4088	ukb-b-4088	Other cheese intake			/local-scratch/data/opengwas/igd/ukb-b-4088/ukb-b-4088.vcf.gz					GRCh37							unassigned			unavailable		total	analysis_level	64949				all ukb-b traits in the OpenGWAS IGD collection (data/ukb-b/manifest.tsv)	
ukb-b-4094	ukb-b-4094	Length of mobile phone use			/local-scratch/data/opengwas/igd/ukb-b-4094/ukb-b-4094.vcf.gz					GRCh37							unassigned			unavailable		total	analysis_level	456972				all ukb-b traits in the OpenGWAS IGD collection (data/ukb-b/manifest.tsv)	
ukb-b-4104	ukb-b-4104	Treatment/medication code: loperamide			/local-scratch/data/opengwas/igd/ukb-b-4104/ukb-b-4104.vcf.gz					GRCh37							unassigned			unavailable		total	analysis_level	462933				all ukb-b traits in the OpenGWAS IGD collection (data/ukb-b/manifest.tsv)	
ukb-b-4106	ukb-b-4106	Chest pain or discomfort when walking uphill or hurrying			/local-scratch/data/opengwas/igd/ukb-b-4106/ukb-b-4106.vcf.gz					GRCh37							unassigned			unavailable		total	analysis_level	57944				all ukb-b traits in the OpenGWAS IGD collection (data/ukb-b/manifest.tsv)	
ukb-b-4122	ukb-b-4122	Non-cancer illness code, self-reported: joint pain			/local-scratch/data/opengwas/igd/ukb-b-4122/ukb-b-4122.vcf.gz					GRCh37							unassigned			unavailable		total	analysis_level	462933				all ukb-b traits in the OpenGWAS IGD collection (data/ukb-b/manifest.tsv)	
ukb-b-4141	ukb-b-4141	Diagnoses - main ICD10: C44.3 Skin of other and unspecified parts of face			/local-scratch/data/opengwas/igd/ukb-b-4141/ukb-b-4141.vcf.gz					GRCh37							unassigned			unavailable		total	analysis_level	463010				all ukb-b traits in the OpenGWAS IGD collection (data/ukb-b/manifest.tsv)	
ukb-b-4150	ukb-b-4150	Wholemeal pasta intake			/local-scratch/data/opengwas/igd/ukb-b-4150/ukb-b-4150.vcf.gz					GRCh37							unassigned			unavailable		total	analysis_level	64949				all ukb-b traits in the OpenGWAS IGD collection (data/ukb-b/manifest.tsv)	
ukb-b-4157	ukb-b-4157	Operative procedures - secondary OPCS: Z50.2 Skin of hand			/local-scratch/data/opengwas/igd/ukb-b-4157/ukb-b-4157.vcf.gz					GRCh37							unassigned			unavailable		total	analysis_level	463010				all ukb-b traits in the OpenGWAS IGD collection (data/ukb-b/manifest.tsv)	
ukb-b-4170	ukb-b-4170	PCT where patients GP was registered: EASTERN WAKEFIELD PCT			/local-scratch/data/opengwas/igd/ukb-b-4170/ukb-b-4170.vcf.gz					GRCh37							unassigned			unavailable		total	analysis_level	463010				all ukb-b traits in the OpenGWAS IGD collection (data/ukb-b/manifest.tsv)	
ukb-b-4171	ukb-b-4171	Leisure/social activities: Pub or social club			/local-scratch/data/opengwas/igd/ukb-b-4171/ukb-b-4171.vcf.gz					GRCh37							unassigned			unavailable		total	analysis_level	461369				all ukb-b traits in the OpenGWAS IGD collection (data/ukb-b/manifest.tsv)	
ukb-b-4178	ukb-b-4178	PCT where patients GP was registered: BROMLEY PCT			/local-scratch/data/opengwas/igd/ukb-b-4178/ukb-b-4178.vcf.gz					GRCh37							unassigned			unavailable		total	analysis_level	463010				all ukb-b traits in the OpenGWAS IGD collection (data/ukb-b/manifest.tsv)	
ukb-b-4184	ukb-b-4184	Heating type(s) in home: Oil (kerosene) central heating			/local-scratch/data/opengwas/igd/ukb-b-4184/ukb-b-4184.vcf.gz					GRCh37							unassigned			unavailable		total	analysis_level	152863				all ukb-b traits in the OpenGWAS IGD collection (data/ukb-b/manifest.tsv)	
ukb-b-4188	ukb-b-4188	Inverse distance to the nearest road			/local-scratch/data/opengwas/igd/ukb-b-4188/ukb-b-4188.vcf.gz					GRCh37							unassigned			unavailable		total	analysis_level	456380				all ukb-b traits in the OpenGWAS IGD collection (data/ukb-b/manifest.tsv)	
ukb-b-419	ukb-b-419	Number of spontaneous miscarriages			/local-scratch/data/opengwas/igd/ukb-b-419/ukb-b-419.vcf.gz					GRCh37							unassigned			unavailable		total	analysis_level	78700				all ukb-b traits in the OpenGWAS IGD collection (data/ukb-b/manifest.tsv)	
ukb-b-4193	ukb-b-4193	Diagnoses - secondary ICD10: Z37.0 Single live birth			/local-scratch/data/opengwas/igd/ukb-b-4193/ukb-b-4193.vcf.gz					GRCh37							unassigned			unavailable		total	analysis_level	463010				all ukb-b traits in the OpenGWAS IGD collection (data/ukb-b/manifest.tsv)	
ukb-b-4206	ukb-b-4206	Age when last used oral contraceptive pill			/local-scratch/data/opengwas/igd/ukb-b-4206/ukb-b-4206.vcf.gz					GRCh37							unassigned			unavailable		total	analysis_level	180068				all ukb-b traits in the OpenGWAS IGD collection (data/ukb-b/manifest.tsv)	
ukb-b-4210	ukb-b-4210	Frequency of light DIY in last 4 weeks			/local-scratch/data/opengwas/igd/ukb-b-4210/ukb-b-4210.vcf.gz					GRCh37							unassigned			unavailable		total	analysis_level	228298				all ukb-b traits in the OpenGWAS IGD collection (data/ukb-b/manifest.tsv)	
ukb-b-4226	ukb-b-4226	Diagnoses - secondary ICD10: E03.9 Hypothyroidism, unspecified			/local-scratch/data/opengwas/igd/ukb-b-4226/ukb-b-4226.vcf.gz					GRCh37							unassigned			unavailable		total	analysis_level	463010				all ukb-b traits in the OpenGWAS IGD collection (data/ukb-b/manifest.tsv)	
ukb-b-4233	ukb-b-4233	PCT where patients GP was registered: NORTH EASTERN DERBYSHIRE PCT			/local-scratch/data/opengwas/igd/ukb-b-4233/ukb-b-4233.vcf.gz					GRCh37							unassigned			unavailable		total	analysis_level	463010				all ukb-b traits in the OpenGWAS IGD collection (data/ukb-b/manifest.tsv)	
ukb-b-4256	ukb-b-4256	Lifetime number of sexual partners			/local-scratch/data/opengwas/igd/ukb-b-4256/ukb-b-4256.vcf.gz					GRCh37							unassigned			unavailable		total	analysis_level	378882				all ukb-b traits in the OpenGWAS IGD collection (data/ukb-b/manifest.tsv)	
ukb-b-4257	ukb-b-4257	Non-cancer illness code, self-reported: unclassifiable			/local-scratch/data/opengwas/igd/ukb-b-4257/ukb-b-4257.vcf.gz					GRCh37							unassigned			unavailable		total	analysis_level	462933				all ukb-b traits in the OpenGWAS IGD collection (data/ukb-b/manifest.tsv)	
ukb-b-4263	ukb-b-4263	Number of full brothers			/local-scratch/data/opengwas/igd/ukb-b-4263/ukb-b-4263.vcf.gz					GRCh37							unassigned			unavailable		total	analysis_level	455347				all ukb-b traits in the OpenGWAS IGD collection (data/ukb-b/manifest.tsv)	
ukb-b-4267	ukb-b-4267	Diagnoses - secondary ICD10: Z88.6 Personal history of allergy to analgesic agent			/local-scratch/data/opengwas/igd/ukb-b-4267/ukb-b-4267.vcf.gz					GRCh37							unassigned			unavailable		total	analysis_level	463010				all ukb-b traits in the OpenGWAS IGD collection (data/ukb-b/manifest.tsv)	
ukb-b-4274	ukb-b-4274	Operation code: ankle surgery			/local-scratch/data/opengwas/igd/ukb-b-4274/ukb-b-4274.vcf.gz					GRCh37							unassigned			unavailable		total	analysis_level	462933				all ukb-b traits in the OpenGWAS IGD collection (data/ukb-b/manifest.tsv)	
ukb-b-4277	ukb-b-4277	Savoury snack consumers			/local-scratch/data/opengwas/igd/ukb-b-4277/ukb-b-4277.vcf.gz					GRCh37							unassigned			unavailable		total	analysis_level	64949				all ukb-b traits in the OpenGWAS IGD collection (data/ukb-b/manifest.tsv)	
ukb-b-4280	ukb-b-4280	Diagnoses - main ICD10: M20.2 Hallux rigidus			/local-scratch/data/opengwas/igd/ukb-b-4280/ukb-b-4280.vcf.gz					GRCh37							unassigned			unavailable		total	analysis_level	463010				all ukb-b traits in the OpenGWAS IGD collection (data/ukb-b/manifest.tsv)	
ukb-b-4282	ukb-b-4282	Prospective memory result			/local-scratch/data/opengwas/igd/ukb-b-4282/ukb-b-4282.vcf.gz					GRCh37							unassigned			unavailable		total	analysis_level	152605				all ukb-b traits in the OpenGWAS IGD collection (data/ukb-b/manifest.tsv)	
ukb-b-4286	ukb-b-4286	PCT where patients GP was registered: SHEFFIELD SOUTH WEST PCT			/local-scratch/data/opengwas/igd/ukb-b-4286/ukb-b-4286.vcf.gz					GRCh37							unassigned			unavailable		total	analysis_level	463010				all ukb-b traits in the OpenGWAS IGD collection (data/ukb-b/manifest.tsv)	
ukb-b-4288	ukb-b-4288	Type of bread roll eaten: mixed			/local-scratch/data/opengwas/igd/ukb-b-4288/ukb-b-4288.vcf.gz					GRCh37							unassigned			unavailable		total	analysis_level	64949				all ukb-b traits in the OpenGWAS IGD collection (data/ukb-b/manifest.tsv)	
ukb-b-43	ukb-b-43	Signal-to-noise-ratio (SNR) of triplet (left)			/local-scratch/data/opengwas/igd/ukb-b-43/ukb-b-43.vcf.gz					GRCh37							unassigned			unavailable		total	analysis_level	148728				all ukb-b traits in the OpenGWAS IGD collection (data/ukb-b/manifest.tsv)	
ukb-b-4303	ukb-b-4303	Diagnoses - secondary ICD10: K80.2 Calculus of gallbladder without cholecystitis			/local-scratch/data/opengwas/igd/ukb-b-4303/ukb-b-4303.vcf.gz					GRCh37							unassigned			unavailable		total	analysis_level	463010				all ukb-b traits in the OpenGWAS IGD collection (data/ukb-b/manifest.tsv)	
ukb-b-4310	ukb-b-4310	Type of bread roll eaten: wholemeal			/local-scratch/data/opengwas/igd/ukb-b-4310/ukb-b-4310.vcf.gz					GRCh37							unassigned			unavailable		total	analysis_level	64949				all ukb-b traits in the OpenGWAS IGD collection (data/ukb-b/manifest.tsv)	
ukb-b-4316	ukb-b-4316	Operative procedures - secondary OPCS: Z92.4 Chest NEC			/local-scratch/data/opengwas/igd/ukb-b-4316/ukb-b-4316.vcf.gz					GRCh37							unassigned			unavailable		total	analysis_level	463010				all ukb-b traits in the OpenGWAS IGD collection (data/ukb-b/manifest.tsv)	
ukb-b-4323	ukb-b-4323	Attempted fluid intelligence (FI) test.			/local-scratch/data/opengwas/igd/ukb-b-4323/ukb-b-4323.vcf.gz					GRCh37							unassigned			unavailable		total	analysis_level	151059				all ukb-b traits in the OpenGWAS IGD collection (data/ukb-b/manifest.tsv)	
ukb-b-4331	ukb-b-4331	6mm weak meridian angle (left)			/local-scratch/data/opengwas/igd/ukb-b-4331/ukb-b-4331.vcf.gz					GRCh37							unassigned			unavailable		total	analysis_level	83410				all ukb-b traits in the OpenGWAS IGD collection (data/ukb-b/manifest.tsv)	
ukb-b-4361	ukb-b-4361	Leg pain when standing still or sitting			/local-scratch/data/opengwas/igd/ukb-b-4361/ukb-b-4361.vcf.gz					GRCh37							unassigned			unavailable		total	analysis_level	32378				all ukb-b traits in the OpenGWAS IGD collection (data/ukb-b/manifest.tsv)	
ukb-b-4363	ukb-b-4363	Operative procedures - secondary OPCS: L87.4 Avulsion of varicose vein of leg			/local-scratch/data/opengwas/igd/ukb-b-4363/ukb-b-4363.vcf.gz					GRCh37							unassigned			unavailable		total	analysis_level	463010				all ukb-b traits in the OpenGWAS IGD collection (data/ukb-b/manifest.tsv)	
ukb-b-4373	ukb-b-4373	Operative procedures - secondary OPCS: T85.2 Block dissection of axillary lymph nodes			/local-scratch/data/opengwas/igd/ukb-b-4373/ukb-b-4373.vcf.gz					GRCh37							unassigned			unavailable		total	analysis_level	463010				all ukb-b traits in the OpenGWAS IGD collection (data/ukb-b/manifest.tsv)	
ukb-b-4379	ukb-b-4379	Treatment/medication code: tamoxifen			/local-scratch/data/opengwas/igd/ukb-b-4379/ukb-b-4379.vcf.gz					GRCh37							unassigned			unavailable		total	analysis_level	462933				all ukb-b traits in the OpenGWAS IGD collection (data/ukb-b/manifest.tsv)	
ukb-b-4394	ukb-b-4394	Main speciality of consultant (recoded): Neurology			/local-scratch/data/opengwas/igd/ukb-b-4394/ukb-b-4394.vcf.gz					GRCh37							unassigned			unavailable		total	analysis_level	461150				all ukb-b traits in the OpenGWAS IGD collection (data/ukb-b/manifest.tsv)	
ukb-b-4414	ukb-b-4414	Bacon intake			/local-scratch/data/opengwas/igd/ukb-b-4414/ukb-b-4414.vcf.gz					GRCh37							unassigned			unavailable		total	analysis_level	64949				all ukb-b traits in the OpenGWAS IGD collection (data/ukb-b/manifest.tsv)	
ukb-b-4417	ukb-b-4417	Operative procedures - main OPCS: O29.1 Subacromial decompression			/local-scratch/data/opengwas/igd/ukb-b-4417/ukb-b-4417.vcf.gz					GRCh37							unassigned			unavailable		total	analysis_level	463010				all ukb-b traits in the OpenGWAS IGD collection (data/ukb-b/manifest.tsv)	
ukb-b-4423	ukb-b-4423	Diagnoses - secondary ICD10: B95.6 Staphylococcus aureus as the cause of diseases classified to other chapters			/local-scratch/data/opengwas/igd/ukb-b-4423/ukb-b-4423.vcf.gz					GRCh37							unassigned			unavailable		total	analysis_level	463010				all ukb-b traits in the OpenGWAS IGD collection (data/ukb-b/manifest.tsv)	
ukb-b-4424	ukb-b-4424	Sleep duration			/local-scratch/data/opengwas/igd/ukb-b-4424/ukb-b-4424.vcf.gz					GRCh37							unassigned			unavailable		total	analysis_level	460099				all ukb-b traits in the OpenGWAS IGD collection (data/ukb-b/manifest.tsv)	
ukb-b-4439	ukb-b-4439	Ever had eye surgery			/local-scratch/data/opengwas/igd/ukb-b-4439/ukb-b-4439.vcf.gz					GRCh37							unassigned			unavailable		total	analysis_level	102471				all ukb-b traits in the OpenGWAS IGD collection (data/ukb-b/manifest.tsv)	
ukb-b-4442	ukb-b-4442	Ham intake			/local-scratch/data/opengwas/igd/ukb-b-4442/ukb-b-4442.vcf.gz					GRCh37							unassigned			unavailable		total	analysis_level	64949				all ukb-b traits in the OpenGWAS IGD collection (data/ukb-b/manifest.tsv)	
ukb-b-4455	ukb-b-4455	Operative procedures - secondary OPCS: Y76.7 Arthroscopic approach to joint			/local-scratch/data/opengwas/igd/ukb-b-4455/ukb-b-4455.vcf.gz					GRCh37							unassigned			unavailable		total	analysis_level	463010				all ukb-b traits in the OpenGWAS IGD collection (data/ukb-b/manifest.tsv)	
ukb-b-4461	ukb-b-4461	Job involves mainly walking or standing			/local-scratch/data/opengwas/igd/ukb-b-4461/ukb-b-4461.vcf.gz					GRCh37							unassigned			unavailable		total	analysis_level	263556				all ukb-b traits in the OpenGWAS IGD collection (data/ukb-b/manifest.tsv)	
ukb-b-4462	ukb-b-4462	Exposure to tobacco smoke at home			/local-scratch/data/opengwas/igd/ukb-b-4462/ukb-b-4462.vcf.gz					GRCh37							unassigned			unavailable		total	analysis_level	417693				all ukb-b traits in the OpenGWAS IGD collection (data/ukb-b/manifest.tsv)	
ukb-b-4465	ukb-b-4465	Size of white wine glass drunk: small (125ml)			/local-scratch/data/opengwas/igd/ukb-b-4465/ukb-b-4465.vcf.gz					GRCh37							unassigned			unavailable		total	analysis_level	64949				all ukb-b traits in the OpenGWAS IGD collection (data/ukb-b/manifest.tsv)	
ukb-b-447	ukb-b-447	Danish pastry intake			/local-scratch/data/opengwas/igd/ukb-b-447/ukb-b-447.vcf.gz					GRCh37							unassigned			unavailable		total	analysis_level	64942				all ukb-b traits in the OpenGWAS IGD collection (data/ukb-b/manifest.tsv)	
ukb-b-4476	ukb-b-4476	Diagnoses - secondary ICD10: I84.9 Unspecified haemorrhoids without complication			/local-scratch/data/opengwas/igd/ukb-b-4476/ukb-b-4476.vcf.gz					GRCh37							unassigned			unavailable		total	analysis_level	463010				all ukb-b traits in the OpenGWAS IGD collection (data/ukb-b/manifest.tsv)	
ukb-b-4482	ukb-b-4482	3mm regularity index (left)			/local-scratch/data/opengwas/igd/ukb-b-4482/ukb-b-4482.vcf.gz					GRCh37							unassigned			unavailable		total	analysis_level	94021				all ukb-b traits in the OpenGWAS IGD collection (data/ukb-b/manifest.tsv)	
ukb-b-4507	ukb-b-4507	Diagnoses - main ICD10: R04.2 Haemoptysis			/local-scratch/data/opengwas/igd/ukb-b-4507/ukb-b-4507.vcf.gz					GRCh37							unassigned			unavailable		total	analysis_level	463010				all ukb-b traits in the OpenGWAS IGD collection (data/ukb-b/manifest.tsv)	
ukb-b-4509	ukb-b-4509	Age of stopping smoking			/local-scratch/data/opengwas/igd/ukb-b-4509/ukb-b-4509.vcf.gz					GRCh37							unassigned			unavailable		total	analysis_level	41215				all ukb-b traits in the OpenGWAS IGD collection (data/ukb-b/manifest.tsv)	
ukb-b-4512	ukb-b-4512	Duration of other exercises			/local-scratch/data/opengwas/igd/ukb-b-4512/ukb-b-4512.vcf.gz					GRCh37							unassigned			unavailable		total	analysis_level	220399				all ukb-b traits in the OpenGWAS IGD collection (data/ukb-b/manifest.tsv)	
ukb-b-4514	ukb-b-4514	3mm strong meridian angle (right)			/local-scratch/data/opengwas/igd/ukb-b-4514/ukb-b-4514.vcf.gz					GRCh37							unassigned			unavailable		total	analysis_level	96007				all ukb-b traits in the OpenGWAS IGD collection (data/ukb-b/manifest.tsv)	
ukb-b-4518	ukb-b-4518	Operative procedures - main OPCS: A65.1 Carpal tunnel release			/local-scratch/data/opengwas/igd/ukb-b-4518/ukb-b-4518.vcf.gz					GRCh37							unassigned			unavailable		total	analysis_level	463010				all ukb-b traits in the OpenGWAS IGD collection (data/ukb-b/manifest.tsv)	
ukb-b-4522	ukb-b-4522	Time spent using computer			/local-scratch/data/opengwas/igd/ukb-b-4522/ukb-b-4522.vcf.gz					GRCh37							unassigned			unavailable		total	analysis_level	360895				all ukb-b traits in the OpenGWAS IGD collection (data/ukb-b/manifest.tsv)	
ukb-b-4526	ukb-b-4526	6mm cylindrical power angle (left)			/local-scratch/data/opengwas/igd/ukb-b-4526/ukb-b-4526.vcf.gz					GRCh37							unassigned			unavailable		total	analysis_level	83387				all ukb-b traits in the OpenGWAS IGD collection (data/ukb-b/manifest.tsv)	
ukb-b-453	ukb-b-453	Diagnoses - main ICD10: I21.0 Acute transmural myocardial infarction of anterior wall			/local-scratch/data/opengwas/igd/ukb-b-453/ukb-b-453.vcf.gz					GRCh37							unassigned			unavailable		total	analysis_level	463010				all ukb-b traits in the OpenGWAS IGD collection (data/ukb-b/manifest.tsv)	
ukb-b-4531	ukb-b-4531	Destinations on discharge from hospital (recoded): Temporary place of residence			/local-scratch/data/opengwas/igd/ukb-b-4531/ukb-b-4531.vcf.gz					GRCh37							unassigned			unavailable		total	analysis_level	460794				all ukb-b traits in the OpenGWAS IGD collection (data/ukb-b/manifest.tsv)	
ukb-b-4533	ukb-b-4533	Non-cancer illness code, self-reported: pneumonia			/local-scratch/data/opengwas/igd/ukb-b-4533/ukb-b-4533.vcf.gz					GRCh37							unassigned			unavailable		total	analysis_level	462933				all ukb-b traits in the OpenGWAS IGD collection (data/ukb-b/manifest.tsv)	
ukb-b-4535	ukb-b-4535	logMAR, final (left)			/local-scratch/data/opengwas/igd/ukb-b-4535/ukb-b-4535.vcf.gz					GRCh37							unassigned			unavailable		total	analysis_level	100983				all ukb-b traits in the OpenGWAS IGD collection (data/ukb-b/manifest.tsv)	
ukb-b-4540	ukb-b-4540	Methods of admission to hospital (recoded): Emergency admission: Non-injury			/local-scratch/data/opengwas/igd/ukb-b-4540/ukb-b-4540.vcf.gz					GRCh37							unassigned			unavailable		total	analysis_level	462400				all ukb-b traits in the OpenGWAS IGD collection (data/ukb-b/manifest.tsv)	
ukb-b-4542	ukb-b-4542	Reason for not eating or drinking normally: Away			/local-scratch/data/opengwas/igd/ukb-b-4542/ukb-b-4542.vcf.gz					GRCh37							unassigned			unavailable		total	analysis_level	64949				all ukb-b traits in the OpenGWAS IGD collection (data/ukb-b/manifest.tsv)	
ukb-b-4544	ukb-b-4544	PCT responsible for patient data: WIRRAL PCT			/local-scratch/data/opengwas/igd/ukb-b-4544/ukb-b-4544.vcf.gz					GRCh37							unassigned			unavailable		total	analysis_level	463010				all ukb-b traits in the OpenGWAS IGD collection (data/ukb-b/manifest.tsv)	
ukb-b-4548	ukb-b-4548	Seeds intake			/local-scratch/data/opengwas/igd/ukb-b-4548/ukb-b-4548.vcf.gz					GRCh37							unassigned			unavailable		total	analysis_level	64949				all ukb-b traits in the OpenGWAS IGD collection (data/ukb-b/manifest.tsv)	
ukb-b-4549	ukb-b-4549	Drive faster than motorway speed limit			/local-scratch/data/opengwas/igd/ukb-b-4549/ukb-b-4549.vcf.gz					GRCh37							unassigned			unavailable		total	analysis_level	418299				all ukb-b traits in the OpenGWAS IGD collection (data/ukb-b/manifest.tsv)	
ukb-b-4554	ukb-b-4554	Diagnoses - secondary ICD10: R11 Nausea and vomiting			/local-scratch/data/opengwas/igd/ukb-b-4554/ukb-b-4554.vcf.gz					GRCh37							unassigned			unavailable		total	analysis_level	463010				all ukb-b traits in the OpenGWAS IGD collection (data/ukb-b/manifest.tsv)	
ukb-b-4561	ukb-b-4561	Non-cancer illness code, self-reported: stomach disorder			/local-scratch/data/opengwas/igd/ukb-b-4561/ukb-b-4561.vcf.gz					GRCh37							unassigned			unavailable		total	analysis_level	462933				all ukb-b traits in the OpenGWAS IGD collection (data/ukb-b/manifest.tsv)	
ukb-b-4564	ukb-b-4564	Age last used hormone-replacement therapy (HRT)			/local-scratch/data/opengwas/igd/ukb-b-4564/ukb-b-4564.vcf.gz					GRCh37							unassigned			unavailable		total	analysis_level	72982				all ukb-b traits in the OpenGWAS IGD collection (data/ukb-b/manifest.tsv)	
ukb-b-4566	ukb-b-4566	Sliced bread intake			/local-scratch/data/opengwas/igd/ukb-b-4566/ukb-b-4566.vcf.gz					GRCh37							unassigned			unavailable		total	analysis_level	64949				all ukb-b traits in the OpenGWAS IGD collection (data/ukb-b/manifest.tsv)	
ukb-b-4569	ukb-b-4569	Milk chocolate intake			/local-scratch/data/opengwas/igd/ukb-b-4569/ukb-b-4569.vcf.gz					GRCh37							unassigned			unavailable		total	analysis_level	64944				all ukb-b traits in the OpenGWAS IGD collection (data/ukb-b/manifest.tsv)	
ukb-b-4575	ukb-b-4575	Age asthma diagnosed			/local-scratch/data/opengwas/igd/ukb-b-4575/ukb-b-4575.vcf.gz					GRCh37							unassigned			unavailable		total	analysis_level	47222				all ukb-b traits in the OpenGWAS IGD collection (data/ukb-b/manifest.tsv)	
ukb-b-4579	ukb-b-4579	Diagnoses - secondary ICD10: R94.5 Abnormal results of liver function studies			/local-scratch/data/opengwas/igd/ukb-b-4579/ukb-b-4579.vcf.gz					GRCh37							unassigned			unavailable		total	analysis_level	463010				all ukb-b traits in the OpenGWAS IGD collection (data/ukb-b/manifest.tsv)	
ukb-b-4580	ukb-b-4580	Dried fruit added to cereal			/local-scratch/data/opengwas/igd/ukb-b-4580/ukb-b-4580.vcf.gz					GRCh37							unassigned			unavailable		total	analysis_level	64949				all ukb-b traits in the OpenGWAS IGD collection (data/ukb-b/manifest.tsv)	
ukb-b-4586	ukb-b-4586	Diagnoses - secondary ICD10: T81.4 Infection following a procedure, not elsewhere classified			/local-scratch/data/opengwas/igd/ukb-b-4586/ukb-b-4586.vcf.gz					GRCh37							unassigned			unavailable		total	analysis_level	463010				all ukb-b traits in the OpenGWAS IGD collection (data/ukb-b/manifest.tsv)	
ukb-b-46	ukb-b-46	Operative procedures - main OPCS: E08.1 Polypectomy of internal nose			/local-scratch/data/opengwas/igd/ukb-b-46/ukb-b-46.vcf.gz					GRCh37							unassigned			unavailable		total	analysis_level	463010				all ukb-b traits in the OpenGWAS IGD collection (data/ukb-b/manifest.tsv)	
ukb-b-4601	ukb-b-4601	Diagnoses - secondary ICD10: Z88.8 Personal history of allergy to other drugs, medicaments and biological substances			/local-scratch/data/opengwas/igd/ukb-b-4601/ukb-b-4601.vcf.gz					GRCh37							unassigned			unavailable		total	analysis_level	463010				all ukb-b traits in the OpenGWAS IGD collection (data/ukb-b/manifest.tsv)	
ukb-b-4616	ukb-b-4616	Nap during day			/local-scratch/data/opengwas/igd/ukb-b-4616/ukb-b-4616.vcf.gz					GRCh37							unassigned			unavailable		total	analysis_level	462400				all ukb-b traits in the OpenGWAS IGD collection (data/ukb-b/manifest.tsv)	
ukb-b-4630	ukb-b-4630	Neuroticism score			/local-scratch/data/opengwas/igd/ukb-b-4630/ukb-b-4630.vcf.gz					GRCh37							unassigned			unavailable		total	analysis_level	374323				all ukb-b traits in the OpenGWAS IGD collection (data/ukb-b/manifest.tsv)	
ukb-b-4637	ukb-b-4637	Diagnoses - main ICD10: H00.1 Chalazion			/local-scratch/data/opengwas/igd/ukb-b-4637/ukb-b-4637.vcf.gz					GRCh37							unassigned			unavailable		total	analysis_level	463010				all ukb-b traits in the OpenGWAS IGD collection (data/ukb-b/manifest.tsv)	
ukb-b-4643	ukb-b-4643	Age at hysterectomy			/local-scratch/data/opengwas/igd/ukb-b-4643/ukb-b-4643.vcf.gz					GRCh37							unassigned			unavailable		total	analysis_level	46207				all ukb-b traits in the OpenGWAS IGD collection (data/ukb-b/manifest.tsv)	
ukb-b-4650	ukb-b-4650	Comparative body size at age 10			/local-scratch/data/opengwas/igd/ukb-b-4650/ukb-b-4650.vcf.gz					GRCh37							unassigned			unavailable		total	analysis_level	454718				all ukb-b traits in the OpenGWAS IGD collection (data/ukb-b/manifest.tsv)	
ukb-b-4655	ukb-b-4655	Frequency of walking for pleasure in last 4 weeks			/local-scratch/data/opengwas/igd/ukb-b-4655/ukb-b-4655.vcf.gz					GRCh37							unassigned			unavailable		total	analysis_level	328320				all ukb-b traits in the OpenGWAS IGD collection (data/ukb-b/manifest.tsv)	
ukb-b-4657	ukb-b-4657	Heel bone mineral density (BMD) (right)			/local-scratch/data/opengwas/igd/ukb-b-4657/ukb-b-4657.vcf.gz					GRCh37							unassigned			unavailable		total	analysis_level	146093				all ukb-b traits in the OpenGWAS IGD collection (data/ukb-b/manifest.tsv)	
ukb-b-4663	ukb-b-4663	Operative procedures - main OPCS: W91.9 Unspecified other manipulation of joint			/local-scratch/data/opengwas/igd/ukb-b-4663/ukb-b-4663.vcf.gz					GRCh37							unassigned			unavailable		total	analysis_level	463010				all ukb-b traits in the OpenGWAS IGD collection (data/ukb-b/manifest.tsv)	
ukb-b-4667	ukb-b-4667	Leisure/social activities: Religious group			/local-scratch/data/opengwas/igd/ukb-b-4667/ukb-b-4667.vcf.gz					GRCh37							unassigned			unavailable		total	analysis_level	461369				all ukb-b traits in the OpenGWAS IGD collection (data/ukb-b/manifest.tsv)	
ukb-b-4674	ukb-b-4674	Type of cancer: ICD10: D05.1 Intraductal carcinoma in situ			/local-scratch/data/opengwas/igd/ukb-b-4674/ukb-b-4674.vcf.gz					GRCh37							unassigned			unavailable		total	analysis_level	463010				all ukb-b traits in the OpenGWAS IGD collection (data/ukb-b/manifest.tsv)	
ukb-b-4683	ukb-b-4683	Thickness of butter/margarine spread on sliced bread: thick			/local-scratch/data/opengwas/igd/ukb-b-4683/ukb-b-4683.vcf.gz					GRCh37							unassigned			unavailable		total	analysis_level	64949				all ukb-b traits in the OpenGWAS IGD collection (data/ukb-b/manifest.tsv)	
ukb-b-469	ukb-b-469	Number of cigarettes currently smoked daily (current cigarette smokers)			/local-scratch/data/opengwas/igd/ukb-b-469/ukb-b-469.vcf.gz					GRCh37							unassigned			unavailable		total	analysis_level	33229				all ukb-b traits in the OpenGWAS IGD collection (data/ukb-b/manifest.tsv)	
ukb-b-4690	ukb-b-4690	Vitamin and/or mineral supplement use: Vitamin C			/local-scratch/data/opengwas/igd/ukb-b-4690/ukb-b-4690.vcf.gz					GRCh37							unassigned			unavailable		total	analysis_level	64949				all ukb-b traits in the OpenGWAS IGD collection (data/ukb-b/manifest.tsv)	
ukb-b-4693	ukb-b-4693	Treatment/medication code: co-enzyme q10/ubiquinone/bio-quinone/coenzyme q10			/local-scratch/data/opengwas/igd/ukb-b-4693/ukb-b-4693.vcf.gz					GRCh37							unassigned			unavailable		total	analysis_level	462933				all ukb-b traits in the OpenGWAS IGD collection (data/ukb-b/manifest.tsv)	
ukb-b-4699	ukb-b-4699	Treatment/medication code: glyceryl trinitrate			/local-scratch/data/opengwas/igd/ukb-b-4699/ukb-b-4699.vcf.gz					GRCh37							unassigned			unavailable		total	analysis_level	462933				all ukb-b traits in the OpenGWAS IGD collection (data/ukb-b/manifest.tsv)	
ukb-b-471	ukb-b-471	Diagnoses - main ICD9: 6262 Excessive or frequent menstruation			/local-scratch/data/opengwas/igd/ukb-b-471/ukb-b-471.vcf.gz					GRCh37							unassigned			unavailable		total	analysis_level	463010				all ukb-b traits in the OpenGWAS IGD collection (data/ukb-b/manifest.tsv)	
ukb-b-4710	ukb-b-4710	Number of days/week of moderate physical activity 10+ minutes			/local-scratch/data/opengwas/igd/ukb-b-4710/ukb-b-4710.vcf.gz					GRCh37							unassigned			unavailable		total	analysis_level	440266				all ukb-b traits in the OpenGWAS IGD collection (data/ukb-b/manifest.tsv)	
ukb-b-4711	ukb-b-4711	Usual walking pace			/local-scratch/data/opengwas/igd/ukb-b-4711/ukb-b-4711.vcf.gz					GRCh37							unassigned			unavailable		total	analysis_level	459915				all ukb-b traits in the OpenGWAS IGD collection (data/ukb-b/manifest.tsv)	
ukb-b-4717	ukb-b-4717	Corneal resistance factor (left)			/local-scratch/data/opengwas/igd/ukb-b-4717/ukb-b-4717.vcf.gz					GRCh37							unassigned			unavailable		total	analysis_level	97465				all ukb-b traits in the OpenGWAS IGD collection (data/ukb-b/manifest.tsv)	
ukb-b-4724	ukb-b-4724	Operative procedures - main OPCS: U05.1 Computed tomography of head			/local-scratch/data/opengwas/igd/ukb-b-4724/ukb-b-4724.vcf.gz					GRCh37							unassigned			unavailable		total	analysis_level	463010				all ukb-b traits in the OpenGWAS IGD collection (data/ukb-b/manifest.tsv)	
ukb-b-4725	ukb-b-4725	Non-cancer illness code, self-reported: duodenal ulcer			/local-scratch/data/opengwas/igd/ukb-b-4725/ukb-b-4725.vcf.gz					GRCh37							unassigned			unavailable		total	analysis_level	462933				all ukb-b traits in the OpenGWAS IGD collection (data/ukb-b/manifest.tsv)	
ukb-b-4733	ukb-b-4733	Number of operations, self-reported			/local-scratch/data/opengwas/igd/ukb-b-4733/ukb-b-4733.vcf.gz					GRCh37							unassigned			unavailable		total	analysis_level	462933				all ukb-b traits in the OpenGWAS IGD collection (data/ukb-b/manifest.tsv)	
ukb-b-4738	ukb-b-4738	Diagnoses - main ICD10: K25.9 Unspecified as acute or chronic, without haemorrhage or perforation			/local-scratch/data/opengwas/igd/ukb-b-4738/ukb-b-4738.vcf.gz					GRCh37							unassigned			unavailable		total	analysis_level	463010				all ukb-b traits in the OpenGWAS IGD collection (data/ukb-b/manifest.tsv)	
ukb-b-4740	ukb-b-4740	Feta intake			/local-scratch/data/opengwas/igd/ukb-b-4740/ukb-b-4740.vcf.gz					GRCh37							unassigned			unavailable		total	analysis_level	64945				all ukb-b traits in the OpenGWAS IGD collection (data/ukb-b/manifest.tsv)	
ukb-b-4745	ukb-b-4745	Diagnoses - secondary ICD10: Y43.3 Other antineoplastic drugs			/local-scratch/data/opengwas/igd/ukb-b-4745/ukb-b-4745.vcf.gz					GRCh37							unassigned			unavailable		total	analysis_level	463010				all ukb-b traits in the OpenGWAS IGD collection (data/ukb-b/manifest.tsv)	
ukb-b-4770	ukb-b-4770	Diagnoses - main ICD10: K02.9 Dental caries, unspecified			/local-scratch/data/opengwas/igd/ukb-b-4770/ukb-b-4770.vcf.gz					GRCh37							unassigned			unavailable		total	analysis_level	463010				all ukb-b traits in the OpenGWAS IGD collection (data/ukb-b/manifest.tsv)	
ukb-b-4772	ukb-b-4772	Diagnoses - main ICD10: M72.04 Palmar fascial fibromatosis [Dupuytren]-Hand			/local-scratch/data/opengwas/igd/ukb-b-4772/ukb-b-4772.vcf.gz					GRCh37							unassigned			unavailable		total	analysis_level	463010				all ukb-b traits in the OpenGWAS IGD collection (data/ukb-b/manifest.tsv)	
ukb-b-4776	ukb-b-4776	Mean signal-to-noise ratio (SNR), (right)			/local-scratch/data/opengwas/igd/ukb-b-4776/ukb-b-4776.vcf.gz					GRCh37							unassigned			unavailable		total	analysis_level	148549				all ukb-b traits in the OpenGWAS IGD collection (data/ukb-b/manifest.tsv)	
ukb-b-4779	ukb-b-4779	Plays computer games			/local-scratch/data/opengwas/igd/ukb-b-4779/ukb-b-4779.vcf.gz					GRCh37							unassigned			unavailable		total	analysis_level	462433				all ukb-b traits in the OpenGWAS IGD collection (data/ukb-b/manifest.tsv)	
ukb-b-4783	ukb-b-4783	Operative procedures - secondary OPCS: Z28.4 Transverse colon			/local-scratch/data/opengwas/igd/ukb-b-4783/ukb-b-4783.vcf.gz					GRCh37							unassigned			unavailable		total	analysis_level	463010				all ukb-b traits in the OpenGWAS IGD collection (data/ukb-b/manifest.tsv)	
ukb-b-4790	ukb-b-4790	Diagnoses - secondary ICD10: N83.2 Other and unspecified ovarian cysts			/local-scratch/data/opengwas/igd/ukb-b-4790/ukb-b-4790.vcf.gz					GRCh37							unassigned			unavailable		total	analysis_level	463010				all ukb-b traits in the OpenGWAS IGD collection (data/ukb-b/manifest.tsv)	
ukb-b-4801	ukb-b-4801	Number of unsuccessful stop-smoking attempts			/local-scratch/data/opengwas/igd/ukb-b-4801/ukb-b-4801.vcf.gz					GRCh37							unassigned			unavailable		total	analysis_level	104420				all ukb-b traits in the OpenGWAS IGD collection (data/ukb-b/manifest.tsv)	
ukb-b-4817	ukb-b-4817	Operative procedures - secondary OPCS: Y98.1 Radiology of one body area (or < 20 minutes)			/local-scratch/data/opengwas/igd/ukb-b-4817/ukb-b-4817.vcf.gz					GRCh37							unassigned			unavailable		total	analysis_level	463010				all ukb-b traits in the OpenGWAS IGD collection (data/ukb-b/manifest.tsv)	
ukb-b-4820	ukb-b-4820	Operative procedures - secondary OPCS: E13.6 Puncture of maxillary antrum			/local-scratch/data/opengwas/igd/ukb-b-4820/ukb-b-4820.vcf.gz					GRCh37							unassigned			unavailable		total	analysis_level	463010				all ukb-b traits in the OpenGWAS IGD collection (data/ukb-b/manifest.tsv)	
ukb-b-4824	ukb-b-4824	Diagnoses - secondary ICD10: K52.9 Non-infective gastro-enteritis and colitis, unspecified			/local-scratch/data/opengwas/igd/ukb-b-4824/ukb-b-4824.vcf.gz					GRCh37							unassigned			unavailable		total	analysis_level	463010				all ukb-b traits in the OpenGWAS IGD collection (data/ukb-b/manifest.tsv)	
ukb-b-4843	ukb-b-4843	Types of spreads/sauces consumed: Other sauce			/local-scratch/data/opengwas/igd/ukb-b-4843/ukb-b-4843.vcf.gz					GRCh37							unassigned			unavailable		total	analysis_level	64949				all ukb-b traits in the OpenGWAS IGD collection (data/ukb-b/manifest.tsv)	
ukb-b-4868	ukb-b-4868	Operative procedures - secondary OPCS: R14.9 Unspecified surgical induction of labour			/local-scratch/data/opengwas/igd/ukb-b-4868/ukb-b-4868.vcf.gz					GRCh37							unassigned			unavailable		total	analysis_level	463010				all ukb-b traits in the OpenGWAS IGD collection (data/ukb-b/manifest.tsv)	
ukb-b-4874	ukb-b-4874	6mm asymmetry angle (right)			/local-scratch/data/opengwas/igd/ukb-b-4874/ukb-b-4874.vcf.gz					GRCh37							unassigned			unavailable		total	analysis_level	52647				all ukb-b traits in the OpenGWAS IGD collection (data/ukb-b/manifest.tsv)	
ukb-b-4876	ukb-b-4876	Treatment/medication code: valsartan			/local-scratch/data/opengwas/igd/ukb-b-4876/ukb-b-4876.vcf.gz					GRCh37							unassigned			unavailable		total	analysis_level	462933				all ukb-b traits in the OpenGWAS IGD collection (data/ukb-b/manifest.tsv)	
ukb-b-488	ukb-b-488	Treatment/medication code: vitamin c product			/local-scratch/data/opengwas/igd/ukb-b-488/ukb-b-488.vcf.gz					GRCh37							unassigned			unavailable		total	analysis_level	462933				all ukb-b traits in the OpenGWAS IGD collection (data/ukb-b/manifest.tsv)	
ukb-b-4880	ukb-b-4880	Treatment/medication code: garlic product			/local-scratch/data/opengwas/igd/ukb-b-4880/ukb-b-4880.vcf.gz					GRCh37							unassigned			unavailable		total	analysis_level	462933				all ukb-b traits in the OpenGWAS IGD collection (data/ukb-b/manifest.tsv)	
ukb-b-4886	ukb-b-4886	Number of days/week walked 10+ minutes			/local-scratch/data/opengwas/igd/ukb-b-4886/ukb-b-4886.vcf.gz					GRCh37							unassigned			unavailable		total	analysis_level	454783				all ukb-b traits in the OpenGWAS IGD collection (data/ukb-b/manifest.tsv)	
ukb-b-4909	ukb-b-4909	Number of triplets attempted (right)			/local-scratch/data/opengwas/igd/ukb-b-4909/ukb-b-4909.vcf.gz					GRCh37							unassigned			unavailable		total	analysis_level	150168				all ukb-b traits in the OpenGWAS IGD collection (data/ukb-b/manifest.tsv)	
ukb-b-4921	ukb-b-4921	Diagnoses - main ICD10: M75.0 Adhesive capsulitis of shoulder			/local-scratch/data/opengwas/igd/ukb-b-4921/ukb-b-4921.vcf.gz					GRCh37							unassigned			unavailable		total	analysis_level	463010				all ukb-b traits in the OpenGWAS IGD collection (data/ukb-b/manifest.tsv)	
ukb-b-4929	ukb-b-4929	Diagnoses - secondary ICD10: I73.9 Peripheral vascular disease, unspecified			/local-scratch/data/opengwas/igd/ukb-b-4929/ukb-b-4929.vcf.gz					GRCh37							unassigned			unavailable		total	analysis_level	463010				all ukb-b traits in the OpenGWAS IGD collection (data/ukb-b/manifest.tsv)	
ukb-b-4930	ukb-b-4930	Operative procedures - main OPCS: Q11.1 Vacuum aspiration of products of conception from uterus NEC			/local-scratch/data/opengwas/igd/ukb-b-4930/ukb-b-4930.vcf.gz					GRCh37							unassigned			unavailable		total	analysis_level	463010				all ukb-b traits in the OpenGWAS IGD collection (data/ukb-b/manifest.tsv)	
ukb-b-4932	ukb-b-4932	PCT responsible for patient data: SOUTH GLOUCESTERSHIRE PCT			/local-scratch/data/opengwas/igd/ukb-b-4932/ukb-b-4932.vcf.gz					GRCh37							unassigned			unavailable		total	analysis_level	463010				all ukb-b traits in the OpenGWAS IGD collection (data/ukb-b/manifest.tsv)	
ukb-b-4933	ukb-b-4933	PCT where patients GP was registered: NORTH MANCHESTER PCT			/local-scratch/data/opengwas/igd/ukb-b-4933/ukb-b-4933.vcf.gz					GRCh37							unassigned			unavailable		total	analysis_level	463010				all ukb-b traits in the OpenGWAS IGD collection (data/ukb-b/manifest.tsv)	
ukb-b-4942	ukb-b-4942	PCT where patients GP was registered: SOUTH GLOUCESTERSHIRE PCT			/local-scratch/data/opengwas/igd/ukb-b-4942/ukb-b-4942.vcf.gz					GRCh37							unassigned			unavailable		total	analysis_level	463010				all ukb-b traits in the OpenGWAS IGD collection (data/ukb-b/manifest.tsv)	
ukb-b-4943	ukb-b-4943	Frequency of solarium/sunlamp use			/local-scratch/data/opengwas/igd/ukb-b-4943/ukb-b-4943.vcf.gz					GRCh37							unassigned			unavailable		total	analysis_level	436185				all ukb-b traits in the OpenGWAS IGD collection (data/ukb-b/manifest.tsv)	
ukb-b-4944	ukb-b-4944	Operative procedures - main OPCS: W85.2 Endoscopic irrigation of knee joint			/local-scratch/data/opengwas/igd/ukb-b-4944/ukb-b-4944.vcf.gz					GRCh37							unassigned			unavailable		total	analysis_level	463010				all ukb-b traits in the OpenGWAS IGD collection (data/ukb-b/manifest.tsv)	
ukb-b-4946	ukb-b-4946	Types of spread used on bread/crackers: Cholesterol-lowering polyunsaturated margarine on bread/crackers			/local-scratch/data/opengwas/igd/ukb-b-4946/ukb-b-4946.vcf.gz					GRCh37							unassigned			unavailable		total	analysis_level	64949				all ukb-b traits in the OpenGWAS IGD collection (data/ukb-b/manifest.tsv)	
ukb-b-4947	ukb-b-4947	Treatment speciality of consultant (recoded): Breast surgery			/local-scratch/data/opengwas/igd/ukb-b-4947/ukb-b-4947.vcf.gz					GRCh37							unassigned			unavailable		total	analysis_level	444122				all ukb-b traits in the OpenGWAS IGD collection (data/ukb-b/manifest.tsv)	
ukb-b-4953	ukb-b-4953	Most recent bowel cancer screening			/local-scratch/data/opengwas/igd/ukb-b-4953/ukb-b-4953.vcf.gz					GRCh37							unassigned			unavailable		total	analysis_level	104188				all ukb-b traits in the OpenGWAS IGD collection (data/ukb-b/manifest.tsv)	
ukb-b-4955	ukb-b-4955	Dairy smoothie intake			/local-scratch/data/opengwas/igd/ukb-b-4955/ukb-b-4955.vcf.gz					GRCh37							unassigned			unavailable		total	analysis_level	64941				all ukb-b traits in the OpenGWAS IGD collection (data/ukb-b/manifest.tsv)	
ukb-b-4956	ukb-b-4956	Morning/evening person (chronotype)			/local-scratch/data/opengwas/igd/ukb-b-4956/ukb-b-4956.vcf.gz					GRCh37							unassigned			unavailable		total	analysis_level	413343				all ukb-b traits in the OpenGWAS IGD collection (data/ukb-b/manifest.tsv)	
ukb-b-4958	ukb-b-4958	Number of pregnancy terminations			/local-scratch/data/opengwas/igd/ukb-b-4958/ukb-b-4958.vcf.gz					GRCh37							unassigned			unavailable		total	analysis_level	78392				all ukb-b traits in the OpenGWAS IGD collection (data/ukb-b/manifest.tsv)	
ukb-b-4961	ukb-b-4961	Beer/cider intake			/local-scratch/data/opengwas/igd/ukb-b-4961/ukb-b-4961.vcf.gz					GRCh37							unassigned			unavailable		total	analysis_level	64949				all ukb-b traits in the OpenGWAS IGD collection (data/ukb-b/manifest.tsv)	
ukb-b-4963	ukb-b-4963	Diagnoses - secondary ICD10: N17.9 Acute renal failure, unspecified			/local-scratch/data/opengwas/igd/ukb-b-4963/ukb-b-4963.vcf.gz					GRCh37							unassigned			unavailable		total	analysis_level	463010				all ukb-b traits in the OpenGWAS IGD collection (data/ukb-b/manifest.tsv)	
ukb-b-4964	ukb-b-4964	Other bread intake			/local-scratch/data/opengwas/igd/ukb-b-4964/ukb-b-4964.vcf.gz					GRCh37							unassigned			unavailable		total	analysis_level	64949				all ukb-b traits in the OpenGWAS IGD collection (data/ukb-b/manifest.tsv)	
ukb-b-4982	ukb-b-4982	Able to confide			/local-scratch/data/opengwas/igd/ukb-b-4982/ukb-b-4982.vcf.gz					GRCh37							unassigned			unavailable		total	analysis_level	448858				all ukb-b traits in the OpenGWAS IGD collection (data/ukb-b/manifest.tsv)	
ukb-b-499	ukb-b-499	Diagnoses - secondary ICD10: N32.8 Other specified disorders of bladder			/local-scratch/data/opengwas/igd/ukb-b-499/ukb-b-499.vcf.gz					GRCh37							unassigned			unavailable		total	analysis_level	463010				all ukb-b traits in the OpenGWAS IGD collection (data/ukb-b/manifest.tsv)	
ukb-b-4991	ukb-b-4991	Treatment/medication code: vitamin d product			/local-scratch/data/opengwas/igd/ukb-b-4991/ukb-b-4991.vcf.gz					GRCh37							unassigned			unavailable		total	analysis_level	462933				all ukb-b traits in the OpenGWAS IGD collection (data/ukb-b/manifest.tsv)	
ukb-b-50	ukb-b-50	Diagnoses - main ICD10: M75.1 Rotator cuff syndrome			/local-scratch/data/opengwas/igd/ukb-b-50/ukb-b-50.vcf.gz					GRCh37							unassigned			unavailable		total	analysis_level	463010				all ukb-b traits in the OpenGWAS IGD collection (data/ukb-b/manifest.tsv)	
ukb-b-5008	ukb-b-5008	Turnip/swede intake			/local-scratch/data/opengwas/igd/ukb-b-5008/ukb-b-5008.vcf.gz					GRCh37							unassigned			unavailable		total	analysis_level	64945				all ukb-b traits in the OpenGWAS IGD collection (data/ukb-b/manifest.tsv)	
ukb-b-501	ukb-b-501	Diagnoses - main ICD10: L82 Seborrhoeic keratosis			/local-scratch/data/opengwas/igd/ukb-b-501/ukb-b-501.vcf.gz					GRCh37							unassigned			unavailable		total	analysis_level	463010				all ukb-b traits in the OpenGWAS IGD collection (data/ukb-b/manifest.tsv)	
ukb-b-5011	ukb-b-5011	Thickness of butter/margarine spread on bread rolls: medium			/local-scratch/data/opengwas/igd/ukb-b-5011/ukb-b-5011.vcf.gz					GRCh37							unassigned			unavailable		total	analysis_level	64949				all ukb-b traits in the OpenGWAS IGD collection (data/ukb-b/manifest.tsv)	
ukb-b-5012	ukb-b-5012	Surgery on leg arteries (other than for varicose veins)			/local-scratch/data/opengwas/igd/ukb-b-5012/ukb-b-5012.vcf.gz					GRCh37							unassigned			unavailable		total	analysis_level	33364				all ukb-b traits in the OpenGWAS IGD collection (data/ukb-b/manifest.tsv)	
ukb-b-5018	ukb-b-5018	Diagnoses - main ICD10: K61.0 Anal abscess			/local-scratch/data/opengwas/igd/ukb-b-5018/ukb-b-5018.vcf.gz					GRCh37							unassigned			unavailable		total	analysis_level	463010				all ukb-b traits in the OpenGWAS IGD collection (data/ukb-b/manifest.tsv)	
ukb-b-5031	ukb-b-5031	PCT where patients GP was registered: HILLINGDON PCT			/local-scratch/data/opengwas/igd/ukb-b-5031/ukb-b-5031.vcf.gz					GRCh37							unassigned			unavailable		total	analysis_level	463010				all ukb-b traits in the OpenGWAS IGD collection (data/ukb-b/manifest.tsv)	
ukb-b-5045	ukb-b-5045	Diagnoses - secondary ICD10: Z53.2 Procedure not carried out because of patient's decision for other and unspecified reasons			/local-scratch/data/opengwas/igd/ukb-b-5045/ukb-b-5045.vcf.gz					GRCh37							unassigned			unavailable		total	analysis_level	463010				all ukb-b traits in the OpenGWAS IGD collection (data/ukb-b/manifest.tsv)	
ukb-b-5053	ukb-b-5053	Frequency of heavy DIY in last 4 weeks			/local-scratch/data/opengwas/igd/ukb-b-5053/ukb-b-5053.vcf.gz					GRCh37							unassigned			unavailable		total	analysis_level	182511				all ukb-b traits in the OpenGWAS IGD collection (data/ukb-b/manifest.tsv)	
ukb-b-5064	ukb-b-5064	Number of bread rolls with  butter/margarine			/local-scratch/data/opengwas/igd/ukb-b-5064/ukb-b-5064.vcf.gz					GRCh37							unassigned			unavailable		total	analysis_level	64939				all ukb-b traits in the OpenGWAS IGD collection (data/ukb-b/manifest.tsv)	
ukb-b-5068	ukb-b-5068	Chocolate-covered biscuits intake			/local-scratch/data/opengwas/igd/ukb-b-5068/ukb-b-5068.vcf.gz					GRCh37							unassigned			unavailable		total	analysis_level	64949				all ukb-b traits in the OpenGWAS IGD collection (data/ukb-b/manifest.tsv)	
ukb-b-507	ukb-b-507	Operative procedures - main OPCS: Q18.8 Other specified diagnostic endoscopic examination of uterus			/local-scratch/data/opengwas/igd/ukb-b-507/ukb-b-507.vcf.gz					GRCh37							unassigned			unavailable		total	analysis_level	463010				all ukb-b traits in the OpenGWAS IGD collection (data/ukb-b/manifest.tsv)	
ukb-b-5076	ukb-b-5076	Leisure/social activities: None of the above			/local-scratch/data/opengwas/igd/ukb-b-5076/ukb-b-5076.vcf.gz					GRCh37							unassigned			unavailable		total	analysis_level	461369				all ukb-b traits in the OpenGWAS IGD collection (data/ukb-b/manifest.tsv)	
ukb-b-5079	ukb-b-5079	Vitamin and/or mineral supplement use: Vitamin D			/local-scratch/data/opengwas/igd/ukb-b-5079/ukb-b-5079.vcf.gz					GRCh37							unassigned			unavailable		total	analysis_level	64949				all ukb-b traits in the OpenGWAS IGD collection (data/ukb-b/manifest.tsv)	
ukb-b-5090	ukb-b-5090	Astigmatism angle (left)			/local-scratch/data/opengwas/igd/ukb-b-5090/ukb-b-5090.vcf.gz					GRCh37							unassigned			unavailable		total	analysis_level	99071				all ukb-b traits in the OpenGWAS IGD collection (data/ukb-b/manifest.tsv)	
ukb-b-5115	ukb-b-5115	Diagnoses - secondary ICD10: Z72.0 Tobacco use			/local-scratch/data/opengwas/igd/ukb-b-5115/ukb-b-5115.vcf.gz					GRCh37							unassigned			unavailable		total	analysis_level	463010				all ukb-b traits in the OpenGWAS IGD collection (data/ukb-b/manifest.tsv)	
ukb-b-5118	ukb-b-5118	Diagnoses - main ICD10: N81.2 Incomplete uterovaginal prolapse			/local-scratch/data/opengwas/igd/ukb-b-5118/ukb-b-5118.vcf.gz					GRCh37							unassigned			unavailable		total	analysis_level	463010				all ukb-b traits in the OpenGWAS IGD collection (data/ukb-b/manifest.tsv)	
ukb-b-5126	ukb-b-5126	Diagnoses - main ICD10: I21.1 Acute transmural myocardial infarction of inferior wall			/local-scratch/data/opengwas/igd/ukb-b-5126/ukb-b-5126.vcf.gz					GRCh37							unassigned			unavailable		total	analysis_level	463010				all ukb-b traits in the OpenGWAS IGD collection (data/ukb-b/manifest.tsv)	
ukb-b-5143	ukb-b-5143	Volume level set by participant (right)			/local-scratch/data/opengwas/igd/ukb-b-5143/ukb-b-5143.vcf.gz					GRCh37							unassigned			unavailable		total	analysis_level	148695				all ukb-b traits in the OpenGWAS IGD collection (data/ukb-b/manifest.tsv)	
ukb-b-5164	ukb-b-5164	Diagnoses - secondary ICD10: T81.0 Haemorrhage and haematoma complicating a procedure, not elsewhere classified			/local-scratch/data/opengwas/igd/ukb-b-5164/ukb-b-5164.vcf.gz					GRCh37							unassigned			unavailable		total	analysis_level	463010				all ukb-b traits in the OpenGWAS IGD collection (data/ukb-b/manifest.tsv)	
ukb-b-5172	ukb-b-5172	Operative procedures - main OPCS: Q22.1 Bilateral salpingoophorectomy			/local-scratch/data/opengwas/igd/ukb-b-5172/ukb-b-5172.vcf.gz					GRCh37							unassigned			unavailable		total	analysis_level	463010				all ukb-b traits in the OpenGWAS IGD collection (data/ukb-b/manifest.tsv)	
ukb-b-5174	ukb-b-5174	Average weekly beer plus cider intake			/local-scratch/data/opengwas/igd/ukb-b-5174/ukb-b-5174.vcf.gz					GRCh37							unassigned			unavailable		total	analysis_level	327634				all ukb-b traits in the OpenGWAS IGD collection (data/ukb-b/manifest.tsv)	
ukb-b-5185	ukb-b-5185	Pork intake			/local-scratch/data/opengwas/igd/ukb-b-5185/ukb-b-5185.vcf.gz					GRCh37							unassigned			unavailable		total	analysis_level	64939				all ukb-b traits in the OpenGWAS IGD collection (data/ukb-b/manifest.tsv)	
ukb-b-5186	ukb-b-5186	Oat crunch intake			/local-scratch/data/opengwas/igd/ukb-b-5186/ukb-b-5186.vcf.gz					GRCh37							unassigned			unavailable		total	analysis_level	64949				all ukb-b traits in the OpenGWAS IGD collection (data/ukb-b/manifest.tsv)	
ukb-b-5188	ukb-b-5188	Non-cancer illness code, self-reported: ear/vestibular disorder			/local-scratch/data/opengwas/igd/ukb-b-5188/ukb-b-5188.vcf.gz					GRCh37							unassigned			unavailable		total	analysis_level	462933				all ukb-b traits in the OpenGWAS IGD collection (data/ukb-b/manifest.tsv)	
ukb-b-5192	ukb-b-5192	Time spent watching television (TV)			/local-scratch/data/opengwas/igd/ukb-b-5192/ukb-b-5192.vcf.gz					GRCh37							unassigned			unavailable		total	analysis_level	437887				all ukb-b traits in the OpenGWAS IGD collection (data/ukb-b/manifest.tsv)	
ukb-b-520	ukb-b-520	Operative procedures - secondary OPCS: Z49.8 Specified skin of trunk NEC			/local-scratch/data/opengwas/igd/ukb-b-520/ukb-b-520.vcf.gz					GRCh37							unassigned			unavailable		total	analysis_level	463010				all ukb-b traits in the OpenGWAS IGD collection (data/ukb-b/manifest.tsv)	
ukb-b-5209	ukb-b-5209	Added milk to standard tea			/local-scratch/data/opengwas/igd/ukb-b-5209/ukb-b-5209.vcf.gz					GRCh37							unassigned			unavailable		total	analysis_level	64949				all ukb-b traits in the OpenGWAS IGD collection (data/ukb-b/manifest.tsv)	
ukb-b-5213	ukb-b-5213	Sushi intake			/local-scratch/data/opengwas/igd/ukb-b-5213/ukb-b-5213.vcf.gz					GRCh37							unassigned			unavailable		total	analysis_level	64949				all ukb-b traits in the OpenGWAS IGD collection (data/ukb-b/manifest.tsv)	
ukb-b-5222	ukb-b-5222	Operative procedures - secondary OPCS: Z94.1 Bilateral operation			/local-scratch/data/opengwas/igd/ukb-b-5222/ukb-b-5222.vcf.gz					GRCh37							unassigned			unavailable		total	analysis_level	463010				all ukb-b traits in the OpenGWAS IGD collection (data/ukb-b/manifest.tsv)	
ukb-b-5227	ukb-b-5227	Operation code: male circumcision			/local-scratch/data/opengwas/igd/ukb-b-5227/ukb-b-5227.vcf.gz					GRCh37							unassigned			unavailable		total	analysis_level	462933				all ukb-b traits in the OpenGWAS IGD collection (data/ukb-b/manifest.tsv)	
ukb-b-5232	ukb-b-5232	Olives intake			/local-scratch/data/opengwas/igd/ukb-b-5232/ukb-b-5232.vcf.gz					GRCh37							unassigned			unavailable		total	analysis_level	64949				all ukb-b traits in the OpenGWAS IGD collection (data/ukb-b/manifest.tsv)	
ukb-b-5237	ukb-b-5237	Coffee intake			/local-scratch/data/opengwas/igd/ukb-b-5237/ukb-b-5237.vcf.gz					GRCh37							unassigned			unavailable		total	analysis_level	428860				all ukb-b traits in the OpenGWAS IGD collection (data/ukb-b/manifest.tsv)	
ukb-b-5238	ukb-b-5238	Fluid intelligence score			/local-scratch/data/opengwas/igd/ukb-b-5238/ukb-b-5238.vcf.gz					GRCh37							unassigned			unavailable		total	analysis_level	149051				all ukb-b traits in the OpenGWAS IGD collection (data/ukb-b/manifest.tsv)	
ukb-b-5239	ukb-b-5239	Average weekly red wine intake			/local-scratch/data/opengwas/igd/ukb-b-5239/ukb-b-5239.vcf.gz					GRCh37							unassigned			unavailable		total	analysis_level	327026				all ukb-b traits in the OpenGWAS IGD collection (data/ukb-b/manifest.tsv)	
ukb-b-5251	ukb-b-5251	Diagnoses - secondary ICD10: L03.1 Cellulitis of other parts of limb			/local-scratch/data/opengwas/igd/ukb-b-5251/ukb-b-5251.vcf.gz					GRCh37							unassigned			unavailable		total	analysis_level	463010				all ukb-b traits in the OpenGWAS IGD collection (data/ukb-b/manifest.tsv)	
ukb-b-5253	ukb-b-5253	Diagnoses - main ICD10: N83.2 Other and unspecified ovarian cysts			/local-scratch/data/opengwas/igd/ukb-b-5253/ukb-b-5253.vcf.gz					GRCh37							unassigned			unavailable		total	analysis_level	463010				all ukb-b traits in the OpenGWAS IGD collection (data/ukb-b/manifest.tsv)	
ukb-b-5257	ukb-b-5257	Non-cancer illness code, self-reported: rheumatic fever			/local-scratch/data/opengwas/igd/ukb-b-5257/ukb-b-5257.vcf.gz					GRCh37							unassigned			unavailable		total	analysis_level	462933				all ukb-b traits in the OpenGWAS IGD collection (data/ukb-b/manifest.tsv)	
ukb-b-5262	ukb-b-5262	Relative age voice broke			/local-scratch/data/opengwas/igd/ukb-b-5262/ukb-b-5262.vcf.gz					GRCh37							unassigned			unavailable		total	analysis_level	195644				all ukb-b traits in the OpenGWAS IGD collection (data/ukb-b/manifest.tsv)	
ukb-b-5266	ukb-b-5266	Diagnoses - secondary ICD10: N39.3 Stress incontinence			/local-scratch/data/opengwas/igd/ukb-b-5266/ukb-b-5266.vcf.gz					GRCh37							unassigned			unavailable		total	analysis_level	463010				all ukb-b traits in the OpenGWAS IGD collection (data/ukb-b/manifest.tsv)	
ukb-b-527	ukb-b-527	How are people in household related to participant: Other related			/local-scratch/data/opengwas/igd/ukb-b-527/ukb-b-527.vcf.gz					GRCh37							unassigned			unavailable		total	analysis_level	459600				all ukb-b traits in the OpenGWAS IGD collection (data/ukb-b/manifest.tsv)	
ukb-b-5277	ukb-b-5277	Baguette intake			/local-scratch/data/opengwas/igd/ukb-b-5277/ukb-b-5277.vcf.gz					GRCh37							unassigned			unavailable		total	analysis_level	64941				all ukb-b traits in the OpenGWAS IGD collection (data/ukb-b/manifest.tsv)	
ukb-b-530	ukb-b-530	Lamb intake			/local-scratch/data/opengwas/igd/ukb-b-530/ukb-b-530.vcf.gz					GRCh37							unassigned			unavailable		total	analysis_level	64942				all ukb-b traits in the OpenGWAS IGD collection (data/ukb-b/manifest.tsv)	
ukb-b-5309	ukb-b-5309	6mm regularity index (left)			/local-scratch/data/opengwas/igd/ukb-b-5309/ukb-b-5309.vcf.gz					GRCh37							unassigned			unavailable		total	analysis_level	51767				all ukb-b traits in the OpenGWAS IGD collection (data/ukb-b/manifest.tsv)	
ukb-b-531	ukb-b-531	Non-cancer illness code, self-reported: helicobacter pylori			/local-scratch/data/opengwas/igd/ukb-b-531/ukb-b-531.vcf.gz					GRCh37							unassigned			unavailable		total	analysis_level	462933				all ukb-b traits in the OpenGWAS IGD collection (data/ukb-b/manifest.tsv)	
ukb-b-5316	ukb-b-5316	Non-cancer illness code, self-reported: other joint disorder			/local-scratch/data/opengwas/igd/ukb-b-5316/ukb-b-5316.vcf.gz					GRCh37							unassigned			unavailable		total	analysis_level	462933				all ukb-b traits in the OpenGWAS IGD collection (data/ukb-b/manifest.tsv)	
ukb-b-5326	ukb-b-5326	Operative procedures - main OPCS: X33.9 Unspecified other blood transfusion			/local-scratch/data/opengwas/igd/ukb-b-5326/ukb-b-5326.vcf.gz					GRCh37							unassigned			unavailable		total	analysis_level	463010				all ukb-b traits in the OpenGWAS IGD collection (data/ukb-b/manifest.tsv)	
ukb-b-533	ukb-b-533	Ease of skin tanning			/local-scratch/data/opengwas/igd/ukb-b-533/ukb-b-533.vcf.gz					GRCh37							unassigned			unavailable		total	analysis_level	453065				all ukb-b traits in the OpenGWAS IGD collection (data/ukb-b/manifest.tsv)	
ukb-b-5332	ukb-b-5332	Added milk to filtered coffee			/local-scratch/data/opengwas/igd/ukb-b-5332/ukb-b-5332.vcf.gz					GRCh37							unassigned			unavailable		total	analysis_level	64949				all ukb-b traits in the OpenGWAS IGD collection (data/ukb-b/manifest.tsv)	
ukb-b-5359	ukb-b-5359	Alcohol			/local-scratch/data/opengwas/igd/ukb-b-5359/ukb-b-5359.vcf.gz					GRCh37							unassigned			unavailable		total	analysis_level	64979				all ukb-b traits in the OpenGWAS IGD collection (data/ukb-b/manifest.tsv)	
ukb-b-5361	ukb-b-5361	Operative procedures - secondary OPCS: Z28.2 Caecum			/local-scratch/data/opengwas/igd/ukb-b-5361/ukb-b-5361.vcf.gz					GRCh37							unassigned			unavailable		total	analysis_level	463010				all ukb-b traits in the OpenGWAS IGD collection (data/ukb-b/manifest.tsv)	
ukb-b-5362	ukb-b-5362	Banana intake			/local-scratch/data/opengwas/igd/ukb-b-5362/ukb-b-5362.vcf.gz					GRCh37							unassigned			unavailable		total	analysis_level	64949				all ukb-b traits in the OpenGWAS IGD collection (data/ukb-b/manifest.tsv)	
ukb-b-5369	ukb-b-5369	Diagnoses - main ICD10: K40.9 Unilateral or unspecified inguinal hernia, without obstruction or gangrene			/local-scratch/data/opengwas/igd/ukb-b-5369/ukb-b-5369.vcf.gz					GRCh37							unassigned			unavailable		total	analysis_level	463010				all ukb-b traits in the OpenGWAS IGD collection (data/ukb-b/manifest.tsv)	
ukb-b-5379	ukb-b-5379	Frequency of friend/family visits			/local-scratch/data/opengwas/igd/ukb-b-5379/ukb-b-5379.vcf.gz					GRCh37							unassigned			unavailable		total	analysis_level	459830				all ukb-b traits in the OpenGWAS IGD collection (data/ukb-b/manifest.tsv)	
ukb-b-5382	ukb-b-5382	Eggs in sandwiches intake			/local-scratch/data/opengwas/igd/ukb-b-5382/ukb-b-5382.vcf.gz					GRCh37							unassigned			unavailable		total	analysis_level	64949				all ukb-b traits in the OpenGWAS IGD collection (data/ukb-b/manifest.tsv)	
ukb-b-5389	ukb-b-5389	Non-cancer illness code, self-reported: spine arthritis/spondylitis			/local-scratch/data/opengwas/igd/ukb-b-5389/ukb-b-5389.vcf.gz					GRCh37							unassigned			unavailable		total	analysis_level	462933				all ukb-b traits in the OpenGWAS IGD collection (data/ukb-b/manifest.tsv)	
ukb-b-539	ukb-b-539	PCT where patients GP was registered: WAKEFIELD WEST PCT			/local-scratch/data/opengwas/igd/ukb-b-539/ukb-b-539.vcf.gz					GRCh37							unassigned			unavailable		total	analysis_level	463010				all ukb-b traits in the OpenGWAS IGD collection (data/ukb-b/manifest.tsv)	
ukb-b-5394	ukb-b-5394	Reported occurrences of cancer			/local-scratch/data/opengwas/igd/ukb-b-5394/ukb-b-5394.vcf.gz					GRCh37							unassigned			unavailable		total	analysis_level	73231				all ukb-b traits in the OpenGWAS IGD collection (data/ukb-b/manifest.tsv)	
ukb-b-5421	ukb-b-5421	Diagnoses - main ICD10: C67.9 Bladder, unspecified			/local-scratch/data/opengwas/igd/ukb-b-5421/ukb-b-5421.vcf.gz					GRCh37							unassigned			unavailable		total	analysis_level	463010				all ukb-b traits in the OpenGWAS IGD collection (data/ukb-b/manifest.tsv)	
ukb-b-5425	ukb-b-5425	Treatment/medication code: chondroitin product			/local-scratch/data/opengwas/igd/ukb-b-5425/ukb-b-5425.vcf.gz					GRCh37							unassigned			unavailable		total	analysis_level	462933				all ukb-b traits in the OpenGWAS IGD collection (data/ukb-b/manifest.tsv)	
ukb-b-5427	ukb-b-5427	White fish intake			/local-scratch/data/opengwas/igd/ukb-b-5427/ukb-b-5427.vcf.gz					GRCh37							unassigned			unavailable		total	analysis_level	64945				all ukb-b traits in the OpenGWAS IGD collection (data/ukb-b/manifest.tsv)	
ukb-b-5436	ukb-b-5436	Loud music exposure frequency			/local-scratch/data/opengwas/igd/ukb-b-5436/ukb-b-5436.vcf.gz					GRCh37							unassigned			unavailable		total	analysis_level	150898				all ukb-b traits in the OpenGWAS IGD collection (data/ukb-b/manifest.tsv)	
ukb-b-5443	ukb-b-5443	Diagnoses - secondary ICD10: Z13.0 Special screening examination for diseases of the blood and blood-forming organs and certain disorders involving the immune mechanism			/local-scratch/data/opengwas/igd/ukb-b-5443/ukb-b-5443.vcf.gz					GRCh37							unassigned			unavailable		total	analysis_level	463010				all ukb-b traits in the OpenGWAS IGD collection (data/ukb-b/manifest.tsv)	
ukb-b-5445	ukb-b-5445	Number in household			/local-scratch/data/opengwas/igd/ukb-b-5445/ukb-b-5445.vcf.gz					GRCh37							unassigned			unavailable		total	analysis_level	459988				all ukb-b traits in the OpenGWAS IGD collection (data/ukb-b/manifest.tsv)	
ukb-b-5447	ukb-b-5447	Heel broadband ultrasound attenuation (left)			/local-scratch/data/opengwas/igd/ukb-b-5447/ukb-b-5447.vcf.gz					GRCh37							unassigned			unavailable		total	analysis_level	146218				all ukb-b traits in the OpenGWAS IGD collection (data/ukb-b/manifest.tsv)	
ukb-b-546	ukb-b-546	Diagnoses - secondary ICD10: Z86.6 Personal history of diseases of the nervous system and sense organs			/local-scratch/data/opengwas/igd/ukb-b-546/ukb-b-546.vcf.gz					GRCh37							unassigned			unavailable		total	analysis_level	463010				all ukb-b traits in the OpenGWAS IGD collection (data/ukb-b/manifest.tsv)	
ukb-b-5460	ukb-b-5460	Dessert consumers			/local-scratch/data/opengwas/igd/ukb-b-5460/ukb-b-5460.vcf.gz					GRCh37							unassigned			unavailable		total	analysis_level	64949				all ukb-b traits in the OpenGWAS IGD collection (data/ukb-b/manifest.tsv)	
ukb-b-5463	ukb-b-5463	Heel quantitative ultrasound index (QUI), direct entry (right)			/local-scratch/data/opengwas/igd/ukb-b-5463/ukb-b-5463.vcf.gz					GRCh37							unassigned			unavailable		total	analysis_level	146181				all ukb-b traits in the OpenGWAS IGD collection (data/ukb-b/manifest.tsv)	
ukb-b-5474	ukb-b-5474	Vitamin and/or mineral supplement use: Vitamin B12			/local-scratch/data/opengwas/igd/ukb-b-5474/ukb-b-5474.vcf.gz					GRCh37							unassigned			unavailable		total	analysis_level	64949				all ukb-b traits in the OpenGWAS IGD collection (data/ukb-b/manifest.tsv)	
ukb-b-5476	ukb-b-5476	Methods of discharge from hospital (recoded): Discharged on clinical advice/consent			/local-scratch/data/opengwas/igd/ukb-b-5476/ukb-b-5476.vcf.gz					GRCh37							unassigned			unavailable		total	analysis_level	462959				all ukb-b traits in the OpenGWAS IGD collection (data/ukb-b/manifest.tsv)	
ukb-b-5477	ukb-b-5477	Methods of admission to hospital (recoded): Elective admission			/local-scratch/data/opengwas/igd/ukb-b-5477/ukb-b-5477.vcf.gz					GRCh37							unassigned			unavailable		total	analysis_level	462400				all ukb-b traits in the OpenGWAS IGD collection (data/ukb-b/manifest.tsv)	
ukb-b-5479	ukb-b-5479	Operation code: cone biopsy			/local-scratch/data/opengwas/igd/ukb-b-5479/ukb-b-5479.vcf.gz					GRCh37							unassigned			unavailable		total	analysis_level	462933				all ukb-b traits in the OpenGWAS IGD collection (data/ukb-b/manifest.tsv)	
ukb-b-5495	ukb-b-5495	Never eat eggs, dairy, wheat, sugar: Sugar or foods/drinks containing sugar			/local-scratch/data/opengwas/igd/ukb-b-5495/ukb-b-5495.vcf.gz					GRCh37							unassigned			unavailable		total	analysis_level	461046				all ukb-b traits in the OpenGWAS IGD collection (data/ukb-b/manifest.tsv)	
ukb-b-5504	ukb-b-5504	PCT where patients GP was registered: ISLINGTON PCT			/local-scratch/data/opengwas/igd/ukb-b-5504/ukb-b-5504.vcf.gz					GRCh37							unassigned			unavailable		total	analysis_level	463010				all ukb-b traits in the OpenGWAS IGD collection (data/ukb-b/manifest.tsv)	
ukb-b-5522	ukb-b-5522	Tofu intake			/local-scratch/data/opengwas/igd/ukb-b-5522/ukb-b-5522.vcf.gz					GRCh37							unassigned			unavailable		total	analysis_level	64945				all ukb-b traits in the OpenGWAS IGD collection (data/ukb-b/manifest.tsv)	
ukb-b-5534	ukb-b-5534	Operative procedures - main OPCS: T72.3 Release of constriction of sheath of tendon			/local-scratch/data/opengwas/igd/ukb-b-5534/ukb-b-5534.vcf.gz					GRCh37							unassigned			unavailable		total	analysis_level	463010				all ukb-b traits in the OpenGWAS IGD collection (data/ukb-b/manifest.tsv)	
ukb-b-5536	ukb-b-5536	Vitamin and/or mineral supplement use: Magnesium			/local-scratch/data/opengwas/igd/ukb-b-5536/ukb-b-5536.vcf.gz					GRCh37							unassigned			unavailable		total	analysis_level	64949				all ukb-b traits in the OpenGWAS IGD collection (data/ukb-b/manifest.tsv)	
ukb-b-5545	ukb-b-5545	Diagnoses - main ICD10: T81.4 Infection following a procedure, not elsewhere classified			/local-scratch/data/opengwas/igd/ukb-b-5545/ukb-b-5545.vcf.gz					GRCh37							unassigned			unavailable		total	analysis_level	463010				all ukb-b traits in the OpenGWAS IGD collection (data/ukb-b/manifest.tsv)	
ukb-b-5550	ukb-b-5550	PCT where patients GP was registered: SOUTH EAST SHEFFIELD PCT			/local-scratch/data/opengwas/igd/ukb-b-5550/ukb-b-5550.vcf.gz					GRCh37							unassigned			unavailable		total	analysis_level	463010				all ukb-b traits in the OpenGWAS IGD collection (data/ukb-b/manifest.tsv)	
ukb-b-5553	ukb-b-5553	Operative procedures - main OPCS: M61.1 Total excision of prostate and capsule of prostate			/local-scratch/data/opengwas/igd/ukb-b-5553/ukb-b-5553.vcf.gz					GRCh37							unassigned			unavailable		total	analysis_level	463010				all ukb-b traits in the OpenGWAS IGD collection (data/ukb-b/manifest.tsv)	
ukb-b-5559	ukb-b-5559	Methods of admission to hospital (recoded): Transfer: Planned			/local-scratch/data/opengwas/igd/ukb-b-5559/ukb-b-5559.vcf.gz					GRCh37							unassigned			unavailable		total	analysis_level	462399				all ukb-b traits in the OpenGWAS IGD collection (data/ukb-b/manifest.tsv)	
ukb-b-5580	ukb-b-5580	PCT where patients GP was registered: SOUTH TYNESIDE PCT			/local-scratch/data/opengwas/igd/ukb-b-5580/ukb-b-5580.vcf.gz					GRCh37							unassigned			unavailable		total	analysis_level	463010				all ukb-b traits in the OpenGWAS IGD collection (data/ukb-b/manifest.tsv)	
ukb-b-5590	ukb-b-5590	Diagnoses - main ICD10: K92.1 Melaena			/local-scratch/data/opengwas/igd/ukb-b-5590/ukb-b-5590.vcf.gz					GRCh37							unassigned			unavailable		total	analysis_level	463010				all ukb-b traits in the OpenGWAS IGD collection (data/ukb-b/manifest.tsv)	
ukb-b-5593	ukb-b-5593	Number of full sisters			/local-scratch/data/opengwas/igd/ukb-b-5593/ukb-b-5593.vcf.gz					GRCh37							unassigned			unavailable		total	analysis_level	455420				all ukb-b traits in the OpenGWAS IGD collection (data/ukb-b/manifest.tsv)	
ukb-b-560	ukb-b-560	Treatment/medication code: multivitamin+mineral preparations			/local-scratch/data/opengwas/igd/ukb-b-560/ukb-b-560.vcf.gz					GRCh37							unassigned			unavailable		total	analysis_level	462933				all ukb-b traits in the OpenGWAS IGD collection (data/ukb-b/manifest.tsv)	
ukb-b-5602	ukb-b-5602	Operative procedures - main OPCS: W36.5 Diagnostic extraction of bone marrow NEC			/local-scratch/data/opengwas/igd/ukb-b-5602/ukb-b-5602.vcf.gz					GRCh37							unassigned			unavailable		total	analysis_level	463010				all ukb-b traits in the OpenGWAS IGD collection (data/ukb-b/manifest.tsv)	
ukb-b-5605	ukb-b-5605	Yorkshire pudding intake			/local-scratch/data/opengwas/igd/ukb-b-5605/ukb-b-5605.vcf.gz					GRCh37							unassigned			unavailable		total	analysis_level	64949				all ukb-b traits in the OpenGWAS IGD collection (data/ukb-b/manifest.tsv)	
ukb-b-5608	ukb-b-5608	Operative procedures - secondary OPCS: Z49.2 Skin of axilla			/local-scratch/data/opengwas/igd/ukb-b-5608/ukb-b-5608.vcf.gz					GRCh37							unassigned			unavailable		total	analysis_level	463010				all ukb-b traits in the OpenGWAS IGD collection (data/ukb-b/manifest.tsv)	
ukb-b-5617	ukb-b-5617	Operation code: pilonidal sinus surgery (anal)			/local-scratch/data/opengwas/igd/ukb-b-5617/ukb-b-5617.vcf.gz					GRCh37							unassigned			unavailable		total	analysis_level	462933				all ukb-b traits in the OpenGWAS IGD collection (data/ukb-b/manifest.tsv)	
ukb-b-5620	ukb-b-5620	Nitrogen dioxide air pollution; 2006			/local-scratch/data/opengwas/igd/ukb-b-5620/ukb-b-5620.vcf.gz					GRCh37							unassigned			unavailable		total	analysis_level	456380				all ukb-b traits in the OpenGWAS IGD collection (data/ukb-b/manifest.tsv)	
ukb-b-5627	ukb-b-5627	Scone intake			/local-scratch/data/opengwas/igd/ukb-b-5627/ukb-b-5627.vcf.gz					GRCh37							unassigned			unavailable		total	analysis_level	64949				all ukb-b traits in the OpenGWAS IGD collection (data/ukb-b/manifest.tsv)	
ukb-b-5633	ukb-b-5633	Treatment/medication code: qvar 50 inhaler			/local-scratch/data/opengwas/igd/ukb-b-5633/ukb-b-5633.vcf.gz					GRCh37							unassigned			unavailable		total	analysis_level	462933				all ukb-b traits in the OpenGWAS IGD collection (data/ukb-b/manifest.tsv)	
ukb-b-5640	ukb-b-5640	Pork intake			/local-scratch/data/opengwas/igd/ukb-b-5640/ukb-b-5640.vcf.gz					GRCh37							unassigned			unavailable		total	analysis_level	460162				all ukb-b traits in the OpenGWAS IGD collection (data/ukb-b/manifest.tsv)	
ukb-b-5644	ukb-b-5644	PCT responsible for patient data: ISLINGTON PCT			/local-scratch/data/opengwas/igd/ukb-b-5644/ukb-b-5644.vcf.gz					GRCh37							unassigned			unavailable		total	analysis_level	463010				all ukb-b traits in the OpenGWAS IGD collection (data/ukb-b/manifest.tsv)	
ukb-b-5655	ukb-b-5655	Diagnoses - main ICD10: R42 Dizziness and giddiness			/local-scratch/data/opengwas/igd/ukb-b-5655/ukb-b-5655.vcf.gz					GRCh37							unassigned			unavailable		total	analysis_level	463010				all ukb-b traits in the OpenGWAS IGD collection (data/ukb-b/manifest.tsv)	
ukb-b-5664	ukb-b-5664	Frequency of tenseness / restlessness in last 2 weeks			/local-scratch/data/opengwas/igd/ukb-b-5664/ukb-b-5664.vcf.gz					GRCh37							unassigned			unavailable		total	analysis_level	445194				all ukb-b traits in the OpenGWAS IGD collection (data/ukb-b/manifest.tsv)	
ukb-b-5666	ukb-b-5666	Interpolated Age of participant when operation took place			/local-scratch/data/opengwas/igd/ukb-b-5666/ukb-b-5666.vcf.gz					GRCh37							unassigned			unavailable		total	analysis_level	364083				all ukb-b traits in the OpenGWAS IGD collection (data/ukb-b/manifest.tsv)	
ukb-b-5693	ukb-b-5693	PCT responsible for patient data: HAMPSHIRE PCT			/local-scratch/data/opengwas/igd/ukb-b-5693/ukb-b-5693.vcf.gz					GRCh37							unassigned			unavailable		total	analysis_level	463010				all ukb-b traits in the OpenGWAS IGD collection (data/ukb-b/manifest.tsv)	
ukb-b-57	ukb-b-57	Type of fat/oil used in cooking: Sunflower oil			/local-scratch/data/opengwas/igd/ukb-b-57/ukb-b-57.vcf.gz					GRCh37							unassigned			unavailable		total	analysis_level	64949				all ukb-b traits in the OpenGWAS IGD collection (data/ukb-b/manifest.tsv)	
ukb-b-5705	ukb-b-5705	Operation code: cervix surgery			/local-scratch/data/opengwas/igd/ukb-b-5705/ukb-b-5705.vcf.gz					GRCh37							unassigned			unavailable		total	analysis_level	462933				all ukb-b traits in the OpenGWAS IGD collection (data/ukb-b/manifest.tsv)	
ukb-b-5712	ukb-b-5712	Diagnoses - main ICD10: N95.0 Postmenopausal bleeding			/local-scratch/data/opengwas/igd/ukb-b-5712/ukb-b-5712.vcf.gz					GRCh37							unassigned			unavailable		total	analysis_level	463010				all ukb-b traits in the OpenGWAS IGD collection (data/ukb-b/manifest.tsv)	
ukb-b-5716	ukb-b-5716	Average weekly champagne plus white wine intake			/local-scratch/data/opengwas/igd/ukb-b-5716/ukb-b-5716.vcf.gz					GRCh37							unassigned			unavailable		total	analysis_level	326801				all ukb-b traits in the OpenGWAS IGD collection (data/ukb-b/manifest.tsv)	
ukb-b-5753	ukb-b-5753	Breaded fish intake			/local-scratch/data/opengwas/igd/ukb-b-5753/ukb-b-5753.vcf.gz					GRCh37							unassigned			unavailable		total	analysis_level	64949				all ukb-b traits in the OpenGWAS IGD collection (data/ukb-b/manifest.tsv)	
ukb-b-5759	ukb-b-5759	Treatment speciality of consultant (recoded): Vascular surgery			/local-scratch/data/opengwas/igd/ukb-b-5759/ukb-b-5759.vcf.gz					GRCh37							unassigned			unavailable		total	analysis_level	444074				all ukb-b traits in the OpenGWAS IGD collection (data/ukb-b/manifest.tsv)	
ukb-b-5764	ukb-b-5764	Chest pain felt outside physical activity			/local-scratch/data/opengwas/igd/ukb-b-5764/ukb-b-5764.vcf.gz					GRCh37							unassigned			unavailable		total	analysis_level	69537				all ukb-b traits in the OpenGWAS IGD collection (data/ukb-b/manifest.tsv)	
ukb-b-5776	ukb-b-5776	Daytime dozing / sleeping (narcolepsy)			/local-scratch/data/opengwas/igd/ukb-b-5776/ukb-b-5776.vcf.gz					GRCh37							unassigned			unavailable		total	analysis_level	460913				all ukb-b traits in the OpenGWAS IGD collection (data/ukb-b/manifest.tsv)	
ukb-b-5779	ukb-b-5779	Alcohol intake frequency.			/local-scratch/data/opengwas/igd/ukb-b-5779/ukb-b-5779.vcf.gz					GRCh37							unassigned			unavailable		total	analysis_level	462346				all ukb-b traits in the OpenGWAS IGD collection (data/ukb-b/manifest.tsv)	
ukb-b-5801	ukb-b-5801	Age started wearing glasses or contact lenses			/local-scratch/data/opengwas/igd/ukb-b-5801/ukb-b-5801.vcf.gz					GRCh37							unassigned			unavailable		total	analysis_level	397498				all ukb-b traits in the OpenGWAS IGD collection (data/ukb-b/manifest.tsv)	
ukb-b-5811	ukb-b-5811	Portion size			/local-scratch/data/opengwas/igd/ukb-b-5811/ukb-b-5811.vcf.gz					GRCh37							unassigned			unavailable		total	analysis_level	64949				all ukb-b traits in the OpenGWAS IGD collection (data/ukb-b/manifest.tsv)	
ukb-b-5815	ukb-b-5815	Diagnoses - secondary ICD10: J34.3 Hypertrophy of nasal turbinates			/local-scratch/data/opengwas/igd/ukb-b-5815/ukb-b-5815.vcf.gz					GRCh37							unassigned			unavailable		total	analysis_level	463010				all ukb-b traits in the OpenGWAS IGD collection (data/ukb-b/manifest.tsv)	
ukb-b-5821	ukb-b-5821	Treatment/medication code: oxybutynin			/local-scratch/data/opengwas/igd/ukb-b-5821/ukb-b-5821.vcf.gz					GRCh37							unassigned			unavailable		total	analysis_level	462933				all ukb-b traits in the OpenGWAS IGD collection (data/ukb-b/manifest.tsv)	
ukb-b-5847	ukb-b-5847	Sausage intake			/local-scratch/data/opengwas/igd/ukb-b-5847/ukb-b-5847.vcf.gz					GRCh37							unassigned			unavailable		total	analysis_level	64949				all ukb-b traits in the OpenGWAS IGD collection (data/ukb-b/manifest.tsv)	
ukb-b-5850	ukb-b-5850	Types of spreads/sauces consumed: Cream			/local-scratch/data/opengwas/igd/ukb-b-5850/ukb-b-5850.vcf.gz					GRCh37							unassigned			unavailable		total	analysis_level	64949				all ukb-b traits in the OpenGWAS IGD collection (data/ukb-b/manifest.tsv)	
ukb-b-5855	ukb-b-5855	Carer support indicators: No			/local-scratch/data/opengwas/igd/ukb-b-5855/ukb-b-5855.vcf.gz					GRCh37							unassigned			unavailable		total	analysis_level	54277				all ukb-b traits in the OpenGWAS IGD collection (data/ukb-b/manifest.tsv)	
ukb-b-5863	ukb-b-5863	Skin removed from poultry			/local-scratch/data/opengwas/igd/ukb-b-5863/ukb-b-5863.vcf.gz					GRCh37							unassigned			unavailable		total	analysis_level	14205				all ukb-b traits in the OpenGWAS IGD collection (data/ukb-b/manifest.tsv)	
ukb-b-5867	ukb-b-5867	Intake of artificial sweetener added to tea			/local-scratch/data/opengwas/igd/ukb-b-5867/ukb-b-5867.vcf.gz					GRCh37							unassigned			unavailable		total	analysis_level	64949				all ukb-b traits in the OpenGWAS IGD collection (data/ukb-b/manifest.tsv)	
ukb-b-588	ukb-b-588	Cucumber intake			/local-scratch/data/opengwas/igd/ukb-b-588/ukb-b-588.vcf.gz					GRCh37							unassigned			unavailable		total	analysis_level	64949				all ukb-b traits in the OpenGWAS IGD collection (data/ukb-b/manifest.tsv)	
ukb-b-589	ukb-b-589	Particulate matter air pollution (pm10); 2007			/local-scratch/data/opengwas/igd/ukb-b-589/ukb-b-589.vcf.gz					GRCh37							unassigned			unavailable		total	analysis_level	455314				all ukb-b traits in the OpenGWAS IGD collection (data/ukb-b/manifest.tsv)	
ukb-b-5911	ukb-b-5911	Diagnoses - secondary ICD10: Z88.0 Personal history of allergy to penicillin			/local-scratch/data/opengwas/igd/ukb-b-5911/ukb-b-5911.vcf.gz					GRCh37							unassigned			unavailable		total	analysis_level	463010				all ukb-b traits in the OpenGWAS IGD collection (data/ukb-b/manifest.tsv)	
ukb-b-5935	ukb-b-5935	Operation code: shoulder surgery			/local-scratch/data/opengwas/igd/ukb-b-5935/ukb-b-5935.vcf.gz					GRCh37							unassigned			unavailable		total	analysis_level	462933				all ukb-b traits in the OpenGWAS IGD collection (data/ukb-b/manifest.tsv)	
ukb-b-5942	ukb-b-5942	Illnesses of father: Severe depression			/local-scratch/data/opengwas/igd/ukb-b-5942/ukb-b-5942.vcf.gz					GRCh37							unassigned			unavailable		total	analysis_level	399499				all ukb-b traits in the OpenGWAS IGD collection (data/ukb-b/manifest.tsv)	
ukb-b-5945	ukb-b-5945	Relative age of first facial hair			/local-scratch/data/opengwas/igd/ukb-b-5945/ukb-b-5945.vcf.gz					GRCh37							unassigned			unavailable		total	analysis_level	204568				all ukb-b traits in the OpenGWAS IGD collection (data/ukb-b/manifest.tsv)	
ukb-b-5946	ukb-b-5946	Diagnoses - main ICD10: S82.80 Fractures of other parts of lower leg (closed)			/local-scratch/data/opengwas/igd/ukb-b-5946/ukb-b-5946.vcf.gz					GRCh37							unassigned			unavailable		total	analysis_level	463010				all ukb-b traits in the OpenGWAS IGD collection (data/ukb-b/manifest.tsv)	
ukb-b-5948	ukb-b-5948	Diagnoses - main ICD10: R35 Polyuria			/local-scratch/data/opengwas/igd/ukb-b-5948/ukb-b-5948.vcf.gz					GRCh37							unassigned			unavailable		total	analysis_level	463010				all ukb-b traits in the OpenGWAS IGD collection (data/ukb-b/manifest.tsv)	
ukb-b-5954	ukb-b-5954	Part of a multiple birth			/local-scratch/data/opengwas/igd/ukb-b-5954/ukb-b-5954.vcf.gz					GRCh37							unassigned			unavailable		total	analysis_level	455503				all ukb-b traits in the OpenGWAS IGD collection (data/ukb-b/manifest.tsv)	
ukb-b-5968	ukb-b-5968	Operative procedures - secondary OPCS: Z28.8 Specified large intestine NEC			/local-scratch/data/opengwas/igd/ukb-b-5968/ukb-b-5968.vcf.gz					GRCh37							unassigned			unavailable		total	analysis_level	463010				all ukb-b traits in the OpenGWAS IGD collection (data/ukb-b/manifest.tsv)	
ukb-b-5981	ukb-b-5981	Operation code: removal of rodent ulcer / basal cell carcinoma (bcc)			/local-scratch/data/opengwas/igd/ukb-b-5981/ukb-b-5981.vcf.gz					GRCh37							unassigned			unavailable		total	analysis_level	462933				all ukb-b traits in the OpenGWAS IGD collection (data/ukb-b/manifest.tsv)	
ukb-b-5991	ukb-b-5991	Father's age			/local-scratch/data/opengwas/igd/ukb-b-5991/ukb-b-5991.vcf.gz					GRCh37							unassigned			unavailable		total	analysis_level	103181				all ukb-b traits in the OpenGWAS IGD collection (data/ukb-b/manifest.tsv)	
ukb-b-6011	ukb-b-6011	Duration of fitness test			/local-scratch/data/opengwas/igd/ukb-b-6011/ukb-b-6011.vcf.gz					GRCh37							unassigned			unavailable		total	analysis_level	68426				all ukb-b traits in the OpenGWAS IGD collection (data/ukb-b/manifest.tsv)	
ukb-b-6019	ukb-b-6019	Number of cigarettes previously smoked daily			/local-scratch/data/opengwas/igd/ukb-b-6019/ukb-b-6019.vcf.gz					GRCh37							unassigned			unavailable		total	analysis_level	108946				all ukb-b traits in the OpenGWAS IGD collection (data/ukb-b/manifest.tsv)	
ukb-b-602	ukb-b-602	Garlic bread intake			/local-scratch/data/opengwas/igd/ukb-b-602/ukb-b-602.vcf.gz					GRCh37							unassigned			unavailable		total	analysis_level	64944				all ukb-b traits in the OpenGWAS IGD collection (data/ukb-b/manifest.tsv)	
ukb-b-6026	ukb-b-6026	Diagnoses - main ICD10: M20.1 Hallux valgus (acquired)			/local-scratch/data/opengwas/igd/ukb-b-6026/ukb-b-6026.vcf.gz					GRCh37							unassigned			unavailable		total	analysis_level	463010				all ukb-b traits in the OpenGWAS IGD collection (data/ukb-b/manifest.tsv)	
ukb-b-6027	ukb-b-6027	Heel broadband ultrasound attenuation (right)			/local-scratch/data/opengwas/igd/ukb-b-6027/ukb-b-6027.vcf.gz					GRCh37							unassigned			unavailable		total	analysis_level	146171				all ukb-b traits in the OpenGWAS IGD collection (data/ukb-b/manifest.tsv)	
ukb-b-6031	ukb-b-6031	PCT where patients GP was registered: NORTHUMBERLAND CARE TRUST			/local-scratch/data/opengwas/igd/ukb-b-6031/ukb-b-6031.vcf.gz					GRCh37							unassigned			unavailable		total	analysis_level	463010				all ukb-b traits in the OpenGWAS IGD collection (data/ukb-b/manifest.tsv)	
ukb-b-6044	ukb-b-6044	PCT responsible for patient data: GATESHEAD PCT			/local-scratch/data/opengwas/igd/ukb-b-6044/ukb-b-6044.vcf.gz					GRCh37							unassigned			unavailable		total	analysis_level	463010				all ukb-b traits in the OpenGWAS IGD collection (data/ukb-b/manifest.tsv)	
ukb-b-6063	ukb-b-6063	Reason for not eating or drinking normally: Other reason untypical diet			/local-scratch/data/opengwas/igd/ukb-b-6063/ukb-b-6063.vcf.gz					GRCh37							unassigned			unavailable		total	analysis_level	64949				all ukb-b traits in the OpenGWAS IGD collection (data/ukb-b/manifest.tsv)	
ukb-b-6066	ukb-b-6066	Tea intake			/local-scratch/data/opengwas/igd/ukb-b-6066/ukb-b-6066.vcf.gz					GRCh37							unassigned			unavailable		total	analysis_level	447485				all ukb-b traits in the OpenGWAS IGD collection (data/ukb-b/manifest.tsv)	
ukb-b-6077	ukb-b-6077	Diagnoses - secondary ICD10: N39.0 Urinary tract infection, site not specified			/local-scratch/data/opengwas/igd/ukb-b-6077/ukb-b-6077.vcf.gz					GRCh37							unassigned			unavailable		total	analysis_level	463010				all ukb-b traits in the OpenGWAS IGD collection (data/ukb-b/manifest.tsv)	
ukb-b-6082	ukb-b-6082	Diagnoses - main ICD10: N81.6 Rectocele			/local-scratch/data/opengwas/igd/ukb-b-6082/ukb-b-6082.vcf.gz					GRCh37							unassigned			unavailable		total	analysis_level	463010				all ukb-b traits in the OpenGWAS IGD collection (data/ukb-b/manifest.tsv)	
ukb-b-6087	ukb-b-6087	PCT responsible for patient data: REDCAR AND CLEVELAND PCT			/local-scratch/data/opengwas/igd/ukb-b-6087/ukb-b-6087.vcf.gz					GRCh37							unassigned			unavailable		total	analysis_level	463010				all ukb-b traits in the OpenGWAS IGD collection (data/ukb-b/manifest.tsv)	
ukb-b-6092	ukb-b-6092	Age at cancer diagnosis			/local-scratch/data/opengwas/igd/ukb-b-6092/ukb-b-6092.vcf.gz					GRCh37							unassigned			unavailable		total	analysis_level	73229				all ukb-b traits in the OpenGWAS IGD collection (data/ukb-b/manifest.tsv)	
ukb-b-6105	ukb-b-6105	Treatment/medication code: zopiclone			/local-scratch/data/opengwas/igd/ukb-b-6105/ukb-b-6105.vcf.gz					GRCh37							unassigned			unavailable		total	analysis_level	462933				all ukb-b traits in the OpenGWAS IGD collection (data/ukb-b/manifest.tsv)	
ukb-b-6134	ukb-b-6134	Age completed full time education			/local-scratch/data/opengwas/igd/ukb-b-6134/ukb-b-6134.vcf.gz					GRCh37							unassigned			unavailable		total	analysis_level	307897				all ukb-b traits in the OpenGWAS IGD collection (data/ukb-b/manifest.tsv)	
ukb-b-6140	ukb-b-6140	Type of fat/oil used in cooking: Cooking fat unknown			/local-scratch/data/opengwas/igd/ukb-b-6140/ukb-b-6140.vcf.gz					GRCh37							unassigned			unavailable		total	analysis_level	64949				all ukb-b traits in the OpenGWAS IGD collection (data/ukb-b/manifest.tsv)	
ukb-b-6144	ukb-b-6144	Treatment speciality of consultant (recoded): Geriatric medicine			/local-scratch/data/opengwas/igd/ukb-b-6144/ukb-b-6144.vcf.gz					GRCh37							unassigned			unavailable		total	analysis_level	444271				all ukb-b traits in the OpenGWAS IGD collection (data/ukb-b/manifest.tsv)	
ukb-b-6154	ukb-b-6154	Peach/nectarine intake			/local-scratch/data/opengwas/igd/ukb-b-6154/ukb-b-6154.vcf.gz					GRCh37							unassigned			unavailable		total	analysis_level	64949				all ukb-b traits in the OpenGWAS IGD collection (data/ukb-b/manifest.tsv)	
ukb-b-6164	ukb-b-6164	Operative procedures - main OPCS: H01.2 Emergency excision of abnormal appendix NEC			/local-scratch/data/opengwas/igd/ukb-b-6164/ukb-b-6164.vcf.gz					GRCh37							unassigned			unavailable		total	analysis_level	463010				all ukb-b traits in the OpenGWAS IGD collection (data/ukb-b/manifest.tsv)	
ukb-b-6181	ukb-b-6181	Watercress intake			/local-scratch/data/opengwas/igd/ukb-b-6181/ukb-b-6181.vcf.gz					GRCh37							unassigned			unavailable		total	analysis_level	64949				all ukb-b traits in the OpenGWAS IGD collection (data/ukb-b/manifest.tsv)	
ukb-b-6185	ukb-b-6185	Cheese spread intake			/local-scratch/data/opengwas/igd/ukb-b-6185/ukb-b-6185.vcf.gz					GRCh37							unassigned			unavailable		total	analysis_level	64949				all ukb-b traits in the OpenGWAS IGD collection (data/ukb-b/manifest.tsv)	
ukb-b-621	ukb-b-621	Pulses intake			/local-scratch/data/opengwas/igd/ukb-b-621/ukb-b-621.vcf.gz					GRCh37							unassigned			unavailable		total	analysis_level	64949				all ukb-b traits in the OpenGWAS IGD collection (data/ukb-b/manifest.tsv)	
ukb-b-6214	ukb-b-6214	Doughnut intake			/local-scratch/data/opengwas/igd/ukb-b-6214/ukb-b-6214.vcf.gz					GRCh37							unassigned			unavailable		total	analysis_level	64949				all ukb-b traits in the OpenGWAS IGD collection (data/ukb-b/manifest.tsv)	
ukb-b-6217	ukb-b-6217	Diagnoses - secondary ICD10: I48 Atrial fibrillation and flutter			/local-scratch/data/opengwas/igd/ukb-b-6217/ukb-b-6217.vcf.gz					GRCh37							unassigned			unavailable		total	analysis_level	463010				all ukb-b traits in the OpenGWAS IGD collection (data/ukb-b/manifest.tsv)	
ukb-b-6218	ukb-b-6218	Mango intake			/local-scratch/data/opengwas/igd/ukb-b-6218/ukb-b-6218.vcf.gz					GRCh37							unassigned			unavailable		total	analysis_level	64949				all ukb-b traits in the OpenGWAS IGD collection (data/ukb-b/manifest.tsv)	
ukb-b-622	ukb-b-622	Index of best refractometry result (right)			/local-scratch/data/opengwas/igd/ukb-b-622/ukb-b-622.vcf.gz					GRCh37							unassigned			unavailable		total	analysis_level	99368				all ukb-b traits in the OpenGWAS IGD collection (data/ukb-b/manifest.tsv)	
ukb-b-6220	ukb-b-6220	PCT where patients GP was registered: SUTTON AND MERTON PCT			/local-scratch/data/opengwas/igd/ukb-b-6220/ukb-b-6220.vcf.gz					GRCh37							unassigned			unavailable		total	analysis_level	463010				all ukb-b traits in the OpenGWAS IGD collection (data/ukb-b/manifest.tsv)	
ukb-b-6222	ukb-b-6222	Operative procedures - secondary OPCS: Z94.2 Right sided operation			/local-scratch/data/opengwas/igd/ukb-b-6222/ukb-b-6222.vcf.gz					GRCh37							unassigned			unavailable		total	analysis_level	463010				all ukb-b traits in the OpenGWAS IGD collection (data/ukb-b/manifest.tsv)	
ukb-b-6223	ukb-b-6223	Diagnoses - main ICD10: R10.4 Other and unspecified abdominal pain			/local-scratch/data/opengwas/igd/ukb-b-6223/ukb-b-6223.vcf.gz					GRCh37							unassigned			unavailable		total	analysis_level	463010				all ukb-b traits in the OpenGWAS IGD collection (data/ukb-b/manifest.tsv)	
ukb-b-6230	ukb-b-6230	Operative procedures - main OPCS: M47.4 Urodynamic studies using catheter			/local-scratch/data/opengwas/igd/ukb-b-6230/ukb-b-6230.vcf.gz					GRCh37							unassigned			unavailable		total	analysis_level	463010				all ukb-b traits in the OpenGWAS IGD collection (data/ukb-b/manifest.tsv)	
ukb-b-6235	ukb-b-6235	Operation code: cholecystectomy/gall bladder removal			/local-scratch/data/opengwas/igd/ukb-b-6235/ukb-b-6235.vcf.gz					GRCh37							unassigned			unavailable		total	analysis_level	462933				all ukb-b traits in the OpenGWAS IGD collection (data/ukb-b/manifest.tsv)	
ukb-b-6244	ukb-b-6244	Exposure to tobacco smoke outside home			/local-scratch/data/opengwas/igd/ukb-b-6244/ukb-b-6244.vcf.gz					GRCh37							unassigned			unavailable		total	analysis_level	391502				all ukb-b traits in the OpenGWAS IGD collection (data/ukb-b/manifest.tsv)	
ukb-b-6246	ukb-b-6246	Bread roll intake			/local-scratch/data/opengwas/igd/ukb-b-6246/ukb-b-6246.vcf.gz					GRCh37							unassigned			unavailable		total	analysis_level	64940				all ukb-b traits in the OpenGWAS IGD collection (data/ukb-b/manifest.tsv)	
ukb-b-6248	ukb-b-6248	Operative procedures - secondary OPCS: Y98.3 Radiology of three body areas (or 20-40 minutes)			/local-scratch/data/opengwas/igd/ukb-b-6248/ukb-b-6248.vcf.gz					GRCh37							unassigned			unavailable		total	analysis_level	463010				all ukb-b traits in the OpenGWAS IGD collection (data/ukb-b/manifest.tsv)	
ukb-b-6251	ukb-b-6251	3mm regularity index (right)			/local-scratch/data/opengwas/igd/ukb-b-6251/ukb-b-6251.vcf.gz					GRCh37							unassigned			unavailable		total	analysis_level	94284				all ukb-b traits in the OpenGWAS IGD collection (data/ukb-b/manifest.tsv)	
ukb-b-6266	ukb-b-6266	Operation code: cataract extraction/lens implant			/local-scratch/data/opengwas/igd/ukb-b-6266/ukb-b-6266.vcf.gz					GRCh37							unassigned			unavailable		total	analysis_level	462933				all ukb-b traits in the OpenGWAS IGD collection (data/ukb-b/manifest.tsv)	
ukb-b-6267	ukb-b-6267	Destinations on discharge from hospital (recoded): Transfer within NHS provider: Medical specialty			/local-scratch/data/opengwas/igd/ukb-b-6267/ukb-b-6267.vcf.gz					GRCh37							unassigned			unavailable		total	analysis_level	460756				all ukb-b traits in the OpenGWAS IGD collection (data/ukb-b/manifest.tsv)	
ukb-b-6295	ukb-b-6295	Diagnoses - secondary ICD10: Z03.4 Observation for suspected myocardial infarction			/local-scratch/data/opengwas/igd/ukb-b-6295/ukb-b-6295.vcf.gz					GRCh37							unassigned			unavailable		total	analysis_level	463010				all ukb-b traits in the OpenGWAS IGD collection (data/ukb-b/manifest.tsv)	
ukb-b-6298	ukb-b-6298	Oatcakes intake			/local-scratch/data/opengwas/igd/ukb-b-6298/ukb-b-6298.vcf.gz					GRCh37							unassigned			unavailable		total	analysis_level	64949				all ukb-b traits in the OpenGWAS IGD collection (data/ukb-b/manifest.tsv)	
ukb-b-6306	ukb-b-6306	Overall health rating			/local-scratch/data/opengwas/igd/ukb-b-6306/ukb-b-6306.vcf.gz					GRCh37							unassigned			unavailable		total	analysis_level	460844				all ukb-b traits in the OpenGWAS IGD collection (data/ukb-b/manifest.tsv)	
ukb-b-6324	ukb-b-6324	Processed meat intake			/local-scratch/data/opengwas/igd/ukb-b-6324/ukb-b-6324.vcf.gz					GRCh37							unassigned			unavailable		total	analysis_level	461981				all ukb-b traits in the OpenGWAS IGD collection (data/ukb-b/manifest.tsv)	
ukb-b-6330	ukb-b-6330	Diagnoses - main ICD10: O80.0 Spontaneous vertex delivery			/local-scratch/data/opengwas/igd/ukb-b-6330/ukb-b-6330.vcf.gz					GRCh37							unassigned			unavailable		total	analysis_level	463010				all ukb-b traits in the OpenGWAS IGD collection (data/ukb-b/manifest.tsv)	
ukb-b-6351	ukb-b-6351	Treatment speciality of consultant (recoded): Cardiac surgery			/local-scratch/data/opengwas/igd/ukb-b-6351/ukb-b-6351.vcf.gz					GRCh37							unassigned			unavailable		total	analysis_level	443978				all ukb-b traits in the OpenGWAS IGD collection (data/ukb-b/manifest.tsv)	
ukb-b-6352	ukb-b-6352	Type of cancer: ICD10: C50.4 Upper-outer quadrant of breast			/local-scratch/data/opengwas/igd/ukb-b-6352/ukb-b-6352.vcf.gz					GRCh37							unassigned			unavailable		total	analysis_level	463010				all ukb-b traits in the OpenGWAS IGD collection (data/ukb-b/manifest.tsv)	
ukb-b-6353	ukb-b-6353	Reason for glasses/contact lenses: For short-sightedness, i.e. only or mainly for distance viewing such as driving, cinema etc (called 'myopia')			/local-scratch/data/opengwas/igd/ukb-b-6353/ukb-b-6353.vcf.gz					GRCh37							unassigned			unavailable		total	analysis_level	460536				all ukb-b traits in the OpenGWAS IGD collection (data/ukb-b/manifest.tsv)	
ukb-b-6354	ukb-b-6354	Operation code: endoscopy / gastroscopy			/local-scratch/data/opengwas/igd/ukb-b-6354/ukb-b-6354.vcf.gz					GRCh37							unassigned			unavailable		total	analysis_level	462933				all ukb-b traits in the OpenGWAS IGD collection (data/ukb-b/manifest.tsv)	
ukb-b-6358	ukb-b-6358	Non-cancer illness code, self-reported: stroke			/local-scratch/data/opengwas/igd/ukb-b-6358/ukb-b-6358.vcf.gz					GRCh37							unassigned			unavailable		total	analysis_level	462933				all ukb-b traits in the OpenGWAS IGD collection (data/ukb-b/manifest.tsv)	
ukb-b-6373	ukb-b-6373	Liver intake			/local-scratch/data/opengwas/igd/ukb-b-6373/ukb-b-6373.vcf.gz					GRCh37							unassigned			unavailable		total	analysis_level	64944				all ukb-b traits in the OpenGWAS IGD collection (data/ukb-b/manifest.tsv)	
ukb-b-6392	ukb-b-6392	Longest period of unenthusiasm / disinterest			/local-scratch/data/opengwas/igd/ukb-b-6392/ukb-b-6392.vcf.gz					GRCh37							unassigned			unavailable		total	analysis_level	41182				all ukb-b traits in the OpenGWAS IGD collection (data/ukb-b/manifest.tsv)	
ukb-b-6400	ukb-b-6400	PCT where patients GP was registered: CALDERDALE PCT			/local-scratch/data/opengwas/igd/ukb-b-6400/ukb-b-6400.vcf.gz					GRCh37							unassigned			unavailable		total	analysis_level	463010				all ukb-b traits in the OpenGWAS IGD collection (data/ukb-b/manifest.tsv)	
ukb-b-6412	ukb-b-6412	Number of stillbirths			/local-scratch/data/opengwas/igd/ukb-b-6412/ukb-b-6412.vcf.gz					GRCh37							unassigned			unavailable		total	analysis_level	78879				all ukb-b traits in the OpenGWAS IGD collection (data/ukb-b/manifest.tsv)	
ukb-b-6413	ukb-b-6413	Diagnoses - secondary ICD10: N73.6 Female pelvic peritoneal adhesions			/local-scratch/data/opengwas/igd/ukb-b-6413/ukb-b-6413.vcf.gz					GRCh37							unassigned			unavailable		total	analysis_level	463010				all ukb-b traits in the OpenGWAS IGD collection (data/ukb-b/manifest.tsv)	
ukb-b-6414	ukb-b-6414	PCT where patients GP was registered: TRAFFORD NORTH PCT			/local-scratch/data/opengwas/igd/ukb-b-6414/ukb-b-6414.vcf.gz					GRCh37							unassigned			unavailable		total	analysis_level	463010				all ukb-b traits in the OpenGWAS IGD collection (data/ukb-b/manifest.tsv)	
ukb-b-6415	ukb-b-6415	Treatment/medication code: lactulose product			/local-scratch/data/opengwas/igd/ukb-b-6415/ukb-b-6415.vcf.gz					GRCh37							unassigned			unavailable		total	analysis_level	462933				all ukb-b traits in the OpenGWAS IGD collection (data/ukb-b/manifest.tsv)	
ukb-b-6429	ukb-b-6429	PCT where patients GP was registered: NORTH SHEFFIELD PCT			/local-scratch/data/opengwas/igd/ukb-b-6429/ukb-b-6429.vcf.gz					GRCh37							unassigned			unavailable		total	analysis_level	463010				all ukb-b traits in the OpenGWAS IGD collection (data/ukb-b/manifest.tsv)	
ukb-b-6441	ukb-b-6441	Diagnoses - secondary ICD10: R55 Syncope and collapse			/local-scratch/data/opengwas/igd/ukb-b-6441/ukb-b-6441.vcf.gz					GRCh37							unassigned			unavailable		total	analysis_level	463010				all ukb-b traits in the OpenGWAS IGD collection (data/ukb-b/manifest.tsv)	
ukb-b-6445	ukb-b-6445	Ever had hysterectomy (womb removed)			/local-scratch/data/opengwas/igd/ukb-b-6445/ukb-b-6445.vcf.gz					GRCh37							unassigned			unavailable		total	analysis_level	221697				all ukb-b traits in the OpenGWAS IGD collection (data/ukb-b/manifest.tsv)	
ukb-b-6448	ukb-b-6448	Type of sliced bread eaten: mixed			/local-scratch/data/opengwas/igd/ukb-b-6448/ukb-b-6448.vcf.gz					GRCh37							unassigned			unavailable		total	analysis_level	64949				all ukb-b traits in the OpenGWAS IGD collection (data/ukb-b/manifest.tsv)	
ukb-b-645	ukb-b-645	6mm strong meridian (left)			/local-scratch/data/opengwas/igd/ukb-b-645/ukb-b-645.vcf.gz					GRCh37							unassigned			unavailable		total	analysis_level	83410				all ukb-b traits in the OpenGWAS IGD collection (data/ukb-b/manifest.tsv)	
ukb-b-6458	ukb-b-6458	Mouth/teeth dental problems: Mouth ulcers			/local-scratch/data/opengwas/igd/ukb-b-6458/ukb-b-6458.vcf.gz					GRCh37							unassigned			unavailable		total	analysis_level	461113				all ukb-b traits in the OpenGWAS IGD collection (data/ukb-b/manifest.tsv)	
ukb-b-6474	ukb-b-6474	Treatment/medication code: ezetimibe			/local-scratch/data/opengwas/igd/ukb-b-6474/ukb-b-6474.vcf.gz					GRCh37							unassigned			unavailable		total	analysis_level	462933				all ukb-b traits in the OpenGWAS IGD collection (data/ukb-b/manifest.tsv)	
ukb-b-6500	ukb-b-6500	Pancake intake			/local-scratch/data/opengwas/igd/ukb-b-6500/ukb-b-6500.vcf.gz					GRCh37							unassigned			unavailable		total	analysis_level	64949				all ukb-b traits in the OpenGWAS IGD collection (data/ukb-b/manifest.tsv)	
ukb-b-6503	ukb-b-6503	Systolic blood pressure, manual reading			/local-scratch/data/opengwas/igd/ukb-b-6503/ukb-b-6503.vcf.gz					GRCh37							unassigned			unavailable		total	analysis_level	39749				all ukb-b traits in the OpenGWAS IGD collection (data/ukb-b/manifest.tsv)	
ukb-b-6504	ukb-b-6504	PCT where patients GP was registered: AMBER VALLEY PCT			/local-scratch/data/opengwas/igd/ukb-b-6504/ukb-b-6504.vcf.gz					GRCh37							unassigned			unavailable		total	analysis_level	463010				all ukb-b traits in the OpenGWAS IGD collection (data/ukb-b/manifest.tsv)	
ukb-b-6514	ukb-b-6514	Non-cancer illness code, self-reported: hiatus hernia			/local-scratch/data/opengwas/igd/ukb-b-6514/ukb-b-6514.vcf.gz					GRCh37							unassigned			unavailable		total	analysis_level	462933				all ukb-b traits in the OpenGWAS IGD collection (data/ukb-b/manifest.tsv)	
ukb-b-6515	ukb-b-6515	Time since last prostate specific antigen (PSA) test			/local-scratch/data/opengwas/igd/ukb-b-6515/ukb-b-6515.vcf.gz					GRCh37							unassigned			unavailable		total	analysis_level	46104				all ukb-b traits in the OpenGWAS IGD collection (data/ukb-b/manifest.tsv)	
ukb-b-6517	ukb-b-6517	Diagnoses - secondary ICD10: R31 Unspecified haematuria			/local-scratch/data/opengwas/igd/ukb-b-6517/ukb-b-6517.vcf.gz					GRCh37							unassigned			unavailable		total	analysis_level	463010				all ukb-b traits in the OpenGWAS IGD collection (data/ukb-b/manifest.tsv)	
ukb-b-6519	ukb-b-6519	Worrier / anxious feelings			/local-scratch/data/opengwas/igd/ukb-b-6519/ukb-b-6519.vcf.gz					GRCh37							unassigned			unavailable		total	analysis_level	450765				all ukb-b traits in the OpenGWAS IGD collection (data/ukb-b/manifest.tsv)	
ukb-b-6528	ukb-b-6528	Diagnoses - secondary ICD10: D25.9 Leiomyoma of uterus, unspecified			/local-scratch/data/opengwas/igd/ukb-b-6528/ukb-b-6528.vcf.gz					GRCh37							unassigned			unavailable		total	analysis_level	463010				all ukb-b traits in the OpenGWAS IGD collection (data/ukb-b/manifest.tsv)	
ukb-b-6538	ukb-b-6538	Treatment/medication code: mirtazapine			/local-scratch/data/opengwas/igd/ukb-b-6538/ukb-b-6538.vcf.gz					GRCh37							unassigned			unavailable		total	analysis_level	462933				all ukb-b traits in the OpenGWAS IGD collection (data/ukb-b/manifest.tsv)	
ukb-b-6539	ukb-b-6539	Treatment/medication code: minerals - magnesium			/local-scratch/data/opengwas/igd/ukb-b-6539/ukb-b-6539.vcf.gz					GRCh37							unassigned			unavailable		total	analysis_level	462933				all ukb-b traits in the OpenGWAS IGD collection (data/ukb-b/manifest.tsv)	
ukb-b-6540	ukb-b-6540	PCT responsible for patient data: NEWCASTLE PCT			/local-scratch/data/opengwas/igd/ukb-b-6540/ukb-b-6540.vcf.gz					GRCh37							unassigned			unavailable		total	analysis_level	463010				all ukb-b traits in the OpenGWAS IGD collection (data/ukb-b/manifest.tsv)	
ukb-b-6541	ukb-b-6541	Main speciality of consultant (recoded): General surgery			/local-scratch/data/opengwas/igd/ukb-b-6541/ukb-b-6541.vcf.gz					GRCh37							unassigned			unavailable		total	analysis_level	461949				all ukb-b traits in the OpenGWAS IGD collection (data/ukb-b/manifest.tsv)	
ukb-b-6543	ukb-b-6543	Operative procedures - secondary OPCS: E04.1 Submucous diathermy to turbinate of nose			/local-scratch/data/opengwas/igd/ukb-b-6543/ukb-b-6543.vcf.gz					GRCh37							unassigned			unavailable		total	analysis_level	463010				all ukb-b traits in the OpenGWAS IGD collection (data/ukb-b/manifest.tsv)	
ukb-b-6547	ukb-b-6547	PCT where patients GP was registered: BURY PCT			/local-scratch/data/opengwas/igd/ukb-b-6547/ukb-b-6547.vcf.gz					GRCh37							unassigned			unavailable		total	analysis_level	463010				all ukb-b traits in the OpenGWAS IGD collection (data/ukb-b/manifest.tsv)	
ukb-b-6548	ukb-b-6548	Illnesses of mother: Parkinson's disease			/local-scratch/data/opengwas/igd/ukb-b-6548/ukb-b-6548.vcf.gz					GRCh37							unassigned			unavailable		total	analysis_level	422464				all ukb-b traits in the OpenGWAS IGD collection (data/ukb-b/manifest.tsv)	
ukb-b-6549	ukb-b-6549	Treatment/medication code: calcium+vitamin d 500units tablet			/local-scratch/data/opengwas/igd/ukb-b-6549/ukb-b-6549.vcf.gz					GRCh37							unassigned			unavailable		total	analysis_level	462933				all ukb-b traits in the OpenGWAS IGD collection (data/ukb-b/manifest.tsv)	
ukb-b-6551	ukb-b-6551	Operative procedures - main OPCS: W15.1 Osteotomy of neck of first metatarsal bone			/local-scratch/data/opengwas/igd/ukb-b-6551/ukb-b-6551.vcf.gz					GRCh37							unassigned			unavailable		total	analysis_level	463010				all ukb-b traits in the OpenGWAS IGD collection (data/ukb-b/manifest.tsv)	
ukb-b-6562	ukb-b-6562	Diagnoses - main ICD10: R06.0 Dyspnoea			/local-scratch/data/opengwas/igd/ukb-b-6562/ukb-b-6562.vcf.gz					GRCh37							unassigned			unavailable		total	analysis_level	463010				all ukb-b traits in the OpenGWAS IGD collection (data/ukb-b/manifest.tsv)	
ukb-b-6569	ukb-b-6569	PCT where patients GP was registered: HEYWOOD, MIDDLETON AND ROCHDALE PCT			/local-scratch/data/opengwas/igd/ukb-b-6569/ukb-b-6569.vcf.gz					GRCh37							unassigned			unavailable		total	analysis_level	463010				all ukb-b traits in the OpenGWAS IGD collection (data/ukb-b/manifest.tsv)	
ukb-b-657	ukb-b-657	Operation code: dilatation and curettage/d+c			/local-scratch/data/opengwas/igd/ukb-b-657/ukb-b-657.vcf.gz					GRCh37							unassigned			unavailable		total	analysis_level	462933				all ukb-b traits in the OpenGWAS IGD collection (data/ukb-b/manifest.tsv)	
ukb-b-6576	ukb-b-6576	Diagnoses - main ICD10: J18.1 Lobar pneumonia, unspecified			/local-scratch/data/opengwas/igd/ukb-b-6576/ukb-b-6576.vcf.gz					GRCh37							unassigned			unavailable		total	analysis_level	463010				all ukb-b traits in the OpenGWAS IGD collection (data/ukb-b/manifest.tsv)	
ukb-b-6591	ukb-b-6591	Age first had sexual intercourse			/local-scratch/data/opengwas/igd/ukb-b-6591/ukb-b-6591.vcf.gz					GRCh37							unassigned			unavailable		total	analysis_level	406457				all ukb-b traits in the OpenGWAS IGD collection (data/ukb-b/manifest.tsv)	
ukb-b-660	ukb-b-660	Number of self-reported cancers			/local-scratch/data/opengwas/igd/ukb-b-660/ukb-b-660.vcf.gz					GRCh37							unassigned			unavailable		total	analysis_level	462925				all ukb-b traits in the OpenGWAS IGD collection (data/ukb-b/manifest.tsv)	
ukb-b-6608	ukb-b-6608	Diagnoses - main ICD10: R10.1 Pain localised to upper abdomen			/local-scratch/data/opengwas/igd/ukb-b-6608/ukb-b-6608.vcf.gz					GRCh37							unassigned			unavailable		total	analysis_level	463010				all ukb-b traits in the OpenGWAS IGD collection (data/ukb-b/manifest.tsv)	
ukb-b-6614	ukb-b-6614	Treatment speciality of consultant (recoded): Thoracic medicine			/local-scratch/data/opengwas/igd/ukb-b-6614/ukb-b-6614.vcf.gz					GRCh37							unassigned			unavailable		total	analysis_level	444439				all ukb-b traits in the OpenGWAS IGD collection (data/ukb-b/manifest.tsv)	
ukb-b-6615	ukb-b-6615	PCT where patients GP was registered: BERKSHIRE EAST PCT			/local-scratch/data/opengwas/igd/ukb-b-6615/ukb-b-6615.vcf.gz					GRCh37							unassigned			unavailable		total	analysis_level	463010				all ukb-b traits in the OpenGWAS IGD collection (data/ukb-b/manifest.tsv)	
ukb-b-6616	ukb-b-6616	Diagnoses - secondary ICD10: K26.9 Unspecified as acute or chronic, without haemorrhage or perforation			/local-scratch/data/opengwas/igd/ukb-b-6616/ukb-b-6616.vcf.gz					GRCh37							unassigned			unavailable		total	analysis_level	463010				all ukb-b traits in the OpenGWAS IGD collection (data/ukb-b/manifest.tsv)	
ukb-b-6633	ukb-b-6633	Non-cancer illness code, self-reported: other renal/kidney problem			/local-scratch/data/opengwas/igd/ukb-b-6633/ukb-b-6633.vcf.gz					GRCh37							unassigned			unavailable		total	analysis_level	462933				all ukb-b traits in the OpenGWAS IGD collection (data/ukb-b/manifest.tsv)	
ukb-b-6634	ukb-b-6634	PCT where patients GP was registered: WANDSWORTH PCT			/local-scratch/data/opengwas/igd/ukb-b-6634/ukb-b-6634.vcf.gz					GRCh37							unassigned			unavailable		total	analysis_level	463010				all ukb-b traits in the OpenGWAS IGD collection (data/ukb-b/manifest.tsv)	
ukb-b-6650	ukb-b-6650	Treatment/medication code: adalat 5mg capsule			/local-scratch/data/opengwas/igd/ukb-b-6650/ukb-b-6650.vcf.gz					GRCh37							unassigned			unavailable		total	analysis_level	462933				all ukb-b traits in the OpenGWAS IGD collection (data/ukb-b/manifest.tsv)	
ukb-b-6652	ukb-b-6652	Treatment speciality of consultant (recoded): Respiratory Medicine			/local-scratch/data/opengwas/igd/ukb-b-6652/ukb-b-6652.vcf.gz					GRCh37							unassigned			unavailable		total	analysis_level	443925				all ukb-b traits in the OpenGWAS IGD collection (data/ukb-b/manifest.tsv)	
ukb-b-6666	ukb-b-6666	Operative procedures - main OPCS: A55.9 Unspecified diagnostic spinal puncture			/local-scratch/data/opengwas/igd/ukb-b-6666/ukb-b-6666.vcf.gz					GRCh37							unassigned			unavailable		total	analysis_level	463010				all ukb-b traits in the OpenGWAS IGD collection (data/ukb-b/manifest.tsv)	
ukb-b-67	ukb-b-67	Carer support indicators: Yes			/local-scratch/data/opengwas/igd/ukb-b-67/ukb-b-67.vcf.gz					GRCh37							unassigned			unavailable		total	analysis_level	25191				all ukb-b traits in the OpenGWAS IGD collection (data/ukb-b/manifest.tsv)	
ukb-b-6704	ukb-b-6704	Arm fat mass (right)			/local-scratch/data/opengwas/igd/ukb-b-6704/ukb-b-6704.vcf.gz					GRCh37							unassigned			unavailable		total	analysis_level	454757				all ukb-b traits in the OpenGWAS IGD collection (data/ukb-b/manifest.tsv)	
ukb-b-671	ukb-b-671	Interpolated Year when operation took place			/local-scratch/data/opengwas/igd/ukb-b-671/ukb-b-671.vcf.gz					GRCh37							unassigned			unavailable		total	analysis_level	364083				all ukb-b traits in the OpenGWAS IGD collection (data/ukb-b/manifest.tsv)	
ukb-b-6716	ukb-b-6716	Diagnoses - main ICD10: K29.5 Chronic gastritis, unspecified			/local-scratch/data/opengwas/igd/ukb-b-6716/ukb-b-6716.vcf.gz					GRCh37							unassigned			unavailable		total	analysis_level	463010				all ukb-b traits in the OpenGWAS IGD collection (data/ukb-b/manifest.tsv)	
ukb-b-6720	ukb-b-6720	Diagnoses - main ICD10: I83.9 Varicose veins of lower extremities without ulcer or inflammation			/local-scratch/data/opengwas/igd/ukb-b-6720/ukb-b-6720.vcf.gz					GRCh37							unassigned			unavailable		total	analysis_level	463010				all ukb-b traits in the OpenGWAS IGD collection (data/ukb-b/manifest.tsv)	
ukb-b-6721	ukb-b-6721	Diagnoses - main ICD10: K60.3 Anal fistula			/local-scratch/data/opengwas/igd/ukb-b-6721/ukb-b-6721.vcf.gz					GRCh37							unassigned			unavailable		total	analysis_level	463010				all ukb-b traits in the OpenGWAS IGD collection (data/ukb-b/manifest.tsv)	
ukb-b-6725	ukb-b-6725	Operative procedures - main OPCS: W58.1 Primary resurfacing arthroplasty of joint			/local-scratch/data/opengwas/igd/ukb-b-6725/ukb-b-6725.vcf.gz					GRCh37							unassigned			unavailable		total	analysis_level	463010				all ukb-b traits in the OpenGWAS IGD collection (data/ukb-b/manifest.tsv)	
ukb-b-6727	ukb-b-6727	Methods of discharge from hospital (recoded): Discharged on clinical advice/consent: From inpatient/daycase care			/local-scratch/data/opengwas/igd/ukb-b-6727/ukb-b-6727.vcf.gz					GRCh37							unassigned			unavailable		total	analysis_level	462280				all ukb-b traits in the OpenGWAS IGD collection (data/ukb-b/manifest.tsv)	
ukb-b-6740	ukb-b-6740	Current employment status: In paid employment or self-employed			/local-scratch/data/opengwas/igd/ukb-b-6740/ukb-b-6740.vcf.gz					GRCh37							unassigned			unavailable		total	analysis_level	461242				all ukb-b traits in the OpenGWAS IGD collection (data/ukb-b/manifest.tsv)	
ukb-b-6748	ukb-b-6748	Current employment status: None of the above			/local-scratch/data/opengwas/igd/ukb-b-6748/ukb-b-6748.vcf.gz					GRCh37							unassigned			unavailable		total	analysis_level	461242				all ukb-b traits in the OpenGWAS IGD collection (data/ukb-b/manifest.tsv)	
ukb-b-676	ukb-b-676	Operative procedures - secondary OPCS: J43.9 Unspecified diagnostic endoscopic retrograde examination of bile duct and pancreatic duct			/local-scratch/data/opengwas/igd/ukb-b-676/ukb-b-676.vcf.gz					GRCh37							unassigned			unavailable		total	analysis_level	463010				all ukb-b traits in the OpenGWAS IGD collection (data/ukb-b/manifest.tsv)	
ukb-b-6762	ukb-b-6762	PCT where patients GP was registered: NOTTINGHAM CITY PCT			/local-scratch/data/opengwas/igd/ukb-b-6762/ukb-b-6762.vcf.gz					GRCh37							unassigned			unavailable		total	analysis_level	463010				all ukb-b traits in the OpenGWAS IGD collection (data/ukb-b/manifest.tsv)	
ukb-b-677	ukb-b-677	Diagnoses - main ICD10: K43.9 Ventral hernia without obstruction or gangrene			/local-scratch/data/opengwas/igd/ukb-b-677/ukb-b-677.vcf.gz					GRCh37							unassigned			unavailable		total	analysis_level	463010				all ukb-b traits in the OpenGWAS IGD collection (data/ukb-b/manifest.tsv)	
ukb-b-6772	ukb-b-6772	Operation code: removal of mole/skin lesion			/local-scratch/data/opengwas/igd/ukb-b-6772/ukb-b-6772.vcf.gz					GRCh37							unassigned			unavailable		total	analysis_level	462933				all ukb-b traits in the OpenGWAS IGD collection (data/ukb-b/manifest.tsv)	
ukb-b-6779	ukb-b-6779	Diagnoses - main ICD10: K59.0 Constipation			/local-scratch/data/opengwas/igd/ukb-b-6779/ukb-b-6779.vcf.gz					GRCh37							unassigned			unavailable		total	analysis_level	463010				all ukb-b traits in the OpenGWAS IGD collection (data/ukb-b/manifest.tsv)	
ukb-b-6798	ukb-b-6798	Operative procedures - main OPCS: A52.1 Therapeutic lumbar epidural injection			/local-scratch/data/opengwas/igd/ukb-b-6798/ukb-b-6798.vcf.gz					GRCh37							unassigned			unavailable		total	analysis_level	463010				all ukb-b traits in the OpenGWAS IGD collection (data/ukb-b/manifest.tsv)	
ukb-b-6806	ukb-b-6806	Destinations on discharge from hospital (recoded): Transfer within NHS provider: Surgical specialty			/local-scratch/data/opengwas/igd/ukb-b-6806/ukb-b-6806.vcf.gz					GRCh37							unassigned			unavailable		total	analysis_level	460756				all ukb-b traits in the OpenGWAS IGD collection (data/ukb-b/manifest.tsv)	
ukb-b-6811	ukb-b-6811	Time spent outdoors in winter			/local-scratch/data/opengwas/igd/ukb-b-6811/ukb-b-6811.vcf.gz					GRCh37							unassigned			unavailable		total	analysis_level	364465				all ukb-b traits in the OpenGWAS IGD collection (data/ukb-b/manifest.tsv)	
ukb-b-6824	ukb-b-6824	Diagnoses - secondary ICD10: K62.5 Haemorrhage of anus and rectum			/local-scratch/data/opengwas/igd/ukb-b-6824/ukb-b-6824.vcf.gz					GRCh37							unassigned			unavailable		total	analysis_level	463010				all ukb-b traits in the OpenGWAS IGD collection (data/ukb-b/manifest.tsv)	
ukb-b-6826	ukb-b-6826	Diagnoses - secondary ICD10: Z13.8 Special screening examination for other specified diseases and disorders			/local-scratch/data/opengwas/igd/ukb-b-6826/ukb-b-6826.vcf.gz					GRCh37							unassigned			unavailable		total	analysis_level	463010				all ukb-b traits in the OpenGWAS IGD collection (data/ukb-b/manifest.tsv)	
ukb-b-6834	ukb-b-6834	Treatment/medication code: gabapentin			/local-scratch/data/opengwas/igd/ukb-b-6834/ukb-b-6834.vcf.gz					GRCh37							unassigned			unavailable		total	analysis_level	462933				all ukb-b traits in the OpenGWAS IGD collection (data/ukb-b/manifest.tsv)	
ukb-b-6848	ukb-b-6848	Ever depressed for a whole week			/local-scratch/data/opengwas/igd/ukb-b-6848/ukb-b-6848.vcf.gz					GRCh37							unassigned			unavailable		total	analysis_level	149899				all ukb-b traits in the OpenGWAS IGD collection (data/ukb-b/manifest.tsv)	
ukb-b-6849	ukb-b-6849	PCT where patients GP was registered: DARLINGTON PCT			/local-scratch/data/opengwas/igd/ukb-b-6849/ukb-b-6849.vcf.gz					GRCh37							unassigned			unavailable		total	analysis_level	463010				all ukb-b traits in the OpenGWAS IGD collection (data/ukb-b/manifest.tsv)	
ukb-b-6852	ukb-b-6852	3mm strong meridian (right)			/local-scratch/data/opengwas/igd/ukb-b-6852/ukb-b-6852.vcf.gz					GRCh37							unassigned			unavailable		total	analysis_level	96007				all ukb-b traits in the OpenGWAS IGD collection (data/ukb-b/manifest.tsv)	
ukb-b-686	ukb-b-686	Diagnoses - main ICD10: K35.9 Acute appendicitis, unspecified			/local-scratch/data/opengwas/igd/ukb-b-686/ukb-b-686.vcf.gz					GRCh37							unassigned			unavailable		total	analysis_level	463010				all ukb-b traits in the OpenGWAS IGD collection (data/ukb-b/manifest.tsv)	
ukb-b-6863	ukb-b-6863	Operation code: caesarean section / caesarian section			/local-scratch/data/opengwas/igd/ukb-b-6863/ukb-b-6863.vcf.gz					GRCh37							unassigned			unavailable		total	analysis_level	462933				all ukb-b traits in the OpenGWAS IGD collection (data/ukb-b/manifest.tsv)	
ukb-b-6873	ukb-b-6873	PCT responsible for patient data: WESTERN CHESHIRE PCT			/local-scratch/data/opengwas/igd/ukb-b-6873/ukb-b-6873.vcf.gz					GRCh37							unassigned			unavailable		total	analysis_level	463010				all ukb-b traits in the OpenGWAS IGD collection (data/ukb-b/manifest.tsv)	
ukb-b-6885	ukb-b-6885	Types of spread used on bread/crackers: Spreadable butter on bread/crackers			/local-scratch/data/opengwas/igd/ukb-b-6885/ukb-b-6885.vcf.gz					GRCh37							unassigned			unavailable		total	analysis_level	64949				all ukb-b traits in the OpenGWAS IGD collection (data/ukb-b/manifest.tsv)	
ukb-b-6888	ukb-b-6888	Vitamin E			/local-scratch/data/opengwas/igd/ukb-b-6888/ukb-b-6888.vcf.gz					GRCh37							unassigned			unavailable		total	analysis_level	64979				all ukb-b traits in the OpenGWAS IGD collection (data/ukb-b/manifest.tsv)	
ukb-b-6891	ukb-b-6891	Number of triplets attempted (left)			/local-scratch/data/opengwas/igd/ukb-b-6891/ukb-b-6891.vcf.gz					GRCh37							unassigned			unavailable		total	analysis_level	150110				all ukb-b traits in the OpenGWAS IGD collection (data/ukb-b/manifest.tsv)	
ukb-b-69	ukb-b-69	Non-cancer illness code, self-reported: chronic sinusitis			/local-scratch/data/opengwas/igd/ukb-b-69/ukb-b-69.vcf.gz					GRCh37							unassigned			unavailable		total	analysis_level	462933				all ukb-b traits in the OpenGWAS IGD collection (data/ukb-b/manifest.tsv)	
ukb-b-6906	ukb-b-6906	Non-cancer illness code, self-reported: mania/bipolar disorder/manic depression			/local-scratch/data/opengwas/igd/ukb-b-6906/ukb-b-6906.vcf.gz					GRCh37							unassigned			unavailable		total	analysis_level	462933				all ukb-b traits in the OpenGWAS IGD collection (data/ukb-b/manifest.tsv)	
ukb-b-6911	ukb-b-6911	Treatment/medication code: diclofenac			/local-scratch/data/opengwas/igd/ukb-b-6911/ukb-b-6911.vcf.gz					GRCh37							unassigned			unavailable		total	analysis_level	462933				all ukb-b traits in the OpenGWAS IGD collection (data/ukb-b/manifest.tsv)	
ukb-b-6951	ukb-b-6951	Treatment speciality of consultant (recoded): Cardiothoracic surgery			/local-scratch/data/opengwas/igd/ukb-b-6951/ukb-b-6951.vcf.gz					GRCh37							unassigned			unavailable		total	analysis_level	444235				all ukb-b traits in the OpenGWAS IGD collection (data/ukb-b/manifest.tsv)	
ukb-b-698	ukb-b-698	How are people in household related to participant: Husband, wife or partner			/local-scratch/data/opengwas/igd/ukb-b-698/ukb-b-698.vcf.gz					GRCh37							unassigned			unavailable		total	analysis_level	459600				all ukb-b traits in the OpenGWAS IGD collection (data/ukb-b/manifest.tsv)	
ukb-b-6987	ukb-b-6987	PCT where patients GP was registered: SOUTH STOKE PCT			/local-scratch/data/opengwas/igd/ukb-b-6987/ukb-b-6987.vcf.gz					GRCh37							unassigned			unavailable		total	analysis_level	463010				all ukb-b traits in the OpenGWAS IGD collection (data/ukb-b/manifest.tsv)	
ukb-b-6989	ukb-b-6989	Type of baguette eaten: white			/local-scratch/data/opengwas/igd/ukb-b-6989/ukb-b-6989.vcf.gz					GRCh37							unassigned			unavailable		total	analysis_level	64949				all ukb-b traits in the OpenGWAS IGD collection (data/ukb-b/manifest.tsv)	
ukb-b-6991	ukb-b-6991	Seen doctor (GP) for nerves, anxiety, tension or depression			/local-scratch/data/opengwas/igd/ukb-b-6991/ukb-b-6991.vcf.gz					GRCh37							unassigned			unavailable		total	analysis_level	459560				all ukb-b traits in the OpenGWAS IGD collection (data/ukb-b/manifest.tsv)	
ukb-b-6992	ukb-b-6992	Type of meals eaten: Restaurant meals			/local-scratch/data/opengwas/igd/ukb-b-6992/ukb-b-6992.vcf.gz					GRCh37							unassigned			unavailable		total	analysis_level	64949				all ukb-b traits in the OpenGWAS IGD collection (data/ukb-b/manifest.tsv)	
ukb-b-6994	ukb-b-6994	Type of cancer: ICD10: C44.7 Skin of lower limb, including hip			/local-scratch/data/opengwas/igd/ukb-b-6994/ukb-b-6994.vcf.gz					GRCh37							unassigned			unavailable		total	analysis_level	463010				all ukb-b traits in the OpenGWAS IGD collection (data/ukb-b/manifest.tsv)	
ukb-b-6998	ukb-b-6998	Diagnoses - secondary ICD10: M15.9 Polyarthrosis, unspecified			/local-scratch/data/opengwas/igd/ukb-b-6998/ukb-b-6998.vcf.gz					GRCh37							unassigned			unavailable		total	analysis_level	463010				all ukb-b traits in the OpenGWAS IGD collection (data/ukb-b/manifest.tsv)	
ukb-b-7007	ukb-b-7007	Other eye problems			/local-scratch/data/opengwas/igd/ukb-b-7007/ukb-b-7007.vcf.gz					GRCh37							unassigned			unavailable		total	analysis_level	461565				all ukb-b traits in the OpenGWAS IGD collection (data/ukb-b/manifest.tsv)	
ukb-b-7012	ukb-b-7012	Operative procedures - secondary OPCS: Z67.6 Lumbosacral joint			/local-scratch/data/opengwas/igd/ukb-b-7012/ukb-b-7012.vcf.gz					GRCh37							unassigned			unavailable		total	analysis_level	463010				all ukb-b traits in the OpenGWAS IGD collection (data/ukb-b/manifest.tsv)	
ukb-b-703	ukb-b-703	Duration walking for pleasure			/local-scratch/data/opengwas/igd/ukb-b-703/ukb-b-703.vcf.gz					GRCh37							unassigned			unavailable		total	analysis_level	328153				all ukb-b traits in the OpenGWAS IGD collection (data/ukb-b/manifest.tsv)	
ukb-b-7030	ukb-b-7030	Number of crackers/crispbreads with butter/margarine			/local-scratch/data/opengwas/igd/ukb-b-7030/ukb-b-7030.vcf.gz					GRCh37							unassigned			unavailable		total	analysis_level	64949				all ukb-b traits in the OpenGWAS IGD collection (data/ukb-b/manifest.tsv)	
ukb-b-7043	ukb-b-7043	Mineral and other dietary supplements: Calcium			/local-scratch/data/opengwas/igd/ukb-b-7043/ukb-b-7043.vcf.gz					GRCh37							unassigned			unavailable		total	analysis_level	461384				all ukb-b traits in the OpenGWAS IGD collection (data/ukb-b/manifest.tsv)	
ukb-b-7047	ukb-b-7047	Operative procedures - main OPCS: M45.9 Unspecified diagnostic endoscopic examination of bladder			/local-scratch/data/opengwas/igd/ukb-b-7047/ukb-b-7047.vcf.gz					GRCh37							unassigned			unavailable		total	analysis_level	463010				all ukb-b traits in the OpenGWAS IGD collection (data/ukb-b/manifest.tsv)	
ukb-b-707	ukb-b-707	Diagnoses - secondary ICD10: K58.9 Irritable bowel syndrome without diarrhoea			/local-scratch/data/opengwas/igd/ukb-b-707/ukb-b-707.vcf.gz					GRCh37							unassigned			unavailable		total	analysis_level	463010				all ukb-b traits in the OpenGWAS IGD collection (data/ukb-b/manifest.tsv)	
ukb-b-7073	ukb-b-7073	Diagnoses - main ICD10: R13 Dysphagia			/local-scratch/data/opengwas/igd/ukb-b-7073/ukb-b-7073.vcf.gz					GRCh37							unassigned			unavailable		total	analysis_level	463010				all ukb-b traits in the OpenGWAS IGD collection (data/ukb-b/manifest.tsv)	
ukb-b-7085	ukb-b-7085	Thickness of butter/margarine spread on sliced bread: medium			/local-scratch/data/opengwas/igd/ukb-b-7085/ukb-b-7085.vcf.gz					GRCh37							unassigned			unavailable		total	analysis_level	64949				all ukb-b traits in the OpenGWAS IGD collection (data/ukb-b/manifest.tsv)	
ukb-b-7110	ukb-b-7110	Vitamin and/or mineral supplement use: Multivitamin with multimineral			/local-scratch/data/opengwas/igd/ukb-b-7110/ukb-b-7110.vcf.gz					GRCh37							unassigned			unavailable		total	analysis_level	64949				all ukb-b traits in the OpenGWAS IGD collection (data/ukb-b/manifest.tsv)	
ukb-b-7118	ukb-b-7118	Diagnoses - main ICD10: M23.23 Derangement of meniscus due to old tear or injury (Medial collateral ligament or Other and unspecified medial meniscus)			/local-scratch/data/opengwas/igd/ukb-b-7118/ukb-b-7118.vcf.gz					GRCh37							unassigned			unavailable		total	analysis_level	463010				all ukb-b traits in the OpenGWAS IGD collection (data/ukb-b/manifest.tsv)	
ukb-b-712	ukb-b-712	Diagnoses - secondary ICD10: Z51.2 Other chemotherapy			/local-scratch/data/opengwas/igd/ukb-b-712/ukb-b-712.vcf.gz					GRCh37							unassigned			unavailable		total	analysis_level	463010				all ukb-b traits in the OpenGWAS IGD collection (data/ukb-b/manifest.tsv)	
ukb-b-7128	ukb-b-7128	Ever had cervical smear test			/local-scratch/data/opengwas/igd/ukb-b-7128/ukb-b-7128.vcf.gz					GRCh37							unassigned			unavailable		total	analysis_level	250465				all ukb-b traits in the OpenGWAS IGD collection (data/ukb-b/manifest.tsv)	
ukb-b-713	ukb-b-713	Operative procedures - secondary OPCS: Q22.1 Bilateral salpingoophorectomy			/local-scratch/data/opengwas/igd/ukb-b-713/ukb-b-713.vcf.gz					GRCh37							unassigned			unavailable		total	analysis_level	463010				all ukb-b traits in the OpenGWAS IGD collection (data/ukb-b/manifest.tsv)	
ukb-b-7135	ukb-b-7135	Treatment speciality of consultant (recoded): General surgery			/local-scratch/data/opengwas/igd/ukb-b-7135/ukb-b-7135.vcf.gz					GRCh37							unassigned			unavailable		total	analysis_level	449925				all ukb-b traits in the OpenGWAS IGD collection (data/ukb-b/manifest.tsv)	
ukb-b-7137	ukb-b-7137	Medication for pain relief, constipation, heartburn: Aspirin			/local-scratch/data/opengwas/igd/ukb-b-7137/ukb-b-7137.vcf.gz					GRCh37							unassigned			unavailable		total	analysis_level	457547				all ukb-b traits in the OpenGWAS IGD collection (data/ukb-b/manifest.tsv)	
ukb-b-7138	ukb-b-7138	Age stopped smoking			/local-scratch/data/opengwas/igd/ukb-b-7138/ukb-b-7138.vcf.gz					GRCh37							unassigned			unavailable		total	analysis_level	114431				all ukb-b traits in the OpenGWAS IGD collection (data/ukb-b/manifest.tsv)	
ukb-b-7150	ukb-b-7150	Non-cancer illness code, self-reported: urinary tract infection/kidney infection			/local-scratch/data/opengwas/igd/ukb-b-7150/ukb-b-7150.vcf.gz					GRCh37							unassigned			unavailable		total	analysis_level	462933				all ukb-b traits in the OpenGWAS IGD collection (data/ukb-b/manifest.tsv)	
ukb-b-7166	ukb-b-7166	Diagnoses - main ICD10: K57.9 Diverticular disease of intestine, part unspecified, without perforation or abscess			/local-scratch/data/opengwas/igd/ukb-b-7166/ukb-b-7166.vcf.gz					GRCh37							unassigned			unavailable		total	analysis_level	463010				all ukb-b traits in the OpenGWAS IGD collection (data/ukb-b/manifest.tsv)	
ukb-b-7178	ukb-b-7178	Doctor diagnosed hayfever or allergic rhinitis			/local-scratch/data/opengwas/igd/ukb-b-7178/ukb-b-7178.vcf.gz					GRCh37							unassigned			unavailable		total	analysis_level	112583				all ukb-b traits in the OpenGWAS IGD collection (data/ukb-b/manifest.tsv)	
ukb-b-7189	ukb-b-7189	Treatment speciality of consultant (recoded): Neurosurgery			/local-scratch/data/opengwas/igd/ukb-b-7189/ukb-b-7189.vcf.gz					GRCh37							unassigned			unavailable		total	analysis_level	444354				all ukb-b traits in the OpenGWAS IGD collection (data/ukb-b/manifest.tsv)	
ukb-b-7196	ukb-b-7196	Delivery methods: Elective caesarean section			/local-scratch/data/opengwas/igd/ukb-b-7196/ukb-b-7196.vcf.gz					GRCh37							unassigned			unavailable		total	analysis_level	10487				all ukb-b traits in the OpenGWAS IGD collection (data/ukb-b/manifest.tsv)	
ukb-b-7205	ukb-b-7205	Operative procedures - main OPCS: M14.1 Extracorporeal shock wave lithotripsy of calculus of kidney			/local-scratch/data/opengwas/igd/ukb-b-7205/ukb-b-7205.vcf.gz					GRCh37							unassigned			unavailable		total	analysis_level	463010				all ukb-b traits in the OpenGWAS IGD collection (data/ukb-b/manifest.tsv)	
ukb-b-7211	ukb-b-7211	Diagnoses - main ICD10: J33.9 Nasal polyp, unspecified			/local-scratch/data/opengwas/igd/ukb-b-7211/ukb-b-7211.vcf.gz					GRCh37							unassigned			unavailable		total	analysis_level	463010				all ukb-b traits in the OpenGWAS IGD collection (data/ukb-b/manifest.tsv)	
ukb-b-7212	ukb-b-7212	Leg fat mass (left)			/local-scratch/data/opengwas/igd/ukb-b-7212/ukb-b-7212.vcf.gz					GRCh37							unassigned			unavailable		total	analysis_level	454823				all ukb-b traits in the OpenGWAS IGD collection (data/ukb-b/manifest.tsv)	
ukb-b-7217	ukb-b-7217	3mm asymmetry index (right)			/local-scratch/data/opengwas/igd/ukb-b-7217/ukb-b-7217.vcf.gz					GRCh37							unassigned			unavailable		total	analysis_level	94258				all ukb-b traits in the OpenGWAS IGD collection (data/ukb-b/manifest.tsv)	
ukb-b-7236	ukb-b-7236	Operative procedures - secondary OPCS: K40.2 Saphenous vein graft replacement of two coronary arteries			/local-scratch/data/opengwas/igd/ukb-b-7236/ukb-b-7236.vcf.gz					GRCh37							unassigned			unavailable		total	analysis_level	463010				all ukb-b traits in the OpenGWAS IGD collection (data/ukb-b/manifest.tsv)	
ukb-b-7237	ukb-b-7237	Operative procedures - secondary OPCS: Q12.4 Removal of intrauterine contraceptive device NEC			/local-scratch/data/opengwas/igd/ukb-b-7237/ukb-b-7237.vcf.gz					GRCh37							unassigned			unavailable		total	analysis_level	463010				all ukb-b traits in the OpenGWAS IGD collection (data/ukb-b/manifest.tsv)	
ukb-b-7244	ukb-b-7244	Carbohydrate			/local-scratch/data/opengwas/igd/ukb-b-7244/ukb-b-7244.vcf.gz					GRCh37							unassigned			unavailable		total	analysis_level	64979				all ukb-b traits in the OpenGWAS IGD collection (data/ukb-b/manifest.tsv)	
ukb-b-7278	ukb-b-7278	Operative procedures - main OPCS: T20.2 Primary repair of inguinal hernia using insert of prosthetic material			/local-scratch/data/opengwas/igd/ukb-b-7278/ukb-b-7278.vcf.gz					GRCh37							unassigned			unavailable		total	analysis_level	463010				all ukb-b traits in the OpenGWAS IGD collection (data/ukb-b/manifest.tsv)	
ukb-b-7280	ukb-b-7280	Non-cancer illness code, self-reported: emphysema/chronic bronchitis			/local-scratch/data/opengwas/igd/ukb-b-7280/ukb-b-7280.vcf.gz					GRCh37							unassigned			unavailable		total	analysis_level	462933				all ukb-b traits in the OpenGWAS IGD collection (data/ukb-b/manifest.tsv)	
ukb-b-7284	ukb-b-7284	Operative procedures - main OPCS: H51.1 Haemorrhoidectomy			/local-scratch/data/opengwas/igd/ukb-b-7284/ukb-b-7284.vcf.gz					GRCh37							unassigned			unavailable		total	analysis_level	463010				all ukb-b traits in the OpenGWAS IGD collection (data/ukb-b/manifest.tsv)	
ukb-b-7288	ukb-b-7288	3mm asymmetry angle (left)			/local-scratch/data/opengwas/igd/ukb-b-7288/ukb-b-7288.vcf.gz					GRCh37							unassigned			unavailable		total	analysis_level	94008				all ukb-b traits in the OpenGWAS IGD collection (data/ukb-b/manifest.tsv)	
ukb-b-7289	ukb-b-7289	Pain type(s) experienced in last month: Hip pain			/local-scratch/data/opengwas/igd/ukb-b-7289/ukb-b-7289.vcf.gz					GRCh37							unassigned			unavailable		total	analysis_level	461857				all ukb-b traits in the OpenGWAS IGD collection (data/ukb-b/manifest.tsv)	
ukb-b-7294	ukb-b-7294	Operative procedures - secondary OPCS: Y52.8 Other specified approach to organ through other opening			/local-scratch/data/opengwas/igd/ukb-b-7294/ukb-b-7294.vcf.gz					GRCh37							unassigned			unavailable		total	analysis_level	463010				all ukb-b traits in the OpenGWAS IGD collection (data/ukb-b/manifest.tsv)	
ukb-b-7299	ukb-b-7299	Diagnoses - secondary ICD10: Z85.5 Personal history of malignant neoplasm of urinary tract			/local-scratch/data/opengwas/igd/ukb-b-7299/ukb-b-7299.vcf.gz					GRCh37							unassigned			unavailable		total	analysis_level	463010				all ukb-b traits in the OpenGWAS IGD collection (data/ukb-b/manifest.tsv)	
ukb-b-73	ukb-b-73	Main speciality of consultant (recoded): Clinical haematology			/local-scratch/data/opengwas/igd/ukb-b-73/ukb-b-73.vcf.gz					GRCh37							unassigned			unavailable		total	analysis_level	461112				all ukb-b traits in the OpenGWAS IGD collection (data/ukb-b/manifest.tsv)	
ukb-b-730	ukb-b-730	Fresh tomato intake			/local-scratch/data/opengwas/igd/ukb-b-730/ukb-b-730.vcf.gz					GRCh37							unassigned			unavailable		total	analysis_level	64949				all ukb-b traits in the OpenGWAS IGD collection (data/ukb-b/manifest.tsv)	
ukb-b-732	ukb-b-732	Operative procedures - secondary OPCS: Z28.7 Colon NEC			/local-scratch/data/opengwas/igd/ukb-b-732/ukb-b-732.vcf.gz					GRCh37							unassigned			unavailable		total	analysis_level	463010				all ukb-b traits in the OpenGWAS IGD collection (data/ukb-b/manifest.tsv)	
ukb-b-7323	ukb-b-7323	Energy			/local-scratch/data/opengwas/igd/ukb-b-7323/ukb-b-7323.vcf.gz					GRCh37							unassigned			unavailable		total	analysis_level	64979				all ukb-b traits in the OpenGWAS IGD collection (data/ukb-b/manifest.tsv)	
ukb-b-7330	ukb-b-7330	Diagnoses - main ICD10: K31.7 Polyp of stomach and duodenum			/local-scratch/data/opengwas/igd/ukb-b-7330/ukb-b-7330.vcf.gz					GRCh37							unassigned			unavailable		total	analysis_level	463010				all ukb-b traits in the OpenGWAS IGD collection (data/ukb-b/manifest.tsv)	
ukb-b-7337	ukb-b-7337	Types of physical activity in last 4 weeks: Walking for pleasure (not as a means of transport)			/local-scratch/data/opengwas/igd/ukb-b-7337/ukb-b-7337.vcf.gz					GRCh37							unassigned			unavailable		total	analysis_level	460376				all ukb-b traits in the OpenGWAS IGD collection (data/ukb-b/manifest.tsv)	
ukb-b-7350	ukb-b-7350	Medication for cholesterol, blood pressure or diabetes: Insulin			/local-scratch/data/opengwas/igd/ukb-b-7350/ukb-b-7350.vcf.gz					GRCh37							unassigned			unavailable		total	analysis_level	209638				all ukb-b traits in the OpenGWAS IGD collection (data/ukb-b/manifest.tsv)	
ukb-b-7352	ukb-b-7352	Diagnoses - secondary ICD10: Z92.1 Personal history of long-term (current) use of anticoagulants			/local-scratch/data/opengwas/igd/ukb-b-7352/ukb-b-7352.vcf.gz					GRCh37							unassigned			unavailable		total	analysis_level	463010				all ukb-b traits in the OpenGWAS IGD collection (data/ukb-b/manifest.tsv)	
ukb-b-7356	ukb-b-7356	Illness, injury, bereavement, stress in last 2 years: Death of a spouse or partner			/local-scratch/data/opengwas/igd/ukb-b-7356/ukb-b-7356.vcf.gz					GRCh37							unassigned			unavailable		total	analysis_level	459742				all ukb-b traits in the OpenGWAS IGD collection (data/ukb-b/manifest.tsv)	
ukb-b-7372	ukb-b-7372	Magnesium			/local-scratch/data/opengwas/igd/ukb-b-7372/ukb-b-7372.vcf.gz					GRCh37							unassigned			unavailable		total	analysis_level	64979				all ukb-b traits in the OpenGWAS IGD collection (data/ukb-b/manifest.tsv)	
ukb-b-7375	ukb-b-7375	Main speciality of consultant (recoded): Infectious diseases			/local-scratch/data/opengwas/igd/ukb-b-7375/ukb-b-7375.vcf.gz					GRCh37							unassigned			unavailable		total	analysis_level	461107				all ukb-b traits in the OpenGWAS IGD collection (data/ukb-b/manifest.tsv)	
ukb-b-7376	ukb-b-7376	Impedance of leg (right)			/local-scratch/data/opengwas/igd/ukb-b-7376/ukb-b-7376.vcf.gz					GRCh37							unassigned			unavailable		total	analysis_level	454863				all ukb-b traits in the OpenGWAS IGD collection (data/ukb-b/manifest.tsv)	
ukb-b-7385	ukb-b-7385	Treatment/medication code: codeine			/local-scratch/data/opengwas/igd/ukb-b-7385/ukb-b-7385.vcf.gz					GRCh37							unassigned			unavailable		total	analysis_level	462933				all ukb-b traits in the OpenGWAS IGD collection (data/ukb-b/manifest.tsv)	
ukb-b-7408	ukb-b-7408	Average total household income before tax			/local-scratch/data/opengwas/igd/ukb-b-7408/ukb-b-7408.vcf.gz					GRCh37							unassigned			unavailable		total	analysis_level	397751				all ukb-b traits in the OpenGWAS IGD collection (data/ukb-b/manifest.tsv)	
ukb-b-7414	ukb-b-7414	PCT where patients GP was registered: BRADFORD SOUTH AND WEST PCT			/local-scratch/data/opengwas/igd/ukb-b-7414/ukb-b-7414.vcf.gz					GRCh37							unassigned			unavailable		total	analysis_level	463010				all ukb-b traits in the OpenGWAS IGD collection (data/ukb-b/manifest.tsv)	
ukb-b-7418	ukb-b-7418	Diagnoses - main ICD10: Z30.2 Sterilisation			/local-scratch/data/opengwas/igd/ukb-b-7418/ukb-b-7418.vcf.gz					GRCh37							unassigned			unavailable		total	analysis_level	463010				all ukb-b traits in the OpenGWAS IGD collection (data/ukb-b/manifest.tsv)	
ukb-b-7420	ukb-b-7420	Courgette intake			/local-scratch/data/opengwas/igd/ukb-b-7420/ukb-b-7420.vcf.gz					GRCh37							unassigned			unavailable		total	analysis_level	64949				all ukb-b traits in the OpenGWAS IGD collection (data/ukb-b/manifest.tsv)	
ukb-b-7421	ukb-b-7421	Diagnoses - secondary ICD10: K51.9 Ulcerative colitis, unspecified			/local-scratch/data/opengwas/igd/ukb-b-7421/ukb-b-7421.vcf.gz					GRCh37							unassigned			unavailable		total	analysis_level	463010				all ukb-b traits in the OpenGWAS IGD collection (data/ukb-b/manifest.tsv)	
ukb-b-7422	ukb-b-7422	Use of sun/uv protection			/local-scratch/data/opengwas/igd/ukb-b-7422/ukb-b-7422.vcf.gz					GRCh37							unassigned			unavailable		total	analysis_level	459416				all ukb-b traits in the OpenGWAS IGD collection (data/ukb-b/manifest.tsv)	
ukb-b-7425	ukb-b-7425	Diagnoses - main ICD10: Z03.8 Observation for other suspected diseases and conditions			/local-scratch/data/opengwas/igd/ukb-b-7425/ukb-b-7425.vcf.gz					GRCh37							unassigned			unavailable		total	analysis_level	463010				all ukb-b traits in the OpenGWAS IGD collection (data/ukb-b/manifest.tsv)	
ukb-b-7428	ukb-b-7428	Diagnoses - main ICD10: N63 Unspecified lump in breast			/local-scratch/data/opengwas/igd/ukb-b-7428/ukb-b-7428.vcf.gz					GRCh37							unassigned			unavailable		total	analysis_level	463010				all ukb-b traits in the OpenGWAS IGD collection (data/ukb-b/manifest.tsv)	
ukb-b-7429	ukb-b-7429	Blue cheese intake			/local-scratch/data/opengwas/igd/ukb-b-7429/ukb-b-7429.vcf.gz					GRCh37							unassigned			unavailable		total	analysis_level	64949				all ukb-b traits in the OpenGWAS IGD collection (data/ukb-b/manifest.tsv)	
ukb-b-7432	ukb-b-7432	Number of times snap-button pressed			/local-scratch/data/opengwas/igd/ukb-b-7432/ukb-b-7432.vcf.gz					GRCh37							unassigned			unavailable		total	analysis_level	460910				all ukb-b traits in the OpenGWAS IGD collection (data/ukb-b/manifest.tsv)	
ukb-b-7435	ukb-b-7435	Age diabetes diagnosed			/local-scratch/data/opengwas/igd/ukb-b-7435/ukb-b-7435.vcf.gz					GRCh37							unassigned			unavailable		total	analysis_level	20911				all ukb-b traits in the OpenGWAS IGD collection (data/ukb-b/manifest.tsv)	
ukb-b-7436	ukb-b-7436	Diagnoses - secondary ICD10: I25.1 Atherosclerotic heart disease			/local-scratch/data/opengwas/igd/ukb-b-7436/ukb-b-7436.vcf.gz					GRCh37							unassigned			unavailable		total	analysis_level	463010				all ukb-b traits in the OpenGWAS IGD collection (data/ukb-b/manifest.tsv)	
ukb-b-744	ukb-b-744	Operative procedures - secondary OPCS: Z49.4 Skin of back			/local-scratch/data/opengwas/igd/ukb-b-744/ukb-b-744.vcf.gz					GRCh37							unassigned			unavailable		total	analysis_level	463010				all ukb-b traits in the OpenGWAS IGD collection (data/ukb-b/manifest.tsv)	
ukb-b-7443	ukb-b-7443	Operative procedures - secondary OPCS: Z81.5 Elbow joint			/local-scratch/data/opengwas/igd/ukb-b-7443/ukb-b-7443.vcf.gz					GRCh37							unassigned			unavailable		total	analysis_level	463010				all ukb-b traits in the OpenGWAS IGD collection (data/ukb-b/manifest.tsv)	
ukb-b-7444	ukb-b-7444	Diagnoses - main ICD10: I84.8 Unspecified haemorrhoids with other complications			/local-scratch/data/opengwas/igd/ukb-b-7444/ukb-b-7444.vcf.gz					GRCh37							unassigned			unavailable		total	analysis_level	463010				all ukb-b traits in the OpenGWAS IGD collection (data/ukb-b/manifest.tsv)	
ukb-b-7460	ukb-b-7460	Pack years adult smoking as proportion of life span exposed to smoking			/local-scratch/data/opengwas/igd/ukb-b-7460/ukb-b-7460.vcf.gz					GRCh37							unassigned			unavailable		total	analysis_level	142387				all ukb-b traits in the OpenGWAS IGD collection (data/ukb-b/manifest.tsv)	
ukb-b-7463	ukb-b-7463	Diagnoses - main ICD10: Z46.6 Fitting and adjustment of urinary device			/local-scratch/data/opengwas/igd/ukb-b-7463/ukb-b-7463.vcf.gz					GRCh37							unassigned			unavailable		total	analysis_level	463010				all ukb-b traits in the OpenGWAS IGD collection (data/ukb-b/manifest.tsv)	
ukb-b-7467	ukb-b-7467	Diagnoses - secondary ICD10: R51 Headache			/local-scratch/data/opengwas/igd/ukb-b-7467/ukb-b-7467.vcf.gz					GRCh37							unassigned			unavailable		total	analysis_level	463010				all ukb-b traits in the OpenGWAS IGD collection (data/ukb-b/manifest.tsv)	
ukb-b-7469	ukb-b-7469	Non-cancer illness code, self-reported: enlarged prostate			/local-scratch/data/opengwas/igd/ukb-b-7469/ukb-b-7469.vcf.gz					GRCh37							unassigned			unavailable		total	analysis_level	462933				all ukb-b traits in the OpenGWAS IGD collection (data/ukb-b/manifest.tsv)	
ukb-b-7478	ukb-b-7478	Hand grip strength (left)			/local-scratch/data/opengwas/igd/ukb-b-7478/ukb-b-7478.vcf.gz					GRCh37							unassigned			unavailable		total	analysis_level	461026				all ukb-b traits in the OpenGWAS IGD collection (data/ukb-b/manifest.tsv)	
ukb-b-748	ukb-b-748	Filtered coffee intake			/local-scratch/data/opengwas/igd/ukb-b-748/ukb-b-748.vcf.gz					GRCh37							unassigned			unavailable		total	analysis_level	64949				all ukb-b traits in the OpenGWAS IGD collection (data/ukb-b/manifest.tsv)	
ukb-b-7500	ukb-b-7500	Spherical power (left)			/local-scratch/data/opengwas/igd/ukb-b-7500/ukb-b-7500.vcf.gz					GRCh37							unassigned			unavailable		total	analysis_level	99071				all ukb-b traits in the OpenGWAS IGD collection (data/ukb-b/manifest.tsv)	
ukb-b-7503	ukb-b-7503	Liquid used to make porridge: Porridge with water			/local-scratch/data/opengwas/igd/ukb-b-7503/ukb-b-7503.vcf.gz					GRCh37							unassigned			unavailable		total	analysis_level	64949				all ukb-b traits in the OpenGWAS IGD collection (data/ukb-b/manifest.tsv)	
ukb-b-752	ukb-b-752	Operative procedures - main OPCS: H20.2 Fibreoptic endoscopic cauterisation of lesion of colon			/local-scratch/data/opengwas/igd/ukb-b-752/ukb-b-752.vcf.gz					GRCh37							unassigned			unavailable		total	analysis_level	463010				all ukb-b traits in the OpenGWAS IGD collection (data/ukb-b/manifest.tsv)	
ukb-b-7534	ukb-b-7534	Diagnoses - main ICD10: K01.1 Impacted teeth			/local-scratch/data/opengwas/igd/ukb-b-7534/ukb-b-7534.vcf.gz					GRCh37							unassigned			unavailable		total	analysis_level	463010				all ukb-b traits in the OpenGWAS IGD collection (data/ukb-b/manifest.tsv)	
ukb-b-7551	ukb-b-7551	Maximum workload during fitness test			/local-scratch/data/opengwas/igd/ukb-b-7551/ukb-b-7551.vcf.gz					GRCh37							unassigned			unavailable		total	analysis_level	68425				all ukb-b traits in the OpenGWAS IGD collection (data/ukb-b/manifest.tsv)	
ukb-b-7556	ukb-b-7556	Age hay fever, rhinitis or eczema diagnosed			/local-scratch/data/opengwas/igd/ukb-b-7556/ukb-b-7556.vcf.gz					GRCh37							unassigned			unavailable		total	analysis_level	91982				all ukb-b traits in the OpenGWAS IGD collection (data/ukb-b/manifest.tsv)	
ukb-b-7564	ukb-b-7564	Operation code: oesphageal fundoplication/hiatus hernia surgery			/local-scratch/data/opengwas/igd/ukb-b-7564/ukb-b-7564.vcf.gz					GRCh37							unassigned			unavailable		total	analysis_level	462933				all ukb-b traits in the OpenGWAS IGD collection (data/ukb-b/manifest.tsv)	
ukb-b-758	ukb-b-758	Couscous intake			/local-scratch/data/opengwas/igd/ukb-b-758/ukb-b-758.vcf.gz					GRCh37							unassigned			unavailable		total	analysis_level	64949				all ukb-b traits in the OpenGWAS IGD collection (data/ukb-b/manifest.tsv)	
ukb-b-7582	ukb-b-7582	Non-cancer illness code, self-reported: essential hypertension			/local-scratch/data/opengwas/igd/ukb-b-7582/ukb-b-7582.vcf.gz					GRCh37							unassigned			unavailable		total	analysis_level	462933				all ukb-b traits in the OpenGWAS IGD collection (data/ukb-b/manifest.tsv)	
ukb-b-7584	ukb-b-7584	Non-cancer illness code, self-reported: ulcerative colitis			/local-scratch/data/opengwas/igd/ukb-b-7584/ukb-b-7584.vcf.gz					GRCh37							unassigned			unavailable		total	analysis_level	462933				all ukb-b traits in the OpenGWAS IGD collection (data/ukb-b/manifest.tsv)	
ukb-b-7587	ukb-b-7587	Length of longest manic/irritable episode			/local-scratch/data/opengwas/igd/ukb-b-7587/ukb-b-7587.vcf.gz					GRCh37							unassigned			unavailable		total	analysis_level	25247				all ukb-b traits in the OpenGWAS IGD collection (data/ukb-b/manifest.tsv)	
ukb-b-7589	ukb-b-7589	PCT responsible for patient data: OLDHAM PCT			/local-scratch/data/opengwas/igd/ukb-b-7589/ukb-b-7589.vcf.gz					GRCh37							unassigned			unavailable		total	analysis_level	463010				all ukb-b traits in the OpenGWAS IGD collection (data/ukb-b/manifest.tsv)	
ukb-b-7593	ukb-b-7593	ECG, phase duration			/local-scratch/data/opengwas/igd/ukb-b-7593/ukb-b-7593.vcf.gz					GRCh37							unassigned			unavailable		total	analysis_level	68426				all ukb-b traits in the OpenGWAS IGD collection (data/ukb-b/manifest.tsv)	
ukb-b-7596	ukb-b-7596	3mm index of best keratometry results (right)			/local-scratch/data/opengwas/igd/ukb-b-7596/ukb-b-7596.vcf.gz					GRCh37							unassigned			unavailable		total	analysis_level	96007				all ukb-b traits in the OpenGWAS IGD collection (data/ukb-b/manifest.tsv)	
ukb-b-7603	ukb-b-7603	Non-cancer illness code, self-reported: muscle or soft tissue injuries			/local-scratch/data/opengwas/igd/ukb-b-7603/ukb-b-7603.vcf.gz					GRCh37							unassigned			unavailable		total	analysis_level	462933				all ukb-b traits in the OpenGWAS IGD collection (data/ukb-b/manifest.tsv)	
ukb-b-7609	ukb-b-7609	Operative procedures - main OPCS: B28.2 Partial excision of breast NEC			/local-scratch/data/opengwas/igd/ukb-b-7609/ukb-b-7609.vcf.gz					GRCh37							unassigned			unavailable		total	analysis_level	463010				all ukb-b traits in the OpenGWAS IGD collection (data/ukb-b/manifest.tsv)	
ukb-b-7641	ukb-b-7641	Crumble intake			/local-scratch/data/opengwas/igd/ukb-b-7641/ukb-b-7641.vcf.gz					GRCh37							unassigned			unavailable		total	analysis_level	64948				all ukb-b traits in the OpenGWAS IGD collection (data/ukb-b/manifest.tsv)	
ukb-b-7643	ukb-b-7643	Diagnoses - secondary ICD10: Z80.3 Family history of malignant neoplasm of breast			/local-scratch/data/opengwas/igd/ukb-b-7643/ukb-b-7643.vcf.gz					GRCh37							unassigned			unavailable		total	analysis_level	463010				all ukb-b traits in the OpenGWAS IGD collection (data/ukb-b/manifest.tsv)	
ukb-b-7647	ukb-b-7647	Treatment speciality of consultant (recoded): Urology			/local-scratch/data/opengwas/igd/ukb-b-7647/ukb-b-7647.vcf.gz					GRCh37							unassigned			unavailable		total	analysis_level	446149				all ukb-b traits in the OpenGWAS IGD collection (data/ukb-b/manifest.tsv)	
ukb-b-7660	ukb-b-7660	Diagnoses - main ICD9: 4549 Varicose veins of lower extremity without ulcer/inflammation			/local-scratch/data/opengwas/igd/ukb-b-7660/ukb-b-7660.vcf.gz					GRCh37							unassigned			unavailable		total	analysis_level	463010				all ukb-b traits in the OpenGWAS IGD collection (data/ukb-b/manifest.tsv)	
ukb-b-7663	ukb-b-7663	Types of physical activity in last 4 weeks: Strenuous sports			/local-scratch/data/opengwas/igd/ukb-b-7663/ukb-b-7663.vcf.gz					GRCh37							unassigned			unavailable		total	analysis_level	460376				all ukb-b traits in the OpenGWAS IGD collection (data/ukb-b/manifest.tsv)	
ukb-b-7675	ukb-b-7675	Operative procedures - secondary OPCS: Y97.3 Radiology with post contrast			/local-scratch/data/opengwas/igd/ukb-b-7675/ukb-b-7675.vcf.gz					GRCh37							unassigned			unavailable		total	analysis_level	463010				all ukb-b traits in the OpenGWAS IGD collection (data/ukb-b/manifest.tsv)	
ukb-b-770	ukb-b-770	Other meat intake			/local-scratch/data/opengwas/igd/ukb-b-770/ukb-b-770.vcf.gz					GRCh37							unassigned			unavailable		total	analysis_level	64941				all ukb-b traits in the OpenGWAS IGD collection (data/ukb-b/manifest.tsv)	
ukb-b-7700	ukb-b-7700	Diagnoses - main ICD10: M17.1 Other primary gonarthrosis			/local-scratch/data/opengwas/igd/ukb-b-7700/ukb-b-7700.vcf.gz					GRCh37							unassigned			unavailable		total	analysis_level	463010				all ukb-b traits in the OpenGWAS IGD collection (data/ukb-b/manifest.tsv)	
ukb-b-7702	ukb-b-7702	Diagnoses - secondary ICD10: Y83.6 Removal of other organ (partial) (total)			/local-scratch/data/opengwas/igd/ukb-b-7702/ukb-b-7702.vcf.gz					GRCh37							unassigned			unavailable		total	analysis_level	463010				all ukb-b traits in the OpenGWAS IGD collection (data/ukb-b/manifest.tsv)	
ukb-b-7710	ukb-b-7710	Pulse rate (during blood-pressure measurement)			/local-scratch/data/opengwas/igd/ukb-b-7710/ukb-b-7710.vcf.gz					GRCh37							unassigned			unavailable		total	analysis_level	39749				all ukb-b traits in the OpenGWAS IGD collection (data/ukb-b/manifest.tsv)	
ukb-b-7739	ukb-b-7739	Operative procedures - main OPCS: L87.4 Avulsion of varicose vein of leg			/local-scratch/data/opengwas/igd/ukb-b-7739/ukb-b-7739.vcf.gz					GRCh37							unassigned			unavailable		total	analysis_level	463010				all ukb-b traits in the OpenGWAS IGD collection (data/ukb-b/manifest.tsv)	
ukb-b-7748	ukb-b-7748	Illnesses of mother: Bowel cancer			/local-scratch/data/opengwas/igd/ukb-b-7748/ukb-b-7748.vcf.gz					GRCh37							unassigned			unavailable		total	analysis_level	423135				all ukb-b traits in the OpenGWAS IGD collection (data/ukb-b/manifest.tsv)	
ukb-b-7753	ukb-b-7753	Yogurt intake			/local-scratch/data/opengwas/igd/ukb-b-7753/ukb-b-7753.vcf.gz					GRCh37							unassigned			unavailable		total	analysis_level	64949				all ukb-b traits in the OpenGWAS IGD collection (data/ukb-b/manifest.tsv)	
ukb-b-7754	ukb-b-7754	Treatment/medication code: serevent 25mcg inhaler			/local-scratch/data/opengwas/igd/ukb-b-7754/ukb-b-7754.vcf.gz					GRCh37							unassigned			unavailable		total	analysis_level	462933				all ukb-b traits in the OpenGWAS IGD collection (data/ukb-b/manifest.tsv)	
ukb-b-7759	ukb-b-7759	Typical diet yesterday			/local-scratch/data/opengwas/igd/ukb-b-7759/ukb-b-7759.vcf.gz					GRCh37							unassigned			unavailable		total	analysis_level	64949				all ukb-b traits in the OpenGWAS IGD collection (data/ukb-b/manifest.tsv)	
ukb-b-7760	ukb-b-7760	Types of spread used on bread/crackers: Dairy spread on bread/crackers			/local-scratch/data/opengwas/igd/ukb-b-7760/ukb-b-7760.vcf.gz					GRCh37							unassigned			unavailable		total	analysis_level	64949				all ukb-b traits in the OpenGWAS IGD collection (data/ukb-b/manifest.tsv)	
ukb-b-7763	ukb-b-7763	Main speciality of consultant (recoded): Rheumatology			/local-scratch/data/opengwas/igd/ukb-b-7763/ukb-b-7763.vcf.gz					GRCh37							unassigned			unavailable		total	analysis_level	461154				all ukb-b traits in the OpenGWAS IGD collection (data/ukb-b/manifest.tsv)	
ukb-b-7773	ukb-b-7773	Illnesses of father: Prostate cancer			/local-scratch/data/opengwas/igd/ukb-b-7773/ukb-b-7773.vcf.gz					GRCh37							unassigned			unavailable		total	analysis_level	399670				all ukb-b traits in the OpenGWAS IGD collection (data/ukb-b/manifest.tsv)	
ukb-b-779	ukb-b-779	PCT responsible for patient data: SOUTH BIRMINGHAM PCT			/local-scratch/data/opengwas/igd/ukb-b-779/ukb-b-779.vcf.gz					GRCh37							unassigned			unavailable		total	analysis_level	463010				all ukb-b traits in the OpenGWAS IGD collection (data/ukb-b/manifest.tsv)	
ukb-b-7793	ukb-b-7793	Diagnoses - main ICD9: V252 Sterilization			/local-scratch/data/opengwas/igd/ukb-b-7793/ukb-b-7793.vcf.gz					GRCh37							unassigned			unavailable		total	analysis_level	463010				all ukb-b traits in the OpenGWAS IGD collection (data/ukb-b/manifest.tsv)	
ukb-b-78	ukb-b-78	Operative procedures - main OPCS: E09.1 Excision of lesion of external nose			/local-scratch/data/opengwas/igd/ukb-b-78/ukb-b-78.vcf.gz					GRCh37							unassigned			unavailable		total	analysis_level	463010				all ukb-b traits in the OpenGWAS IGD collection (data/ukb-b/manifest.tsv)	
ukb-b-7805	ukb-b-7805	PCT responsible for patient data: SURREY PCT			/local-scratch/data/opengwas/igd/ukb-b-7805/ukb-b-7805.vcf.gz					GRCh37							unassigned			unavailable		total	analysis_level	463010				all ukb-b traits in the OpenGWAS IGD collection (data/ukb-b/manifest.tsv)	
ukb-b-7815	ukb-b-7815	Operative procedures - secondary OPCS: U05.1 Computed tomography of head			/local-scratch/data/opengwas/igd/ukb-b-7815/ukb-b-7815.vcf.gz					GRCh37							unassigned			unavailable		total	analysis_level	463010				all ukb-b traits in the OpenGWAS IGD collection (data/ukb-b/manifest.tsv)	
ukb-b-782	ukb-b-782	Diagnoses - secondary ICD10: R13 Dysphagia			/local-scratch/data/opengwas/igd/ukb-b-782/ukb-b-782.vcf.gz					GRCh37							unassigned			unavailable		total	analysis_level	463010				all ukb-b traits in the OpenGWAS IGD collection (data/ukb-b/manifest.tsv)	
ukb-b-7831	ukb-b-7831	Non-cancer illness code, self-reported: fracture wrist / colles fracture			/local-scratch/data/opengwas/igd/ukb-b-7831/ukb-b-7831.vcf.gz					GRCh37							unassigned			unavailable		total	analysis_level	462933				all ukb-b traits in the OpenGWAS IGD collection (data/ukb-b/manifest.tsv)	
ukb-b-7844	ukb-b-7844	Diagnoses - secondary ICD10: D50.9 Iron deficiency anaemia, unspecified			/local-scratch/data/opengwas/igd/ukb-b-7844/ukb-b-7844.vcf.gz					GRCh37							unassigned			unavailable		total	analysis_level	463010				all ukb-b traits in the OpenGWAS IGD collection (data/ukb-b/manifest.tsv)	
ukb-b-7853	ukb-b-7853	Diagnoses - secondary ICD10: G47.3 Sleep apnoea			/local-scratch/data/opengwas/igd/ukb-b-7853/ukb-b-7853.vcf.gz					GRCh37							unassigned			unavailable		total	analysis_level	463010				all ukb-b traits in the OpenGWAS IGD collection (data/ukb-b/manifest.tsv)	
ukb-b-7859	ukb-b-7859	Impedance of arm (right)			/local-scratch/data/opengwas/igd/ukb-b-7859/ukb-b-7859.vcf.gz					GRCh37							unassigned			unavailable		total	analysis_level	454826				all ukb-b traits in the OpenGWAS IGD collection (data/ukb-b/manifest.tsv)	
ukb-b-7864	ukb-b-7864	Vitamin B6			/local-scratch/data/opengwas/igd/ukb-b-7864/ukb-b-7864.vcf.gz					GRCh37							unassigned			unavailable		total	analysis_level	64979				all ukb-b traits in the OpenGWAS IGD collection (data/ukb-b/manifest.tsv)	
ukb-b-7869	ukb-b-7869	Operation code: coronary angioplasty (ptca) +/- stent			/local-scratch/data/opengwas/igd/ukb-b-7869/ukb-b-7869.vcf.gz					GRCh37							unassigned			unavailable		total	analysis_level	462933				all ukb-b traits in the OpenGWAS IGD collection (data/ukb-b/manifest.tsv)	
ukb-b-7872	ukb-b-7872	Mouth/teeth dental problems: Bleeding gums			/local-scratch/data/opengwas/igd/ukb-b-7872/ukb-b-7872.vcf.gz					GRCh37							unassigned			unavailable		total	analysis_level	461113				all ukb-b traits in the OpenGWAS IGD collection (data/ukb-b/manifest.tsv)	
ukb-b-7879	ukb-b-7879	PCT where patients GP was registered: SOUTH WEST OXFORDSHIRE PCT			/local-scratch/data/opengwas/igd/ukb-b-7879/ukb-b-7879.vcf.gz					GRCh37							unassigned			unavailable		total	analysis_level	463010				all ukb-b traits in the OpenGWAS IGD collection (data/ukb-b/manifest.tsv)	
ukb-b-7881	ukb-b-7881	Operative procedures - main OPCS: W82.2 Endoscopic resection of semilunar cartilage NEC			/local-scratch/data/opengwas/igd/ukb-b-7881/ukb-b-7881.vcf.gz					GRCh37							unassigned			unavailable		total	analysis_level	463010				all ukb-b traits in the OpenGWAS IGD collection (data/ukb-b/manifest.tsv)	
ukb-b-7896	ukb-b-7896	Treatment/medication code: tiotropium			/local-scratch/data/opengwas/igd/ukb-b-7896/ukb-b-7896.vcf.gz					GRCh37							unassigned			unavailable		total	analysis_level	462933				all ukb-b traits in the OpenGWAS IGD collection (data/ukb-b/manifest.tsv)	
ukb-b-7901	ukb-b-7901	Non-cancer illness code, self-reported: infective/viral hepatitis			/local-scratch/data/opengwas/igd/ukb-b-7901/ukb-b-7901.vcf.gz					GRCh37							unassigned			unavailable		total	analysis_level	462933				all ukb-b traits in the OpenGWAS IGD collection (data/ukb-b/manifest.tsv)	
ukb-b-791	ukb-b-791	6mm weak meridian angle (right)			/local-scratch/data/opengwas/igd/ukb-b-791/ukb-b-791.vcf.gz					GRCh37							unassigned			unavailable		total	analysis_level	84303				all ukb-b traits in the OpenGWAS IGD collection (data/ukb-b/manifest.tsv)	
ukb-b-7910	ukb-b-7910	Illnesses of father: Bowel cancer			/local-scratch/data/opengwas/igd/ukb-b-7910/ukb-b-7910.vcf.gz					GRCh37							unassigned			unavailable		total	analysis_level	399920				all ukb-b traits in the OpenGWAS IGD collection (data/ukb-b/manifest.tsv)	
ukb-b-7926	ukb-b-7926	Qualifications: NVQ or HND or HNC or equivalent			/local-scratch/data/opengwas/igd/ukb-b-7926/ukb-b-7926.vcf.gz					GRCh37							unassigned			unavailable		total	analysis_level	458079				all ukb-b traits in the OpenGWAS IGD collection (data/ukb-b/manifest.tsv)	
ukb-b-7932	ukb-b-7932	PCT responsible for patient data: STOKE ON TRENT PCT			/local-scratch/data/opengwas/igd/ukb-b-7932/ukb-b-7932.vcf.gz					GRCh37							unassigned			unavailable		total	analysis_level	463010				all ukb-b traits in the OpenGWAS IGD collection (data/ukb-b/manifest.tsv)	
ukb-b-7946	ukb-b-7946	Operative procedures - secondary OPCS: V55.2 Two levels of spine			/local-scratch/data/opengwas/igd/ukb-b-7946/ukb-b-7946.vcf.gz					GRCh37							unassigned			unavailable		total	analysis_level	463010				all ukb-b traits in the OpenGWAS IGD collection (data/ukb-b/manifest.tsv)	
ukb-b-7953	ukb-b-7953	Forced vital capacity (FVC)			/local-scratch/data/opengwas/igd/ukb-b-7953/ukb-b-7953.vcf.gz					GRCh37							unassigned			unavailable		total	analysis_level	421986				all ukb-b traits in the OpenGWAS IGD collection (data/ukb-b/manifest.tsv)	
ukb-b-7966	ukb-b-7966	Treatment/medication code: adcal-d3 1.5g/10micrograms chewable tablet			/local-scratch/data/opengwas/igd/ukb-b-7966/ukb-b-7966.vcf.gz					GRCh37							unassigned			unavailable		total	analysis_level	462933				all ukb-b traits in the OpenGWAS IGD collection (data/ukb-b/manifest.tsv)	
ukb-b-7992	ukb-b-7992	Diastolic blood pressure, automated reading			/local-scratch/data/opengwas/igd/ukb-b-7992/ukb-b-7992.vcf.gz					GRCh37							unassigned			unavailable		total	analysis_level	436424				all ukb-b traits in the OpenGWAS IGD collection (data/ukb-b/manifest.tsv)	
ukb-b-8006	ukb-b-8006	Poultry intake			/local-scratch/data/opengwas/igd/ukb-b-8006/ukb-b-8006.vcf.gz					GRCh37							unassigned			unavailable		total	analysis_level	461900				all ukb-b traits in the OpenGWAS IGD collection (data/ukb-b/manifest.tsv)	
ukb-b-8007	ukb-b-8007	Soft cheese intake			/local-scratch/data/opengwas/igd/ukb-b-8007/ukb-b-8007.vcf.gz					GRCh37							unassigned			unavailable		total	analysis_level	64949				all ukb-b traits in the OpenGWAS IGD collection (data/ukb-b/manifest.tsv)	
ukb-b-8013	ukb-b-8013	Length of working week for main job			/local-scratch/data/opengwas/igd/ukb-b-8013/ukb-b-8013.vcf.gz					GRCh37							unassigned			unavailable		total	analysis_level	260069				all ukb-b traits in the OpenGWAS IGD collection (data/ukb-b/manifest.tsv)	
ukb-b-8024	ukb-b-8024	PCT where patients GP was registered: BIRKENHEAD AND WALLASEY PCT			/local-scratch/data/opengwas/igd/ukb-b-8024/ukb-b-8024.vcf.gz					GRCh37							unassigned			unavailable		total	analysis_level	463010				all ukb-b traits in the OpenGWAS IGD collection (data/ukb-b/manifest.tsv)	
ukb-b-8053	ukb-b-8053	Operation code: laparoscopy			/local-scratch/data/opengwas/igd/ukb-b-8053/ukb-b-8053.vcf.gz					GRCh37							unassigned			unavailable		total	analysis_level	462933				all ukb-b traits in the OpenGWAS IGD collection (data/ukb-b/manifest.tsv)	
ukb-b-8061	ukb-b-8061	Type of sliced bread eaten: other			/local-scratch/data/opengwas/igd/ukb-b-8061/ukb-b-8061.vcf.gz					GRCh37							unassigned			unavailable		total	analysis_level	64949				all ukb-b traits in the OpenGWAS IGD collection (data/ukb-b/manifest.tsv)	
ukb-b-8072	ukb-b-8072	Diagnoses - secondary ICD10: N40 Hyperplasia of prostate			/local-scratch/data/opengwas/igd/ukb-b-8072/ukb-b-8072.vcf.gz					GRCh37							unassigned			unavailable		total	analysis_level	463010				all ukb-b traits in the OpenGWAS IGD collection (data/ukb-b/manifest.tsv)	
ukb-b-8080	ukb-b-8080	Medication for cholesterol, blood pressure, diabetes, or take exogenous hormones: Hormone replacement therapy			/local-scratch/data/opengwas/igd/ukb-b-8080/ukb-b-8080.vcf.gz					GRCh37							unassigned			unavailable		total	analysis_level	249710				all ukb-b traits in the OpenGWAS IGD collection (data/ukb-b/manifest.tsv)	
ukb-b-8085	ukb-b-8085	Diagnoses - main ICD10: M65.3 Trigger finger			/local-scratch/data/opengwas/igd/ukb-b-8085/ukb-b-8085.vcf.gz					GRCh37							unassigned			unavailable		total	analysis_level	463010				all ukb-b traits in the OpenGWAS IGD collection (data/ukb-b/manifest.tsv)	
ukb-b-8088	ukb-b-8088	PCT responsible for patient data: WAKEFIELD DISTRICT PCT			/local-scratch/data/opengwas/igd/ukb-b-8088/ukb-b-8088.vcf.gz					GRCh37							unassigned			unavailable		total	analysis_level	463010				all ukb-b traits in the OpenGWAS IGD collection (data/ukb-b/manifest.tsv)	
ukb-b-8089	ukb-b-8089	Cooked vegetable intake			/local-scratch/data/opengwas/igd/ukb-b-8089/ukb-b-8089.vcf.gz					GRCh37							unassigned			unavailable		total	analysis_level	448651				all ukb-b traits in the OpenGWAS IGD collection (data/ukb-b/manifest.tsv)	
ukb-b-8092	ukb-b-8092	Diagnoses - secondary ICD10: Z92.4 Personal history of major surgery, not elsewhere classified			/local-scratch/data/opengwas/igd/ukb-b-8092/ukb-b-8092.vcf.gz					GRCh37							unassigned			unavailable		total	analysis_level	463010				all ukb-b traits in the OpenGWAS IGD collection (data/ukb-b/manifest.tsv)	
ukb-b-8102	ukb-b-8102	Types of spreads/sauces consumed: Low fat mayonnaise			/local-scratch/data/opengwas/igd/ukb-b-8102/ukb-b-8102.vcf.gz					GRCh37							unassigned			unavailable		total	analysis_level	64949				all ukb-b traits in the OpenGWAS IGD collection (data/ukb-b/manifest.tsv)	
ukb-b-8105	ukb-b-8105	External causes: Y83.2 Surgical operation with anastomosis, bypass or graft			/local-scratch/data/opengwas/igd/ukb-b-8105/ukb-b-8105.vcf.gz					GRCh37							unassigned			unavailable		total	analysis_level	463010				all ukb-b traits in the OpenGWAS IGD collection (data/ukb-b/manifest.tsv)	
ukb-b-8106	ukb-b-8106	Operative procedures - main OPCS: F12.1 Apicectomy of tooth			/local-scratch/data/opengwas/igd/ukb-b-8106/ukb-b-8106.vcf.gz					GRCh37							unassigned			unavailable		total	analysis_level	463010				all ukb-b traits in the OpenGWAS IGD collection (data/ukb-b/manifest.tsv)	
ukb-b-8107	ukb-b-8107	Operative procedures - secondary OPCS: R14.1 Forewater rupture of amniotic membrane			/local-scratch/data/opengwas/igd/ukb-b-8107/ukb-b-8107.vcf.gz					GRCh37							unassigned			unavailable		total	analysis_level	463010				all ukb-b traits in the OpenGWAS IGD collection (data/ukb-b/manifest.tsv)	
ukb-b-8114	ukb-b-8114	Treatment speciality of consultant (recoded): Nephrology			/local-scratch/data/opengwas/igd/ukb-b-8114/ukb-b-8114.vcf.gz					GRCh37							unassigned			unavailable		total	analysis_level	444092				all ukb-b traits in the OpenGWAS IGD collection (data/ukb-b/manifest.tsv)	
ukb-b-8115	ukb-b-8115	Operative procedures - secondary OPCS: Z27.8 Specified upper digestive tract NEC			/local-scratch/data/opengwas/igd/ukb-b-8115/ukb-b-8115.vcf.gz					GRCh37							unassigned			unavailable		total	analysis_level	463010				all ukb-b traits in the OpenGWAS IGD collection (data/ukb-b/manifest.tsv)	
ukb-b-812	ukb-b-812	Spinach intake			/local-scratch/data/opengwas/igd/ukb-b-812/ukb-b-812.vcf.gz					GRCh37							unassigned			unavailable		total	analysis_level	64949				all ukb-b traits in the OpenGWAS IGD collection (data/ukb-b/manifest.tsv)	
ukb-b-8121	ukb-b-8121	Salt added to food			/local-scratch/data/opengwas/igd/ukb-b-8121/ukb-b-8121.vcf.gz					GRCh37							unassigned			unavailable		total	analysis_level	462630				all ukb-b traits in the OpenGWAS IGD collection (data/ukb-b/manifest.tsv)	
ukb-b-8124	ukb-b-8124	Onion intake			/local-scratch/data/opengwas/igd/ukb-b-8124/ukb-b-8124.vcf.gz					GRCh37							unassigned			unavailable		total	analysis_level	64949				all ukb-b traits in the OpenGWAS IGD collection (data/ukb-b/manifest.tsv)	
ukb-b-8131	ukb-b-8131	Operative procedures - main OPCS: H25.1 Diagnostic endoscopic examination of lower bowel and biopsy of lesion of lower bowel using fibreoptic sigmoidoscope			/local-scratch/data/opengwas/igd/ukb-b-8131/ukb-b-8131.vcf.gz					GRCh37							unassigned			unavailable		total	analysis_level	463010				all ukb-b traits in the OpenGWAS IGD collection (data/ukb-b/manifest.tsv)	
ukb-b-8133	ukb-b-8133	Light smokers, at least 100 smokes in lifetime			/local-scratch/data/opengwas/igd/ukb-b-8133/ukb-b-8133.vcf.gz					GRCh37							unassigned			unavailable		total	analysis_level	123894				all ukb-b traits in the OpenGWAS IGD collection (data/ukb-b/manifest.tsv)	
ukb-b-8136	ukb-b-8136	Operative procedures - main OPCS: W38.1 Primary total prosthetic replacement of hip joint not using cement			/local-scratch/data/opengwas/igd/ukb-b-8136/ukb-b-8136.vcf.gz					GRCh37							unassigned			unavailable		total	analysis_level	463010				all ukb-b traits in the OpenGWAS IGD collection (data/ukb-b/manifest.tsv)	
ukb-b-8146	ukb-b-8146	Medication for pain relief, constipation, heartburn: Ranitidine (e.g. Zantac)			/local-scratch/data/opengwas/igd/ukb-b-8146/ukb-b-8146.vcf.gz					GRCh37							unassigned			unavailable		total	analysis_level	457547				all ukb-b traits in the OpenGWAS IGD collection (data/ukb-b/manifest.tsv)	
ukb-b-8147	ukb-b-8147	Treatment/medication code: paracetamol			/local-scratch/data/opengwas/igd/ukb-b-8147/ukb-b-8147.vcf.gz					GRCh37							unassigned			unavailable		total	analysis_level	462933				all ukb-b traits in the OpenGWAS IGD collection (data/ukb-b/manifest.tsv)	
ukb-b-8161	ukb-b-8161	Diagnoses - secondary ICD10: R10.3 Pain localised to other parts of lower abdomen			/local-scratch/data/opengwas/igd/ukb-b-8161/ukb-b-8161.vcf.gz					GRCh37							unassigned			unavailable		total	analysis_level	463010				all ukb-b traits in the OpenGWAS IGD collection (data/ukb-b/manifest.tsv)	
ukb-b-8172	ukb-b-8172	Treatment/medication code: lercanidipine			/local-scratch/data/opengwas/igd/ukb-b-8172/ukb-b-8172.vcf.gz					GRCh37							unassigned			unavailable		total	analysis_level	462933				all ukb-b traits in the OpenGWAS IGD collection (data/ukb-b/manifest.tsv)	
ukb-b-8184	ukb-b-8184	Diagnoses - secondary ICD10: I25.9 Chronic ischaemic heart disease, unspecified			/local-scratch/data/opengwas/igd/ukb-b-8184/ukb-b-8184.vcf.gz					GRCh37							unassigned			unavailable		total	analysis_level	463010				all ukb-b traits in the OpenGWAS IGD collection (data/ukb-b/manifest.tsv)	
ukb-b-8193	ukb-b-8193	Cancer code, self-reported: bladder cancer			/local-scratch/data/opengwas/igd/ukb-b-8193/ukb-b-8193.vcf.gz					GRCh37							unassigned			unavailable		total	analysis_level	462933				all ukb-b traits in the OpenGWAS IGD collection (data/ukb-b/manifest.tsv)	
ukb-b-8194	ukb-b-8194	Non-cancer illness code, self-reported: sciatica			/local-scratch/data/opengwas/igd/ukb-b-8194/ukb-b-8194.vcf.gz					GRCh37							unassigned			unavailable		total	analysis_level	462933				all ukb-b traits in the OpenGWAS IGD collection (data/ukb-b/manifest.tsv)	
ukb-b-8196	ukb-b-8196	Ever highly irritable/argumentative for 2 days			/local-scratch/data/opengwas/igd/ukb-b-8196/ukb-b-8196.vcf.gz					GRCh37							unassigned			unavailable		total	analysis_level	149501				all ukb-b traits in the OpenGWAS IGD collection (data/ukb-b/manifest.tsv)	
ukb-b-8197	ukb-b-8197	PCT where patients GP was registered: DERBY CITY PCT			/local-scratch/data/opengwas/igd/ukb-b-8197/ukb-b-8197.vcf.gz					GRCh37							unassigned			unavailable		total	analysis_level	463010				all ukb-b traits in the OpenGWAS IGD collection (data/ukb-b/manifest.tsv)	
ukb-b-8201	ukb-b-8201	Non-cancer illness code, self-reported: joint disorder			/local-scratch/data/opengwas/igd/ukb-b-8201/ukb-b-8201.vcf.gz					GRCh37							unassigned			unavailable		total	analysis_level	462933				all ukb-b traits in the OpenGWAS IGD collection (data/ukb-b/manifest.tsv)	
ukb-b-8205	ukb-b-8205	PCT where patients GP was registered: CAMDEN PCT			/local-scratch/data/opengwas/igd/ukb-b-8205/ukb-b-8205.vcf.gz					GRCh37							unassigned			unavailable		total	analysis_level	463010				all ukb-b traits in the OpenGWAS IGD collection (data/ukb-b/manifest.tsv)	
ukb-b-8210	ukb-b-8210	Non-cancer illness code, self-reported: crohns disease			/local-scratch/data/opengwas/igd/ukb-b-8210/ukb-b-8210.vcf.gz					GRCh37							unassigned			unavailable		total	analysis_level	462933				all ukb-b traits in the OpenGWAS IGD collection (data/ukb-b/manifest.tsv)	
ukb-b-8213	ukb-b-8213	Diagnoses - main ICD10: M23.2 Derangement of meniscus due to old tear or injury			/local-scratch/data/opengwas/igd/ukb-b-8213/ukb-b-8213.vcf.gz					GRCh37							unassigned			unavailable		total	analysis_level	463010				all ukb-b traits in the OpenGWAS IGD collection (data/ukb-b/manifest.tsv)	
ukb-b-8221	ukb-b-8221	Fractured heel (left)			/local-scratch/data/opengwas/igd/ukb-b-8221/ukb-b-8221.vcf.gz					GRCh37							unassigned			unavailable		total	analysis_level	147338				all ukb-b traits in the OpenGWAS IGD collection (data/ukb-b/manifest.tsv)	
ukb-b-8229	ukb-b-8229	Non-cancer illness code, self-reported: arthritis (nos)			/local-scratch/data/opengwas/igd/ukb-b-8229/ukb-b-8229.vcf.gz					GRCh37							unassigned			unavailable		total	analysis_level	462933				all ukb-b traits in the OpenGWAS IGD collection (data/ukb-b/manifest.tsv)	
ukb-b-8236	ukb-b-8236	Treatment/medication code: evening primrose oil product			/local-scratch/data/opengwas/igd/ukb-b-8236/ukb-b-8236.vcf.gz					GRCh37							unassigned			unavailable		total	analysis_level	462933				all ukb-b traits in the OpenGWAS IGD collection (data/ukb-b/manifest.tsv)	
ukb-b-8241	ukb-b-8241	Treatment/medication code: prednisolone			/local-scratch/data/opengwas/igd/ukb-b-8241/ukb-b-8241.vcf.gz					GRCh37							unassigned			unavailable		total	analysis_level	462933				all ukb-b traits in the OpenGWAS IGD collection (data/ukb-b/manifest.tsv)	
ukb-b-8266	ukb-b-8266	Other egg intake			/local-scratch/data/opengwas/igd/ukb-b-8266/ukb-b-8266.vcf.gz					GRCh37							unassigned			unavailable		total	analysis_level	64942				all ukb-b traits in the OpenGWAS IGD collection (data/ukb-b/manifest.tsv)	
ukb-b-8268	ukb-b-8268	Diagnoses - main ICD10: K80.5 Calculus of bile duct without cholangitis or cholecystitis			/local-scratch/data/opengwas/igd/ukb-b-8268/ukb-b-8268.vcf.gz					GRCh37							unassigned			unavailable		total	analysis_level	463010				all ukb-b traits in the OpenGWAS IGD collection (data/ukb-b/manifest.tsv)	
ukb-b-8278	ukb-b-8278	Operation code: hernia surgery			/local-scratch/data/opengwas/igd/ukb-b-8278/ukb-b-8278.vcf.gz					GRCh37							unassigned			unavailable		total	analysis_level	462933				all ukb-b traits in the OpenGWAS IGD collection (data/ukb-b/manifest.tsv)	
ukb-b-8297	ukb-b-8297	Non-cancer illness code, self-reported: kidney stone/ureter stone/bladder stone			/local-scratch/data/opengwas/igd/ukb-b-8297/ukb-b-8297.vcf.gz					GRCh37							unassigned			unavailable		total	analysis_level	462933				all ukb-b traits in the OpenGWAS IGD collection (data/ukb-b/manifest.tsv)	
ukb-b-8301	ukb-b-8301	Treatment/medication code: co-codamol			/local-scratch/data/opengwas/igd/ukb-b-8301/ukb-b-8301.vcf.gz					GRCh37							unassigned			unavailable		total	analysis_level	462933				all ukb-b traits in the OpenGWAS IGD collection (data/ukb-b/manifest.tsv)	
ukb-b-8315	ukb-b-8315	Non-cancer illness code, self-reported: heart/cardiac problem			/local-scratch/data/opengwas/igd/ukb-b-8315/ukb-b-8315.vcf.gz					GRCh37							unassigned			unavailable		total	analysis_level	462933				all ukb-b traits in the OpenGWAS IGD collection (data/ukb-b/manifest.tsv)	
ukb-b-8316	ukb-b-8316	Speech-reception-threshold (SRT) estimate (right)			/local-scratch/data/opengwas/igd/ukb-b-8316/ukb-b-8316.vcf.gz					GRCh37							unassigned			unavailable		total	analysis_level	146031				all ukb-b traits in the OpenGWAS IGD collection (data/ukb-b/manifest.tsv)	
ukb-b-8329	ukb-b-8329	Eye problems/disorders: Cataract			/local-scratch/data/opengwas/igd/ukb-b-8329/ukb-b-8329.vcf.gz					GRCh37							unassigned			unavailable		total	analysis_level	150642				all ukb-b traits in the OpenGWAS IGD collection (data/ukb-b/manifest.tsv)	
ukb-b-8338	ukb-b-8338	Arm fat mass (left)			/local-scratch/data/opengwas/igd/ukb-b-8338/ukb-b-8338.vcf.gz					GRCh37							unassigned			unavailable		total	analysis_level	454684				all ukb-b traits in the OpenGWAS IGD collection (data/ukb-b/manifest.tsv)	
ukb-b-8348	ukb-b-8348	Diagnoses - secondary ICD10: K62.1 Rectal polyp			/local-scratch/data/opengwas/igd/ukb-b-8348/ukb-b-8348.vcf.gz					GRCh37							unassigned			unavailable		total	analysis_level	463010				all ukb-b traits in the OpenGWAS IGD collection (data/ukb-b/manifest.tsv)	
ukb-b-8369	ukb-b-8369	Saturated fat			/local-scratch/data/opengwas/igd/ukb-b-8369/ukb-b-8369.vcf.gz					GRCh37							unassigned			unavailable		total	analysis_level	64979				all ukb-b traits in the OpenGWAS IGD collection (data/ukb-b/manifest.tsv)	
ukb-b-837	ukb-b-837	Methods of discharge from hospital (recoded): Discharged on clinical advice/consent: Transfer to another provider			/local-scratch/data/opengwas/igd/ukb-b-837/ukb-b-837.vcf.gz					GRCh37							unassigned			unavailable		total	analysis_level	462220				all ukb-b traits in the OpenGWAS IGD collection (data/ukb-b/manifest.tsv)	
ukb-b-8374	ukb-b-8374	Cappuccino intake			/local-scratch/data/opengwas/igd/ukb-b-8374/ukb-b-8374.vcf.gz					GRCh37							unassigned			unavailable		total	analysis_level	64942				all ukb-b traits in the OpenGWAS IGD collection (data/ukb-b/manifest.tsv)	
ukb-b-8379	ukb-b-8379	Operative procedures - main OPCS: W20.1 Primary open reduction of fracture of long bone and extramedullary fixation using plate NEC			/local-scratch/data/opengwas/igd/ukb-b-8379/ukb-b-8379.vcf.gz					GRCh37							unassigned			unavailable		total	analysis_level	463010				all ukb-b traits in the OpenGWAS IGD collection (data/ukb-b/manifest.tsv)	
ukb-b-8388	ukb-b-8388	Started insulin within one year diagnosis of diabetes			/local-scratch/data/opengwas/igd/ukb-b-8388/ukb-b-8388.vcf.gz					GRCh37							unassigned			unavailable		total	analysis_level	21241				all ukb-b traits in the OpenGWAS IGD collection (data/ukb-b/manifest.tsv)	
ukb-b-8390	ukb-b-8390	PCT responsible for patient data: HEYWOOD, MIDDLETON AND ROCHDALE PCT			/local-scratch/data/opengwas/igd/ukb-b-8390/ukb-b-8390.vcf.gz					GRCh37							unassigned			unavailable		total	analysis_level	463010				all ukb-b traits in the OpenGWAS IGD collection (data/ukb-b/manifest.tsv)	
ukb-b-8398	ukb-b-8398	Non-cancer illness code, self-reported: glaucoma			/local-scratch/data/opengwas/igd/ukb-b-8398/ukb-b-8398.vcf.gz					GRCh37							unassigned			unavailable		total	analysis_level	462933				all ukb-b traits in the OpenGWAS IGD collection (data/ukb-b/manifest.tsv)	
ukb-b-8416	ukb-b-8416	Type of cancer: ICD10: C44.9 Malignant neoplasm of skin, unspecified			/local-scratch/data/opengwas/igd/ukb-b-8416/ukb-b-8416.vcf.gz					GRCh37							unassigned			unavailable		total	analysis_level	463010				all ukb-b traits in the OpenGWAS IGD collection (data/ukb-b/manifest.tsv)	
ukb-b-8425	ukb-b-8425	Non-cancer illness code, self-reported: nasal polyps			/local-scratch/data/opengwas/igd/ukb-b-8425/ukb-b-8425.vcf.gz					GRCh37							unassigned			unavailable		total	analysis_level	462933				all ukb-b traits in the OpenGWAS IGD collection (data/ukb-b/manifest.tsv)	
ukb-b-8428	ukb-b-8428	Forced expiratory volume in 1-second (FEV1), predicted			/local-scratch/data/opengwas/igd/ukb-b-8428/ukb-b-8428.vcf.gz					GRCh37							unassigned			unavailable		total	analysis_level	148653				all ukb-b traits in the OpenGWAS IGD collection (data/ukb-b/manifest.tsv)	
ukb-b-8442	ukb-b-8442	Intake of sugar added to tea			/local-scratch/data/opengwas/igd/ukb-b-8442/ukb-b-8442.vcf.gz					GRCh37							unassigned			unavailable		total	analysis_level	64949				all ukb-b traits in the OpenGWAS IGD collection (data/ukb-b/manifest.tsv)	
ukb-b-8446	ukb-b-8446	Answered sexual history questions			/local-scratch/data/opengwas/igd/ukb-b-8446/ukb-b-8446.vcf.gz					GRCh37							unassigned			unavailable		total	analysis_level	462725				all ukb-b traits in the OpenGWAS IGD collection (data/ukb-b/manifest.tsv)	
ukb-b-845	ukb-b-845	Heel quantitative ultrasound index (QUI), direct entry (left)			/local-scratch/data/opengwas/igd/ukb-b-845/ukb-b-845.vcf.gz					GRCh37							unassigned			unavailable		total	analysis_level	146226				all ukb-b traits in the OpenGWAS IGD collection (data/ukb-b/manifest.tsv)	
ukb-b-8463	ukb-b-8463	Back pain for 3+ months			/local-scratch/data/opengwas/igd/ukb-b-8463/ukb-b-8463.vcf.gz					GRCh37							unassigned			unavailable		total	analysis_level	117404				all ukb-b traits in the OpenGWAS IGD collection (data/ukb-b/manifest.tsv)	
ukb-b-8468	ukb-b-8468	Vascular/heart problems diagnosed by doctor: Angina			/local-scratch/data/opengwas/igd/ukb-b-8468/ukb-b-8468.vcf.gz					GRCh37							unassigned			unavailable		total	analysis_level	461880				all ukb-b traits in the OpenGWAS IGD collection (data/ukb-b/manifest.tsv)	
ukb-b-847	ukb-b-847	Operation code: reduction or fixation of bone fracture			/local-scratch/data/opengwas/igd/ukb-b-847/ukb-b-847.vcf.gz					GRCh37							unassigned			unavailable		total	analysis_level	462933				all ukb-b traits in the OpenGWAS IGD collection (data/ukb-b/manifest.tsv)	
ukb-b-8470	ukb-b-8470	Operation code: other bowel surgery			/local-scratch/data/opengwas/igd/ukb-b-8470/ukb-b-8470.vcf.gz					GRCh37							unassigned			unavailable		total	analysis_level	462933				all ukb-b traits in the OpenGWAS IGD collection (data/ukb-b/manifest.tsv)	
ukb-b-8476	ukb-b-8476	Loneliness, isolation			/local-scratch/data/opengwas/igd/ukb-b-8476/ukb-b-8476.vcf.gz					GRCh37							unassigned			unavailable		total	analysis_level	455364				all ukb-b traits in the OpenGWAS IGD collection (data/ukb-b/manifest.tsv)	
ukb-b-8491	ukb-b-8491	Operation code: other thoracic surgery			/local-scratch/data/opengwas/igd/ukb-b-8491/ukb-b-8491.vcf.gz					GRCh37							unassigned			unavailable		total	analysis_level	462933				all ukb-b traits in the OpenGWAS IGD collection (data/ukb-b/manifest.tsv)	
ukb-b-8517	ukb-b-8517	Non-cancer illness code, self-reported: urinary frequency / incontinence			/local-scratch/data/opengwas/igd/ukb-b-8517/ukb-b-8517.vcf.gz					GRCh37							unassigned			unavailable		total	analysis_level	462933				all ukb-b traits in the OpenGWAS IGD collection (data/ukb-b/manifest.tsv)	
ukb-b-8537	ukb-b-8537	Starch			/local-scratch/data/opengwas/igd/ukb-b-8537/ukb-b-8537.vcf.gz					GRCh37							unassigned			unavailable		total	analysis_level	64979				all ukb-b traits in the OpenGWAS IGD collection (data/ukb-b/manifest.tsv)	
ukb-b-8539	ukb-b-8539	Operative procedures - main OPCS: W15.3 Osteotomy of first metatarsal bone NEC			/local-scratch/data/opengwas/igd/ukb-b-8539/ukb-b-8539.vcf.gz					GRCh37							unassigned			unavailable		total	analysis_level	463010				all ukb-b traits in the OpenGWAS IGD collection (data/ukb-b/manifest.tsv)	
ukb-b-8543	ukb-b-8543	PCT responsible for patient data: SALFORD PCT			/local-scratch/data/opengwas/igd/ukb-b-8543/ukb-b-8543.vcf.gz					GRCh37							unassigned			unavailable		total	analysis_level	463010				all ukb-b traits in the OpenGWAS IGD collection (data/ukb-b/manifest.tsv)	
ukb-b-8549	ukb-b-8549	Diagnoses - main ICD10: D24 Benign neoplasm of breast			/local-scratch/data/opengwas/igd/ukb-b-8549/ukb-b-8549.vcf.gz					GRCh37							unassigned			unavailable		total	analysis_level	463010				all ukb-b traits in the OpenGWAS IGD collection (data/ukb-b/manifest.tsv)	
ukb-b-8553	ukb-b-8553	Decaffeinated tea			/local-scratch/data/opengwas/igd/ukb-b-8553/ukb-b-8553.vcf.gz					GRCh37							unassigned			unavailable		total	analysis_level	64949				all ukb-b traits in the OpenGWAS IGD collection (data/ukb-b/manifest.tsv)	
ukb-b-8566	ukb-b-8566	Operative procedures - main OPCS: W84.8 Other specified therapeutic endoscopic operations on other joint structure			/local-scratch/data/opengwas/igd/ukb-b-8566/ukb-b-8566.vcf.gz					GRCh37							unassigned			unavailable		total	analysis_level	463010				all ukb-b traits in the OpenGWAS IGD collection (data/ukb-b/manifest.tsv)	
ukb-b-8572	ukb-b-8572	Operative procedures - main OPCS: P23.1 Anterior and posterior colporrhaphy NEC			/local-scratch/data/opengwas/igd/ukb-b-8572/ukb-b-8572.vcf.gz					GRCh37							unassigned			unavailable		total	analysis_level	463010				all ukb-b traits in the OpenGWAS IGD collection (data/ukb-b/manifest.tsv)	
ukb-b-8587	ukb-b-8587	Treatment/medication code: beclomethasone			/local-scratch/data/opengwas/igd/ukb-b-8587/ukb-b-8587.vcf.gz					GRCh37							unassigned			unavailable		total	analysis_level	462933				all ukb-b traits in the OpenGWAS IGD collection (data/ukb-b/manifest.tsv)	
ukb-b-8602	ukb-b-8602	Treatment/medication code: gliclazide			/local-scratch/data/opengwas/igd/ukb-b-8602/ukb-b-8602.vcf.gz					GRCh37							unassigned			unavailable		total	analysis_level	462933				all ukb-b traits in the OpenGWAS IGD collection (data/ukb-b/manifest.tsv)	
ukb-b-8607	ukb-b-8607	Ankle spacing width (right)			/local-scratch/data/opengwas/igd/ukb-b-8607/ukb-b-8607.vcf.gz					GRCh37							unassigned			unavailable		total	analysis_level	146181				all ukb-b traits in the OpenGWAS IGD collection (data/ukb-b/manifest.tsv)	
ukb-b-8621	ukb-b-8621	Operative procedures - main OPCS: M47.9 Unspecified urethral catheterisation of bladder			/local-scratch/data/opengwas/igd/ukb-b-8621/ukb-b-8621.vcf.gz					GRCh37							unassigned			unavailable		total	analysis_level	463010				all ukb-b traits in the OpenGWAS IGD collection (data/ukb-b/manifest.tsv)	
ukb-b-8624	ukb-b-8624	Treatment/medication code: vagifem 25mcg pessary			/local-scratch/data/opengwas/igd/ukb-b-8624/ukb-b-8624.vcf.gz					GRCh37							unassigned			unavailable		total	analysis_level	462933				all ukb-b traits in the OpenGWAS IGD collection (data/ukb-b/manifest.tsv)	
ukb-b-8631	ukb-b-8631	Non-cancer illness code, self-reported: malabsorption/coeliac disease			/local-scratch/data/opengwas/igd/ukb-b-8631/ukb-b-8631.vcf.gz					GRCh37							unassigned			unavailable		total	analysis_level	462933				all ukb-b traits in the OpenGWAS IGD collection (data/ukb-b/manifest.tsv)	
ukb-b-8633	ukb-b-8633	Main speciality of consultant (recoded): Gastroenterology			/local-scratch/data/opengwas/igd/ukb-b-8633/ukb-b-8633.vcf.gz					GRCh37							unassigned			unavailable		total	analysis_level	461504				all ukb-b traits in the OpenGWAS IGD collection (data/ukb-b/manifest.tsv)	
ukb-b-8637	ukb-b-8637	Non-cancer illness code, self-reported: retinal detachment			/local-scratch/data/opengwas/igd/ukb-b-8637/ukb-b-8637.vcf.gz					GRCh37							unassigned			unavailable		total	analysis_level	462933				all ukb-b traits in the OpenGWAS IGD collection (data/ukb-b/manifest.tsv)	
ukb-b-8648	ukb-b-8648	Operative procedures - secondary OPCS: X33.9 Unspecified other blood transfusion			/local-scratch/data/opengwas/igd/ukb-b-8648/ukb-b-8648.vcf.gz					GRCh37							unassigned			unavailable		total	analysis_level	463010				all ukb-b traits in the OpenGWAS IGD collection (data/ukb-b/manifest.tsv)	
ukb-b-8650	ukb-b-8650	Non-cancer illness code, self-reported: angina			/local-scratch/data/opengwas/igd/ukb-b-8650/ukb-b-8650.vcf.gz					GRCh37							unassigned			unavailable		total	analysis_level	462933				all ukb-b traits in the OpenGWAS IGD collection (data/ukb-b/manifest.tsv)	
ukb-b-8659	ukb-b-8659	Type of yogurt eaten: Full fat yogurt consumers			/local-scratch/data/opengwas/igd/ukb-b-8659/ukb-b-8659.vcf.gz					GRCh37							unassigned			unavailable		total	analysis_level	64949				all ukb-b traits in the OpenGWAS IGD collection (data/ukb-b/manifest.tsv)	
ukb-b-8667	ukb-b-8667	Treatment speciality of consultant (recoded): Trauma & orthopaedics			/local-scratch/data/opengwas/igd/ukb-b-8667/ukb-b-8667.vcf.gz					GRCh37							unassigned			unavailable		total	analysis_level	448516				all ukb-b traits in the OpenGWAS IGD collection (data/ukb-b/manifest.tsv)	
ukb-b-8668	ukb-b-8668	Treatment/medication code: doxazosin			/local-scratch/data/opengwas/igd/ukb-b-8668/ukb-b-8668.vcf.gz					GRCh37							unassigned			unavailable		total	analysis_level	462933				all ukb-b traits in the OpenGWAS IGD collection (data/ukb-b/manifest.tsv)	
ukb-b-8670	ukb-b-8670	PCT responsible for patient data: KNOWSLEY PCT			/local-scratch/data/opengwas/igd/ukb-b-8670/ukb-b-8670.vcf.gz					GRCh37							unassigned			unavailable		total	analysis_level	463010				all ukb-b traits in the OpenGWAS IGD collection (data/ukb-b/manifest.tsv)	
ukb-b-8676	ukb-b-8676	Stewed fruit intake			/local-scratch/data/opengwas/igd/ukb-b-8676/ukb-b-8676.vcf.gz					GRCh37							unassigned			unavailable		total	analysis_level	64942				all ukb-b traits in the OpenGWAS IGD collection (data/ukb-b/manifest.tsv)	
ukb-b-868	ukb-b-868	Operative procedures - secondary OPCS: Z49.1 Skin of breast			/local-scratch/data/opengwas/igd/ukb-b-868/ukb-b-868.vcf.gz					GRCh37							unassigned			unavailable		total	analysis_level	463010				all ukb-b traits in the OpenGWAS IGD collection (data/ukb-b/manifest.tsv)	
ukb-b-8685	ukb-b-8685	Diagnoses - secondary ICD10: N85.8 Other specified noninflammatory disorders of uterus			/local-scratch/data/opengwas/igd/ukb-b-8685/ukb-b-8685.vcf.gz					GRCh37							unassigned			unavailable		total	analysis_level	463010				all ukb-b traits in the OpenGWAS IGD collection (data/ukb-b/manifest.tsv)	
ukb-b-8687	ukb-b-8687	PCT responsible for patient data: DERBY CITY PCT			/local-scratch/data/opengwas/igd/ukb-b-8687/ukb-b-8687.vcf.gz					GRCh37							unassigned			unavailable		total	analysis_level	463010				all ukb-b traits in the OpenGWAS IGD collection (data/ukb-b/manifest.tsv)	
ukb-b-8694	ukb-b-8694	PCT responsible for patient data: CALDERDALE PCT			/local-scratch/data/opengwas/igd/ukb-b-8694/ukb-b-8694.vcf.gz					GRCh37							unassigned			unavailable		total	analysis_level	463010				all ukb-b traits in the OpenGWAS IGD collection (data/ukb-b/manifest.tsv)	
ukb-b-8699	ukb-b-8699	PCT where patients GP was registered: CENTRAL MANCHESTER PCT			/local-scratch/data/opengwas/igd/ukb-b-8699/ukb-b-8699.vcf.gz					GRCh37							unassigned			unavailable		total	analysis_level	463010				all ukb-b traits in the OpenGWAS IGD collection (data/ukb-b/manifest.tsv)	
ukb-b-8703	ukb-b-8703	PCT where patients GP was registered: WINDSOR, ASCOT AND MAIDENHEAD PCT			/local-scratch/data/opengwas/igd/ukb-b-8703/ukb-b-8703.vcf.gz					GRCh37							unassigned			unavailable		total	analysis_level	463010				all ukb-b traits in the OpenGWAS IGD collection (data/ukb-b/manifest.tsv)	
ukb-b-8707	ukb-b-8707	Diagnoses - main ICD10: J22 Unspecified acute lower respiratory infection			/local-scratch/data/opengwas/igd/ukb-b-8707/ukb-b-8707.vcf.gz					GRCh37							unassigned			unavailable		total	analysis_level	463010				all ukb-b traits in the OpenGWAS IGD collection (data/ukb-b/manifest.tsv)	
ukb-b-8714	ukb-b-8714	Vascular/heart problems diagnosed by doctor: Stroke			/local-scratch/data/opengwas/igd/ukb-b-8714/ukb-b-8714.vcf.gz					GRCh37							unassigned			unavailable		total	analysis_level	461880				all ukb-b traits in the OpenGWAS IGD collection (data/ukb-b/manifest.tsv)	
ukb-b-872	ukb-b-872	Operation code: transurethral resection of prostate (turp)			/local-scratch/data/opengwas/igd/ukb-b-872/ukb-b-872.vcf.gz					GRCh37							unassigned			unavailable		total	analysis_level	462933				all ukb-b traits in the OpenGWAS IGD collection (data/ukb-b/manifest.tsv)	
ukb-b-8720	ukb-b-8720	Non-cancer illness code, self-reported: pernicious anaemia			/local-scratch/data/opengwas/igd/ukb-b-8720/ukb-b-8720.vcf.gz					GRCh37							unassigned			unavailable		total	analysis_level	462933				all ukb-b traits in the OpenGWAS IGD collection (data/ukb-b/manifest.tsv)	
ukb-b-8724	ukb-b-8724	Operative procedures - secondary OPCS: Y82.8 Other specified local anaesthetic			/local-scratch/data/opengwas/igd/ukb-b-8724/ukb-b-8724.vcf.gz					GRCh37							unassigned			unavailable		total	analysis_level	463010				all ukb-b traits in the OpenGWAS IGD collection (data/ukb-b/manifest.tsv)	
ukb-b-8727	ukb-b-8727	Age at last live birth			/local-scratch/data/opengwas/igd/ukb-b-8727/ukb-b-8727.vcf.gz					GRCh37							unassigned			unavailable		total	analysis_level	170248				all ukb-b traits in the OpenGWAS IGD collection (data/ukb-b/manifest.tsv)	
ukb-b-873	ukb-b-873	Fractured bone site(s): Spine			/local-scratch/data/opengwas/igd/ukb-b-873/ukb-b-873.vcf.gz					GRCh37							unassigned			unavailable		total	analysis_level	460340				all ukb-b traits in the OpenGWAS IGD collection (data/ukb-b/manifest.tsv)	
ukb-b-8746	ukb-b-8746	Illnesses of siblings: High blood pressure			/local-scratch/data/opengwas/igd/ukb-b-8746/ukb-b-8746.vcf.gz					GRCh37							unassigned			unavailable		total	analysis_level	364661				all ukb-b traits in the OpenGWAS IGD collection (data/ukb-b/manifest.tsv)	
ukb-b-8755	ukb-b-8755	Treatment/medication code: aspirin			/local-scratch/data/opengwas/igd/ukb-b-8755/ukb-b-8755.vcf.gz					GRCh37							unassigned			unavailable		total	analysis_level	462933				all ukb-b traits in the OpenGWAS IGD collection (data/ukb-b/manifest.tsv)	
ukb-b-8759	ukb-b-8759	Crispbread intake			/local-scratch/data/opengwas/igd/ukb-b-8759/ukb-b-8759.vcf.gz					GRCh37							unassigned			unavailable		total	analysis_level	64949				all ukb-b traits in the OpenGWAS IGD collection (data/ukb-b/manifest.tsv)	
ukb-b-8764	ukb-b-8764	Types of physical activity in last 4 weeks: Other exercises (eg: swimming, cycling, keep fit, bowling)			/local-scratch/data/opengwas/igd/ukb-b-8764/ukb-b-8764.vcf.gz					GRCh37							unassigned			unavailable		total	analysis_level	460376				all ukb-b traits in the OpenGWAS IGD collection (data/ukb-b/manifest.tsv)	
ukb-b-8765	ukb-b-8765	Other grain intake			/local-scratch/data/opengwas/igd/ukb-b-8765/ukb-b-8765.vcf.gz					GRCh37							unassigned			unavailable		total	analysis_level	64949				all ukb-b traits in the OpenGWAS IGD collection (data/ukb-b/manifest.tsv)	
ukb-b-8777	ukb-b-8777	Cancer code, self-reported: cervical cancer			/local-scratch/data/opengwas/igd/ukb-b-8777/ukb-b-8777.vcf.gz					GRCh37							unassigned			unavailable		total	analysis_level	462933				all ukb-b traits in the OpenGWAS IGD collection (data/ukb-b/manifest.tsv)	
ukb-b-8778	ukb-b-8778	Pulse wave peak to peak time			/local-scratch/data/opengwas/igd/ukb-b-8778/ukb-b-8778.vcf.gz					GRCh37							unassigned			unavailable		total	analysis_level	151466				all ukb-b traits in the OpenGWAS IGD collection (data/ukb-b/manifest.tsv)	
ukb-b-8792	ukb-b-8792	Operative procedures - main OPCS: H48.2 Excision of skin tag of anus			/local-scratch/data/opengwas/igd/ukb-b-8792/ukb-b-8792.vcf.gz					GRCh37							unassigned			unavailable		total	analysis_level	463010				all ukb-b traits in the OpenGWAS IGD collection (data/ukb-b/manifest.tsv)	
ukb-b-8793	ukb-b-8793	Squash intake			/local-scratch/data/opengwas/igd/ukb-b-8793/ukb-b-8793.vcf.gz					GRCh37							unassigned			unavailable		total	analysis_level	64949				all ukb-b traits in the OpenGWAS IGD collection (data/ukb-b/manifest.tsv)	
ukb-b-8797	ukb-b-8797	PCT responsible for patient data: SOLIHULL CARE TRUST			/local-scratch/data/opengwas/igd/ukb-b-8797/ukb-b-8797.vcf.gz					GRCh37							unassigned			unavailable		total	analysis_level	463010				all ukb-b traits in the OpenGWAS IGD collection (data/ukb-b/manifest.tsv)	
ukb-b-8798	ukb-b-8798	Operative procedures - secondary OPCS: Y53.4 Approach to organ under fluoroscopic control			/local-scratch/data/opengwas/igd/ukb-b-8798/ukb-b-8798.vcf.gz					GRCh37							unassigned			unavailable		total	analysis_level	463010				all ukb-b traits in the OpenGWAS IGD collection (data/ukb-b/manifest.tsv)	
ukb-b-8800	ukb-b-8800	Interpolated Year when cancer first diagnosed			/local-scratch/data/opengwas/igd/ukb-b-8800/ukb-b-8800.vcf.gz					GRCh37							unassigned			unavailable		total	analysis_level	39107				all ukb-b traits in the OpenGWAS IGD collection (data/ukb-b/manifest.tsv)	
ukb-b-8810	ukb-b-8810	Current employment status: Doing unpaid or voluntary work			/local-scratch/data/opengwas/igd/ukb-b-8810/ukb-b-8810.vcf.gz					GRCh37							unassigned			unavailable		total	analysis_level	461242				all ukb-b traits in the OpenGWAS IGD collection (data/ukb-b/manifest.tsv)	
ukb-b-8814	ukb-b-8814	Diagnoses - main ICD10: N39.0 Urinary tract infection, site not specified			/local-scratch/data/opengwas/igd/ukb-b-8814/ukb-b-8814.vcf.gz					GRCh37							unassigned			unavailable		total	analysis_level	463010				all ukb-b traits in the OpenGWAS IGD collection (data/ukb-b/manifest.tsv)	
ukb-b-8837	ukb-b-8837	Cancer code, self-reported: basal cell carcinoma			/local-scratch/data/opengwas/igd/ukb-b-8837/ukb-b-8837.vcf.gz					GRCh37							unassigned			unavailable		total	analysis_level	462933				all ukb-b traits in the OpenGWAS IGD collection (data/ukb-b/manifest.tsv)	
ukb-b-8838	ukb-b-8838	PCT responsible for patient data: CENTRAL AND EASTERN CHESHIRE PCT			/local-scratch/data/opengwas/igd/ukb-b-8838/ukb-b-8838.vcf.gz					GRCh37							unassigned			unavailable		total	analysis_level	463010				all ukb-b traits in the OpenGWAS IGD collection (data/ukb-b/manifest.tsv)	
ukb-b-8842	ukb-b-8842	PCT where patients GP was registered: SOLIHULL PCT			/local-scratch/data/opengwas/igd/ukb-b-8842/ukb-b-8842.vcf.gz					GRCh37							unassigned			unavailable		total	analysis_level	463010				all ukb-b traits in the OpenGWAS IGD collection (data/ukb-b/manifest.tsv)	
ukb-b-8846	ukb-b-8846	Methods of admission to hospital (recoded): Elective admission: Booked			/local-scratch/data/opengwas/igd/ukb-b-8846/ukb-b-8846.vcf.gz					GRCh37							unassigned			unavailable		total	analysis_level	462717				all ukb-b traits in the OpenGWAS IGD collection (data/ukb-b/manifest.tsv)	
ukb-b-8848	ukb-b-8848	Diagnoses - main ICD10: K44.9 Diaphragmatic hernia without obstruction or gangrene			/local-scratch/data/opengwas/igd/ukb-b-8848/ukb-b-8848.vcf.gz					GRCh37							unassigned			unavailable		total	analysis_level	463010				all ukb-b traits in the OpenGWAS IGD collection (data/ukb-b/manifest.tsv)	
ukb-b-8855	ukb-b-8855	Diagnoses - secondary ICD10: I95.9 Hypotension, unspecified			/local-scratch/data/opengwas/igd/ukb-b-8855/ukb-b-8855.vcf.gz					GRCh37							unassigned			unavailable		total	analysis_level	463010				all ukb-b traits in the OpenGWAS IGD collection (data/ukb-b/manifest.tsv)	
ukb-b-8865	ukb-b-8865	Time spent doing light physical activity			/local-scratch/data/opengwas/igd/ukb-b-8865/ukb-b-8865.vcf.gz					GRCh37							unassigned			unavailable		total	analysis_level	64949				all ukb-b traits in the OpenGWAS IGD collection (data/ukb-b/manifest.tsv)	
ukb-b-8875	ukb-b-8875	Heel bone mineral density (BMD)			/local-scratch/data/opengwas/igd/ukb-b-8875/ukb-b-8875.vcf.gz					GRCh37							unassigned			unavailable		total	analysis_level	265627				all ukb-b traits in the OpenGWAS IGD collection (data/ukb-b/manifest.tsv)	
ukb-b-8877	ukb-b-8877	Diagnoses - secondary ICD10: B96.2 Escherichia coli [E. coli] as the cause of diseases classified to other chapters			/local-scratch/data/opengwas/igd/ukb-b-8877/ukb-b-8877.vcf.gz					GRCh37							unassigned			unavailable		total	analysis_level	463010				all ukb-b traits in the OpenGWAS IGD collection (data/ukb-b/manifest.tsv)	
ukb-b-8882	ukb-b-8882	Astigmatism angle (right)			/local-scratch/data/opengwas/igd/ukb-b-8882/ukb-b-8882.vcf.gz					GRCh37							unassigned			unavailable		total	analysis_level	99380				all ukb-b traits in the OpenGWAS IGD collection (data/ukb-b/manifest.tsv)	
ukb-b-8887	ukb-b-8887	Berry intake			/local-scratch/data/opengwas/igd/ukb-b-8887/ukb-b-8887.vcf.gz					GRCh37							unassigned			unavailable		total	analysis_level	64949				all ukb-b traits in the OpenGWAS IGD collection (data/ukb-b/manifest.tsv)	
ukb-b-8888	ukb-b-8888	Medication for pain relief, constipation, heartburn: Ibuprofen (e.g. Nurofen)			/local-scratch/data/opengwas/igd/ukb-b-8888/ukb-b-8888.vcf.gz					GRCh37							unassigned			unavailable		total	analysis_level	457547				all ukb-b traits in the OpenGWAS IGD collection (data/ukb-b/manifest.tsv)	
ukb-b-8893	ukb-b-8893	Manic/hyper symptoms: I was more talkative than usual			/local-scratch/data/opengwas/igd/ukb-b-8893/ukb-b-8893.vcf.gz					GRCh37							unassigned			unavailable		total	analysis_level	31317				all ukb-b traits in the OpenGWAS IGD collection (data/ukb-b/manifest.tsv)	
ukb-b-8902	ukb-b-8902	Type of sliced bread eaten: wholemeal			/local-scratch/data/opengwas/igd/ukb-b-8902/ukb-b-8902.vcf.gz					GRCh37							unassigned			unavailable		total	analysis_level	64949				all ukb-b traits in the OpenGWAS IGD collection (data/ukb-b/manifest.tsv)	
ukb-b-8906	ukb-b-8906	Knee pain for 3+ months			/local-scratch/data/opengwas/igd/ukb-b-8906/ukb-b-8906.vcf.gz					GRCh37							unassigned			unavailable		total	analysis_level	97889				all ukb-b traits in the OpenGWAS IGD collection (data/ukb-b/manifest.tsv)	
ukb-b-8909	ukb-b-8909	Body fat percentage			/local-scratch/data/opengwas/igd/ukb-b-8909/ukb-b-8909.vcf.gz					GRCh37							unassigned			unavailable		total	analysis_level	454633				all ukb-b traits in the OpenGWAS IGD collection (data/ukb-b/manifest.tsv)	
ukb-b-8917	ukb-b-8917	Other cereal intake			/local-scratch/data/opengwas/igd/ukb-b-8917/ukb-b-8917.vcf.gz					GRCh37							unassigned			unavailable		total	analysis_level	64949				all ukb-b traits in the OpenGWAS IGD collection (data/ukb-b/manifest.tsv)	
ukb-b-8929	ukb-b-8929	Interpolated Age of participant when non-cancer illness first diagnosed			/local-scratch/data/opengwas/igd/ukb-b-8929/ukb-b-8929.vcf.gz					GRCh37							unassigned			unavailable		total	analysis_level	342336				all ukb-b traits in the OpenGWAS IGD collection (data/ukb-b/manifest.tsv)	
ukb-b-8938	ukb-b-8938	Main speciality of consultant (recoded): Plastic surgery			/local-scratch/data/opengwas/igd/ukb-b-8938/ukb-b-8938.vcf.gz					GRCh37							unassigned			unavailable		total	analysis_level	461218				all ukb-b traits in the OpenGWAS IGD collection (data/ukb-b/manifest.tsv)	
ukb-b-8951	ukb-b-8951	Calcium			/local-scratch/data/opengwas/igd/ukb-b-8951/ukb-b-8951.vcf.gz					GRCh37							unassigned			unavailable		total	analysis_level	64979				all ukb-b traits in the OpenGWAS IGD collection (data/ukb-b/manifest.tsv)	
ukb-b-8961	ukb-b-8961	Non-cancer illness code, self-reported: chronic fatigue syndrome			/local-scratch/data/opengwas/igd/ukb-b-8961/ukb-b-8961.vcf.gz					GRCh37							unassigned			unavailable		total	analysis_level	462933				all ukb-b traits in the OpenGWAS IGD collection (data/ukb-b/manifest.tsv)	
ukb-b-898	ukb-b-898	Operative procedures - main OPCS: W37.1 Primary total prosthetic replacement of hip joint using cement			/local-scratch/data/opengwas/igd/ukb-b-898/ukb-b-898.vcf.gz					GRCh37							unassigned			unavailable		total	analysis_level	463010				all ukb-b traits in the OpenGWAS IGD collection (data/ukb-b/manifest.tsv)	
ukb-b-8988	ukb-b-8988	Diagnoses - main ICD10: K80.1 Calculus of gallbladder with other cholecystitis			/local-scratch/data/opengwas/igd/ukb-b-8988/ukb-b-8988.vcf.gz					GRCh37							unassigned			unavailable		total	analysis_level	463010				all ukb-b traits in the OpenGWAS IGD collection (data/ukb-b/manifest.tsv)	
ukb-b-9	ukb-b-9	PCT responsible for patient data: KIRKLEES PCT			/local-scratch/data/opengwas/igd/ukb-b-9/ukb-b-9.vcf.gz					GRCh37							unassigned			unavailable		total	analysis_level	463010				all ukb-b traits in the OpenGWAS IGD collection (data/ukb-b/manifest.tsv)	
ukb-b-9019	ukb-b-9019	Diagnoses - secondary ICD10: Z53.0 Procedure not carried out because of contraindication			/local-scratch/data/opengwas/igd/ukb-b-9019/ukb-b-9019.vcf.gz					GRCh37							unassigned			unavailable		total	analysis_level	463010				all ukb-b traits in the OpenGWAS IGD collection (data/ukb-b/manifest.tsv)	
ukb-b-9025	ukb-b-9025	Type of fat/oil used in cooking: Polyunsaturated margarine			/local-scratch/data/opengwas/igd/ukb-b-9025/ukb-b-9025.vcf.gz					GRCh37							unassigned			unavailable		total	analysis_level	64949				all ukb-b traits in the OpenGWAS IGD collection (data/ukb-b/manifest.tsv)	
ukb-b-9029	ukb-b-9029	Thickness of butter/margarine spread on bread rolls: thin			/local-scratch/data/opengwas/igd/ukb-b-9029/ukb-b-9029.vcf.gz					GRCh37							unassigned			unavailable		total	analysis_level	64949				all ukb-b traits in the OpenGWAS IGD collection (data/ukb-b/manifest.tsv)	
ukb-b-9038	ukb-b-9038	Main speciality of consultant (recoded): Ophthalmology			/local-scratch/data/opengwas/igd/ukb-b-9038/ukb-b-9038.vcf.gz					GRCh37							unassigned			unavailable		total	analysis_level	461230				all ukb-b traits in the OpenGWAS IGD collection (data/ukb-b/manifest.tsv)	
ukb-b-9039	ukb-b-9039	Non-cancer illness code, self-reported: allergy/hypersensitivity/anaphylaxis			/local-scratch/data/opengwas/igd/ukb-b-9039/ukb-b-9039.vcf.gz					GRCh37							unassigned			unavailable		total	analysis_level	462933				all ukb-b traits in the OpenGWAS IGD collection (data/ukb-b/manifest.tsv)	
ukb-b-9040	ukb-b-9040	Operative procedures - main OPCS: R18.2 Lower uterine segment caesarean delivery NEC			/local-scratch/data/opengwas/igd/ukb-b-9040/ukb-b-9040.vcf.gz					GRCh37							unassigned			unavailable		total	analysis_level	463010				all ukb-b traits in the OpenGWAS IGD collection (data/ukb-b/manifest.tsv)	
ukb-b-9043	ukb-b-9043	Diagnoses - secondary ICD10: Z53.8 Procedure not carried out for other reasons			/local-scratch/data/opengwas/igd/ukb-b-9043/ukb-b-9043.vcf.gz					GRCh37							unassigned			unavailable		total	analysis_level	463010				all ukb-b traits in the OpenGWAS IGD collection (data/ukb-b/manifest.tsv)	
ukb-b-9049	ukb-b-9049	Illness, injury, bereavement, stress in last 2 years: Serious illness, injury or assault of a close relative			/local-scratch/data/opengwas/igd/ukb-b-9049/ukb-b-9049.vcf.gz					GRCh37							unassigned			unavailable		total	analysis_level	459742				all ukb-b traits in the OpenGWAS IGD collection (data/ukb-b/manifest.tsv)	
ukb-b-905	ukb-b-905	Cauliflower intake			/local-scratch/data/opengwas/igd/ukb-b-905/ukb-b-905.vcf.gz					GRCh37							unassigned			unavailable		total	analysis_level	64949				all ukb-b traits in the OpenGWAS IGD collection (data/ukb-b/manifest.tsv)	
ukb-b-9050	ukb-b-9050	Eye problems/disorders: Injury or trauma resulting in loss of vision			/local-scratch/data/opengwas/igd/ukb-b-9050/ukb-b-9050.vcf.gz					GRCh37							unassigned			unavailable		total	analysis_level	150642				all ukb-b traits in the OpenGWAS IGD collection (data/ukb-b/manifest.tsv)	
ukb-b-9052	ukb-b-9052	Speech-reception-threshold (SRT) estimate (left)			/local-scratch/data/opengwas/igd/ukb-b-9052/ukb-b-9052.vcf.gz					GRCh37							unassigned			unavailable		total	analysis_level	146131				all ukb-b traits in the OpenGWAS IGD collection (data/ukb-b/manifest.tsv)	
ukb-b-9054	ukb-b-9054	Leg pain in calf/calves			/local-scratch/data/opengwas/igd/ukb-b-9054/ukb-b-9054.vcf.gz					GRCh37							unassigned			unavailable		total	analysis_level	32862				all ukb-b traits in the OpenGWAS IGD collection (data/ukb-b/manifest.tsv)	
ukb-b-9056	ukb-b-9056	Current employment status: Looking after home and/or family			/local-scratch/data/opengwas/igd/ukb-b-9056/ukb-b-9056.vcf.gz					GRCh37							unassigned			unavailable		total	analysis_level	461242				all ukb-b traits in the OpenGWAS IGD collection (data/ukb-b/manifest.tsv)	
ukb-b-9058	ukb-b-9058	Non-cancer illness code, self-reported: eye/eyelid problem			/local-scratch/data/opengwas/igd/ukb-b-9058/ukb-b-9058.vcf.gz					GRCh37							unassigned			unavailable		total	analysis_level	462933				all ukb-b traits in the OpenGWAS IGD collection (data/ukb-b/manifest.tsv)	
ukb-b-9074	ukb-b-9074	Diagnoses - main ICD10: N35.9 Urethral stricture, unspecified			/local-scratch/data/opengwas/igd/ukb-b-9074/ukb-b-9074.vcf.gz					GRCh37							unassigned			unavailable		total	analysis_level	463010				all ukb-b traits in the OpenGWAS IGD collection (data/ukb-b/manifest.tsv)	
ukb-b-9093	ukb-b-9093	Arm predicted mass (left)			/local-scratch/data/opengwas/igd/ukb-b-9093/ukb-b-9093.vcf.gz					GRCh37							unassigned			unavailable		total	analysis_level	454655				all ukb-b traits in the OpenGWAS IGD collection (data/ukb-b/manifest.tsv)	
ukb-b-9099	ukb-b-9099	3mm cylindrical power (right)			/local-scratch/data/opengwas/igd/ukb-b-9099/ukb-b-9099.vcf.gz					GRCh37							unassigned			unavailable		total	analysis_level	96007				all ukb-b traits in the OpenGWAS IGD collection (data/ukb-b/manifest.tsv)	
ukb-b-9107	ukb-b-9107	Diagnoses - secondary ICD10: C50.9 Breast, unspecified			/local-scratch/data/opengwas/igd/ukb-b-9107/ukb-b-9107.vcf.gz					GRCh37							unassigned			unavailable		total	analysis_level	463010				all ukb-b traits in the OpenGWAS IGD collection (data/ukb-b/manifest.tsv)	
ukb-b-9125	ukb-b-9125	Non-cancer illness code, self-reported: rheumatoid arthritis			/local-scratch/data/opengwas/igd/ukb-b-9125/ukb-b-9125.vcf.gz					GRCh37							unassigned			unavailable		total	analysis_level	462933				all ukb-b traits in the OpenGWAS IGD collection (data/ukb-b/manifest.tsv)	
ukb-b-9127	ukb-b-9127	Illnesses of father: Chronic bronchitis/emphysema			/local-scratch/data/opengwas/igd/ukb-b-9127/ukb-b-9127.vcf.gz					GRCh37							unassigned			unavailable		total	analysis_level	402389				all ukb-b traits in the OpenGWAS IGD collection (data/ukb-b/manifest.tsv)	
ukb-b-9130	ukb-b-9130	Pain type(s) experienced in last month: None of the above			/local-scratch/data/opengwas/igd/ukb-b-9130/ukb-b-9130.vcf.gz					GRCh37							unassigned			unavailable		total	analysis_level	461857				all ukb-b traits in the OpenGWAS IGD collection (data/ukb-b/manifest.tsv)	
ukb-b-9139	ukb-b-9139	Reason for glasses/contact lenses: For a 'lazy' eye or an eye with poor vision since childhood (called 'amblyopia')			/local-scratch/data/opengwas/igd/ukb-b-9139/ukb-b-9139.vcf.gz					GRCh37							unassigned			unavailable		total	analysis_level	460536				all ukb-b traits in the OpenGWAS IGD collection (data/ukb-b/manifest.tsv)	
ukb-b-9155	ukb-b-9155	Non-cancer illness code, self-reported: sleep apnoea			/local-scratch/data/opengwas/igd/ukb-b-9155/ukb-b-9155.vcf.gz					GRCh37							unassigned			unavailable		total	analysis_level	462933				all ukb-b traits in the OpenGWAS IGD collection (data/ukb-b/manifest.tsv)	
ukb-b-918	ukb-b-918	Type of cancer: ICD10: D06.9 Cervix, unspecified			/local-scratch/data/opengwas/igd/ukb-b-918/ukb-b-918.vcf.gz					GRCh37							unassigned			unavailable		total	analysis_level	463010				all ukb-b traits in the OpenGWAS IGD collection (data/ukb-b/manifest.tsv)	
ukb-b-9190	ukb-b-9190	Operation code: bunion/hallus valgus surgery			/local-scratch/data/opengwas/igd/ukb-b-9190/ukb-b-9190.vcf.gz					GRCh37							unassigned			unavailable		total	analysis_level	462933				all ukb-b traits in the OpenGWAS IGD collection (data/ukb-b/manifest.tsv)	
ukb-b-9207	ukb-b-9207	Treatment/medication code: amlodipine			/local-scratch/data/opengwas/igd/ukb-b-9207/ukb-b-9207.vcf.gz					GRCh37							unassigned			unavailable		total	analysis_level	462933				all ukb-b traits in the OpenGWAS IGD collection (data/ukb-b/manifest.tsv)	
ukb-b-9216	ukb-b-9216	Diagnoses - secondary ICD10: Z53.9 Procedure not carried out, unspecified reason			/local-scratch/data/opengwas/igd/ukb-b-9216/ukb-b-9216.vcf.gz					GRCh37							unassigned			unavailable		total	analysis_level	463010				all ukb-b traits in the OpenGWAS IGD collection (data/ukb-b/manifest.tsv)	
ukb-b-9224	ukb-b-9224	Treatment/medication code: symbicort 100/6 turbohaler			/local-scratch/data/opengwas/igd/ukb-b-9224/ukb-b-9224.vcf.gz					GRCh37							unassigned			unavailable		total	analysis_level	462933				all ukb-b traits in the OpenGWAS IGD collection (data/ukb-b/manifest.tsv)	
ukb-b-9242	ukb-b-9242	Operative procedures - main OPCS: K75.1 Percutaneous transluminal balloon angioplasty and insertion of 1-2 drug-eluting stents into coronary artery			/local-scratch/data/opengwas/igd/ukb-b-9242/ukb-b-9242.vcf.gz					GRCh37							unassigned			unavailable		total	analysis_level	463010				all ukb-b traits in the OpenGWAS IGD collection (data/ukb-b/manifest.tsv)	
ukb-b-9253	ukb-b-9253	Destinations on discharge from hospital (recoded): Transfer within NHS provider			/local-scratch/data/opengwas/igd/ukb-b-9253/ukb-b-9253.vcf.gz					GRCh37							unassigned			unavailable		total	analysis_level	460758				all ukb-b traits in the OpenGWAS IGD collection (data/ukb-b/manifest.tsv)	
ukb-b-9261	ukb-b-9261	PCT responsible for patient data: LEEDS PCT			/local-scratch/data/opengwas/igd/ukb-b-9261/ukb-b-9261.vcf.gz					GRCh37							unassigned			unavailable		total	analysis_level	463010				all ukb-b traits in the OpenGWAS IGD collection (data/ukb-b/manifest.tsv)	
ukb-b-9263	ukb-b-9263	Operation code: inguinal/femoral hernia repair			/local-scratch/data/opengwas/igd/ukb-b-9263/ukb-b-9263.vcf.gz					GRCh37							unassigned			unavailable		total	analysis_level	462933				all ukb-b traits in the OpenGWAS IGD collection (data/ukb-b/manifest.tsv)	
ukb-b-9266	ukb-b-9266	PCT responsible for patient data: SEFTON PCT			/local-scratch/data/opengwas/igd/ukb-b-9266/ukb-b-9266.vcf.gz					GRCh37							unassigned			unavailable		total	analysis_level	463010				all ukb-b traits in the OpenGWAS IGD collection (data/ukb-b/manifest.tsv)	
ukb-b-9270	ukb-b-9270	Diagnoses - main ICD10: O68.0 Labour and delivery complicated by foetal heart rate anomaly			/local-scratch/data/opengwas/igd/ukb-b-9270/ukb-b-9270.vcf.gz					GRCh37							unassigned			unavailable		total	analysis_level	463010				all ukb-b traits in the OpenGWAS IGD collection (data/ukb-b/manifest.tsv)	
ukb-b-9275	ukb-b-9275	Type of fat/oil used in cooking: Olive spread			/local-scratch/data/opengwas/igd/ukb-b-9275/ukb-b-9275.vcf.gz					GRCh37							unassigned			unavailable		total	analysis_level	64949				all ukb-b traits in the OpenGWAS IGD collection (data/ukb-b/manifest.tsv)	
ukb-b-929	ukb-b-929	Frequency of tiredness / lethargy in last 2 weeks			/local-scratch/data/opengwas/igd/ukb-b-929/ukb-b-929.vcf.gz					GRCh37							unassigned			unavailable		total	analysis_level	449019				all ukb-b traits in the OpenGWAS IGD collection (data/ukb-b/manifest.tsv)	
ukb-b-9290	ukb-b-9290	Treatment/medication code: cetirizine			/local-scratch/data/opengwas/igd/ukb-b-9290/ukb-b-9290.vcf.gz					GRCh37							unassigned			unavailable		total	analysis_level	462933				all ukb-b traits in the OpenGWAS IGD collection (data/ukb-b/manifest.tsv)	
ukb-b-9294	ukb-b-9294	Operative procedures - secondary OPCS: K63.6 Coronary arteriography NEC			/local-scratch/data/opengwas/igd/ukb-b-9294/ukb-b-9294.vcf.gz					GRCh37							unassigned			unavailable		total	analysis_level	463010				all ukb-b traits in the OpenGWAS IGD collection (data/ukb-b/manifest.tsv)	
ukb-b-93	ukb-b-93	Operative procedures - secondary OPCS: T87.3 Excision or biopsy of axillary lymph node			/local-scratch/data/opengwas/igd/ukb-b-93/ukb-b-93.vcf.gz					GRCh37							unassigned			unavailable		total	analysis_level	463010				all ukb-b traits in the OpenGWAS IGD collection (data/ukb-b/manifest.tsv)	
ukb-b-930	ukb-b-930	Instant coffee intake			/local-scratch/data/opengwas/igd/ukb-b-930/ukb-b-930.vcf.gz					GRCh37							unassigned			unavailable		total	analysis_level	64949				all ukb-b traits in the OpenGWAS IGD collection (data/ukb-b/manifest.tsv)	
ukb-b-9306	ukb-b-9306	Non-cancer illness code, self-reported: back problem			/local-scratch/data/opengwas/igd/ukb-b-9306/ukb-b-9306.vcf.gz					GRCh37							unassigned			unavailable		total	analysis_level	462933				all ukb-b traits in the OpenGWAS IGD collection (data/ukb-b/manifest.tsv)	
ukb-b-9312	ukb-b-9312	Operative procedures - secondary OPCS: H22.1 Diagnostic fibreoptic endoscopic examination of colon and biopsy of lesion of colon			/local-scratch/data/opengwas/igd/ukb-b-9312/ukb-b-9312.vcf.gz					GRCh37							unassigned			unavailable		total	analysis_level	463010				all ukb-b traits in the OpenGWAS IGD collection (data/ukb-b/manifest.tsv)	
ukb-b-9319	ukb-b-9319	Operative procedures - secondary OPCS: M47.3 Removal of urethral catheter from bladder			/local-scratch/data/opengwas/igd/ukb-b-9319/ukb-b-9319.vcf.gz					GRCh37							unassigned			unavailable		total	analysis_level	463010				all ukb-b traits in the OpenGWAS IGD collection (data/ukb-b/manifest.tsv)	
ukb-b-9321	ukb-b-9321	Diagnoses - main ICD10: D12.8 Rectum			/local-scratch/data/opengwas/igd/ukb-b-9321/ukb-b-9321.vcf.gz					GRCh37							unassigned			unavailable		total	analysis_level	463010				all ukb-b traits in the OpenGWAS IGD collection (data/ukb-b/manifest.tsv)	
ukb-b-9324	ukb-b-9324	Number of trend entries			/local-scratch/data/opengwas/igd/ukb-b-9324/ukb-b-9324.vcf.gz					GRCh37							unassigned			unavailable		total	analysis_level	68426				all ukb-b traits in the OpenGWAS IGD collection (data/ukb-b/manifest.tsv)	
ukb-b-9333	ukb-b-9333	Operative procedures - main OPCS: W90.1 Aspiration of joint			/local-scratch/data/opengwas/igd/ukb-b-9333/ukb-b-9333.vcf.gz					GRCh37							unassigned			unavailable		total	analysis_level	463010				all ukb-b traits in the OpenGWAS IGD collection (data/ukb-b/manifest.tsv)	
ukb-b-9340	ukb-b-9340	Operative procedures - main OPCS: H22.1 Diagnostic fibreoptic endoscopic examination of colon and biopsy of lesion of colon			/local-scratch/data/opengwas/igd/ukb-b-9340/ukb-b-9340.vcf.gz					GRCh37							unassigned			unavailable		total	analysis_level	463010				all ukb-b traits in the OpenGWAS IGD collection (data/ukb-b/manifest.tsv)	
ukb-b-9346	ukb-b-9346	Operation code: other urological surgery			/local-scratch/data/opengwas/igd/ukb-b-9346/ukb-b-9346.vcf.gz					GRCh37							unassigned			unavailable		total	analysis_level	462933				all ukb-b traits in the OpenGWAS IGD collection (data/ukb-b/manifest.tsv)	
ukb-b-9363	ukb-b-9363	Methods of admission to hospital (recoded): Elective admission: Waiting List			/local-scratch/data/opengwas/igd/ukb-b-9363/ukb-b-9363.vcf.gz					GRCh37							unassigned			unavailable		total	analysis_level	462726				all ukb-b traits in the OpenGWAS IGD collection (data/ukb-b/manifest.tsv)	
ukb-b-9368	ukb-b-9368	Diagnoses - secondary ICD10: K22.1 Ulcer of oesophagus			/local-scratch/data/opengwas/igd/ukb-b-9368/ukb-b-9368.vcf.gz					GRCh37							unassigned			unavailable		total	analysis_level	463010				all ukb-b traits in the OpenGWAS IGD collection (data/ukb-b/manifest.tsv)	
ukb-b-9369	ukb-b-9369	Diagnoses - secondary ICD10: J22 Unspecified acute lower respiratory infection			/local-scratch/data/opengwas/igd/ukb-b-9369/ukb-b-9369.vcf.gz					GRCh37							unassigned			unavailable		total	analysis_level	463010				all ukb-b traits in the OpenGWAS IGD collection (data/ukb-b/manifest.tsv)	
ukb-b-9386	ukb-b-9386	Treatment/medication code: naproxen			/local-scratch/data/opengwas/igd/ukb-b-9386/ukb-b-9386.vcf.gz					GRCh37							unassigned			unavailable		total	analysis_level	462933				all ukb-b traits in the OpenGWAS IGD collection (data/ukb-b/manifest.tsv)	
ukb-b-9405	ukb-b-9405	Waist circumference			/local-scratch/data/opengwas/igd/ukb-b-9405/ukb-b-9405.vcf.gz					GRCh37							unassigned			unavailable		total	analysis_level	462166				all ukb-b traits in the OpenGWAS IGD collection (data/ukb-b/manifest.tsv)	
ukb-b-9419	ukb-b-9419	Operative procedures - main OPCS: M45.1 Diagnostic endoscopic examination of bladder and biopsy of lesion of bladder NEC			/local-scratch/data/opengwas/igd/ukb-b-9419/ukb-b-9419.vcf.gz					GRCh37							unassigned			unavailable		total	analysis_level	463010				all ukb-b traits in the OpenGWAS IGD collection (data/ukb-b/manifest.tsv)	
ukb-b-9433	ukb-b-9433	Age started oral contraceptive pill			/local-scratch/data/opengwas/igd/ukb-b-9433/ukb-b-9433.vcf.gz					GRCh37							unassigned			unavailable		total	analysis_level	198213				all ukb-b traits in the OpenGWAS IGD collection (data/ukb-b/manifest.tsv)	
ukb-b-9473	ukb-b-9473	Operative procedures - main OPCS: G45.1 Fibreoptic endoscopic examination of upper gastrointestinal tract and biopsy of lesion of upper gastrointestinal tract			/local-scratch/data/opengwas/igd/ukb-b-9473/ukb-b-9473.vcf.gz					GRCh37							unassigned			unavailable		total	analysis_level	463010				all ukb-b traits in the OpenGWAS IGD collection (data/ukb-b/manifest.tsv)	
ukb-b-9484	ukb-b-9484	Operative procedures - main OPCS: D15.1 Myringotomy with insertion of ventilation tube through tympanic membrane			/local-scratch/data/opengwas/igd/ukb-b-9484/ukb-b-9484.vcf.gz					GRCh37							unassigned			unavailable		total	analysis_level	463010				all ukb-b traits in the OpenGWAS IGD collection (data/ukb-b/manifest.tsv)	
ukb-b-9487	ukb-b-9487	Age started hormone-replacement therapy (HRT)			/local-scratch/data/opengwas/igd/ukb-b-9487/ukb-b-9487.vcf.gz					GRCh37							unassigned			unavailable		total	analysis_level	87834				all ukb-b traits in the OpenGWAS IGD collection (data/ukb-b/manifest.tsv)	
ukb-b-9493	ukb-b-9493	Diagnoses - secondary ICD10: M19.9 Arthrosis, unspecified			/local-scratch/data/opengwas/igd/ukb-b-9493/ukb-b-9493.vcf.gz					GRCh37							unassigned			unavailable		total	analysis_level	463010				all ukb-b traits in the OpenGWAS IGD collection (data/ukb-b/manifest.tsv)	
ukb-b-9496	ukb-b-9496	Non-cancer illness code, self-reported: oesophagitis/barretts oesophagus			/local-scratch/data/opengwas/igd/ukb-b-9496/ukb-b-9496.vcf.gz					GRCh37							unassigned			unavailable		total	analysis_level	462933				all ukb-b traits in the OpenGWAS IGD collection (data/ukb-b/manifest.tsv)	
ukb-b-9508	ukb-b-9508	Coffee consumed			/local-scratch/data/opengwas/igd/ukb-b-9508/ukb-b-9508.vcf.gz					GRCh37							unassigned			unavailable		total	analysis_level	64949				all ukb-b traits in the OpenGWAS IGD collection (data/ukb-b/manifest.tsv)	
ukb-b-9509	ukb-b-9509	Ever taken oral contraceptive pill			/local-scratch/data/opengwas/igd/ukb-b-9509/ukb-b-9509.vcf.gz					GRCh37							unassigned			unavailable		total	analysis_level	250440				all ukb-b traits in the OpenGWAS IGD collection (data/ukb-b/manifest.tsv)	
ukb-b-9513	ukb-b-9513	Main speciality of consultant (recoded): Nephrology			/local-scratch/data/opengwas/igd/ukb-b-9513/ukb-b-9513.vcf.gz					GRCh37							unassigned			unavailable		total	analysis_level	461118				all ukb-b traits in the OpenGWAS IGD collection (data/ukb-b/manifest.tsv)	
ukb-b-9523	ukb-b-9523	PCT responsible for patient data: COUNTY DURHAM PCT			/local-scratch/data/opengwas/igd/ukb-b-9523/ukb-b-9523.vcf.gz					GRCh37							unassigned			unavailable		total	analysis_level	463010				all ukb-b traits in the OpenGWAS IGD collection (data/ukb-b/manifest.tsv)	
ukb-b-9524	ukb-b-9524	Fortified wine intake			/local-scratch/data/opengwas/igd/ukb-b-9524/ukb-b-9524.vcf.gz					GRCh37							unassigned			unavailable		total	analysis_level	64942				all ukb-b traits in the OpenGWAS IGD collection (data/ukb-b/manifest.tsv)	
ukb-b-953	ukb-b-953	Values wanted			/local-scratch/data/opengwas/igd/ukb-b-953/ukb-b-953.vcf.gz					GRCh37							unassigned			unavailable		total	analysis_level	113410				all ukb-b traits in the OpenGWAS IGD collection (data/ukb-b/manifest.tsv)	
ukb-b-9536	ukb-b-9536	Diagnoses - main ICD10: D25.9 Leiomyoma of uterus, unspecified			/local-scratch/data/opengwas/igd/ukb-b-9536/ukb-b-9536.vcf.gz					GRCh37							unassigned			unavailable		total	analysis_level	463010				all ukb-b traits in the OpenGWAS IGD collection (data/ukb-b/manifest.tsv)	
ukb-b-9537	ukb-b-9537	Operative procedures - main OPCS: S06.9 Unspecified other excision of lesion of skin			/local-scratch/data/opengwas/igd/ukb-b-9537/ukb-b-9537.vcf.gz					GRCh37							unassigned			unavailable		total	analysis_level	463010				all ukb-b traits in the OpenGWAS IGD collection (data/ukb-b/manifest.tsv)	
ukb-b-9543	ukb-b-9543	Shortness of breath walking on level ground			/local-scratch/data/opengwas/igd/ukb-b-9543/ukb-b-9543.vcf.gz					GRCh37							unassigned			unavailable		total	analysis_level	150308				all ukb-b traits in the OpenGWAS IGD collection (data/ukb-b/manifest.tsv)	
ukb-b-9547	ukb-b-9547	Medication for cholesterol, blood pressure, diabetes, or take exogenous hormones: Oral contraceptive pill or minipill			/local-scratch/data/opengwas/igd/ukb-b-9547/ukb-b-9547.vcf.gz					GRCh37							unassigned			unavailable		total	analysis_level	249710				all ukb-b traits in the OpenGWAS IGD collection (data/ukb-b/manifest.tsv)	
ukb-b-9554	ukb-b-9554	Total traffic load on major roads			/local-scratch/data/opengwas/igd/ukb-b-9554/ukb-b-9554.vcf.gz					GRCh37							unassigned			unavailable		total	analysis_level	456380				all ukb-b traits in the OpenGWAS IGD collection (data/ukb-b/manifest.tsv)	
ukb-b-956	ukb-b-956	Illnesses of father: Parkinson's disease			/local-scratch/data/opengwas/igd/ukb-b-956/ukb-b-956.vcf.gz					GRCh37							unassigned			unavailable		total	analysis_level	399089				all ukb-b traits in the OpenGWAS IGD collection (data/ukb-b/manifest.tsv)	
ukb-b-9565	ukb-b-9565	Diagnoses - main ICD10: H02.8 Other specified disorders of eyelid			/local-scratch/data/opengwas/igd/ukb-b-9565/ukb-b-9565.vcf.gz					GRCh37							unassigned			unavailable		total	analysis_level	463010				all ukb-b traits in the OpenGWAS IGD collection (data/ukb-b/manifest.tsv)	
ukb-b-9568	ukb-b-9568	Number of blood samples taken			/local-scratch/data/opengwas/igd/ukb-b-9568/ukb-b-9568.vcf.gz					GRCh37							unassigned			unavailable		total	analysis_level	463000				all ukb-b traits in the OpenGWAS IGD collection (data/ukb-b/manifest.tsv)	
ukb-b-9571	ukb-b-9571	Fractured bone site(s): Wrist			/local-scratch/data/opengwas/igd/ukb-b-9571/ukb-b-9571.vcf.gz					GRCh37							unassigned			unavailable		total	analysis_level	460340				all ukb-b traits in the OpenGWAS IGD collection (data/ukb-b/manifest.tsv)	
ukb-b-9581	ukb-b-9581	Operative procedures - secondary OPCS: Y81.9 Unspecified spinal anaesthetic			/local-scratch/data/opengwas/igd/ukb-b-9581/ukb-b-9581.vcf.gz					GRCh37							unassigned			unavailable		total	analysis_level	463010				all ukb-b traits in the OpenGWAS IGD collection (data/ukb-b/manifest.tsv)	
ukb-b-9591	ukb-b-9591	Diagnoses - main ICD10: N92.1 Excessive and frequent menstruation with irregular cycle			/local-scratch/data/opengwas/igd/ukb-b-9591/ukb-b-9591.vcf.gz					GRCh37							unassigned			unavailable		total	analysis_level	463010				all ukb-b traits in the OpenGWAS IGD collection (data/ukb-b/manifest.tsv)	
ukb-b-9592	ukb-b-9592	Operative procedures - main OPCS: K63.3 Angiocardiography of left side of heart NEC			/local-scratch/data/opengwas/igd/ukb-b-9592/ukb-b-9592.vcf.gz					GRCh37							unassigned			unavailable		total	analysis_level	463010				all ukb-b traits in the OpenGWAS IGD collection (data/ukb-b/manifest.tsv)	
ukb-b-9596	ukb-b-9596	Vitamin and mineral supplements: Vitamin A			/local-scratch/data/opengwas/igd/ukb-b-9596/ukb-b-9596.vcf.gz					GRCh37							unassigned			unavailable		total	analysis_level	460351				all ukb-b traits in the OpenGWAS IGD collection (data/ukb-b/manifest.tsv)	
ukb-b-9597	ukb-b-9597	Diagnoses - main ICD10: O70.0 First degree perineal laceration during delivery			/local-scratch/data/opengwas/igd/ukb-b-9597/ukb-b-9597.vcf.gz					GRCh37							unassigned			unavailable		total	analysis_level	463010				all ukb-b traits in the OpenGWAS IGD collection (data/ukb-b/manifest.tsv)	
ukb-b-9598	ukb-b-9598	Why stopped smoking: Illness or ill health			/local-scratch/data/opengwas/igd/ukb-b-9598/ukb-b-9598.vcf.gz					GRCh37							unassigned			unavailable		total	analysis_level	113988				all ukb-b traits in the OpenGWAS IGD collection (data/ukb-b/manifest.tsv)	
ukb-b-960	ukb-b-960	Smoking/smokers in household			/local-scratch/data/opengwas/igd/ukb-b-960/ukb-b-960.vcf.gz					GRCh37							unassigned			unavailable		total	analysis_level	425516				all ukb-b traits in the OpenGWAS IGD collection (data/ukb-b/manifest.tsv)	
ukb-b-964	ukb-b-964	Diagnoses - main ICD10: I48 Atrial fibrillation and flutter			/local-scratch/data/opengwas/igd/ukb-b-964/ukb-b-964.vcf.gz					GRCh37							unassigned			unavailable		total	analysis_level	463010				all ukb-b traits in the OpenGWAS IGD collection (data/ukb-b/manifest.tsv)	
ukb-b-9667	ukb-b-9667	Illness, injury, bereavement, stress in last 2 years: Financial difficulties			/local-scratch/data/opengwas/igd/ukb-b-9667/ukb-b-9667.vcf.gz					GRCh37							unassigned			unavailable		total	analysis_level	459742				all ukb-b traits in the OpenGWAS IGD collection (data/ukb-b/manifest.tsv)	
ukb-b-9668	ukb-b-9668	Diagnoses - secondary ICD10: N80.0 Endometriosis of uterus			/local-scratch/data/opengwas/igd/ukb-b-9668/ukb-b-9668.vcf.gz					GRCh37							unassigned			unavailable		total	analysis_level	463010				all ukb-b traits in the OpenGWAS IGD collection (data/ukb-b/manifest.tsv)	
ukb-b-9685	ukb-b-9685	Trunk predicted mass			/local-scratch/data/opengwas/igd/ukb-b-9685/ukb-b-9685.vcf.gz					GRCh37							unassigned			unavailable		total	analysis_level	454463				all ukb-b traits in the OpenGWAS IGD collection (data/ukb-b/manifest.tsv)	
ukb-b-9686	ukb-b-9686	Sweet potato intake			/local-scratch/data/opengwas/igd/ukb-b-9686/ukb-b-9686.vcf.gz					GRCh37							unassigned			unavailable		total	analysis_level	64945				all ukb-b traits in the OpenGWAS IGD collection (data/ukb-b/manifest.tsv)	
ukb-b-969	ukb-b-969	Time spend outdoors in summer			/local-scratch/data/opengwas/igd/ukb-b-969/ukb-b-969.vcf.gz					GRCh37							unassigned			unavailable		total	analysis_level	419314				all ukb-b traits in the OpenGWAS IGD collection (data/ukb-b/manifest.tsv)	
ukb-b-9694	ukb-b-9694	Diagnoses - main ICD10: M23.22 Derangement of meniscus due to old tear or injury (Posterior cruciate ligament or Posterior horn of medial meniscus)			/local-scratch/data/opengwas/igd/ukb-b-9694/ukb-b-9694.vcf.gz					GRCh37							unassigned			unavailable		total	analysis_level	463010				all ukb-b traits in the OpenGWAS IGD collection (data/ukb-b/manifest.tsv)	
ukb-b-9696	ukb-b-9696	Diagnoses - main ICD10: Z53.8 Procedure not carried out for other reasons			/local-scratch/data/opengwas/igd/ukb-b-9696/ukb-b-9696.vcf.gz					GRCh37							unassigned			unavailable		total	analysis_level	463010				all ukb-b traits in the OpenGWAS IGD collection (data/ukb-b/manifest.tsv)	
ukb-b-970	ukb-b-970	Diagnoses - secondary ICD10: E11.9 Without complications			/local-scratch/data/opengwas/igd/ukb-b-970/ukb-b-970.vcf.gz					GRCh37							unassigned			unavailable		total	analysis_level	463010				all ukb-b traits in the OpenGWAS IGD collection (data/ukb-b/manifest.tsv)	
ukb-b-9708	ukb-b-9708	Diagnoses - main ICD10: M79.66 Pain in limb (Lower leg)			/local-scratch/data/opengwas/igd/ukb-b-9708/ukb-b-9708.vcf.gz					GRCh37							unassigned			unavailable		total	analysis_level	463010				all ukb-b traits in the OpenGWAS IGD collection (data/ukb-b/manifest.tsv)	
ukb-b-9712	ukb-b-9712	Diagnoses - main ICD10: O26.8 Other specified pregnancy-related conditions			/local-scratch/data/opengwas/igd/ukb-b-9712/ukb-b-9712.vcf.gz					GRCh37							unassigned			unavailable		total	analysis_level	463010				all ukb-b traits in the OpenGWAS IGD collection (data/ukb-b/manifest.tsv)	
ukb-b-9720	ukb-b-9720	Operative procedures - main OPCS: C12.1 Excision of lesion of eyelid NEC			/local-scratch/data/opengwas/igd/ukb-b-9720/ukb-b-9720.vcf.gz					GRCh37							unassigned			unavailable		total	analysis_level	463010				all ukb-b traits in the OpenGWAS IGD collection (data/ukb-b/manifest.tsv)	
ukb-b-9744	ukb-b-9744	Liquid used to make porridge: Porridge with milk			/local-scratch/data/opengwas/igd/ukb-b-9744/ukb-b-9744.vcf.gz					GRCh37							unassigned			unavailable		total	analysis_level	64949				all ukb-b traits in the OpenGWAS IGD collection (data/ukb-b/manifest.tsv)	
ukb-b-9764	ukb-b-9764	Operative procedures - main OPCS: S06.8 Other specified other excision of lesion of skin			/local-scratch/data/opengwas/igd/ukb-b-9764/ukb-b-9764.vcf.gz					GRCh37							unassigned			unavailable		total	analysis_level	463010				all ukb-b traits in the OpenGWAS IGD collection (data/ukb-b/manifest.tsv)	
ukb-b-9787	ukb-b-9787	Total errors traversing numeric path (trail #1)			/local-scratch/data/opengwas/igd/ukb-b-9787/ukb-b-9787.vcf.gz					GRCh37							unassigned			unavailable		total	analysis_level	25044				all ukb-b traits in the OpenGWAS IGD collection (data/ukb-b/manifest.tsv)	
ukb-b-9790	ukb-b-9790	Treatment/medication code: cod liver oil capsule			/local-scratch/data/opengwas/igd/ukb-b-9790/ukb-b-9790.vcf.gz					GRCh37							unassigned			unavailable		total	analysis_level	462933				all ukb-b traits in the OpenGWAS IGD collection (data/ukb-b/manifest.tsv)	
ukb-b-9791	ukb-b-9791	Age when last ate meat			/local-scratch/data/opengwas/igd/ukb-b-9791/ukb-b-9791.vcf.gz					GRCh37							unassigned			unavailable		total	analysis_level	17236				all ukb-b traits in the OpenGWAS IGD collection (data/ukb-b/manifest.tsv)	
ukb-b-9797	ukb-b-9797	Diagnoses - main ICD10: K56.6 Other and unspecified intestinal obstruction			/local-scratch/data/opengwas/igd/ukb-b-9797/ukb-b-9797.vcf.gz					GRCh37							unassigned			unavailable		total	analysis_level	463010				all ukb-b traits in the OpenGWAS IGD collection (data/ukb-b/manifest.tsv)	
ukb-b-9816	ukb-b-9816	Operative procedures - secondary OPCS: Y80.4 Intravenous anaesthetic NEC			/local-scratch/data/opengwas/igd/ukb-b-9816/ukb-b-9816.vcf.gz					GRCh37							unassigned			unavailable		total	analysis_level	463010				all ukb-b traits in the OpenGWAS IGD collection (data/ukb-b/manifest.tsv)	
ukb-b-9835	ukb-b-9835	Chocolate sweet intake			/local-scratch/data/opengwas/igd/ukb-b-9835/ukb-b-9835.vcf.gz					GRCh37							unassigned			unavailable		total	analysis_level	64949				all ukb-b traits in the OpenGWAS IGD collection (data/ukb-b/manifest.tsv)	
ukb-b-9838	ukb-b-9838	Pain type(s) experienced in last month: Back pain			/local-scratch/data/opengwas/igd/ukb-b-9838/ukb-b-9838.vcf.gz					GRCh37							unassigned			unavailable		total	analysis_level	461857				all ukb-b traits in the OpenGWAS IGD collection (data/ukb-b/manifest.tsv)	
ukb-b-9841	ukb-b-9841	Diagnoses - secondary ICD10: Z88.1 Personal history of allergy to other antibiotic agents			/local-scratch/data/opengwas/igd/ukb-b-9841/ukb-b-9841.vcf.gz					GRCh37							unassigned			unavailable		total	analysis_level	463010				all ukb-b traits in the OpenGWAS IGD collection (data/ukb-b/manifest.tsv)	
ukb-b-9856	ukb-b-9856	Non-cancer illness code, self-reported: trapped nerve/compressed nerve			/local-scratch/data/opengwas/igd/ukb-b-9856/ukb-b-9856.vcf.gz					GRCh37							unassigned			unavailable		total	analysis_level	462933				all ukb-b traits in the OpenGWAS IGD collection (data/ukb-b/manifest.tsv)	
ukb-b-9857	ukb-b-9857	Other milk-based pudding intake			/local-scratch/data/opengwas/igd/ukb-b-9857/ukb-b-9857.vcf.gz					GRCh37							unassigned			unavailable		total	analysis_level	64944				all ukb-b traits in the OpenGWAS IGD collection (data/ukb-b/manifest.tsv)	
ukb-b-9873	ukb-b-9873	Diagnoses - main ICD10: N39.3 Stress incontinence			/local-scratch/data/opengwas/igd/ukb-b-9873/ukb-b-9873.vcf.gz					GRCh37							unassigned			unavailable		total	analysis_level	463010				all ukb-b traits in the OpenGWAS IGD collection (data/ukb-b/manifest.tsv)	
ukb-b-9874	ukb-b-9874	PCT where patients GP was registered: BRISTOL SOUTH AND WEST PCT			/local-scratch/data/opengwas/igd/ukb-b-9874/ukb-b-9874.vcf.gz					GRCh37							unassigned			unavailable		total	analysis_level	463010				all ukb-b traits in the OpenGWAS IGD collection (data/ukb-b/manifest.tsv)	
ukb-b-9882	ukb-b-9882	Operation code: hip surgery (not replacement)			/local-scratch/data/opengwas/igd/ukb-b-9882/ukb-b-9882.vcf.gz					GRCh37							unassigned			unavailable		total	analysis_level	462933				all ukb-b traits in the OpenGWAS IGD collection (data/ukb-b/manifest.tsv)	
ukb-b-9886	ukb-b-9886	Chocolate biscuits intake			/local-scratch/data/opengwas/igd/ukb-b-9886/ukb-b-9886.vcf.gz					GRCh37							unassigned			unavailable		total	analysis_level	64949				all ukb-b traits in the OpenGWAS IGD collection (data/ukb-b/manifest.tsv)	
ukb-b-9897	ukb-b-9897	Operation code: dental/tooth surgery			/local-scratch/data/opengwas/igd/ukb-b-9897/ukb-b-9897.vcf.gz					GRCh37							unassigned			unavailable		total	analysis_level	462933				all ukb-b traits in the OpenGWAS IGD collection (data/ukb-b/manifest.tsv)	
ukb-b-9917	ukb-b-9917	Interval between previous point and current one in numeric path (trail #1)			/local-scratch/data/opengwas/igd/ukb-b-9917/ukb-b-9917.vcf.gz					GRCh37							unassigned			unavailable		total	analysis_level	109986				all ukb-b traits in the OpenGWAS IGD collection (data/ukb-b/manifest.tsv)	
ukb-b-9925	ukb-b-9925	Diagnoses - secondary ICD10: J90 Pleural effusion, not elsewhere classified			/local-scratch/data/opengwas/igd/ukb-b-9925/ukb-b-9925.vcf.gz					GRCh37							unassigned			unavailable		total	analysis_level	463010				all ukb-b traits in the OpenGWAS IGD collection (data/ukb-b/manifest.tsv)	
ukb-b-9927	ukb-b-9927	Type of meals eaten: Home cooked meals			/local-scratch/data/opengwas/igd/ukb-b-9927/ukb-b-9927.vcf.gz					GRCh37							unassigned			unavailable		total	analysis_level	64949				all ukb-b traits in the OpenGWAS IGD collection (data/ukb-b/manifest.tsv)	
ukb-b-9930	ukb-b-9930	Why reduced smoking: Illness or ill health			/local-scratch/data/opengwas/igd/ukb-b-9930/ukb-b-9930.vcf.gz					GRCh37							unassigned			unavailable		total	analysis_level	14951				all ukb-b traits in the OpenGWAS IGD collection (data/ukb-b/manifest.tsv)	
ukb-b-9937	ukb-b-9937	Had major operations			/local-scratch/data/opengwas/igd/ukb-b-9937/ukb-b-9937.vcf.gz					GRCh37							unassigned			unavailable		total	analysis_level	210168				all ukb-b traits in the OpenGWAS IGD collection (data/ukb-b/manifest.tsv)	
ukb-b-9940	ukb-b-9940	Treatment/medication code: furosemide			/local-scratch/data/opengwas/igd/ukb-b-9940/ukb-b-9940.vcf.gz					GRCh37							unassigned			unavailable		total	analysis_level	462933				all ukb-b traits in the OpenGWAS IGD collection (data/ukb-b/manifest.tsv)	
ukb-b-9942	ukb-b-9942	Nitrogen dioxide air pollution; 2010			/local-scratch/data/opengwas/igd/ukb-b-9942/ukb-b-9942.vcf.gz					GRCh37							unassigned			unavailable		total	analysis_level	456380				all ukb-b traits in the OpenGWAS IGD collection (data/ukb-b/manifest.tsv)	
ukb-b-9960	ukb-b-9960	Leg pain on walking : action taken			/local-scratch/data/opengwas/igd/ukb-b-9960/ukb-b-9960.vcf.gz					GRCh37							unassigned			unavailable		total	analysis_level	32942				all ukb-b traits in the OpenGWAS IGD collection (data/ukb-b/manifest.tsv)	
ukb-b-9961	ukb-b-9961	Operative procedures - secondary OPCS: Y50.8 Other specified approach through abdominal cavity			/local-scratch/data/opengwas/igd/ukb-b-9961/ukb-b-9961.vcf.gz					GRCh37							unassigned			unavailable		total	analysis_level	463010				all ukb-b traits in the OpenGWAS IGD collection (data/ukb-b/manifest.tsv)	
ukb-b-997	ukb-b-997	Treatment speciality of consultant (recoded): Accident & emergency (A&E)			/local-scratch/data/opengwas/igd/ukb-b-997/ukb-b-997.vcf.gz					GRCh37							unassigned			unavailable		total	analysis_level	444900				all ukb-b traits in the OpenGWAS IGD collection (data/ukb-b/manifest.tsv)	
ukb-b-9971	ukb-b-9971	Treatment/medication code: thyroxine product			/local-scratch/data/opengwas/igd/ukb-b-9971/ukb-b-9971.vcf.gz					GRCh37							unassigned			unavailable		total	analysis_level	462933				all ukb-b traits in the OpenGWAS IGD collection (data/ukb-b/manifest.tsv)	
ukb-b-9976	ukb-b-9976	External causes: Y83.1 Surgical operation with implant of artificial internal device			/local-scratch/data/opengwas/igd/ukb-b-9976/ukb-b-9976.vcf.gz					GRCh37							unassigned			unavailable		total	analysis_level	463010				all ukb-b traits in the OpenGWAS IGD collection (data/ukb-b/manifest.tsv)	
ukb-b-998	ukb-b-998	Soya dessert intake			/local-scratch/data/opengwas/igd/ukb-b-998/ukb-b-998.vcf.gz					GRCh37							unassigned			unavailable		total	analysis_level	64947				all ukb-b traits in the OpenGWAS IGD collection (data/ukb-b/manifest.tsv)	
ukb-b-9981	ukb-b-9981	Sensitivity / hurt feelings			/local-scratch/data/opengwas/igd/ukb-b-9981/ukb-b-9981.vcf.gz					GRCh37							unassigned			unavailable		total	analysis_level	449419				all ukb-b traits in the OpenGWAS IGD collection (data/ukb-b/manifest.tsv)	
ukb-b-9991	ukb-b-9991	Frequency of strenuous sports in last 4 weeks			/local-scratch/data/opengwas/igd/ukb-b-9991/ukb-b-9991.vcf.gz					GRCh37							unassigned			unavailable		total	analysis_level	46945				all ukb-b traits in the OpenGWAS IGD collection (data/ukb-b/manifest.tsv)	
